         Index            Ts             t            HF        Weight            Tr
             0  8.99715e+001  0.00000e+000 -1.64584e+001  1.64040e+001  1.00000e+002
             1  9.01426e+001  1.00000e+000 -1.57145e+001  1.64040e+001  1.00083e+002
             2  9.03278e+001  2.00000e+000 -1.48888e+001  1.64040e+001  1.00167e+002
             3  9.05246e+001  3.00000e+000 -1.40586e+001  1.64040e+001  1.00250e+002
             4  9.07230e+001  4.00000e+000 -1.33081e+001  1.64041e+001  1.00333e+002
             5  9.09478e+001  5.00000e+000 -1.25888e+001  1.64044e+001  1.00417e+002
             6  9.11742e+001  6.00000e+000 -1.19736e+001  1.64048e+001  1.00500e+002
             7  9.13974e+001  7.00000e+000 -1.13836e+001  1.64053e+001  1.00583e+002
             8  9.16244e+001  8.00000e+000 -1.08847e+001  1.64063e+001  1.00667e+002
             9  9.18607e+001  9.00000e+000 -1.04102e+001  1.64072e+001  1.00750e+002
            10  9.20867e+001  1.00000e+001 -9.95042e+000  1.64081e+001  1.00833e+002
            11  9.23152e+001  1.10000e+001 -9.51314e+000  1.64090e+001  1.00917e+002
            12  9.25509e+001  1.20000e+001 -9.12288e+000  1.64102e+001  1.01000e+002
            13  9.27773e+001  1.30000e+001 -8.76377e+000  1.64111e+001  1.01083e+002
            14  9.30070e+001  1.40000e+001 -8.44584e+000  1.64120e+001  1.01167e+002
            15  9.32257e+001  1.50000e+001 -8.13189e+000  1.64128e+001  1.01250e+002
            16  9.34540e+001  1.60000e+001 -7.89670e+000  1.64133e+001  1.01333e+002
            17  9.36840e+001  1.70000e+001 -7.64274e+000  1.64137e+001  1.01417e+002
            18  9.39043e+001  1.80000e+001 -7.39946e+000  1.64142e+001  1.01500e+002
            19  9.41179e+001  1.90000e+001 -7.16481e+000  1.64145e+001  1.01583e+002
            20  9.43122e+001  2.00000e+001 -6.99482e+000  1.64145e+001  1.01667e+002
            21  9.45203e+001  2.10000e+001 -6.80331e+000  1.64146e+001  1.01750e+002
            22  9.47338e+001  2.20000e+001 -6.61474e+000  1.64146e+001  1.01833e+002
            23  9.49451e+001  2.30000e+001 -6.43405e+000  1.64146e+001  1.01917e+002
            24  9.51533e+001  2.40000e+001 -6.30444e+000  1.64143e+001  1.02000e+002
            25  9.53491e+001  2.50000e+001 -6.14817e+000  1.64141e+001  1.02083e+002
            26  9.55481e+001  2.60000e+001 -6.00236e+000  1.64139e+001  1.02167e+002
            27  9.57347e+001  2.70000e+001 -5.86308e+000  1.64137e+001  1.02250e+002
            28  9.59322e+001  2.80000e+001 -5.77722e+000  1.64134e+001  1.02333e+002
            29  9.61400e+001  2.90000e+001 -5.66270e+000  1.64131e+001  1.02417e+002
            30  9.63322e+001  3.00000e+001 -5.55732e+000  1.64129e+001  1.02500e+002
            31  9.65070e+001  3.10000e+001 -5.45909e+000  1.64126e+001  1.02583e+002
            32  9.67021e+001  3.20000e+001 -5.41862e+000  1.64125e+001  1.02667e+002
            33  9.68781e+001  3.30000e+001 -5.34859e+000  1.64123e+001  1.02750e+002
            34  9.70598e+001  3.40000e+001 -5.27690e+000  1.64122e+001  1.02833e+002
            35  9.72459e+001  3.50000e+001 -5.20809e+000  1.64121e+001  1.02917e+002
            36  9.74228e+001  3.60000e+001 -5.18306e+000  1.64121e+001  1.03000e+002
            37  9.75985e+001  3.70000e+001 -5.12767e+000  1.64121e+001  1.03083e+002
            38  9.77849e+001  3.80000e+001 -5.07729e+000  1.64120e+001  1.03167e+002
            39  9.79562e+001  3.90000e+001 -5.03023e+000  1.64120e+001  1.03250e+002
            40  9.81231e+001  4.00000e+001 -5.01212e+000  1.64120e+001  1.03333e+002
            41  9.83021e+001  4.10000e+001 -4.98097e+000  1.64120e+001  1.03417e+002
            42  9.84612e+001  4.20000e+001 -4.94751e+000  1.64120e+001  1.03500e+002
            43  9.86310e+001  4.30000e+001 -4.91468e+000  1.64120e+001  1.03583e+002
            44  9.88112e+001  4.40000e+001 -4.90197e+000  1.64120e+001  1.03667e+002
            45  9.89649e+001  4.50000e+001 -4.88137e+000  1.64120e+001  1.03750e+002
            46  9.91353e+001  4.60000e+001 -4.86094e+000  1.64120e+001  1.03833e+002
            47  9.92915e+001  4.70000e+001 -4.84165e+000  1.64120e+001  1.03917e+002
            48  9.94544e+001  4.80000e+001 -4.83667e+000  1.64120e+001  1.04000e+002
            49  9.96208e+001  4.90000e+001 -4.82561e+000  1.64120e+001  1.04083e+002
            50  9.97744e+001  5.00000e+001 -4.81431e+000  1.64120e+001  1.04167e+002
            51  9.99396e+001  5.10000e+001 -4.80436e+000  1.64120e+001  1.04250e+002
            52  1.00082e+002  5.20000e+001 -4.80776e+000  1.64120e+001  1.04333e+002
            53  1.00243e+002  5.30000e+001 -4.80623e+000  1.64121e+001  1.04417e+002
            54  1.00396e+002  5.40000e+001 -4.80462e+000  1.64122e+001  1.04500e+002
            55  1.00543e+002  5.50000e+001 -4.80385e+000  1.64123e+001  1.04583e+002
            56  1.00699e+002  5.60000e+001 -4.81331e+000  1.64125e+001  1.04667e+002
            57  1.00858e+002  5.70000e+001 -4.81687e+000  1.64126e+001  1.04750e+002
            58  1.01005e+002  5.80000e+001 -4.82081e+000  1.64127e+001  1.04833e+002
            59  1.01154e+002  5.90000e+001 -4.82617e+000  1.64128e+001  1.04917e+002
            60  1.01310e+002  6.00000e+001 -4.83848e+000  1.64129e+001  1.05000e+002
            61  1.01447e+002  6.10000e+001 -4.84585e+000  1.64129e+001  1.05083e+002
            62  1.01585e+002  6.20000e+001 -4.85392e+000  1.64129e+001  1.05167e+002
            63  1.01729e+002  6.30000e+001 -4.86247e+000  1.64130e+001  1.05250e+002
            64  1.01879e+002  6.40000e+001 -4.87501e+000  1.64130e+001  1.05333e+002
            65  1.02037e+002  6.50000e+001 -4.88765e+000  1.64130e+001  1.05417e+002
            66  1.02177e+002  6.60000e+001 -4.90078e+000  1.64130e+001  1.05500e+002
            67  1.02316e+002  6.70000e+001 -4.91413e+000  1.64130e+001  1.05583e+002
            68  1.02457e+002  6.80000e+001 -4.93212e+000  1.64130e+001  1.05667e+002
            69  1.02607e+002  6.90000e+001 -4.94808e+000  1.64130e+001  1.05750e+002
            70  1.02747e+002  7.00000e+001 -4.96397e+000  1.64131e+001  1.05833e+002
            71  1.02890e+002  7.10000e+001 -4.98027e+000  1.64132e+001  1.05917e+002
            72  1.03033e+002  7.20000e+001 -5.00059e+000  1.64134e+001  1.06000e+002
            73  1.03179e+002  7.30000e+001 -5.01900e+000  1.64135e+001  1.06083e+002
            74  1.03314e+002  7.40000e+001 -5.03611e+000  1.64136e+001  1.06167e+002
            75  1.03445e+002  7.50000e+001 -5.05379e+000  1.64137e+001  1.06250e+002
            76  1.03576e+002  7.60000e+001 -5.07458e+000  1.64138e+001  1.06333e+002
            77  1.03714e+002  7.70000e+001 -5.09376e+000  1.64139e+001  1.06417e+002
            78  1.03857e+002  7.80000e+001 -5.11311e+000  1.64139e+001  1.06500e+002
            79  1.03990e+002  7.90000e+001 -5.13202e+000  1.64140e+001  1.06583e+002
            80  1.04131e+002  8.00000e+001 -5.15123e+000  1.64140e+001  1.06667e+002
            81  1.04271e+002  8.10000e+001 -5.16997e+000  1.64140e+001  1.06750e+002
            82  1.04400e+002  8.20000e+001 -5.18874e+000  1.64140e+001  1.06833e+002
            83  1.04533e+002  8.30000e+001 -5.20815e+000  1.64140e+001  1.06917e+002
            84  1.04665e+002  8.40000e+001 -5.22721e+000  1.64140e+001  1.07000e+002
            85  1.04793e+002  8.50000e+001 -5.24599e+000  1.64140e+001  1.07083e+002
            86  1.04937e+002  8.60000e+001 -5.26536e+000  1.64140e+001  1.07167e+002
            87  1.05064e+002  8.70000e+001 -5.28568e+000  1.64140e+001  1.07250e+002
            88  1.05193e+002  8.80000e+001 -5.30544e+000  1.64140e+001  1.07333e+002
            89  1.05310e+002  8.90000e+001 -5.32589e+000  1.64140e+001  1.07417e+002
            90  1.05449e+002  9.00000e+001 -5.34602e+000  1.64140e+001  1.07500e+002
            91  1.05584e+002  9.10000e+001 -5.36593e+000  1.64140e+001  1.07583e+002
            92  1.05723e+002  9.20000e+001 -5.38579e+000  1.64140e+001  1.07667e+002
            93  1.05855e+002  9.30000e+001 -5.40426e+000  1.64140e+001  1.07750e+002
            94  1.05967e+002  9.40000e+001 -5.42250e+000  1.64140e+001  1.07833e+002
            95  1.06091e+002  9.50000e+001 -5.44083e+000  1.64140e+001  1.07917e+002
            96  1.06226e+002  9.60000e+001 -5.46130e+000  1.64140e+001  1.08000e+002
            97  1.06353e+002  9.70000e+001 -5.48027e+000  1.64140e+001  1.08083e+002
            98  1.06480e+002  9.80000e+001 -5.49866e+000  1.64140e+001  1.08167e+002
            99  1.06625e+002  9.90000e+001 -5.51713e+000  1.64140e+001  1.08250e+002
           100  1.06736e+002  1.00000e+002 -5.53159e+000  1.64140e+001  1.08333e+002
           101  1.06857e+002  1.01000e+002 -5.54886e+000  1.64140e+001  1.08417e+002
           102  1.06994e+002  1.02000e+002 -5.56722e+000  1.64140e+001  1.08500e+002
           103  1.07113e+002  1.03000e+002 -5.58624e+000  1.64140e+001  1.08583e+002
           104  1.07228e+002  1.04000e+002 -5.60426e+000  1.64140e+001  1.08667e+002
           105  1.07362e+002  1.05000e+002 -5.62149e+000  1.64140e+001  1.08750e+002
           106  1.07480e+002  1.06000e+002 -5.63828e+000  1.64140e+001  1.08833e+002
           107  1.07614e+002  1.07000e+002 -5.65569e+000  1.64140e+001  1.08917e+002
           108  1.07717e+002  1.08000e+002 -5.67165e+000  1.64140e+001  1.09000e+002
           109  1.07846e+002  1.09000e+002 -5.68836e+000  1.64140e+001  1.09083e+002
           110  1.07965e+002  1.10000e+002 -5.70524e+000  1.64140e+001  1.09167e+002
           111  1.08098e+002  1.11000e+002 -5.72243e+000  1.64140e+001  1.09250e+002
           112  1.08214e+002  1.12000e+002 -5.73640e+000  1.64140e+001  1.09333e+002
           113  1.08322e+002  1.13000e+002 -5.75111e+000  1.64140e+001  1.09417e+002
           114  1.08452e+002  1.14000e+002 -5.76562e+000  1.64140e+001  1.09500e+002
           115  1.08573e+002  1.15000e+002 -5.78045e+000  1.64140e+001  1.09583e+002
           116  1.08691e+002  1.16000e+002 -5.79340e+000  1.64140e+001  1.09667e+002
           117  1.08818e+002  1.17000e+002 -5.80701e+000  1.64140e+001  1.09750e+002
           118  1.08930e+002  1.18000e+002 -5.82129e+000  1.64140e+001  1.09833e+002
           119  1.09054e+002  1.19000e+002 -5.83541e+000  1.64140e+001  1.09917e+002
           120  1.09163e+002  1.20000e+002 -5.84763e+000  1.64140e+001  1.10000e+002
           121  1.09288e+002  1.21000e+002 -5.86060e+000  1.64140e+001  1.10083e+002
           122  1.09412e+002  1.22000e+002 -5.87438e+000  1.64140e+001  1.10167e+002
           123  1.09524e+002  1.23000e+002 -5.88859e+000  1.64140e+001  1.10250e+002
           124  1.09649e+002  1.24000e+002 -5.90047e+000  1.64140e+001  1.10333e+002
           125  1.09772e+002  1.25000e+002 -5.91289e+000  1.64140e+001  1.10417e+002
           126  1.09887e+002  1.26000e+002 -5.92524e+000  1.64140e+001  1.10500e+002
           127  1.10002e+002  1.27000e+002 -5.93842e+000  1.64140e+001  1.10583e+002
           128  1.10121e+002  1.28000e+002 -5.95003e+000  1.64140e+001  1.10667e+002
           129  1.10237e+002  1.29000e+002 -5.96215e+000  1.64140e+001  1.10750e+002
           130  1.10339e+002  1.30000e+002 -5.97400e+000  1.64140e+001  1.10833e+002
           131  1.10462e+002  1.31000e+002 -5.98626e+000  1.64140e+001  1.10917e+002
           132  1.10575e+002  1.32000e+002 -5.99759e+000  1.64140e+001  1.11000e+002
           133  1.10694e+002  1.33000e+002 -6.01029e+000  1.64140e+001  1.11083e+002
           134  1.10800e+002  1.34000e+002 -6.02328e+000  1.64140e+001  1.11167e+002
           135  1.10919e+002  1.35000e+002 -6.03565e+000  1.64140e+001  1.11250e+002
           136  1.11022e+002  1.36000e+002 -6.04806e+000  1.64140e+001  1.11333e+002
           137  1.11144e+002  1.37000e+002 -6.05978e+000  1.64140e+001  1.11417e+002
           138  1.11251e+002  1.38000e+002 -6.07069e+000  1.64140e+001  1.11500e+002
           139  1.11380e+002  1.39000e+002 -6.08103e+000  1.64140e+001  1.11583e+002
           140  1.11489e+002  1.40000e+002 -6.09176e+000  1.64140e+001  1.11667e+002
           141  1.11601e+002  1.41000e+002 -6.10266e+000  1.64140e+001  1.11750e+002
           142  1.11692e+002  1.42000e+002 -6.11280e+000  1.64140e+001  1.11833e+002
           143  1.11823e+002  1.43000e+002 -6.12247e+000  1.64140e+001  1.11917e+002
           144  1.11927e+002  1.44000e+002 -6.12912e+000  1.64140e+001  1.12000e+002
           145  1.12033e+002  1.45000e+002 -6.13902e+000  1.64140e+001  1.12083e+002
           146  1.12148e+002  1.46000e+002 -6.14961e+000  1.64140e+001  1.12167e+002
           147  1.12265e+002  1.47000e+002 -6.15998e+000  1.64140e+001  1.12250e+002
           148  1.12377e+002  1.48000e+002 -6.16860e+000  1.64140e+001  1.12333e+002
           149  1.12479e+002  1.49000e+002 -6.17754e+000  1.64140e+001  1.12417e+002
           150  1.12586e+002  1.50000e+002 -6.18618e+000  1.64140e+001  1.12500e+002
           151  1.12698e+002  1.51000e+002 -6.19538e+000  1.64140e+001  1.12583e+002
           152  1.12805e+002  1.52000e+002 -6.20597e+000  1.64140e+001  1.12667e+002
           153  1.12922e+002  1.53000e+002 -6.21597e+000  1.64140e+001  1.12750e+002
           154  1.13032e+002  1.54000e+002 -6.22588e+000  1.64140e+001  1.12833e+002
           155  1.13144e+002  1.55000e+002 -6.23563e+000  1.64140e+001  1.12917e+002
           156  1.13262e+002  1.56000e+002 -6.24618e+000  1.64140e+001  1.13000e+002
           157  1.13355e+002  1.57000e+002 -6.25673e+000  1.64140e+001  1.13083e+002
           158  1.13467e+002  1.58000e+002 -6.26650e+000  1.64140e+001  1.13167e+002
           159  1.13569e+002  1.59000e+002 -6.27626e+000  1.64140e+001  1.13250e+002
           160  1.13677e+002  1.60000e+002 -6.28514e+000  1.64139e+001  1.13333e+002
           161  1.13784e+002  1.61000e+002 -6.29473e+000  1.64138e+001  1.13417e+002
           162  1.13892e+002  1.62000e+002 -6.30611e+000  1.64137e+001  1.13500e+002
           163  1.14005e+002  1.63000e+002 -6.31676e+000  1.64136e+001  1.13583e+002
           164  1.14104e+002  1.64000e+002 -6.32795e+000  1.64134e+001  1.13667e+002
           165  1.14216e+002  1.65000e+002 -6.33845e+000  1.64132e+001  1.13750e+002
           166  1.14326e+002  1.66000e+002 -6.34796e+000  1.64131e+001  1.13833e+002
           167  1.14435e+002  1.67000e+002 -6.35768e+000  1.64131e+001  1.13917e+002
           168  1.14532e+002  1.68000e+002 -6.36661e+000  1.64131e+001  1.14000e+002
           169  1.14642e+002  1.69000e+002 -6.37562e+000  1.64130e+001  1.14083e+002
           170  1.14747e+002  1.70000e+002 -6.38580e+000  1.64130e+001  1.14167e+002
           171  1.14841e+002  1.71000e+002 -6.39698e+000  1.64130e+001  1.14250e+002
           172  1.14962e+002  1.72000e+002 -6.40858e+000  1.64130e+001  1.14333e+002
           173  1.15063e+002  1.73000e+002 -6.41925e+000  1.64130e+001  1.14417e+002
           174  1.15171e+002  1.74000e+002 -6.43000e+000  1.64130e+001  1.14500e+002
           175  1.15281e+002  1.75000e+002 -6.43994e+000  1.64130e+001  1.14583e+002
           176  1.15368e+002  1.76000e+002 -6.44946e+000  1.64130e+001  1.14667e+002
           177  1.15481e+002  1.77000e+002 -6.45960e+000  1.64130e+001  1.14750e+002
           178  1.15590e+002  1.78000e+002 -6.46937e+000  1.64129e+001  1.14833e+002
           179  1.15688e+002  1.79000e+002 -6.47834e+000  1.64128e+001  1.14917e+002
           180  1.15781e+002  1.80000e+002 -6.48883e+000  1.64126e+001  1.15000e+002
           181  1.15901e+002  1.81000e+002 -6.49867e+000  1.64125e+001  1.15083e+002
           182  1.16008e+002  1.82000e+002 -6.50847e+000  1.64124e+001  1.15167e+002
           183  1.16108e+002  1.83000e+002 -6.51851e+000  1.64123e+001  1.15250e+002
           184  1.16212e+002  1.84000e+002 -6.52671e+000  1.64121e+001  1.15333e+002
           185  1.16317e+002  1.85000e+002 -6.53648e+000  1.64119e+001  1.15417e+002
           186  1.16418e+002  1.86000e+002 -6.54723e+000  1.64118e+001  1.15500e+002
           187  1.16522e+002  1.87000e+002 -6.55874e+000  1.64116e+001  1.15583e+002
           188  1.16624e+002  1.88000e+002 -6.56933e+000  1.64114e+001  1.15667e+002
           189  1.16726e+002  1.89000e+002 -6.57871e+000  1.64113e+001  1.15750e+002
           190  1.16830e+002  1.90000e+002 -6.58741e+000  1.64112e+001  1.15833e+002
           191  1.16935e+002  1.91000e+002 -6.59622e+000  1.64111e+001  1.15917e+002
           192  1.17037e+002  1.92000e+002 -6.60754e+000  1.64111e+001  1.16000e+002
           193  1.17128e+002  1.93000e+002 -6.61679e+000  1.64111e+001  1.16083e+002
           194  1.17243e+002  1.94000e+002 -6.62555e+000  1.64110e+001  1.16167e+002
           195  1.17327e+002  1.95000e+002 -6.63386e+000  1.64110e+001  1.16250e+002
           196  1.17431e+002  1.96000e+002 -6.64047e+000  1.64110e+001  1.16333e+002
           197  1.17534e+002  1.97000e+002 -6.64833e+000  1.64110e+001  1.16417e+002
           198  1.17633e+002  1.98000e+002 -6.65621e+000  1.64110e+001  1.16500e+002
           199  1.17735e+002  1.99000e+002 -6.66386e+000  1.64110e+001  1.16583e+002
           200  1.17832e+002  2.00000e+002 -6.66841e+000  1.64110e+001  1.16667e+002
           201  1.17938e+002  2.01000e+002 -6.67431e+000  1.64110e+001  1.16750e+002
           202  1.18045e+002  2.02000e+002 -6.68088e+000  1.64110e+001  1.16833e+002
           203  1.18138e+002  2.03000e+002 -6.68816e+000  1.64109e+001  1.16917e+002
           204  1.18238e+002  2.04000e+002 -6.69533e+000  1.64108e+001  1.17000e+002
           205  1.18338e+002  2.05000e+002 -6.70236e+000  1.64107e+001  1.17083e+002
           206  1.18442e+002  2.06000e+002 -6.70957e+000  1.64105e+001  1.17167e+002
           207  1.18542e+002  2.07000e+002 -6.71748e+000  1.64104e+001  1.17250e+002
           208  1.18638e+002  2.08000e+002 -6.72215e+000  1.64103e+001  1.17333e+002
           209  1.18739e+002  2.09000e+002 -6.72700e+000  1.64102e+001  1.17417e+002
           210  1.18841e+002  2.10000e+002 -6.73299e+000  1.64101e+001  1.17500e+002
           211  1.18942e+002  2.11000e+002 -6.73969e+000  1.64100e+001  1.17583e+002
           212  1.19039e+002  2.12000e+002 -6.74674e+000  1.64101e+001  1.17667e+002
           213  1.19132e+002  2.13000e+002 -6.75321e+000  1.64100e+001  1.17750e+002
           214  1.19230e+002  2.14000e+002 -6.75955e+000  1.64100e+001  1.17833e+002
           215  1.19324e+002  2.15000e+002 -6.76590e+000  1.64100e+001  1.17917e+002
           216  1.19428e+002  2.16000e+002 -6.77000e+000  1.64100e+001  1.18000e+002
           217  1.19536e+002  2.17000e+002 -6.77480e+000  1.64100e+001  1.18083e+002
           218  1.19622e+002  2.18000e+002 -6.78018e+000  1.64100e+001  1.18167e+002
           219  1.19715e+002  2.19000e+002 -6.78584e+000  1.64100e+001  1.18250e+002
           220  1.19809e+002  2.20000e+002 -6.79021e+000  1.64100e+001  1.18333e+002
           221  1.19926e+002  2.21000e+002 -6.79580e+000  1.64099e+001  1.18417e+002
           222  1.20018e+002  2.22000e+002 -6.80194e+000  1.64098e+001  1.18500e+002
           223  1.20113e+002  2.23000e+002 -6.80805e+000  1.64097e+001  1.18583e+002
           224  1.20205e+002  2.24000e+002 -6.81298e+000  1.64095e+001  1.18667e+002
           225  1.20309e+002  2.25000e+002 -6.81834e+000  1.64094e+001  1.18750e+002
           226  1.20410e+002  2.26000e+002 -6.82372e+000  1.64093e+001  1.18833e+002
           227  1.20513e+002  2.27000e+002 -6.82977e+000  1.64092e+001  1.18917e+002
           228  1.20613e+002  2.28000e+002 -6.83645e+000  1.64091e+001  1.19000e+002
           229  1.20703e+002  2.29000e+002 -6.84149e+000  1.64091e+001  1.19083e+002
           230  1.20802e+002  2.30000e+002 -6.84734e+000  1.64091e+001  1.19167e+002
           231  1.20890e+002  2.31000e+002 -6.85361e+000  1.64090e+001  1.19250e+002
           232  1.20993e+002  2.32000e+002 -6.85938e+000  1.64090e+001  1.19333e+002
           233  1.21088e+002  2.33000e+002 -6.86580e+000  1.64090e+001  1.19417e+002
           234  1.21189e+002  2.34000e+002 -6.87206e+000  1.64090e+001  1.19500e+002
           235  1.21283e+002  2.35000e+002 -6.87834e+000  1.64090e+001  1.19583e+002
           236  1.21372e+002  2.36000e+002 -6.88540e+000  1.64090e+001  1.19667e+002
           237  1.21482e+002  2.37000e+002 -6.89201e+000  1.64090e+001  1.19750e+002
           238  1.21582e+002  2.38000e+002 -6.89856e+000  1.64090e+001  1.19833e+002
           239  1.21667e+002  2.39000e+002 -6.90537e+000  1.64089e+001  1.19917e+002
           240  1.21765e+002  2.40000e+002 -6.91122e+000  1.64088e+001  1.20000e+002
           241  1.21859e+002  2.41000e+002 -6.91789e+000  1.64087e+001  1.20083e+002
           242  1.21942e+002  2.42000e+002 -6.92439e+000  1.64085e+001  1.20167e+002
           243  1.22061e+002  2.43000e+002 -6.93010e+000  1.64084e+001  1.20250e+002
           244  1.22150e+002  2.44000e+002 -6.93627e+000  1.64083e+001  1.20333e+002
           245  1.22240e+002  2.45000e+002 -6.94336e+000  1.64082e+001  1.20417e+002
           246  1.22337e+002  2.46000e+002 -6.95066e+000  1.64081e+001  1.20500e+002
           247  1.22431e+002  2.47000e+002 -6.95814e+000  1.64080e+001  1.20583e+002
           248  1.22530e+002  2.48000e+002 -6.96402e+000  1.64081e+001  1.20667e+002
           249  1.22628e+002  2.49000e+002 -6.97117e+000  1.64080e+001  1.20750e+002
           250  1.22715e+002  2.50000e+002 -6.97853e+000  1.64080e+001  1.20833e+002
           251  1.22817e+002  2.51000e+002 -6.98548e+000  1.64080e+001  1.20917e+002
           252  1.22906e+002  2.52000e+002 -6.99378e+000  1.64080e+001  1.21000e+002
           253  1.23001e+002  2.53000e+002 -7.00161e+000  1.64080e+001  1.21083e+002
           254  1.23114e+002  2.54000e+002 -7.00948e+000  1.64080e+001  1.21167e+002
           255  1.23193e+002  2.55000e+002 -7.01680e+000  1.64079e+001  1.21250e+002
           256  1.23289e+002  2.56000e+002 -7.02365e+000  1.64078e+001  1.21333e+002
           257  1.23376e+002  2.57000e+002 -7.03147e+000  1.64077e+001  1.21417e+002
           258  1.23470e+002  2.58000e+002 -7.03980e+000  1.64075e+001  1.21500e+002
           259  1.23565e+002  2.59000e+002 -7.04767e+000  1.64074e+001  1.21583e+002
           260  1.23667e+002  2.60000e+002 -7.05406e+000  1.64073e+001  1.21667e+002
           261  1.23764e+002  2.61000e+002 -7.06138e+000  1.64072e+001  1.21750e+002
           262  1.23843e+002  2.62000e+002 -7.06925e+000  1.64071e+001  1.21833e+002
           263  1.23939e+002  2.63000e+002 -7.07685e+000  1.64070e+001  1.21917e+002
           264  1.24035e+002  2.64000e+002 -7.08396e+000  1.64071e+001  1.22000e+002
           265  1.24140e+002  2.65000e+002 -7.09108e+000  1.64070e+001  1.22083e+002
           266  1.24227e+002  2.66000e+002 -7.09774e+000  1.64070e+001  1.22167e+002
           267  1.24319e+002  2.67000e+002 -7.10497e+000  1.64070e+001  1.22250e+002
           268  1.24414e+002  2.68000e+002 -7.11233e+000  1.64070e+001  1.22333e+002
           269  1.24507e+002  2.69000e+002 -7.12040e+000  1.64070e+001  1.22417e+002
           270  1.24605e+002  2.70000e+002 -7.12908e+000  1.64069e+001  1.22500e+002
           271  1.24698e+002  2.71000e+002 -7.13762e+000  1.64068e+001  1.22583e+002
           272  1.24787e+002  2.72000e+002 -7.14593e+000  1.64066e+001  1.22667e+002
           273  1.24880e+002  2.73000e+002 -7.15486e+000  1.64065e+001  1.22750e+002
           274  1.24976e+002  2.74000e+002 -7.16313e+000  1.64064e+001  1.22833e+002
           275  1.25065e+002  2.75000e+002 -7.17040e+000  1.64063e+001  1.22917e+002
           276  1.25158e+002  2.76000e+002 -7.18053e+000  1.64062e+001  1.23000e+002
           277  1.25262e+002  2.77000e+002 -7.18986e+000  1.64061e+001  1.23083e+002
           278  1.25341e+002  2.78000e+002 -7.19970e+000  1.64061e+001  1.23167e+002
           279  1.25427e+002  2.79000e+002 -7.20975e+000  1.64060e+001  1.23250e+002
           280  1.25528e+002  2.80000e+002 -7.22114e+000  1.64060e+001  1.23333e+002
           281  1.25609e+002  2.81000e+002 -7.23097e+000  1.64060e+001  1.23417e+002
           282  1.25705e+002  2.82000e+002 -7.24077e+000  1.64060e+001  1.23500e+002
           283  1.25802e+002  2.83000e+002 -7.25023e+000  1.64060e+001  1.23583e+002
           284  1.25892e+002  2.84000e+002 -7.26022e+000  1.64060e+001  1.23667e+002
           285  1.25987e+002  2.85000e+002 -7.27059e+000  1.64059e+001  1.23750e+002
           286  1.26079e+002  2.86000e+002 -7.28130e+000  1.64058e+001  1.23833e+002
           287  1.26163e+002  2.87000e+002 -7.29166e+000  1.64057e+001  1.23917e+002
           288  1.26273e+002  2.88000e+002 -7.30382e+000  1.64055e+001  1.24000e+002
           289  1.26358e+002  2.89000e+002 -7.31515e+000  1.64054e+001  1.24083e+002
           290  1.26454e+002  2.90000e+002 -7.32488e+000  1.64053e+001  1.24167e+002
           291  1.26551e+002  2.91000e+002 -7.33411e+000  1.64052e+001  1.24250e+002
           292  1.26636e+002  2.92000e+002 -7.34244e+000  1.64051e+001  1.24333e+002
           293  1.26725e+002  2.93000e+002 -7.35162e+000  1.64051e+001  1.24417e+002
           294  1.26829e+002  2.94000e+002 -7.36093e+000  1.64051e+001  1.24500e+002
           295  1.26903e+002  2.95000e+002 -7.37000e+000  1.64050e+001  1.24583e+002
           296  1.26999e+002  2.96000e+002 -7.37874e+000  1.64050e+001  1.24667e+002
           297  1.27089e+002  2.97000e+002 -7.38770e+000  1.64050e+001  1.24750e+002
           298  1.27182e+002  2.98000e+002 -7.39609e+000  1.64050e+001  1.24833e+002
           299  1.27269e+002  2.99000e+002 -7.40468e+000  1.64050e+001  1.24917e+002
           300  1.27366e+002  3.00000e+002 -7.41196e+000  1.64049e+001  1.25000e+002
           301  1.27465e+002  3.01000e+002 -7.41965e+000  1.64048e+001  1.25083e+002
           302  1.27557e+002  3.02000e+002 -7.42810e+000  1.64047e+001  1.25167e+002
           303  1.27649e+002  3.03000e+002 -7.43679e+000  1.64046e+001  1.25250e+002
           304  1.27736e+002  3.04000e+002 -7.44679e+000  1.64044e+001  1.25333e+002
           305  1.27824e+002  3.05000e+002 -7.45637e+000  1.64042e+001  1.25417e+002
           306  1.27925e+002  3.06000e+002 -7.46443e+000  1.64041e+001  1.25500e+002
           307  1.28020e+002  3.07000e+002 -7.47163e+000  1.64041e+001  1.25583e+002
           308  1.28093e+002  3.08000e+002 -7.48134e+000  1.64041e+001  1.25667e+002
           309  1.28193e+002  3.09000e+002 -7.49160e+000  1.64040e+001  1.25750e+002
           310  1.28277e+002  3.10000e+002 -7.50150e+000  1.64040e+001  1.25833e+002
           311  1.28375e+002  3.11000e+002 -7.51102e+000  1.64040e+001  1.25917e+002
           312  1.28463e+002  3.12000e+002 -7.52152e+000  1.64040e+001  1.26000e+002
           313  1.28555e+002  3.13000e+002 -7.53153e+000  1.64040e+001  1.26083e+002
           314  1.28639e+002  3.14000e+002 -7.54140e+000  1.64039e+001  1.26167e+002
           315  1.28748e+002  3.15000e+002 -7.55246e+000  1.64038e+001  1.26250e+002
           316  1.28821e+002  3.16000e+002 -7.56284e+000  1.64036e+001  1.26333e+002
           317  1.28913e+002  3.17000e+002 -7.57212e+000  1.64035e+001  1.26417e+002
           318  1.29005e+002  3.18000e+002 -7.58121e+000  1.64034e+001  1.26500e+002
           319  1.29106e+002  3.19000e+002 -7.59126e+000  1.64033e+001  1.26583e+002
           320  1.29201e+002  3.20000e+002 -7.60203e+000  1.64032e+001  1.26667e+002
           321  1.29287e+002  3.21000e+002 -7.61237e+000  1.64031e+001  1.26750e+002
           322  1.29376e+002  3.22000e+002 -7.62217e+000  1.64031e+001  1.26833e+002
           323  1.29461e+002  3.23000e+002 -7.63198e+000  1.64030e+001  1.26917e+002
           324  1.29543e+002  3.24000e+002 -7.64283e+000  1.64030e+001  1.27000e+002
           325  1.29630e+002  3.25000e+002 -7.65315e+000  1.64030e+001  1.27083e+002
           326  1.29731e+002  3.26000e+002 -7.66230e+000  1.64030e+001  1.27167e+002
           327  1.29823e+002  3.27000e+002 -7.67126e+000  1.64030e+001  1.27250e+002
           328  1.29898e+002  3.28000e+002 -7.67984e+000  1.64030e+001  1.27333e+002
           329  1.29996e+002  3.29000e+002 -7.68931e+000  1.64030e+001  1.27417e+002
           330  1.30088e+002  3.30000e+002 -7.69895e+000  1.64030e+001  1.27500e+002
           331  1.30183e+002  3.31000e+002 -7.70845e+000  1.64030e+001  1.27583e+002
           332  1.30271e+002  3.32000e+002 -7.71559e+000  1.64030e+001  1.27667e+002
           333  1.30361e+002  3.33000e+002 -7.72434e+000  1.64030e+001  1.27750e+002
           334  1.30448e+002  3.34000e+002 -7.73306e+000  1.64030e+001  1.27833e+002
           335  1.30544e+002  3.35000e+002 -7.74189e+000  1.64030e+001  1.27917e+002
           336  1.30634e+002  3.36000e+002 -7.75109e+000  1.64030e+001  1.28000e+002
           337  1.30725e+002  3.37000e+002 -7.76114e+000  1.64030e+001  1.28083e+002
           338  1.30811e+002  3.38000e+002 -7.77152e+000  1.64030e+001  1.28167e+002
           339  1.30900e+002  3.39000e+002 -7.78204e+000  1.64030e+001  1.28250e+002
           340  1.30987e+002  3.40000e+002 -7.79424e+000  1.64030e+001  1.28333e+002
           341  1.31090e+002  3.41000e+002 -7.80529e+000  1.64030e+001  1.28417e+002
           342  1.31165e+002  3.42000e+002 -7.81600e+000  1.64030e+001  1.28500e+002
           343  1.31267e+002  3.43000e+002 -7.82690e+000  1.64029e+001  1.28583e+002
           344  1.31348e+002  3.44000e+002 -7.83976e+000  1.64028e+001  1.28667e+002
           345  1.31423e+002  3.45000e+002 -7.85039e+000  1.64027e+001  1.28750e+002
           346  1.31513e+002  3.46000e+002 -7.86138e+000  1.64025e+001  1.28833e+002
           347  1.31599e+002  3.47000e+002 -7.87258e+000  1.64024e+001  1.28917e+002
           348  1.31700e+002  3.48000e+002 -7.88440e+000  1.64023e+001  1.29000e+002
           349  1.31796e+002  3.49000e+002 -7.89566e+000  1.64022e+001  1.29083e+002
           350  1.31884e+002  3.50000e+002 -7.90601e+000  1.64021e+001  1.29167e+002
           351  1.31975e+002  3.51000e+002 -7.91578e+000  1.64020e+001  1.29250e+002
           352  1.32065e+002  3.52000e+002 -7.92574e+000  1.64021e+001  1.29333e+002
           353  1.32152e+002  3.53000e+002 -7.93634e+000  1.64020e+001  1.29417e+002
           354  1.32237e+002  3.54000e+002 -7.94686e+000  1.64020e+001  1.29500e+002
           355  1.32334e+002  3.55000e+002 -7.95661e+000  1.64020e+001  1.29583e+002
           356  1.32416e+002  3.56000e+002 -7.96711e+000  1.64019e+001  1.29667e+002
           357  1.32512e+002  3.57000e+002 -7.97830e+000  1.64018e+001  1.29750e+002
           358  1.32600e+002  3.58000e+002 -7.99011e+000  1.64017e+001  1.29833e+002
           359  1.32684e+002  3.59000e+002 -8.00225e+000  1.64016e+001  1.29917e+002
           360  1.32777e+002  3.60000e+002 -8.01167e+000  1.64014e+001  1.30000e+002
           361  1.32862e+002  3.61000e+002 -8.02078e+000  1.64012e+001  1.30083e+002
           362  1.32956e+002  3.62000e+002 -8.03098e+000  1.64011e+001  1.30167e+002
           363  1.33047e+002  3.63000e+002 -8.04164e+000  1.64011e+001  1.30250e+002
           364  1.33137e+002  3.64000e+002 -8.05166e+000  1.64011e+001  1.30333e+002
           365  1.33218e+002  3.65000e+002 -8.06242e+000  1.64010e+001  1.30417e+002
           366  1.33310e+002  3.66000e+002 -8.07418e+000  1.64010e+001  1.30500e+002
           367  1.33402e+002  3.67000e+002 -8.08597e+000  1.64010e+001  1.30583e+002
           368  1.33481e+002  3.68000e+002 -8.09733e+000  1.64010e+001  1.30667e+002
           369  1.33585e+002  3.69000e+002 -8.10750e+000  1.64010e+001  1.30750e+002
           370  1.33673e+002  3.70000e+002 -8.11736e+000  1.64010e+001  1.30833e+002
           371  1.33752e+002  3.71000e+002 -8.12663e+000  1.64010e+001  1.30917e+002
           372  1.33845e+002  3.72000e+002 -8.13762e+000  1.64010e+001  1.31000e+002
           373  1.33934e+002  3.73000e+002 -8.14783e+000  1.64010e+001  1.31083e+002
           374  1.34015e+002  3.74000e+002 -8.15762e+000  1.64010e+001  1.31167e+002
           375  1.34101e+002  3.75000e+002 -8.16705e+000  1.64010e+001  1.31250e+002
           376  1.34199e+002  3.76000e+002 -8.17822e+000  1.64010e+001  1.31333e+002
           377  1.34286e+002  3.77000e+002 -8.18910e+000  1.64010e+001  1.31417e+002
           378  1.34385e+002  3.78000e+002 -8.19949e+000  1.64010e+001  1.31500e+002
           379  1.34468e+002  3.79000e+002 -8.20962e+000  1.64010e+001  1.31583e+002
           380  1.34554e+002  3.80000e+002 -8.21758e+000  1.64010e+001  1.31667e+002
           381  1.34634e+002  3.81000e+002 -8.22747e+000  1.64010e+001  1.31750e+002
           382  1.34720e+002  3.82000e+002 -8.23892e+000  1.64010e+001  1.31833e+002
           383  1.34816e+002  3.83000e+002 -8.25182e+000  1.64010e+001  1.31917e+002
           384  1.34899e+002  3.84000e+002 -8.26529e+000  1.64009e+001  1.32000e+002
           385  1.34990e+002  3.85000e+002 -8.27780e+000  1.64008e+001  1.32083e+002
           386  1.35082e+002  3.86000e+002 -8.28916e+000  1.64007e+001  1.32167e+002
           387  1.35161e+002  3.87000e+002 -8.29959e+000  1.64006e+001  1.32250e+002
           388  1.35245e+002  3.88000e+002 -8.30868e+000  1.64004e+001  1.32333e+002
           389  1.35341e+002  3.89000e+002 -8.31853e+000  1.64002e+001  1.32417e+002
           390  1.35431e+002  3.90000e+002 -8.33003e+000  1.64001e+001  1.32500e+002
           391  1.35514e+002  3.91000e+002 -8.34270e+000  1.64001e+001  1.32583e+002
           392  1.35599e+002  3.92000e+002 -8.35651e+000  1.64001e+001  1.32667e+002
           393  1.35687e+002  3.93000e+002 -8.36897e+000  1.64000e+001  1.32750e+002
           394  1.35779e+002  3.94000e+002 -8.37967e+000  1.64000e+001  1.32833e+002
           395  1.35864e+002  3.95000e+002 -8.39005e+000  1.64000e+001  1.32917e+002
           396  1.35965e+002  3.96000e+002 -8.39916e+000  1.64000e+001  1.33000e+002
           397  1.36057e+002  3.97000e+002 -8.41063e+000  1.64000e+001  1.33083e+002
           398  1.36144e+002  3.98000e+002 -8.42322e+000  1.63999e+001  1.33167e+002
           399  1.36211e+002  3.99000e+002 -8.43649e+000  1.63998e+001  1.33250e+002
           400  1.36299e+002  4.00000e+002 -8.45274e+000  1.63996e+001  1.33333e+002
           401  1.36393e+002  4.01000e+002 -8.46542e+000  1.63995e+001  1.33417e+002
           402  1.36487e+002  4.02000e+002 -8.47663e+000  1.63994e+001  1.33500e+002
           403  1.36576e+002  4.03000e+002 -8.48800e+000  1.63993e+001  1.33583e+002
           404  1.36667e+002  4.04000e+002 -8.49984e+000  1.63992e+001  1.33667e+002
           405  1.36745e+002  4.05000e+002 -8.51150e+000  1.63991e+001  1.33750e+002
           406  1.36837e+002  4.06000e+002 -8.52318e+000  1.63991e+001  1.33833e+002
           407  1.36911e+002  4.07000e+002 -8.53547e+000  1.63990e+001  1.33917e+002
           408  1.37005e+002  4.08000e+002 -8.54771e+000  1.63990e+001  1.34000e+002
           409  1.37093e+002  4.09000e+002 -8.56077e+000  1.63990e+001  1.34083e+002
           410  1.37193e+002  4.10000e+002 -8.57372e+000  1.63990e+001  1.34167e+002
           411  1.37273e+002  4.11000e+002 -8.58672e+000  1.63990e+001  1.34250e+002
           412  1.37364e+002  4.12000e+002 -8.59912e+000  1.63990e+001  1.34333e+002
           413  1.37451e+002  4.13000e+002 -8.61119e+000  1.63990e+001  1.34417e+002
           414  1.37535e+002  4.14000e+002 -8.62217e+000  1.63990e+001  1.34500e+002
           415  1.37636e+002  4.15000e+002 -8.63292e+000  1.63990e+001  1.34583e+002
           416  1.37706e+002  4.16000e+002 -8.64656e+000  1.63990e+001  1.34667e+002
           417  1.37798e+002  4.17000e+002 -8.65922e+000  1.63990e+001  1.34750e+002
           418  1.37881e+002  4.18000e+002 -8.67095e+000  1.63990e+001  1.34833e+002
           419  1.37977e+002  4.19000e+002 -8.68244e+000  1.63990e+001  1.34917e+002
           420  1.38059e+002  4.20000e+002 -8.69135e+000  1.63990e+001  1.35000e+002
           421  1.38152e+002  4.21000e+002 -8.70226e+000  1.63990e+001  1.35083e+002
           422  1.38227e+002  4.22000e+002 -8.71314e+000  1.63990e+001  1.35167e+002
           423  1.38326e+002  4.23000e+002 -8.72391e+000  1.63990e+001  1.35250e+002
           424  1.38410e+002  4.24000e+002 -8.73412e+000  1.63989e+001  1.35333e+002
           425  1.38494e+002  4.25000e+002 -8.74530e+000  1.63988e+001  1.35417e+002
           426  1.38589e+002  4.26000e+002 -8.75758e+000  1.63987e+001  1.35500e+002
           427  1.38672e+002  4.27000e+002 -8.77038e+000  1.63986e+001  1.35583e+002
           428  1.38771e+002  4.28000e+002 -8.78141e+000  1.63984e+001  1.35667e+002
           429  1.38855e+002  4.29000e+002 -8.79217e+000  1.63982e+001  1.35750e+002
           430  1.38944e+002  4.30000e+002 -8.80345e+000  1.63981e+001  1.35833e+002
           431  1.39033e+002  4.31000e+002 -8.81456e+000  1.63981e+001  1.35917e+002
           432  1.39118e+002  4.32000e+002 -8.82667e+000  1.63981e+001  1.36000e+002
           433  1.39196e+002  4.33000e+002 -8.83766e+000  1.63980e+001  1.36083e+002
           434  1.39286e+002  4.34000e+002 -8.84869e+000  1.63980e+001  1.36167e+002
           435  1.39372e+002  4.35000e+002 -8.85925e+000  1.63980e+001  1.36250e+002
           436  1.39470e+002  4.36000e+002 -8.87030e+000  1.63980e+001  1.36333e+002
           437  1.39553e+002  4.37000e+002 -8.88167e+000  1.63980e+001  1.36417e+002
           438  1.39635e+002  4.38000e+002 -8.89310e+000  1.63980e+001  1.36500e+002
           439  1.39726e+002  4.39000e+002 -8.90349e+000  1.63980e+001  1.36583e+002
           440  1.39807e+002  4.40000e+002 -8.91312e+000  1.63980e+001  1.36667e+002
           441  1.39900e+002  4.41000e+002 -8.92377e+000  1.63980e+001  1.36750e+002
           442  1.39983e+002  4.42000e+002 -8.93566e+000  1.63980e+001  1.36833e+002
           443  1.40071e+002  4.43000e+002 -8.94726e+000  1.63980e+001  1.36917e+002
           444  1.40174e+002  4.44000e+002 -8.95981e+000  1.63980e+001  1.37000e+002
           445  1.40262e+002  4.45000e+002 -8.97205e+000  1.63980e+001  1.37083e+002
           446  1.40341e+002  4.46000e+002 -8.98422e+000  1.63980e+001  1.37167e+002
           447  1.40431e+002  4.47000e+002 -8.99599e+000  1.63980e+001  1.37250e+002
           448  1.40519e+002  4.48000e+002 -9.00769e+000  1.63980e+001  1.37333e+002
           449  1.40589e+002  4.49000e+002 -9.01882e+000  1.63980e+001  1.37417e+002
           450  1.40670e+002  4.50000e+002 -9.03047e+000  1.63980e+001  1.37500e+002
           451  1.40758e+002  4.51000e+002 -9.04237e+000  1.63979e+001  1.37583e+002
           452  1.40848e+002  4.52000e+002 -9.05393e+000  1.63978e+001  1.37667e+002
           453  1.40941e+002  4.53000e+002 -9.06466e+000  1.63977e+001  1.37750e+002
           454  1.41030e+002  4.54000e+002 -9.07585e+000  1.63975e+001  1.37833e+002
           455  1.41112e+002  4.55000e+002 -9.08663e+000  1.63974e+001  1.37917e+002
           456  1.41193e+002  4.56000e+002 -9.09512e+000  1.63973e+001  1.38000e+002
           457  1.41287e+002  4.57000e+002 -9.10603e+000  1.63972e+001  1.38083e+002
           458  1.41378e+002  4.58000e+002 -9.11854e+000  1.63971e+001  1.38167e+002
           459  1.41463e+002  4.59000e+002 -9.13122e+000  1.63970e+001  1.38250e+002
           460  1.41542e+002  4.60000e+002 -9.14239e+000  1.63971e+001  1.38333e+002
           461  1.41633e+002  4.61000e+002 -9.15408e+000  1.63970e+001  1.38417e+002
           462  1.41730e+002  4.62000e+002 -9.16536e+000  1.63970e+001  1.38500e+002
           463  1.41820e+002  4.63000e+002 -9.17676e+000  1.63970e+001  1.38583e+002
           464  1.41893e+002  4.64000e+002 -9.18961e+000  1.63970e+001  1.38667e+002
           465  1.41982e+002  4.65000e+002 -9.20144e+000  1.63969e+001  1.38750e+002
           466  1.42075e+002  4.66000e+002 -9.21332e+000  1.63968e+001  1.38833e+002
           467  1.42146e+002  4.67000e+002 -9.22523e+000  1.63967e+001  1.38917e+002
           468  1.42239e+002  4.68000e+002 -9.23743e+000  1.63965e+001  1.39000e+002
           469  1.42324e+002  4.69000e+002 -9.24862e+000  1.63964e+001  1.39083e+002
           470  1.42418e+002  4.70000e+002 -9.26029e+000  1.63963e+001  1.39167e+002
           471  1.42519e+002  4.71000e+002 -9.27235e+000  1.63962e+001  1.39250e+002
           472  1.42599e+002  4.72000e+002 -9.28244e+000  1.63961e+001  1.39333e+002
           473  1.42678e+002  4.73000e+002 -9.29273e+000  1.63961e+001  1.39417e+002
           474  1.42768e+002  4.74000e+002 -9.30369e+000  1.63961e+001  1.39500e+002
           475  1.42854e+002  4.75000e+002 -9.31518e+000  1.63960e+001  1.39583e+002
           476  1.42934e+002  4.76000e+002 -9.32548e+000  1.63960e+001  1.39667e+002
           477  1.43020e+002  4.77000e+002 -9.33617e+000  1.63960e+001  1.39750e+002
           478  1.43111e+002  4.78000e+002 -9.34722e+000  1.63960e+001  1.39833e+002
           479  1.43196e+002  4.79000e+002 -9.35825e+000  1.63960e+001  1.39917e+002
           480  1.43280e+002  4.80000e+002 -9.37180e+000  1.63960e+001  1.40000e+002
           481  1.43361e+002  4.81000e+002 -9.38494e+000  1.63960e+001  1.40083e+002
           482  1.43452e+002  4.82000e+002 -9.39644e+000  1.63960e+001  1.40167e+002
           483  1.43543e+002  4.83000e+002 -9.40828e+000  1.63960e+001  1.40250e+002
           484  1.43621e+002  4.84000e+002 -9.42150e+000  1.63960e+001  1.40333e+002
           485  1.43716e+002  4.85000e+002 -9.43419e+000  1.63960e+001  1.40417e+002
           486  1.43800e+002  4.86000e+002 -9.44697e+000  1.63960e+001  1.40500e+002
           487  1.43891e+002  4.87000e+002 -9.45948e+000  1.63960e+001  1.40583e+002
           488  1.43966e+002  4.88000e+002 -9.47254e+000  1.63960e+001  1.40667e+002
           489  1.44048e+002  4.89000e+002 -9.48470e+000  1.63960e+001  1.40750e+002
           490  1.44140e+002  4.90000e+002 -9.49575e+000  1.63960e+001  1.40833e+002
           491  1.44241e+002  4.91000e+002 -9.50700e+000  1.63959e+001  1.40917e+002
           492  1.44318e+002  4.92000e+002 -9.51887e+000  1.63958e+001  1.41000e+002
           493  1.44408e+002  4.93000e+002 -9.53131e+000  1.63957e+001  1.41083e+002
           494  1.44486e+002  4.94000e+002 -9.54350e+000  1.63955e+001  1.41167e+002
           495  1.44564e+002  4.95000e+002 -9.55560e+000  1.63954e+001  1.41250e+002
           496  1.44654e+002  4.96000e+002 -9.56601e+000  1.63953e+001  1.41333e+002
           497  1.44741e+002  4.97000e+002 -9.57726e+000  1.63952e+001  1.41417e+002
           498  1.44837e+002  4.98000e+002 -9.58984e+000  1.63951e+001  1.41500e+002
           499  1.44916e+002  4.99000e+002 -9.60337e+000  1.63950e+001  1.41583e+002
           500  1.45003e+002  5.00000e+002 -9.61967e+000  1.63951e+001  1.41667e+002
           501  1.45084e+002  5.01000e+002 -9.63428e+000  1.63950e+001  1.41750e+002
           502  1.45175e+002  5.02000e+002 -9.64817e+000  1.63950e+001  1.41833e+002
           503  1.45261e+002  5.03000e+002 -9.66139e+000  1.63950e+001  1.41917e+002
           504  1.45346e+002  5.04000e+002 -9.67486e+000  1.63950e+001  1.42000e+002
           505  1.45430e+002  5.05000e+002 -9.68862e+000  1.63950e+001  1.42083e+002
           506  1.45512e+002  5.06000e+002 -9.70187e+000  1.63950e+001  1.42167e+002
           507  1.45595e+002  5.07000e+002 -9.71473e+000  1.63950e+001  1.42250e+002
           508  1.45693e+002  5.08000e+002 -9.72970e+000  1.63950e+001  1.42333e+002
           509  1.45773e+002  5.09000e+002 -9.74318e+000  1.63950e+001  1.42417e+002
           510  1.45851e+002  5.10000e+002 -9.75513e+000  1.63950e+001  1.42500e+002
           511  1.45950e+002  5.11000e+002 -9.76628e+000  1.63950e+001  1.42583e+002
           512  1.46028e+002  5.12000e+002 -9.77498e+000  1.63950e+001  1.42667e+002
           513  1.46109e+002  5.13000e+002 -9.78567e+000  1.63950e+001  1.42750e+002
           514  1.46194e+002  5.14000e+002 -9.79744e+000  1.63950e+001  1.42833e+002
           515  1.46279e+002  5.15000e+002 -9.80881e+000  1.63950e+001  1.42917e+002
           516  1.46379e+002  5.16000e+002 -9.82008e+000  1.63950e+001  1.43000e+002
           517  1.46468e+002  5.17000e+002 -9.83205e+000  1.63950e+001  1.43083e+002
           518  1.46559e+002  5.18000e+002 -9.84456e+000  1.63949e+001  1.43167e+002
           519  1.46650e+002  5.19000e+002 -9.85763e+000  1.63948e+001  1.43250e+002
           520  1.46721e+002  5.20000e+002 -9.87112e+000  1.63946e+001  1.43333e+002
           521  1.46821e+002  5.21000e+002 -9.88365e+000  1.63945e+001  1.43417e+002
           522  1.46899e+002  5.22000e+002 -9.89570e+000  1.63944e+001  1.43500e+002
           523  1.46989e+002  5.23000e+002 -9.90726e+000  1.63943e+001  1.43583e+002
           524  1.47073e+002  5.24000e+002 -9.92178e+000  1.63942e+001  1.43667e+002
           525  1.47143e+002  5.25000e+002 -9.93499e+000  1.63941e+001  1.43750e+002
           526  1.47224e+002  5.26000e+002 -9.94726e+000  1.63941e+001  1.43833e+002
           527  1.47313e+002  5.27000e+002 -9.95961e+000  1.63940e+001  1.43917e+002
           528  1.47404e+002  5.28000e+002 -9.97027e+000  1.63940e+001  1.44000e+002
           529  1.47490e+002  5.29000e+002 -9.98104e+000  1.63940e+001  1.44083e+002
           530  1.47581e+002  5.30000e+002 -9.99155e+000  1.63940e+001  1.44167e+002
           531  1.47667e+002  5.31000e+002 -1.00024e+001  1.63940e+001  1.44250e+002
           532  1.47747e+002  5.32000e+002 -1.00116e+001  1.63940e+001  1.44333e+002
           533  1.47843e+002  5.33000e+002 -1.00219e+001  1.63940e+001  1.44417e+002
           534  1.47926e+002  5.34000e+002 -1.00324e+001  1.63940e+001  1.44500e+002
           535  1.48007e+002  5.35000e+002 -1.00424e+001  1.63940e+001  1.44583e+002
           536  1.48089e+002  5.36000e+002 -1.00530e+001  1.63940e+001  1.44667e+002
           537  1.48183e+002  5.37000e+002 -1.00641e+001  1.63940e+001  1.44750e+002
           538  1.48263e+002  5.38000e+002 -1.00750e+001  1.63940e+001  1.44833e+002
           539  1.48357e+002  5.39000e+002 -1.00863e+001  1.63940e+001  1.44917e+002
           540  1.48439e+002  5.40000e+002 -1.00993e+001  1.63940e+001  1.45000e+002
           541  1.48525e+002  5.41000e+002 -1.01120e+001  1.63940e+001  1.45083e+002
           542  1.48609e+002  5.42000e+002 -1.01250e+001  1.63940e+001  1.45167e+002
           543  1.48695e+002  5.43000e+002 -1.01378e+001  1.63940e+001  1.45250e+002
           544  1.48779e+002  5.44000e+002 -1.01524e+001  1.63940e+001  1.45333e+002
           545  1.48865e+002  5.45000e+002 -1.01653e+001  1.63939e+001  1.45417e+002
           546  1.48961e+002  5.46000e+002 -1.01769e+001  1.63938e+001  1.45500e+002
           547  1.49049e+002  5.47000e+002 -1.01888e+001  1.63937e+001  1.45583e+002
           548  1.49136e+002  5.48000e+002 -1.02045e+001  1.63935e+001  1.45667e+002
           549  1.49202e+002  5.49000e+002 -1.02184e+001  1.63934e+001  1.45750e+002
           550  1.49302e+002  5.50000e+002 -1.02321e+001  1.63933e+001  1.45833e+002
           551  1.49379e+002  5.51000e+002 -1.02452e+001  1.63932e+001  1.45917e+002
           552  1.49473e+002  5.52000e+002 -1.02573e+001  1.63931e+001  1.46000e+002
           553  1.49546e+002  5.53000e+002 -1.02690e+001  1.63931e+001  1.46083e+002
           554  1.49642e+002  5.54000e+002 -1.02815e+001  1.63931e+001  1.46167e+002
           555  1.49719e+002  5.55000e+002 -1.02950e+001  1.63930e+001  1.46250e+002
           556  1.49797e+002  5.56000e+002 -1.03092e+001  1.63930e+001  1.46333e+002
           557  1.49882e+002  5.57000e+002 -1.03228e+001  1.63930e+001  1.46417e+002
           558  1.49986e+002  5.58000e+002 -1.03361e+001  1.63930e+001  1.46500e+002
           559  1.50057e+002  5.59000e+002 -1.03489e+001  1.63930e+001  1.46583e+002
           560  1.50151e+002  5.60000e+002 -1.03624e+001  1.63930e+001  1.46667e+002
           561  1.50228e+002  5.61000e+002 -1.03770e+001  1.63930e+001  1.46750e+002
           562  1.50319e+002  5.62000e+002 -1.03915e+001  1.63930e+001  1.46833e+002
           563  1.50407e+002  5.63000e+002 -1.04048e+001  1.63930e+001  1.46917e+002
           564  1.50488e+002  5.64000e+002 -1.04204e+001  1.63930e+001  1.47000e+002
           565  1.50577e+002  5.65000e+002 -1.04340e+001  1.63930e+001  1.47083e+002
           566  1.50661e+002  5.66000e+002 -1.04469e+001  1.63930e+001  1.47167e+002
           567  1.50753e+002  5.67000e+002 -1.04589e+001  1.63930e+001  1.47250e+002
           568  1.50833e+002  5.68000e+002 -1.04698e+001  1.63930e+001  1.47333e+002
           569  1.50915e+002  5.69000e+002 -1.04826e+001  1.63930e+001  1.47417e+002
           570  1.50996e+002  5.70000e+002 -1.04965e+001  1.63930e+001  1.47500e+002
           571  1.51085e+002  5.71000e+002 -1.05105e+001  1.63930e+001  1.47583e+002
           572  1.51180e+002  5.72000e+002 -1.05213e+001  1.63929e+001  1.47667e+002
           573  1.51259e+002  5.73000e+002 -1.05342e+001  1.63928e+001  1.47750e+002
           574  1.51342e+002  5.74000e+002 -1.05473e+001  1.63927e+001  1.47833e+002
           575  1.51429e+002  5.75000e+002 -1.05597e+001  1.63926e+001  1.47917e+002
           576  1.51517e+002  5.76000e+002 -1.05738e+001  1.63924e+001  1.48000e+002
           577  1.51596e+002  5.77000e+002 -1.05861e+001  1.63922e+001  1.48083e+002
           578  1.51679e+002  5.78000e+002 -1.05980e+001  1.63921e+001  1.48167e+002
           579  1.51758e+002  5.79000e+002 -1.06101e+001  1.63921e+001  1.48250e+002
           580  1.51854e+002  5.80000e+002 -1.06232e+001  1.63921e+001  1.48333e+002
           581  1.51934e+002  5.81000e+002 -1.06355e+001  1.63920e+001  1.48417e+002
           582  1.52016e+002  5.82000e+002 -1.06477e+001  1.63920e+001  1.48500e+002
           583  1.52112e+002  5.83000e+002 -1.06604e+001  1.63920e+001  1.48583e+002
           584  1.52195e+002  5.84000e+002 -1.06702e+001  1.63920e+001  1.48667e+002
           585  1.52279e+002  5.85000e+002 -1.06813e+001  1.63920e+001  1.48750e+002
           586  1.52369e+002  5.86000e+002 -1.06934e+001  1.63920e+001  1.48833e+002
           587  1.52454e+002  5.87000e+002 -1.07058e+001  1.63920e+001  1.48917e+002
           588  1.52550e+002  5.88000e+002 -1.07186e+001  1.63920e+001  1.49000e+002
           589  1.52628e+002  5.89000e+002 -1.07302e+001  1.63920e+001  1.49083e+002
           590  1.52713e+002  5.90000e+002 -1.07417e+001  1.63920e+001  1.49167e+002
           591  1.52790e+002  5.91000e+002 -1.07533e+001  1.63920e+001  1.49250e+002
           592  1.52881e+002  5.92000e+002 -1.07659e+001  1.63920e+001  1.49333e+002
           593  1.52964e+002  5.93000e+002 -1.07780e+001  1.63920e+001  1.49417e+002
           594  1.53061e+002  5.94000e+002 -1.07911e+001  1.63920e+001  1.49500e+002
           595  1.53144e+002  5.95000e+002 -1.08038e+001  1.63920e+001  1.49583e+002
           596  1.53225e+002  5.96000e+002 -1.08166e+001  1.63920e+001  1.49667e+002
           597  1.53316e+002  5.97000e+002 -1.08294e+001  1.63920e+001  1.49750e+002
           598  1.53397e+002  5.98000e+002 -1.08419e+001  1.63920e+001  1.49833e+002
           599  1.53484e+002  5.99000e+002 -1.08538e+001  1.63919e+001  1.49917e+002
           600  1.53572e+002  6.00000e+002 -1.08668e+001  1.63918e+001  1.50000e+002
           601  1.53663e+002  6.01000e+002 -1.08790e+001  1.63917e+001  1.50083e+002
           602  1.53740e+002  6.02000e+002 -1.08913e+001  1.63915e+001  1.50167e+002
           603  1.53820e+002  6.03000e+002 -1.09046e+001  1.63914e+001  1.50250e+002
           604  1.53908e+002  6.04000e+002 -1.09188e+001  1.63913e+001  1.50333e+002
           605  1.53990e+002  6.05000e+002 -1.09319e+001  1.63912e+001  1.50417e+002
           606  1.54073e+002  6.06000e+002 -1.09436e+001  1.63911e+001  1.50500e+002
           607  1.54162e+002  6.07000e+002 -1.09557e+001  1.63910e+001  1.50583e+002
           608  1.54248e+002  6.08000e+002 -1.09679e+001  1.63911e+001  1.50667e+002
           609  1.54335e+002  6.09000e+002 -1.09816e+001  1.63910e+001  1.50750e+002
           610  1.54424e+002  6.10000e+002 -1.09954e+001  1.63910e+001  1.50833e+002
           611  1.54496e+002  6.11000e+002 -1.10088e+001  1.63910e+001  1.50917e+002
           612  1.54585e+002  6.12000e+002 -1.10245e+001  1.63910e+001  1.51000e+002
           613  1.54676e+002  6.13000e+002 -1.10376e+001  1.63910e+001  1.51083e+002
           614  1.54766e+002  6.14000e+002 -1.10502e+001  1.63910e+001  1.51167e+002
           615  1.54855e+002  6.15000e+002 -1.10632e+001  1.63910e+001  1.51250e+002
           616  1.54939e+002  6.16000e+002 -1.10748e+001  1.63910e+001  1.51333e+002
           617  1.55022e+002  6.17000e+002 -1.10870e+001  1.63910e+001  1.51417e+002
           618  1.55100e+002  6.18000e+002 -1.11004e+001  1.63910e+001  1.51500e+002
           619  1.55188e+002  6.19000e+002 -1.11137e+001  1.63910e+001  1.51583e+002
           620  1.55279e+002  6.20000e+002 -1.11251e+001  1.63910e+001  1.51667e+002
           621  1.55365e+002  6.21000e+002 -1.11383e+001  1.63910e+001  1.51750e+002
           622  1.55444e+002  6.22000e+002 -1.11521e+001  1.63910e+001  1.51833e+002
           623  1.55527e+002  6.23000e+002 -1.11655e+001  1.63910e+001  1.51917e+002
           624  1.55622e+002  6.24000e+002 -1.11795e+001  1.63910e+001  1.52000e+002
           625  1.55708e+002  6.25000e+002 -1.11926e+001  1.63910e+001  1.52083e+002
           626  1.55790e+002  6.26000e+002 -1.12051e+001  1.63909e+001  1.52167e+002
           627  1.55873e+002  6.27000e+002 -1.12178e+001  1.63908e+001  1.52250e+002
           628  1.55963e+002  6.28000e+002 -1.12310e+001  1.63906e+001  1.52333e+002
           629  1.56039e+002  6.29000e+002 -1.12436e+001  1.63905e+001  1.52417e+002
           630  1.56126e+002  6.30000e+002 -1.12575e+001  1.63904e+001  1.52500e+002
           631  1.56215e+002  6.31000e+002 -1.12725e+001  1.63903e+001  1.52583e+002
           632  1.56300e+002  6.32000e+002 -1.12857e+001  1.63902e+001  1.52667e+002
           633  1.56385e+002  6.33000e+002 -1.12995e+001  1.63901e+001  1.52750e+002
           634  1.56474e+002  6.34000e+002 -1.13114e+001  1.63901e+001  1.52833e+002
           635  1.56548e+002  6.35000e+002 -1.13222e+001  1.63900e+001  1.52917e+002
           636  1.56643e+002  6.36000e+002 -1.13357e+001  1.63900e+001  1.53000e+002
           637  1.56717e+002  6.37000e+002 -1.13491e+001  1.63900e+001  1.53083e+002
           638  1.56807e+002  6.38000e+002 -1.13624e+001  1.63900e+001  1.53167e+002
           639  1.56887e+002  6.39000e+002 -1.13756e+001  1.63900e+001  1.53250e+002
           640  1.56973e+002  6.40000e+002 -1.13917e+001  1.63900e+001  1.53333e+002
           641  1.57057e+002  6.41000e+002 -1.14053e+001  1.63900e+001  1.53417e+002
           642  1.57144e+002  6.42000e+002 -1.14181e+001  1.63900e+001  1.53500e+002
           643  1.57236e+002  6.43000e+002 -1.14309e+001  1.63900e+001  1.53583e+002
           644  1.57325e+002  6.44000e+002 -1.14422e+001  1.63900e+001  1.53667e+002
           645  1.57410e+002  6.45000e+002 -1.14549e+001  1.63900e+001  1.53750e+002
           646  1.57494e+002  6.46000e+002 -1.14676e+001  1.63900e+001  1.53833e+002
           647  1.57568e+002  6.47000e+002 -1.14809e+001  1.63900e+001  1.53917e+002
           648  1.57657e+002  6.48000e+002 -1.14957e+001  1.63900e+001  1.54000e+002
           649  1.57739e+002  6.49000e+002 -1.15081e+001  1.63900e+001  1.54083e+002
           650  1.57830e+002  6.50000e+002 -1.15202e+001  1.63900e+001  1.54167e+002
           651  1.57911e+002  6.51000e+002 -1.15325e+001  1.63900e+001  1.54250e+002
           652  1.58005e+002  6.52000e+002 -1.15448e+001  1.63900e+001  1.54333e+002
           653  1.58086e+002  6.53000e+002 -1.15574e+001  1.63899e+001  1.54417e+002
           654  1.58168e+002  6.54000e+002 -1.15706e+001  1.63898e+001  1.54500e+002
           655  1.58257e+002  6.55000e+002 -1.15847e+001  1.63897e+001  1.54583e+002
           656  1.58335e+002  6.56000e+002 -1.15990e+001  1.63895e+001  1.54667e+002
           657  1.58424e+002  6.57000e+002 -1.16118e+001  1.63894e+001  1.54750e+002
           658  1.58522e+002  6.58000e+002 -1.16235e+001  1.63893e+001  1.54833e+002
           659  1.58595e+002  6.59000e+002 -1.16361e+001  1.63892e+001  1.54917e+002
           660  1.58680e+002  6.60000e+002 -1.16508e+001  1.63891e+001  1.55000e+002
           661  1.58766e+002  6.61000e+002 -1.16646e+001  1.63891e+001  1.55083e+002
           662  1.58851e+002  6.62000e+002 -1.16782e+001  1.63891e+001  1.55167e+002
           663  1.58944e+002  6.63000e+002 -1.16919e+001  1.63890e+001  1.55250e+002
           664  1.59023e+002  6.64000e+002 -1.17072e+001  1.63890e+001  1.55333e+002
           665  1.59106e+002  6.65000e+002 -1.17209e+001  1.63890e+001  1.55417e+002
           666  1.59195e+002  6.66000e+002 -1.17346e+001  1.63890e+001  1.55500e+002
           667  1.59274e+002  6.67000e+002 -1.17480e+001  1.63890e+001  1.55583e+002
           668  1.59359e+002  6.68000e+002 -1.17609e+001  1.63890e+001  1.55667e+002
           669  1.59443e+002  6.69000e+002 -1.17736e+001  1.63890e+001  1.55750e+002
           670  1.59536e+002  6.70000e+002 -1.17859e+001  1.63890e+001  1.55833e+002
           671  1.59614e+002  6.71000e+002 -1.17986e+001  1.63890e+001  1.55917e+002
           672  1.59701e+002  6.72000e+002 -1.18120e+001  1.63890e+001  1.56000e+002
           673  1.59793e+002  6.73000e+002 -1.18256e+001  1.63890e+001  1.56083e+002
           674  1.59879e+002  6.74000e+002 -1.18390e+001  1.63890e+001  1.56167e+002
           675  1.59966e+002  6.75000e+002 -1.18519e+001  1.63890e+001  1.56250e+002
           676  1.60045e+002  6.76000e+002 -1.18632e+001  1.63890e+001  1.56333e+002
           677  1.60134e+002  6.77000e+002 -1.18746e+001  1.63890e+001  1.56417e+002
           678  1.60222e+002  6.78000e+002 -1.18868e+001  1.63890e+001  1.56500e+002
           679  1.60310e+002  6.79000e+002 -1.18988e+001  1.63890e+001  1.56583e+002
           680  1.60386e+002  6.80000e+002 -1.19128e+001  1.63890e+001  1.56667e+002
           681  1.60468e+002  6.81000e+002 -1.19247e+001  1.63890e+001  1.56750e+002
           682  1.60558e+002  6.82000e+002 -1.19360e+001  1.63890e+001  1.56833e+002
           683  1.60643e+002  6.83000e+002 -1.19474e+001  1.63890e+001  1.56917e+002
           684  1.60725e+002  6.84000e+002 -1.19582e+001  1.63890e+001  1.57000e+002
           685  1.60821e+002  6.85000e+002 -1.19697e+001  1.63890e+001  1.57083e+002
           686  1.60900e+002  6.86000e+002 -1.19815e+001  1.63890e+001  1.57167e+002
           687  1.60980e+002  6.87000e+002 -1.19944e+001  1.63890e+001  1.57250e+002
           688  1.61070e+002  6.88000e+002 -1.20074e+001  1.63890e+001  1.57333e+002
           689  1.61158e+002  6.89000e+002 -1.20206e+001  1.63890e+001  1.57417e+002
           690  1.61243e+002  6.90000e+002 -1.20334e+001  1.63890e+001  1.57500e+002
           691  1.61327e+002  6.91000e+002 -1.20454e+001  1.63890e+001  1.57583e+002
           692  1.61414e+002  6.92000e+002 -1.20599e+001  1.63890e+001  1.57667e+002
           693  1.61504e+002  6.93000e+002 -1.20731e+001  1.63890e+001  1.57750e+002
           694  1.61577e+002  6.94000e+002 -1.20863e+001  1.63890e+001  1.57833e+002
           695  1.61678e+002  6.95000e+002 -1.20997e+001  1.63889e+001  1.57917e+002
           696  1.61763e+002  6.96000e+002 -1.21157e+001  1.63888e+001  1.58000e+002
           697  1.61836e+002  6.97000e+002 -1.21307e+001  1.63887e+001  1.58083e+002
           698  1.61915e+002  6.98000e+002 -1.21464e+001  1.63885e+001  1.58167e+002
           699  1.62009e+002  6.99000e+002 -1.21615e+001  1.63884e+001  1.58250e+002
           700  1.62092e+002  7.00000e+002 -1.21745e+001  1.63883e+001  1.58333e+002
           701  1.62177e+002  7.01000e+002 -1.21877e+001  1.63882e+001  1.58417e+002
           702  1.62263e+002  7.02000e+002 -1.22012e+001  1.63881e+001  1.58500e+002
           703  1.62345e+002  7.03000e+002 -1.22145e+001  1.63880e+001  1.58583e+002
           704  1.62431e+002  7.04000e+002 -1.22310e+001  1.63881e+001  1.58667e+002
           705  1.62514e+002  7.05000e+002 -1.22455e+001  1.63880e+001  1.58750e+002
           706  1.62604e+002  7.06000e+002 -1.22587e+001  1.63880e+001  1.58833e+002
           707  1.62682e+002  7.07000e+002 -1.22716e+001  1.63880e+001  1.58917e+002
           708  1.62769e+002  7.08000e+002 -1.22827e+001  1.63880e+001  1.59000e+002
           709  1.62863e+002  7.09000e+002 -1.22958e+001  1.63880e+001  1.59083e+002
           710  1.62953e+002  7.10000e+002 -1.23093e+001  1.63880e+001  1.59167e+002
           711  1.63031e+002  7.11000e+002 -1.23232e+001  1.63880e+001  1.59250e+002
           712  1.63114e+002  7.12000e+002 -1.23362e+001  1.63880e+001  1.59333e+002
           713  1.63195e+002  7.13000e+002 -1.23502e+001  1.63880e+001  1.59417e+002
           714  1.63285e+002  7.14000e+002 -1.23642e+001  1.63880e+001  1.59500e+002
           715  1.63371e+002  7.15000e+002 -1.23771e+001  1.63880e+001  1.59583e+002
           716  1.63459e+002  7.16000e+002 -1.23890e+001  1.63880e+001  1.59667e+002
           717  1.63545e+002  7.17000e+002 -1.24021e+001  1.63880e+001  1.59750e+002
           718  1.63632e+002  7.18000e+002 -1.24157e+001  1.63880e+001  1.59833e+002
           719  1.63718e+002  7.19000e+002 -1.24289e+001  1.63880e+001  1.59917e+002
           720  1.63803e+002  7.20000e+002 -1.24415e+001  1.63880e+001  1.60000e+002
           721  1.63887e+002  7.21000e+002 -1.24549e+001  1.63880e+001  1.60083e+002
           722  1.63968e+002  7.22000e+002 -1.24695e+001  1.63880e+001  1.60167e+002
           723  1.64065e+002  7.23000e+002 -1.24841e+001  1.63879e+001  1.60250e+002
           724  1.64149e+002  7.24000e+002 -1.24953e+001  1.63878e+001  1.60333e+002
           725  1.64234e+002  7.25000e+002 -1.25085e+001  1.63877e+001  1.60417e+002
           726  1.64309e+002  7.26000e+002 -1.25226e+001  1.63875e+001  1.60500e+002
           727  1.64395e+002  7.27000e+002 -1.25372e+001  1.63874e+001  1.60583e+002
           728  1.64480e+002  7.28000e+002 -1.25517e+001  1.63873e+001  1.60667e+002
           729  1.64567e+002  7.29000e+002 -1.25653e+001  1.63872e+001  1.60750e+002
           730  1.64655e+002  7.30000e+002 -1.25788e+001  1.63871e+001  1.60833e+002
           731  1.64738e+002  7.31000e+002 -1.25921e+001  1.63870e+001  1.60917e+002
           732  1.64822e+002  7.32000e+002 -1.26052e+001  1.63871e+001  1.61000e+002
           733  1.64914e+002  7.33000e+002 -1.26180e+001  1.63870e+001  1.61083e+002
           734  1.65003e+002  7.34000e+002 -1.26300e+001  1.63870e+001  1.61167e+002
           735  1.65072e+002  7.35000e+002 -1.26421e+001  1.63870e+001  1.61250e+002
           736  1.65173e+002  7.36000e+002 -1.26523e+001  1.63870e+001  1.61333e+002
           737  1.65258e+002  7.37000e+002 -1.26644e+001  1.63870e+001  1.61417e+002
           738  1.65342e+002  7.38000e+002 -1.26771e+001  1.63870e+001  1.61500e+002
           739  1.65419e+002  7.39000e+002 -1.26906e+001  1.63870e+001  1.61583e+002
           740  1.65510e+002  7.40000e+002 -1.27010e+001  1.63870e+001  1.61667e+002
           741  1.65604e+002  7.41000e+002 -1.27131e+001  1.63870e+001  1.61750e+002
           742  1.65688e+002  7.42000e+002 -1.27253e+001  1.63870e+001  1.61833e+002
           743  1.65768e+002  7.43000e+002 -1.27373e+001  1.63870e+001  1.61917e+002
           744  1.65855e+002  7.44000e+002 -1.27508e+001  1.63870e+001  1.62000e+002
           745  1.65942e+002  7.45000e+002 -1.27639e+001  1.63870e+001  1.62083e+002
           746  1.66024e+002  7.46000e+002 -1.27769e+001  1.63870e+001  1.62167e+002
           747  1.66105e+002  7.47000e+002 -1.27897e+001  1.63870e+001  1.62250e+002
           748  1.66196e+002  7.48000e+002 -1.28030e+001  1.63870e+001  1.62333e+002
           749  1.66277e+002  7.49000e+002 -1.28171e+001  1.63870e+001  1.62417e+002
           750  1.66364e+002  7.50000e+002 -1.28305e+001  1.63870e+001  1.62500e+002
           751  1.66452e+002  7.51000e+002 -1.28441e+001  1.63869e+001  1.62583e+002
           752  1.66539e+002  7.52000e+002 -1.28578e+001  1.63868e+001  1.62667e+002
           753  1.66623e+002  7.53000e+002 -1.28714e+001  1.63867e+001  1.62750e+002
           754  1.66694e+002  7.54000e+002 -1.28845e+001  1.63865e+001  1.62833e+002
           755  1.66787e+002  7.55000e+002 -1.28969e+001  1.63864e+001  1.62917e+002
           756  1.66870e+002  7.56000e+002 -1.29103e+001  1.63863e+001  1.63000e+002
           757  1.66952e+002  7.57000e+002 -1.29238e+001  1.63862e+001  1.63083e+002
           758  1.67037e+002  7.58000e+002 -1.29376e+001  1.63861e+001  1.63167e+002
           759  1.67124e+002  7.59000e+002 -1.29522e+001  1.63860e+001  1.63250e+002
           760  1.67214e+002  7.60000e+002 -1.29659e+001  1.63861e+001  1.63333e+002
           761  1.67301e+002  7.61000e+002 -1.29792e+001  1.63860e+001  1.63417e+002
           762  1.67399e+002  7.62000e+002 -1.29922e+001  1.63860e+001  1.63500e+002
           763  1.67474e+002  7.63000e+002 -1.30052e+001  1.63860e+001  1.63583e+002
           764  1.67559e+002  7.64000e+002 -1.30167e+001  1.63860e+001  1.63667e+002
           765  1.67633e+002  7.65000e+002 -1.30294e+001  1.63860e+001  1.63750e+002
           766  1.67727e+002  7.66000e+002 -1.30429e+001  1.63860e+001  1.63833e+002
           767  1.67817e+002  7.67000e+002 -1.30571e+001  1.63860e+001  1.63917e+002
           768  1.67910e+002  7.68000e+002 -1.30710e+001  1.63860e+001  1.64000e+002
           769  1.67995e+002  7.69000e+002 -1.30845e+001  1.63860e+001  1.64083e+002
           770  1.68080e+002  7.70000e+002 -1.30981e+001  1.63860e+001  1.64167e+002
           771  1.68164e+002  7.71000e+002 -1.31119e+001  1.63860e+001  1.64250e+002
           772  1.68252e+002  7.72000e+002 -1.31240e+001  1.63860e+001  1.64333e+002
           773  1.68329e+002  7.73000e+002 -1.31371e+001  1.63860e+001  1.64417e+002
           774  1.68411e+002  7.74000e+002 -1.31504e+001  1.63860e+001  1.64500e+002
           775  1.68497e+002  7.75000e+002 -1.31639e+001  1.63860e+001  1.64583e+002
           776  1.68579e+002  7.76000e+002 -1.31785e+001  1.63860e+001  1.64667e+002
           777  1.68663e+002  7.77000e+002 -1.31930e+001  1.63860e+001  1.64750e+002
           778  1.68751e+002  7.78000e+002 -1.32081e+001  1.63860e+001  1.64833e+002
           779  1.68835e+002  7.79000e+002 -1.32233e+001  1.63859e+001  1.64917e+002
           780  1.68914e+002  7.80000e+002 -1.32368e+001  1.63858e+001  1.65000e+002
           781  1.69007e+002  7.81000e+002 -1.32504e+001  1.63857e+001  1.65083e+002
           782  1.69092e+002  7.82000e+002 -1.32644e+001  1.63855e+001  1.65167e+002
           783  1.69179e+002  7.83000e+002 -1.32775e+001  1.63854e+001  1.65250e+002
           784  1.69265e+002  7.84000e+002 -1.32921e+001  1.63853e+001  1.65333e+002
           785  1.69339e+002  7.85000e+002 -1.33065e+001  1.63852e+001  1.65417e+002
           786  1.69435e+002  7.86000e+002 -1.33211e+001  1.63851e+001  1.65500e+002
           787  1.69511e+002  7.87000e+002 -1.33355e+001  1.63850e+001  1.65583e+002
           788  1.69600e+002  7.88000e+002 -1.33489e+001  1.63851e+001  1.65667e+002
           789  1.69684e+002  7.89000e+002 -1.33626e+001  1.63850e+001  1.65750e+002
           790  1.69764e+002  7.90000e+002 -1.33766e+001  1.63850e+001  1.65833e+002
           791  1.69846e+002  7.91000e+002 -1.33912e+001  1.63850e+001  1.65917e+002
           792  1.69940e+002  7.92000e+002 -1.34035e+001  1.63850e+001  1.66000e+002
           793  1.70023e+002  7.93000e+002 -1.34158e+001  1.63850e+001  1.66083e+002
           794  1.70110e+002  7.94000e+002 -1.34298e+001  1.63850e+001  1.66167e+002
           795  1.70190e+002  7.95000e+002 -1.34449e+001  1.63850e+001  1.66250e+002
           796  1.70284e+002  7.96000e+002 -1.34590e+001  1.63850e+001  1.66333e+002
           797  1.70363e+002  7.97000e+002 -1.34726e+001  1.63850e+001  1.66417e+002
           798  1.70457e+002  7.98000e+002 -1.34859e+001  1.63850e+001  1.66500e+002
           799  1.70535e+002  7.99000e+002 -1.34993e+001  1.63850e+001  1.66583e+002
           800  1.70625e+002  8.00000e+002 -1.35126e+001  1.63850e+001  1.66667e+002
           801  1.70704e+002  8.01000e+002 -1.35254e+001  1.63850e+001  1.66750e+002
           802  1.70799e+002  8.02000e+002 -1.35383e+001  1.63850e+001  1.66833e+002
           803  1.70873e+002  8.03000e+002 -1.35525e+001  1.63850e+001  1.66917e+002
           804  1.70954e+002  8.04000e+002 -1.35666e+001  1.63850e+001  1.67000e+002
           805  1.71047e+002  8.05000e+002 -1.35792e+001  1.63850e+001  1.67083e+002
           806  1.71133e+002  8.06000e+002 -1.35912e+001  1.63850e+001  1.67167e+002
           807  1.71213e+002  8.07000e+002 -1.36031e+001  1.63850e+001  1.67250e+002
           808  1.71304e+002  8.08000e+002 -1.36136e+001  1.63849e+001  1.67333e+002
           809  1.71380e+002  8.09000e+002 -1.36262e+001  1.63848e+001  1.67417e+002
           810  1.71474e+002  8.10000e+002 -1.36390e+001  1.63847e+001  1.67500e+002
           811  1.71559e+002  8.11000e+002 -1.36513e+001  1.63846e+001  1.67583e+002
           812  1.71641e+002  8.12000e+002 -1.36641e+001  1.63844e+001  1.67667e+002
           813  1.71730e+002  8.13000e+002 -1.36773e+001  1.63842e+001  1.67750e+002
           814  1.71813e+002  8.14000e+002 -1.36909e+001  1.63841e+001  1.67833e+002
           815  1.71900e+002  8.15000e+002 -1.37043e+001  1.63841e+001  1.67917e+002
           816  1.71982e+002  8.16000e+002 -1.37160e+001  1.63841e+001  1.68000e+002
           817  1.72067e+002  8.17000e+002 -1.37284e+001  1.63840e+001  1.68083e+002
           818  1.72153e+002  8.18000e+002 -1.37416e+001  1.63840e+001  1.68167e+002
           819  1.72235e+002  8.19000e+002 -1.37538e+001  1.63840e+001  1.68250e+002
           820  1.72323e+002  8.20000e+002 -1.37674e+001  1.63840e+001  1.68333e+002
           821  1.72400e+002  8.21000e+002 -1.37815e+001  1.63840e+001  1.68417e+002
           822  1.72498e+002  8.22000e+002 -1.37955e+001  1.63840e+001  1.68500e+002
           823  1.72578e+002  8.23000e+002 -1.38087e+001  1.63840e+001  1.68583e+002
           824  1.72670e+002  8.24000e+002 -1.38220e+001  1.63840e+001  1.68667e+002
           825  1.72751e+002  8.25000e+002 -1.38352e+001  1.63840e+001  1.68750e+002
           826  1.72841e+002  8.26000e+002 -1.38489e+001  1.63840e+001  1.68833e+002
           827  1.72930e+002  8.27000e+002 -1.38626e+001  1.63840e+001  1.68917e+002
           828  1.73008e+002  8.28000e+002 -1.38754e+001  1.63840e+001  1.69000e+002
           829  1.73097e+002  8.29000e+002 -1.38894e+001  1.63840e+001  1.69083e+002
           830  1.73182e+002  8.30000e+002 -1.39029e+001  1.63840e+001  1.69167e+002
           831  1.73263e+002  8.31000e+002 -1.39164e+001  1.63840e+001  1.69250e+002
           832  1.73348e+002  8.32000e+002 -1.39320e+001  1.63840e+001  1.69333e+002
           833  1.73440e+002  8.33000e+002 -1.39469e+001  1.63840e+001  1.69417e+002
           834  1.73514e+002  8.34000e+002 -1.39608e+001  1.63840e+001  1.69500e+002
           835  1.73612e+002  8.35000e+002 -1.39748e+001  1.63840e+001  1.69583e+002
           836  1.73686e+002  8.36000e+002 -1.39884e+001  1.63839e+001  1.69667e+002
           837  1.73780e+002  8.37000e+002 -1.40022e+001  1.63838e+001  1.69750e+002
           838  1.73865e+002  8.38000e+002 -1.40167e+001  1.63837e+001  1.69833e+002
           839  1.73949e+002  8.39000e+002 -1.40313e+001  1.63836e+001  1.69917e+002
           840  1.74022e+002  8.40000e+002 -1.40453e+001  1.63834e+001  1.70000e+002
           841  1.74116e+002  8.41000e+002 -1.40591e+001  1.63832e+001  1.70083e+002
           842  1.74206e+002  8.42000e+002 -1.40739e+001  1.63831e+001  1.70167e+002
           843  1.74292e+002  8.43000e+002 -1.40892e+001  1.63831e+001  1.70250e+002
           844  1.74374e+002  8.44000e+002 -1.41025e+001  1.63831e+001  1.70333e+002
           845  1.74462e+002  8.45000e+002 -1.41169e+001  1.63830e+001  1.70417e+002
           846  1.74543e+002  8.46000e+002 -1.41313e+001  1.63830e+001  1.70500e+002
           847  1.74627e+002  8.47000e+002 -1.41460e+001  1.63830e+001  1.70583e+002
           848  1.74712e+002  8.48000e+002 -1.41606e+001  1.63830e+001  1.70667e+002
           849  1.74802e+002  8.49000e+002 -1.41755e+001  1.63830e+001  1.70750e+002
           850  1.74884e+002  8.50000e+002 -1.41892e+001  1.63830e+001  1.70833e+002
           851  1.74963e+002  8.51000e+002 -1.42023e+001  1.63830e+001  1.70917e+002
           852  1.75055e+002  8.52000e+002 -1.42164e+001  1.63830e+001  1.71000e+002
           853  1.75150e+002  8.53000e+002 -1.42303e+001  1.63830e+001  1.71083e+002
           854  1.75238e+002  8.54000e+002 -1.42436e+001  1.63830e+001  1.71167e+002
           855  1.75309e+002  8.55000e+002 -1.42566e+001  1.63830e+001  1.71250e+002
           856  1.75398e+002  8.56000e+002 -1.42684e+001  1.63830e+001  1.71333e+002
           857  1.75480e+002  8.57000e+002 -1.42819e+001  1.63830e+001  1.71417e+002
           858  1.75568e+002  8.58000e+002 -1.42955e+001  1.63830e+001  1.71500e+002
           859  1.75644e+002  8.59000e+002 -1.43099e+001  1.63830e+001  1.71583e+002
           860  1.75737e+002  8.60000e+002 -1.43229e+001  1.63830e+001  1.71667e+002
           861  1.75819e+002  8.61000e+002 -1.43365e+001  1.63830e+001  1.71750e+002
           862  1.75903e+002  8.62000e+002 -1.43503e+001  1.63830e+001  1.71833e+002
           863  1.75987e+002  8.63000e+002 -1.43636e+001  1.63830e+001  1.71917e+002
           864  1.76080e+002  8.64000e+002 -1.43790e+001  1.63830e+001  1.72000e+002
           865  1.76161e+002  8.65000e+002 -1.43936e+001  1.63830e+001  1.72083e+002
           866  1.76248e+002  8.66000e+002 -1.44071e+001  1.63829e+001  1.72167e+002
           867  1.76334e+002  8.67000e+002 -1.44214e+001  1.63828e+001  1.72250e+002
           868  1.76418e+002  8.68000e+002 -1.44369e+001  1.63826e+001  1.72333e+002
           869  1.76504e+002  8.69000e+002 -1.44510e+001  1.63825e+001  1.72417e+002
           870  1.76585e+002  8.70000e+002 -1.44643e+001  1.63824e+001  1.72500e+002
           871  1.76674e+002  8.71000e+002 -1.44780e+001  1.63823e+001  1.72583e+002
           872  1.76763e+002  8.72000e+002 -1.44895e+001  1.63822e+001  1.72667e+002
           873  1.76846e+002  8.73000e+002 -1.45013e+001  1.63821e+001  1.72750e+002
           874  1.76930e+002  8.74000e+002 -1.45127e+001  1.63821e+001  1.72833e+002
           875  1.77018e+002  8.75000e+002 -1.45237e+001  1.63820e+001  1.72917e+002
           876  1.77103e+002  8.76000e+002 -1.45362e+001  1.63820e+001  1.73000e+002
           877  1.77181e+002  8.77000e+002 -1.45483e+001  1.63820e+001  1.73083e+002
           878  1.77273e+002  8.78000e+002 -1.45602e+001  1.63820e+001  1.73167e+002
           879  1.77352e+002  8.79000e+002 -1.45723e+001  1.63820e+001  1.73250e+002
           880  1.77436e+002  8.80000e+002 -1.45811e+001  1.63820e+001  1.73333e+002
           881  1.77514e+002  8.81000e+002 -1.45922e+001  1.63820e+001  1.73417e+002
           882  1.77601e+002  8.82000e+002 -1.46048e+001  1.63820e+001  1.73500e+002
           883  1.77690e+002  8.83000e+002 -1.46174e+001  1.63820e+001  1.73583e+002
           884  1.77769e+002  8.84000e+002 -1.46323e+001  1.63820e+001  1.73667e+002
           885  1.77862e+002  8.85000e+002 -1.46455e+001  1.63820e+001  1.73750e+002
           886  1.77941e+002  8.86000e+002 -1.46581e+001  1.63820e+001  1.73833e+002
           887  1.78029e+002  8.87000e+002 -1.46707e+001  1.63820e+001  1.73917e+002
           888  1.78113e+002  8.88000e+002 -1.46872e+001  1.63820e+001  1.74000e+002
           889  1.78200e+002  8.89000e+002 -1.47024e+001  1.63820e+001  1.74083e+002
           890  1.78284e+002  8.90000e+002 -1.47157e+001  1.63820e+001  1.74167e+002
           891  1.78370e+002  8.91000e+002 -1.47282e+001  1.63820e+001  1.74250e+002
           892  1.78460e+002  8.92000e+002 -1.47439e+001  1.63820e+001  1.74333e+002
           893  1.78541e+002  8.93000e+002 -1.47576e+001  1.63820e+001  1.74417e+002
           894  1.78623e+002  8.94000e+002 -1.47714e+001  1.63820e+001  1.74500e+002
           895  1.78704e+002  8.95000e+002 -1.47857e+001  1.63819e+001  1.74583e+002
           896  1.78800e+002  8.96000e+002 -1.47989e+001  1.63818e+001  1.74667e+002
           897  1.78882e+002  8.97000e+002 -1.48122e+001  1.63817e+001  1.74750e+002
           898  1.78964e+002  8.98000e+002 -1.48251e+001  1.63815e+001  1.74833e+002
           899  1.79050e+002  8.99000e+002 -1.48374e+001  1.63814e+001  1.74917e+002
           900  1.79138e+002  9.00000e+002 -1.48488e+001  1.63813e+001  1.75000e+002
           901  1.79224e+002  9.01000e+002 -1.48617e+001  1.63812e+001  1.75083e+002
           902  1.79314e+002  9.02000e+002 -1.48752e+001  1.63811e+001  1.75167e+002
           903  1.79392e+002  9.03000e+002 -1.48888e+001  1.63810e+001  1.75250e+002
           904  1.79487e+002  9.04000e+002 -1.49021e+001  1.63811e+001  1.75333e+002
           905  1.79563e+002  9.05000e+002 -1.49147e+001  1.63810e+001  1.75417e+002
           906  1.79654e+002  9.06000e+002 -1.49283e+001  1.63810e+001  1.75500e+002
           907  1.79734e+002  9.07000e+002 -1.49421e+001  1.63810e+001  1.75583e+002
           908  1.79812e+002  9.08000e+002 -1.49544e+001  1.63810e+001  1.75667e+002
           909  1.79903e+002  9.09000e+002 -1.49668e+001  1.63810e+001  1.75750e+002
           910  1.79993e+002  9.10000e+002 -1.49792e+001  1.63810e+001  1.75833e+002
           911  1.80067e+002  9.11000e+002 -1.49920e+001  1.63809e+001  1.75917e+002
           912  1.80164e+002  9.12000e+002 -1.50066e+001  1.63808e+001  1.76000e+002
           913  1.80248e+002  9.13000e+002 -1.50197e+001  1.63808e+001  1.76083e+002
           914  1.80326e+002  9.14000e+002 -1.50327e+001  1.63808e+001  1.76167e+002
           915  1.80406e+002  9.15000e+002 -1.50468e+001  1.63808e+001  1.76250e+002
           916  1.80502e+002  9.16000e+002 -1.50607e+001  1.63808e+001  1.76333e+002
           917  1.80589e+002  9.17000e+002 -1.50746e+001  1.63808e+001  1.76417e+002
           918  1.80678e+002  9.18000e+002 -1.50879e+001  1.63808e+001  1.76500e+002
           919  1.80768e+002  9.19000e+002 -1.51010e+001  1.63809e+001  1.76583e+002
           920  1.80849e+002  9.20000e+002 -1.51142e+001  1.63809e+001  1.76667e+002
           921  1.80923e+002  9.21000e+002 -1.51268e+001  1.63809e+001  1.76750e+002
           922  1.81021e+002  9.22000e+002 -1.51391e+001  1.63810e+001  1.76833e+002
           923  1.81100e+002  9.23000e+002 -1.51515e+001  1.63810e+001  1.76917e+002
           924  1.81183e+002  9.24000e+002 -1.51658e+001  1.63810e+001  1.77000e+002
           925  1.81273e+002  9.25000e+002 -1.51794e+001  1.63809e+001  1.77083e+002
           926  1.81350e+002  9.26000e+002 -1.51933e+001  1.63808e+001  1.77167e+002
           927  1.81436e+002  9.27000e+002 -1.52065e+001  1.63807e+001  1.77250e+002
           928  1.81524e+002  9.28000e+002 -1.52173e+001  1.63805e+001  1.77333e+002
           929  1.81621e+002  9.29000e+002 -1.52291e+001  1.63804e+001  1.77417e+002
           930  1.81700e+002  9.30000e+002 -1.52416e+001  1.63803e+001  1.77500e+002
           931  1.81790e+002  9.31000e+002 -1.52542e+001  1.63802e+001  1.77583e+002
           932  1.81874e+002  9.32000e+002 -1.52681e+001  1.63801e+001  1.77667e+002
           933  1.81958e+002  9.33000e+002 -1.52801e+001  1.63801e+001  1.77750e+002
           934  1.82040e+002  9.34000e+002 -1.52911e+001  1.63801e+001  1.77833e+002
           935  1.82123e+002  9.35000e+002 -1.53029e+001  1.63800e+001  1.77917e+002
           936  1.82208e+002  9.36000e+002 -1.53153e+001  1.63800e+001  1.78000e+002
           937  1.82287e+002  9.37000e+002 -1.53288e+001  1.63800e+001  1.78083e+002
           938  1.82379e+002  9.38000e+002 -1.53434e+001  1.63800e+001  1.78167e+002
           939  1.82465e+002  9.39000e+002 -1.53581e+001  1.63800e+001  1.78250e+002
           940  1.82543e+002  9.40000e+002 -1.53730e+001  1.63799e+001  1.78333e+002
           941  1.82639e+002  9.41000e+002 -1.53873e+001  1.63798e+001  1.78417e+002
           942  1.82713e+002  9.42000e+002 -1.54017e+001  1.63797e+001  1.78500e+002
           943  1.82809e+002  9.43000e+002 -1.54163e+001  1.63796e+001  1.78583e+002
           944  1.82879e+002  9.44000e+002 -1.54337e+001  1.63794e+001  1.78667e+002
           945  1.82969e+002  9.45000e+002 -1.54479e+001  1.63792e+001  1.78750e+002
           946  1.83054e+002  9.46000e+002 -1.54614e+001  1.63791e+001  1.78833e+002
           947  1.83134e+002  9.47000e+002 -1.54762e+001  1.63791e+001  1.78917e+002
           948  1.83219e+002  9.48000e+002 -1.54907e+001  1.63791e+001  1.79000e+002
           949  1.83299e+002  9.49000e+002 -1.55060e+001  1.63790e+001  1.79083e+002
           950  1.83389e+002  9.50000e+002 -1.55209e+001  1.63790e+001  1.79167e+002
           951  1.83471e+002  9.51000e+002 -1.55349e+001  1.63790e+001  1.79250e+002
           952  1.83563e+002  9.52000e+002 -1.55473e+001  1.63790e+001  1.79333e+002
           953  1.83654e+002  9.53000e+002 -1.55606e+001  1.63790e+001  1.79417e+002
           954  1.83739e+002  9.54000e+002 -1.55744e+001  1.63790e+001  1.79500e+002
           955  1.83823e+002  9.55000e+002 -1.55889e+001  1.63789e+001  1.79583e+002
           956  1.83904e+002  9.56000e+002 -1.56041e+001  1.63788e+001  1.79667e+002
           957  1.83999e+002  9.57000e+002 -1.56179e+001  1.63787e+001  1.79750e+002
           958  1.84079e+002  9.58000e+002 -1.56315e+001  1.63787e+001  1.79833e+002
           959  1.84159e+002  9.59000e+002 -1.56466e+001  1.63787e+001  1.79917e+002
           960  1.84247e+002  9.60000e+002 -1.56589e+001  1.63787e+001  1.80000e+002
           961  1.84334e+002  9.61000e+002 -1.56725e+001  1.63787e+001  1.80083e+002
           962  1.84408e+002  9.62000e+002 -1.56866e+001  1.63787e+001  1.80167e+002
           963  1.84498e+002  9.63000e+002 -1.57013e+001  1.63787e+001  1.80250e+002
           964  1.84580e+002  9.64000e+002 -1.57164e+001  1.63788e+001  1.80333e+002
           965  1.84677e+002  9.65000e+002 -1.57294e+001  1.63789e+001  1.80417e+002
           966  1.84762e+002  9.66000e+002 -1.57434e+001  1.63789e+001  1.80500e+002
           967  1.84850e+002  9.67000e+002 -1.57595e+001  1.63790e+001  1.80583e+002
           968  1.84934e+002  9.68000e+002 -1.57758e+001  1.63790e+001  1.80667e+002
           969  1.85019e+002  9.69000e+002 -1.57902e+001  1.63790e+001  1.80750e+002
           970  1.85098e+002  9.70000e+002 -1.58041e+001  1.63789e+001  1.80833e+002
           971  1.85194e+002  9.71000e+002 -1.58172e+001  1.63788e+001  1.80917e+002
           972  1.85269e+002  9.72000e+002 -1.58283e+001  1.63786e+001  1.81000e+002
           973  1.85358e+002  9.73000e+002 -1.58421e+001  1.63785e+001  1.81083e+002
           974  1.85444e+002  9.74000e+002 -1.58563e+001  1.63784e+001  1.81167e+002
           975  1.85524e+002  9.75000e+002 -1.58700e+001  1.63783e+001  1.81250e+002
           976  1.85625e+002  9.76000e+002 -1.58842e+001  1.63782e+001  1.81333e+002
           977  1.85704e+002  9.77000e+002 -1.58971e+001  1.63781e+001  1.81417e+002
           978  1.85787e+002  9.78000e+002 -1.59098e+001  1.63781e+001  1.81500e+002
           979  1.85871e+002  9.79000e+002 -1.59231e+001  1.63780e+001  1.81583e+002
           980  1.85951e+002  9.80000e+002 -1.59335e+001  1.63780e+001  1.81667e+002
           981  1.86032e+002  9.81000e+002 -1.59456e+001  1.63780e+001  1.81750e+002
           982  1.86125e+002  9.82000e+002 -1.59578e+001  1.63780e+001  1.81833e+002
           983  1.86215e+002  9.83000e+002 -1.59695e+001  1.63780e+001  1.81917e+002
           984  1.86292e+002  9.84000e+002 -1.59827e+001  1.63780e+001  1.82000e+002
           985  1.86380e+002  9.85000e+002 -1.59956e+001  1.63780e+001  1.82083e+002
           986  1.86466e+002  9.86000e+002 -1.60086e+001  1.63779e+001  1.82167e+002
           987  1.86560e+002  9.87000e+002 -1.60225e+001  1.63778e+001  1.82250e+002
           988  1.86641e+002  9.88000e+002 -1.60364e+001  1.63776e+001  1.82333e+002
           989  1.86721e+002  9.89000e+002 -1.60498e+001  1.63775e+001  1.82417e+002
           990  1.86809e+002  9.90000e+002 -1.60629e+001  1.63774e+001  1.82500e+002
           991  1.86900e+002  9.91000e+002 -1.60765e+001  1.63773e+001  1.82583e+002
           992  1.86981e+002  9.92000e+002 -1.60904e+001  1.63772e+001  1.82667e+002
           993  1.87064e+002  9.93000e+002 -1.61040e+001  1.63771e+001  1.82750e+002
           994  1.87154e+002  9.94000e+002 -1.61171e+001  1.63771e+001  1.82833e+002
           995  1.87240e+002  9.95000e+002 -1.61300e+001  1.63770e+001  1.82917e+002
           996  1.87328e+002  9.96000e+002 -1.61435e+001  1.63770e+001  1.83000e+002
           997  1.87411e+002  9.97000e+002 -1.61567e+001  1.63770e+001  1.83083e+002
           998  1.87502e+002  9.98000e+002 -1.61691e+001  1.63770e+001  1.83167e+002
           999  1.87588e+002  9.99000e+002 -1.61816e+001  1.63770e+001  1.83250e+002
          1000  1.87660e+002  1.00000e+003 -1.61931e+001  1.63770e+001  1.83333e+002
          1001  1.87763e+002  1.00100e+003 -1.62052e+001  1.63769e+001  1.83417e+002
          1002  1.87845e+002  1.00200e+003 -1.62183e+001  1.63768e+001  1.83500e+002
          1003  1.87932e+002  1.00300e+003 -1.62315e+001  1.63767e+001  1.83583e+002
          1004  1.88013e+002  1.00400e+003 -1.62435e+001  1.63765e+001  1.83667e+002
          1005  1.88096e+002  1.00500e+003 -1.62573e+001  1.63764e+001  1.83750e+002
          1006  1.88181e+002  1.00600e+003 -1.62710e+001  1.63763e+001  1.83833e+002
          1007  1.88265e+002  1.00700e+003 -1.62847e+001  1.63762e+001  1.83917e+002
          1008  1.88352e+002  1.00800e+003 -1.63010e+001  1.63761e+001  1.84000e+002
          1009  1.88433e+002  1.00900e+003 -1.63143e+001  1.63761e+001  1.84083e+002
          1010  1.88520e+002  1.01000e+003 -1.63275e+001  1.63761e+001  1.84167e+002
          1011  1.88612e+002  1.01100e+003 -1.63415e+001  1.63760e+001  1.84250e+002
          1012  1.88697e+002  1.01200e+003 -1.63564e+001  1.63760e+001  1.84333e+002
          1013  1.88772e+002  1.01300e+003 -1.63702e+001  1.63760e+001  1.84417e+002
          1014  1.88853e+002  1.01400e+003 -1.63828e+001  1.63760e+001  1.84500e+002
          1015  1.88951e+002  1.01500e+003 -1.63961e+001  1.63760e+001  1.84583e+002
          1016  1.89024e+002  1.01600e+003 -1.64066e+001  1.63760e+001  1.84667e+002
          1017  1.89121e+002  1.01700e+003 -1.64190e+001  1.63759e+001  1.84750e+002
          1018  1.89204e+002  1.01800e+003 -1.64320e+001  1.63758e+001  1.84833e+002
          1019  1.89291e+002  1.01900e+003 -1.64452e+001  1.63757e+001  1.84917e+002
          1020  1.89385e+002  1.02000e+003 -1.64566e+001  1.63755e+001  1.85000e+002
          1021  1.89469e+002  1.02100e+003 -1.64688e+001  1.63754e+001  1.85083e+002
          1022  1.89543e+002  1.02200e+003 -1.64815e+001  1.63753e+001  1.85167e+002
          1023  1.89624e+002  1.02300e+003 -1.64941e+001  1.63752e+001  1.85250e+002
          1024  1.89719e+002  1.02400e+003 -1.65071e+001  1.63751e+001  1.85333e+002
          1025  1.89809e+002  1.02500e+003 -1.65200e+001  1.63751e+001  1.85417e+002
          1026  1.89889e+002  1.02600e+003 -1.65327e+001  1.63751e+001  1.85500e+002
          1027  1.89977e+002  1.02700e+003 -1.65459e+001  1.63750e+001  1.85583e+002
          1028  1.90066e+002  1.02800e+003 -1.65602e+001  1.63750e+001  1.85667e+002
          1029  1.90155e+002  1.02900e+003 -1.65737e+001  1.63750e+001  1.85750e+002
          1030  1.90234e+002  1.03000e+003 -1.65871e+001  1.63750e+001  1.85833e+002
          1031  1.90320e+002  1.03100e+003 -1.66008e+001  1.63750e+001  1.85917e+002
          1032  1.90404e+002  1.03200e+003 -1.66137e+001  1.63749e+001  1.86000e+002
          1033  1.90485e+002  1.03300e+003 -1.66264e+001  1.63748e+001  1.86083e+002
          1034  1.90568e+002  1.03400e+003 -1.66398e+001  1.63748e+001  1.86167e+002
          1035  1.90657e+002  1.03500e+003 -1.66535e+001  1.63748e+001  1.86250e+002
          1036  1.90747e+002  1.03600e+003 -1.66662e+001  1.63747e+001  1.86333e+002
          1037  1.90831e+002  1.03700e+003 -1.66789e+001  1.63747e+001  1.86417e+002
          1038  1.90931e+002  1.03800e+003 -1.66914e+001  1.63747e+001  1.86500e+002
          1039  1.91016e+002  1.03900e+003 -1.67039e+001  1.63748e+001  1.86583e+002
          1040  1.91099e+002  1.04000e+003 -1.67157e+001  1.63749e+001  1.86667e+002
          1041  1.91181e+002  1.04100e+003 -1.67282e+001  1.63749e+001  1.86750e+002
          1042  1.91271e+002  1.04200e+003 -1.67409e+001  1.63749e+001  1.86833e+002
          1043  1.91358e+002  1.04300e+003 -1.67539e+001  1.63750e+001  1.86917e+002
          1044  1.91442e+002  1.04400e+003 -1.67663e+001  1.63750e+001  1.87000e+002
          1045  1.91535e+002  1.04500e+003 -1.67789e+001  1.63750e+001  1.87083e+002
          1046  1.91608e+002  1.04600e+003 -1.67919e+001  1.63750e+001  1.87167e+002
          1047  1.91709e+002  1.04700e+003 -1.68047e+001  1.63749e+001  1.87250e+002
          1048  1.91790e+002  1.04800e+003 -1.68191e+001  1.63748e+001  1.87333e+002
          1049  1.91870e+002  1.04900e+003 -1.68333e+001  1.63746e+001  1.87417e+002
          1050  1.91950e+002  1.05000e+003 -1.68476e+001  1.63745e+001  1.87500e+002
          1051  1.92043e+002  1.05100e+003 -1.68622e+001  1.63744e+001  1.87583e+002
          1052  1.92134e+002  1.05200e+003 -1.68755e+001  1.63743e+001  1.87667e+002
          1053  1.92214e+002  1.05300e+003 -1.68881e+001  1.63742e+001  1.87750e+002
          1054  1.92296e+002  1.05400e+003 -1.69016e+001  1.63741e+001  1.87833e+002
          1055  1.92382e+002  1.05500e+003 -1.69147e+001  1.63740e+001  1.87917e+002
          1056  1.92457e+002  1.05600e+003 -1.69272e+001  1.63741e+001  1.88000e+002
          1057  1.92542e+002  1.05700e+003 -1.69396e+001  1.63740e+001  1.88083e+002
          1058  1.92630e+002  1.05800e+003 -1.69517e+001  1.63740e+001  1.88167e+002
          1059  1.92722e+002  1.05900e+003 -1.69634e+001  1.63740e+001  1.88250e+002
          1060  1.92803e+002  1.06000e+003 -1.69724e+001  1.63740e+001  1.88333e+002
          1061  1.92891e+002  1.06100e+003 -1.69836e+001  1.63740e+001  1.88417e+002
          1062  1.92982e+002  1.06200e+003 -1.69961e+001  1.63740e+001  1.88500e+002
          1063  1.93065e+002  1.06300e+003 -1.70091e+001  1.63739e+001  1.88583e+002
          1064  1.93155e+002  1.06400e+003 -1.70193e+001  1.63738e+001  1.88667e+002
          1065  1.93247e+002  1.06500e+003 -1.70304e+001  1.63737e+001  1.88750e+002
          1066  1.93323e+002  1.06600e+003 -1.70422e+001  1.63735e+001  1.88833e+002
          1067  1.93405e+002  1.06700e+003 -1.70536e+001  1.63734e+001  1.88917e+002
          1068  1.93495e+002  1.06800e+003 -1.70665e+001  1.63733e+001  1.89000e+002
          1069  1.93580e+002  1.06900e+003 -1.70796e+001  1.63732e+001  1.89083e+002
          1070  1.93663e+002  1.07000e+003 -1.70925e+001  1.63731e+001  1.89167e+002
          1071  1.93754e+002  1.07100e+003 -1.71051e+001  1.63730e+001  1.89250e+002
          1072  1.93827e+002  1.07200e+003 -1.71196e+001  1.63731e+001  1.89333e+002
          1073  1.93919e+002  1.07300e+003 -1.71322e+001  1.63730e+001  1.89417e+002
          1074  1.93996e+002  1.07400e+003 -1.71441e+001  1.63730e+001  1.89500e+002
          1075  1.94092e+002  1.07500e+003 -1.71564e+001  1.63730e+001  1.89583e+002
          1076  1.94176e+002  1.07600e+003 -1.71697e+001  1.63730e+001  1.89667e+002
          1077  1.94261e+002  1.07700e+003 -1.71826e+001  1.63730e+001  1.89750e+002
          1078  1.94348e+002  1.07800e+003 -1.71951e+001  1.63730e+001  1.89833e+002
          1079  1.94432e+002  1.07900e+003 -1.72071e+001  1.63729e+001  1.89917e+002
          1080  1.94520e+002  1.08000e+003 -1.72201e+001  1.63728e+001  1.90000e+002
          1081  1.94605e+002  1.08100e+003 -1.72332e+001  1.63727e+001  1.90083e+002
          1082  1.94694e+002  1.08200e+003 -1.72455e+001  1.63725e+001  1.90167e+002
          1083  1.94780e+002  1.08300e+003 -1.72587e+001  1.63724e+001  1.90250e+002
          1084  1.94858e+002  1.08400e+003 -1.72722e+001  1.63723e+001  1.90333e+002
          1085  1.94935e+002  1.08500e+003 -1.72842e+001  1.63722e+001  1.90417e+002
          1086  1.95035e+002  1.08600e+003 -1.72961e+001  1.63721e+001  1.90500e+002
          1087  1.95118e+002  1.08700e+003 -1.73094e+001  1.63720e+001  1.90583e+002
          1088  1.95206e+002  1.08800e+003 -1.73208e+001  1.63721e+001  1.90667e+002
          1089  1.95279e+002  1.08900e+003 -1.73345e+001  1.63720e+001  1.90750e+002
          1090  1.95371e+002  1.09000e+003 -1.73481e+001  1.63720e+001  1.90833e+002
          1091  1.95457e+002  1.09100e+003 -1.73608e+001  1.63720e+001  1.90917e+002
          1092  1.95538e+002  1.09200e+003 -1.73744e+001  1.63720e+001  1.91000e+002
          1093  1.95628e+002  1.09300e+003 -1.73867e+001  1.63720e+001  1.91083e+002
          1094  1.95719e+002  1.09400e+003 -1.73989e+001  1.63720e+001  1.91167e+002
          1095  1.95799e+002  1.09500e+003 -1.74121e+001  1.63719e+001  1.91250e+002
          1096  1.95891e+002  1.09600e+003 -1.74255e+001  1.63718e+001  1.91333e+002
          1097  1.95974e+002  1.09700e+003 -1.74377e+001  1.63717e+001  1.91417e+002
          1098  1.96058e+002  1.09800e+003 -1.74506e+001  1.63715e+001  1.91500e+002
          1099  1.96152e+002  1.09900e+003 -1.74635e+001  1.63714e+001  1.91583e+002
          1100  1.96232e+002  1.10000e+003 -1.74733e+001  1.63713e+001  1.91667e+002
          1101  1.96313e+002  1.10100e+003 -1.74850e+001  1.63712e+001  1.91750e+002
          1102  1.96403e+002  1.10200e+003 -1.74981e+001  1.63711e+001  1.91833e+002
          1103  1.96487e+002  1.10300e+003 -1.75112e+001  1.63710e+001  1.91917e+002
          1104  1.96571e+002  1.10400e+003 -1.75253e+001  1.63711e+001  1.92000e+002
          1105  1.96651e+002  1.10500e+003 -1.75378e+001  1.63710e+001  1.92083e+002
          1106  1.96746e+002  1.10600e+003 -1.75497e+001  1.63710e+001  1.92167e+002
          1107  1.96827e+002  1.10700e+003 -1.75616e+001  1.63710e+001  1.92250e+002
          1108  1.96921e+002  1.10800e+003 -1.75743e+001  1.63710e+001  1.92333e+002
          1109  1.97018e+002  1.10900e+003 -1.75875e+001  1.63710e+001  1.92417e+002
          1110  1.97086e+002  1.11000e+003 -1.76005e+001  1.63710e+001  1.92500e+002
          1111  1.97176e+002  1.11100e+003 -1.76133e+001  1.63709e+001  1.92583e+002
          1112  1.97262e+002  1.11200e+003 -1.76251e+001  1.63708e+001  1.92667e+002
          1113  1.97346e+002  1.11300e+003 -1.76375e+001  1.63707e+001  1.92750e+002
          1114  1.97441e+002  1.11400e+003 -1.76500e+001  1.63705e+001  1.92833e+002
          1115  1.97528e+002  1.11500e+003 -1.76624e+001  1.63704e+001  1.92917e+002
          1116  1.97604e+002  1.11600e+003 -1.76749e+001  1.63703e+001  1.93000e+002
          1117  1.97694e+002  1.11700e+003 -1.76873e+001  1.63702e+001  1.93083e+002
          1118  1.97775e+002  1.11800e+003 -1.76985e+001  1.63701e+001  1.93167e+002
          1119  1.97858e+002  1.11900e+003 -1.77099e+001  1.63700e+001  1.93250e+002
          1120  1.97958e+002  1.12000e+003 -1.77223e+001  1.63701e+001  1.93333e+002
          1121  1.98039e+002  1.12100e+003 -1.77347e+001  1.63700e+001  1.93417e+002
          1122  1.98122e+002  1.12200e+003 -1.77476e+001  1.63700e+001  1.93500e+002
          1123  1.98208e+002  1.12300e+003 -1.77615e+001  1.63700e+001  1.93583e+002
          1124  1.98297e+002  1.12400e+003 -1.77735e+001  1.63700e+001  1.93667e+002
          1125  1.98378e+002  1.12500e+003 -1.77860e+001  1.63700e+001  1.93750e+002
          1126  1.98467e+002  1.12600e+003 -1.77990e+001  1.63700e+001  1.93833e+002
          1127  1.98558e+002  1.12700e+003 -1.78115e+001  1.63699e+001  1.93917e+002
          1128  1.98637e+002  1.12800e+003 -1.78254e+001  1.63697e+001  1.94000e+002
          1129  1.98723e+002  1.12900e+003 -1.78380e+001  1.63695e+001  1.94083e+002
          1130  1.98811e+002  1.13000e+003 -1.78514e+001  1.63693e+001  1.94167e+002
          1131  1.98891e+002  1.13100e+003 -1.78658e+001  1.63691e+001  1.94250e+002
          1132  1.98981e+002  1.13200e+003 -1.78794e+001  1.63688e+001  1.94333e+002
          1133  1.99064e+002  1.13300e+003 -1.78928e+001  1.63686e+001  1.94417e+002
          1134  1.99154e+002  1.13400e+003 -1.79068e+001  1.63684e+001  1.94500e+002
          1135  1.99245e+002  1.13500e+003 -1.79205e+001  1.63682e+001  1.94583e+002
          1136  1.99322e+002  1.13600e+003 -1.79325e+001  1.63682e+001  1.94667e+002
          1137  1.99412e+002  1.13700e+003 -1.79446e+001  1.63681e+001  1.94750e+002
          1138  1.99497e+002  1.13800e+003 -1.79560e+001  1.63681e+001  1.94833e+002
          1139  1.99583e+002  1.13900e+003 -1.79675e+001  1.63680e+001  1.94917e+002
          1140  1.99673e+002  1.14000e+003 -1.79813e+001  1.63680e+001  1.95000e+002
          1141  1.99747e+002  1.14100e+003 -1.79939e+001  1.63680e+001  1.95083e+002
          1142  1.99842e+002  1.14200e+003 -1.80056e+001  1.63680e+001  1.95167e+002
          1143  1.99923e+002  1.14300e+003 -1.80170e+001  1.63679e+001  1.95250e+002
          1144  2.00022e+002  1.14400e+003 -1.80264e+001  1.63678e+001  1.95333e+002
          1145  2.00106e+002  1.14500e+003 -1.80385e+001  1.63677e+001  1.95417e+002
          1146  2.00199e+002  1.14600e+003 -1.80509e+001  1.63675e+001  1.95500e+002
          1147  2.00290e+002  1.14700e+003 -1.80623e+001  1.63674e+001  1.95583e+002
          1148  2.00370e+002  1.14800e+003 -1.80746e+001  1.63673e+001  1.95667e+002
          1149  2.00436e+002  1.14900e+003 -1.80867e+001  1.63672e+001  1.95750e+002
          1150  2.00536e+002  1.15000e+003 -1.80987e+001  1.63671e+001  1.95833e+002
          1151  2.00613e+002  1.15100e+003 -1.81100e+001  1.63670e+001  1.95917e+002
          1152  2.00706e+002  1.15200e+003 -1.81220e+001  1.63671e+001  1.96000e+002
          1153  2.00795e+002  1.15300e+003 -1.81346e+001  1.63670e+001  1.96083e+002
          1154  2.00883e+002  1.15400e+003 -1.81484e+001  1.63670e+001  1.96167e+002
          1155  2.00966e+002  1.15500e+003 -1.81623e+001  1.63670e+001  1.96250e+002
          1156  2.01051e+002  1.15600e+003 -1.81751e+001  1.63670e+001  1.96333e+002
          1157  2.01128e+002  1.15700e+003 -1.81892e+001  1.63670e+001  1.96417e+002
          1158  2.01221e+002  1.15800e+003 -1.82035e+001  1.63670e+001  1.96500e+002
          1159  2.01307e+002  1.15900e+003 -1.82182e+001  1.63670e+001  1.96583e+002
          1160  2.01403e+002  1.16000e+003 -1.82333e+001  1.63669e+001  1.96667e+002
          1161  2.01491e+002  1.16100e+003 -1.82473e+001  1.63668e+001  1.96750e+002
          1162  2.01567e+002  1.16200e+003 -1.82599e+001  1.63667e+001  1.96833e+002
          1163  2.01659e+002  1.16300e+003 -1.82723e+001  1.63666e+001  1.96917e+002
          1164  2.01747e+002  1.16400e+003 -1.82872e+001  1.63662e+001  1.97000e+002
          1165  2.01826e+002  1.16500e+003 -1.83005e+001  1.63660e+001  1.97083e+002
          1166  2.01912e+002  1.16600e+003 -1.83127e+001  1.63658e+001  1.97167e+002
          1167  2.02004e+002  1.16700e+003 -1.83250e+001  1.63656e+001  1.97250e+002
          1168  2.02087e+002  1.16800e+003 -1.83348e+001  1.63654e+001  1.97333e+002
          1169  2.02170e+002  1.16900e+003 -1.83456e+001  1.63653e+001  1.97417e+002
          1170  2.02254e+002  1.17000e+003 -1.83579e+001  1.63652e+001  1.97500e+002
          1171  2.02345e+002  1.17100e+003 -1.83708e+001  1.63651e+001  1.97583e+002
          1172  2.02420e+002  1.17200e+003 -1.83809e+001  1.63651e+001  1.97667e+002
          1173  2.02516e+002  1.17300e+003 -1.83921e+001  1.63651e+001  1.97750e+002
          1174  2.02599e+002  1.17400e+003 -1.84033e+001  1.63650e+001  1.97833e+002
          1175  2.02697e+002  1.17500e+003 -1.84150e+001  1.63650e+001  1.97917e+002
          1176  2.02772e+002  1.17600e+003 -1.84258e+001  1.63649e+001  1.98000e+002
          1177  2.02856e+002  1.17700e+003 -1.84355e+001  1.63648e+001  1.98083e+002
          1178  2.02950e+002  1.17800e+003 -1.84452e+001  1.63647e+001  1.98167e+002
          1179  2.03035e+002  1.17900e+003 -1.84552e+001  1.63646e+001  1.98250e+002
          1180  2.03114e+002  1.18000e+003 -1.84637e+001  1.63644e+001  1.98333e+002
          1181  2.03209e+002  1.18100e+003 -1.84731e+001  1.63642e+001  1.98417e+002
          1182  2.03296e+002  1.18200e+003 -1.84850e+001  1.63641e+001  1.98500e+002
          1183  2.03374e+002  1.18300e+003 -1.84975e+001  1.63641e+001  1.98583e+002
          1184  2.03470e+002  1.18400e+003 -1.85055e+001  1.63641e+001  1.98667e+002
          1185  2.03556e+002  1.18500e+003 -1.85159e+001  1.63640e+001  1.98750e+002
          1186  2.03642e+002  1.18600e+003 -1.85275e+001  1.63640e+001  1.98833e+002
          1187  2.03723e+002  1.18700e+003 -1.85389e+001  1.63639e+001  1.98917e+002
          1188  2.03807e+002  1.18800e+003 -1.85524e+001  1.63638e+001  1.99000e+002
          1189  2.03898e+002  1.18900e+003 -1.85645e+001  1.63637e+001  1.99083e+002
          1190  2.03975e+002  1.19000e+003 -1.85757e+001  1.63635e+001  1.99167e+002
          1191  2.04060e+002  1.19100e+003 -1.85874e+001  1.63634e+001  1.99250e+002
          1192  2.04147e+002  1.19200e+003 -1.86014e+001  1.63632e+001  1.99333e+002
          1193  2.04235e+002  1.19300e+003 -1.86137e+001  1.63630e+001  1.99417e+002
          1194  2.04318e+002  1.19400e+003 -1.86262e+001  1.63628e+001  1.99500e+002
          1195  2.04402e+002  1.19500e+003 -1.86381e+001  1.63626e+001  1.99583e+002
          1196  2.04484e+002  1.19600e+003 -1.86491e+001  1.63624e+001  1.99667e+002
          1197  2.04575e+002  1.19700e+003 -1.86607e+001  1.63623e+001  1.99750e+002
          1198  2.04655e+002  1.19800e+003 -1.86720e+001  1.63622e+001  1.99833e+002
          1199  2.04736e+002  1.19900e+003 -1.86831e+001  1.63621e+001  1.99917e+002
          1200  2.04819e+002  1.20000e+003 -1.86958e+001  1.63621e+001  2.00000e+002
          1201  2.04908e+002  1.20100e+003 -1.87088e+001  1.63621e+001  2.00083e+002
          1202  2.04987e+002  1.20200e+003 -1.87218e+001  1.63620e+001  2.00167e+002
          1203  2.05080e+002  1.20300e+003 -1.87350e+001  1.63620e+001  2.00250e+002
          1204  2.05170e+002  1.20400e+003 -1.87463e+001  1.63620e+001  2.00333e+002
          1205  2.05246e+002  1.20500e+003 -1.87572e+001  1.63619e+001  2.00417e+002
          1206  2.05342e+002  1.20600e+003 -1.87685e+001  1.63618e+001  2.00500e+002
          1207  2.05429e+002  1.20700e+003 -1.87794e+001  1.63617e+001  2.00583e+002
          1208  2.05513e+002  1.20800e+003 -1.87906e+001  1.63615e+001  2.00667e+002
          1209  2.05588e+002  1.20900e+003 -1.88005e+001  1.63613e+001  2.00750e+002
          1210  2.05669e+002  1.21000e+003 -1.88101e+001  1.63611e+001  2.00833e+002
          1211  2.05766e+002  1.21100e+003 -1.88202e+001  1.63609e+001  2.00917e+002
          1212  2.05844e+002  1.21200e+003 -1.88299e+001  1.63606e+001  2.01000e+002
          1213  2.05933e+002  1.21300e+003 -1.88398e+001  1.63605e+001  2.01083e+002
          1214  2.06014e+002  1.21400e+003 -1.88502e+001  1.63603e+001  2.01167e+002
          1215  2.06108e+002  1.21500e+003 -1.88606e+001  1.63602e+001  2.01250e+002
          1216  2.06195e+002  1.21600e+003 -1.88712e+001  1.63602e+001  2.01333e+002
          1217  2.06284e+002  1.21700e+003 -1.88829e+001  1.63601e+001  2.01417e+002
          1218  2.06370e+002  1.21800e+003 -1.88943e+001  1.63601e+001  2.01500e+002
          1219  2.06465e+002  1.21900e+003 -1.89060e+001  1.63600e+001  2.01583e+002
          1220  2.06542e+002  1.22000e+003 -1.89216e+001  1.63600e+001  2.01667e+002
          1221  2.06635e+002  1.22100e+003 -1.89341e+001  1.63599e+001  2.01750e+002
          1222  2.06706e+002  1.22200e+003 -1.89458e+001  1.63598e+001  2.01833e+002
          1223  2.06800e+002  1.22300e+003 -1.89572e+001  1.63597e+001  2.01917e+002
          1224  2.06879e+002  1.22400e+003 -1.89720e+001  1.63595e+001  2.02000e+002
          1225  2.06971e+002  1.22500e+003 -1.89853e+001  1.63593e+001  2.02083e+002
          1226  2.07049e+002  1.22600e+003 -1.89983e+001  1.63591e+001  2.02167e+002
          1227  2.07127e+002  1.22700e+003 -1.90116e+001  1.63589e+001  2.02250e+002
          1228  2.07217e+002  1.22800e+003 -1.90233e+001  1.63586e+001  2.02333e+002
          1229  2.07314e+002  1.22900e+003 -1.90355e+001  1.63585e+001  2.02417e+002
          1230  2.07403e+002  1.23000e+003 -1.90469e+001  1.63583e+001  2.02500e+002
          1231  2.07481e+002  1.23100e+003 -1.90577e+001  1.63582e+001  2.02583e+002
          1232  2.07563e+002  1.23200e+003 -1.90693e+001  1.63582e+001  2.02667e+002
          1233  2.07649e+002  1.23300e+003 -1.90796e+001  1.63581e+001  2.02750e+002
          1234  2.07731e+002  1.23400e+003 -1.90900e+001  1.63581e+001  2.02833e+002
          1235  2.07818e+002  1.23500e+003 -1.91003e+001  1.63580e+001  2.02917e+002
          1236  2.07911e+002  1.23600e+003 -1.91108e+001  1.63580e+001  2.03000e+002
          1237  2.07991e+002  1.23700e+003 -1.91219e+001  1.63580e+001  2.03083e+002
          1238  2.08085e+002  1.23800e+003 -1.91331e+001  1.63579e+001  2.03167e+002
          1239  2.08169e+002  1.23900e+003 -1.91446e+001  1.63578e+001  2.03250e+002
          1240  2.08251e+002  1.24000e+003 -1.91560e+001  1.63576e+001  2.03333e+002
          1241  2.08346e+002  1.24100e+003 -1.91682e+001  1.63575e+001  2.03417e+002
          1242  2.08430e+002  1.24200e+003 -1.91804e+001  1.63573e+001  2.03500e+002
          1243  2.08515e+002  1.24300e+003 -1.91921e+001  1.63571e+001  2.03583e+002
          1244  2.08595e+002  1.24400e+003 -1.92067e+001  1.63569e+001  2.03667e+002
          1245  2.08684e+002  1.24500e+003 -1.92191e+001  1.63567e+001  2.03750e+002
          1246  2.08769e+002  1.24600e+003 -1.92309e+001  1.63565e+001  2.03833e+002
          1247  2.08852e+002  1.24700e+003 -1.92425e+001  1.63563e+001  2.03917e+002
          1248  2.08935e+002  1.24800e+003 -1.92541e+001  1.63563e+001  2.04000e+002
          1249  2.09028e+002  1.24900e+003 -1.92652e+001  1.63562e+001  2.04083e+002
          1250  2.09103e+002  1.25000e+003 -1.92758e+001  1.63561e+001  2.04167e+002
          1251  2.09195e+002  1.25100e+003 -1.92862e+001  1.63560e+001  2.04250e+002
          1252  2.09278e+002  1.25200e+003 -1.92956e+001  1.63559e+001  2.04333e+002
          1253  2.09368e+002  1.25300e+003 -1.93071e+001  1.63558e+001  2.04417e+002
          1254  2.09437e+002  1.25400e+003 -1.93187e+001  1.63557e+001  2.04500e+002
          1255  2.09537e+002  1.25500e+003 -1.93296e+001  1.63556e+001  2.04583e+002
          1256  2.09625e+002  1.25600e+003 -1.93392e+001  1.63554e+001  2.04667e+002
          1257  2.09705e+002  1.25700e+003 -1.93504e+001  1.63552e+001  2.04750e+002
          1258  2.09783e+002  1.25800e+003 -1.93619e+001  1.63551e+001  2.04833e+002
          1259  2.09889e+002  1.25900e+003 -1.93749e+001  1.63549e+001  2.04917e+002
          1260  2.09954e+002  1.26000e+003 -1.93890e+001  1.63548e+001  2.05000e+002
          1261  2.10053e+002  1.26100e+003 -1.94010e+001  1.63547e+001  2.05083e+002
          1262  2.10126e+002  1.26200e+003 -1.94124e+001  1.63546e+001  2.05167e+002
          1263  2.10214e+002  1.26300e+003 -1.94241e+001  1.63544e+001  2.05250e+002
          1264  2.10304e+002  1.26400e+003 -1.94351e+001  1.63543e+001  2.05333e+002
          1265  2.10387e+002  1.26500e+003 -1.94458e+001  1.63541e+001  2.05417e+002
          1266  2.10463e+002  1.26600e+003 -1.94561e+001  1.63539e+001  2.05500e+002
          1267  2.10572e+002  1.26700e+003 -1.94667e+001  1.63537e+001  2.05583e+002
          1268  2.10647e+002  1.26800e+003 -1.94786e+001  1.63536e+001  2.05667e+002
          1269  2.10733e+002  1.26900e+003 -1.94899e+001  1.63534e+001  2.05750e+002
          1270  2.10829e+002  1.27000e+003 -1.95030e+001  1.63533e+001  2.05833e+002
          1271  2.10903e+002  1.27100e+003 -1.95158e+001  1.63532e+001  2.05917e+002
          1272  2.10987e+002  1.27200e+003 -1.95244e+001  1.63532e+001  2.06000e+002
          1273  2.11077e+002  1.27300e+003 -1.95346e+001  1.63531e+001  2.06083e+002
          1274  2.11167e+002  1.27400e+003 -1.95455e+001  1.63530e+001  2.06167e+002
          1275  2.11255e+002  1.27500e+003 -1.95569e+001  1.63529e+001  2.06250e+002
          1276  2.11333e+002  1.27600e+003 -1.95707e+001  1.63528e+001  2.06333e+002
          1277  2.11427e+002  1.27700e+003 -1.95828e+001  1.63526e+001  2.06417e+002
          1278  2.11508e+002  1.27800e+003 -1.95930e+001  1.63523e+001  2.06500e+002
          1279  2.11580e+002  1.27900e+003 -1.96022e+001  1.63521e+001  2.06583e+002
          1280  2.11672e+002  1.28000e+003 -1.96133e+001  1.63518e+001  2.06667e+002
          1281  2.11762e+002  1.28100e+003 -1.96238e+001  1.63516e+001  2.06750e+002
          1282  2.11848e+002  1.28200e+003 -1.96346e+001  1.63514e+001  2.06833e+002
          1283  2.11932e+002  1.28300e+003 -1.96454e+001  1.63512e+001  2.06917e+002
          1284  2.12018e+002  1.28400e+003 -1.96559e+001  1.63512e+001  2.07000e+002
          1285  2.12104e+002  1.28500e+003 -1.96675e+001  1.63511e+001  2.07083e+002
          1286  2.12188e+002  1.28600e+003 -1.96780e+001  1.63510e+001  2.07167e+002
          1287  2.12270e+002  1.28700e+003 -1.96888e+001  1.63508e+001  2.07250e+002
          1288  2.12363e+002  1.28800e+003 -1.96983e+001  1.63507e+001  2.07333e+002
          1289  2.12450e+002  1.28900e+003 -1.97100e+001  1.63505e+001  2.07417e+002
          1290  2.12530e+002  1.29000e+003 -1.97220e+001  1.63504e+001  2.07500e+002
          1291  2.12614e+002  1.29100e+003 -1.97334e+001  1.63503e+001  2.07583e+002
          1292  2.12697e+002  1.29200e+003 -1.97478e+001  1.63501e+001  2.07667e+002
          1293  2.12779e+002  1.29300e+003 -1.97604e+001  1.63499e+001  2.07750e+002
          1294  2.12866e+002  1.29400e+003 -1.97721e+001  1.63498e+001  2.07833e+002
          1295  2.12952e+002  1.29500e+003 -1.97832e+001  1.63496e+001  2.07917e+002
          1296  2.13030e+002  1.29600e+003 -1.97956e+001  1.63494e+001  2.08000e+002
          1297  2.13127e+002  1.29700e+003 -1.98062e+001  1.63492e+001  2.08083e+002
          1298  2.13210e+002  1.29800e+003 -1.98166e+001  1.63490e+001  2.08167e+002
          1299  2.13303e+002  1.29900e+003 -1.98274e+001  1.63488e+001  2.08250e+002
          1300  2.13385e+002  1.30000e+003 -1.98368e+001  1.63487e+001  2.08333e+002
          1301  2.13468e+002  1.30100e+003 -1.98480e+001  1.63486e+001  2.08417e+002
          1302  2.13552e+002  1.30200e+003 -1.98592e+001  1.63484e+001  2.08500e+002
          1303  2.13646e+002  1.30300e+003 -1.98709e+001  1.63483e+001  2.08583e+002
          1304  2.13727e+002  1.30400e+003 -1.98810e+001  1.63482e+001  2.08667e+002
          1305  2.13814e+002  1.30500e+003 -1.98917e+001  1.63482e+001  2.08750e+002
          1306  2.13909e+002  1.30600e+003 -1.99029e+001  1.63481e+001  2.08833e+002
          1307  2.13985e+002  1.30700e+003 -1.99138e+001  1.63479e+001  2.08917e+002
          1308  2.14073e+002  1.30800e+003 -1.99247e+001  1.63478e+001  2.09000e+002
          1309  2.14162e+002  1.30900e+003 -1.99350e+001  1.63476e+001  2.09083e+002
          1310  2.14254e+002  1.31000e+003 -1.99456e+001  1.63473e+001  2.09167e+002
          1311  2.14330e+002  1.31100e+003 -1.99566e+001  1.63471e+001  2.09250e+002
          1312  2.14413e+002  1.31200e+003 -1.99682e+001  1.63468e+001  2.09333e+002
          1313  2.14508e+002  1.31300e+003 -1.99791e+001  1.63466e+001  2.09417e+002
          1314  2.14584e+002  1.31400e+003 -1.99897e+001  1.63464e+001  2.09500e+002
          1315  2.14675e+002  1.31500e+003 -1.99996e+001  1.63462e+001  2.09583e+002
          1316  2.14763e+002  1.31600e+003 -2.00084e+001  1.63462e+001  2.09667e+002
          1317  2.14854e+002  1.31700e+003 -2.00182e+001  1.63460e+001  2.09750e+002
          1318  2.14940e+002  1.31800e+003 -2.00279e+001  1.63459e+001  2.09833e+002
          1319  2.15020e+002  1.31900e+003 -2.00368e+001  1.63457e+001  2.09917e+002
          1320  2.15105e+002  1.32000e+003 -2.00485e+001  1.63455e+001  2.10000e+002
          1321  2.15194e+002  1.32100e+003 -2.00598e+001  1.63454e+001  2.10083e+002
          1322  2.15281e+002  1.32200e+003 -2.00712e+001  1.63453e+001  2.10167e+002
          1323  2.15368e+002  1.32300e+003 -2.00819e+001  1.63452e+001  2.10250e+002
          1324  2.15456e+002  1.32400e+003 -2.00920e+001  1.63450e+001  2.10333e+002
          1325  2.15536e+002  1.32500e+003 -2.01019e+001  1.63448e+001  2.10417e+002
          1326  2.15626e+002  1.32600e+003 -2.01119e+001  1.63446e+001  2.10500e+002
          1327  2.15710e+002  1.32700e+003 -2.01223e+001  1.63444e+001  2.10583e+002
          1328  2.15795e+002  1.32800e+003 -2.01337e+001  1.63440e+001  2.10667e+002
          1329  2.15872e+002  1.32900e+003 -2.01448e+001  1.63438e+001  2.10750e+002
          1330  2.15962e+002  1.33000e+003 -2.01564e+001  1.63436e+001  2.10833e+002
          1331  2.16040e+002  1.33100e+003 -2.01679e+001  1.63434e+001  2.10917e+002
          1332  2.16132e+002  1.33200e+003 -2.01781e+001  1.63433e+001  2.11000e+002
          1333  2.16218e+002  1.33300e+003 -2.01884e+001  1.63431e+001  2.11083e+002
          1334  2.16308e+002  1.33400e+003 -2.01990e+001  1.63429e+001  2.11167e+002
          1335  2.16394e+002  1.33500e+003 -2.02097e+001  1.63427e+001  2.11250e+002
          1336  2.16486e+002  1.33600e+003 -2.02208e+001  1.63426e+001  2.11333e+002
          1337  2.16565e+002  1.33700e+003 -2.02329e+001  1.63424e+001  2.11417e+002
          1338  2.16654e+002  1.33800e+003 -2.02448e+001  1.63423e+001  2.11500e+002
          1339  2.16736e+002  1.33900e+003 -2.02561e+001  1.63422e+001  2.11583e+002
          1340  2.16825e+002  1.34000e+003 -2.02669e+001  1.63421e+001  2.11667e+002
          1341  2.16918e+002  1.34100e+003 -2.02776e+001  1.63420e+001  2.11750e+002
          1342  2.16991e+002  1.34200e+003 -2.02886e+001  1.63418e+001  2.11833e+002
          1343  2.17088e+002  1.34300e+003 -2.02992e+001  1.63416e+001  2.11917e+002
          1344  2.17164e+002  1.34400e+003 -2.03104e+001  1.63413e+001  2.12000e+002
          1345  2.17246e+002  1.34500e+003 -2.03216e+001  1.63410e+001  2.12083e+002
          1346  2.17337e+002  1.34600e+003 -2.03324e+001  1.63408e+001  2.12167e+002
          1347  2.17422e+002  1.34700e+003 -2.03420e+001  1.63406e+001  2.12250e+002
          1348  2.17514e+002  1.34800e+003 -2.03504e+001  1.63404e+001  2.12333e+002
          1349  2.17603e+002  1.34900e+003 -2.03598e+001  1.63402e+001  2.12417e+002
          1350  2.17690e+002  1.35000e+003 -2.03691e+001  1.63399e+001  2.12500e+002
          1351  2.17775e+002  1.35100e+003 -2.03782e+001  1.63397e+001  2.12583e+002
          1352  2.17862e+002  1.35200e+003 -2.03883e+001  1.63396e+001  2.12667e+002
          1353  2.17956e+002  1.35300e+003 -2.03980e+001  1.63394e+001  2.12750e+002
          1354  2.18026e+002  1.35400e+003 -2.04085e+001  1.63393e+001  2.12833e+002
          1355  2.18118e+002  1.35500e+003 -2.04194e+001  1.63391e+001  2.12917e+002
          1356  2.18210e+002  1.35600e+003 -2.04278e+001  1.63389e+001  2.13000e+002
          1357  2.18285e+002  1.35700e+003 -2.04365e+001  1.63388e+001  2.13083e+002
          1358  2.18378e+002  1.35800e+003 -2.04456e+001  1.63386e+001  2.13167e+002
          1359  2.18461e+002  1.35900e+003 -2.04552e+001  1.63385e+001  2.13250e+002
          1360  2.18551e+002  1.36000e+003 -2.04660e+001  1.63383e+001  2.13333e+002
          1361  2.18641e+002  1.36100e+003 -2.04758e+001  1.63381e+001  2.13417e+002
          1362  2.18717e+002  1.36200e+003 -2.04848e+001  1.63379e+001  2.13500e+002
          1363  2.18802e+002  1.36300e+003 -2.04941e+001  1.63376e+001  2.13583e+002
          1364  2.18886e+002  1.36400e+003 -2.05026e+001  1.63373e+001  2.13667e+002
          1365  2.18983e+002  1.36500e+003 -2.05119e+001  1.63371e+001  2.13750e+002
          1366  2.19059e+002  1.36600e+003 -2.05218e+001  1.63368e+001  2.13833e+002
          1367  2.19150e+002  1.36700e+003 -2.05320e+001  1.63366e+001  2.13917e+002
          1368  2.19234e+002  1.36800e+003 -2.05411e+001  1.63364e+001  2.14000e+002
          1369  2.19321e+002  1.36900e+003 -2.05506e+001  1.63362e+001  2.14083e+002
          1370  2.19407e+002  1.37000e+003 -2.05604e+001  1.63359e+001  2.14167e+002
          1371  2.19493e+002  1.37100e+003 -2.05702e+001  1.63357e+001  2.14250e+002
          1372  2.19571e+002  1.37200e+003 -2.05803e+001  1.63356e+001  2.14333e+002
          1373  2.19658e+002  1.37300e+003 -2.05893e+001  1.63354e+001  2.14417e+002
          1374  2.19748e+002  1.37400e+003 -2.05976e+001  1.63353e+001  2.14500e+002
          1375  2.19839e+002  1.37500e+003 -2.06052e+001  1.63351e+001  2.14583e+002
          1376  2.19918e+002  1.37600e+003 -2.06153e+001  1.63349e+001  2.14667e+002
          1377  2.20006e+002  1.37700e+003 -2.06261e+001  1.63347e+001  2.14750e+002
          1378  2.20094e+002  1.37800e+003 -2.06358e+001  1.63345e+001  2.14833e+002
          1379  2.20182e+002  1.37900e+003 -2.06446e+001  1.63342e+001  2.14917e+002
          1380  2.20258e+002  1.38000e+003 -2.06509e+001  1.63340e+001  2.15000e+002
          1381  2.20358e+002  1.38100e+003 -2.06578e+001  1.63337e+001  2.15083e+002
          1382  2.20429e+002  1.38200e+003 -2.06652e+001  1.63334e+001  2.15167e+002
          1383  2.20526e+002  1.38300e+003 -2.06740e+001  1.63331e+001  2.15250e+002
          1384  2.20619e+002  1.38400e+003 -2.06830e+001  1.63329e+001  2.15333e+002
          1385  2.20695e+002  1.38500e+003 -2.06916e+001  1.63327e+001  2.15417e+002
          1386  2.20769e+002  1.38600e+003 -2.06998e+001  1.63325e+001  2.15500e+002
          1387  2.20871e+002  1.38700e+003 -2.07077e+001  1.63323e+001  2.15583e+002
          1388  2.20962e+002  1.38800e+003 -2.07137e+001  1.63322e+001  2.15667e+002
          1389  2.21038e+002  1.38900e+003 -2.07211e+001  1.63320e+001  2.15750e+002
          1390  2.21136e+002  1.39000e+003 -2.07288e+001  1.63318e+001  2.15833e+002
          1391  2.21210e+002  1.39100e+003 -2.07368e+001  1.63316e+001  2.15917e+002
          1392  2.21303e+002  1.39200e+003 -2.07494e+001  1.63313e+001  2.16000e+002
          1393  2.21380e+002  1.39300e+003 -2.07592e+001  1.63310e+001  2.16083e+002
          1394  2.21477e+002  1.39400e+003 -2.07678e+001  1.63308e+001  2.16167e+002
          1395  2.21558e+002  1.39500e+003 -2.07767e+001  1.63306e+001  2.16250e+002
          1396  2.21647e+002  1.39600e+003 -2.07841e+001  1.63303e+001  2.16333e+002
          1397  2.21726e+002  1.39700e+003 -2.07917e+001  1.63301e+001  2.16417e+002
          1398  2.21821e+002  1.39800e+003 -2.07990e+001  1.63298e+001  2.16500e+002
          1399  2.21897e+002  1.39900e+003 -2.08069e+001  1.63295e+001  2.16583e+002
          1400  2.21982e+002  1.40000e+003 -2.08166e+001  1.63292e+001  2.16667e+002
          1401  2.22076e+002  1.40100e+003 -2.08253e+001  1.63289e+001  2.16750e+002
          1402  2.22166e+002  1.40200e+003 -2.08335e+001  1.63287e+001  2.16833e+002
          1403  2.22241e+002  1.40300e+003 -2.08409e+001  1.63285e+001  2.16917e+002
          1404  2.22340e+002  1.40400e+003 -2.08471e+001  1.63283e+001  2.17000e+002
          1405  2.22421e+002  1.40500e+003 -2.08541e+001  1.63280e+001  2.17083e+002
          1406  2.22502e+002  1.40600e+003 -2.08614e+001  1.63278e+001  2.17167e+002
          1407  2.22590e+002  1.40700e+003 -2.08690e+001  1.63276e+001  2.17250e+002
          1408  2.22685e+002  1.40800e+003 -2.08755e+001  1.63274e+001  2.17333e+002
          1409  2.22771e+002  1.40900e+003 -2.08815e+001  1.63272e+001  2.17417e+002
          1410  2.22843e+002  1.41000e+003 -2.08876e+001  1.63269e+001  2.17500e+002
          1411  2.22929e+002  1.41100e+003 -2.08930e+001  1.63267e+001  2.17583e+002
          1412  2.23024e+002  1.41200e+003 -2.08965e+001  1.63266e+001  2.17667e+002
          1413  2.23113e+002  1.41300e+003 -2.09025e+001  1.63263e+001  2.17750e+002
          1414  2.23197e+002  1.41400e+003 -2.09096e+001  1.63261e+001  2.17833e+002
          1415  2.23277e+002  1.41500e+003 -2.09173e+001  1.63259e+001  2.17917e+002
          1416  2.23360e+002  1.41600e+003 -2.09230e+001  1.63255e+001  2.18000e+002
          1417  2.23452e+002  1.41700e+003 -2.09291e+001  1.63253e+001  2.18083e+002
          1418  2.23541e+002  1.41800e+003 -2.09359e+001  1.63250e+001  2.18167e+002
          1419  2.23624e+002  1.41900e+003 -2.09438e+001  1.63248e+001  2.18250e+002
          1420  2.23718e+002  1.42000e+003 -2.09500e+001  1.63244e+001  2.18333e+002
          1421  2.23795e+002  1.42100e+003 -2.09561e+001  1.63241e+001  2.18417e+002
          1422  2.23877e+002  1.42200e+003 -2.09629e+001  1.63239e+001  2.18500e+002
          1423  2.23970e+002  1.42300e+003 -2.09702e+001  1.63236e+001  2.18583e+002
          1424  2.24050e+002  1.42400e+003 -2.09779e+001  1.63234e+001  2.18667e+002
          1425  2.24141e+002  1.42500e+003 -2.09838e+001  1.63232e+001  2.18750e+002
          1426  2.24227e+002  1.42600e+003 -2.09896e+001  1.63230e+001  2.18833e+002
          1427  2.24312e+002  1.42700e+003 -2.09952e+001  1.63227e+001  2.18917e+002
          1428  2.24394e+002  1.42800e+003 -2.10020e+001  1.63226e+001  2.19000e+002
          1429  2.24485e+002  1.42900e+003 -2.10076e+001  1.63223e+001  2.19083e+002
          1430  2.24584e+002  1.43000e+003 -2.10129e+001  1.63221e+001  2.19167e+002
          1431  2.24665e+002  1.43100e+003 -2.10188e+001  1.63217e+001  2.19250e+002
          1432  2.24753e+002  1.43200e+003 -2.10229e+001  1.63214e+001  2.19333e+002
          1433  2.24839e+002  1.43300e+003 -2.10284e+001  1.63211e+001  2.19417e+002
          1434  2.24923e+002  1.43400e+003 -2.10336e+001  1.63208e+001  2.19500e+002
          1435  2.25016e+002  1.43500e+003 -2.10388e+001  1.63204e+001  2.19583e+002
          1436  2.25096e+002  1.43600e+003 -2.10448e+001  1.63201e+001  2.19667e+002
          1437  2.25187e+002  1.43700e+003 -2.10499e+001  1.63198e+001  2.19750e+002
          1438  2.25268e+002  1.43800e+003 -2.10547e+001  1.63196e+001  2.19833e+002
          1439  2.25345e+002  1.43900e+003 -2.10594e+001  1.63193e+001  2.19917e+002
          1440  2.25428e+002  1.44000e+003 -2.10659e+001  1.63191e+001  2.20000e+002
          1441  2.25535e+002  1.44100e+003 -2.10726e+001  1.63189e+001  2.20083e+002
          1442  2.25621e+002  1.44200e+003 -2.10790e+001  1.63186e+001  2.20167e+002
          1443  2.25703e+002  1.44300e+003 -2.10852e+001  1.63184e+001  2.20250e+002
          1444  2.25792e+002  1.44400e+003 -2.10909e+001  1.63181e+001  2.20333e+002
          1445  2.25878e+002  1.44500e+003 -2.10964e+001  1.63179e+001  2.20417e+002
          1446  2.25976e+002  1.44600e+003 -2.11013e+001  1.63176e+001  2.20500e+002
          1447  2.26043e+002  1.44700e+003 -2.11055e+001  1.63173e+001  2.20583e+002
          1448  2.26132e+002  1.44800e+003 -2.11112e+001  1.63170e+001  2.20667e+002
          1449  2.26221e+002  1.44900e+003 -2.11162e+001  1.63166e+001  2.20750e+002
          1450  2.26313e+002  1.45000e+003 -2.11210e+001  1.63163e+001  2.20833e+002
          1451  2.26395e+002  1.45100e+003 -2.11256e+001  1.63160e+001  2.20917e+002
          1452  2.26483e+002  1.45200e+003 -2.11277e+001  1.63157e+001  2.21000e+002
          1453  2.26568e+002  1.45300e+003 -2.11297e+001  1.63153e+001  2.21083e+002
          1454  2.26656e+002  1.45400e+003 -2.11331e+001  1.63150e+001  2.21167e+002
          1455  2.26748e+002  1.45500e+003 -2.11378e+001  1.63147e+001  2.21250e+002
          1456  2.26823e+002  1.45600e+003 -2.11384e+001  1.63143e+001  2.21333e+002
          1457  2.26910e+002  1.45700e+003 -2.11426e+001  1.63140e+001  2.21417e+002
          1458  2.26998e+002  1.45800e+003 -2.11482e+001  1.63137e+001  2.21500e+002
          1459  2.27082e+002  1.45900e+003 -2.11541e+001  1.63134e+001  2.21583e+002
          1460  2.27168e+002  1.46000e+003 -2.11599e+001  1.63132e+001  2.21667e+002
          1461  2.27259e+002  1.46100e+003 -2.11666e+001  1.63129e+001  2.21750e+002
          1462  2.27346e+002  1.46200e+003 -2.11726e+001  1.63126e+001  2.21833e+002
          1463  2.27420e+002  1.46300e+003 -2.11788e+001  1.63123e+001  2.21917e+002
          1464  2.27514e+002  1.46400e+003 -2.11894e+001  1.63120e+001  2.22000e+002
          1465  2.27599e+002  1.46500e+003 -2.11966e+001  1.63117e+001  2.22083e+002
          1466  2.27676e+002  1.46600e+003 -2.12031e+001  1.63114e+001  2.22167e+002
          1467  2.27765e+002  1.46700e+003 -2.12100e+001  1.63110e+001  2.22250e+002
          1468  2.27845e+002  1.46800e+003 -2.12183e+001  1.63107e+001  2.22333e+002
          1469  2.27934e+002  1.46900e+003 -2.12252e+001  1.63104e+001  2.22417e+002
          1470  2.28027e+002  1.47000e+003 -2.12322e+001  1.63100e+001  2.22500e+002
          1471  2.28119e+002  1.47100e+003 -2.12382e+001  1.63097e+001  2.22583e+002
          1472  2.28199e+002  1.47200e+003 -2.12426e+001  1.63093e+001  2.22667e+002
          1473  2.28284e+002  1.47300e+003 -2.12478e+001  1.63090e+001  2.22750e+002
          1474  2.28372e+002  1.47400e+003 -2.12535e+001  1.63086e+001  2.22833e+002
          1475  2.28455e+002  1.47500e+003 -2.12587e+001  1.63083e+001  2.22917e+002
          1476  2.28549e+002  1.47600e+003 -2.12631e+001  1.63080e+001  2.23000e+002
          1477  2.28623e+002  1.47700e+003 -2.12679e+001  1.63077e+001  2.23083e+002
          1478  2.28704e+002  1.47800e+003 -2.12733e+001  1.63073e+001  2.23167e+002
          1479  2.28804e+002  1.47900e+003 -2.12791e+001  1.63070e+001  2.23250e+002
          1480  2.28886e+002  1.48000e+003 -2.12826e+001  1.63067e+001  2.23333e+002
          1481  2.28966e+002  1.48100e+003 -2.12874e+001  1.63063e+001  2.23417e+002
          1482  2.29061e+002  1.48200e+003 -2.12912e+001  1.63060e+001  2.23500e+002
          1483  2.29143e+002  1.48300e+003 -2.12949e+001  1.63057e+001  2.23583e+002
          1484  2.29218e+002  1.48400e+003 -2.12994e+001  1.63053e+001  2.23667e+002
          1485  2.29310e+002  1.48500e+003 -2.13035e+001  1.63049e+001  2.23750e+002
          1486  2.29398e+002  1.48600e+003 -2.13077e+001  1.63045e+001  2.23833e+002
          1487  2.29491e+002  1.48700e+003 -2.13122e+001  1.63042e+001  2.23917e+002
          1488  2.29577e+002  1.48800e+003 -2.13165e+001  1.63038e+001  2.24000e+002
          1489  2.29665e+002  1.48900e+003 -2.13203e+001  1.63034e+001  2.24083e+002
          1490  2.29746e+002  1.49000e+003 -2.13234e+001  1.63031e+001  2.24167e+002
          1491  2.29829e+002  1.49100e+003 -2.13265e+001  1.63027e+001  2.24250e+002
          1492  2.29924e+002  1.49200e+003 -2.13283e+001  1.63023e+001  2.24333e+002
          1493  2.30000e+002  1.49300e+003 -2.13316e+001  1.63020e+001  2.24417e+002
          1494  2.30091e+002  1.49400e+003 -2.13359e+001  1.63016e+001  2.24500e+002
          1495  2.30180e+002  1.49500e+003 -2.13405e+001  1.63013e+001  2.24583e+002
          1496  2.30261e+002  1.49600e+003 -2.13455e+001  1.63010e+001  2.24667e+002
          1497  2.30349e+002  1.49700e+003 -2.13492e+001  1.63007e+001  2.24750e+002
          1498  2.30440e+002  1.49800e+003 -2.13526e+001  1.63003e+001  2.24833e+002
          1499  2.30529e+002  1.49900e+003 -2.13556e+001  1.62999e+001  2.24917e+002
          1500  2.30604e+002  1.50000e+003 -2.13594e+001  1.62996e+001  2.25000e+002
          1501  2.30702e+002  1.50100e+003 -2.13631e+001  1.62992e+001  2.25083e+002
          1502  2.30782e+002  1.50200e+003 -2.13675e+001  1.62988e+001  2.25167e+002
          1503  2.30868e+002  1.50300e+003 -2.13724e+001  1.62984e+001  2.25250e+002
          1504  2.30949e+002  1.50400e+003 -2.13778e+001  1.62980e+001  2.25333e+002
          1505  2.31036e+002  1.50500e+003 -2.13824e+001  1.62976e+001  2.25417e+002
          1506  2.31117e+002  1.50600e+003 -2.13864e+001  1.62972e+001  2.25500e+002
          1507  2.31208e+002  1.50700e+003 -2.13899e+001  1.62968e+001  2.25583e+002
          1508  2.31298e+002  1.50800e+003 -2.13927e+001  1.62964e+001  2.25667e+002
          1509  2.31387e+002  1.50900e+003 -2.13968e+001  1.62960e+001  2.25750e+002
          1510  2.31467e+002  1.51000e+003 -2.14006e+001  1.62956e+001  2.25833e+002
          1511  2.31552e+002  1.51100e+003 -2.14040e+001  1.62952e+001  2.25917e+002
          1512  2.31633e+002  1.51200e+003 -2.14075e+001  1.62948e+001  2.26000e+002
          1513  2.31723e+002  1.51300e+003 -2.14111e+001  1.62944e+001  2.26083e+002
          1514  2.31819e+002  1.51400e+003 -2.14141e+001  1.62940e+001  2.26167e+002
          1515  2.31897e+002  1.51500e+003 -2.14170e+001  1.62936e+001  2.26250e+002
          1516  2.31992e+002  1.51600e+003 -2.14175e+001  1.62932e+001  2.26333e+002
          1517  2.32075e+002  1.51700e+003 -2.14186e+001  1.62928e+001  2.26417e+002
          1518  2.32161e+002  1.51800e+003 -2.14195e+001  1.62924e+001  2.26500e+002
          1519  2.32233e+002  1.51900e+003 -2.14209e+001  1.62920e+001  2.26583e+002
          1520  2.32336e+002  1.52000e+003 -2.14228e+001  1.62916e+001  2.26667e+002
          1521  2.32414e+002  1.52100e+003 -2.14251e+001  1.62911e+001  2.26750e+002
          1522  2.32496e+002  1.52200e+003 -2.14278e+001  1.62907e+001  2.26833e+002
          1523  2.32588e+002  1.52300e+003 -2.14300e+001  1.62903e+001  2.26917e+002
          1524  2.32673e+002  1.52400e+003 -2.14308e+001  1.62899e+001  2.27000e+002
          1525  2.32769e+002  1.52500e+003 -2.14332e+001  1.62895e+001  2.27083e+002
          1526  2.32850e+002  1.52600e+003 -2.14353e+001  1.62890e+001  2.27167e+002
          1527  2.32928e+002  1.52700e+003 -2.14370e+001  1.62886e+001  2.27250e+002
          1528  2.33009e+002  1.52800e+003 -2.14407e+001  1.62881e+001  2.27333e+002
          1529  2.33105e+002  1.52900e+003 -2.14440e+001  1.62877e+001  2.27417e+002
          1530  2.33187e+002  1.53000e+003 -2.14469e+001  1.62873e+001  2.27500e+002
          1531  2.33277e+002  1.53100e+003 -2.14499e+001  1.62868e+001  2.27583e+002
          1532  2.33361e+002  1.53200e+003 -2.14525e+001  1.62864e+001  2.27667e+002
          1533  2.33449e+002  1.53300e+003 -2.14559e+001  1.62860e+001  2.27750e+002
          1534  2.33531e+002  1.53400e+003 -2.14590e+001  1.62856e+001  2.27833e+002
          1535  2.33620e+002  1.53500e+003 -2.14620e+001  1.62851e+001  2.27917e+002
          1536  2.33714e+002  1.53600e+003 -2.14668e+001  1.62847e+001  2.28000e+002
          1537  2.33791e+002  1.53700e+003 -2.14699e+001  1.62843e+001  2.28083e+002
          1538  2.33874e+002  1.53800e+003 -2.14721e+001  1.62838e+001  2.28167e+002
          1539  2.33966e+002  1.53900e+003 -2.14751e+001  1.62833e+001  2.28250e+002
          1540  2.34055e+002  1.54000e+003 -2.14774e+001  1.62829e+001  2.28333e+002
          1541  2.34139e+002  1.54100e+003 -2.14800e+001  1.62825e+001  2.28417e+002
          1542  2.34217e+002  1.54200e+003 -2.14818e+001  1.62820e+001  2.28500e+002
          1543  2.34310e+002  1.54300e+003 -2.14833e+001  1.62816e+001  2.28583e+002
          1544  2.34396e+002  1.54400e+003 -2.14846e+001  1.62811e+001  2.28667e+002
          1545  2.34479e+002  1.54500e+003 -2.14863e+001  1.62807e+001  2.28750e+002
          1546  2.34563e+002  1.54600e+003 -2.14875e+001  1.62802e+001  2.28833e+002
          1547  2.34654e+002  1.54700e+003 -2.14883e+001  1.62797e+001  2.28917e+002
          1548  2.34737e+002  1.54800e+003 -2.14897e+001  1.62792e+001  2.29000e+002
          1549  2.34833e+002  1.54900e+003 -2.14923e+001  1.62787e+001  2.29083e+002
          1550  2.34915e+002  1.55000e+003 -2.14948e+001  1.62782e+001  2.29167e+002
          1551  2.35001e+002  1.55100e+003 -2.14959e+001  1.62777e+001  2.29250e+002
          1552  2.35086e+002  1.55200e+003 -2.14965e+001  1.62772e+001  2.29333e+002
          1553  2.35169e+002  1.55300e+003 -2.14971e+001  1.62767e+001  2.29417e+002
          1554  2.35248e+002  1.55400e+003 -2.14969e+001  1.62762e+001  2.29500e+002
          1555  2.35352e+002  1.55500e+003 -2.14964e+001  1.62757e+001  2.29583e+002
          1556  2.35428e+002  1.55600e+003 -2.14968e+001  1.62752e+001  2.29667e+002
          1557  2.35526e+002  1.55700e+003 -2.14983e+001  1.62747e+001  2.29750e+002
          1558  2.35605e+002  1.55800e+003 -2.15000e+001  1.62742e+001  2.29833e+002
          1559  2.35695e+002  1.55900e+003 -2.15005e+001  1.62738e+001  2.29917e+002
          1560  2.35782e+002  1.56000e+003 -2.14991e+001  1.62732e+001  2.30000e+002
          1561  2.35866e+002  1.56100e+003 -2.14989e+001  1.62727e+001  2.30083e+002
          1562  2.35954e+002  1.56200e+003 -2.15000e+001  1.62722e+001  2.30167e+002
          1563  2.36037e+002  1.56300e+003 -2.15012e+001  1.62717e+001  2.30250e+002
          1564  2.36134e+002  1.56400e+003 -2.15044e+001  1.62712e+001  2.30333e+002
          1565  2.36216e+002  1.56500e+003 -2.15064e+001  1.62707e+001  2.30417e+002
          1566  2.36295e+002  1.56600e+003 -2.15084e+001  1.62702e+001  2.30500e+002
          1567  2.36385e+002  1.56700e+003 -2.15109e+001  1.62698e+001  2.30583e+002
          1568  2.36470e+002  1.56800e+003 -2.15115e+001  1.62692e+001  2.30667e+002
          1569  2.36557e+002  1.56900e+003 -2.15118e+001  1.62686e+001  2.30750e+002
          1570  2.36637e+002  1.57000e+003 -2.15124e+001  1.62681e+001  2.30833e+002
          1571  2.36716e+002  1.57100e+003 -2.15124e+001  1.62675e+001  2.30917e+002
          1572  2.36817e+002  1.57200e+003 -2.15156e+001  1.62669e+001  2.31000e+002
          1573  2.36899e+002  1.57300e+003 -2.15176e+001  1.62663e+001  2.31083e+002
          1574  2.36981e+002  1.57400e+003 -2.15195e+001  1.62657e+001  2.31167e+002
          1575  2.37073e+002  1.57500e+003 -2.15207e+001  1.62652e+001  2.31250e+002
          1576  2.37157e+002  1.57600e+003 -2.15199e+001  1.62646e+001  2.31333e+002
          1577  2.37242e+002  1.57700e+003 -2.15202e+001  1.62640e+001  2.31417e+002
          1578  2.37327e+002  1.57800e+003 -2.15212e+001  1.62635e+001  2.31500e+002
          1579  2.37418e+002  1.57900e+003 -2.15226e+001  1.62629e+001  2.31583e+002
          1580  2.37499e+002  1.58000e+003 -2.15235e+001  1.62623e+001  2.31667e+002
          1581  2.37589e+002  1.58100e+003 -2.15240e+001  1.62618e+001  2.31750e+002
          1582  2.37678e+002  1.58200e+003 -2.15239e+001  1.62612e+001  2.31833e+002
          1583  2.37762e+002  1.58300e+003 -2.15234e+001  1.62607e+001  2.31917e+002
          1584  2.37840e+002  1.58400e+003 -2.15226e+001  1.62601e+001  2.32000e+002
          1585  2.37930e+002  1.58500e+003 -2.15222e+001  1.62595e+001  2.32083e+002
          1586  2.38015e+002  1.58600e+003 -2.15205e+001  1.62590e+001  2.32167e+002
          1587  2.38105e+002  1.58700e+003 -2.15190e+001  1.62584e+001  2.32250e+002
          1588  2.38192e+002  1.58800e+003 -2.15171e+001  1.62578e+001  2.32333e+002
          1589  2.38284e+002  1.58900e+003 -2.15166e+001  1.62572e+001  2.32417e+002
          1590  2.38359e+002  1.59000e+003 -2.15156e+001  1.62566e+001  2.32500e+002
          1591  2.38459e+002  1.59100e+003 -2.15137e+001  1.62560e+001  2.32583e+002
          1592  2.38533e+002  1.59200e+003 -2.15118e+001  1.62554e+001  2.32667e+002
          1593  2.38622e+002  1.59300e+003 -2.15117e+001  1.62548e+001  2.32750e+002
          1594  2.38711e+002  1.59400e+003 -2.15112e+001  1.62542e+001  2.32833e+002
          1595  2.38805e+002  1.59500e+003 -2.15100e+001  1.62536e+001  2.32917e+002
          1596  2.38881e+002  1.59600e+003 -2.15093e+001  1.62530e+001  2.33000e+002
          1597  2.38972e+002  1.59700e+003 -2.15076e+001  1.62524e+001  2.33083e+002
          1598  2.39056e+002  1.59800e+003 -2.15065e+001  1.62518e+001  2.33167e+002
          1599  2.39143e+002  1.59900e+003 -2.15057e+001  1.62512e+001  2.33250e+002
          1600  2.39231e+002  1.60000e+003 -2.15063e+001  1.62506e+001  2.33333e+002
          1601  2.39314e+002  1.60100e+003 -2.15051e+001  1.62500e+001  2.33417e+002
          1602  2.39408e+002  1.60200e+003 -2.15037e+001  1.62494e+001  2.33500e+002
          1603  2.39498e+002  1.60300e+003 -2.15031e+001  1.62488e+001  2.33583e+002
          1604  2.39583e+002  1.60400e+003 -2.15015e+001  1.62482e+001  2.33667e+002
          1605  2.39660e+002  1.60500e+003 -2.15000e+001  1.62476e+001  2.33750e+002
          1606  2.39740e+002  1.60600e+003 -2.14989e+001  1.62469e+001  2.33833e+002
          1607  2.39841e+002  1.60700e+003 -2.14985e+001  1.62463e+001  2.33917e+002
          1608  2.39917e+002  1.60800e+003 -2.14993e+001  1.62457e+001  2.34000e+002
          1609  2.40003e+002  1.60900e+003 -2.14993e+001  1.62450e+001  2.34083e+002
          1610  2.40101e+002  1.61000e+003 -2.14983e+001  1.62444e+001  2.34167e+002
          1611  2.40188e+002  1.61100e+003 -2.14964e+001  1.62437e+001  2.34250e+002
          1612  2.40268e+002  1.61200e+003 -2.14964e+001  1.62430e+001  2.34333e+002
          1613  2.40362e+002  1.61300e+003 -2.14960e+001  1.62423e+001  2.34417e+002
          1614  2.40448e+002  1.61400e+003 -2.14941e+001  1.62417e+001  2.34500e+002
          1615  2.40530e+002  1.61500e+003 -2.14921e+001  1.62410e+001  2.34583e+002
          1616  2.40620e+002  1.61600e+003 -2.14907e+001  1.62403e+001  2.34667e+002
          1617  2.40708e+002  1.61700e+003 -2.14893e+001  1.62397e+001  2.34750e+002
          1618  2.40792e+002  1.61800e+003 -2.14878e+001  1.62390e+001  2.34833e+002
          1619  2.40883e+002  1.61900e+003 -2.14874e+001  1.62383e+001  2.34917e+002
          1620  2.40958e+002  1.62000e+003 -2.14838e+001  1.62377e+001  2.35000e+002
          1621  2.41046e+002  1.62100e+003 -2.14811e+001  1.62370e+001  2.35083e+002
          1622  2.41141e+002  1.62200e+003 -2.14800e+001  1.62364e+001  2.35167e+002
          1623  2.41217e+002  1.62300e+003 -2.14794e+001  1.62357e+001  2.35250e+002
          1624  2.41316e+002  1.62400e+003 -2.14782e+001  1.62350e+001  2.35333e+002
          1625  2.41391e+002  1.62500e+003 -2.14771e+001  1.62342e+001  2.35417e+002
          1626  2.41496e+002  1.62600e+003 -2.14761e+001  1.62336e+001  2.35500e+002
          1627  2.41580e+002  1.62700e+003 -2.14754e+001  1.62329e+001  2.35583e+002
          1628  2.41662e+002  1.62800e+003 -2.14746e+001  1.62321e+001  2.35667e+002
          1629  2.41749e+002  1.62900e+003 -2.14735e+001  1.62313e+001  2.35750e+002
          1630  2.41829e+002  1.63000e+003 -2.14709e+001  1.62306e+001  2.35833e+002
          1631  2.41916e+002  1.63100e+003 -2.14676e+001  1.62299e+001  2.35917e+002
          1632  2.41996e+002  1.63200e+003 -2.14655e+001  1.62291e+001  2.36000e+002
          1633  2.42085e+002  1.63300e+003 -2.14634e+001  1.62284e+001  2.36083e+002
          1634  2.42183e+002  1.63400e+003 -2.14614e+001  1.62277e+001  2.36167e+002
          1635  2.42259e+002  1.63500e+003 -2.14587e+001  1.62270e+001  2.36250e+002
          1636  2.42341e+002  1.63600e+003 -2.14536e+001  1.62263e+001  2.36333e+002
          1637  2.42446e+002  1.63700e+003 -2.14499e+001  1.62256e+001  2.36417e+002
          1638  2.42518e+002  1.63800e+003 -2.14464e+001  1.62248e+001  2.36500e+002
          1639  2.42615e+002  1.63900e+003 -2.14426e+001  1.62241e+001  2.36583e+002
          1640  2.42700e+002  1.64000e+003 -2.14373e+001  1.62233e+001  2.36667e+002
          1641  2.42782e+002  1.64100e+003 -2.14328e+001  1.62225e+001  2.36750e+002
          1642  2.42875e+002  1.64200e+003 -2.14283e+001  1.62218e+001  2.36833e+002
          1643  2.42951e+002  1.64300e+003 -2.14236e+001  1.62210e+001  2.36917e+002
          1644  2.43048e+002  1.64400e+003 -2.14191e+001  1.62202e+001  2.37000e+002
          1645  2.43136e+002  1.64500e+003 -2.14147e+001  1.62194e+001  2.37083e+002
          1646  2.43222e+002  1.64600e+003 -2.14102e+001  1.62186e+001  2.37167e+002
          1647  2.43314e+002  1.64700e+003 -2.14055e+001  1.62179e+001  2.37250e+002
          1648  2.43403e+002  1.64800e+003 -2.14011e+001  1.62171e+001  2.37333e+002
          1649  2.43486e+002  1.64900e+003 -2.13972e+001  1.62163e+001  2.37417e+002
          1650  2.43557e+002  1.65000e+003 -2.13928e+001  1.62155e+001  2.37500e+002
          1651  2.43656e+002  1.65100e+003 -2.13873e+001  1.62148e+001  2.37583e+002
          1652  2.43745e+002  1.65200e+003 -2.13833e+001  1.62140e+001  2.37667e+002
          1653  2.43826e+002  1.65300e+003 -2.13788e+001  1.62132e+001  2.37750e+002
          1654  2.43914e+002  1.65400e+003 -2.13747e+001  1.62124e+001  2.37833e+002
          1655  2.44001e+002  1.65500e+003 -2.13708e+001  1.62115e+001  2.37917e+002
          1656  2.44083e+002  1.65600e+003 -2.13652e+001  1.62107e+001  2.38000e+002
          1657  2.44177e+002  1.65700e+003 -2.13607e+001  1.62099e+001  2.38083e+002
          1658  2.44262e+002  1.65800e+003 -2.13563e+001  1.62091e+001  2.38167e+002
          1659  2.44349e+002  1.65900e+003 -2.13515e+001  1.62083e+001  2.38250e+002
          1660  2.44443e+002  1.66000e+003 -2.13453e+001  1.62074e+001  2.38333e+002
          1661  2.44519e+002  1.66100e+003 -2.13394e+001  1.62066e+001  2.38417e+002
          1662  2.44608e+002  1.66200e+003 -2.13332e+001  1.62057e+001  2.38500e+002
          1663  2.44694e+002  1.66300e+003 -2.13264e+001  1.62048e+001  2.38583e+002
          1664  2.44773e+002  1.66400e+003 -2.13209e+001  1.62040e+001  2.38667e+002
          1665  2.44865e+002  1.66500e+003 -2.13156e+001  1.62031e+001  2.38750e+002
          1666  2.44944e+002  1.66600e+003 -2.13112e+001  1.62023e+001  2.38833e+002
          1667  2.45042e+002  1.66700e+003 -2.13071e+001  1.62014e+001  2.38917e+002
          1668  2.45147e+002  1.66800e+003 -2.12997e+001  1.62006e+001  2.39000e+002
          1669  2.45222e+002  1.66900e+003 -2.12935e+001  1.61997e+001  2.39083e+002
          1670  2.45313e+002  1.67000e+003 -2.12877e+001  1.61988e+001  2.39167e+002
          1671  2.45400e+002  1.67100e+003 -2.12813e+001  1.61979e+001  2.39250e+002
          1672  2.45480e+002  1.67200e+003 -2.12738e+001  1.61970e+001  2.39333e+002
          1673  2.45568e+002  1.67300e+003 -2.12675e+001  1.61961e+001  2.39417e+002
          1674  2.45659e+002  1.67400e+003 -2.12614e+001  1.61952e+001  2.39500e+002
          1675  2.45738e+002  1.67500e+003 -2.12552e+001  1.61943e+001  2.39583e+002
          1676  2.45829e+002  1.67600e+003 -2.12486e+001  1.61935e+001  2.39667e+002
          1677  2.45924e+002  1.67700e+003 -2.12418e+001  1.61926e+001  2.39750e+002
          1678  2.46003e+002  1.67800e+003 -2.12340e+001  1.61917e+001  2.39833e+002
          1679  2.46089e+002  1.67900e+003 -2.12253e+001  1.61908e+001  2.39917e+002
          1680  2.46176e+002  1.68000e+003 -2.12154e+001  1.61899e+001  2.40000e+002
          1681  2.46260e+002  1.68100e+003 -2.12074e+001  1.61889e+001  2.40083e+002
          1682  2.46344e+002  1.68200e+003 -2.11997e+001  1.61879e+001  2.40167e+002
          1683  2.46429e+002  1.68300e+003 -2.11918e+001  1.61870e+001  2.40250e+002
          1684  2.46523e+002  1.68400e+003 -2.11838e+001  1.61860e+001  2.40333e+002
          1685  2.46607e+002  1.68500e+003 -2.11757e+001  1.61850e+001  2.40417e+002
          1686  2.46688e+002  1.68600e+003 -2.11664e+001  1.61840e+001  2.40500e+002
          1687  2.46775e+002  1.68700e+003 -2.11566e+001  1.61830e+001  2.40583e+002
          1688  2.46867e+002  1.68800e+003 -2.11473e+001  1.61820e+001  2.40667e+002
          1689  2.46946e+002  1.68900e+003 -2.11390e+001  1.61810e+001  2.40750e+002
          1690  2.47038e+002  1.69000e+003 -2.11307e+001  1.61800e+001  2.40833e+002
          1691  2.47117e+002  1.69100e+003 -2.11221e+001  1.61790e+001  2.40917e+002
          1692  2.47213e+002  1.69200e+003 -2.11146e+001  1.61780e+001  2.41000e+002
          1693  2.47296e+002  1.69300e+003 -2.11066e+001  1.61770e+001  2.41083e+002
          1694  2.47385e+002  1.69400e+003 -2.10988e+001  1.61760e+001  2.41167e+002
          1695  2.47473e+002  1.69500e+003 -2.10914e+001  1.61750e+001  2.41250e+002
          1696  2.47559e+002  1.69600e+003 -2.10818e+001  1.61740e+001  2.41333e+002
          1697  2.47644e+002  1.69700e+003 -2.10723e+001  1.61730e+001  2.41417e+002
          1698  2.47730e+002  1.69800e+003 -2.10628e+001  1.61720e+001  2.41500e+002
          1699  2.47815e+002  1.69900e+003 -2.10538e+001  1.61710e+001  2.41583e+002
          1700  2.47907e+002  1.70000e+003 -2.10447e+001  1.61700e+001  2.41667e+002
          1701  2.47997e+002  1.70100e+003 -2.10358e+001  1.61690e+001  2.41750e+002
          1702  2.48078e+002  1.70200e+003 -2.10261e+001  1.61680e+001  2.41833e+002
          1703  2.48160e+002  1.70300e+003 -2.10161e+001  1.61670e+001  2.41917e+002
          1704  2.48254e+002  1.70400e+003 -2.10047e+001  1.61660e+001  2.42000e+002
          1705  2.48334e+002  1.70500e+003 -2.09942e+001  1.61650e+001  2.42083e+002
          1706  2.48429e+002  1.70600e+003 -2.09840e+001  1.61640e+001  2.42167e+002
          1707  2.48510e+002  1.70700e+003 -2.09735e+001  1.61630e+001  2.42250e+002
          1708  2.48599e+002  1.70800e+003 -2.09621e+001  1.61619e+001  2.42333e+002
          1709  2.48689e+002  1.70900e+003 -2.09517e+001  1.61608e+001  2.42417e+002
          1710  2.48781e+002  1.71000e+003 -2.09422e+001  1.61597e+001  2.42500e+002
          1711  2.48864e+002  1.71100e+003 -2.09329e+001  1.61586e+001  2.42583e+002
          1712  2.48950e+002  1.71200e+003 -2.09219e+001  1.61574e+001  2.42667e+002
          1713  2.49029e+002  1.71300e+003 -2.09116e+001  1.61562e+001  2.42750e+002
          1714  2.49124e+002  1.71400e+003 -2.09013e+001  1.61551e+001  2.42833e+002
          1715  2.49212e+002  1.71500e+003 -2.08911e+001  1.61541e+001  2.42917e+002
          1716  2.49303e+002  1.71600e+003 -2.08796e+001  1.61530e+001  2.43000e+002
          1717  2.49383e+002  1.71700e+003 -2.08674e+001  1.61519e+001  2.43083e+002
          1718  2.49459e+002  1.71800e+003 -2.08558e+001  1.61508e+001  2.43167e+002
          1719  2.49545e+002  1.71900e+003 -2.08448e+001  1.61497e+001  2.43250e+002
          1720  2.49644e+002  1.72000e+003 -2.08339e+001  1.61485e+001  2.43333e+002
          1721  2.49728e+002  1.72100e+003 -2.08226e+001  1.61474e+001  2.43417e+002
          1722  2.49810e+002  1.72200e+003 -2.08116e+001  1.61463e+001  2.43500e+002
          1723  2.49898e+002  1.72300e+003 -2.08009e+001  1.61451e+001  2.43583e+002
          1724  2.49990e+002  1.72400e+003 -2.07885e+001  1.61439e+001  2.43667e+002
          1725  2.50077e+002  1.72500e+003 -2.07769e+001  1.61427e+001  2.43750e+002
          1726  2.50179e+002  1.72600e+003 -2.07651e+001  1.61416e+001  2.43833e+002
          1727  2.50258e+002  1.72700e+003 -2.07534e+001  1.61405e+001  2.43917e+002
          1728  2.50354e+002  1.72800e+003 -2.07437e+001  1.61392e+001  2.44000e+002
          1729  2.50433e+002  1.72900e+003 -2.07324e+001  1.61380e+001  2.44083e+002
          1730  2.50516e+002  1.73000e+003 -2.07209e+001  1.61368e+001  2.44167e+002
          1731  2.50607e+002  1.73100e+003 -2.07101e+001  1.61356e+001  2.44250e+002
          1732  2.50694e+002  1.73200e+003 -2.06986e+001  1.61344e+001  2.44333e+002
          1733  2.50770e+002  1.73300e+003 -2.06865e+001  1.61332e+001  2.44417e+002
          1734  2.50864e+002  1.73400e+003 -2.06745e+001  1.61319e+001  2.44500e+002
          1735  2.50963e+002  1.73500e+003 -2.06617e+001  1.61307e+001  2.44583e+002
          1736  2.51043e+002  1.73600e+003 -2.06474e+001  1.61296e+001  2.44667e+002
          1737  2.51136e+002  1.73700e+003 -2.06349e+001  1.61283e+001  2.44750e+002
          1738  2.51212e+002  1.73800e+003 -2.06231e+001  1.61271e+001  2.44833e+002
          1739  2.51300e+002  1.73900e+003 -2.06119e+001  1.61259e+001  2.44917e+002
          1740  2.51387e+002  1.74000e+003 -2.05989e+001  1.61245e+001  2.45000e+002
          1741  2.51477e+002  1.74100e+003 -2.05862e+001  1.61233e+001  2.45083e+002
          1742  2.51556e+002  1.74200e+003 -2.05733e+001  1.61220e+001  2.45167e+002
          1743  2.51645e+002  1.74300e+003 -2.05603e+001  1.61208e+001  2.45250e+002
          1744  2.51733e+002  1.74400e+003 -2.05465e+001  1.61194e+001  2.45333e+002
          1745  2.51824e+002  1.74500e+003 -2.05335e+001  1.61181e+001  2.45417e+002
          1746  2.51917e+002  1.74600e+003 -2.05207e+001  1.61168e+001  2.45500e+002
          1747  2.51997e+002  1.74700e+003 -2.05082e+001  1.61155e+001  2.45583e+002
          1748  2.52081e+002  1.74800e+003 -2.04953e+001  1.61142e+001  2.45667e+002
          1749  2.52173e+002  1.74900e+003 -2.04812e+001  1.61129e+001  2.45750e+002
          1750  2.52257e+002  1.75000e+003 -2.04663e+001  1.61116e+001  2.45833e+002
          1751  2.52343e+002  1.75100e+003 -2.04507e+001  1.61103e+001  2.45917e+002
          1752  2.52428e+002  1.75200e+003 -2.04346e+001  1.61090e+001  2.46000e+002
          1753  2.52515e+002  1.75300e+003 -2.04193e+001  1.61076e+001  2.46083e+002
          1754  2.52606e+002  1.75400e+003 -2.04046e+001  1.61063e+001  2.46167e+002
          1755  2.52696e+002  1.75500e+003 -2.03896e+001  1.61050e+001  2.46250e+002
          1756  2.52781e+002  1.75600e+003 -2.03724e+001  1.61037e+001  2.46333e+002
          1757  2.52871e+002  1.75700e+003 -2.03564e+001  1.61023e+001  2.46417e+002
          1758  2.52954e+002  1.75800e+003 -2.03404e+001  1.61009e+001  2.46500e+002
          1759  2.53045e+002  1.75900e+003 -2.03243e+001  1.60996e+001  2.46583e+002
          1760  2.53133e+002  1.76000e+003 -2.03085e+001  1.60981e+001  2.46667e+002
          1761  2.53220e+002  1.76100e+003 -2.02926e+001  1.60966e+001  2.46750e+002
          1762  2.53298e+002  1.76200e+003 -2.02775e+001  1.60952e+001  2.46833e+002
          1763  2.53395e+002  1.76300e+003 -2.02623e+001  1.60937e+001  2.46917e+002
          1764  2.53476e+002  1.76400e+003 -2.02481e+001  1.60923e+001  2.47000e+002
          1765  2.53559e+002  1.76500e+003 -2.02341e+001  1.60908e+001  2.47083e+002
          1766  2.53646e+002  1.76600e+003 -2.02203e+001  1.60894e+001  2.47167e+002
          1767  2.53732e+002  1.76700e+003 -2.02054e+001  1.60880e+001  2.47250e+002
          1768  2.53824e+002  1.76800e+003 -2.01909e+001  1.60866e+001  2.47333e+002
          1769  2.53898e+002  1.76900e+003 -2.01756e+001  1.60851e+001  2.47417e+002
          1770  2.53989e+002  1.77000e+003 -2.01604e+001  1.60837e+001  2.47500e+002
          1771  2.54086e+002  1.77100e+003 -2.01455e+001  1.60822e+001  2.47583e+002
          1772  2.54170e+002  1.77200e+003 -2.01294e+001  1.60807e+001  2.47667e+002
          1773  2.54255e+002  1.77300e+003 -2.01129e+001  1.60792e+001  2.47750e+002
          1774  2.54340e+002  1.77400e+003 -2.00960e+001  1.60777e+001  2.47833e+002
          1775  2.54429e+002  1.77500e+003 -2.00786e+001  1.60761e+001  2.47917e+002
          1776  2.54520e+002  1.77600e+003 -2.00602e+001  1.60745e+001  2.48000e+002
          1777  2.54607e+002  1.77700e+003 -2.00436e+001  1.60730e+001  2.48083e+002
          1778  2.54700e+002  1.77800e+003 -2.00278e+001  1.60714e+001  2.48167e+002
          1779  2.54788e+002  1.77900e+003 -2.00119e+001  1.60699e+001  2.48250e+002
          1780  2.54878e+002  1.78000e+003 -1.99939e+001  1.60683e+001  2.48333e+002
          1781  2.54961e+002  1.78100e+003 -1.99755e+001  1.60668e+001  2.48417e+002
          1782  2.55045e+002  1.78200e+003 -1.99576e+001  1.60652e+001  2.48500e+002
          1783  2.55135e+002  1.78300e+003 -1.99397e+001  1.60637e+001  2.48583e+002
          1784  2.55217e+002  1.78400e+003 -1.99227e+001  1.60621e+001  2.48667e+002
          1785  2.55319e+002  1.78500e+003 -1.99054e+001  1.60605e+001  2.48750e+002
          1786  2.55397e+002  1.78600e+003 -1.98882e+001  1.60590e+001  2.48833e+002
          1787  2.55483e+002  1.78700e+003 -1.98720e+001  1.60574e+001  2.48917e+002
          1788  2.55564e+002  1.78800e+003 -1.98521e+001  1.60558e+001  2.49000e+002
          1789  2.55655e+002  1.78900e+003 -1.98337e+001  1.60542e+001  2.49083e+002
          1790  2.55730e+002  1.79000e+003 -1.98163e+001  1.60526e+001  2.49167e+002
          1791  2.55828e+002  1.79100e+003 -1.97983e+001  1.60509e+001  2.49250e+002
          1792  2.55912e+002  1.79200e+003 -1.97807e+001  1.60493e+001  2.49333e+002
          1793  2.56004e+002  1.79300e+003 -1.97618e+001  1.60476e+001  2.49417e+002
          1794  2.56091e+002  1.79400e+003 -1.97427e+001  1.60460e+001  2.49500e+002
          1795  2.56179e+002  1.79500e+003 -1.97236e+001  1.60443e+001  2.49583e+002
          1796  2.56262e+002  1.79600e+003 -1.97040e+001  1.60427e+001  2.49667e+002
          1797  2.56356e+002  1.79700e+003 -1.96852e+001  1.60410e+001  2.49750e+002
          1798  2.56432e+002  1.79800e+003 -1.96664e+001  1.60393e+001  2.49833e+002
          1799  2.56533e+002  1.79900e+003 -1.96470e+001  1.60376e+001  2.49917e+002
          1800  2.56615e+002  1.80000e+003 -1.96259e+001  1.60358e+001  2.50000e+002
          1801  2.56703e+002  1.80100e+003 -1.96064e+001  1.60341e+001  2.50083e+002
          1802  2.56787e+002  1.80200e+003 -1.95867e+001  1.60323e+001  2.50167e+002
          1803  2.56878e+002  1.80300e+003 -1.95672e+001  1.60306e+001  2.50250e+002
          1804  2.56964e+002  1.80400e+003 -1.95469e+001  1.60289e+001  2.50333e+002
          1805  2.57055e+002  1.80500e+003 -1.95264e+001  1.60271e+001  2.50417e+002
          1806  2.57140e+002  1.80600e+003 -1.95052e+001  1.60253e+001  2.50500e+002
          1807  2.57228e+002  1.80700e+003 -1.94830e+001  1.60235e+001  2.50583e+002
          1808  2.57326e+002  1.80800e+003 -1.94622e+001  1.60218e+001  2.50667e+002
          1809  2.57400e+002  1.80900e+003 -1.94423e+001  1.60200e+001  2.50750e+002
          1810  2.57490e+002  1.81000e+003 -1.94233e+001  1.60182e+001  2.50833e+002
          1811  2.57580e+002  1.81100e+003 -1.94042e+001  1.60164e+001  2.50917e+002
          1812  2.57664e+002  1.81200e+003 -1.93844e+001  1.60146e+001  2.51000e+002
          1813  2.57751e+002  1.81300e+003 -1.93655e+001  1.60127e+001  2.51083e+002
          1814  2.57843e+002  1.81400e+003 -1.93462e+001  1.60108e+001  2.51167e+002
          1815  2.57925e+002  1.81500e+003 -1.93258e+001  1.60089e+001  2.51250e+002
          1816  2.58021e+002  1.81600e+003 -1.93064e+001  1.60070e+001  2.51333e+002
          1817  2.58104e+002  1.81700e+003 -1.92851e+001  1.60052e+001  2.51417e+002
          1818  2.58199e+002  1.81800e+003 -1.92628e+001  1.60033e+001  2.51500e+002
          1819  2.58277e+002  1.81900e+003 -1.92404e+001  1.60014e+001  2.51583e+002
          1820  2.58366e+002  1.82000e+003 -1.92180e+001  1.59996e+001  2.51667e+002
          1821  2.58451e+002  1.82100e+003 -1.91960e+001  1.59978e+001  2.51750e+002
          1822  2.58527e+002  1.82200e+003 -1.91739e+001  1.59959e+001  2.51833e+002
          1823  2.58626e+002  1.82300e+003 -1.91517e+001  1.59939e+001  2.51917e+002
          1824  2.58713e+002  1.82400e+003 -1.91250e+001  1.59919e+001  2.52000e+002
          1825  2.58799e+002  1.82500e+003 -1.91028e+001  1.59900e+001  2.52083e+002
          1826  2.58889e+002  1.82600e+003 -1.90807e+001  1.59880e+001  2.52167e+002
          1827  2.58977e+002  1.82700e+003 -1.90582e+001  1.59860e+001  2.52250e+002
          1828  2.59070e+002  1.82800e+003 -1.90358e+001  1.59840e+001  2.52333e+002
          1829  2.59155e+002  1.82900e+003 -1.90137e+001  1.59820e+001  2.52417e+002
          1830  2.59232e+002  1.83000e+003 -1.89918e+001  1.59800e+001  2.52500e+002
          1831  2.59333e+002  1.83100e+003 -1.89699e+001  1.59780e+001  2.52583e+002
          1832  2.59413e+002  1.83200e+003 -1.89487e+001  1.59760e+001  2.52667e+002
          1833  2.59503e+002  1.83300e+003 -1.89255e+001  1.59740e+001  2.52750e+002
          1834  2.59592e+002  1.83400e+003 -1.89020e+001  1.59719e+001  2.52833e+002
          1835  2.59672e+002  1.83500e+003 -1.88782e+001  1.59698e+001  2.52917e+002
          1836  2.59769e+002  1.83600e+003 -1.88522e+001  1.59676e+001  2.53000e+002
          1837  2.59867e+002  1.83700e+003 -1.88271e+001  1.59655e+001  2.53083e+002
          1838  2.59947e+002  1.83800e+003 -1.88025e+001  1.59634e+001  2.53167e+002
          1839  2.60026e+002  1.83900e+003 -1.87794e+001  1.59613e+001  2.53250e+002
          1840  2.60121e+002  1.84000e+003 -1.87539e+001  1.59592e+001  2.53333e+002
          1841  2.60211e+002  1.84100e+003 -1.87295e+001  1.59571e+001  2.53417e+002
          1842  2.60292e+002  1.84200e+003 -1.87057e+001  1.59550e+001  2.53500e+002
          1843  2.60389e+002  1.84300e+003 -1.86814e+001  1.59528e+001  2.53583e+002
          1844  2.60469e+002  1.84400e+003 -1.86576e+001  1.59507e+001  2.53667e+002
          1845  2.60556e+002  1.84500e+003 -1.86339e+001  1.59485e+001  2.53750e+002
          1846  2.60652e+002  1.84600e+003 -1.86093e+001  1.59464e+001  2.53833e+002
          1847  2.60731e+002  1.84700e+003 -1.85839e+001  1.59442e+001  2.53917e+002
          1848  2.60825e+002  1.84800e+003 -1.85612e+001  1.59420e+001  2.54000e+002
          1849  2.60902e+002  1.84900e+003 -1.85367e+001  1.59398e+001  2.54083e+002
          1850  2.60994e+002  1.85000e+003 -1.85118e+001  1.59375e+001  2.54167e+002
          1851  2.61086e+002  1.85100e+003 -1.84876e+001  1.59352e+001  2.54250e+002
          1852  2.61173e+002  1.85200e+003 -1.84601e+001  1.59330e+001  2.54333e+002
          1853  2.61261e+002  1.85300e+003 -1.84342e+001  1.59307e+001  2.54417e+002
          1854  2.61342e+002  1.85400e+003 -1.84077e+001  1.59284e+001  2.54500e+002
          1855  2.61429e+002  1.85500e+003 -1.83804e+001  1.59261e+001  2.54583e+002
          1856  2.61521e+002  1.85600e+003 -1.83513e+001  1.59239e+001  2.54667e+002
          1857  2.61612e+002  1.85700e+003 -1.83239e+001  1.59216e+001  2.54750e+002
          1858  2.61704e+002  1.85800e+003 -1.82967e+001  1.59193e+001  2.54833e+002
          1859  2.61789e+002  1.85900e+003 -1.82692e+001  1.59169e+001  2.54917e+002
          1860  2.61882e+002  1.86000e+003 -1.82421e+001  1.59145e+001  2.55000e+002
          1861  2.61973e+002  1.86100e+003 -1.82146e+001  1.59122e+001  2.55083e+002
          1862  2.62057e+002  1.86200e+003 -1.81865e+001  1.59098e+001  2.55167e+002
          1863  2.62139e+002  1.86300e+003 -1.81596e+001  1.59074e+001  2.55250e+002
          1864  2.62236e+002  1.86400e+003 -1.81321e+001  1.59050e+001  2.55333e+002
          1865  2.62323e+002  1.86500e+003 -1.81055e+001  1.59026e+001  2.55417e+002
          1866  2.62405e+002  1.86600e+003 -1.80776e+001  1.59002e+001  2.55500e+002
          1867  2.62494e+002  1.86700e+003 -1.80492e+001  1.58978e+001  2.55583e+002
          1868  2.62583e+002  1.86800e+003 -1.80215e+001  1.58954e+001  2.55667e+002
          1869  2.62664e+002  1.86900e+003 -1.79933e+001  1.58930e+001  2.55750e+002
          1870  2.62759e+002  1.87000e+003 -1.79645e+001  1.58905e+001  2.55833e+002
          1871  2.62841e+002  1.87100e+003 -1.79357e+001  1.58881e+001  2.55917e+002
          1872  2.62930e+002  1.87200e+003 -1.79077e+001  1.58856e+001  2.56000e+002
          1873  2.63025e+002  1.87300e+003 -1.78790e+001  1.58831e+001  2.56083e+002
          1874  2.63096e+002  1.87400e+003 -1.78496e+001  1.58805e+001  2.56167e+002
          1875  2.63198e+002  1.87500e+003 -1.78198e+001  1.58780e+001  2.56250e+002
          1876  2.63293e+002  1.87600e+003 -1.77853e+001  1.58754e+001  2.56333e+002
          1877  2.63373e+002  1.87700e+003 -1.77540e+001  1.58728e+001  2.56417e+002
          1878  2.63461e+002  1.87800e+003 -1.77233e+001  1.58703e+001  2.56500e+002
          1879  2.63546e+002  1.87900e+003 -1.76918e+001  1.58677e+001  2.56583e+002
          1880  2.63638e+002  1.88000e+003 -1.76612e+001  1.58651e+001  2.56667e+002
          1881  2.63725e+002  1.88100e+003 -1.76294e+001  1.58625e+001  2.56750e+002
          1882  2.63811e+002  1.88200e+003 -1.75976e+001  1.58599e+001  2.56833e+002
          1883  2.63898e+002  1.88300e+003 -1.75666e+001  1.58573e+001  2.56917e+002
          1884  2.63986e+002  1.88400e+003 -1.75321e+001  1.58546e+001  2.57000e+002
          1885  2.64081e+002  1.88500e+003 -1.74998e+001  1.58520e+001  2.57083e+002
          1886  2.64179e+002  1.88600e+003 -1.74678e+001  1.58493e+001  2.57167e+002
          1887  2.64277e+002  1.88700e+003 -1.74357e+001  1.58466e+001  2.57250e+002
          1888  2.64361e+002  1.88800e+003 -1.74034e+001  1.58438e+001  2.57333e+002
          1889  2.64446e+002  1.88900e+003 -1.73722e+001  1.58411e+001  2.57417e+002
          1890  2.64530e+002  1.89000e+003 -1.73414e+001  1.58383e+001  2.57500e+002
          1891  2.64614e+002  1.89100e+003 -1.73105e+001  1.58356e+001  2.57583e+002
          1892  2.64705e+002  1.89200e+003 -1.72818e+001  1.58329e+001  2.57667e+002
          1893  2.64803e+002  1.89300e+003 -1.72514e+001  1.58301e+001  2.57750e+002
          1894  2.64888e+002  1.89400e+003 -1.72209e+001  1.58273e+001  2.57833e+002
          1895  2.64973e+002  1.89500e+003 -1.71902e+001  1.58245e+001  2.57917e+002
          1896  2.65064e+002  1.89600e+003 -1.71608e+001  1.58216e+001  2.58000e+002
          1897  2.65148e+002  1.89700e+003 -1.71307e+001  1.58188e+001  2.58083e+002
          1898  2.65243e+002  1.89800e+003 -1.71001e+001  1.58159e+001  2.58167e+002
          1899  2.65328e+002  1.89900e+003 -1.70694e+001  1.58129e+001  2.58250e+002
          1900  2.65411e+002  1.90000e+003 -1.70396e+001  1.58100e+001  2.58333e+002
          1901  2.65498e+002  1.90100e+003 -1.70090e+001  1.58071e+001  2.58417e+002
          1902  2.65587e+002  1.90200e+003 -1.69775e+001  1.58042e+001  2.58500e+002
          1903  2.65677e+002  1.90300e+003 -1.69452e+001  1.58013e+001  2.58583e+002
          1904  2.65757e+002  1.90400e+003 -1.69119e+001  1.57985e+001  2.58667e+002
          1905  2.65852e+002  1.90500e+003 -1.68781e+001  1.57956e+001  2.58750e+002
          1906  2.65945e+002  1.90600e+003 -1.68450e+001  1.57927e+001  2.58833e+002
          1907  2.66027e+002  1.90700e+003 -1.68125e+001  1.57897e+001  2.58917e+002
          1908  2.66118e+002  1.90800e+003 -1.67777e+001  1.57866e+001  2.59000e+002
          1909  2.66210e+002  1.90900e+003 -1.67439e+001  1.57836e+001  2.59083e+002
          1910  2.66305e+002  1.91000e+003 -1.67106e+001  1.57805e+001  2.59167e+002
          1911  2.66384e+002  1.91100e+003 -1.66766e+001  1.57774e+001  2.59250e+002
          1912  2.66478e+002  1.91200e+003 -1.66391e+001  1.57743e+001  2.59333e+002
          1913  2.66569e+002  1.91300e+003 -1.66037e+001  1.57712e+001  2.59417e+002
          1914  2.66660e+002  1.91400e+003 -1.65689e+001  1.57681e+001  2.59500e+002
          1915  2.66739e+002  1.91500e+003 -1.65330e+001  1.57649e+001  2.59583e+002
          1916  2.66829e+002  1.91600e+003 -1.64997e+001  1.57618e+001  2.59667e+002
          1917  2.66928e+002  1.91700e+003 -1.64656e+001  1.57587e+001  2.59750e+002
          1918  2.67001e+002  1.91800e+003 -1.64306e+001  1.57555e+001  2.59833e+002
          1919  2.67099e+002  1.91900e+003 -1.63953e+001  1.57523e+001  2.59917e+002
          1920  2.67194e+002  1.92000e+003 -1.63578e+001  1.57491e+001  2.60000e+002
          1921  2.67276e+002  1.92100e+003 -1.63213e+001  1.57458e+001  2.60083e+002
          1922  2.67371e+002  1.92200e+003 -1.62854e+001  1.57426e+001  2.60167e+002
          1923  2.67464e+002  1.92300e+003 -1.62492e+001  1.57394e+001  2.60250e+002
          1924  2.67550e+002  1.92400e+003 -1.62123e+001  1.57361e+001  2.60333e+002
          1925  2.67640e+002  1.92500e+003 -1.61768e+001  1.57329e+001  2.60417e+002
          1926  2.67729e+002  1.92600e+003 -1.61408e+001  1.57296e+001  2.60500e+002
          1927  2.67813e+002  1.92700e+003 -1.61044e+001  1.57263e+001  2.60583e+002
          1928  2.67893e+002  1.92800e+003 -1.60666e+001  1.57229e+001  2.60667e+002
          1929  2.67984e+002  1.92900e+003 -1.60283e+001  1.57195e+001  2.60750e+002
          1930  2.68067e+002  1.93000e+003 -1.59900e+001  1.57162e+001  2.60833e+002
          1931  2.68166e+002  1.93100e+003 -1.59526e+001  1.57128e+001  2.60917e+002
          1932  2.68250e+002  1.93200e+003 -1.59153e+001  1.57094e+001  2.61000e+002
          1933  2.68328e+002  1.93300e+003 -1.58785e+001  1.57060e+001  2.61083e+002
          1934  2.68429e+002  1.93400e+003 -1.58421e+001  1.57025e+001  2.61167e+002
          1935  2.68526e+002  1.93500e+003 -1.58059e+001  1.56991e+001  2.61250e+002
          1936  2.68617e+002  1.93600e+003 -1.57671e+001  1.56956e+001  2.61333e+002
          1937  2.68699e+002  1.93700e+003 -1.57292e+001  1.56922e+001  2.61417e+002
          1938  2.68793e+002  1.93800e+003 -1.56917e+001  1.56886e+001  2.61500e+002
          1939  2.68875e+002  1.93900e+003 -1.56546e+001  1.56851e+001  2.61583e+002
          1940  2.68953e+002  1.94000e+003 -1.56211e+001  1.56815e+001  2.61667e+002
          1941  2.69060e+002  1.94100e+003 -1.55851e+001  1.56779e+001  2.61750e+002
          1942  2.69144e+002  1.94200e+003 -1.55487e+001  1.56743e+001  2.61833e+002
          1943  2.69228e+002  1.94300e+003 -1.55109e+001  1.56707e+001  2.61917e+002
          1944  2.69321e+002  1.94400e+003 -1.54730e+001  1.56670e+001  2.62000e+002
          1945  2.69402e+002  1.94500e+003 -1.54365e+001  1.56633e+001  2.62083e+002
          1946  2.69502e+002  1.94600e+003 -1.54001e+001  1.56597e+001  2.62167e+002
          1947  2.69588e+002  1.94700e+003 -1.53636e+001  1.56560e+001  2.62250e+002
          1948  2.69682e+002  1.94800e+003 -1.53266e+001  1.56522e+001  2.62333e+002
          1949  2.69766e+002  1.94900e+003 -1.52891e+001  1.56485e+001  2.62417e+002
          1950  2.69857e+002  1.95000e+003 -1.52508e+001  1.56447e+001  2.62500e+002
          1951  2.69933e+002  1.95100e+003 -1.52125e+001  1.56410e+001  2.62583e+002
          1952  2.70032e+002  1.95200e+003 -1.51735e+001  1.56372e+001  2.62667e+002
          1953  2.70124e+002  1.95300e+003 -1.51349e+001  1.56333e+001  2.62750e+002
          1954  2.70219e+002  1.95400e+003 -1.50957e+001  1.56295e+001  2.62833e+002
          1955  2.70298e+002  1.95500e+003 -1.50569e+001  1.56257e+001  2.62917e+002
          1956  2.70387e+002  1.95600e+003 -1.50193e+001  1.56217e+001  2.63000e+002
          1957  2.70464e+002  1.95700e+003 -1.49808e+001  1.56178e+001  2.63083e+002
          1958  2.70561e+002  1.95800e+003 -1.49418e+001  1.56139e+001  2.63167e+002
          1959  2.70642e+002  1.95900e+003 -1.49028e+001  1.56100e+001  2.63250e+002
          1960  2.70739e+002  1.96000e+003 -1.48631e+001  1.56060e+001  2.63333e+002
          1961  2.70826e+002  1.96100e+003 -1.48232e+001  1.56020e+001  2.63417e+002
          1962  2.70916e+002  1.96200e+003 -1.47836e+001  1.55980e+001  2.63500e+002
          1963  2.71012e+002  1.96300e+003 -1.47438e+001  1.55940e+001  2.63583e+002
          1964  2.71097e+002  1.96400e+003 -1.47040e+001  1.55900e+001  2.63667e+002
          1965  2.71187e+002  1.96500e+003 -1.46643e+001  1.55860e+001  2.63750e+002
          1966  2.71272e+002  1.96600e+003 -1.46256e+001  1.55820e+001  2.63833e+002
          1967  2.71360e+002  1.96700e+003 -1.45876e+001  1.55779e+001  2.63917e+002
          1968  2.71448e+002  1.96800e+003 -1.45493e+001  1.55738e+001  2.64000e+002
          1969  2.71531e+002  1.96900e+003 -1.45106e+001  1.55697e+001  2.64083e+002
          1970  2.71615e+002  1.97000e+003 -1.44718e+001  1.55655e+001  2.64167e+002
          1971  2.71714e+002  1.97100e+003 -1.44330e+001  1.55614e+001  2.64250e+002
          1972  2.71804e+002  1.97200e+003 -1.43941e+001  1.55572e+001  2.64333e+002
          1973  2.71885e+002  1.97300e+003 -1.43541e+001  1.55530e+001  2.64417e+002
          1974  2.71983e+002  1.97400e+003 -1.43128e+001  1.55488e+001  2.64500e+002
          1975  2.72064e+002  1.97500e+003 -1.42706e+001  1.55445e+001  2.64583e+002
          1976  2.72158e+002  1.97600e+003 -1.42317e+001  1.55402e+001  2.64667e+002
          1977  2.72246e+002  1.97700e+003 -1.41922e+001  1.55359e+001  2.64750e+002
          1978  2.72333e+002  1.97800e+003 -1.41523e+001  1.55316e+001  2.64833e+002
          1979  2.72428e+002  1.97900e+003 -1.41120e+001  1.55273e+001  2.64917e+002
          1980  2.72515e+002  1.98000e+003 -1.40665e+001  1.55229e+001  2.65000e+002
          1981  2.72615e+002  1.98100e+003 -1.40228e+001  1.55185e+001  2.65083e+002
          1982  2.72701e+002  1.98200e+003 -1.39799e+001  1.55141e+001  2.65167e+002
          1983  2.72792e+002  1.98300e+003 -1.39379e+001  1.55097e+001  2.65250e+002
          1984  2.72880e+002  1.98400e+003 -1.38949e+001  1.55052e+001  2.65333e+002
          1985  2.72974e+002  1.98500e+003 -1.38527e+001  1.55007e+001  2.65417e+002
          1986  2.73049e+002  1.98600e+003 -1.38103e+001  1.54962e+001  2.65500e+002
          1987  2.73141e+002  1.98700e+003 -1.37662e+001  1.54916e+001  2.65583e+002
          1988  2.73228e+002  1.98800e+003 -1.37215e+001  1.54871e+001  2.65667e+002
          1989  2.73322e+002  1.98900e+003 -1.36765e+001  1.54825e+001  2.65750e+002
          1990  2.73412e+002  1.99000e+003 -1.36317e+001  1.54779e+001  2.65833e+002
          1991  2.73506e+002  1.99100e+003 -1.35876e+001  1.54733e+001  2.65917e+002
          1992  2.73593e+002  1.99200e+003 -1.35421e+001  1.54686e+001  2.66000e+002
          1993  2.73680e+002  1.99300e+003 -1.34973e+001  1.54639e+001  2.66083e+002
          1994  2.73775e+002  1.99400e+003 -1.34519e+001  1.54592e+001  2.66167e+002
          1995  2.73860e+002  1.99500e+003 -1.34066e+001  1.54545e+001  2.66250e+002
          1996  2.73949e+002  1.99600e+003 -1.33583e+001  1.54497e+001  2.66333e+002
          1997  2.74039e+002  1.99700e+003 -1.33131e+001  1.54450e+001  2.66417e+002
          1998  2.74132e+002  1.99800e+003 -1.32685e+001  1.54402e+001  2.66500e+002
          1999  2.74223e+002  1.99900e+003 -1.32236e+001  1.54354e+001  2.66583e+002
          2000  2.74294e+002  2.00000e+003 -1.31796e+001  1.54306e+001  2.66667e+002
          2001  2.74383e+002  2.00100e+003 -1.31349e+001  1.54257e+001  2.66750e+002
          2002  2.74492e+002  2.00200e+003 -1.30894e+001  1.54208e+001  2.66833e+002
          2003  2.74574e+002  2.00300e+003 -1.30429e+001  1.54159e+001  2.66917e+002
          2004  2.74658e+002  2.00400e+003 -1.29986e+001  1.54109e+001  2.67000e+002
          2005  2.74760e+002  2.00500e+003 -1.29527e+001  1.54059e+001  2.67083e+002
          2006  2.74841e+002  2.00600e+003 -1.29066e+001  1.54009e+001  2.67167e+002
          2007  2.74922e+002  2.00700e+003 -1.28598e+001  1.53959e+001  2.67250e+002
          2008  2.75018e+002  2.00800e+003 -1.28121e+001  1.53908e+001  2.67333e+002
          2009  2.75114e+002  2.00900e+003 -1.27651e+001  1.53856e+001  2.67417e+002
          2010  2.75207e+002  2.01000e+003 -1.27186e+001  1.53805e+001  2.67500e+002
          2011  2.75283e+002  2.01100e+003 -1.26726e+001  1.53754e+001  2.67583e+002
          2012  2.75371e+002  2.01200e+003 -1.26237e+001  1.53702e+001  2.67667e+002
          2013  2.75461e+002  2.01300e+003 -1.25759e+001  1.53650e+001  2.67750e+002
          2014  2.75558e+002  2.01400e+003 -1.25284e+001  1.53598e+001  2.67833e+002
          2015  2.75642e+002  2.01500e+003 -1.24802e+001  1.53546e+001  2.67917e+002
          2016  2.75736e+002  2.01600e+003 -1.24313e+001  1.53493e+001  2.68000e+002
          2017  2.75821e+002  2.01700e+003 -1.23837e+001  1.53440e+001  2.68083e+002
          2018  2.75914e+002  2.01800e+003 -1.23350e+001  1.53387e+001  2.68167e+002
          2019  2.76003e+002  2.01900e+003 -1.22856e+001  1.53334e+001  2.68250e+002
          2020  2.76088e+002  2.02000e+003 -1.22348e+001  1.53280e+001  2.68333e+002
          2021  2.76185e+002  2.02100e+003 -1.21853e+001  1.53226e+001  2.68417e+002
          2022  2.76270e+002  2.02200e+003 -1.21366e+001  1.53171e+001  2.68500e+002
          2023  2.76358e+002  2.02300e+003 -1.20883e+001  1.53117e+001  2.68583e+002
          2024  2.76455e+002  2.02400e+003 -1.20367e+001  1.53062e+001  2.68667e+002
          2025  2.76542e+002  2.02500e+003 -1.19864e+001  1.53007e+001  2.68750e+002
          2026  2.76635e+002  2.02600e+003 -1.19368e+001  1.52952e+001  2.68833e+002
          2027  2.76726e+002  2.02700e+003 -1.18880e+001  1.52896e+001  2.68917e+002
          2028  2.76808e+002  2.02800e+003 -1.18360e+001  1.52840e+001  2.69000e+002
          2029  2.76907e+002  2.02900e+003 -1.17856e+001  1.52784e+001  2.69083e+002
          2030  2.76990e+002  2.03000e+003 -1.17357e+001  1.52727e+001  2.69167e+002
          2031  2.77076e+002  2.03100e+003 -1.16862e+001  1.52671e+001  2.69250e+002
          2032  2.77175e+002  2.03200e+003 -1.16373e+001  1.52613e+001  2.69333e+002
          2033  2.77257e+002  2.03300e+003 -1.15869e+001  1.52555e+001  2.69417e+002
          2034  2.77355e+002  2.03400e+003 -1.15358e+001  1.52497e+001  2.69500e+002
          2035  2.77437e+002  2.03500e+003 -1.14841e+001  1.52439e+001  2.69583e+002
          2036  2.77535e+002  2.03600e+003 -1.14312e+001  1.52380e+001  2.69667e+002
          2037  2.77619e+002  2.03700e+003 -1.13790e+001  1.52322e+001  2.69750e+002
          2038  2.77709e+002  2.03800e+003 -1.13264e+001  1.52264e+001  2.69833e+002
          2039  2.77793e+002  2.03900e+003 -1.12737e+001  1.52205e+001  2.69917e+002
          2040  2.77886e+002  2.04000e+003 -1.12202e+001  1.52146e+001  2.70000e+002
          2041  2.77982e+002  2.04100e+003 -1.11678e+001  1.52086e+001  2.70083e+002
          2042  2.78060e+002  2.04200e+003 -1.11158e+001  1.52025e+001  2.70167e+002
          2043  2.78157e+002  2.04300e+003 -1.10630e+001  1.51965e+001  2.70250e+002
          2044  2.78248e+002  2.04400e+003 -1.10079e+001  1.51903e+001  2.70333e+002
          2045  2.78351e+002  2.04500e+003 -1.09547e+001  1.51842e+001  2.70417e+002
          2046  2.78437e+002  2.04600e+003 -1.09030e+001  1.51780e+001  2.70500e+002
          2047  2.78529e+002  2.04700e+003 -1.08517e+001  1.51718e+001  2.70583e+002
          2048  2.78605e+002  2.04800e+003 -1.07999e+001  1.51657e+001  2.70667e+002
          2049  2.78704e+002  2.04900e+003 -1.07467e+001  1.51594e+001  2.70750e+002
          2050  2.78792e+002  2.05000e+003 -1.06949e+001  1.51531e+001  2.70833e+002
          2051  2.78894e+002  2.05100e+003 -1.06424e+001  1.51468e+001  2.70917e+002
          2052  2.78972e+002  2.05200e+003 -1.05901e+001  1.51402e+001  2.71000e+002
          2053  2.79062e+002  2.05300e+003 -1.05366e+001  1.51338e+001  2.71083e+002
          2054  2.79152e+002  2.05400e+003 -1.04832e+001  1.51274e+001  2.71167e+002
          2055  2.79245e+002  2.05500e+003 -1.04310e+001  1.51210e+001  2.71250e+002
          2056  2.79324e+002  2.05600e+003 -1.03787e+001  1.51145e+001  2.71333e+002
          2057  2.79420e+002  2.05700e+003 -1.03263e+001  1.51080e+001  2.71417e+002
          2058  2.79509e+002  2.05800e+003 -1.02726e+001  1.51016e+001  2.71500e+002
          2059  2.79602e+002  2.05900e+003 -1.02180e+001  1.50950e+001  2.71583e+002
          2060  2.79693e+002  2.06000e+003 -1.01633e+001  1.50884e+001  2.71667e+002
          2061  2.79780e+002  2.06100e+003 -1.01087e+001  1.50819e+001  2.71750e+002
          2062  2.79880e+002  2.06200e+003 -1.00550e+001  1.50753e+001  2.71833e+002
          2063  2.79963e+002  2.06300e+003 -1.00017e+001  1.50687e+001  2.71917e+002
          2064  2.80057e+002  2.06400e+003 -9.94654e+000  1.50619e+001  2.72000e+002
          2065  2.80145e+002  2.06500e+003 -9.89065e+000  1.50551e+001  2.72083e+002
          2066  2.80238e+002  2.06600e+003 -9.83502e+000  1.50483e+001  2.72167e+002
          2067  2.80324e+002  2.06700e+003 -9.77985e+000  1.50415e+001  2.72250e+002
          2068  2.80417e+002  2.06800e+003 -9.72360e+000  1.50346e+001  2.72333e+002
          2069  2.80507e+002  2.06900e+003 -9.66924e+000  1.50277e+001  2.72417e+002
          2070  2.80592e+002  2.07000e+003 -9.61472e+000  1.50207e+001  2.72500e+002
          2071  2.80684e+002  2.07100e+003 -9.55812e+000  1.50137e+001  2.72583e+002
          2072  2.80770e+002  2.07200e+003 -9.50074e+000  1.50067e+001  2.72667e+002
          2073  2.80855e+002  2.07300e+003 -9.44526e+000  1.49997e+001  2.72750e+002
          2074  2.80947e+002  2.07400e+003 -9.39082e+000  1.49926e+001  2.72833e+002
          2075  2.81046e+002  2.07500e+003 -9.33648e+000  1.49855e+001  2.72917e+002
          2076  2.81138e+002  2.07600e+003 -9.28197e+000  1.49783e+001  2.73000e+002
          2077  2.81232e+002  2.07700e+003 -9.22602e+000  1.49711e+001  2.73083e+002
          2078  2.81311e+002  2.07800e+003 -9.16980e+000  1.49639e+001  2.73167e+002
          2079  2.81405e+002  2.07900e+003 -9.11287e+000  1.49567e+001  2.73250e+002
          2080  2.81503e+002  2.08000e+003 -9.05127e+000  1.49494e+001  2.73333e+002
          2081  2.81584e+002  2.08100e+003 -8.99441e+000  1.49421e+001  2.73417e+002
          2082  2.81680e+002  2.08200e+003 -8.93987e+000  1.49347e+001  2.73500e+002
          2083  2.81768e+002  2.08300e+003 -8.88583e+000  1.49274e+001  2.73583e+002
          2084  2.81871e+002  2.08400e+003 -8.83266e+000  1.49199e+001  2.73667e+002
          2085  2.81955e+002  2.08500e+003 -8.77802e+000  1.49124e+001  2.73750e+002
          2086  2.82048e+002  2.08600e+003 -8.72096e+000  1.49049e+001  2.73833e+002
          2087  2.82128e+002  2.08700e+003 -8.66203e+000  1.48974e+001  2.73917e+002
          2088  2.82222e+002  2.08800e+003 -8.60068e+000  1.48897e+001  2.74000e+002
          2089  2.82314e+002  2.08900e+003 -8.54048e+000  1.48821e+001  2.74083e+002
          2090  2.82404e+002  2.09000e+003 -8.48083e+000  1.48744e+001  2.74167e+002
          2091  2.82490e+002  2.09100e+003 -8.42169e+000  1.48667e+001  2.74250e+002
          2092  2.82576e+002  2.09200e+003 -8.36170e+000  1.48590e+001  2.74333e+002
          2093  2.82674e+002  2.09300e+003 -8.30124e+000  1.48512e+001  2.74417e+002
          2094  2.82765e+002  2.09400e+003 -8.24006e+000  1.48434e+001  2.74500e+002
          2095  2.82847e+002  2.09500e+003 -8.17988e+000  1.48356e+001  2.74583e+002
          2096  2.82946e+002  2.09600e+003 -8.11603e+000  1.48277e+001  2.74667e+002
          2097  2.83034e+002  2.09700e+003 -8.05943e+000  1.48197e+001  2.74750e+002
          2098  2.83135e+002  2.09800e+003 -8.00441e+000  1.48117e+001  2.74833e+002
          2099  2.83223e+002  2.09900e+003 -7.94952e+000  1.48037e+001  2.74917e+002
          2100  2.83314e+002  2.10000e+003 -7.90039e+000  1.47956e+001  2.75000e+002
          2101  2.83406e+002  2.10100e+003 -7.84651e+000  1.47875e+001  2.75083e+002
          2102  2.83490e+002  2.10200e+003 -7.79082e+000  1.47794e+001  2.75167e+002
          2103  2.83579e+002  2.10300e+003 -7.73431e+000  1.47713e+001  2.75250e+002
          2104  2.83674e+002  2.10400e+003 -7.68474e+000  1.47631e+001  2.75333e+002
          2105  2.83758e+002  2.10500e+003 -7.63066e+000  1.47549e+001  2.75417e+002
          2106  2.83857e+002  2.10600e+003 -7.57564e+000  1.47466e+001  2.75500e+002
          2107  2.83947e+002  2.10700e+003 -7.52121e+000  1.47383e+001  2.75583e+002
          2108  2.84036e+002  2.10800e+003 -7.46328e+000  1.47298e+001  2.75667e+002
          2109  2.84127e+002  2.10900e+003 -7.40789e+000  1.47214e+001  2.75750e+002
          2110  2.84220e+002  2.11000e+003 -7.35306e+000  1.47130e+001  2.75833e+002
          2111  2.84309e+002  2.11100e+003 -7.29757e+000  1.47045e+001  2.75917e+002
          2112  2.84409e+002  2.11200e+003 -7.23859e+000  1.46959e+001  2.76000e+002
          2113  2.84492e+002  2.11300e+003 -7.18336e+000  1.46873e+001  2.76083e+002
          2114  2.84584e+002  2.11400e+003 -7.12793e+000  1.46787e+001  2.76167e+002
          2115  2.84685e+002  2.11500e+003 -7.07197e+000  1.46701e+001  2.76250e+002
          2116  2.84772e+002  2.11600e+003 -7.02178e+000  1.46613e+001  2.76333e+002
          2117  2.84866e+002  2.11700e+003 -6.96846e+000  1.46525e+001  2.76417e+002
          2118  2.84943e+002  2.11800e+003 -6.91372e+000  1.46437e+001  2.76500e+002
          2119  2.85035e+002  2.11900e+003 -6.85983e+000  1.46349e+001  2.76583e+002
          2120  2.85137e+002  2.12000e+003 -6.80857e+000  1.46259e+001  2.76667e+002
          2121  2.85221e+002  2.12100e+003 -6.75737e+000  1.46170e+001  2.76750e+002
          2122  2.85317e+002  2.12200e+003 -6.70696e+000  1.46080e+001  2.76833e+002
          2123  2.85408e+002  2.12300e+003 -6.65698e+000  1.45990e+001  2.76917e+002
          2124  2.85485e+002  2.12400e+003 -6.61018e+000  1.45899e+001  2.77000e+002
          2125  2.85580e+002  2.12500e+003 -6.55882e+000  1.45808e+001  2.77083e+002
          2126  2.85677e+002  2.12600e+003 -6.50761e+000  1.45716e+001  2.77167e+002
          2127  2.85760e+002  2.12700e+003 -6.45887e+000  1.45624e+001  2.77250e+002
          2128  2.85855e+002  2.12800e+003 -6.41943e+000  1.45532e+001  2.77333e+002
          2129  2.85947e+002  2.12900e+003 -6.37458e+000  1.45439e+001  2.77417e+002
          2130  2.86040e+002  2.13000e+003 -6.32545e+000  1.45346e+001  2.77500e+002
          2131  2.86132e+002  2.13100e+003 -6.27624e+000  1.45253e+001  2.77583e+002
          2132  2.86225e+002  2.13200e+003 -6.23115e+000  1.45158e+001  2.77667e+002
          2133  2.86310e+002  2.13300e+003 -6.18844e+000  1.45063e+001  2.77750e+002
          2134  2.86406e+002  2.13400e+003 -6.14815e+000  1.44969e+001  2.77833e+002
          2135  2.86496e+002  2.13500e+003 -6.10645e+000  1.44874e+001  2.77917e+002
          2136  2.86585e+002  2.13600e+003 -6.06025e+000  1.44777e+001  2.78000e+002
          2137  2.86668e+002  2.13700e+003 -6.01281e+000  1.44680e+001  2.78083e+002
          2138  2.86767e+002  2.13800e+003 -5.96806e+000  1.44583e+001  2.78167e+002
          2139  2.86870e+002  2.13900e+003 -5.92545e+000  1.44486e+001  2.78250e+002
          2140  2.86957e+002  2.14000e+003 -5.87475e+000  1.44387e+001  2.78333e+002
          2141  2.87052e+002  2.14100e+003 -5.82524e+000  1.44288e+001  2.78417e+002
          2142  2.87133e+002  2.14200e+003 -5.78108e+000  1.44189e+001  2.78500e+002
          2143  2.87213e+002  2.14300e+003 -5.74344e+000  1.44090e+001  2.78583e+002
          2144  2.87321e+002  2.14400e+003 -5.70060e+000  1.43989e+001  2.78667e+002
          2145  2.87416e+002  2.14500e+003 -5.65514e+000  1.43889e+001  2.78750e+002
          2146  2.87501e+002  2.14600e+003 -5.60111e+000  1.43789e+001  2.78833e+002
          2147  2.87581e+002  2.14700e+003 -5.52879e+000  1.43688e+001  2.78917e+002
          2148  2.87670e+002  2.14800e+003 -5.50952e+000  1.43585e+001  2.79000e+002
          2149  2.87784e+002  2.14900e+003 -5.43584e+000  1.43483e+001  2.79083e+002
          2150  2.87867e+002  2.15000e+003 -5.39314e+000  1.43380e+001  2.79167e+002
          2151  2.87951e+002  2.15100e+003 -5.42014e+000  1.43276e+001  2.79250e+002
          2152  2.88024e+002  2.15200e+003 -5.40889e+000  1.43171e+001  2.79333e+002
          2153  2.88120e+002  2.15300e+003 -5.36053e+000  1.43066e+001  2.79417e+002
          2154  2.88226e+002  2.15400e+003 -5.25424e+000  1.42962e+001  2.79500e+002
          2155  2.88311e+002  2.15500e+003 -5.23721e+000  1.42856e+001  2.79583e+002
          2156  2.88396e+002  2.15600e+003 -5.25907e+000  1.42751e+001  2.79667e+002
          2157  2.88493e+002  2.15700e+003 -5.26457e+000  1.42645e+001  2.79750e+002
          2158  2.88602e+002  2.15800e+003 -5.20056e+000  1.42538e+001  2.79833e+002
          2159  2.88691e+002  2.15900e+003 -5.12113e+000  1.42432e+001  2.79917e+002
          2160  2.88766e+002  2.16000e+003 -5.21265e+000  1.42324e+001  2.80000e+002
          2161  2.88840e+002  2.16100e+003 -5.39722e+000  1.42216e+001  2.80083e+002
          2162  2.88939e+002  2.16200e+003 -5.48825e+000  1.42107e+001  2.80167e+002
          2163  2.89066e+002  2.16300e+003 -5.24905e+000  1.41997e+001  2.80250e+002
          2164  2.89157e+002  2.16400e+003 -4.99460e+000  1.41885e+001  2.80333e+002
          2165  2.89243e+002  2.16500e+003 -4.87540e+000  1.41774e+001  2.80417e+002
          2166  2.89336e+002  2.16600e+003 -4.90671e+000  1.41663e+001  2.80500e+002
          2167  2.89412e+002  2.16700e+003 -4.98226e+000  1.41551e+001  2.80583e+002
          2168  2.89506e+002  2.16800e+003 -5.09565e+000  1.41437e+001  2.80667e+002
          2169  2.89563e+002  2.16900e+003 -5.21222e+000  1.41324e+001  2.80750e+002
          2170  2.89679e+002  2.17000e+003 -5.17560e+000  1.41210e+001  2.80833e+002
          2171  2.89792e+002  2.17100e+003 -4.79229e+000  1.41097e+001  2.80917e+002
          2172  2.89879e+002  2.17200e+003 -4.63607e+000  1.40982e+001  2.81000e+002
          2173  2.89961e+002  2.17300e+003 -4.74922e+000  1.40868e+001  2.81083e+002
          2174  2.90035e+002  2.17400e+003 -4.88287e+000  1.40754e+001  2.81167e+002
          2175  2.90141e+002  2.17500e+003 -4.87666e+000  1.40640e+001  2.81250e+002
          2176  2.90228e+002  2.17600e+003 -4.76181e+000  1.40525e+001  2.81333e+002
          2177  2.90342e+002  2.17700e+003 -4.67541e+000  1.40409e+001  2.81417e+002
          2178  2.90404e+002  2.17800e+003 -4.85095e+000  1.40292e+001  2.81500e+002
          2179  2.90479e+002  2.17900e+003 -5.28781e+000  1.40176e+001  2.81583e+002
          2180  2.90558e+002  2.18000e+003 -5.47162e+000  1.40056e+001  2.81667e+002
          2181  2.90650e+002  2.18100e+003 -5.59245e+000  1.39937e+001  2.81750e+002
          2182  2.90747e+002  2.18200e+003 -5.48867e+000  1.39817e+001  2.81833e+002
          2183  2.90878e+002  2.18300e+003 -5.03251e+000  1.39697e+001  2.81917e+002
          2184  2.90984e+002  2.18400e+003 -4.49765e+000  1.39576e+001  2.82000e+002
          2185  2.91067e+002  2.18500e+003 -4.34428e+000  1.39454e+001  2.82083e+002
          2186  2.91155e+002  2.18600e+003 -4.52782e+000  1.39333e+001  2.82167e+002
          2187  2.91210e+002  2.18700e+003 -4.85572e+000  1.39211e+001  2.82250e+002
          2188  2.91284e+002  2.18800e+003 -5.30089e+000  1.39087e+001  2.82333e+002
          2189  2.91359e+002  2.18900e+003 -5.61488e+000  1.38964e+001  2.82417e+002
          2190  2.91457e+002  2.19000e+003 -5.58463e+000  1.38840e+001  2.82500e+002
          2191  2.91609e+002  2.19100e+003 -5.06767e+000  1.38717e+001  2.82583e+002
          2192  2.91709e+002  2.19200e+003 -4.46834e+000  1.38591e+001  2.82667e+002
          2193  2.91797e+002  2.19300e+003 -4.30998e+000  1.38466e+001  2.82750e+002
          2194  2.91869e+002  2.19400e+003 -4.51339e+000  1.38341e+001  2.82833e+002
          2195  2.91925e+002  2.19500e+003 -4.92668e+000  1.38215e+001  2.82917e+002
          2196  2.92016e+002  2.19600e+003 -5.20791e+000  1.38088e+001  2.83000e+002
          2197  2.92100e+002  2.19700e+003 -5.49322e+000  1.37960e+001  2.83083e+002
          2198  2.92172e+002  2.19800e+003 -5.73358e+000  1.37833e+001  2.83167e+002
          2199  2.92250e+002  2.19900e+003 -5.95543e+000  1.37704e+001  2.83250e+002
          2200  2.92356e+002  2.20000e+003 -5.92776e+000  1.37573e+001  2.83333e+002
          2201  2.92491e+002  2.20100e+003 -5.39938e+000  1.37443e+001  2.83417e+002
          2202  2.92620e+002  2.20200e+003 -4.61072e+000  1.37313e+001  2.83500e+002
          2203  2.92720e+002  2.20300e+003 -4.04178e+000  1.37182e+001  2.83583e+002
          2204  2.92806e+002  2.20400e+003 -4.08520e+000  1.37050e+001  2.83667e+002
          2205  2.92888e+002  2.20500e+003 -4.26760e+000  1.36918e+001  2.83750e+002
          2206  2.92940e+002  2.20600e+003 -4.67810e+000  1.36786e+001  2.83833e+002
          2207  2.93007e+002  2.20700e+003 -5.12935e+000  1.36654e+001  2.83917e+002
          2208  2.93083e+002  2.20800e+003 -5.58294e+000  1.36520e+001  2.84000e+002
          2209  2.93143e+002  2.20900e+003 -6.02725e+000  1.36385e+001  2.84083e+002
          2210  2.93215e+002  2.21000e+003 -6.42875e+000  1.36250e+001  2.84167e+002
          2211  2.93308e+002  2.21100e+003 -6.75931e+000  1.36115e+001  2.84250e+002
          2212  2.93392e+002  2.21200e+003 -6.88943e+000  1.35977e+001  2.84333e+002
          2213  2.93480e+002  2.21300e+003 -6.98375e+000  1.35840e+001  2.84417e+002
          2214  2.93567e+002  2.21400e+003 -7.06315e+000  1.35703e+001  2.84500e+002
          2215  2.93658e+002  2.21500e+003 -7.13175e+000  1.35565e+001  2.84583e+002
          2216  2.93740e+002  2.21600e+003 -7.18569e+000  1.35426e+001  2.84667e+002
          2217  2.93834e+002  2.21700e+003 -7.24101e+000  1.35287e+001  2.84750e+002
          2218  2.93925e+002  2.21800e+003 -7.29270e+000  1.35148e+001  2.84833e+002
          2219  2.94007e+002  2.21900e+003 -7.34254e+000  1.35008e+001  2.84917e+002
          2220  2.94112e+002  2.22000e+003 -7.38525e+000  1.34867e+001  2.85000e+002
          2221  2.94198e+002  2.22100e+003 -7.43877e+000  1.34726e+001  2.85083e+002
          2222  2.94283e+002  2.22200e+003 -7.49061e+000  1.34584e+001  2.85167e+002
          2223  2.94376e+002  2.22300e+003 -7.53966e+000  1.34442e+001  2.85250e+002
          2224  2.94469e+002  2.22400e+003 -7.57705e+000  1.34298e+001  2.85333e+002
          2225  2.94551e+002  2.22500e+003 -7.62050e+000  1.34154e+001  2.85417e+002
          2226  2.94648e+002  2.22600e+003 -7.66450e+000  1.34010e+001  2.85500e+002
          2227  2.94743e+002  2.22700e+003 -7.70690e+000  1.33866e+001  2.85583e+002
          2228  2.94839e+002  2.22800e+003 -7.74476e+000  1.33720e+001  2.85667e+002
          2229  2.94924e+002  2.22900e+003 -7.78344e+000  1.33574e+001  2.85750e+002
          2230  2.95002e+002  2.23000e+003 -7.82137e+000  1.33428e+001  2.85833e+002
          2231  2.95105e+002  2.23100e+003 -7.85966e+000  1.33282e+001  2.85917e+002
          2232  2.95188e+002  2.23200e+003 -7.89039e+000  1.33134e+001  2.86000e+002
          2233  2.95291e+002  2.23300e+003 -7.92478e+000  1.32986e+001  2.86083e+002
          2234  2.95369e+002  2.23400e+003 -7.96053e+000  1.32838e+001  2.86167e+002
          2235  2.95469e+002  2.23500e+003 -7.99716e+000  1.32689e+001  2.86250e+002
          2236  2.95550e+002  2.23600e+003 -8.02872e+000  1.32539e+001  2.86333e+002
          2237  2.95640e+002  2.23700e+003 -8.06139e+000  1.32389e+001  2.86417e+002
          2238  2.95738e+002  2.23800e+003 -8.09338e+000  1.32238e+001  2.86500e+002
          2239  2.95828e+002  2.23900e+003 -8.12468e+000  1.32088e+001  2.86583e+002
          2240  2.95923e+002  2.24000e+003 -8.15634e+000  1.31936e+001  2.86667e+002
          2241  2.96018e+002  2.24100e+003 -8.18840e+000  1.31784e+001  2.86750e+002
          2242  2.96098e+002  2.24200e+003 -8.21987e+000  1.31632e+001  2.86833e+002
          2243  2.96194e+002  2.24300e+003 -8.25129e+000  1.31479e+001  2.86917e+002
          2244  2.96282e+002  2.24400e+003 -8.28271e+000  1.31324e+001  2.87000e+002
          2245  2.96374e+002  2.24500e+003 -8.31318e+000  1.31169e+001  2.87083e+002
          2246  2.96472e+002  2.24600e+003 -8.34337e+000  1.31014e+001  2.87167e+002
          2247  2.96557e+002  2.24700e+003 -8.37351e+000  1.30859e+001  2.87250e+002
          2248  2.96650e+002  2.24800e+003 -8.40043e+000  1.30701e+001  2.87333e+002
          2249  2.96741e+002  2.24900e+003 -8.42860e+000  1.30543e+001  2.87417e+002
          2250  2.96834e+002  2.25000e+003 -8.45757e+000  1.30386e+001  2.87500e+002
          2251  2.96928e+002  2.25100e+003 -8.48788e+000  1.30228e+001  2.87583e+002
          2252  2.97023e+002  2.25200e+003 -8.51650e+000  1.30068e+001  2.87667e+002
          2253  2.97113e+002  2.25300e+003 -8.54595e+000  1.29909e+001  2.87750e+002
          2254  2.97202e+002  2.25400e+003 -8.57518e+000  1.29749e+001  2.87833e+002
          2255  2.97293e+002  2.25500e+003 -8.60311e+000  1.29590e+001  2.87917e+002
          2256  2.97393e+002  2.25600e+003 -8.62995e+000  1.29428e+001  2.88000e+002
          2257  2.97475e+002  2.25700e+003 -8.65843e+000  1.29268e+001  2.88083e+002
          2258  2.97574e+002  2.25800e+003 -8.68836e+000  1.29106e+001  2.88167e+002
          2259  2.97660e+002  2.25900e+003 -8.71793e+000  1.28944e+001  2.88250e+002
          2260  2.97754e+002  2.26000e+003 -8.74830e+000  1.28781e+001  2.88333e+002
          2261  2.97859e+002  2.26100e+003 -8.77807e+000  1.28617e+001  2.88417e+002
          2262  2.97945e+002  2.26200e+003 -8.80667e+000  1.28453e+001  2.88500e+002
          2263  2.98028e+002  2.26300e+003 -8.83440e+000  1.28289e+001  2.88583e+002
          2264  2.98139e+002  2.26400e+003 -8.86216e+000  1.28124e+001  2.88667e+002
          2265  2.98232e+002  2.26500e+003 -8.89045e+000  1.27958e+001  2.88750e+002
          2266  2.98309e+002  2.26600e+003 -8.91805e+000  1.27791e+001  2.88833e+002
          2267  2.98409e+002  2.26700e+003 -8.94591e+000  1.27625e+001  2.88917e+002
          2268  2.98498e+002  2.26800e+003 -8.97510e+000  1.27458e+001  2.89000e+002
          2269  2.98584e+002  2.26900e+003 -9.00308e+000  1.27290e+001  2.89083e+002
          2270  2.98677e+002  2.27000e+003 -9.03126e+000  1.27123e+001  2.89167e+002
          2271  2.98777e+002  2.27100e+003 -9.05885e+000  1.26954e+001  2.89250e+002
          2272  2.98867e+002  2.27200e+003 -9.08631e+000  1.26785e+001  2.89333e+002
          2273  2.98959e+002  2.27300e+003 -9.11559e+000  1.26615e+001  2.89417e+002
          2274  2.99055e+002  2.27400e+003 -9.14566e+000  1.26445e+001  2.89500e+002
          2275  2.99152e+002  2.27500e+003 -9.17581e+000  1.26275e+001  2.89583e+002
          2276  2.99236e+002  2.27600e+003 -9.20879e+000  1.26103e+001  2.89667e+002
          2277  2.99337e+002  2.27700e+003 -9.24070e+000  1.25932e+001  2.89750e+002
          2278  2.99431e+002  2.27800e+003 -9.27227e+000  1.25760e+001  2.89833e+002
          2279  2.99518e+002  2.27900e+003 -9.30400e+000  1.25587e+001  2.89917e+002
          2280  2.99620e+002  2.28000e+003 -9.33730e+000  1.25414e+001  2.90000e+002
          2281  2.99707e+002  2.28100e+003 -9.36794e+000  1.25240e+001  2.90083e+002
          2282  2.99793e+002  2.28200e+003 -9.39794e+000  1.25066e+001  2.90167e+002
          2283  2.99884e+002  2.28300e+003 -9.42819e+000  1.24892e+001  2.90250e+002
          2284  2.99982e+002  2.28400e+003 -9.46072e+000  1.24717e+001  2.90333e+002
          2285  3.00066e+002  2.28500e+003 -9.49254e+000  1.24542e+001  2.90417e+002
          2286  3.00163e+002  2.28600e+003 -9.52417e+000  1.24366e+001  2.90500e+002
          2287  3.00262e+002  2.28700e+003 -9.55467e+000  1.24190e+001  2.90583e+002
          2288  3.00342e+002  2.28800e+003 -9.58340e+000  1.24013e+001  2.90667e+002
          2289  3.00444e+002  2.28900e+003 -9.61357e+000  1.23836e+001  2.90750e+002
          2290  3.00534e+002  2.29000e+003 -9.64430e+000  1.23659e+001  2.90833e+002
          2291  3.00630e+002  2.29100e+003 -9.67472e+000  1.23482e+001  2.90917e+002
          2292  3.00727e+002  2.29200e+003 -9.70665e+000  1.23304e+001  2.91000e+002
          2293  3.00820e+002  2.29300e+003 -9.73783e+000  1.23125e+001  2.91083e+002
          2294  3.00910e+002  2.29400e+003 -9.77015e+000  1.22947e+001  2.91167e+002
          2295  3.00990e+002  2.29500e+003 -9.80429e+000  1.22768e+001  2.91250e+002
          2296  3.01090e+002  2.29600e+003 -9.84067e+000  1.22588e+001  2.91333e+002
          2297  3.01179e+002  2.29700e+003 -9.87588e+000  1.22408e+001  2.91417e+002
          2298  3.01275e+002  2.29800e+003 -9.91027e+000  1.22227e+001  2.91500e+002
          2299  3.01365e+002  2.29900e+003 -9.94537e+000  1.22046e+001  2.91583e+002
          2300  3.01462e+002  2.30000e+003 -9.98199e+000  1.21865e+001  2.91667e+002
          2301  3.01554e+002  2.30100e+003 -1.00175e+001  1.21684e+001  2.91750e+002
          2302  3.01646e+002  2.30200e+003 -1.00530e+001  1.21502e+001  2.91833e+002
          2303  3.01738e+002  2.30300e+003 -1.00881e+001  1.21321e+001  2.91917e+002
          2304  3.01821e+002  2.30400e+003 -1.01300e+001  1.21139e+001  2.92000e+002
          2305  3.01909e+002  2.30500e+003 -1.01681e+001  1.20957e+001  2.92083e+002
          2306  3.02016e+002  2.30600e+003 -1.02048e+001  1.20776e+001  2.92167e+002
          2307  3.02107e+002  2.30700e+003 -1.02399e+001  1.20593e+001  2.92250e+002
          2308  3.02205e+002  2.30800e+003 -1.02725e+001  1.20411e+001  2.92333e+002
          2309  3.02300e+002  2.30900e+003 -1.03088e+001  1.20228e+001  2.92417e+002
          2310  3.02384e+002  2.31000e+003 -1.03466e+001  1.20045e+001  2.92500e+002
          2311  3.02477e+002  2.31100e+003 -1.03835e+001  1.19863e+001  2.92583e+002
          2312  3.02571e+002  2.31200e+003 -1.04224e+001  1.19679e+001  2.92667e+002
          2313  3.02658e+002  2.31300e+003 -1.04598e+001  1.19495e+001  2.92750e+002
          2314  3.02752e+002  2.31400e+003 -1.04963e+001  1.19311e+001  2.92833e+002
          2315  3.02838e+002  2.31500e+003 -1.05322e+001  1.19127e+001  2.92917e+002
          2316  3.02937e+002  2.31600e+003 -1.05683e+001  1.18942e+001  2.93000e+002
          2317  3.03031e+002  2.31700e+003 -1.06048e+001  1.18758e+001  2.93083e+002
          2318  3.03115e+002  2.31800e+003 -1.06411e+001  1.18574e+001  2.93167e+002
          2319  3.03211e+002  2.31900e+003 -1.06769e+001  1.18390e+001  2.93250e+002
          2320  3.03298e+002  2.32000e+003 -1.07138e+001  1.18206e+001  2.93333e+002
          2321  3.03388e+002  2.32100e+003 -1.07499e+001  1.18022e+001  2.93417e+002
          2322  3.03486e+002  2.32200e+003 -1.07857e+001  1.17838e+001  2.93500e+002
          2323  3.03578e+002  2.32300e+003 -1.08215e+001  1.17654e+001  2.93583e+002
          2324  3.03678e+002  2.32400e+003 -1.08561e+001  1.17470e+001  2.93667e+002
          2325  3.03761e+002  2.32500e+003 -1.08921e+001  1.17286e+001  2.93750e+002
          2326  3.03851e+002  2.32600e+003 -1.09279e+001  1.17102e+001  2.93833e+002
          2327  3.03947e+002  2.32700e+003 -1.09636e+001  1.16918e+001  2.93917e+002
          2328  3.04040e+002  2.32800e+003 -1.09985e+001  1.16734e+001  2.94000e+002
          2329  3.04127e+002  2.32900e+003 -1.10324e+001  1.16551e+001  2.94083e+002
          2330  3.04226e+002  2.33000e+003 -1.10652e+001  1.16368e+001  2.94167e+002
          2331  3.04312e+002  2.33100e+003 -1.10981e+001  1.16184e+001  2.94250e+002
          2332  3.04408e+002  2.33200e+003 -1.11324e+001  1.16002e+001  2.94333e+002
          2333  3.04502e+002  2.33300e+003 -1.11666e+001  1.15819e+001  2.94417e+002
          2334  3.04586e+002  2.33400e+003 -1.11998e+001  1.15637e+001  2.94500e+002
          2335  3.04690e+002  2.33500e+003 -1.12316e+001  1.15455e+001  2.94583e+002
          2336  3.04768e+002  2.33600e+003 -1.12626e+001  1.15274e+001  2.94667e+002
          2337  3.04866e+002  2.33700e+003 -1.12957e+001  1.15092e+001  2.94750e+002
          2338  3.04969e+002  2.33800e+003 -1.13286e+001  1.14911e+001  2.94833e+002
          2339  3.05051e+002  2.33900e+003 -1.13595e+001  1.14731e+001  2.94917e+002
          2340  3.05150e+002  2.34000e+003 -1.13896e+001  1.14551e+001  2.95000e+002
          2341  3.05218e+002  2.34100e+003 -1.14180e+001  1.14371e+001  2.95083e+002
          2342  3.05313e+002  2.34200e+003 -1.14457e+001  1.14191e+001  2.95167e+002
          2343  3.05419e+002  2.34300e+003 -1.14741e+001  1.14012e+001  2.95250e+002
          2344  3.05506e+002  2.34400e+003 -1.14985e+001  1.13834e+001  2.95333e+002
          2345  3.05592e+002  2.34500e+003 -1.15235e+001  1.13656e+001  2.95417e+002
          2346  3.05683e+002  2.34600e+003 -1.15483e+001  1.13478e+001  2.95500e+002
          2347  3.05764e+002  2.34700e+003 -1.15725e+001  1.13301e+001  2.95583e+002
          2348  3.05872e+002  2.34800e+003 -1.15884e+001  1.13125e+001  2.95667e+002
          2349  3.05964e+002  2.34900e+003 -1.16073e+001  1.12950e+001  2.95750e+002
          2350  3.06052e+002  2.35000e+003 -1.16260e+001  1.12774e+001  2.95833e+002
          2351  3.06149e+002  2.35100e+003 -1.16426e+001  1.12599e+001  2.95917e+002
          2352  3.06233e+002  2.35200e+003 -1.16543e+001  1.12426e+001  2.96000e+002
          2353  3.06321e+002  2.35300e+003 -1.16657e+001  1.12254e+001  2.96083e+002
          2354  3.06416e+002  2.35400e+003 -1.16774e+001  1.12082e+001  2.96167e+002
          2355  3.06496e+002  2.35500e+003 -1.16924e+001  1.11910e+001  2.96250e+002
          2356  3.06581e+002  2.35600e+003 -1.16964e+001  1.11741e+001  2.96333e+002
          2357  3.06677e+002  2.35700e+003 -1.17059e+001  1.11572e+001  2.96417e+002
          2358  3.06753e+002  2.35800e+003 -1.17160e+001  1.11403e+001  2.96500e+002
          2359  3.06850e+002  2.35900e+003 -1.17259e+001  1.11234e+001  2.96583e+002
          2360  3.06940e+002  2.36000e+003 -1.17140e+001  1.11069e+001  2.96667e+002
          2361  3.07023e+002  2.36100e+003 -1.17094e+001  1.10902e+001  2.96750e+002
          2362  3.07131e+002  2.36200e+003 -1.17000e+001  1.10737e+001  2.96833e+002
          2363  3.07216e+002  2.36300e+003 -1.16825e+001  1.10573e+001  2.96917e+002
          2364  3.07379e+002  2.36400e+003 -1.07011e+001  1.10412e+001  2.97000e+002
          2365  3.07538e+002  2.36500e+003 -9.43677e+000  1.10251e+001  2.97083e+002
          2366  3.07670e+002  2.36600e+003 -8.35710e+000  1.10090e+001  2.97167e+002
          2367  3.07774e+002  2.36700e+003 -7.51478e+000  1.09930e+001  2.97250e+002
          2368  3.07882e+002  2.36800e+003 -7.19691e+000  1.09774e+001  2.97333e+002
          2369  3.07979e+002  2.36900e+003 -6.99526e+000  1.09618e+001  2.97417e+002
          2370  3.08065e+002  2.37000e+003 -6.92091e+000  1.09463e+001  2.97500e+002
          2371  3.08153e+002  2.37100e+003 -6.88407e+000  1.09308e+001  2.97583e+002
          2372  3.08245e+002  2.37200e+003 -6.89764e+000  1.09157e+001  2.97667e+002
          2373  3.08323e+002  2.37300e+003 -6.88665e+000  1.09005e+001  2.97750e+002
          2374  3.08419e+002  2.37400e+003 -6.87107e+000  1.08854e+001  2.97833e+002
          2375  3.08500e+002  2.37500e+003 -6.85753e+000  1.08703e+001  2.97917e+002
          2376  3.08594e+002  2.37600e+003 -6.86120e+000  1.08557e+001  2.98000e+002
          2377  3.08678e+002  2.37700e+003 -6.85782e+000  1.08410e+001  2.98083e+002
          2378  3.08770e+002  2.37800e+003 -6.84779e+000  1.08264e+001  2.98167e+002
          2379  3.08849e+002  2.37900e+003 -6.84199e+000  1.08119e+001  2.98250e+002
          2380  3.08938e+002  2.38000e+003 -6.85174e+000  1.07979e+001  2.98333e+002
          2381  3.09018e+002  2.38100e+003 -6.85697e+000  1.07838e+001  2.98417e+002
          2382  3.09103e+002  2.38200e+003 -6.86133e+000  1.07699e+001  2.98500e+002
          2383  3.09196e+002  2.38300e+003 -6.86743e+000  1.07560e+001  2.98583e+002
          2384  3.09275e+002  2.38400e+003 -6.88912e+000  1.07426e+001  2.98667e+002
          2385  3.09355e+002  2.38500e+003 -6.90340e+000  1.07291e+001  2.98750e+002
          2386  3.09441e+002  2.38600e+003 -6.91743e+000  1.07157e+001  2.98833e+002
          2387  3.09519e+002  2.38700e+003 -6.93224e+000  1.07023e+001  2.98917e+002
          2388  3.09594e+002  2.38800e+003 -6.95848e+000  1.06895e+001  2.99000e+002
          2389  3.09682e+002  2.38900e+003 -6.98145e+000  1.06766e+001  2.99083e+002
          2390  3.09782e+002  2.39000e+003 -7.00462e+000  1.06638e+001  2.99167e+002
          2391  3.09845e+002  2.39100e+003 -7.02881e+000  1.06511e+001  2.99250e+002
          2392  3.09939e+002  2.39200e+003 -7.06066e+000  1.06389e+001  2.99333e+002
          2393  3.10011e+002  2.39300e+003 -7.08728e+000  1.06267e+001  2.99417e+002
          2394  3.10099e+002  2.39400e+003 -7.11553e+000  1.06145e+001  2.99500e+002
          2395  3.10177e+002  2.39500e+003 -7.14579e+000  1.06024e+001  2.99583e+002
          2396  3.10262e+002  2.39600e+003 -7.18537e+000  1.05907e+001  2.99667e+002
          2397  3.10338e+002  2.39700e+003 -7.22138e+000  1.05791e+001  2.99750e+002
          2398  3.10430e+002  2.39800e+003 -7.25706e+000  1.05676e+001  2.99833e+002
          2399  3.10505e+002  2.39900e+003 -7.29311e+000  1.05562e+001  2.99917e+002
          2400  3.10582e+002  2.40000e+003 -7.33622e+000  1.05452e+001  3.00000e+002
          2401  3.10670e+002  2.40100e+003 -7.37749e+000  1.05342e+001  3.00083e+002
          2402  3.10746e+002  2.40200e+003 -7.41878e+000  1.05234e+001  3.00167e+002
          2403  3.10823e+002  2.40300e+003 -7.46031e+000  1.05126e+001  3.00250e+002
          2404  3.10900e+002  2.40400e+003 -7.51249e+000  1.05022e+001  3.00333e+002
          2405  3.10977e+002  2.40500e+003 -7.55951e+000  1.04918e+001  3.00417e+002
          2406  3.11060e+002  2.40600e+003 -7.60618e+000  1.04816e+001  3.00500e+002
          2407  3.11124e+002  2.40700e+003 -7.65372e+000  1.04714e+001  3.00583e+002
          2408  3.11208e+002  2.40800e+003 -7.70577e+000  1.04616e+001  3.00667e+002
          2409  3.11286e+002  2.40900e+003 -7.75562e+000  1.04518e+001  3.00750e+002
          2410  3.11365e+002  2.41000e+003 -7.80564e+000  1.04421e+001  3.00833e+002
          2411  3.11437e+002  2.41100e+003 -7.85501e+000  1.04325e+001  3.00917e+002
          2412  3.11511e+002  2.41200e+003 -7.90546e+000  1.04233e+001  3.01000e+002
          2413  3.11590e+002  2.41300e+003 -7.95324e+000  1.04141e+001  3.01083e+002
          2414  3.11661e+002  2.41400e+003 -7.99994e+000  1.04049e+001  3.01167e+002
          2415  3.11733e+002  2.41500e+003 -8.04681e+000  1.03957e+001  3.01250e+002
          2416  3.11808e+002  2.41600e+003 -8.09287e+000  1.03871e+001  3.01333e+002
          2417  3.11881e+002  2.41700e+003 -8.13747e+000  1.03783e+001  3.01417e+002
          2418  3.11962e+002  2.41800e+003 -8.18086e+000  1.03697e+001  3.01500e+002
          2419  3.12043e+002  2.41900e+003 -8.22424e+000  1.03611e+001  3.01583e+002
          2420  3.12115e+002  2.42000e+003 -8.25906e+000  1.03529e+001  3.01667e+002
          2421  3.12203e+002  2.42100e+003 -8.29673e+000  1.03446e+001  3.01750e+002
          2422  3.12279e+002  2.42200e+003 -8.33446e+000  1.03364e+001  3.01833e+002
          2423  3.12356e+002  2.42300e+003 -8.37107e+000  1.03283e+001  3.01917e+002
          2424  3.12429e+002  2.42400e+003 -8.40269e+000  1.03206e+001  3.02000e+002
          2425  3.12500e+002  2.42500e+003 -8.43591e+000  1.03127e+001  3.02083e+002
          2426  3.12581e+002  2.42600e+003 -8.46853e+000  1.03050e+001  3.02167e+002
          2427  3.12659e+002  2.42700e+003 -8.50145e+000  1.02974e+001  3.02250e+002
          2428  3.12727e+002  2.42800e+003 -8.52837e+000  1.02901e+001  3.02333e+002
          2429  3.12811e+002  2.42900e+003 -8.55757e+000  1.02827e+001  3.02417e+002
          2430  3.12879e+002  2.43000e+003 -8.58593e+000  1.02754e+001  3.02500e+002
          2431  3.12946e+002  2.43100e+003 -8.61328e+000  1.02682e+001  3.02583e+002
          2432  3.13031e+002  2.43200e+003 -8.63256e+000  1.02612e+001  3.02667e+002
          2433  3.13098e+002  2.43300e+003 -8.65603e+000  1.02542e+001  3.02750e+002
          2434  3.13184e+002  2.43400e+003 -8.67968e+000  1.02472e+001  3.02833e+002
          2435  3.13249e+002  2.43500e+003 -8.70176e+000  1.02403e+001  3.02917e+002
          2436  3.13320e+002  2.43600e+003 -8.71963e+000  1.02337e+001  3.03000e+002
          2437  3.13400e+002  2.43700e+003 -8.73792e+000  1.02270e+001  3.03083e+002
          2438  3.13481e+002  2.43800e+003 -8.75658e+000  1.02204e+001  3.03167e+002
          2439  3.13547e+002  2.43900e+003 -8.77549e+000  1.02138e+001  3.03250e+002
          2440  3.13623e+002  2.44000e+003 -8.78486e+000  1.02075e+001  3.03333e+002
          2441  3.13702e+002  2.44100e+003 -8.79886e+000  1.02011e+001  3.03417e+002
          2442  3.13770e+002  2.44200e+003 -8.81322e+000  1.01948e+001  3.03500e+002
          2443  3.13847e+002  2.44300e+003 -8.82799e+000  1.01885e+001  3.03583e+002
          2444  3.13923e+002  2.44400e+003 -8.83893e+000  1.01825e+001  3.03667e+002
          2445  3.13999e+002  2.44500e+003 -8.85184e+000  1.01764e+001  3.03750e+002
          2446  3.14071e+002  2.44600e+003 -8.86424e+000  1.01704e+001  3.03833e+002
          2447  3.14142e+002  2.44700e+003 -8.87628e+000  1.01644e+001  3.03917e+002
          2448  3.14216e+002  2.44800e+003 -8.88708e+000  1.01586e+001  3.04000e+002
          2449  3.14300e+002  2.44900e+003 -8.89925e+000  1.01528e+001  3.04083e+002
          2450  3.14378e+002  2.45000e+003 -8.91156e+000  1.01470e+001  3.04167e+002
          2451  3.14449e+002  2.45100e+003 -8.92303e+000  1.01413e+001  3.04250e+002
          2452  3.14518e+002  2.45200e+003 -8.93361e+000  1.01356e+001  3.04333e+002
          2453  3.14588e+002  2.45300e+003 -8.94509e+000  1.01300e+001  3.04417e+002
          2454  3.14674e+002  2.45400e+003 -8.95649e+000  1.01245e+001  3.04500e+002
          2455  3.14748e+002  2.45500e+003 -8.96753e+000  1.01189e+001  3.04583e+002
          2456  3.14830e+002  2.45600e+003 -8.97761e+000  1.01136e+001  3.04667e+002
          2457  3.14899e+002  2.45700e+003 -8.99049e+000  1.01082e+001  3.04750e+002
          2458  3.14976e+002  2.45800e+003 -9.00412e+000  1.01028e+001  3.04833e+002
          2459  3.15048e+002  2.45900e+003 -9.01798e+000  1.00975e+001  3.04917e+002
          2460  3.15128e+002  2.46000e+003 -9.03319e+000  1.00924e+001  3.05000e+002
          2461  3.15207e+002  2.46100e+003 -9.04844e+000  1.00873e+001  3.05083e+002
          2462  3.15282e+002  2.46200e+003 -9.06302e+000  1.00822e+001  3.05167e+002
          2463  3.15357e+002  2.46300e+003 -9.07703e+000  1.00771e+001  3.05250e+002
          2464  3.15432e+002  2.46400e+003 -9.09410e+000  1.00721e+001  3.05333e+002
          2465  3.15500e+002  2.46500e+003 -9.11003e+000  1.00671e+001  3.05417e+002
          2466  3.15568e+002  2.46600e+003 -9.12534e+000  1.00621e+001  3.05500e+002
          2467  3.15636e+002  2.46700e+003 -9.14107e+000  1.00571e+001  3.05583e+002
          2468  3.15715e+002  2.46800e+003 -9.15946e+000  1.00523e+001  3.05667e+002
          2469  3.15791e+002  2.46900e+003 -9.17594e+000  1.00475e+001  3.05750e+002
          2470  3.15872e+002  2.47000e+003 -9.19378e+000  1.00427e+001  3.05833e+002
          2471  3.15943e+002  2.47100e+003 -9.21192e+000  1.00379e+001  3.05917e+002
          2472  3.16022e+002  2.47200e+003 -9.22942e+000  1.00333e+001  3.06000e+002
          2473  3.16094e+002  2.47300e+003 -9.24910e+000  1.00287e+001  3.06083e+002
          2474  3.16160e+002  2.47400e+003 -9.27049e+000  1.00241e+001  3.06167e+002
          2475  3.16242e+002  2.47500e+003 -9.29275e+000  1.00194e+001  3.06250e+002
          2476  3.16308e+002  2.47600e+003 -9.31635e+000  1.00149e+001  3.06333e+002
          2477  3.16396e+002  2.47700e+003 -9.33795e+000  1.00105e+001  3.06417e+002
          2478  3.16476e+002  2.47800e+003 -9.35953e+000  1.00060e+001  3.06500e+002
          2479  3.16546e+002  2.47900e+003 -9.38130e+000  1.00015e+001  3.06583e+002
          2480  3.16626e+002  2.48000e+003 -9.40709e+000  9.99717e+000  3.06667e+002
          2481  3.16689e+002  2.48100e+003 -9.43210e+000  9.99277e+000  3.06750e+002
          2482  3.16769e+002  2.48200e+003 -9.45716e+000  9.98840e+000  3.06833e+002
          2483  3.16835e+002  2.48300e+003 -9.48214e+000  9.98405e+000  3.06917e+002
          2484  3.16920e+002  2.48400e+003 -9.50925e+000  9.97982e+000  3.07000e+002
          2485  3.16987e+002  2.48500e+003 -9.53600e+000  9.97559e+000  3.07083e+002
          2486  3.17068e+002  2.48600e+003 -9.56237e+000  9.97140e+000  3.07167e+002
          2487  3.17141e+002  2.48700e+003 -9.58872e+000  9.96723e+000  3.07250e+002
          2488  3.17224e+002  2.48800e+003 -9.61788e+000  9.96320e+000  3.07333e+002
          2489  3.17294e+002  2.48900e+003 -9.64694e+000  9.95914e+000  3.07417e+002
          2490  3.17372e+002  2.49000e+003 -9.67760e+000  9.95507e+000  3.07500e+002
          2491  3.17445e+002  2.49100e+003 -9.70929e+000  9.95103e+000  3.07583e+002
          2492  3.17522e+002  2.49200e+003 -9.74265e+000  9.94704e+000  3.07667e+002
          2493  3.17592e+002  2.49300e+003 -9.77562e+000  9.94303e+000  3.07750e+002
          2494  3.17664e+002  2.49400e+003 -9.81107e+000  9.93901e+000  3.07833e+002
          2495  3.17751e+002  2.49500e+003 -9.84854e+000  9.93500e+000  3.07917e+002
          2496  3.17814e+002  2.49600e+003 -9.88800e+000  9.93112e+000  3.08000e+002
          2497  3.17886e+002  2.49700e+003 -9.92532e+000  9.92723e+000  3.08083e+002
          2498  3.17958e+002  2.49800e+003 -9.96216e+000  9.92334e+000  3.08167e+002
          2499  3.18029e+002  2.49900e+003 -9.99960e+000  9.91945e+000  3.08250e+002
          2500  3.18112e+002  2.50000e+003 -1.00455e+001  9.91576e+000  3.08333e+002
          2501  3.18181e+002  2.50100e+003 -1.00873e+001  9.91199e+000  3.08417e+002
          2502  3.18255e+002  2.50200e+003 -1.01284e+001  9.90822e+000  3.08500e+002
          2503  3.18329e+002  2.50300e+003 -1.01700e+001  9.90449e+000  3.08583e+002
          2504  3.18407e+002  2.50400e+003 -1.02155e+001  9.90081e+000  3.08667e+002
          2505  3.18482e+002  2.50500e+003 -1.02581e+001  9.89709e+000  3.08750e+002
          2506  3.18563e+002  2.50600e+003 -1.03005e+001  9.89341e+000  3.08833e+002
          2507  3.18634e+002  2.50700e+003 -1.03430e+001  9.88972e+000  3.08917e+002
          2508  3.18707e+002  2.50800e+003 -1.03891e+001  9.88613e+000  3.09000e+002
          2509  3.18781e+002  2.50900e+003 -1.04344e+001  9.88258e+000  3.09083e+002
          2510  3.18856e+002  2.51000e+003 -1.04785e+001  9.87903e+000  3.09167e+002
          2511  3.18933e+002  2.51100e+003 -1.05220e+001  9.87552e+000  3.09250e+002
          2512  3.19003e+002  2.51200e+003 -1.05697e+001  9.87212e+000  3.09333e+002
          2513  3.19078e+002  2.51300e+003 -1.06171e+001  9.86869e+000  3.09417e+002
          2514  3.19150e+002  2.51400e+003 -1.06648e+001  9.86527e+000  3.09500e+002
          2515  3.19235e+002  2.51500e+003 -1.07125e+001  9.86184e+000  3.09583e+002
          2516  3.19310e+002  2.51600e+003 -1.07640e+001  9.85845e+000  3.09667e+002
          2517  3.19383e+002  2.51700e+003 -1.08140e+001  9.85510e+000  3.09750e+002
          2518  3.19462e+002  2.51800e+003 -1.08637e+001  9.85178e+000  3.09833e+002
          2519  3.19546e+002  2.51900e+003 -1.09133e+001  9.84843e+000  3.09917e+002
          2520  3.19617e+002  2.52000e+003 -1.09650e+001  9.84519e+000  3.10000e+002
          2521  3.19695e+002  2.52100e+003 -1.10162e+001  9.84193e+000  3.10083e+002
          2522  3.19768e+002  2.52200e+003 -1.10678e+001  9.83870e+000  3.10167e+002
          2523  3.19832e+002  2.52300e+003 -1.11201e+001  9.83549e+000  3.10250e+002
          2524  3.19918e+002  2.52400e+003 -1.11771e+001  9.83225e+000  3.10333e+002
          2525  3.19992e+002  2.52500e+003 -1.12334e+001  9.82902e+000  3.10417e+002
          2526  3.20066e+002  2.52600e+003 -1.12889e+001  9.82581e+000  3.10500e+002
          2527  3.20142e+002  2.52700e+003 -1.13441e+001  9.82261e+000  3.10583e+002
          2528  3.20217e+002  2.52800e+003 -1.14027e+001  9.81943e+000  3.10667e+002
          2529  3.20291e+002  2.52900e+003 -1.14604e+001  9.81628e+000  3.10750e+002
          2530  3.20366e+002  2.53000e+003 -1.15175e+001  9.81317e+000  3.10833e+002
          2531  3.20442e+002  2.53100e+003 -1.15752e+001  9.81007e+000  3.10917e+002
          2532  3.20516e+002  2.53200e+003 -1.16382e+001  9.80708e+000  3.11000e+002
          2533  3.20592e+002  2.53300e+003 -1.16982e+001  9.80406e+000  3.11083e+002
          2534  3.20658e+002  2.53400e+003 -1.17572e+001  9.80103e+000  3.11167e+002
          2535  3.20745e+002  2.53500e+003 -1.18156e+001  9.79801e+000  3.11250e+002
          2536  3.20813e+002  2.53600e+003 -1.18758e+001  9.79501e+000  3.11333e+002
          2537  3.20889e+002  2.53700e+003 -1.19358e+001  9.79201e+000  3.11417e+002
          2538  3.20970e+002  2.53800e+003 -1.19961e+001  9.78901e+000  3.11500e+002
          2539  3.21042e+002  2.53900e+003 -1.20560e+001  9.78600e+000  3.11583e+002
          2540  3.21130e+002  2.54000e+003 -1.21179e+001  9.78311e+000  3.11667e+002
          2541  3.21195e+002  2.54100e+003 -1.21789e+001  9.78022e+000  3.11750e+002
          2542  3.21274e+002  2.54200e+003 -1.22403e+001  9.77733e+000  3.11833e+002
          2543  3.21351e+002  2.54300e+003 -1.23021e+001  9.77444e+000  3.11917e+002
          2544  3.21425e+002  2.54400e+003 -1.23620e+001  9.77167e+000  3.12000e+002
          2545  3.21493e+002  2.54500e+003 -1.24235e+001  9.76888e+000  3.12083e+002
          2546  3.21570e+002  2.54600e+003 -1.24847e+001  9.76608e+000  3.12167e+002
          2547  3.21649e+002  2.54700e+003 -1.25463e+001  9.76327e+000  3.12250e+002
          2548  3.21716e+002  2.54800e+003 -1.26108e+001  9.76054e+000  3.12333e+002
          2549  3.21794e+002  2.54900e+003 -1.26755e+001  9.75780e+000  3.12417e+002
          2550  3.21869e+002  2.55000e+003 -1.27392e+001  9.75506e+000  3.12500e+002
          2551  3.21954e+002  2.55100e+003 -1.28026e+001  9.75236e+000  3.12583e+002
          2552  3.22023e+002  2.55200e+003 -1.28670e+001  9.74972e+000  3.12667e+002
          2553  3.22101e+002  2.55300e+003 -1.29308e+001  9.74704e+000  3.12750e+002
          2554  3.22174e+002  2.55400e+003 -1.29950e+001  9.74438e+000  3.12833e+002
          2555  3.22259e+002  2.55500e+003 -1.30593e+001  9.74171e+000  3.12917e+002
          2556  3.22329e+002  2.55600e+003 -1.31261e+001  9.73900e+000  3.13000e+002
          2557  3.22397e+002  2.55700e+003 -1.31912e+001  9.73634e+000  3.13083e+002
          2558  3.22467e+002  2.55800e+003 -1.32565e+001  9.73369e+000  3.13167e+002
          2559  3.22549e+002  2.55900e+003 -1.33215e+001  9.73108e+000  3.13250e+002
          2560  3.22632e+002  2.56000e+003 -1.33887e+001  9.72847e+000  3.13333e+002
          2561  3.22712e+002  2.56100e+003 -1.34564e+001  9.72590e+000  3.13417e+002
          2562  3.22786e+002  2.56200e+003 -1.35233e+001  9.72332e+000  3.13500e+002
          2563  3.22857e+002  2.56300e+003 -1.35899e+001  9.72079e+000  3.13583e+002
          2564  3.22943e+002  2.56400e+003 -1.36575e+001  9.71828e+000  3.13667e+002
          2565  3.23016e+002  2.56500e+003 -1.37240e+001  9.71580e+000  3.13750e+002
          2566  3.23099e+002  2.56600e+003 -1.37902e+001  9.71334e+000  3.13833e+002
          2567  3.23164e+002  2.56700e+003 -1.38565e+001  9.71087e+000  3.13917e+002
          2568  3.23248e+002  2.56800e+003 -1.39245e+001  9.70845e+000  3.14000e+002
          2569  3.23324e+002  2.56900e+003 -1.39909e+001  9.70601e+000  3.14083e+002
          2570  3.23392e+002  2.57000e+003 -1.40574e+001  9.70359e+000  3.14167e+002
          2571  3.23478e+002  2.57100e+003 -1.41242e+001  9.70121e+000  3.14250e+002
          2572  3.23554e+002  2.57200e+003 -1.41888e+001  9.69881e+000  3.14333e+002
          2573  3.23625e+002  2.57300e+003 -1.42558e+001  9.69644e+000  3.14417e+002
          2574  3.23706e+002  2.57400e+003 -1.43230e+001  9.69408e+000  3.14500e+002
          2575  3.23773e+002  2.57500e+003 -1.43901e+001  9.69169e+000  3.14583e+002
          2576  3.23858e+002  2.57600e+003 -1.44591e+001  9.68935e+000  3.14667e+002
          2577  3.23937e+002  2.57700e+003 -1.45270e+001  9.68701e+000  3.14750e+002
          2578  3.24003e+002  2.57800e+003 -1.45953e+001  9.68465e+000  3.14833e+002
          2579  3.24081e+002  2.57900e+003 -1.46645e+001  9.68230e+000  3.14917e+002
          2580  3.24154e+002  2.58000e+003 -1.47342e+001  9.68001e+000  3.15000e+002
          2581  3.24224e+002  2.58100e+003 -1.48034e+001  9.67766e+000  3.15083e+002
          2582  3.24312e+002  2.58200e+003 -1.48724e+001  9.67534e+000  3.15167e+002
          2583  3.24390e+002  2.58300e+003 -1.49421e+001  9.67303e+000  3.15250e+002
          2584  3.24476e+002  2.58400e+003 -1.50105e+001  9.67079e+000  3.15333e+002
          2585  3.24548e+002  2.58500e+003 -1.50792e+001  9.66857e+000  3.15417e+002
          2586  3.24625e+002  2.58600e+003 -1.51477e+001  9.66636e+000  3.15500e+002
          2587  3.24704e+002  2.58700e+003 -1.52164e+001  9.66411e+000  3.15583e+002
          2588  3.24776e+002  2.58800e+003 -1.52851e+001  9.66197e+000  3.15667e+002
          2589  3.24851e+002  2.58900e+003 -1.53534e+001  9.65978e+000  3.15750e+002
          2590  3.24928e+002  2.59000e+003 -1.54215e+001  9.65761e+000  3.15833e+002
          2591  3.25004e+002  2.59100e+003 -1.54897e+001  9.65546e+000  3.15917e+002
          2592  3.25077e+002  2.59200e+003 -1.55567e+001  9.65332e+000  3.16000e+002
          2593  3.25156e+002  2.59300e+003 -1.56239e+001  9.65121e+000  3.16083e+002
          2594  3.25237e+002  2.59400e+003 -1.56913e+001  9.64910e+000  3.16167e+002
          2595  3.25315e+002  2.59500e+003 -1.57587e+001  9.64694e+000  3.16250e+002
          2596  3.25390e+002  2.59600e+003 -1.58244e+001  9.64483e+000  3.16333e+002
          2597  3.25468e+002  2.59700e+003 -1.58912e+001  9.64269e+000  3.16417e+002
          2598  3.25555e+002  2.59800e+003 -1.59575e+001  9.64056e+000  3.16500e+002
          2599  3.25619e+002  2.59900e+003 -1.60250e+001  9.63844e+000  3.16583e+002
          2600  3.25695e+002  2.60000e+003 -1.60913e+001  9.63630e+000  3.16667e+002
          2601  3.25783e+002  2.60100e+003 -1.61576e+001  9.63420e+000  3.16750e+002
          2602  3.25856e+002  2.60200e+003 -1.62238e+001  9.63212e+000  3.16833e+002
          2603  3.25933e+002  2.60300e+003 -1.62889e+001  9.63005e+000  3.16917e+002
          2604  3.26006e+002  2.60400e+003 -1.63535e+001  9.62806e+000  3.17000e+002
          2605  3.26091e+002  2.60500e+003 -1.64192e+001  9.62604e+000  3.17083e+002
          2606  3.26170e+002  2.60600e+003 -1.64844e+001  9.62402e+000  3.17167e+002
          2607  3.26242e+002  2.60700e+003 -1.65490e+001  9.62201e+000  3.17250e+002
          2608  3.26316e+002  2.60800e+003 -1.66142e+001  9.62001e+000  3.17333e+002
          2609  3.26395e+002  2.60900e+003 -1.66786e+001  9.61803e+000  3.17417e+002
          2610  3.26480e+002  2.61000e+003 -1.67434e+001  9.61612e+000  3.17500e+002
          2611  3.26559e+002  2.61100e+003 -1.68081e+001  9.61422e+000  3.17583e+002
          2612  3.26632e+002  2.61200e+003 -1.68705e+001  9.61236e+000  3.17667e+002
          2613  3.26702e+002  2.61300e+003 -1.69347e+001  9.61048e+000  3.17750e+002
          2614  3.26793e+002  2.61400e+003 -1.69988e+001  9.60859e+000  3.17833e+002
          2615  3.26874e+002  2.61500e+003 -1.70618e+001  9.60669e+000  3.17917e+002
          2616  3.26949e+002  2.61600e+003 -1.71251e+001  9.60478e+000  3.18000e+002
          2617  3.27022e+002  2.61700e+003 -1.71876e+001  9.60289e+000  3.18083e+002
          2618  3.27100e+002  2.61800e+003 -1.72507e+001  9.60103e+000  3.18167e+002
          2619  3.27183e+002  2.61900e+003 -1.73144e+001  9.59919e+000  3.18250e+002
          2620  3.27257e+002  2.62000e+003 -1.73774e+001  9.59732e+000  3.18333e+002
          2621  3.27335e+002  2.62100e+003 -1.74414e+001  9.59545e+000  3.18417e+002
          2622  3.27407e+002  2.62200e+003 -1.75055e+001  9.59358e+000  3.18500e+002
          2623  3.27499e+002  2.62300e+003 -1.75689e+001  9.59169e+000  3.18583e+002
          2624  3.27574e+002  2.62400e+003 -1.76304e+001  9.58989e+000  3.18667e+002
          2625  3.27643e+002  2.62500e+003 -1.76927e+001  9.58807e+000  3.18750e+002
          2626  3.27723e+002  2.62600e+003 -1.77551e+001  9.58625e+000  3.18833e+002
          2627  3.27800e+002  2.62700e+003 -1.78171e+001  9.58441e+000  3.18917e+002
          2628  3.27885e+002  2.62800e+003 -1.78815e+001  9.58271e+000  3.19000e+002
          2629  3.27950e+002  2.62900e+003 -1.79442e+001  9.58096e+000  3.19083e+002
          2630  3.28034e+002  2.63000e+003 -1.80072e+001  9.57918e+000  3.19167e+002
          2631  3.28106e+002  2.63100e+003 -1.80700e+001  9.57738e+000  3.19250e+002
          2632  3.28193e+002  2.63200e+003 -1.81300e+001  9.57568e+000  3.19333e+002
          2633  3.28276e+002  2.63300e+003 -1.81921e+001  9.57394e+000  3.19417e+002
          2634  3.28352e+002  2.63400e+003 -1.82544e+001  9.57216e+000  3.19500e+002
          2635  3.28431e+002  2.63500e+003 -1.83156e+001  9.57038e+000  3.19583e+002
          2636  3.28513e+002  2.63600e+003 -1.83753e+001  9.56867e+000  3.19667e+002
          2637  3.28588e+002  2.63700e+003 -1.84361e+001  9.56693e+000  3.19750e+002
          2638  3.28661e+002  2.63800e+003 -1.84973e+001  9.56519e+000  3.19833e+002
          2639  3.28739e+002  2.63900e+003 -1.85576e+001  9.56349e+000  3.19917e+002
          2640  3.28818e+002  2.64000e+003 -1.86182e+001  9.56179e+000  3.20000e+002
          2641  3.28902e+002  2.64100e+003 -1.86794e+001  9.56008e+000  3.20083e+002
          2642  3.28976e+002  2.64200e+003 -1.87396e+001  9.55840e+000  3.20167e+002
          2643  3.29057e+002  2.64300e+003 -1.87986e+001  9.55672e+000  3.20250e+002
          2644  3.29140e+002  2.64400e+003 -1.88565e+001  9.55502e+000  3.20333e+002
          2645  3.29221e+002  2.64500e+003 -1.89147e+001  9.55335e+000  3.20417e+002
          2646  3.29296e+002  2.64600e+003 -1.89723e+001  9.55167e+000  3.20500e+002
          2647  3.29374e+002  2.64700e+003 -1.90309e+001  9.54997e+000  3.20583e+002
          2648  3.29449e+002  2.64800e+003 -1.90896e+001  9.54833e+000  3.20667e+002
          2649  3.29527e+002  2.64900e+003 -1.91495e+001  9.54668e+000  3.20750e+002
          2650  3.29596e+002  2.65000e+003 -1.92080e+001  9.54507e+000  3.20833e+002
          2651  3.29685e+002  2.65100e+003 -1.92655e+001  9.54344e+000  3.20917e+002
          2652  3.29752e+002  2.65200e+003 -1.93209e+001  9.54192e+000  3.21000e+002
          2653  3.29854e+002  2.65300e+003 -1.93781e+001  9.54034e+000  3.21083e+002
          2654  3.29934e+002  2.65400e+003 -1.94366e+001  9.53874e+000  3.21167e+002
          2655  3.30005e+002  2.65500e+003 -1.94960e+001  9.53716e+000  3.21250e+002
          2656  3.30083e+002  2.65600e+003 -1.95564e+001  9.53558e+000  3.21333e+002
          2657  3.30147e+002  2.65700e+003 -1.96150e+001  9.53402e+000  3.21417e+002
          2658  3.30243e+002  2.65800e+003 -1.96721e+001  9.53242e+000  3.21500e+002
          2659  3.30317e+002  2.65900e+003 -1.97285e+001  9.53080e+000  3.21583e+002
          2660  3.30396e+002  2.66000e+003 -1.97828e+001  9.52919e+000  3.21667e+002
          2661  3.30479e+002  2.66100e+003 -1.98386e+001  9.52760e+000  3.21750e+002
          2662  3.30559e+002  2.66200e+003 -1.98942e+001  9.52602e+000  3.21833e+002
          2663  3.30633e+002  2.66300e+003 -1.99499e+001  9.52442e+000  3.21917e+002
          2664  3.30712e+002  2.66400e+003 -2.00071e+001  9.52290e+000  3.22000e+002
          2665  3.30787e+002  2.66500e+003 -2.00625e+001  9.52135e+000  3.22083e+002
          2666  3.30863e+002  2.66600e+003 -2.01176e+001  9.51982e+000  3.22167e+002
          2667  3.30955e+002  2.66700e+003 -2.01719e+001  9.51827e+000  3.22250e+002
          2668  3.31023e+002  2.66800e+003 -2.02230e+001  9.51682e+000  3.22333e+002
          2669  3.31107e+002  2.66900e+003 -2.02759e+001  9.51537e+000  3.22417e+002
          2670  3.31186e+002  2.67000e+003 -2.03284e+001  9.51391e+000  3.22500e+002
          2671  3.31273e+002  2.67100e+003 -2.03811e+001  9.51247e+000  3.22583e+002
          2672  3.31338e+002  2.67200e+003 -2.04354e+001  9.51106e+000  3.22667e+002
          2673  3.31423e+002  2.67300e+003 -2.04888e+001  9.50962e+000  3.22750e+002
          2674  3.31510e+002  2.67400e+003 -2.05423e+001  9.50816e+000  3.22833e+002
          2675  3.31587e+002  2.67500e+003 -2.05966e+001  9.50672e+000  3.22917e+002
          2676  3.31663e+002  2.67600e+003 -2.06497e+001  9.50520e+000  3.23000e+002
          2677  3.31747e+002  2.67700e+003 -2.07022e+001  9.50371e+000  3.23083e+002
          2678  3.31825e+002  2.67800e+003 -2.07538e+001  9.50222e+000  3.23167e+002
          2679  3.31898e+002  2.67900e+003 -2.08050e+001  9.50075e+000  3.23250e+002
          2680  3.31981e+002  2.68000e+003 -2.08565e+001  9.49931e+000  3.23333e+002
          2681  3.32054e+002  2.68100e+003 -2.09089e+001  9.49786e+000  3.23417e+002
          2682  3.32140e+002  2.68200e+003 -2.09617e+001  9.49643e+000  3.23500e+002
          2683  3.32213e+002  2.68300e+003 -2.10144e+001  9.49497e+000  3.23583e+002
          2684  3.32299e+002  2.68400e+003 -2.10672e+001  9.49362e+000  3.23667e+002
          2685  3.32376e+002  2.68500e+003 -2.11201e+001  9.49224e+000  3.23750e+002
          2686  3.32453e+002  2.68600e+003 -2.11722e+001  9.49083e+000  3.23833e+002
          2687  3.32538e+002  2.68700e+003 -2.12238e+001  9.48944e+000  3.23917e+002
          2688  3.32619e+002  2.68800e+003 -2.12737e+001  9.48802e+000  3.24000e+002
          2689  3.32692e+002  2.68900e+003 -2.13255e+001  9.48662e+000  3.24083e+002
          2690  3.32773e+002  2.69000e+003 -2.13774e+001  9.48524e+000  3.24167e+002
          2691  3.32861e+002  2.69100e+003 -2.14279e+001  9.48383e+000  3.24250e+002
          2692  3.32939e+002  2.69200e+003 -2.14803e+001  9.48243e+000  3.24333e+002
          2693  3.33012e+002  2.69300e+003 -2.15311e+001  9.48106e+000  3.24417e+002
          2694  3.33086e+002  2.69400e+003 -2.15820e+001  9.47968e+000  3.24500e+002
          2695  3.33181e+002  2.69500e+003 -2.16320e+001  9.47831e+000  3.24583e+002
          2696  3.33262e+002  2.69600e+003 -2.16816e+001  9.47694e+000  3.24667e+002
          2697  3.33343e+002  2.69700e+003 -2.17330e+001  9.47557e+000  3.24750e+002
          2698  3.33422e+002  2.69800e+003 -2.17842e+001  9.47424e+000  3.24833e+002
          2699  3.33499e+002  2.69900e+003 -2.18358e+001  9.47292e+000  3.24917e+002
          2700  3.33582e+002  2.70000e+003 -2.18845e+001  9.47154e+000  3.25000e+002
          2701  3.33666e+002  2.70100e+003 -2.19333e+001  9.47021e+000  3.25083e+002
          2702  3.33738e+002  2.70200e+003 -2.19825e+001  9.46889e+000  3.25167e+002
          2703  3.33822e+002  2.70300e+003 -2.20327e+001  9.46755e+000  3.25250e+002
          2704  3.33895e+002  2.70400e+003 -2.20834e+001  9.46625e+000  3.25333e+002
          2705  3.33976e+002  2.70500e+003 -2.21333e+001  9.46494e+000  3.25417e+002
          2706  3.34054e+002  2.70600e+003 -2.21830e+001  9.46361e+000  3.25500e+002
          2707  3.34141e+002  2.70700e+003 -2.22333e+001  9.46228e+000  3.25583e+002
          2708  3.34220e+002  2.70800e+003 -2.22819e+001  9.46099e+000  3.25667e+002
          2709  3.34306e+002  2.70900e+003 -2.23308e+001  9.45965e+000  3.25750e+002
          2710  3.34385e+002  2.71000e+003 -2.23808e+001  9.45833e+000  3.25833e+002
          2711  3.34465e+002  2.71100e+003 -2.24323e+001  9.45703e+000  3.25917e+002
          2712  3.34549e+002  2.71200e+003 -2.24827e+001  9.45576e+000  3.26000e+002
          2713  3.34624e+002  2.71300e+003 -2.25325e+001  9.45445e+000  3.26083e+002
          2714  3.34699e+002  2.71400e+003 -2.25821e+001  9.45316e+000  3.26167e+002
          2715  3.34785e+002  2.71500e+003 -2.26321e+001  9.45189e+000  3.26250e+002
          2716  3.34856e+002  2.71600e+003 -2.26815e+001  9.45067e+000  3.26333e+002
          2717  3.34935e+002  2.71700e+003 -2.27294e+001  9.44939e+000  3.26417e+002
          2718  3.35028e+002  2.71800e+003 -2.27769e+001  9.44813e+000  3.26500e+002
          2719  3.35106e+002  2.71900e+003 -2.28240e+001  9.44688e+000  3.26583e+002
          2720  3.35183e+002  2.72000e+003 -2.28708e+001  9.44557e+000  3.26667e+002
          2721  3.35260e+002  2.72100e+003 -2.29176e+001  9.44427e+000  3.26750e+002
          2722  3.35343e+002  2.72200e+003 -2.29640e+001  9.44301e+000  3.26833e+002
          2723  3.35424e+002  2.72300e+003 -2.30096e+001  9.44176e+000  3.26917e+002
          2724  3.35502e+002  2.72400e+003 -2.30515e+001  9.44050e+000  3.27000e+002
          2725  3.35585e+002  2.72500e+003 -2.30963e+001  9.43923e+000  3.27083e+002
          2726  3.35666e+002  2.72600e+003 -2.31411e+001  9.43798e+000  3.27167e+002
          2727  3.35738e+002  2.72700e+003 -2.31853e+001  9.43675e+000  3.27250e+002
          2728  3.35821e+002  2.72800e+003 -2.32276e+001  9.43560e+000  3.27333e+002
          2729  3.35909e+002  2.72900e+003 -2.32713e+001  9.43442e+000  3.27417e+002
          2730  3.35991e+002  2.73000e+003 -2.33138e+001  9.43320e+000  3.27500e+002
          2731  3.36073e+002  2.73100e+003 -2.33558e+001  9.43197e+000  3.27583e+002
          2732  3.36154e+002  2.73200e+003 -2.33979e+001  9.43080e+000  3.27667e+002
          2733  3.36229e+002  2.73300e+003 -2.34410e+001  9.42963e+000  3.27750e+002
          2734  3.36307e+002  2.73400e+003 -2.34836e+001  9.42844e+000  3.27833e+002
          2735  3.36391e+002  2.73500e+003 -2.35268e+001  9.42722e+000  3.27917e+002
          2736  3.36469e+002  2.73600e+003 -2.35697e+001  9.42601e+000  3.28000e+002
          2737  3.36549e+002  2.73700e+003 -2.36123e+001  9.42482e+000  3.28083e+002
          2738  3.36636e+002  2.73800e+003 -2.36554e+001  9.42364e+000  3.28167e+002
          2739  3.36719e+002  2.73900e+003 -2.37006e+001  9.42247e+000  3.28250e+002
          2740  3.36794e+002  2.74000e+003 -2.37438e+001  9.42122e+000  3.28333e+002
          2741  3.36879e+002  2.74100e+003 -2.37869e+001  9.42000e+000  3.28417e+002
          2742  3.36958e+002  2.74200e+003 -2.38302e+001  9.41880e+000  3.28500e+002
          2743  3.37044e+002  2.74300e+003 -2.38730e+001  9.41761e+000  3.28583e+002
          2744  3.37117e+002  2.74400e+003 -2.39176e+001  9.41642e+000  3.28667e+002
          2745  3.37195e+002  2.74500e+003 -2.39592e+001  9.41525e+000  3.28750e+002
          2746  3.37280e+002  2.74600e+003 -2.40007e+001  9.41405e+000  3.28833e+002
          2747  3.37361e+002  2.74700e+003 -2.40437e+001  9.41285e+000  3.28917e+002
          2748  3.37439e+002  2.74800e+003 -2.40855e+001  9.41172e+000  3.29000e+002
          2749  3.37525e+002  2.74900e+003 -2.41276e+001  9.41057e+000  3.29083e+002
          2750  3.37609e+002  2.75000e+003 -2.41689e+001  9.40944e+000  3.29167e+002
          2751  3.37693e+002  2.75100e+003 -2.42093e+001  9.40832e+000  3.29250e+002
          2752  3.37771e+002  2.75200e+003 -2.42470e+001  9.40720e+000  3.29333e+002
          2753  3.37844e+002  2.75300e+003 -2.42874e+001  9.40603e+000  3.29417e+002
          2754  3.37928e+002  2.75400e+003 -2.43284e+001  9.40487e+000  3.29500e+002
          2755  3.38011e+002  2.75500e+003 -2.43692e+001  9.40370e+000  3.29583e+002
          2756  3.38090e+002  2.75600e+003 -2.44107e+001  9.40254e+000  3.29667e+002
          2757  3.38175e+002  2.75700e+003 -2.44517e+001  9.40141e+000  3.29750e+002
          2758  3.38259e+002  2.75800e+003 -2.44929e+001  9.40029e+000  3.29833e+002
          2759  3.38336e+002  2.75900e+003 -2.45335e+001  9.39919e+000  3.29917e+002
          2760  3.38417e+002  2.76000e+003 -2.45731e+001  9.39804e+000  3.30000e+002
          2761  3.38501e+002  2.76100e+003 -2.46132e+001  9.39688e+000  3.30083e+002
          2762  3.38570e+002  2.76200e+003 -2.46527e+001  9.39572e+000  3.30167e+002
          2763  3.38660e+002  2.76300e+003 -2.46918e+001  9.39458e+000  3.30250e+002
          2764  3.38742e+002  2.76400e+003 -2.47307e+001  9.39338e+000  3.30333e+002
          2765  3.38830e+002  2.76500e+003 -2.47690e+001  9.39225e+000  3.30417e+002
          2766  3.38896e+002  2.76600e+003 -2.48079e+001  9.39115e+000  3.30500e+002
          2767  3.38987e+002  2.76700e+003 -2.48469e+001  9.39006e+000  3.30583e+002
          2768  3.39067e+002  2.76800e+003 -2.48834e+001  9.38905e+000  3.30667e+002
          2769  3.39146e+002  2.76900e+003 -2.49201e+001  9.38793e+000  3.30750e+002
          2770  3.39223e+002  2.77000e+003 -2.49570e+001  9.38680e+000  3.30833e+002
          2771  3.39310e+002  2.77100e+003 -2.49947e+001  9.38567e+000  3.30917e+002
          2772  3.39384e+002  2.77200e+003 -2.50298e+001  9.38451e+000  3.31000e+002
          2773  3.39474e+002  2.77300e+003 -2.50669e+001  9.38339e+000  3.31083e+002
          2774  3.39552e+002  2.77400e+003 -2.51037e+001  9.38228e+000  3.31167e+002
          2775  3.39635e+002  2.77500e+003 -2.51409e+001  9.38119e+000  3.31250e+002
          2776  3.39713e+002  2.77600e+003 -2.51802e+001  9.38015e+000  3.31333e+002
          2777  3.39805e+002  2.77700e+003 -2.52191e+001  9.37910e+000  3.31417e+002
          2778  3.39883e+002  2.77800e+003 -2.52569e+001  9.37806e+000  3.31500e+002
          2779  3.39959e+002  2.77900e+003 -2.52936e+001  9.37702e+000  3.31583e+002
          2780  3.40040e+002  2.78000e+003 -2.53320e+001  9.37592e+000  3.31667e+002
          2781  3.40122e+002  2.78100e+003 -2.53699e+001  9.37480e+000  3.31750e+002
          2782  3.40197e+002  2.78200e+003 -2.54069e+001  9.37368e+000  3.31833e+002
          2783  3.40286e+002  2.78300e+003 -2.54443e+001  9.37256e+000  3.31917e+002
          2784  3.40360e+002  2.78400e+003 -2.54814e+001  9.37136e+000  3.32000e+002
          2785  3.40445e+002  2.78500e+003 -2.55189e+001  9.37024e+000  3.32083e+002
          2786  3.40527e+002  2.78600e+003 -2.55556e+001  9.36914e+000  3.32167e+002
          2787  3.40601e+002  2.78700e+003 -2.55923e+001  9.36806e+000  3.32250e+002
          2788  3.40689e+002  2.78800e+003 -2.56248e+001  9.36707e+000  3.32333e+002
          2789  3.40766e+002  2.78900e+003 -2.56593e+001  9.36605e+000  3.32417e+002
          2790  3.40843e+002  2.79000e+003 -2.56938e+001  9.36503e+000  3.32500e+002
          2791  3.40934e+002  2.79100e+003 -2.57282e+001  9.36401e+000  3.32583e+002
          2792  3.41015e+002  2.79200e+003 -2.57633e+001  9.36301e+000  3.32667e+002
          2793  3.41088e+002  2.79300e+003 -2.57968e+001  9.36201e+000  3.32750e+002
          2794  3.41170e+002  2.79400e+003 -2.58298e+001  9.36100e+000  3.32833e+002
          2795  3.41254e+002  2.79500e+003 -2.58627e+001  9.36000e+000  3.32917e+002
          2796  3.41337e+002  2.79600e+003 -2.58930e+001  9.35900e+000  3.33000e+002
          2797  3.41415e+002  2.79700e+003 -2.59249e+001  9.35800e+000  3.33083e+002
          2798  3.41503e+002  2.79800e+003 -2.59573e+001  9.35697e+000  3.33167e+002
          2799  3.41582e+002  2.79900e+003 -2.59905e+001  9.35589e+000  3.33250e+002
          2800  3.41656e+002  2.80000e+003 -2.60233e+001  9.35477e+000  3.33333e+002
          2801  3.41740e+002  2.80100e+003 -2.60566e+001  9.35365e+000  3.33417e+002
          2802  3.41833e+002  2.80200e+003 -2.60888e+001  9.35254e+000  3.33500e+002
          2803  3.41899e+002  2.80300e+003 -2.61204e+001  9.35143e+000  3.33583e+002
          2804  3.41993e+002  2.80400e+003 -2.61534e+001  9.35029e+000  3.33667e+002
          2805  3.42059e+002  2.80500e+003 -2.61859e+001  9.34919e+000  3.33750e+002
          2806  3.42149e+002  2.80600e+003 -2.62173e+001  9.34811e+000  3.33833e+002
          2807  3.42224e+002  2.80700e+003 -2.62490e+001  9.34705e+000  3.33917e+002
          2808  3.42307e+002  2.80800e+003 -2.62816e+001  9.34606e+000  3.34000e+002
          2809  3.42398e+002  2.80900e+003 -2.63131e+001  9.34504e+000  3.34083e+002
          2810  3.42482e+002  2.81000e+003 -2.63453e+001  9.34402e+000  3.34167e+002
          2811  3.42565e+002  2.81100e+003 -2.63778e+001  9.34301e+000  3.34250e+002
          2812  3.42651e+002  2.81200e+003 -2.64075e+001  9.34201e+000  3.34333e+002
          2813  3.42725e+002  2.81300e+003 -2.64392e+001  9.34101e+000  3.34417e+002
          2814  3.42807e+002  2.81400e+003 -2.64697e+001  9.34000e+000  3.34500e+002
          2815  3.42893e+002  2.81500e+003 -2.65006e+001  9.33900e+000  3.34583e+002
          2816  3.42974e+002  2.81600e+003 -2.65328e+001  9.33800e+000  3.34667e+002
          2817  3.43053e+002  2.81700e+003 -2.65624e+001  9.33700e+000  3.34750e+002
          2818  3.43135e+002  2.81800e+003 -2.65916e+001  9.33600e+000  3.34833e+002
          2819  3.43216e+002  2.81900e+003 -2.66202e+001  9.33500e+000  3.34917e+002
          2820  3.43298e+002  2.82000e+003 -2.66507e+001  9.33400e+000  3.35000e+002
          2821  3.43381e+002  2.82100e+003 -2.66814e+001  9.33300e+000  3.35083e+002
          2822  3.43470e+002  2.82200e+003 -2.67123e+001  9.33200e+000  3.35167e+002
          2823  3.43546e+002  2.82300e+003 -2.67421e+001  9.33100e+000  3.35250e+002
          2824  3.43622e+002  2.82400e+003 -2.67679e+001  9.33000e+000  3.35333e+002
          2825  3.43709e+002  2.82500e+003 -2.67961e+001  9.32900e+000  3.35417e+002
          2826  3.43798e+002  2.82600e+003 -2.68243e+001  9.32800e+000  3.35500e+002
          2827  3.43876e+002  2.82700e+003 -2.68523e+001  9.32700e+000  3.35583e+002
          2828  3.43960e+002  2.82800e+003 -2.68807e+001  9.32600e+000  3.35667e+002
          2829  3.44048e+002  2.82900e+003 -2.69088e+001  9.32500e+000  3.35750e+002
          2830  3.44127e+002  2.83000e+003 -2.69366e+001  9.32400e+000  3.35833e+002
          2831  3.44211e+002  2.83100e+003 -2.69650e+001  9.32300e+000  3.35917e+002
          2832  3.44297e+002  2.83200e+003 -2.69928e+001  9.32200e+000  3.36000e+002
          2833  3.44371e+002  2.83300e+003 -2.70219e+001  9.32100e+000  3.36083e+002
          2834  3.44460e+002  2.83400e+003 -2.70511e+001  9.32000e+000  3.36167e+002
          2835  3.44535e+002  2.83500e+003 -2.70796e+001  9.31900e+000  3.36250e+002
          2836  3.44624e+002  2.83600e+003 -2.71094e+001  9.31803e+000  3.36333e+002
          2837  3.44703e+002  2.83700e+003 -2.71386e+001  9.31712e+000  3.36417e+002
          2838  3.44786e+002  2.83800e+003 -2.71679e+001  9.31622e+000  3.36500e+002
          2839  3.44871e+002  2.83900e+003 -2.71965e+001  9.31533e+000  3.36583e+002
          2840  3.44945e+002  2.84000e+003 -2.72263e+001  9.31447e+000  3.36667e+002
          2841  3.45028e+002  2.84100e+003 -2.72544e+001  9.31353e+000  3.36750e+002
          2842  3.45108e+002  2.84200e+003 -2.72821e+001  9.31262e+000  3.36833e+002
          2843  3.45200e+002  2.84300e+003 -2.73092e+001  9.31170e+000  3.36917e+002
          2844  3.45290e+002  2.84400e+003 -2.73348e+001  9.31072e+000  3.37000e+002
          2845  3.45373e+002  2.84500e+003 -2.73629e+001  9.30976e+000  3.37083e+002
          2846  3.45450e+002  2.84600e+003 -2.73914e+001  9.30881e+000  3.37167e+002
          2847  3.45525e+002  2.84700e+003 -2.74197e+001  9.30786e+000  3.37250e+002
          2848  3.45606e+002  2.84800e+003 -2.74441e+001  9.30690e+000  3.37333e+002
          2849  3.45692e+002  2.84900e+003 -2.74697e+001  9.30593e+000  3.37417e+002
          2850  3.45776e+002  2.85000e+003 -2.74963e+001  9.30496e+000  3.37500e+002
          2851  3.45856e+002  2.85100e+003 -2.75231e+001  9.30398e+000  3.37583e+002
          2852  3.45940e+002  2.85200e+003 -2.75520e+001  9.30298e+000  3.37667e+002
          2853  3.46025e+002  2.85300e+003 -2.75795e+001  9.30199e+000  3.37750e+002
          2854  3.46106e+002  2.85400e+003 -2.76065e+001  9.30099e+000  3.37833e+002
          2855  3.46185e+002  2.85500e+003 -2.76333e+001  9.30000e+000  3.37917e+002
          2856  3.46271e+002  2.85600e+003 -2.76603e+001  9.29900e+000  3.38000e+002
          2857  3.46346e+002  2.85700e+003 -2.76876e+001  9.29800e+000  3.38083e+002
          2858  3.46430e+002  2.85800e+003 -2.77148e+001  9.29700e+000  3.38167e+002
          2859  3.46517e+002  2.85900e+003 -2.77422e+001  9.29600e+000  3.38250e+002
          2860  3.46590e+002  2.86000e+003 -2.77697e+001  9.29500e+000  3.38333e+002
          2861  3.46676e+002  2.86100e+003 -2.77956e+001  9.29400e+000  3.38417e+002
          2862  3.46759e+002  2.86200e+003 -2.78204e+001  9.29303e+000  3.38500e+002
          2863  3.46851e+002  2.86300e+003 -2.78450e+001  9.29211e+000  3.38583e+002
          2864  3.46924e+002  2.86400e+003 -2.78690e+001  9.29123e+000  3.38667e+002
          2865  3.47008e+002  2.86500e+003 -2.78939e+001  9.29035e+000  3.38750e+002
          2866  3.47084e+002  2.86600e+003 -2.79196e+001  9.28946e+000  3.38833e+002
          2867  3.47171e+002  2.86700e+003 -2.79453e+001  9.28857e+000  3.38917e+002
          2868  3.47253e+002  2.86800e+003 -2.79670e+001  9.28771e+000  3.39000e+002
          2869  3.47342e+002  2.86900e+003 -2.79905e+001  9.28681e+000  3.39083e+002
          2870  3.47426e+002  2.87000e+003 -2.80143e+001  9.28589e+000  3.39167e+002
          2871  3.47513e+002  2.87100e+003 -2.80390e+001  9.28495e+000  3.39250e+002
          2872  3.47588e+002  2.87200e+003 -2.80639e+001  9.28394e+000  3.39333e+002
          2873  3.47671e+002  2.87300e+003 -2.80891e+001  9.28296e+000  3.39417e+002
          2874  3.47750e+002  2.87400e+003 -2.81141e+001  9.28198e+000  3.39500e+002
          2875  3.47842e+002  2.87500e+003 -2.81392e+001  9.28099e+000  3.39583e+002
          2876  3.47915e+002  2.87600e+003 -2.81634e+001  9.27999e+000  3.39667e+002
          2877  3.48004e+002  2.87700e+003 -2.81872e+001  9.27899e+000  3.39750e+002
          2878  3.48080e+002  2.87800e+003 -2.82113e+001  9.27800e+000  3.39833e+002
          2879  3.48165e+002  2.87900e+003 -2.82351e+001  9.27700e+000  3.39917e+002
          2880  3.48249e+002  2.88000e+003 -2.82609e+001  9.27611e+000  3.40000e+002
          2881  3.48325e+002  2.88100e+003 -2.82855e+001  9.27522e+000  3.40083e+002
          2882  3.48407e+002  2.88200e+003 -2.83110e+001  9.27433e+000  3.40167e+002
          2883  3.48494e+002  2.88300e+003 -2.83367e+001  9.27344e+000  3.40250e+002
          2884  3.48567e+002  2.88400e+003 -2.83597e+001  9.27264e+000  3.40333e+002
          2885  3.48664e+002  2.88500e+003 -2.83828e+001  9.27177e+000  3.40417e+002
          2886  3.48749e+002  2.88600e+003 -2.84058e+001  9.27086e+000  3.40500e+002
          2887  3.48836e+002  2.88700e+003 -2.84290e+001  9.26994e+000  3.40583e+002
          2888  3.48913e+002  2.88800e+003 -2.84541e+001  9.26893e+000  3.40667e+002
          2889  3.48995e+002  2.88900e+003 -2.84785e+001  9.26795e+000  3.40750e+002
          2890  3.49077e+002  2.89000e+003 -2.85014e+001  9.26698e+000  3.40833e+002
          2891  3.49150e+002  2.89100e+003 -2.85239e+001  9.26599e+000  3.40917e+002
          2892  3.49239e+002  2.89200e+003 -2.85454e+001  9.26499e+000  3.41000e+002
          2893  3.49327e+002  2.89300e+003 -2.85672e+001  9.26399e+000  3.41083e+002
          2894  3.49405e+002  2.89400e+003 -2.85896e+001  9.26302e+000  3.41167e+002
          2895  3.49489e+002  2.89500e+003 -2.86117e+001  9.26211e+000  3.41250e+002
          2896  3.49559e+002  2.89600e+003 -2.86322e+001  9.26123e+000  3.41333e+002
          2897  3.49647e+002  2.89700e+003 -2.86539e+001  9.26035e+000  3.41417e+002
          2898  3.49725e+002  2.89800e+003 -2.86761e+001  9.25946e+000  3.41500e+002
          2899  3.49821e+002  2.89900e+003 -2.86985e+001  9.25857e+000  3.41583e+002
          2900  3.49890e+002  2.90000e+003 -2.87185e+001  9.25771e+000  3.41667e+002
          2901  3.49987e+002  2.90100e+003 -2.87395e+001  9.25681e+000  3.41750e+002
          2902  3.50059e+002  2.90200e+003 -2.87610e+001  9.25589e+000  3.41833e+002
          2903  3.50148e+002  2.90300e+003 -2.87826e+001  9.25495e+000  3.41917e+002
          2904  3.50235e+002  2.90400e+003 -2.88044e+001  9.25394e+000  3.42000e+002
          2905  3.50312e+002  2.90500e+003 -2.88257e+001  9.25299e+000  3.42083e+002
          2906  3.50408e+002  2.90600e+003 -2.88465e+001  9.25210e+000  3.42167e+002
          2907  3.50487e+002  2.90700e+003 -2.88683e+001  9.25122e+000  3.42250e+002
          2908  3.50565e+002  2.90800e+003 -2.88906e+001  9.25035e+000  3.42333e+002
          2909  3.50649e+002  2.90900e+003 -2.89115e+001  9.24948e+000  3.42417e+002
          2910  3.50728e+002  2.91000e+003 -2.89315e+001  9.24859e+000  3.42500e+002
          2911  3.50813e+002  2.91100e+003 -2.89519e+001  9.24769e+000  3.42583e+002
          2912  3.50896e+002  2.91200e+003 -2.89740e+001  9.24678e+000  3.42667e+002
          2913  3.50978e+002  2.91300e+003 -2.89946e+001  9.24586e+000  3.42750e+002
          2914  3.51058e+002  2.91400e+003 -2.90139e+001  9.24492e+000  3.42833e+002
          2915  3.51142e+002  2.91500e+003 -2.90327e+001  9.24397e+000  3.42917e+002
          2916  3.51227e+002  2.91600e+003 -2.90516e+001  9.24296e+000  3.43000e+002
          2917  3.51310e+002  2.91700e+003 -2.90710e+001  9.24200e+000  3.43083e+002
          2918  3.51394e+002  2.91800e+003 -2.90903e+001  9.24110e+000  3.43167e+002
          2919  3.51480e+002  2.91900e+003 -2.91100e+001  9.24022e+000  3.43250e+002
          2920  3.51557e+002  2.92000e+003 -2.91284e+001  9.23936e+000  3.43333e+002
          2921  3.51635e+002  2.92100e+003 -2.91486e+001  9.23848e+000  3.43417e+002
          2922  3.51716e+002  2.92200e+003 -2.91678e+001  9.23759e+000  3.43500e+002
          2923  3.51811e+002  2.92300e+003 -2.91863e+001  9.23669e+000  3.43583e+002
          2924  3.51885e+002  2.92400e+003 -2.92055e+001  9.23578e+000  3.43667e+002
          2925  3.51975e+002  2.92500e+003 -2.92246e+001  9.23486e+000  3.43750e+002
          2926  3.52050e+002  2.92600e+003 -2.92430e+001  9.23392e+000  3.43833e+002
          2927  3.52129e+002  2.92700e+003 -2.92622e+001  9.23297e+000  3.43917e+002
          2928  3.52224e+002  2.92800e+003 -2.92845e+001  9.23207e+000  3.44000e+002
          2929  3.52301e+002  2.92900e+003 -2.93043e+001  9.23119e+000  3.44083e+002
          2930  3.52389e+002  2.93000e+003 -2.93224e+001  9.23032e+000  3.44167e+002
          2931  3.52474e+002  2.93100e+003 -2.93409e+001  9.22944e+000  3.44250e+002
          2932  3.52556e+002  2.93200e+003 -2.93579e+001  9.22864e+000  3.44333e+002
          2933  3.52633e+002  2.93300e+003 -2.93755e+001  9.22776e+000  3.44417e+002
          2934  3.52714e+002  2.93400e+003 -2.93934e+001  9.22686e+000  3.44500e+002
          2935  3.52802e+002  2.93500e+003 -2.94119e+001  9.22594e+000  3.44583e+002
          2936  3.52891e+002  2.93600e+003 -2.94294e+001  9.22495e+000  3.44667e+002
          2937  3.52970e+002  2.93700e+003 -2.94469e+001  9.22407e+000  3.44750e+002
          2938  3.53051e+002  2.93800e+003 -2.94652e+001  9.22320e+000  3.44833e+002
          2939  3.53136e+002  2.93900e+003 -2.94841e+001  9.22233e+000  3.44917e+002
          2940  3.53218e+002  2.94000e+003 -2.95016e+001  9.22149e+000  3.45000e+002
          2941  3.53297e+002  2.94100e+003 -2.95194e+001  9.22061e+000  3.45083e+002
          2942  3.53388e+002  2.94200e+003 -2.95365e+001  9.21972e+000  3.45167e+002
          2943  3.53471e+002  2.94300e+003 -2.95542e+001  9.21881e+000  3.45250e+002
          2944  3.53554e+002  2.94400e+003 -2.95719e+001  9.21785e+000  3.45333e+002
          2945  3.53634e+002  2.94500e+003 -2.95896e+001  9.21690e+000  3.45417e+002
          2946  3.53719e+002  2.94600e+003 -2.96075e+001  9.21594e+000  3.45500e+002
          2947  3.53800e+002  2.94700e+003 -2.96252e+001  9.21498e+000  3.45583e+002
          2948  3.53878e+002  2.94800e+003 -2.96438e+001  9.21408e+000  3.45667e+002
          2949  3.53969e+002  2.94900e+003 -2.96621e+001  9.21320e+000  3.45750e+002
          2950  3.54050e+002  2.95000e+003 -2.96799e+001  9.21232e+000  3.45833e+002
          2951  3.54140e+002  2.95100e+003 -2.96976e+001  9.21144e+000  3.45917e+002
          2952  3.54225e+002  2.95200e+003 -2.97142e+001  9.21064e+000  3.46000e+002
          2953  3.54302e+002  2.95300e+003 -2.97304e+001  9.20976e+000  3.46083e+002
          2954  3.54394e+002  2.95400e+003 -2.97465e+001  9.20886e+000  3.46167e+002
          2955  3.54472e+002  2.95500e+003 -2.97623e+001  9.20794e+000  3.46250e+002
          2956  3.54562e+002  2.95600e+003 -2.97784e+001  9.20696e+000  3.46333e+002
          2957  3.54650e+002  2.95700e+003 -2.97939e+001  9.20607e+000  3.46417e+002
          2958  3.54723e+002  2.95800e+003 -2.98081e+001  9.20520e+000  3.46500e+002
          2959  3.54802e+002  2.95900e+003 -2.98231e+001  9.20433e+000  3.46583e+002
          2960  3.54890e+002  2.96000e+003 -2.98375e+001  9.20349e+000  3.46667e+002
          2961  3.54974e+002  2.96100e+003 -2.98528e+001  9.20261e+000  3.46750e+002
          2962  3.55055e+002  2.96200e+003 -2.98678e+001  9.20172e+000  3.46833e+002
          2963  3.55143e+002  2.96300e+003 -2.98840e+001  9.20081e+000  3.46917e+002
          2964  3.55220e+002  2.96400e+003 -2.98992e+001  9.19985e+000  3.47000e+002
          2965  3.55310e+002  2.96500e+003 -2.99154e+001  9.19893e+000  3.47083e+002
          2966  3.55399e+002  2.96600e+003 -2.99318e+001  9.19806e+000  3.47167e+002
          2967  3.55477e+002  2.96700e+003 -2.99488e+001  9.19720e+000  3.47250e+002
          2968  3.55557e+002  2.96800e+003 -2.99677e+001  9.19634e+000  3.47333e+002
          2969  3.55638e+002  2.96900e+003 -2.99849e+001  9.19546e+000  3.47417e+002
          2970  3.55728e+002  2.97000e+003 -3.00008e+001  9.19458e+000  3.47500e+002
          2971  3.55810e+002  2.97100e+003 -3.00159e+001  9.19369e+000  3.47583e+002
          2972  3.55887e+002  2.97200e+003 -3.00315e+001  9.19278e+000  3.47667e+002
          2973  3.55964e+002  2.97300e+003 -3.00452e+001  9.19185e+000  3.47750e+002
          2974  3.56061e+002  2.97400e+003 -3.00581e+001  9.19091e+000  3.47833e+002
          2975  3.56140e+002  2.97500e+003 -3.00714e+001  9.18997e+000  3.47917e+002
          2976  3.56222e+002  2.97600e+003 -3.00819e+001  9.18907e+000  3.48000e+002
          2977  3.56308e+002  2.97700e+003 -3.00953e+001  9.18819e+000  3.48083e+002
          2978  3.56388e+002  2.97800e+003 -3.01086e+001  9.18732e+000  3.48167e+002
          2979  3.56473e+002  2.97900e+003 -3.01226e+001  9.18644e+000  3.48250e+002
          2980  3.56550e+002  2.98000e+003 -3.01348e+001  9.18564e+000  3.48333e+002
          2981  3.56639e+002  2.98100e+003 -3.01494e+001  9.18476e+000  3.48417e+002
          2982  3.56731e+002  2.98200e+003 -3.01630e+001  9.18388e+000  3.48500e+002
          2983  3.56813e+002  2.98300e+003 -3.01754e+001  9.18305e+000  3.48583e+002
          2984  3.56895e+002  2.98400e+003 -3.01926e+001  9.18216e+000  3.48667e+002
          2985  3.56980e+002  2.98500e+003 -3.02073e+001  9.18130e+000  3.48750e+002
          2986  3.57068e+002  2.98600e+003 -3.02220e+001  9.18043e+000  3.48833e+002
          2987  3.57146e+002  2.98700e+003 -3.02364e+001  9.17956e+000  3.48917e+002
          2988  3.57223e+002  2.98800e+003 -3.02533e+001  9.17870e+000  3.49000e+002
          2989  3.57307e+002  2.98900e+003 -3.02673e+001  9.17780e+000  3.49083e+002
          2990  3.57399e+002  2.99000e+003 -3.02812e+001  9.17688e+000  3.49167e+002
          2991  3.57481e+002  2.99100e+003 -3.02954e+001  9.17595e+000  3.49250e+002
          2992  3.57562e+002  2.99200e+003 -3.03063e+001  9.17497e+000  3.49333e+002
          2993  3.57654e+002  2.99300e+003 -3.03196e+001  9.17408e+000  3.49417e+002
          2994  3.57731e+002  2.99400e+003 -3.03325e+001  9.17320e+000  3.49500e+002
          2995  3.57814e+002  2.99500e+003 -3.03444e+001  9.17233e+000  3.49583e+002
          2996  3.57901e+002  2.99600e+003 -3.03578e+001  9.17149e+000  3.49667e+002
          2997  3.57982e+002  2.99700e+003 -3.03711e+001  9.17062e+000  3.49750e+002
          2998  3.58067e+002  2.99800e+003 -3.03835e+001  9.16972e+000  3.49833e+002
          2999  3.58142e+002  2.99900e+003 -3.03959e+001  9.16881e+000  3.49917e+002
          3000  3.58230e+002  3.00000e+003 -3.04081e+001  9.16788e+000  3.50000e+002
          3001  3.58314e+002  3.00100e+003 -3.04195e+001  9.16702e+000  3.50083e+002
          3002  3.58403e+002  3.00200e+003 -3.04311e+001  9.16617e+000  3.50167e+002
          3003  3.58488e+002  3.00300e+003 -3.04434e+001  9.16531e+000  3.50250e+002
          3004  3.58566e+002  3.00400e+003 -3.04524e+001  9.16447e+000  3.50333e+002
          3005  3.58642e+002  3.00500e+003 -3.04633e+001  9.16360e+000  3.50417e+002
          3006  3.58730e+002  3.00600e+003 -3.04743e+001  9.16271e+000  3.50500e+002
          3007  3.58821e+002  3.00700e+003 -3.04852e+001  9.16181e+000  3.50583e+002
          3008  3.58903e+002  3.00800e+003 -3.04949e+001  9.16085e+000  3.50667e+002
          3009  3.58991e+002  3.00900e+003 -3.05051e+001  9.15990e+000  3.50750e+002
          3010  3.59077e+002  3.01000e+003 -3.05154e+001  9.15897e+000  3.50833e+002
          3011  3.59154e+002  3.01100e+003 -3.05261e+001  9.15809e+000  3.50917e+002
          3012  3.59241e+002  3.01200e+003 -3.05363e+001  9.15721e+000  3.51000e+002
          3013  3.59326e+002  3.01300e+003 -3.05459e+001  9.15633e+000  3.51083e+002
          3014  3.59407e+002  3.01400e+003 -3.05559e+001  9.15545e+000  3.51167e+002
          3015  3.59491e+002  3.01500e+003 -3.05662e+001  9.15457e+000  3.51250e+002
          3016  3.59571e+002  3.01600e+003 -3.05741e+001  9.15371e+000  3.51333e+002
          3017  3.59656e+002  3.01700e+003 -3.05826e+001  9.15281e+000  3.51417e+002
          3018  3.59742e+002  3.01800e+003 -3.05914e+001  9.15189e+000  3.51500e+002
          3019  3.59820e+002  3.01900e+003 -3.06005e+001  9.15095e+000  3.51583e+002
          3020  3.59908e+002  3.02000e+003 -3.06101e+001  9.14997e+000  3.51667e+002
          3021  3.59987e+002  3.02100e+003 -3.06204e+001  9.14908e+000  3.51750e+002
          3022  3.60093e+002  3.02200e+003 -3.06307e+001  9.14820e+000  3.51833e+002
          3023  3.60161e+002  3.02300e+003 -3.06400e+001  9.14733e+000  3.51917e+002
          3024  3.60247e+002  3.02400e+003 -3.06475e+001  9.14649e+000  3.52000e+002
          3025  3.60329e+002  3.02500e+003 -3.06563e+001  9.14562e+000  3.52083e+002
          3026  3.60413e+002  3.02600e+003 -3.06667e+001  9.14472e+000  3.52167e+002
          3027  3.60494e+002  3.02700e+003 -3.06778e+001  9.14381e+000  3.52250e+002
          3028  3.60582e+002  3.02800e+003 -3.06868e+001  9.14285e+000  3.52333e+002
          3029  3.60653e+002  3.02900e+003 -3.06959e+001  9.14193e+000  3.52417e+002
          3030  3.60741e+002  3.03000e+003 -3.07054e+001  9.14106e+000  3.52500e+002
          3031  3.60833e+002  3.03100e+003 -3.07145e+001  9.14020e+000  3.52583e+002
          3032  3.60919e+002  3.03200e+003 -3.07228e+001  9.13934e+000  3.52667e+002
          3033  3.60994e+002  3.03300e+003 -3.07310e+001  9.13846e+000  3.52750e+002
          3034  3.61072e+002  3.03400e+003 -3.07394e+001  9.13758e+000  3.52833e+002
          3035  3.61159e+002  3.03500e+003 -3.07482e+001  9.13669e+000  3.52917e+002
          3036  3.61247e+002  3.03600e+003 -3.07575e+001  9.13578e+000  3.53000e+002
          3037  3.61324e+002  3.03700e+003 -3.07665e+001  9.13485e+000  3.53083e+002
          3038  3.61411e+002  3.03800e+003 -3.07757e+001  9.13391e+000  3.53167e+002
          3039  3.61499e+002  3.03900e+003 -3.07849e+001  9.13297e+000  3.53250e+002
          3040  3.61582e+002  3.04000e+003 -3.07925e+001  9.13198e+000  3.53333e+002
          3041  3.61675e+002  3.04100e+003 -3.08014e+001  9.13109e+000  3.53417e+002
          3042  3.61752e+002  3.04200e+003 -3.08092e+001  9.13021e+000  3.53500e+002
          3043  3.61833e+002  3.04300e+003 -3.08164e+001  9.12933e+000  3.53583e+002
          3044  3.61915e+002  3.04400e+003 -3.08256e+001  9.12850e+000  3.53667e+002
          3045  3.62002e+002  3.04500e+003 -3.08346e+001  9.12762e+000  3.53750e+002
          3046  3.62091e+002  3.04600e+003 -3.08424e+001  9.12672e+000  3.53833e+002
          3047  3.62165e+002  3.04700e+003 -3.08500e+001  9.12581e+000  3.53917e+002
          3048  3.62255e+002  3.04800e+003 -3.08570e+001  9.12486e+000  3.54000e+002
          3049  3.62327e+002  3.04900e+003 -3.08643e+001  9.12390e+000  3.54083e+002
          3050  3.62417e+002  3.05000e+003 -3.08710e+001  9.12297e+000  3.54167e+002
          3051  3.62504e+002  3.05100e+003 -3.08771e+001  9.12209e+000  3.54250e+002
          3052  3.62593e+002  3.05200e+003 -3.08815e+001  9.12121e+000  3.54333e+002
          3053  3.62669e+002  3.05300e+003 -3.08875e+001  9.12033e+000  3.54417e+002
          3054  3.62759e+002  3.05400e+003 -3.08926e+001  9.11945e+000  3.54500e+002
          3055  3.62833e+002  3.05500e+003 -3.08981e+001  9.11857e+000  3.54583e+002
          3056  3.62926e+002  3.05600e+003 -3.09023e+001  9.11771e+000  3.54667e+002
          3057  3.63004e+002  3.05700e+003 -3.09081e+001  9.11681e+000  3.54750e+002
          3058  3.63090e+002  3.05800e+003 -3.09153e+001  9.11588e+000  3.54833e+002
          3059  3.63175e+002  3.05900e+003 -3.09226e+001  9.11495e+000  3.54917e+002
          3060  3.63259e+002  3.06000e+003 -3.09280e+001  9.11394e+000  3.55000e+002
          3061  3.63345e+002  3.06100e+003 -3.09347e+001  9.11299e+000  3.55083e+002
          3062  3.63430e+002  3.06200e+003 -3.09410e+001  9.11210e+000  3.55167e+002
          3063  3.63519e+002  3.06300e+003 -3.09470e+001  9.11122e+000  3.55250e+002
          3064  3.63596e+002  3.06400e+003 -3.09568e+001  9.11035e+000  3.55333e+002
          3065  3.63674e+002  3.06500e+003 -3.09644e+001  9.10948e+000  3.55417e+002
          3066  3.63755e+002  3.06600e+003 -3.09706e+001  9.10859e+000  3.55500e+002
          3067  3.63842e+002  3.06700e+003 -3.09757e+001  9.10769e+000  3.55583e+002
          3068  3.63925e+002  3.06800e+003 -3.09840e+001  9.10678e+000  3.55667e+002
          3069  3.64003e+002  3.06900e+003 -3.09909e+001  9.10586e+000  3.55750e+002
          3070  3.64086e+002  3.07000e+003 -3.09970e+001  9.10492e+000  3.55833e+002
          3071  3.64179e+002  3.07100e+003 -3.10035e+001  9.10397e+000  3.55917e+002
          3072  3.64254e+002  3.07200e+003 -3.10074e+001  9.10296e+000  3.56000e+002
          3073  3.64340e+002  3.07300e+003 -3.10117e+001  9.10200e+000  3.56083e+002
          3074  3.64425e+002  3.07400e+003 -3.10167e+001  9.10110e+000  3.56167e+002
          3075  3.64507e+002  3.07500e+003 -3.10214e+001  9.10022e+000  3.56250e+002
          3076  3.64591e+002  3.07600e+003 -3.10250e+001  9.09936e+000  3.56333e+002
          3077  3.64676e+002  3.07700e+003 -3.10287e+001  9.09848e+000  3.56417e+002
          3078  3.64767e+002  3.07800e+003 -3.10325e+001  9.09759e+000  3.56500e+002
          3079  3.64850e+002  3.07900e+003 -3.10368e+001  9.09669e+000  3.56583e+002
          3080  3.64936e+002  3.08000e+003 -3.10394e+001  9.09578e+000  3.56667e+002
          3081  3.65014e+002  3.08100e+003 -3.10422e+001  9.09486e+000  3.56750e+002
          3082  3.65108e+002  3.08200e+003 -3.10448e+001  9.09392e+000  3.56833e+002
          3083  3.65181e+002  3.08300e+003 -3.10467e+001  9.09297e+000  3.56917e+002
          3084  3.65267e+002  3.08400e+003 -3.10485e+001  9.09199e+000  3.57000e+002
          3085  3.65349e+002  3.08500e+003 -3.10507e+001  9.09109e+000  3.57083e+002
          3086  3.65434e+002  3.08600e+003 -3.10530e+001  9.09021e+000  3.57167e+002
          3087  3.65522e+002  3.08700e+003 -3.10551e+001  9.08933e+000  3.57250e+002
          3088  3.65609e+002  3.08800e+003 -3.10561e+001  9.08850e+000  3.57333e+002
          3089  3.65692e+002  3.08900e+003 -3.10584e+001  9.08762e+000  3.57417e+002
          3090  3.65780e+002  3.09000e+003 -3.10603e+001  9.08672e+000  3.57500e+002
          3091  3.65857e+002  3.09100e+003 -3.10618e+001  9.08581e+000  3.57583e+002
          3092  3.65944e+002  3.09200e+003 -3.10625e+001  9.08486e+000  3.57667e+002
          3093  3.66021e+002  3.09300e+003 -3.10639e+001  9.08390e+000  3.57750e+002
          3094  3.66118e+002  3.09400e+003 -3.10654e+001  9.08294e+000  3.57833e+002
          3095  3.66194e+002  3.09500e+003 -3.10679e+001  9.08198e+000  3.57917e+002
          3096  3.66276e+002  3.09600e+003 -3.10692e+001  9.08097e+000  3.58000e+002
          3097  3.66357e+002  3.09700e+003 -3.10703e+001  9.07998e+000  3.58083e+002
          3098  3.66453e+002  3.09800e+003 -3.10718e+001  9.07902e+000  3.58167e+002
          3099  3.66532e+002  3.09900e+003 -3.10738e+001  9.07811e+000  3.58250e+002
          3100  3.66616e+002  3.10000e+003 -3.10758e+001  9.07723e+000  3.58333e+002
          3101  3.66696e+002  3.10100e+003 -3.10781e+001  9.07634e+000  3.58417e+002
          3102  3.66779e+002  3.10200e+003 -3.10810e+001  9.07546e+000  3.58500e+002
          3103  3.66870e+002  3.10300e+003 -3.10839e+001  9.07457e+000  3.58583e+002
          3104  3.66947e+002  3.10400e+003 -3.10864e+001  9.07371e+000  3.58667e+002
          3105  3.67038e+002  3.10500e+003 -3.10878e+001  9.07281e+000  3.58750e+002
          3106  3.67122e+002  3.10600e+003 -3.10885e+001  9.07189e+000  3.58833e+002
          3107  3.67201e+002  3.10700e+003 -3.10894e+001  9.07095e+000  3.58917e+002
          3108  3.67281e+002  3.10800e+003 -3.10920e+001  9.06994e+000  3.59000e+002
          3109  3.67369e+002  3.10900e+003 -3.10941e+001  9.06896e+000  3.59083e+002
          3110  3.67452e+002  3.11000e+003 -3.10949e+001  9.06798e+000  3.59167e+002
          3111  3.67540e+002  3.11100e+003 -3.10958e+001  9.06699e+000  3.59250e+002
          3112  3.67616e+002  3.11200e+003 -3.10948e+001  9.06599e+000  3.59333e+002
          3113  3.67704e+002  3.11300e+003 -3.10952e+001  9.06499e+000  3.59417e+002
          3114  3.67793e+002  3.11400e+003 -3.10955e+001  9.06402e+000  3.59500e+002
          3115  3.67870e+002  3.11500e+003 -3.10957e+001  9.06311e+000  3.59583e+002
          3116  3.67953e+002  3.11600e+003 -3.10954e+001  9.06223e+000  3.59667e+002
          3117  3.68042e+002  3.11700e+003 -3.10943e+001  9.06135e+000  3.59750e+002
          3118  3.68125e+002  3.11800e+003 -3.10930e+001  9.06046e+000  3.59833e+002
          3119  3.68210e+002  3.11900e+003 -3.10920e+001  9.05957e+000  3.59917e+002
          3120  3.68289e+002  3.12000e+003 -3.10897e+001  9.05871e+000  3.60000e+002
          3121  3.68371e+002  3.12100e+003 -3.10872e+001  9.05781e+000  3.60083e+002
          3122  3.68463e+002  3.12200e+003 -3.10845e+001  9.05689e+000  3.60167e+002
          3123  3.68546e+002  3.12300e+003 -3.10815e+001  9.05595e+000  3.60250e+002
          3124  3.68632e+002  3.12400e+003 -3.10759e+001  9.05494e+000  3.60333e+002
          3125  3.68717e+002  3.12500e+003 -3.10717e+001  9.05396e+000  3.60417e+002
          3126  3.68800e+002  3.12600e+003 -3.10689e+001  9.05298e+000  3.60500e+002
          3127  3.68874e+002  3.12700e+003 -3.10665e+001  9.05199e+000  3.60583e+002
          3128  3.68957e+002  3.12800e+003 -3.10637e+001  9.05099e+000  3.60667e+002
          3129  3.69049e+002  3.12900e+003 -3.10612e+001  9.04999e+000  3.60750e+002
          3130  3.69134e+002  3.13000e+003 -3.10580e+001  9.04900e+000  3.60833e+002
          3131  3.69216e+002  3.13100e+003 -3.10542e+001  9.04800e+000  3.60917e+002
          3132  3.69304e+002  3.13200e+003 -3.10489e+001  9.04700e+000  3.61000e+002
          3133  3.69395e+002  3.13300e+003 -3.10458e+001  9.04600e+000  3.61083e+002
          3134  3.69472e+002  3.13400e+003 -3.10437e+001  9.04500e+000  3.61167e+002
          3135  3.69557e+002  3.13500e+003 -3.10410e+001  9.04400e+000  3.61250e+002
          3136  3.69642e+002  3.13600e+003 -3.10407e+001  9.04300e+000  3.61333e+002
          3137  3.69721e+002  3.13700e+003 -3.10388e+001  9.04200e+000  3.61417e+002
          3138  3.69805e+002  3.13800e+003 -3.10368e+001  9.04103e+000  3.61500e+002
          3139  3.69894e+002  3.13900e+003 -3.10346e+001  9.04011e+000  3.61583e+002
          3140  3.69978e+002  3.14000e+003 -3.10302e+001  9.03923e+000  3.61667e+002
          3141  3.70075e+002  3.14100e+003 -3.10264e+001  9.03835e+000  3.61750e+002
          3142  3.70148e+002  3.14200e+003 -3.10224e+001  9.03746e+000  3.61833e+002
          3143  3.70234e+002  3.14300e+003 -3.10179e+001  9.03657e+000  3.61917e+002
          3144  3.70310e+002  3.14400e+003 -3.10154e+001  9.03571e+000  3.62000e+002
          3145  3.70394e+002  3.14500e+003 -3.10107e+001  9.03481e+000  3.62083e+002
          3146  3.70481e+002  3.14600e+003 -3.10056e+001  9.03389e+000  3.62167e+002
          3147  3.70563e+002  3.14700e+003 -3.10016e+001  9.03295e+000  3.62250e+002
          3148  3.70647e+002  3.14800e+003 -3.09950e+001  9.03194e+000  3.62333e+002
          3149  3.70738e+002  3.14900e+003 -3.09900e+001  9.03096e+000  3.62417e+002
          3150  3.70823e+002  3.15000e+003 -3.09853e+001  9.02998e+000  3.62500e+002
          3151  3.70905e+002  3.15100e+003 -3.09812e+001  9.02899e+000  3.62583e+002
          3152  3.70991e+002  3.15200e+003 -3.09752e+001  9.02799e+000  3.62667e+002
          3153  3.71068e+002  3.15300e+003 -3.09704e+001  9.02699e+000  3.62750e+002
          3154  3.71164e+002  3.15400e+003 -3.09665e+001  9.02600e+000  3.62833e+002
          3155  3.71255e+002  3.15500e+003 -3.09629e+001  9.02500e+000  3.62917e+002
          3156  3.71339e+002  3.15600e+003 -3.09603e+001  9.02400e+000  3.63000e+002
          3157  3.71418e+002  3.15700e+003 -3.09560e+001  9.02300e+000  3.63083e+002
          3158  3.71495e+002  3.15800e+003 -3.09507e+001  9.02200e+000  3.63167e+002
          3159  3.71582e+002  3.15900e+003 -3.09451e+001  9.02100e+000  3.63250e+002
          3160  3.71664e+002  3.16000e+003 -3.09395e+001  9.02000e+000  3.63333e+002
          3161  3.71747e+002  3.16100e+003 -3.09336e+001  9.01900e+000  3.63417e+002
          3162  3.71845e+002  3.16200e+003 -3.09273e+001  9.01800e+000  3.63500e+002
          3163  3.71927e+002  3.16300e+003 -3.09215e+001  9.01700e+000  3.63583e+002
          3164  3.72009e+002  3.16400e+003 -3.09146e+001  9.01600e+000  3.63667e+002
          3165  3.72093e+002  3.16500e+003 -3.09084e+001  9.01500e+000  3.63750e+002
          3166  3.72172e+002  3.16600e+003 -3.09015e+001  9.01400e+000  3.63833e+002
          3167  3.72268e+002  3.16700e+003 -3.08945e+001  9.01300e+000  3.63917e+002
          3168  3.72346e+002  3.16800e+003 -3.08862e+001  9.01200e+000  3.64000e+002
          3169  3.72430e+002  3.16900e+003 -3.08783e+001  9.01100e+000  3.64083e+002
          3170  3.72520e+002  3.17000e+003 -3.08706e+001  9.01000e+000  3.64167e+002
          3171  3.72607e+002  3.17100e+003 -3.08612e+001  9.00900e+000  3.64250e+002
          3172  3.72679e+002  3.17200e+003 -3.08542e+001  9.00800e+000  3.64333e+002
          3173  3.72769e+002  3.17300e+003 -3.08463e+001  9.00700e+000  3.64417e+002
          3174  3.72862e+002  3.17400e+003 -3.08372e+001  9.00600e+000  3.64500e+002
          3175  3.72946e+002  3.17500e+003 -3.08275e+001  9.00500e+000  3.64583e+002
          3176  3.73022e+002  3.17600e+003 -3.08155e+001  9.00400e+000  3.64667e+002
          3177  3.73111e+002  3.17700e+003 -3.08058e+001  9.00300e+000  3.64750e+002
          3178  3.73190e+002  3.17800e+003 -3.07964e+001  9.00200e+000  3.64833e+002
          3179  3.73282e+002  3.17900e+003 -3.07865e+001  9.00100e+000  3.64917e+002
          3180  3.73372e+002  3.18000e+003 -3.07738e+001  9.00000e+000  3.65000e+002
          3181  3.73453e+002  3.18100e+003 -3.07631e+001  8.99900e+000  3.65083e+002
          3182  3.73544e+002  3.18200e+003 -3.07538e+001  8.99800e+000  3.65167e+002
          3183  3.73625e+002  3.18300e+003 -3.07451e+001  8.99700e+000  3.65250e+002
          3184  3.73711e+002  3.18400e+003 -3.07351e+001  8.99600e+000  3.65333e+002
          3185  3.73800e+002  3.18500e+003 -3.07248e+001  8.99500e+000  3.65417e+002
          3186  3.73880e+002  3.18600e+003 -3.07142e+001  8.99397e+000  3.65500e+002
          3187  3.73960e+002  3.18700e+003 -3.07037e+001  8.99289e+000  3.65583e+002
          3188  3.74054e+002  3.18800e+003 -3.06932e+001  8.99177e+000  3.65667e+002
          3189  3.74133e+002  3.18900e+003 -3.06831e+001  8.99065e+000  3.65750e+002
          3190  3.74216e+002  3.19000e+003 -3.06742e+001  8.98954e+000  3.65833e+002
          3191  3.74305e+002  3.19100e+003 -3.06653e+001  8.98843e+000  3.65917e+002
          3192  3.74389e+002  3.19200e+003 -3.06574e+001  8.98729e+000  3.66000e+002
          3193  3.74467e+002  3.19300e+003 -3.06469e+001  8.98619e+000  3.66083e+002
          3194  3.74559e+002  3.19400e+003 -3.06364e+001  8.98511e+000  3.66167e+002
          3195  3.74639e+002  3.19500e+003 -3.06267e+001  8.98405e+000  3.66250e+002
          3196  3.74734e+002  3.19600e+003 -3.06164e+001  8.98306e+000  3.66333e+002
          3197  3.74810e+002  3.19700e+003 -3.06056e+001  8.98204e+000  3.66417e+002
          3198  3.74895e+002  3.19800e+003 -3.05938e+001  8.98102e+000  3.66500e+002
          3199  3.74974e+002  3.19900e+003 -3.05819e+001  8.98001e+000  3.66583e+002
          3200  3.75064e+002  3.20000e+003 -3.05702e+001  8.97901e+000  3.66667e+002
          3201  3.75149e+002  3.20100e+003 -3.05592e+001  8.97801e+000  3.66750e+002
          3202  3.75240e+002  3.20200e+003 -3.05476e+001  8.97700e+000  3.66833e+002
          3203  3.75318e+002  3.20300e+003 -3.05357e+001  8.97600e+000  3.66917e+002
          3204  3.75406e+002  3.20400e+003 -3.05218e+001  8.97500e+000  3.67000e+002
          3205  3.75491e+002  3.20500e+003 -3.05089e+001  8.97400e+000  3.67083e+002
          3206  3.75576e+002  3.20600e+003 -3.04963e+001  8.97297e+000  3.67167e+002
          3207  3.75665e+002  3.20700e+003 -3.04834e+001  8.97189e+000  3.67250e+002
          3208  3.75760e+002  3.20800e+003 -3.04709e+001  8.97077e+000  3.67333e+002
          3209  3.75837e+002  3.20900e+003 -3.04582e+001  8.96965e+000  3.67417e+002
          3210  3.75921e+002  3.21000e+003 -3.04460e+001  8.96854e+000  3.67500e+002
          3211  3.76006e+002  3.21100e+003 -3.04335e+001  8.96743e+000  3.67583e+002
          3212  3.76091e+002  3.21200e+003 -3.04211e+001  8.96629e+000  3.67667e+002
          3213  3.76177e+002  3.21300e+003 -3.04077e+001  8.96519e+000  3.67750e+002
          3214  3.76254e+002  3.21400e+003 -3.03938e+001  8.96411e+000  3.67833e+002
          3215  3.76341e+002  3.21500e+003 -3.03793e+001  8.96305e+000  3.67917e+002
          3216  3.76430e+002  3.21600e+003 -3.03655e+001  8.96206e+000  3.68000e+002
          3217  3.76505e+002  3.21700e+003 -3.03512e+001  8.96104e+000  3.68083e+002
          3218  3.76592e+002  3.21800e+003 -3.03368e+001  8.95999e+000  3.68167e+002
          3219  3.76674e+002  3.21900e+003 -3.03222e+001  8.95889e+000  3.68250e+002
          3220  3.76762e+002  3.22000e+003 -3.03035e+001  8.95778e+000  3.68333e+002
          3221  3.76855e+002  3.22100e+003 -3.02869e+001  8.95666e+000  3.68417e+002
          3222  3.76929e+002  3.22200e+003 -3.02717e+001  8.95554e+000  3.68500e+002
          3223  3.77019e+002  3.22300e+003 -3.02572e+001  8.95443e+000  3.68583e+002
          3224  3.77111e+002  3.22400e+003 -3.02398e+001  8.95329e+000  3.68667e+002
          3225  3.77197e+002  3.22500e+003 -3.02239e+001  8.95219e+000  3.68750e+002
          3226  3.77286e+002  3.22600e+003 -3.02090e+001  8.95111e+000  3.68833e+002
          3227  3.77369e+002  3.22700e+003 -3.01950e+001  8.95005e+000  3.68917e+002
          3228  3.77452e+002  3.22800e+003 -3.01798e+001  8.94903e+000  3.69000e+002
          3229  3.77529e+002  3.22900e+003 -3.01650e+001  8.94792e+000  3.69083e+002
          3230  3.77613e+002  3.23000e+003 -3.01506e+001  8.94680e+000  3.69167e+002
          3231  3.77704e+002  3.23100e+003 -3.01366e+001  8.94567e+000  3.69250e+002
          3232  3.77793e+002  3.23200e+003 -3.01221e+001  8.94451e+000  3.69333e+002
          3233  3.77874e+002  3.23300e+003 -3.01066e+001  8.94338e+000  3.69417e+002
          3234  3.77953e+002  3.23400e+003 -3.00908e+001  8.94228e+000  3.69500e+002
          3235  3.78047e+002  3.23500e+003 -3.00749e+001  8.94119e+000  3.69583e+002
          3236  3.78120e+002  3.23600e+003 -3.00569e+001  8.94015e+000  3.69667e+002
          3237  3.78211e+002  3.23700e+003 -3.00390e+001  8.93907e+000  3.69750e+002
          3238  3.78304e+002  3.23800e+003 -3.00204e+001  8.93794e+000  3.69833e+002
          3239  3.78381e+002  3.23900e+003 -3.00013e+001  8.93680e+000  3.69917e+002
          3240  3.78467e+002  3.24000e+003 -2.99799e+001  8.93566e+000  3.70000e+002
          3241  3.78561e+002  3.24100e+003 -2.99606e+001  8.93454e+000  3.70083e+002
          3242  3.78639e+002  3.24200e+003 -2.99408e+001  8.93342e+000  3.70167e+002
          3243  3.78724e+002  3.24300e+003 -2.99214e+001  8.93231e+000  3.70250e+002
          3244  3.78814e+002  3.24400e+003 -2.98994e+001  8.93122e+000  3.70333e+002
          3245  3.78896e+002  3.24500e+003 -2.98792e+001  8.93012e+000  3.70417e+002
          3246  3.78980e+002  3.24600e+003 -2.98592e+001  8.92897e+000  3.70500e+002
          3247  3.79063e+002  3.24700e+003 -2.98390e+001  8.92781e+000  3.70583e+002
          3248  3.79150e+002  3.24800e+003 -2.98178e+001  8.92668e+000  3.70667e+002
          3249  3.79235e+002  3.24900e+003 -2.97967e+001  8.92555e+000  3.70750e+002
          3250  3.79314e+002  3.25000e+003 -2.97759e+001  8.92443e+000  3.70833e+002
          3251  3.79407e+002  3.25100e+003 -2.97549e+001  8.92331e+000  3.70917e+002
          3252  3.79493e+002  3.25200e+003 -2.97348e+001  8.92220e+000  3.71000e+002
          3253  3.79578e+002  3.25300e+003 -2.97141e+001  8.92103e+000  3.71083e+002
          3254  3.79664e+002  3.25400e+003 -2.96927e+001  8.91986e+000  3.71167e+002
          3255  3.79751e+002  3.25500e+003 -2.96718e+001  8.91870e+000  3.71250e+002
          3256  3.79835e+002  3.25600e+003 -2.96494e+001  8.91754e+000  3.71333e+002
          3257  3.79927e+002  3.25700e+003 -2.96281e+001  8.91638e+000  3.71417e+002
          3258  3.80012e+002  3.25800e+003 -2.96056e+001  8.91517e+000  3.71500e+002
          3259  3.80089e+002  3.25900e+003 -2.95823e+001  8.91397e+000  3.71583e+002
          3260  3.80180e+002  3.26000e+003 -2.95603e+001  8.91279e+000  3.71667e+002
          3261  3.80269e+002  3.26100e+003 -2.95383e+001  8.91162e+000  3.71750e+002
          3262  3.80349e+002  3.26200e+003 -2.95154e+001  8.91047e+000  3.71833e+002
          3263  3.80442e+002  3.26300e+003 -2.94935e+001  8.90933e+000  3.71917e+002
          3264  3.80530e+002  3.26400e+003 -2.94716e+001  8.90822e+000  3.72000e+002
          3265  3.80607e+002  3.26500e+003 -2.94482e+001  8.90704e+000  3.72083e+002
          3266  3.80694e+002  3.26600e+003 -2.94241e+001  8.90587e+000  3.72167e+002
          3267  3.80786e+002  3.26700e+003 -2.94004e+001  8.90470e+000  3.72250e+002
          3268  3.80867e+002  3.26800e+003 -2.93754e+001  8.90354e+000  3.72333e+002
          3269  3.80948e+002  3.26900e+003 -2.93510e+001  8.90238e+000  3.72417e+002
          3270  3.81035e+002  3.27000e+003 -2.93273e+001  8.90117e+000  3.72500e+002
          3271  3.81121e+002  3.27100e+003 -2.93037e+001  8.89997e+000  3.72583e+002
          3272  3.81204e+002  3.27200e+003 -2.92810e+001  8.89879e+000  3.72667e+002
          3273  3.81297e+002  3.27300e+003 -2.92578e+001  8.89762e+000  3.72750e+002
          3274  3.81388e+002  3.27400e+003 -2.92336e+001  8.89644e+000  3.72833e+002
          3275  3.81463e+002  3.27500e+003 -2.92078e+001  8.89522e+000  3.72917e+002
          3276  3.81556e+002  3.27600e+003 -2.91807e+001  8.89401e+000  3.73000e+002
          3277  3.81634e+002  3.27700e+003 -2.91551e+001  8.89281e+000  3.73083e+002
          3278  3.81716e+002  3.27800e+003 -2.91304e+001  8.89163e+000  3.73167e+002
          3279  3.81808e+002  3.27900e+003 -2.91056e+001  8.89047e+000  3.73250e+002
          3280  3.81899e+002  3.28000e+003 -2.90789e+001  8.88922e+000  3.73333e+002
          3281  3.81974e+002  3.28100e+003 -2.90530e+001  8.88800e+000  3.73417e+002
          3282  3.82059e+002  3.28200e+003 -2.90266e+001  8.88680e+000  3.73500e+002
          3283  3.82142e+002  3.28300e+003 -2.89990e+001  8.88561e+000  3.73583e+002
          3284  3.82232e+002  3.28400e+003 -2.89701e+001  8.88431e+000  3.73667e+002
          3285  3.82324e+002  3.28500e+003 -2.89430e+001  8.88305e+000  3.73750e+002
          3286  3.82395e+002  3.28600e+003 -2.89163e+001  8.88183e+000  3.73833e+002
          3287  3.82487e+002  3.28700e+003 -2.88898e+001  8.88062e+000  3.73917e+002
          3288  3.82582e+002  3.28800e+003 -2.88629e+001  8.87941e+000  3.74000e+002
          3289  3.82659e+002  3.28900e+003 -2.88359e+001  8.87817e+000  3.74083e+002
          3290  3.82745e+002  3.29000e+003 -2.88092e+001  8.87695e+000  3.74167e+002
          3291  3.82821e+002  3.29100e+003 -2.87814e+001  8.87574e+000  3.74250e+002
          3292  3.82929e+002  3.29200e+003 -2.87521e+001  8.87456e+000  3.74333e+002
          3293  3.83005e+002  3.29300e+003 -2.87241e+001  8.87332e+000  3.74417e+002
          3294  3.83096e+002  3.29400e+003 -2.86961e+001  8.87208e+000  3.74500e+002
          3295  3.83178e+002  3.29500e+003 -2.86681e+001  8.87086e+000  3.74583e+002
          3296  3.83263e+002  3.29600e+003 -2.86394e+001  8.86963e+000  3.74667e+002
          3297  3.83350e+002  3.29700e+003 -2.86107e+001  8.86836e+000  3.74750e+002
          3298  3.83424e+002  3.29800e+003 -2.85811e+001  8.86711e+000  3.74833e+002
          3299  3.83512e+002  3.29900e+003 -2.85523e+001  8.86587e+000  3.74917e+002
          3300  3.83612e+002  3.30000e+003 -2.85234e+001  8.86464e+000  3.75000e+002
          3301  3.83695e+002  3.30100e+003 -2.84958e+001  8.86337e+000  3.75083e+002
          3302  3.83771e+002  3.30200e+003 -2.84686e+001  8.86212e+000  3.75167e+002
          3303  3.83861e+002  3.30300e+003 -2.84404e+001  8.86088e+000  3.75250e+002
          3304  3.83950e+002  3.30400e+003 -2.84114e+001  8.85956e+000  3.75333e+002
          3305  3.84040e+002  3.30500e+003 -2.83821e+001  8.85827e+000  3.75417e+002
          3306  3.84117e+002  3.30600e+003 -2.83535e+001  8.85701e+000  3.75500e+002
          3307  3.84203e+002  3.30700e+003 -2.83253e+001  8.85576e+000  3.75583e+002
          3308  3.84289e+002  3.30800e+003 -2.82968e+001  8.85442e+000  3.75667e+002
          3309  3.84382e+002  3.30900e+003 -2.82666e+001  8.85313e+000  3.75750e+002
          3310  3.84459e+002  3.31000e+003 -2.82362e+001  8.85185e+000  3.75833e+002
          3311  3.84561e+002  3.31100e+003 -2.82061e+001  8.85053e+000  3.75917e+002
          3312  3.84639e+002  3.31200e+003 -2.81716e+001  8.84923e+000  3.76000e+002
          3313  3.84724e+002  3.31300e+003 -2.81400e+001  8.84793e+000  3.76083e+002
          3314  3.84810e+002  3.31400e+003 -2.81089e+001  8.84660e+000  3.76167e+002
          3315  3.84894e+002  3.31500e+003 -2.80776e+001  8.84528e+000  3.76250e+002
          3316  3.84981e+002  3.31600e+003 -2.80456e+001  8.84401e+000  3.76333e+002
          3317  3.85068e+002  3.31700e+003 -2.80140e+001  8.84274e+000  3.76417e+002
          3318  3.85161e+002  3.31800e+003 -2.79819e+001  8.84144e+000  3.76500e+002
          3319  3.85243e+002  3.31900e+003 -2.79491e+001  8.84014e+000  3.76583e+002
          3320  3.85333e+002  3.32000e+003 -2.79174e+001  8.83890e+000  3.76667e+002
          3321  3.85417e+002  3.32100e+003 -2.78850e+001  8.83759e+000  3.76750e+002
          3322  3.85513e+002  3.32200e+003 -2.78522e+001  8.83630e+000  3.76833e+002
          3323  3.85580e+002  3.32300e+003 -2.78199e+001  8.83502e+000  3.76917e+002
          3324  3.85681e+002  3.32400e+003 -2.77872e+001  8.83366e+000  3.77000e+002
          3325  3.85760e+002  3.32500e+003 -2.77547e+001  8.83233e+000  3.77083e+002
          3326  3.85842e+002  3.32600e+003 -2.77206e+001  8.83102e+000  3.77167e+002
          3327  3.85929e+002  3.32700e+003 -2.76851e+001  8.82967e+000  3.77250e+002
          3328  3.86012e+002  3.32800e+003 -2.76505e+001  8.82832e+000  3.77333e+002
          3329  3.86100e+002  3.32900e+003 -2.76171e+001  8.82699e+000  3.77417e+002
          3330  3.86188e+002  3.33000e+003 -2.75834e+001  8.82564e+000  3.77500e+002
          3331  3.86270e+002  3.33100e+003 -2.75495e+001  8.82430e+000  3.77583e+002
          3332  3.86365e+002  3.33200e+003 -2.75169e+001  8.82300e+000  3.77667e+002
          3333  3.86449e+002  3.33300e+003 -2.74836e+001  8.82166e+000  3.77750e+002
          3334  3.86535e+002  3.33400e+003 -2.74485e+001  8.82031e+000  3.77833e+002
          3335  3.86622e+002  3.33500e+003 -2.74141e+001  8.81892e+000  3.77917e+002
          3336  3.86713e+002  3.33600e+003 -2.73767e+001  8.81755e+000  3.78000e+002
          3337  3.86796e+002  3.33700e+003 -2.73406e+001  8.81619e+000  3.78083e+002
          3338  3.86882e+002  3.33800e+003 -2.73055e+001  8.81481e+000  3.78167e+002
          3339  3.86972e+002  3.33900e+003 -2.72716e+001  8.81344e+000  3.78250e+002
          3340  3.87056e+002  3.34000e+003 -2.72380e+001  8.81209e+000  3.78333e+002
          3341  3.87144e+002  3.34100e+003 -2.72042e+001  8.81072e+000  3.78417e+002
          3342  3.87232e+002  3.34200e+003 -2.71706e+001  8.80937e+000  3.78500e+002
          3343  3.87322e+002  3.34300e+003 -2.71374e+001  8.80805e+000  3.78583e+002
          3344  3.87405e+002  3.34400e+003 -2.71025e+001  8.80670e+000  3.78667e+002
          3345  3.87495e+002  3.34500e+003 -2.70685e+001  8.80533e+000  3.78750e+002
          3346  3.87581e+002  3.34600e+003 -2.70354e+001  8.80394e+000  3.78833e+002
          3347  3.87662e+002  3.34700e+003 -2.70012e+001  8.80256e+000  3.78917e+002
          3348  3.87750e+002  3.34800e+003 -2.69706e+001  8.80108e+000  3.79000e+002
          3349  3.87849e+002  3.34900e+003 -2.69371e+001  8.79966e+000  3.79083e+002
          3350  3.87921e+002  3.35000e+003 -2.69021e+001  8.79827e+000  3.79167e+002
          3351  3.88016e+002  3.35100e+003 -2.68670e+001  8.79684e+000  3.79250e+002
          3352  3.88100e+002  3.35200e+003 -2.68323e+001  8.79545e+000  3.79333e+002
          3353  3.88189e+002  3.35300e+003 -2.67982e+001  8.79407e+000  3.79417e+002
          3354  3.88266e+002  3.35400e+003 -2.67644e+001  8.79269e+000  3.79500e+002
          3355  3.88362e+002  3.35500e+003 -2.67304e+001  8.79132e+000  3.79583e+002
          3356  3.88454e+002  3.35600e+003 -2.66936e+001  8.78994e+000  3.79667e+002
          3357  3.88538e+002  3.35700e+003 -2.66587e+001  8.78855e+000  3.79750e+002
          3358  3.88618e+002  3.35800e+003 -2.66238e+001  8.78712e+000  3.79833e+002
          3359  3.88712e+002  3.35900e+003 -2.65888e+001  8.78570e+000  3.79917e+002
          3360  3.88804e+002  3.36000e+003 -2.65560e+001  8.78426e+000  3.80000e+002
          3361  3.88885e+002  3.36100e+003 -2.65224e+001  8.78283e+000  3.80083e+002
          3362  3.88969e+002  3.36200e+003 -2.64892e+001  8.78141e+000  3.80167e+002
          3363  3.89058e+002  3.36300e+003 -2.64573e+001  8.77997e+000  3.80250e+002
          3364  3.89146e+002  3.36400e+003 -2.64238e+001  8.77858e+000  3.80333e+002
          3365  3.89226e+002  3.36500e+003 -2.63894e+001  8.77714e+000  3.80417e+002
          3366  3.89316e+002  3.36600e+003 -2.63549e+001  8.77569e+000  3.80500e+002
          3367  3.89397e+002  3.36700e+003 -2.63208e+001  8.77422e+000  3.80583e+002
          3368  3.89486e+002  3.36800e+003 -2.62880e+001  8.77276e+000  3.80667e+002
          3369  3.89581e+002  3.36900e+003 -2.62552e+001  8.77133e+000  3.80750e+002
          3370  3.89666e+002  3.37000e+003 -2.62220e+001  8.76989e+000  3.80833e+002
          3371  3.89751e+002  3.37100e+003 -2.61887e+001  8.76847e+000  3.80917e+002
          3372  3.89827e+002  3.37200e+003 -2.61564e+001  8.76705e+000  3.81000e+002
          3373  3.89927e+002  3.37300e+003 -2.61222e+001  8.76562e+000  3.81083e+002
          3374  3.90009e+002  3.37400e+003 -2.60875e+001  8.76416e+000  3.81167e+002
          3375  3.90094e+002  3.37500e+003 -2.60539e+001  8.76272e+000  3.81250e+002
          3376  3.90180e+002  3.37600e+003 -2.60206e+001  8.76120e+000  3.81333e+002
          3377  3.90265e+002  3.37700e+003 -2.59872e+001  8.75971e+000  3.81417e+002
          3378  3.90344e+002  3.37800e+003 -2.59540e+001  8.75822e+000  3.81500e+002
          3379  3.90437e+002  3.37900e+003 -2.59212e+001  8.75675e+000  3.81583e+002
          3380  3.90523e+002  3.38000e+003 -2.58883e+001  8.75523e+000  3.81667e+002
          3381  3.90614e+002  3.38100e+003 -2.58566e+001  8.75376e+000  3.81750e+002
          3382  3.90699e+002  3.38200e+003 -2.58246e+001  8.75232e+000  3.81833e+002
          3383  3.90775e+002  3.38300e+003 -2.57909e+001  8.75086e+000  3.81917e+002
          3384  3.90867e+002  3.38400e+003 -2.57591e+001  8.74944e+000  3.82000e+002
          3385  3.90961e+002  3.38500e+003 -2.57277e+001  8.74800e+000  3.82083e+002
          3386  3.91033e+002  3.38600e+003 -2.56965e+001  8.74656e+000  3.82167e+002
          3387  3.91126e+002  3.38700e+003 -2.56653e+001  8.74510e+000  3.82250e+002
          3388  3.91209e+002  3.38800e+003 -2.56355e+001  8.74366e+000  3.82333e+002
          3389  3.91298e+002  3.38900e+003 -2.56040e+001  8.74219e+000  3.82417e+002
          3390  3.91378e+002  3.39000e+003 -2.55715e+001  8.74073e+000  3.82500e+002
          3391  3.91466e+002  3.39100e+003 -2.55394e+001  8.73923e+000  3.82583e+002
          3392  3.91558e+002  3.39200e+003 -2.55070e+001  8.73766e+000  3.82667e+002
          3393  3.91637e+002  3.39300e+003 -2.54754e+001  8.73612e+000  3.82750e+002
          3394  3.91722e+002  3.39400e+003 -2.54440e+001  8.73456e+000  3.82833e+002
          3395  3.91813e+002  3.39500e+003 -2.54122e+001  8.73303e+000  3.82917e+002
          3396  3.91900e+002  3.39600e+003 -2.53823e+001  8.73141e+000  3.83000e+002
          3397  3.91972e+002  3.39700e+003 -2.53526e+001  8.72985e+000  3.83083e+002
          3398  3.92061e+002  3.39800e+003 -2.53228e+001  8.72830e+000  3.83167e+002
          3399  3.92157e+002  3.39900e+003 -2.52932e+001  8.72678e+000  3.83250e+002
          3400  3.92244e+002  3.40000e+003 -2.52633e+001  8.72527e+000  3.83333e+002
          3401  3.92325e+002  3.40100e+003 -2.52332e+001  8.72376e+000  3.83417e+002
          3402  3.92413e+002  3.40200e+003 -2.52039e+001  8.72224e+000  3.83500e+002
          3403  3.92501e+002  3.40300e+003 -2.51750e+001  8.72075e+000  3.83583e+002
          3404  3.92595e+002  3.40400e+003 -2.51488e+001  8.71924e+000  3.83667e+002
          3405  3.92675e+002  3.40500e+003 -2.51215e+001  8.71774e+000  3.83750e+002
          3406  3.92754e+002  3.40600e+003 -2.50932e+001  8.71623e+000  3.83833e+002
          3407  3.92850e+002  3.40700e+003 -2.50649e+001  8.71475e+000  3.83917e+002
          3408  3.92919e+002  3.40800e+003 -2.50398e+001  8.71323e+000  3.84000e+002
          3409  3.93011e+002  3.40900e+003 -2.50140e+001  8.71174e+000  3.84083e+002
          3410  3.93101e+002  3.41000e+003 -2.49885e+001  8.71020e+000  3.84167e+002
          3411  3.93189e+002  3.41100e+003 -2.49635e+001  8.70864e+000  3.84250e+002
          3412  3.93273e+002  3.41200e+003 -2.49394e+001  8.70708e+000  3.84333e+002
          3413  3.93365e+002  3.41300e+003 -2.49135e+001  8.70552e+000  3.84417e+002
          3414  3.93442e+002  3.41400e+003 -2.48874e+001  8.70397e+000  3.84500e+002
          3415  3.93526e+002  3.41500e+003 -2.48619e+001  8.70240e+000  3.84583e+002
          3416  3.93614e+002  3.41600e+003 -2.48369e+001  8.70087e+000  3.84667e+002
          3417  3.93704e+002  3.41700e+003 -2.48131e+001  8.69933e+000  3.84750e+002
          3418  3.93788e+002  3.41800e+003 -2.47888e+001  8.69781e+000  3.84833e+002
          3419  3.93875e+002  3.41900e+003 -2.47646e+001  8.69627e+000  3.84917e+002
          3420  3.93959e+002  3.42000e+003 -2.47410e+001  8.69471e+000  3.85000e+002
          3421  3.94046e+002  3.42100e+003 -2.47189e+001  8.69315e+000  3.85083e+002
          3422  3.94139e+002  3.42200e+003 -2.46976e+001  8.69158e+000  3.85167e+002
          3423  3.94223e+002  3.42300e+003 -2.46759e+001  8.69003e+000  3.85250e+002
          3424  3.94305e+002  3.42400e+003 -2.46574e+001  8.68842e+000  3.85333e+002
          3425  3.94387e+002  3.42500e+003 -2.46374e+001  8.68686e+000  3.85417e+002
          3426  3.94467e+002  3.42600e+003 -2.46173e+001  8.68528e+000  3.85500e+002
          3427  3.94554e+002  3.42700e+003 -2.45962e+001  8.68367e+000  3.85583e+002
          3428  3.94638e+002  3.42800e+003 -2.45777e+001  8.68212e+000  3.85667e+002
          3429  3.94725e+002  3.42900e+003 -2.45583e+001  8.68054e+000  3.85750e+002
          3430  3.94814e+002  3.43000e+003 -2.45398e+001  8.67898e+000  3.85833e+002
          3431  3.94910e+002  3.43100e+003 -2.45223e+001  8.67741e+000  3.85917e+002
          3432  3.94985e+002  3.43200e+003 -2.45056e+001  8.67588e+000  3.86000e+002
          3433  3.95076e+002  3.43300e+003 -2.44879e+001  8.67431e+000  3.86083e+002
          3434  3.95158e+002  3.43400e+003 -2.44701e+001  8.67272e+000  3.86167e+002
          3435  3.95242e+002  3.43500e+003 -2.44526e+001  8.67116e+000  3.86250e+002
          3436  3.95332e+002  3.43600e+003 -2.44334e+001  8.66958e+000  3.86333e+002
          3437  3.95417e+002  3.43700e+003 -2.44155e+001  8.66801e+000  3.86417e+002
          3438  3.95498e+002  3.43800e+003 -2.43995e+001  8.66642e+000  3.86500e+002
          3439  3.95582e+002  3.43900e+003 -2.43836e+001  8.66479e+000  3.86583e+002
          3440  3.95669e+002  3.44000e+003 -2.43717e+001  8.66319e+000  3.86667e+002
          3441  3.95757e+002  3.44100e+003 -2.43570e+001  8.66159e+000  3.86750e+002
          3442  3.95841e+002  3.44200e+003 -2.43410e+001  8.66002e+000  3.86833e+002
          3443  3.95927e+002  3.44300e+003 -2.43252e+001  8.65842e+000  3.86917e+002
          3444  3.96010e+002  3.44400e+003 -2.43117e+001  8.65681e+000  3.87000e+002
          3445  3.96099e+002  3.44500e+003 -2.42982e+001  8.65522e+000  3.87083e+002
          3446  3.96176e+002  3.44600e+003 -2.42849e+001  8.65362e+000  3.87167e+002
          3447  3.96261e+002  3.44700e+003 -2.42717e+001  8.65205e+000  3.87250e+002
          3448  3.96353e+002  3.44800e+003 -2.42619e+001  8.65041e+000  3.87333e+002
          3449  3.96432e+002  3.44900e+003 -2.42506e+001  8.64878e+000  3.87417e+002
          3450  3.96520e+002  3.45000e+003 -2.42397e+001  8.64718e+000  3.87500e+002
          3451  3.96608e+002  3.45100e+003 -2.42283e+001  8.64556e+000  3.87583e+002
          3452  3.96699e+002  3.45200e+003 -2.42204e+001  8.64398e+000  3.87667e+002
          3453  3.96780e+002  3.45300e+003 -2.42118e+001  8.64238e+000  3.87750e+002
          3454  3.96857e+002  3.45400e+003 -2.42032e+001  8.64076e+000  3.87833e+002
          3455  3.96941e+002  3.45500e+003 -2.41934e+001  8.63917e+000  3.87917e+002
          3456  3.97037e+002  3.45600e+003 -2.41864e+001  8.63760e+000  3.88000e+002
          3457  3.97114e+002  3.45700e+003 -2.41801e+001  8.63603e+000  3.88083e+002
          3458  3.97200e+002  3.45800e+003 -2.41737e+001  8.63442e+000  3.88167e+002
          3459  3.97288e+002  3.45900e+003 -2.41673e+001  8.63280e+000  3.88250e+002
          3460  3.97371e+002  3.46000e+003 -2.41621e+001  8.63120e+000  3.88333e+002
          3461  3.97450e+002  3.46100e+003 -2.41562e+001  8.62960e+000  3.88417e+002
          3462  3.97535e+002  3.46200e+003 -2.41512e+001  8.62802e+000  3.88500e+002
          3463  3.97631e+002  3.46300e+003 -2.41472e+001  8.62642e+000  3.88583e+002
          3464  3.97707e+002  3.46400e+003 -2.41436e+001  8.62481e+000  3.88667e+002
          3465  3.97787e+002  3.46500e+003 -2.41403e+001  8.62322e+000  3.88750e+002
          3466  3.97881e+002  3.46600e+003 -2.41373e+001  8.62162e+000  3.88833e+002
          3467  3.97963e+002  3.46700e+003 -2.41335e+001  8.62005e+000  3.88917e+002
          3468  3.98047e+002  3.46800e+003 -2.41332e+001  8.61841e+000  3.89000e+002
          3469  3.98136e+002  3.46900e+003 -2.41315e+001  8.61678e+000  3.89083e+002
          3470  3.98215e+002  3.47000e+003 -2.41319e+001  8.61518e+000  3.89167e+002
          3471  3.98304e+002  3.47100e+003 -2.41333e+001  8.61356e+000  3.89250e+002
          3472  3.98386e+002  3.47200e+003 -2.41358e+001  8.61190e+000  3.89333e+002
          3473  3.98465e+002  3.47300e+003 -2.41372e+001  8.61027e+000  3.89417e+002
          3474  3.98550e+002  3.47400e+003 -2.41392e+001  8.60865e+000  3.89500e+002
          3475  3.98627e+002  3.47500e+003 -2.41408e+001  8.60706e+000  3.89583e+002
          3476  3.98720e+002  3.47600e+003 -2.41443e+001  8.60543e+000  3.89667e+002
          3477  3.98804e+002  3.47700e+003 -2.41472e+001  8.60379e+000  3.89750e+002
          3478  3.98884e+002  3.47800e+003 -2.41498e+001  8.60218e+000  3.89833e+002
          3479  3.98975e+002  3.47900e+003 -2.41519e+001  8.60056e+000  3.89917e+002
          3480  3.99055e+002  3.48000e+003 -2.41594e+001  8.59899e+000  3.90000e+002
          3481  3.99142e+002  3.48100e+003 -2.41631e+001  8.59738e+000  3.90083e+002
          3482  3.99224e+002  3.48200e+003 -2.41665e+001  8.59576e+000  3.90167e+002
          3483  3.99317e+002  3.48300e+003 -2.41714e+001  8.59417e+000  3.90250e+002
          3484  3.99399e+002  3.48400e+003 -2.41769e+001  8.59260e+000  3.90333e+002
          3485  3.99473e+002  3.48500e+003 -2.41831e+001  8.59103e+000  3.90417e+002
          3486  3.99566e+002  3.48600e+003 -2.41897e+001  8.58942e+000  3.90500e+002
          3487  3.99647e+002  3.48700e+003 -2.41964e+001  8.58780e+000  3.90583e+002
          3488  3.99736e+002  3.48800e+003 -2.42044e+001  8.58620e+000  3.90667e+002
          3489  3.99817e+002  3.48900e+003 -2.42112e+001  8.58457e+000  3.90750e+002
          3490  3.99906e+002  3.49000e+003 -2.42191e+001  8.58293e+000  3.90833e+002
          3491  3.99985e+002  3.49100e+003 -2.42276e+001  8.58131e+000  3.90917e+002
          3492  4.00064e+002  3.49200e+003 -2.42414e+001  8.57968e+000  3.91000e+002
          3493  4.00154e+002  3.49300e+003 -2.42514e+001  8.57808e+000  3.91083e+002
          3494  4.00240e+002  3.49400e+003 -2.42626e+001  8.57646e+000  3.91167e+002
          3495  4.00324e+002  3.49500e+003 -2.42736e+001  8.57481e+000  3.91250e+002
          3496  4.00398e+002  3.49600e+003 -2.42843e+001  8.57321e+000  3.91333e+002
          3497  4.00493e+002  3.49700e+003 -2.42947e+001  8.57161e+000  3.91417e+002
          3498  4.00583e+002  3.49800e+003 -2.43053e+001  8.57002e+000  3.91500e+002
          3499  4.00662e+002  3.49900e+003 -2.43167e+001  8.56842e+000  3.91583e+002
          3500  4.00744e+002  3.50000e+003 -2.43305e+001  8.56682e+000  3.91667e+002
          3501  4.00838e+002  3.50100e+003 -2.43444e+001  8.56522e+000  3.91750e+002
          3502  4.00921e+002  3.50200e+003 -2.43584e+001  8.56362e+000  3.91833e+002
          3503  4.00994e+002  3.50300e+003 -2.43730e+001  8.56205e+000  3.91917e+002
          3504  4.01083e+002  3.50400e+003 -2.43874e+001  8.56041e+000  3.92000e+002
          3505  4.01171e+002  3.50500e+003 -2.44018e+001  8.55878e+000  3.92083e+002
          3506  4.01256e+002  3.50600e+003 -2.44166e+001  8.55718e+000  3.92167e+002
          3507  4.01338e+002  3.50700e+003 -2.44312e+001  8.55556e+000  3.92250e+002
          3508  4.01426e+002  3.50800e+003 -2.44501e+001  8.55398e+000  3.92333e+002
          3509  4.01503e+002  3.50900e+003 -2.44671e+001  8.55238e+000  3.92417e+002
          3510  4.01583e+002  3.51000e+003 -2.44836e+001  8.55076e+000  3.92500e+002
          3511  4.01676e+002  3.51100e+003 -2.44999e+001  8.54917e+000  3.92583e+002
          3512  4.01760e+002  3.51200e+003 -2.45197e+001  8.54757e+000  3.92667e+002
          3513  4.01842e+002  3.51300e+003 -2.45379e+001  8.54594e+000  3.92750e+002
          3514  4.01918e+002  3.51400e+003 -2.45557e+001  8.54432e+000  3.92833e+002
          3515  4.02007e+002  3.51500e+003 -2.45742e+001  8.54269e+000  3.92917e+002
          3516  4.02100e+002  3.51600e+003 -2.45961e+001  8.54106e+000  3.93000e+002
          3517  4.02174e+002  3.51700e+003 -2.46170e+001  8.53946e+000  3.93083e+002
          3518  4.02250e+002  3.51800e+003 -2.46374e+001  8.53788e+000  3.93167e+002
          3519  4.02345e+002  3.51900e+003 -2.46584e+001  8.53630e+000  3.93250e+002
          3520  4.02428e+002  3.52000e+003 -2.46811e+001  8.53474e+000  3.93333e+002
          3521  4.02508e+002  3.52100e+003 -2.47019e+001  8.53317e+000  3.93417e+002
          3522  4.02591e+002  3.52200e+003 -2.47223e+001  8.53159e+000  3.93500e+002
          3523  4.02674e+002  3.52300e+003 -2.47432e+001  8.53003e+000  3.93583e+002
          3524  4.02756e+002  3.52400e+003 -2.47690e+001  8.52839e+000  3.93667e+002
          3525  4.02837e+002  3.52500e+003 -2.47934e+001  8.52677e+000  3.93750e+002
          3526  4.02935e+002  3.52600e+003 -2.48174e+001  8.52517e+000  3.93833e+002
          3527  4.03015e+002  3.52700e+003 -2.48422e+001  8.52356e+000  3.93917e+002
          3528  4.03089e+002  3.52800e+003 -2.48665e+001  8.52198e+000  3.94000e+002
          3529  4.03175e+002  3.52900e+003 -2.48914e+001  8.52038e+000  3.94083e+002
          3530  4.03263e+002  3.53000e+003 -2.49168e+001  8.51876e+000  3.94167e+002
          3531  4.03342e+002  3.53100e+003 -2.49432e+001  8.51717e+000  3.94250e+002
          3532  4.03426e+002  3.53200e+003 -2.49734e+001  8.51560e+000  3.94333e+002
          3533  4.03508e+002  3.53300e+003 -2.50005e+001  8.51403e+000  3.94417e+002
          3534  4.03592e+002  3.53400e+003 -2.50280e+001  8.51245e+000  3.94500e+002
          3535  4.03670e+002  3.53500e+003 -2.50554e+001  8.51091e+000  3.94583e+002
          3536  4.03749e+002  3.53600e+003 -2.50854e+001  8.50932e+000  3.94667e+002
          3537  4.03841e+002  3.53700e+003 -2.51137e+001  8.50772e+000  3.94750e+002
          3538  4.03917e+002  3.53800e+003 -2.51415e+001  8.50614e+000  3.94833e+002
          3539  4.04008e+002  3.53900e+003 -2.51686e+001  8.50455e+000  3.94917e+002
          3540  4.04091e+002  3.54000e+003 -2.51989e+001  8.50297e+000  3.95000e+002
          3541  4.04171e+002  3.54100e+003 -2.52281e+001  8.50137e+000  3.95083e+002
          3542  4.04258e+002  3.54200e+003 -2.52566e+001  8.49976e+000  3.95167e+002
          3543  4.04331e+002  3.54300e+003 -2.52851e+001  8.49817e+000  3.95250e+002
          3544  4.04417e+002  3.54400e+003 -2.53154e+001  8.49659e+000  3.95333e+002
          3545  4.04507e+002  3.54500e+003 -2.53462e+001  8.49502e+000  3.95417e+002
          3546  4.04586e+002  3.54600e+003 -2.53772e+001  8.49345e+000  3.95500e+002
          3547  4.04679e+002  3.54700e+003 -2.54087e+001  8.49191e+000  3.95583e+002
          3548  4.04760e+002  3.54800e+003 -2.54429e+001  8.49032e+000  3.95667e+002
          3549  4.04834e+002  3.54900e+003 -2.54764e+001  8.48872e+000  3.95750e+002
          3550  4.04915e+002  3.55000e+003 -2.55094e+001  8.48714e+000  3.95833e+002
          3551  4.05015e+002  3.55100e+003 -2.55421e+001  8.48555e+000  3.95917e+002
          3552  4.05087e+002  3.55200e+003 -2.55779e+001  8.48397e+000  3.96000e+002
          3553  4.05165e+002  3.55300e+003 -2.56119e+001  8.48239e+000  3.96083e+002
          3554  4.05245e+002  3.55400e+003 -2.56456e+001  8.48085e+000  3.96167e+002
          3555  4.05338e+002  3.55500e+003 -2.56790e+001  8.47928e+000  3.96250e+002
          3556  4.05421e+002  3.55600e+003 -2.57144e+001  8.47781e+000  3.96333e+002
          3557  4.05495e+002  3.55700e+003 -2.57482e+001  8.47626e+000  3.96417e+002
          3558  4.05581e+002  3.55800e+003 -2.57822e+001  8.47469e+000  3.96500e+002
          3559  4.05672e+002  3.55900e+003 -2.58172e+001  8.47314e+000  3.96583e+002
          3560  4.05747e+002  3.56000e+003 -2.58501e+001  8.47156e+000  3.96667e+002
          3561  4.05834e+002  3.56100e+003 -2.58841e+001  8.47000e+000  3.96750e+002
          3562  4.05919e+002  3.56200e+003 -2.59191e+001  8.46844e+000  3.96833e+002
          3563  4.06007e+002  3.56300e+003 -2.59542e+001  8.46690e+000  3.96917e+002
          3564  4.06081e+002  3.56400e+003 -2.59908e+001  8.46534e+000  3.97000e+002
          3565  4.06167e+002  3.56500e+003 -2.60259e+001  8.46381e+000  3.97083e+002
          3566  4.06249e+002  3.56600e+003 -2.60614e+001  8.46227e+000  3.97167e+002
          3567  4.06330e+002  3.56700e+003 -2.60967e+001  8.46077e+000  3.97250e+002
          3568  4.06408e+002  3.56800e+003 -2.61341e+001  8.45923e+000  3.97333e+002
          3569  4.06497e+002  3.56900e+003 -2.61711e+001  8.45766e+000  3.97417e+002
          3570  4.06572e+002  3.57000e+003 -2.62081e+001  8.45611e+000  3.97500e+002
          3571  4.06657e+002  3.57100e+003 -2.62457e+001  8.45453e+000  3.97583e+002
          3572  4.06743e+002  3.57200e+003 -2.62832e+001  8.45295e+000  3.97667e+002
          3573  4.06831e+002  3.57300e+003 -2.63224e+001  8.45138e+000  3.97750e+002
          3574  4.06908e+002  3.57400e+003 -2.63616e+001  8.44984e+000  3.97833e+002
          3575  4.06993e+002  3.57500e+003 -2.64005e+001  8.44828e+000  3.97917e+002
          3576  4.07074e+002  3.57600e+003 -2.64406e+001  8.44680e+000  3.98000e+002
          3577  4.07159e+002  3.57700e+003 -2.64797e+001  8.44529e+000  3.98083e+002
          3578  4.07241e+002  3.57800e+003 -2.65190e+001  8.44378e+000  3.98167e+002
          3579  4.07330e+002  3.57900e+003 -2.65584e+001  8.44225e+000  3.98250e+002
          3580  4.07414e+002  3.58000e+003 -2.66016e+001  8.44077e+000  3.98333e+002
          3581  4.07489e+002  3.58100e+003 -2.66428e+001  8.43927e+000  3.98417e+002
          3582  4.07575e+002  3.58200e+003 -2.66837e+001  8.43777e+000  3.98500e+002
          3583  4.07650e+002  3.58300e+003 -2.67248e+001  8.43625e+000  3.98583e+002
          3584  4.07740e+002  3.58400e+003 -2.67653e+001  8.43469e+000  3.98667e+002
          3585  4.07822e+002  3.58500e+003 -2.68076e+001  8.43313e+000  3.98750e+002
          3586  4.07904e+002  3.58600e+003 -2.68487e+001  8.43157e+000  3.98833e+002
          3587  4.07997e+002  3.58700e+003 -2.68887e+001  8.43003e+000  3.98917e+002
          3588  4.08073e+002  3.58800e+003 -2.69308e+001  8.42850e+000  3.99000e+002
          3589  4.08159e+002  3.58900e+003 -2.69715e+001  8.42696e+000  3.99083e+002
          3590  4.08237e+002  3.59000e+003 -2.70120e+001  8.42541e+000  3.99167e+002
          3591  4.08311e+002  3.59100e+003 -2.70535e+001  8.42389e+000  3.99250e+002
          3592  4.08398e+002  3.59200e+003 -2.70956e+001  8.42249e+000  3.99333e+002
          3593  4.08483e+002  3.59300e+003 -2.71382e+001  8.42104e+000  3.99417e+002
          3594  4.08568e+002  3.59400e+003 -2.71809e+001  8.41958e+000  3.99500e+002
          3595  4.08649e+002  3.59500e+003 -2.72241e+001  8.41810e+000  3.99583e+002
          3596  4.08742e+002  3.59600e+003 -2.72638e+001  8.41667e+000  3.99667e+002
          3597  4.08820e+002  3.59700e+003 -2.73059e+001  8.41520e+000  3.99750e+002
          3598  4.08907e+002  3.59800e+003 -2.73482e+001  8.41373e+000  3.99833e+002
          3599  4.08982e+002  3.59900e+003 -2.73901e+001  8.41223e+000  3.99917e+002
          3600  4.09064e+002  3.60000e+003 -2.74359e+001  8.41075e+000  4.00000e+002
          3601  4.09144e+002  3.60100e+003 -2.74793e+001  8.40925e+000  4.00083e+002
          3602  4.09231e+002  3.60200e+003 -2.75216e+001  8.40776e+000  4.00167e+002
          3603  4.09324e+002  3.60300e+003 -2.75641e+001  8.40625e+000  4.00250e+002
          3604  4.09394e+002  3.60400e+003 -2.76056e+001  8.40476e+000  4.00333e+002
          3605  4.09471e+002  3.60500e+003 -2.76480e+001  8.40326e+000  4.00417e+002
          3606  4.09557e+002  3.60600e+003 -2.76917e+001  8.40177e+000  4.00500e+002
          3607  4.09638e+002  3.60700e+003 -2.77370e+001  8.40025e+000  4.00583e+002
          3608  4.09722e+002  3.60800e+003 -2.77793e+001  8.39877e+000  4.00667e+002
          3609  4.09805e+002  3.60900e+003 -2.78227e+001  8.39726e+000  4.00750e+002
          3610  4.09892e+002  3.61000e+003 -2.78671e+001  8.39577e+000  4.00833e+002
          3611  4.09973e+002  3.61100e+003 -2.79123e+001  8.39425e+000  4.00917e+002
          3612  4.10053e+002  3.61200e+003 -2.79588e+001  8.39277e+000  4.01000e+002
          3613  4.10136e+002  3.61300e+003 -2.80036e+001  8.39126e+000  4.01083e+002
          3614  4.10225e+002  3.61400e+003 -2.80483e+001  8.38977e+000  4.01167e+002
          3615  4.10306e+002  3.61500e+003 -2.80924e+001  8.38825e+000  4.01250e+002
          3616  4.10379e+002  3.61600e+003 -2.81404e+001  8.38680e+000  4.01333e+002
          3617  4.10467e+002  3.61700e+003 -2.81871e+001  8.38535e+000  4.01417e+002
          3618  4.10547e+002  3.61800e+003 -2.82330e+001  8.38390e+000  4.01500e+002
          3619  4.10625e+002  3.61900e+003 -2.82789e+001  8.38247e+000  4.01583e+002
          3620  4.10708e+002  3.62000e+003 -2.83238e+001  8.38106e+000  4.01667e+002
          3621  4.10798e+002  3.62100e+003 -2.83704e+001  8.37962e+000  4.01750e+002
          3622  4.10881e+002  3.62200e+003 -2.84180e+001  8.37816e+000  4.01833e+002
          3623  4.10961e+002  3.62300e+003 -2.84663e+001  8.37672e+000  4.01917e+002
          3624  4.11044e+002  3.62400e+003 -2.85148e+001  8.37520e+000  4.02000e+002
          3625  4.11127e+002  3.62500e+003 -2.85624e+001  8.37374e+000  4.02083e+002
          3626  4.11204e+002  3.62600e+003 -2.86097e+001  8.37231e+000  4.02167e+002
          3627  4.11294e+002  3.62700e+003 -2.86567e+001  8.37086e+000  4.02250e+002
          3628  4.11376e+002  3.62800e+003 -2.87052e+001  8.36944e+000  4.02333e+002
          3629  4.11451e+002  3.62900e+003 -2.87535e+001  8.36800e+000  4.02417e+002
          3630  4.11541e+002  3.63000e+003 -2.88024e+001  8.36656e+000  4.02500e+002
          3631  4.11622e+002  3.63100e+003 -2.88515e+001  8.36510e+000  4.02583e+002
          3632  4.11701e+002  3.63200e+003 -2.89026e+001  8.36369e+000  4.02667e+002
          3633  4.11789e+002  3.63300e+003 -2.89527e+001  8.36228e+000  4.02750e+002
          3634  4.11865e+002  3.63400e+003 -2.90021e+001  8.36086e+000  4.02833e+002
          3635  4.11951e+002  3.63500e+003 -2.90508e+001  8.35946e+000  4.02917e+002
          3636  4.12030e+002  3.63600e+003 -2.90991e+001  8.35804e+000  4.03000e+002
          3637  4.12108e+002  3.63700e+003 -2.91482e+001  8.35661e+000  4.03083e+002
          3638  4.12195e+002  3.63800e+003 -2.91975e+001  8.35515e+000  4.03167e+002
          3639  4.12276e+002  3.63900e+003 -2.92468e+001  8.35372e+000  4.03250e+002
          3640  4.12359e+002  3.64000e+003 -2.92976e+001  8.35219e+000  4.03333e+002
          3641  4.12440e+002  3.64100e+003 -2.93469e+001  8.35074e+000  4.03417e+002
          3642  4.12524e+002  3.64200e+003 -2.93958e+001  8.34931e+000  4.03500e+002
          3643  4.12603e+002  3.64300e+003 -2.94439e+001  8.34786e+000  4.03583e+002
          3644  4.12687e+002  3.64400e+003 -2.94882e+001  8.34644e+000  4.03667e+002
          3645  4.12777e+002  3.64500e+003 -2.95358e+001  8.34500e+000  4.03750e+002
          3646  4.12849e+002  3.64600e+003 -2.95844e+001  8.34359e+000  4.03833e+002
          3647  4.12936e+002  3.64700e+003 -2.96329e+001  8.34221e+000  4.03917e+002
          3648  4.13013e+002  3.64800e+003 -2.96807e+001  8.34081e+000  4.04000e+002
          3649  4.13096e+002  3.64900e+003 -2.97293e+001  8.33943e+000  4.04083e+002
          3650  4.13171e+002  3.65000e+003 -2.97778e+001  8.33807e+000  4.04167e+002
          3651  4.13260e+002  3.65100e+003 -2.98258e+001  8.33669e+000  4.04250e+002
          3652  4.13334e+002  3.65200e+003 -2.98749e+001  8.33532e+000  4.04333e+002
          3653  4.13422e+002  3.65300e+003 -2.99231e+001  8.33392e+000  4.04417e+002
          3654  4.13504e+002  3.65400e+003 -2.99712e+001  8.33254e+000  4.04500e+002
          3655  4.13591e+002  3.65500e+003 -3.00193e+001  8.33119e+000  4.04583e+002
          3656  4.13668e+002  3.65600e+003 -3.00704e+001  8.32979e+000  4.04667e+002
          3657  4.13745e+002  3.65700e+003 -3.01188e+001  8.32839e+000  4.04750e+002
          3658  4.13831e+002  3.65800e+003 -3.01669e+001  8.32698e+000  4.04833e+002
          3659  4.13911e+002  3.65900e+003 -3.02147e+001  8.32558e+000  4.04917e+002
          3660  4.13996e+002  3.66000e+003 -3.02650e+001  8.32418e+000  4.05000e+002
          3661  4.14079e+002  3.66100e+003 -3.03161e+001  8.32278e+000  4.05083e+002
          3662  4.14165e+002  3.66200e+003 -3.03673e+001  8.32141e+000  4.05167e+002
          3663  4.14242e+002  3.66300e+003 -3.04189e+001  8.32006e+000  4.05250e+002
          3664  4.14330e+002  3.66400e+003 -3.04697e+001  8.31871e+000  4.05333e+002
          3665  4.14406e+002  3.66500e+003 -3.05196e+001  8.31734e+000  4.05417e+002
          3666  4.14494e+002  3.66600e+003 -3.05693e+001  8.31595e+000  4.05500e+002
          3667  4.14578e+002  3.66700e+003 -3.06177e+001  8.31456e+000  4.05583e+002
          3668  4.14654e+002  3.66800e+003 -3.06705e+001  8.31317e+000  4.05667e+002
          3669  4.14727e+002  3.66900e+003 -3.07218e+001  8.31177e+000  4.05750e+002
          3670  4.14820e+002  3.67000e+003 -3.07725e+001  8.31040e+000  4.05833e+002
          3671  4.14898e+002  3.67100e+003 -3.08221e+001  8.30906e+000  4.05917e+002
          3672  4.14978e+002  3.67200e+003 -3.08708e+001  8.30771e+000  4.06000e+002
          3673  4.15065e+002  3.67300e+003 -3.09203e+001  8.30634e+000  4.06083e+002
          3674  4.15142e+002  3.67400e+003 -3.09700e+001  8.30495e+000  4.06167e+002
          3675  4.15223e+002  3.67500e+003 -3.10195e+001  8.30356e+000  4.06250e+002
          3676  4.15314e+002  3.67600e+003 -3.10681e+001  8.30220e+000  4.06333e+002
          3677  4.15383e+002  3.67700e+003 -3.11184e+001  8.30086e+000  4.06417e+002
          3678  4.15465e+002  3.67800e+003 -3.11694e+001  8.29951e+000  4.06500e+002
          3679  4.15548e+002  3.67900e+003 -3.12205e+001  8.29817e+000  4.06583e+002
          3680  4.15630e+002  3.68000e+003 -3.12714e+001  8.29685e+000  4.06667e+002
          3681  4.15723e+002  3.68100e+003 -3.13214e+001  8.29551e+000  4.06750e+002
          3682  4.15803e+002  3.68200e+003 -3.13708e+001  8.29417e+000  4.06833e+002
          3683  4.15883e+002  3.68300e+003 -3.14197e+001  8.29280e+000  4.06917e+002
          3684  4.15960e+002  3.68400e+003 -3.14690e+001  8.29140e+000  4.07000e+002
          3685  4.16044e+002  3.68500e+003 -3.15172e+001  8.29004e+000  4.07083e+002
          3686  4.16125e+002  3.68600e+003 -3.15663e+001  8.28867e+000  4.07167e+002
          3687  4.16209e+002  3.68700e+003 -3.16159e+001  8.28731e+000  4.07250e+002
          3688  4.16284e+002  3.68800e+003 -3.16637e+001  8.28605e+000  4.07333e+002
          3689  4.16363e+002  3.68900e+003 -3.17129e+001  8.28476e+000  4.07417e+002
          3690  4.16451e+002  3.69000e+003 -3.17616e+001  8.28345e+000  4.07500e+002
          3691  4.16544e+002  3.69100e+003 -3.18098e+001  8.28215e+000  4.07583e+002
          3692  4.16619e+002  3.69200e+003 -3.18557e+001  8.28090e+000  4.07667e+002
          3693  4.16702e+002  3.69300e+003 -3.19026e+001  8.27959e+000  4.07750e+002
          3694  4.16784e+002  3.69400e+003 -3.19506e+001  8.27830e+000  4.07833e+002
          3695  4.16863e+002  3.69500e+003 -3.19994e+001  8.27702e+000  4.07917e+002
          3696  4.16946e+002  3.69600e+003 -3.20499e+001  8.27566e+000  4.08000e+002
          3697  4.17023e+002  3.69700e+003 -3.20996e+001  8.27433e+000  4.08083e+002
          3698  4.17111e+002  3.69800e+003 -3.21483e+001  8.27302e+000  4.08167e+002
          3699  4.17198e+002  3.69900e+003 -3.21962e+001  8.27167e+000  4.08250e+002
          3700  4.17275e+002  3.70000e+003 -3.22418e+001  8.27032e+000  4.08333e+002
          3701  4.17362e+002  3.70100e+003 -3.22894e+001  8.26899e+000  4.08417e+002
          3702  4.17440e+002  3.70200e+003 -3.23377e+001  8.26764e+000  4.08500e+002
          3703  4.17519e+002  3.70300e+003 -3.23867e+001  8.26630e+000  4.08583e+002
          3704  4.17600e+002  3.70400e+003 -3.24375e+001  8.26500e+000  4.08667e+002
          3705  4.17689e+002  3.70500e+003 -3.24866e+001  8.26366e+000  4.08750e+002
          3706  4.17763e+002  3.70600e+003 -3.25356e+001  8.26234e+000  4.08833e+002
          3707  4.17847e+002  3.70700e+003 -3.25845e+001  8.26103e+000  4.08917e+002
          3708  4.17933e+002  3.70800e+003 -3.26332e+001  8.25968e+000  4.09000e+002
          3709  4.18018e+002  3.70900e+003 -3.26819e+001  8.25835e+000  4.09083e+002
          3710  4.18096e+002  3.71000e+003 -3.27307e+001  8.25705e+000  4.09167e+002
          3711  4.18182e+002  3.71100e+003 -3.27794e+001  8.25578e+000  4.09250e+002
          3712  4.18261e+002  3.71200e+003 -3.28318e+001  8.25444e+000  4.09333e+002
          3713  4.18341e+002  3.71300e+003 -3.28825e+001  8.25314e+000  4.09417e+002
          3714  4.18412e+002  3.71400e+003 -3.29312e+001  8.25188e+000  4.09500e+002
          3715  4.18506e+002  3.71500e+003 -3.29795e+001  8.25064e+000  4.09583e+002
          3716  4.18578e+002  3.71600e+003 -3.30271e+001  8.24935e+000  4.09667e+002
          3717  4.18661e+002  3.71700e+003 -3.30736e+001  8.24809e+000  4.09750e+002
          3718  4.18761e+002  3.71800e+003 -3.31204e+001  8.24682e+000  4.09833e+002
          3719  4.18828e+002  3.71900e+003 -3.31670e+001  8.24552e+000  4.09917e+002
          3720  4.18908e+002  3.72000e+003 -3.32130e+001  8.24421e+000  4.10000e+002
          3721  4.18987e+002  3.72100e+003 -3.32603e+001  8.24295e+000  4.10083e+002
          3722  4.19082e+002  3.72200e+003 -3.33088e+001  8.24169e+000  4.10167e+002
          3723  4.19164e+002  3.72300e+003 -3.33576e+001  8.24039e+000  4.10250e+002
          3724  4.19240e+002  3.72400e+003 -3.34014e+001  8.23914e+000  4.10333e+002
          3725  4.19321e+002  3.72500e+003 -3.34476e+001  8.23787e+000  4.10417e+002
          3726  4.19401e+002  3.72600e+003 -3.34940e+001  8.23657e+000  4.10500e+002
          3727  4.19488e+002  3.72700e+003 -3.35394e+001  8.23527e+000  4.10583e+002
          3728  4.19568e+002  3.72800e+003 -3.35859e+001  8.23399e+000  4.10667e+002
          3729  4.19658e+002  3.72900e+003 -3.36320e+001  8.23273e+000  4.10750e+002
          3730  4.19737e+002  3.73000e+003 -3.36780e+001  8.23143e+000  4.10833e+002
          3731  4.19818e+002  3.73100e+003 -3.37236e+001  8.23014e+000  4.10917e+002
          3732  4.19895e+002  3.73200e+003 -3.37696e+001  8.22892e+000  4.11000e+002
          3733  4.19970e+002  3.73300e+003 -3.38153e+001  8.22768e+000  4.11083e+002
          3734  4.20051e+002  3.73400e+003 -3.38608e+001  8.22640e+000  4.11167e+002
          3735  4.20137e+002  3.73500e+003 -3.39057e+001  8.22513e+000  4.11250e+002
          3736  4.20220e+002  3.73600e+003 -3.39506e+001  8.22391e+000  4.11333e+002
          3737  4.20309e+002  3.73700e+003 -3.39975e+001  8.22267e+000  4.11417e+002
          3738  4.20388e+002  3.73800e+003 -3.40449e+001  8.22139e+000  4.11500e+002
          3739  4.20469e+002  3.73900e+003 -3.40913e+001  8.22013e+000  4.11583e+002
          3740  4.20554e+002  3.74000e+003 -3.41393e+001  8.21890e+000  4.11667e+002
          3741  4.20629e+002  3.74100e+003 -3.41867e+001  8.21767e+000  4.11750e+002
          3742  4.20712e+002  3.74200e+003 -3.42337e+001  8.21639e+000  4.11833e+002
          3743  4.20801e+002  3.74300e+003 -3.42807e+001  8.21513e+000  4.11917e+002
          3744  4.20878e+002  3.74400e+003 -3.43282e+001  8.21390e+000  4.12000e+002
          3745  4.20956e+002  3.74500e+003 -3.43752e+001  8.21267e+000  4.12083e+002
          3746  4.21038e+002  3.74600e+003 -3.44222e+001  8.21139e+000  4.12167e+002
          3747  4.21123e+002  3.74700e+003 -3.44689e+001  8.21012e+000  4.12250e+002
          3748  4.21204e+002  3.74800e+003 -3.45141e+001  8.20890e+000  4.12333e+002
          3749  4.21290e+002  3.74900e+003 -3.45603e+001  8.20767e+000  4.12417e+002
          3750  4.21367e+002  3.75000e+003 -3.46073e+001  8.20639e+000  4.12500e+002
          3751  4.21451e+002  3.75100e+003 -3.46537e+001  8.20512e+000  4.12583e+002
          3752  4.21530e+002  3.75200e+003 -3.47004e+001  8.20390e+000  4.12667e+002
          3753  4.21613e+002  3.75300e+003 -3.47461e+001  8.20269e+000  4.12750e+002
          3754  4.21695e+002  3.75400e+003 -3.47908e+001  8.20148e+000  4.12833e+002
          3755  4.21781e+002  3.75500e+003 -3.48351e+001  8.20024e+000  4.12917e+002
          3756  4.21856e+002  3.75600e+003 -3.48781e+001  8.19903e+000  4.13000e+002
          3757  4.21940e+002  3.75700e+003 -3.49222e+001  8.19783e+000  4.13083e+002
          3758  4.22026e+002  3.75800e+003 -3.49670e+001  8.19661e+000  4.13167e+002
          3759  4.22105e+002  3.75900e+003 -3.50116e+001  8.19536e+000  4.13250e+002
          3760  4.22196e+002  3.76000e+003 -3.50544e+001  8.19410e+000  4.13333e+002
          3761  4.22276e+002  3.76100e+003 -3.50974e+001  8.19287e+000  4.13417e+002
          3762  4.22353e+002  3.76200e+003 -3.51394e+001  8.19164e+000  4.13500e+002
          3763  4.22440e+002  3.76300e+003 -3.51823e+001  8.19037e+000  4.13583e+002
          3764  4.22524e+002  3.76400e+003 -3.52265e+001  8.18912e+000  4.13667e+002
          3765  4.22601e+002  3.76500e+003 -3.52706e+001  8.18789e+000  4.13750e+002
          3766  4.22684e+002  3.76600e+003 -3.53136e+001  8.18668e+000  4.13833e+002
          3767  4.22771e+002  3.76700e+003 -3.53564e+001  8.18549e+000  4.13917e+002
          3768  4.22855e+002  3.76800e+003 -3.53993e+001  8.18424e+000  4.14000e+002
          3769  4.22934e+002  3.76900e+003 -3.54428e+001  8.18301e+000  4.14083e+002
          3770  4.23022e+002  3.77000e+003 -3.54857e+001  8.18180e+000  4.14167e+002
          3771  4.23102e+002  3.77100e+003 -3.55285e+001  8.18061e+000  4.14250e+002
          3772  4.23180e+002  3.77200e+003 -3.55709e+001  8.17940e+000  4.14333e+002
          3773  4.23259e+002  3.77300e+003 -3.56139e+001  8.17816e+000  4.14417e+002
          3774  4.23347e+002  3.77400e+003 -3.56576e+001  8.17694e+000  4.14500e+002
          3775  4.23432e+002  3.77500e+003 -3.57018e+001  8.17573e+000  4.14583e+002
          3776  4.23514e+002  3.77600e+003 -3.57440e+001  8.17458e+000  4.14667e+002
          3777  4.23600e+002  3.77700e+003 -3.57874e+001  8.17340e+000  4.14750e+002
          3778  4.23681e+002  3.77800e+003 -3.58308e+001  8.17219e+000  4.14833e+002
          3779  4.23763e+002  3.77900e+003 -3.58745e+001  8.17097e+000  4.14917e+002
          3780  4.23833e+002  3.78000e+003 -3.59180e+001  8.16979e+000  4.15000e+002
          3781  4.23923e+002  3.78100e+003 -3.59598e+001  8.16862e+000  4.15083e+002
          3782  4.24003e+002  3.78200e+003 -3.60011e+001  8.16744e+000  4.15167e+002
          3783  4.24089e+002  3.78300e+003 -3.60418e+001  8.16622e+000  4.15250e+002
          3784  4.24162e+002  3.78400e+003 -3.60849e+001  8.16501e+000  4.15333e+002
          3785  4.24249e+002  3.78500e+003 -3.61278e+001  8.16381e+000  4.15417e+002
          3786  4.24327e+002  3.78600e+003 -3.61707e+001  8.16264e+000  4.15500e+002
          3787  4.24409e+002  3.78700e+003 -3.62135e+001  8.16147e+000  4.15583e+002
          3788  4.24499e+002  3.78800e+003 -3.62535e+001  8.16031e+000  4.15667e+002
          3789  4.24582e+002  3.78900e+003 -3.62941e+001  8.15910e+000  4.15750e+002
          3790  4.24663e+002  3.79000e+003 -3.63349e+001  8.15791e+000  4.15833e+002
          3791  4.24742e+002  3.79100e+003 -3.63760e+001  8.15672e+000  4.15917e+002
          3792  4.24825e+002  3.79200e+003 -3.64187e+001  8.15554e+000  4.16000e+002
          3793  4.24907e+002  3.79300e+003 -3.64609e+001  8.15430e+000  4.16083e+002
          3794  4.24988e+002  3.79400e+003 -3.65024e+001  8.15307e+000  4.16167e+002
          3795  4.25066e+002  3.79500e+003 -3.65434e+001  8.15186e+000  4.16250e+002
          3796  4.25151e+002  3.79600e+003 -3.65849e+001  8.15065e+000  4.16333e+002
          3797  4.25236e+002  3.79700e+003 -3.66265e+001  8.14948e+000  4.16417e+002
          3798  4.25311e+002  3.79800e+003 -3.66672e+001  8.14833e+000  4.16500e+002
          3799  4.25400e+002  3.79900e+003 -3.67064e+001  8.14721e+000  4.16583e+002
          3800  4.25487e+002  3.80000e+003 -3.67464e+001  8.14606e+000  4.16667e+002
          3801  4.25570e+002  3.80100e+003 -3.67865e+001  8.14489e+000  4.16750e+002
          3802  4.25650e+002  3.80200e+003 -3.68257e+001  8.14373e+000  4.16833e+002
          3803  4.25743e+002  3.80300e+003 -3.68648e+001  8.14258e+000  4.16917e+002
          3804  4.25816e+002  3.80400e+003 -3.69040e+001  8.14139e+000  4.17000e+002
          3805  4.25904e+002  3.80500e+003 -3.69442e+001  8.14023e+000  4.17083e+002
          3806  4.25984e+002  3.80600e+003 -3.69834e+001  8.13903e+000  4.17167e+002
          3807  4.26070e+002  3.80700e+003 -3.70226e+001  8.13784e+000  4.17250e+002
          3808  4.26149e+002  3.80800e+003 -3.70603e+001  8.13671e+000  4.17333e+002
          3809  4.26223e+002  3.80900e+003 -3.70987e+001  8.13557e+000  4.17417e+002
          3810  4.26309e+002  3.81000e+003 -3.71378e+001  8.13444e+000  4.17500e+002
          3811  4.26393e+002  3.81100e+003 -3.71774e+001  8.13332e+000  4.17583e+002
          3812  4.26477e+002  3.81200e+003 -3.72186e+001  8.13220e+000  4.17667e+002
          3813  4.26560e+002  3.81300e+003 -3.72576e+001  8.13103e+000  4.17750e+002
          3814  4.26641e+002  3.81400e+003 -3.72957e+001  8.12986e+000  4.17833e+002
          3815  4.26722e+002  3.81500e+003 -3.73332e+001  8.12870e+000  4.17917e+002
          3816  4.26805e+002  3.81600e+003 -3.73718e+001  8.12754e+000  4.18000e+002
          3817  4.26880e+002  3.81700e+003 -3.74103e+001  8.12641e+000  4.18083e+002
          3818  4.26965e+002  3.81800e+003 -3.74492e+001  8.12529e+000  4.18167e+002
          3819  4.27049e+002  3.81900e+003 -3.74879e+001  8.12419e+000  4.18250e+002
          3820  4.27136e+002  3.82000e+003 -3.75260e+001  8.12304e+000  4.18333e+002
          3821  4.27221e+002  3.82100e+003 -3.75639e+001  8.12188e+000  4.18417e+002
          3822  4.27302e+002  3.82200e+003 -3.76017e+001  8.12072e+000  4.18500e+002
          3823  4.27385e+002  3.82300e+003 -3.76406e+001  8.11958e+000  4.18583e+002
          3824  4.27473e+002  3.82400e+003 -3.76780e+001  8.11838e+000  4.18667e+002
          3825  4.27554e+002  3.82500e+003 -3.77157e+001  8.11723e+000  4.18750e+002
          3826  4.27631e+002  3.82600e+003 -3.77539e+001  8.11603e+000  4.18833e+002
          3827  4.27712e+002  3.82700e+003 -3.77928e+001  8.11484e+000  4.18917e+002
          3828  4.27804e+002  3.82800e+003 -3.78322e+001  8.11371e+000  4.19000e+002
          3829  4.27885e+002  3.82900e+003 -3.78707e+001  8.11257e+000  4.19083e+002
          3830  4.27969e+002  3.83000e+003 -3.79094e+001  8.11144e+000  4.19167e+002
          3831  4.28053e+002  3.83100e+003 -3.79483e+001  8.11032e+000  4.19250e+002
          3832  4.28129e+002  3.83200e+003 -3.79889e+001  8.10923e+000  4.19333e+002
          3833  4.28223e+002  3.83300e+003 -3.80266e+001  8.10812e+000  4.19417e+002
          3834  4.28303e+002  3.83400e+003 -3.80640e+001  8.10697e+000  4.19500e+002
          3835  4.28391e+002  3.83500e+003 -3.81013e+001  8.10581e+000  4.19583e+002
          3836  4.28458e+002  3.83600e+003 -3.81383e+001  8.10468e+000  4.19667e+002
          3837  4.28546e+002  3.83700e+003 -3.81745e+001  8.10355e+000  4.19750e+002
          3838  4.28626e+002  3.83800e+003 -3.82108e+001  8.10243e+000  4.19833e+002
          3839  4.28709e+002  3.83900e+003 -3.82477e+001  8.10131e+000  4.19917e+002
          3840  4.28792e+002  3.84000e+003 -3.82817e+001  8.10022e+000  4.20000e+002
          3841  4.28864e+002  3.84100e+003 -3.83177e+001  8.09912e+000  4.20083e+002
          3842  4.28949e+002  3.84200e+003 -3.83544e+001  8.09797e+000  4.20167e+002
          3843  4.29034e+002  3.84300e+003 -3.83911e+001  8.09681e+000  4.20250e+002
          3844  4.29122e+002  3.84400e+003 -3.84264e+001  8.09568e+000  4.20333e+002
          3845  4.29208e+002  3.84500e+003 -3.84623e+001  8.09455e+000  4.20417e+002
          3846  4.29293e+002  3.84600e+003 -3.84986e+001  8.09342e+000  4.20500e+002
          3847  4.29376e+002  3.84700e+003 -3.85356e+001  8.09231e+000  4.20583e+002
          3848  4.29463e+002  3.84800e+003 -3.85752e+001  8.09122e+000  4.20667e+002
          3849  4.29529e+002  3.84900e+003 -3.86138e+001  8.09015e+000  4.20750e+002
          3850  4.29624e+002  3.85000e+003 -3.86519e+001  8.08906e+000  4.20833e+002
          3851  4.29697e+002  3.85100e+003 -3.86889e+001  8.08792e+000  4.20917e+002
          3852  4.29778e+002  3.85200e+003 -3.87251e+001  8.08681e+000  4.21000e+002
          3853  4.29871e+002  3.85300e+003 -3.87618e+001  8.08568e+000  4.21083e+002
          3854  4.29952e+002  3.85400e+003 -3.87991e+001  8.08456e+000  4.21167e+002
          3855  4.30031e+002  3.85500e+003 -3.88354e+001  8.08344e+000  4.21250e+002
          3856  4.30122e+002  3.85600e+003 -3.88719e+001  8.08229e+000  4.21333e+002
          3857  4.30197e+002  3.85700e+003 -3.89073e+001  8.08119e+000  4.21417e+002
          3858  4.30272e+002  3.85800e+003 -3.89428e+001  8.08012e+000  4.21500e+002
          3859  4.30367e+002  3.85900e+003 -3.89779e+001  8.07905e+000  4.21583e+002
          3860  4.30444e+002  3.86000e+003 -3.90087e+001  8.07795e+000  4.21667e+002
          3861  4.30525e+002  3.86100e+003 -3.90425e+001  8.07682e+000  4.21750e+002
          3862  4.30602e+002  3.86200e+003 -3.90775e+001  8.07569e+000  4.21833e+002
          3863  4.30692e+002  3.86300e+003 -3.91134e+001  8.07456e+000  4.21917e+002
          3864  4.30777e+002  3.86400e+003 -3.91470e+001  8.07336e+000  4.22000e+002
          3865  4.30856e+002  3.86500e+003 -3.91819e+001  8.07224e+000  4.22083e+002
          3866  4.30933e+002  3.86600e+003 -3.92167e+001  8.07115e+000  4.22167e+002
          3867  4.31021e+002  3.86700e+003 -3.92501e+001  8.07006e+000  4.22250e+002
          3868  4.31103e+002  3.86800e+003 -3.92844e+001  8.06907e+000  4.22333e+002
          3869  4.31191e+002  3.86900e+003 -3.93184e+001  8.06802e+000  4.22417e+002
          3870  4.31267e+002  3.87000e+003 -3.93530e+001  8.06691e+000  4.22500e+002
          3871  4.31352e+002  3.87100e+003 -3.93879e+001  8.06578e+000  4.22583e+002
          3872  4.31431e+002  3.87200e+003 -3.94223e+001  8.06465e+000  4.22667e+002
          3873  4.31519e+002  3.87300e+003 -3.94566e+001  8.06353e+000  4.22750e+002
          3874  4.31597e+002  3.87400e+003 -3.94907e+001  8.06241e+000  4.22833e+002
          3875  4.31677e+002  3.87500e+003 -3.95246e+001  8.06131e+000  4.22917e+002
          3876  4.31765e+002  3.87600e+003 -3.95558e+001  8.06022e+000  4.23000e+002
          3877  4.31844e+002  3.87700e+003 -3.95885e+001  8.05914e+000  4.23083e+002
          3878  4.31925e+002  3.87800e+003 -3.96214e+001  8.05809e+000  4.23167e+002
          3879  4.32007e+002  3.87900e+003 -3.96551e+001  8.05703e+000  4.23250e+002
          3880  4.32091e+002  3.88000e+003 -3.96902e+001  8.05604e+000  4.23333e+002
          3881  4.32174e+002  3.88100e+003 -3.97236e+001  8.05500e+000  4.23417e+002
          3882  4.32256e+002  3.88200e+003 -3.97566e+001  8.05390e+000  4.23500e+002
          3883  4.32336e+002  3.88300e+003 -3.97895e+001  8.05278e+000  4.23583e+002
          3884  4.32418e+002  3.88400e+003 -3.98213e+001  8.05164e+000  4.23667e+002
          3885  4.32502e+002  3.88500e+003 -3.98535e+001  8.05052e+000  4.23750e+002
          3886  4.32581e+002  3.88600e+003 -3.98864e+001  8.04941e+000  4.23833e+002
          3887  4.32675e+002  3.88700e+003 -3.99198e+001  8.04831e+000  4.23917e+002
          3888  4.32749e+002  3.88800e+003 -3.99534e+001  8.04722e+000  4.24000e+002
          3889  4.32834e+002  3.88900e+003 -3.99863e+001  8.04614e+000  4.24083e+002
          3890  4.32916e+002  3.89000e+003 -4.00183e+001  8.04508e+000  4.24167e+002
          3891  4.32998e+002  3.89100e+003 -4.00505e+001  8.04403e+000  4.24250e+002
          3892  4.33082e+002  3.89200e+003 -4.00830e+001  8.04304e+000  4.24333e+002
          3893  4.33172e+002  3.89300e+003 -4.01162e+001  8.04200e+000  4.24417e+002
          3894  4.33245e+002  3.89400e+003 -4.01493e+001  8.04090e+000  4.24500e+002
          3895  4.33339e+002  3.89500e+003 -4.01821e+001  8.03978e+000  4.24583e+002
          3896  4.33413e+002  3.89600e+003 -4.02157e+001  8.03864e+000  4.24667e+002
          3897  4.33491e+002  3.89700e+003 -4.02493e+001  8.03752e+000  4.24750e+002
          3898  4.33577e+002  3.89800e+003 -4.02826e+001  8.03641e+000  4.24833e+002
          3899  4.33659e+002  3.89900e+003 -4.03156e+001  8.03531e+000  4.24917e+002
          3900  4.33739e+002  3.90000e+003 -4.03496e+001  8.03422e+000  4.25000e+002
          3901  4.33829e+002  3.90100e+003 -4.03822e+001  8.03314e+000  4.25083e+002
          3902  4.33915e+002  3.90200e+003 -4.04139e+001  8.03208e+000  4.25167e+002
          3903  4.34002e+002  3.90300e+003 -4.04459e+001  8.03103e+000  4.25250e+002
          3904  4.34075e+002  3.90400e+003 -4.04781e+001  8.03004e+000  4.25333e+002
          3905  4.34153e+002  3.90500e+003 -4.05102e+001  8.02903e+000  4.25417e+002
          3906  4.34232e+002  3.90600e+003 -4.05416e+001  8.02802e+000  4.25500e+002
          3907  4.34323e+002  3.90700e+003 -4.05721e+001  8.02700e+000  4.25583e+002
          3908  4.34404e+002  3.90800e+003 -4.06011e+001  8.02601e+000  4.25667e+002
          3909  4.34488e+002  3.90900e+003 -4.06313e+001  8.02501e+000  4.25750e+002
          3910  4.34572e+002  3.91000e+003 -4.06615e+001  8.02400e+000  4.25833e+002
          3911  4.34666e+002  3.91100e+003 -4.06920e+001  8.02300e+000  4.25917e+002
          3912  4.34745e+002  3.91200e+003 -4.07210e+001  8.02189e+000  4.26000e+002
          3913  4.34826e+002  3.91300e+003 -4.07501e+001  8.02078e+000  4.26083e+002
          3914  4.34909e+002  3.91400e+003 -4.07785e+001  8.01967e+000  4.26167e+002
          3915  4.34993e+002  3.91500e+003 -4.08077e+001  8.01856e+000  4.26250e+002
          3916  4.35081e+002  3.91600e+003 -4.08351e+001  8.01735e+000  4.26333e+002
          3917  4.35150e+002  3.91700e+003 -4.08637e+001  8.01623e+000  4.26417e+002
          3918  4.35237e+002  3.91800e+003 -4.08930e+001  8.01514e+000  4.26500e+002
          3919  4.35326e+002  3.91900e+003 -4.09222e+001  8.01406e+000  4.26583e+002
          3920  4.35401e+002  3.92000e+003 -4.09526e+001  8.01307e+000  4.26667e+002
          3921  4.35492e+002  3.92100e+003 -4.09819e+001  8.01205e+000  4.26750e+002
          3922  4.35578e+002  3.92200e+003 -4.10106e+001  8.01102e+000  4.26833e+002
          3923  4.35661e+002  3.92300e+003 -4.10400e+001  8.01001e+000  4.26917e+002
          3924  4.35743e+002  3.92400e+003 -4.10697e+001  8.00901e+000  4.27000e+002
          3925  4.35829e+002  3.92500e+003 -4.10984e+001  8.00801e+000  4.27083e+002
          3926  4.35913e+002  3.92600e+003 -4.11275e+001  8.00700e+000  4.27167e+002
          3927  4.35994e+002  3.92700e+003 -4.11565e+001  8.00600e+000  4.27250e+002
          3928  4.36076e+002  3.92800e+003 -4.11856e+001  8.00500e+000  4.27333e+002
          3929  4.36153e+002  3.92900e+003 -4.12148e+001  8.00400e+000  4.27417e+002
          3930  4.36238e+002  3.93000e+003 -4.12439e+001  8.00300e+000  4.27500e+002
          3931  4.36322e+002  3.93100e+003 -4.12735e+001  8.00200e+000  4.27583e+002
          3932  4.36403e+002  3.93200e+003 -4.13024e+001  8.00089e+000  4.27667e+002
          3933  4.36485e+002  3.93300e+003 -4.13317e+001  7.99978e+000  4.27750e+002
          3934  4.36564e+002  3.93400e+003 -4.13615e+001  7.99867e+000  4.27833e+002
          3935  4.36648e+002  3.93500e+003 -4.13909e+001  7.99756e+000  4.27917e+002
          3936  4.36721e+002  3.93600e+003 -4.14185e+001  7.99636e+000  4.28000e+002
          3937  4.36817e+002  3.93700e+003 -4.14454e+001  7.99523e+000  4.28083e+002
          3938  4.36901e+002  3.93800e+003 -4.14722e+001  7.99414e+000  4.28167e+002
          3939  4.36978e+002  3.93900e+003 -4.14989e+001  7.99306e+000  4.28250e+002
          3940  4.37056e+002  3.94000e+003 -4.15253e+001  7.99207e+000  4.28333e+002
          3941  4.37147e+002  3.94100e+003 -4.15527e+001  7.99105e+000  4.28417e+002
          3942  4.37231e+002  3.94200e+003 -4.15813e+001  7.99002e+000  4.28500e+002
          3943  4.37312e+002  3.94300e+003 -4.16099e+001  7.98901e+000  4.28583e+002
          3944  4.37393e+002  3.94400e+003 -4.16332e+001  7.98801e+000  4.28667e+002
          3945  4.37478e+002  3.94500e+003 -4.16586e+001  7.98701e+000  4.28750e+002
          3946  4.37566e+002  3.94600e+003 -4.16849e+001  7.98600e+000  4.28833e+002
          3947  4.37645e+002  3.94700e+003 -4.17118e+001  7.98500e+000  4.28917e+002
          3948  4.37728e+002  3.94800e+003 -4.17396e+001  7.98400e+000  4.29000e+002
          3949  4.37813e+002  3.94900e+003 -4.17659e+001  7.98300e+000  4.29083e+002
          3950  4.37889e+002  3.95000e+003 -4.17911e+001  7.98200e+000  4.29167e+002
          3951  4.37982e+002  3.95100e+003 -4.18155e+001  7.98100e+000  4.29250e+002
          3952  4.38061e+002  3.95200e+003 -4.18408e+001  7.98000e+000  4.29333e+002
          3953  4.38144e+002  3.95300e+003 -4.18673e+001  7.97900e+000  4.29417e+002
          3954  4.38222e+002  3.95400e+003 -4.18949e+001  7.97800e+000  4.29500e+002
          3955  4.38311e+002  3.95500e+003 -4.19222e+001  7.97700e+000  4.29583e+002
          3956  4.38387e+002  3.95600e+003 -4.19476e+001  7.97600e+000  4.29667e+002
          3957  4.38472e+002  3.95700e+003 -4.19737e+001  7.97500e+000  4.29750e+002
          3958  4.38562e+002  3.95800e+003 -4.19995e+001  7.97400e+000  4.29833e+002
          3959  4.38649e+002  3.95900e+003 -4.20243e+001  7.97300e+000  4.29917e+002
          3960  4.38728e+002  3.96000e+003 -4.20501e+001  7.97200e+000  4.30000e+002
          3961  4.38817e+002  3.96100e+003 -4.20754e+001  7.97100e+000  4.30083e+002
          3962  4.38894e+002  3.96200e+003 -4.21009e+001  7.97000e+000  4.30167e+002
          3963  4.38974e+002  3.96300e+003 -4.21271e+001  7.96900e+000  4.30250e+002
          3964  4.39051e+002  3.96400e+003 -4.21528e+001  7.96797e+000  4.30333e+002
          3965  4.39143e+002  3.96500e+003 -4.21776e+001  7.96688e+000  4.30417e+002
          3966  4.39221e+002  3.96600e+003 -4.22027e+001  7.96578e+000  4.30500e+002
          3967  4.39306e+002  3.96700e+003 -4.22284e+001  7.96467e+000  4.30583e+002
          3968  4.39391e+002  3.96800e+003 -4.22506e+001  7.96350e+000  4.30667e+002
          3969  4.39473e+002  3.96900e+003 -4.22744e+001  7.96238e+000  4.30750e+002
          3970  4.39555e+002  3.97000e+003 -4.22988e+001  7.96128e+000  4.30833e+002
          3971  4.39643e+002  3.97100e+003 -4.23233e+001  7.96019e+000  4.30917e+002
          3972  4.39723e+002  3.97200e+003 -4.23481e+001  7.95914e+000  4.31000e+002
          3973  4.39811e+002  3.97300e+003 -4.23722e+001  7.95810e+000  4.31083e+002
          3974  4.39891e+002  3.97400e+003 -4.23968e+001  7.95705e+000  4.31167e+002
          3975  4.39975e+002  3.97500e+003 -4.24209e+001  7.95602e+000  4.31250e+002
          3976  4.40060e+002  3.97600e+003 -4.24443e+001  7.95503e+000  4.31333e+002
          3977  4.40149e+002  3.97700e+003 -4.24686e+001  7.95402e+000  4.31417e+002
          3978  4.40228e+002  3.97800e+003 -4.24925e+001  7.95301e+000  4.31500e+002
          3979  4.40308e+002  3.97900e+003 -4.25158e+001  7.95200e+000  4.31583e+002
          3980  4.40392e+002  3.98000e+003 -4.25390e+001  7.95100e+000  4.31667e+002
          3981  4.40483e+002  3.98100e+003 -4.25623e+001  7.95000e+000  4.31750e+002
          3982  4.40569e+002  3.98200e+003 -4.25855e+001  7.94900e+000  4.31833e+002
          3983  4.40646e+002  3.98300e+003 -4.26079e+001  7.94800e+000  4.31917e+002
          3984  4.40738e+002  3.98400e+003 -4.26298e+001  7.94700e+000  4.32000e+002
          3985  4.40818e+002  3.98500e+003 -4.26517e+001  7.94600e+000  4.32083e+002
          3986  4.40888e+002  3.98600e+003 -4.26731e+001  7.94500e+000  4.32167e+002
          3987  4.40975e+002  3.98700e+003 -4.26949e+001  7.94400e+000  4.32250e+002
          3988  4.41066e+002  3.98800e+003 -4.27155e+001  7.94300e+000  4.32333e+002
          3989  4.41139e+002  3.98900e+003 -4.27374e+001  7.94200e+000  4.32417e+002
          3990  4.41228e+002  3.99000e+003 -4.27600e+001  7.94100e+000  4.32500e+002
          3991  4.41304e+002  3.99100e+003 -4.27826e+001  7.94000e+000  4.32583e+002
          3992  4.41396e+002  3.99200e+003 -4.28029e+001  7.93900e+000  4.32667e+002
          3993  4.41479e+002  3.99300e+003 -4.28244e+001  7.93800e+000  4.32750e+002
          3994  4.41566e+002  3.99400e+003 -4.28462e+001  7.93700e+000  4.32833e+002
          3995  4.41655e+002  3.99500e+003 -4.28684e+001  7.93600e+000  4.32917e+002
          3996  4.41728e+002  3.99600e+003 -4.28925e+001  7.93500e+000  4.33000e+002
          3997  4.41808e+002  3.99700e+003 -4.29155e+001  7.93400e+000  4.33083e+002
          3998  4.41895e+002  3.99800e+003 -4.29374e+001  7.93300e+000  4.33167e+002
          3999  4.41983e+002  3.99900e+003 -4.29585e+001  7.93200e+000  4.33250e+002
          4000  4.42072e+002  4.00000e+003 -4.29808e+001  7.93100e+000  4.33333e+002
          4001  4.42148e+002  4.00100e+003 -4.30025e+001  7.93000e+000  4.33417e+002
          4002  4.42237e+002  4.00200e+003 -4.30240e+001  7.92900e+000  4.33500e+002
          4003  4.42320e+002  4.00300e+003 -4.30461e+001  7.92800e+000  4.33583e+002
          4004  4.42400e+002  4.00400e+003 -4.30666e+001  7.92700e+000  4.33667e+002
          4005  4.42481e+002  4.00500e+003 -4.30871e+001  7.92600e+000  4.33750e+002
          4006  4.42573e+002  4.00600e+003 -4.31072e+001  7.92500e+000  4.33833e+002
          4007  4.42653e+002  4.00700e+003 -4.31266e+001  7.92400e+000  4.33917e+002
          4008  4.42727e+002  4.00800e+003 -4.31444e+001  7.92300e+000  4.34000e+002
          4009  4.42824e+002  4.00900e+003 -4.31642e+001  7.92200e+000  4.34083e+002
          4010  4.42903e+002  4.01000e+003 -4.31840e+001  7.92100e+000  4.34167e+002
          4011  4.42987e+002  4.01100e+003 -4.32042e+001  7.92000e+000  4.34250e+002
          4012  4.43066e+002  4.01200e+003 -4.32217e+001  7.91900e+000  4.34333e+002
          4013  4.43151e+002  4.01300e+003 -4.32411e+001  7.91800e+000  4.34417e+002
          4014  4.43234e+002  4.01400e+003 -4.32612e+001  7.91700e+000  4.34500e+002
          4015  4.43318e+002  4.01500e+003 -4.32811e+001  7.91600e+000  4.34583e+002
          4016  4.43398e+002  4.01600e+003 -4.32995e+001  7.91500e+000  4.34667e+002
          4017  4.43480e+002  4.01700e+003 -4.33193e+001  7.91400e+000  4.34750e+002
          4018  4.43564e+002  4.01800e+003 -4.33392e+001  7.91300e+000  4.34833e+002
          4019  4.43654e+002  4.01900e+003 -4.33578e+001  7.91200e+000  4.34917e+002
          4020  4.43740e+002  4.02000e+003 -4.33775e+001  7.91100e+000  4.35000e+002
          4021  4.43826e+002  4.02100e+003 -4.33962e+001  7.91000e+000  4.35083e+002
          4022  4.43901e+002  4.02200e+003 -4.34161e+001  7.90900e+000  4.35167e+002
          4023  4.43984e+002  4.02300e+003 -4.34361e+001  7.90800e+000  4.35250e+002
          4024  4.44072e+002  4.02400e+003 -4.34551e+001  7.90700e+000  4.35333e+002
          4025  4.44152e+002  4.02500e+003 -4.34743e+001  7.90600e+000  4.35417e+002
          4026  4.44236e+002  4.02600e+003 -4.34941e+001  7.90500e+000  4.35500e+002
          4027  4.44322e+002  4.02700e+003 -4.35136e+001  7.90400e+000  4.35583e+002
          4028  4.44398e+002  4.02800e+003 -4.35322e+001  7.90300e+000  4.35667e+002
          4029  4.44491e+002  4.02900e+003 -4.35513e+001  7.90200e+000  4.35750e+002
          4030  4.44573e+002  4.03000e+003 -4.35714e+001  7.90100e+000  4.35833e+002
          4031  4.44658e+002  4.03100e+003 -4.35922e+001  7.90000e+000  4.35917e+002
          4032  4.44738e+002  4.03200e+003 -4.36140e+001  7.89900e+000  4.36000e+002
          4033  4.44821e+002  4.03300e+003 -4.36332e+001  7.89800e+000  4.36083e+002
          4034  4.44896e+002  4.03400e+003 -4.36511e+001  7.89700e+000  4.36167e+002
          4035  4.44981e+002  4.03500e+003 -4.36687e+001  7.89600e+000  4.36250e+002
          4036  4.45071e+002  4.03600e+003 -4.36858e+001  7.89500e+000  4.36333e+002
          4037  4.45153e+002  4.03700e+003 -4.37030e+001  7.89400e+000  4.36417e+002
          4038  4.45242e+002  4.03800e+003 -4.37202e+001  7.89300e+000  4.36500e+002
          4039  4.45317e+002  4.03900e+003 -4.37387e+001  7.89200e+000  4.36583e+002
          4040  4.45405e+002  4.04000e+003 -4.37556e+001  7.89100e+000  4.36667e+002
          4041  4.45488e+002  4.04100e+003 -4.37729e+001  7.89000e+000  4.36750e+002
          4042  4.45575e+002  4.04200e+003 -4.37898e+001  7.88900e+000  4.36833e+002
          4043  4.45664e+002  4.04300e+003 -4.38068e+001  7.88800e+000  4.36917e+002
          4044  4.45751e+002  4.04400e+003 -4.38222e+001  7.88700e+000  4.37000e+002
          4045  4.45829e+002  4.04500e+003 -4.38383e+001  7.88600e+000  4.37083e+002
          4046  4.45916e+002  4.04600e+003 -4.38551e+001  7.88500e+000  4.37167e+002
          4047  4.45990e+002  4.04700e+003 -4.38727e+001  7.88400e+000  4.37250e+002
          4048  4.46074e+002  4.04800e+003 -4.38924e+001  7.88300e+000  4.37333e+002
          4049  4.46158e+002  4.04900e+003 -4.39102e+001  7.88200e+000  4.37417e+002
          4050  4.46240e+002  4.05000e+003 -4.39266e+001  7.88100e+000  4.37500e+002
          4051  4.46322e+002  4.05100e+003 -4.39424e+001  7.88000e+000  4.37583e+002
          4052  4.46409e+002  4.05200e+003 -4.39576e+001  7.87900e+000  4.37667e+002
          4053  4.46485e+002  4.05300e+003 -4.39733e+001  7.87800e+000  4.37750e+002
          4054  4.46572e+002  4.05400e+003 -4.39894e+001  7.87700e+000  4.37833e+002
          4055  4.46655e+002  4.05500e+003 -4.40065e+001  7.87600e+000  4.37917e+002
          4056  4.46737e+002  4.05600e+003 -4.40254e+001  7.87500e+000  4.38000e+002
          4057  4.46828e+002  4.05700e+003 -4.40426e+001  7.87400e+000  4.38083e+002
          4058  4.46905e+002  4.05800e+003 -4.40591e+001  7.87300e+000  4.38167e+002
          4059  4.46995e+002  4.05900e+003 -4.40754e+001  7.87200e+000  4.38250e+002
          4060  4.47079e+002  4.06000e+003 -4.40897e+001  7.87100e+000  4.38333e+002
          4061  4.47170e+002  4.06100e+003 -4.41049e+001  7.87000e+000  4.38417e+002
          4062  4.47251e+002  4.06200e+003 -4.41209e+001  7.86900e+000  4.38500e+002
          4063  4.47330e+002  4.06300e+003 -4.41370e+001  7.86800e+000  4.38583e+002
          4064  4.47413e+002  4.06400e+003 -4.41560e+001  7.86700e+000  4.38667e+002
          4065  4.47492e+002  4.06500e+003 -4.41723e+001  7.86600e+000  4.38750e+002
          4066  4.47581e+002  4.06600e+003 -4.41881e+001  7.86500e+000  4.38833e+002
          4067  4.47655e+002  4.06700e+003 -4.42033e+001  7.86400e+000  4.38917e+002
          4068  4.47757e+002  4.06800e+003 -4.42153e+001  7.86300e+000  4.39000e+002
          4069  4.47837e+002  4.06900e+003 -4.42297e+001  7.86200e+000  4.39083e+002
          4070  4.47916e+002  4.07000e+003 -4.42448e+001  7.86100e+000  4.39167e+002
          4071  4.48002e+002  4.07100e+003 -4.42602e+001  7.86000e+000  4.39250e+002
          4072  4.48079e+002  4.07200e+003 -4.42762e+001  7.85900e+000  4.39333e+002
          4073  4.48164e+002  4.07300e+003 -4.42908e+001  7.85800e+000  4.39417e+002
          4074  4.48258e+002  4.07400e+003 -4.43045e+001  7.85700e+000  4.39500e+002
          4075  4.48341e+002  4.07500e+003 -4.43184e+001  7.85600e+000  4.39583e+002
          4076  4.48420e+002  4.07600e+003 -4.43321e+001  7.85500e+000  4.39667e+002
          4077  4.48506e+002  4.07700e+003 -4.43470e+001  7.85400e+000  4.39750e+002
          4078  4.48588e+002  4.07800e+003 -4.43627e+001  7.85300e+000  4.39833e+002
          4079  4.48670e+002  4.07900e+003 -4.43779e+001  7.85200e+000  4.39917e+002
          4080  4.48750e+002  4.08000e+003 -4.43948e+001  7.85100e+000  4.40000e+002
          4081  4.48836e+002  4.08100e+003 -4.44119e+001  7.85000e+000  4.40083e+002
          4082  4.48927e+002  4.08200e+003 -4.44289e+001  7.84900e+000  4.40167e+002
          4083  4.49001e+002  4.08300e+003 -4.44456e+001  7.84800e+000  4.40250e+002
          4084  4.49104e+002  4.08400e+003 -4.44627e+001  7.84700e+000  4.40333e+002
          4085  4.49174e+002  4.08500e+003 -4.44776e+001  7.84600e+000  4.40417e+002
          4086  4.49264e+002  4.08600e+003 -4.44917e+001  7.84500e+000  4.40500e+002
          4087  4.49344e+002  4.08700e+003 -4.45057e+001  7.84400e+000  4.40583e+002
          4088  4.49427e+002  4.08800e+003 -4.45202e+001  7.84300e+000  4.40667e+002
          4089  4.49503e+002  4.08900e+003 -4.45335e+001  7.84200e+000  4.40750e+002
          4090  4.49596e+002  4.09000e+003 -4.45469e+001  7.84100e+000  4.40833e+002
          4091  4.49668e+002  4.09100e+003 -4.45608e+001  7.84000e+000  4.40917e+002
          4092  4.49755e+002  4.09200e+003 -4.45700e+001  7.83900e+000  4.41000e+002
          4093  4.49836e+002  4.09300e+003 -4.45825e+001  7.83800e+000  4.41083e+002
          4094  4.49924e+002  4.09400e+003 -4.45956e+001  7.83700e+000  4.41167e+002
          4095  4.50001e+002  4.09500e+003 -4.46092e+001  7.83600e+000  4.41250e+002
          4096  4.50088e+002  4.09600e+003 -4.46195e+001  7.83500e+000  4.41333e+002
          4097  4.50171e+002  4.09700e+003 -4.46310e+001  7.83400e+000  4.41417e+002
          4098  4.50259e+002  4.09800e+003 -4.46421e+001  7.83300e+000  4.41500e+002
          4099  4.50347e+002  4.09900e+003 -4.46533e+001  7.83200e+000  4.41583e+002
          4100  4.50434e+002  4.10000e+003 -4.46677e+001  7.83100e+000  4.41667e+002
          4101  4.50517e+002  4.10100e+003 -4.46825e+001  7.83000e+000  4.41750e+002
          4102  4.50605e+002  4.10200e+003 -4.46964e+001  7.82900e+000  4.41833e+002
          4103  4.50680e+002  4.10300e+003 -4.47092e+001  7.82800e+000  4.41917e+002
          4104  4.50766e+002  4.10400e+003 -4.47210e+001  7.82700e+000  4.42000e+002
          4105  4.50854e+002  4.10500e+003 -4.47326e+001  7.82600e+000  4.42083e+002
          4106  4.50937e+002  4.10600e+003 -4.47445e+001  7.82500e+000  4.42167e+002
          4107  4.51021e+002  4.10700e+003 -4.47564e+001  7.82400e+000  4.42250e+002
          4108  4.51099e+002  4.10800e+003 -4.47683e+001  7.82300e+000  4.42333e+002
          4109  4.51182e+002  4.10900e+003 -4.47805e+001  7.82200e+000  4.42417e+002
          4110  4.51267e+002  4.11000e+003 -4.47923e+001  7.82100e+000  4.42500e+002
          4111  4.51348e+002  4.11100e+003 -4.48036e+001  7.82000e+000  4.42583e+002
          4112  4.51438e+002  4.11200e+003 -4.48132e+001  7.81900e+000  4.42667e+002
          4113  4.51526e+002  4.11300e+003 -4.48258e+001  7.81800e+000  4.42750e+002
          4114  4.51614e+002  4.11400e+003 -4.48402e+001  7.81700e+000  4.42833e+002
          4115  4.51694e+002  4.11500e+003 -4.48539e+001  7.81600e+000  4.42917e+002
          4116  4.51782e+002  4.11600e+003 -4.48680e+001  7.81500e+000  4.43000e+002
          4117  4.51866e+002  4.11700e+003 -4.48816e+001  7.81400e+000  4.43083e+002
          4118  4.51946e+002  4.11800e+003 -4.48945e+001  7.81300e+000  4.43167e+002
          4119  4.52025e+002  4.11900e+003 -4.49059e+001  7.81200e+000  4.43250e+002
          4120  4.52118e+002  4.12000e+003 -4.49210e+001  7.81100e+000  4.43333e+002
          4121  4.52192e+002  4.12100e+003 -4.49346e+001  7.81000e+000  4.43417e+002
          4122  4.52270e+002  4.12200e+003 -4.49471e+001  7.80900e+000  4.43500e+002
          4123  4.52351e+002  4.12300e+003 -4.49588e+001  7.80800e+000  4.43583e+002
          4124  4.52436e+002  4.12400e+003 -4.49697e+001  7.80700e+000  4.43667e+002
          4125  4.52530e+002  4.12500e+003 -4.49816e+001  7.80600e+000  4.43750e+002
          4126  4.52605e+002  4.12600e+003 -4.49932e+001  7.80500e+000  4.43833e+002
          4127  4.52694e+002  4.12700e+003 -4.50041e+001  7.80400e+000  4.43917e+002
          4128  4.52786e+002  4.12800e+003 -4.50132e+001  7.80300e+000  4.44000e+002
          4129  4.52871e+002  4.12900e+003 -4.50256e+001  7.80200e+000  4.44083e+002
          4130  4.52950e+002  4.13000e+003 -4.50381e+001  7.80100e+000  4.44167e+002
          4131  4.53027e+002  4.13100e+003 -4.50497e+001  7.80000e+000  4.44250e+002
          4132  4.53115e+002  4.13200e+003 -4.50592e+001  7.79900e+000  4.44333e+002
          4133  4.53211e+002  4.13300e+003 -4.50688e+001  7.79800e+000  4.44417e+002
          4134  4.53287e+002  4.13400e+003 -4.50784e+001  7.79700e+000  4.44500e+002
          4135  4.53377e+002  4.13500e+003 -4.50886e+001  7.79600e+000  4.44583e+002
          4136  4.53458e+002  4.13600e+003 -4.50999e+001  7.79500e+000  4.44667e+002
          4137  4.53544e+002  4.13700e+003 -4.51106e+001  7.79400e+000  4.44750e+002
          4138  4.53619e+002  4.13800e+003 -4.51218e+001  7.79300e+000  4.44833e+002
          4139  4.53709e+002  4.13900e+003 -4.51324e+001  7.79200e+000  4.44917e+002
          4140  4.53796e+002  4.14000e+003 -4.51410e+001  7.79100e+000  4.45000e+002
          4141  4.53868e+002  4.14100e+003 -4.51515e+001  7.79000e+000  4.45083e+002
          4142  4.53956e+002  4.14200e+003 -4.51626e+001  7.78900e+000  4.45167e+002
          4143  4.54044e+002  4.14300e+003 -4.51737e+001  7.78800e+000  4.45250e+002
          4144  4.54125e+002  4.14400e+003 -4.51885e+001  7.78700e+000  4.45333e+002
          4145  4.54214e+002  4.14500e+003 -4.51999e+001  7.78600e+000  4.45417e+002
          4146  4.54292e+002  4.14600e+003 -4.52105e+001  7.78500e+000  4.45500e+002
          4147  4.54383e+002  4.14700e+003 -4.52213e+001  7.78400e+000  4.45583e+002
          4148  4.54465e+002  4.14800e+003 -4.52299e+001  7.78300e+000  4.45667e+002
          4149  4.54550e+002  4.14900e+003 -4.52391e+001  7.78200e+000  4.45750e+002
          4150  4.54631e+002  4.15000e+003 -4.52488e+001  7.78100e+000  4.45833e+002
          4151  4.54711e+002  4.15100e+003 -4.52586e+001  7.78000e+000  4.45917e+002
          4152  4.54800e+002  4.15200e+003 -4.52670e+001  7.77900e+000  4.46000e+002
          4153  4.54883e+002  4.15300e+003 -4.52771e+001  7.77800e+000  4.46083e+002
          4154  4.54964e+002  4.15400e+003 -4.52870e+001  7.77700e+000  4.46167e+002
          4155  4.55044e+002  4.15500e+003 -4.52960e+001  7.77600e+000  4.46250e+002
          4156  4.55137e+002  4.15600e+003 -4.53044e+001  7.77497e+000  4.46333e+002
          4157  4.55220e+002  4.15700e+003 -4.53142e+001  7.77388e+000  4.46417e+002
          4158  4.55314e+002  4.15800e+003 -4.53242e+001  7.77278e+000  4.46500e+002
          4159  4.55389e+002  4.15900e+003 -4.53339e+001  7.77167e+000  4.46583e+002
          4160  4.55471e+002  4.16000e+003 -4.53451e+001  7.77050e+000  4.46667e+002
          4161  4.55555e+002  4.16100e+003 -4.53553e+001  7.76938e+000  4.46750e+002
          4162  4.55630e+002  4.16200e+003 -4.53655e+001  7.76828e+000  4.46833e+002
          4163  4.55720e+002  4.16300e+003 -4.53757e+001  7.76719e+000  4.46917e+002
          4164  4.55808e+002  4.16400e+003 -4.53853e+001  7.76614e+000  4.47000e+002
          4165  4.55898e+002  4.16500e+003 -4.53950e+001  7.76510e+000  4.47083e+002
          4166  4.55966e+002  4.16600e+003 -4.54038e+001  7.76405e+000  4.47167e+002
          4167  4.56060e+002  4.16700e+003 -4.54114e+001  7.76302e+000  4.47250e+002
          4168  4.56141e+002  4.16800e+003 -4.54215e+001  7.76203e+000  4.47333e+002
          4169  4.56224e+002  4.16900e+003 -4.54320e+001  7.76102e+000  4.47417e+002
          4170  4.56309e+002  4.17000e+003 -4.54417e+001  7.76001e+000  4.47500e+002
          4171  4.56400e+002  4.17100e+003 -4.54510e+001  7.75900e+000  4.47583e+002
          4172  4.56485e+002  4.17200e+003 -4.54581e+001  7.75800e+000  4.47667e+002
          4173  4.56566e+002  4.17300e+003 -4.54649e+001  7.75700e+000  4.47750e+002
          4174  4.56650e+002  4.17400e+003 -4.54716e+001  7.75600e+000  4.47833e+002
          4175  4.56730e+002  4.17500e+003 -4.54782e+001  7.75500e+000  4.47917e+002
          4176  4.56820e+002  4.17600e+003 -4.54853e+001  7.75400e+000  4.48000e+002
          4177  4.56902e+002  4.17700e+003 -4.54932e+001  7.75300e+000  4.48083e+002
          4178  4.56979e+002  4.17800e+003 -4.55006e+001  7.75200e+000  4.48167e+002
          4179  4.57067e+002  4.17900e+003 -4.55069e+001  7.75100e+000  4.48250e+002
          4180  4.57148e+002  4.18000e+003 -4.55129e+001  7.75000e+000  4.48333e+002
          4181  4.57239e+002  4.18100e+003 -4.55194e+001  7.74900e+000  4.48417e+002
          4182  4.57327e+002  4.18200e+003 -4.55250e+001  7.74800e+000  4.48500e+002
          4183  4.57410e+002  4.18300e+003 -4.55313e+001  7.74700e+000  4.48583e+002
          4184  4.57491e+002  4.18400e+003 -4.55386e+001  7.74600e+000  4.48667e+002
          4185  4.57568e+002  4.18500e+003 -4.55460e+001  7.74500e+000  4.48750e+002
          4186  4.57660e+002  4.18600e+003 -4.55530e+001  7.74400e+000  4.48833e+002
          4187  4.57743e+002  4.18700e+003 -4.55581e+001  7.74300e+000  4.48917e+002
          4188  4.57824e+002  4.18800e+003 -4.55613e+001  7.74200e+000  4.49000e+002
          4189  4.57911e+002  4.18900e+003 -4.55661e+001  7.74100e+000  4.49083e+002
          4190  4.57998e+002  4.19000e+003 -4.55714e+001  7.74000e+000  4.49167e+002
          4191  4.58084e+002  4.19100e+003 -4.55772e+001  7.73900e+000  4.49250e+002
          4192  4.58159e+002  4.19200e+003 -4.55828e+001  7.73800e+000  4.49333e+002
          4193  4.58247e+002  4.19300e+003 -4.55879e+001  7.73700e+000  4.49417e+002
          4194  4.58326e+002  4.19400e+003 -4.55935e+001  7.73600e+000  4.49500e+002
          4195  4.58419e+002  4.19500e+003 -4.55999e+001  7.73500e+000  4.49583e+002
          4196  4.58504e+002  4.19600e+003 -4.56032e+001  7.73400e+000  4.49667e+002
          4197  4.58585e+002  4.19700e+003 -4.56082e+001  7.73300e+000  4.49750e+002
          4198  4.58672e+002  4.19800e+003 -4.56142e+001  7.73200e+000  4.49833e+002
          4199  4.58750e+002  4.19900e+003 -4.56198e+001  7.73100e+000  4.49917e+002
          4200  4.58837e+002  4.20000e+003 -4.56283e+001  7.73000e+000  4.50000e+002
          4201  4.58936e+002  4.20100e+003 -4.56354e+001  7.72900e+000  4.50083e+002
          4202  4.59011e+002  4.20200e+003 -4.56413e+001  7.72800e+000  4.50167e+002
          4203  4.59086e+002  4.20300e+003 -4.56462e+001  7.72700e+000  4.50250e+002
          4204  4.59175e+002  4.20400e+003 -4.56522e+001  7.72600e+000  4.50333e+002
          4205  4.59270e+002  4.20500e+003 -4.56579e+001  7.72497e+000  4.50417e+002
          4206  4.59346e+002  4.20600e+003 -4.56646e+001  7.72388e+000  4.50500e+002
          4207  4.59434e+002  4.20700e+003 -4.56717e+001  7.72278e+000  4.50583e+002
          4208  4.59520e+002  4.20800e+003 -4.56743e+001  7.72164e+000  4.50667e+002
          4209  4.59603e+002  4.20900e+003 -4.56785e+001  7.72052e+000  4.50750e+002
          4210  4.59689e+002  4.21000e+003 -4.56829e+001  7.71941e+000  4.50833e+002
          4211  4.59771e+002  4.21100e+003 -4.56874e+001  7.71831e+000  4.50917e+002
          4212  4.59859e+002  4.21200e+003 -4.56904e+001  7.71722e+000  4.51000e+002
          4213  4.59938e+002  4.21300e+003 -4.56938e+001  7.71614e+000  4.51083e+002
          4214  4.60022e+002  4.21400e+003 -4.56981e+001  7.71508e+000  4.51167e+002
          4215  4.60113e+002  4.21500e+003 -4.57024e+001  7.71403e+000  4.51250e+002
          4216  4.60194e+002  4.21600e+003 -4.57059e+001  7.71304e+000  4.51333e+002
          4217  4.60281e+002  4.21700e+003 -4.57095e+001  7.71203e+000  4.51417e+002
          4218  4.60362e+002  4.21800e+003 -4.57144e+001  7.71101e+000  4.51500e+002
          4219  4.60450e+002  4.21900e+003 -4.57207e+001  7.71000e+000  4.51583e+002
          4220  4.60526e+002  4.22000e+003 -4.57247e+001  7.70901e+000  4.51667e+002
          4221  4.60604e+002  4.22100e+003 -4.57292e+001  7.70801e+000  4.51750e+002
          4222  4.60694e+002  4.22200e+003 -4.57352e+001  7.70700e+000  4.51833e+002
          4223  4.60781e+002  4.22300e+003 -4.57415e+001  7.70600e+000  4.51917e+002
          4224  4.60863e+002  4.22400e+003 -4.57477e+001  7.70500e+000  4.52000e+002
          4225  4.60952e+002  4.22500e+003 -4.57519e+001  7.70400e+000  4.52083e+002
          4226  4.61032e+002  4.22600e+003 -4.57565e+001  7.70300e+000  4.52167e+002
          4227  4.61117e+002  4.22700e+003 -4.57612e+001  7.70200e+000  4.52250e+002
          4228  4.61196e+002  4.22800e+003 -4.57666e+001  7.70100e+000  4.52333e+002
          4229  4.61290e+002  4.22900e+003 -4.57717e+001  7.70000e+000  4.52417e+002
          4230  4.61376e+002  4.23000e+003 -4.57761e+001  7.69900e+000  4.52500e+002
          4231  4.61459e+002  4.23100e+003 -4.57802e+001  7.69800e+000  4.52583e+002
          4232  4.61551e+002  4.23200e+003 -4.57816e+001  7.69700e+000  4.52667e+002
          4233  4.61628e+002  4.23300e+003 -4.57849e+001  7.69600e+000  4.52750e+002
          4234  4.61715e+002  4.23400e+003 -4.57878e+001  7.69500e+000  4.52833e+002
          4235  4.61794e+002  4.23500e+003 -4.57910e+001  7.69400e+000  4.52917e+002
          4236  4.61881e+002  4.23600e+003 -4.57955e+001  7.69289e+000  4.53000e+002
          4237  4.61972e+002  4.23700e+003 -4.57998e+001  7.69178e+000  4.53083e+002
          4238  4.62053e+002  4.23800e+003 -4.58039e+001  7.69067e+000  4.53167e+002
          4239  4.62139e+002  4.23900e+003 -4.58087e+001  7.68956e+000  4.53250e+002
          4240  4.62215e+002  4.24000e+003 -4.58122e+001  7.68835e+000  4.53333e+002
          4241  4.62309e+002  4.24100e+003 -4.58152e+001  7.68723e+000  4.53417e+002
          4242  4.62381e+002  4.24200e+003 -4.58186e+001  7.68614e+000  4.53500e+002
          4243  4.62477e+002  4.24300e+003 -4.58235e+001  7.68506e+000  4.53583e+002
          4244  4.62555e+002  4.24400e+003 -4.58283e+001  7.68407e+000  4.53667e+002
          4245  4.62637e+002  4.24500e+003 -4.58322e+001  7.68305e+000  4.53750e+002
          4246  4.62729e+002  4.24600e+003 -4.58366e+001  7.68202e+000  4.53833e+002
          4247  4.62808e+002  4.24700e+003 -4.58398e+001  7.68101e+000  4.53917e+002
          4248  4.62897e+002  4.24800e+003 -4.58419e+001  7.68001e+000  4.54000e+002
          4249  4.62978e+002  4.24900e+003 -4.58448e+001  7.67901e+000  4.54083e+002
          4250  4.63052e+002  4.25000e+003 -4.58480e+001  7.67800e+000  4.54167e+002
          4251  4.63150e+002  4.25100e+003 -4.58514e+001  7.67700e+000  4.54250e+002
          4252  4.63234e+002  4.25200e+003 -4.58554e+001  7.67600e+000  4.54333e+002
          4253  4.63308e+002  4.25300e+003 -4.58576e+001  7.67500e+000  4.54417e+002
          4254  4.63394e+002  4.25400e+003 -4.58590e+001  7.67400e+000  4.54500e+002
          4255  4.63488e+002  4.25500e+003 -4.58614e+001  7.67300e+000  4.54583e+002
          4256  4.63564e+002  4.25600e+003 -4.58615e+001  7.67189e+000  4.54667e+002
          4257  4.63649e+002  4.25700e+003 -4.58645e+001  7.67078e+000  4.54750e+002
          4258  4.63734e+002  4.25800e+003 -4.58675e+001  7.66967e+000  4.54833e+002
          4259  4.63812e+002  4.25900e+003 -4.58700e+001  7.66856e+000  4.54917e+002
          4260  4.63906e+002  4.26000e+003 -4.58733e+001  7.66736e+000  4.55000e+002
          4261  4.63984e+002  4.26100e+003 -4.58756e+001  7.66623e+000  4.55083e+002
          4262  4.64068e+002  4.26200e+003 -4.58778e+001  7.66514e+000  4.55167e+002
          4263  4.64152e+002  4.26300e+003 -4.58798e+001  7.66406e+000  4.55250e+002
          4264  4.64232e+002  4.26400e+003 -4.58830e+001  7.66307e+000  4.55333e+002
          4265  4.64326e+002  4.26500e+003 -4.58850e+001  7.66205e+000  4.55417e+002
          4266  4.64413e+002  4.26600e+003 -4.58856e+001  7.66103e+000  4.55500e+002
          4267  4.64486e+002  4.26700e+003 -4.58862e+001  7.66001e+000  4.55583e+002
          4268  4.64577e+002  4.26800e+003 -4.58856e+001  7.65901e+000  4.55667e+002
          4269  4.64667e+002  4.26900e+003 -4.58859e+001  7.65801e+000  4.55750e+002
          4270  4.64755e+002  4.27000e+003 -4.58872e+001  7.65700e+000  4.55833e+002
          4271  4.64832e+002  4.27100e+003 -4.58890e+001  7.65600e+000  4.55917e+002
          4272  4.64920e+002  4.27200e+003 -4.58882e+001  7.65489e+000  4.56000e+002
          4273  4.65004e+002  4.27300e+003 -4.58882e+001  7.65378e+000  4.56083e+002
          4274  4.65091e+002  4.27400e+003 -4.58888e+001  7.65267e+000  4.56167e+002
          4275  4.65174e+002  4.27500e+003 -4.58883e+001  7.65156e+000  4.56250e+002
          4276  4.65266e+002  4.27600e+003 -4.58885e+001  7.65036e+000  4.56333e+002
          4277  4.65341e+002  4.27700e+003 -4.58893e+001  7.64923e+000  4.56417e+002
          4278  4.65427e+002  4.27800e+003 -4.58908e+001  7.64814e+000  4.56500e+002
          4279  4.65506e+002  4.27900e+003 -4.58927e+001  7.64706e+000  4.56583e+002
          4280  4.65596e+002  4.28000e+003 -4.58961e+001  7.64607e+000  4.56667e+002
          4281  4.65681e+002  4.28100e+003 -4.58993e+001  7.64505e+000  4.56750e+002
          4282  4.65760e+002  4.28200e+003 -4.59018e+001  7.64402e+000  4.56833e+002
          4283  4.65846e+002  4.28300e+003 -4.59039e+001  7.64301e+000  4.56917e+002
          4284  4.65935e+002  4.28400e+003 -4.59070e+001  7.64198e+000  4.57000e+002
          4285  4.66013e+002  4.28500e+003 -4.59098e+001  7.64089e+000  4.57083e+002
          4286  4.66104e+002  4.28600e+003 -4.59119e+001  7.63978e+000  4.57167e+002
          4287  4.66189e+002  4.28700e+003 -4.59143e+001  7.63867e+000  4.57250e+002
          4288  4.66268e+002  4.28800e+003 -4.59187e+001  7.63750e+000  4.57333e+002
          4289  4.66356e+002  4.28900e+003 -4.59205e+001  7.63638e+000  4.57417e+002
          4290  4.66436e+002  4.29000e+003 -4.59218e+001  7.63528e+000  4.57500e+002
          4291  4.66531e+002  4.29100e+003 -4.59226e+001  7.63419e+000  4.57583e+002
          4292  4.66601e+002  4.29200e+003 -4.59204e+001  7.63314e+000  4.57667e+002
          4293  4.66694e+002  4.29300e+003 -4.59196e+001  7.63210e+000  4.57750e+002
          4294  4.66774e+002  4.29400e+003 -4.59197e+001  7.63105e+000  4.57833e+002
          4295  4.66855e+002  4.29500e+003 -4.59195e+001  7.63002e+000  4.57917e+002
          4296  4.66948e+002  4.29600e+003 -4.59170e+001  7.62903e+000  4.58000e+002
          4297  4.67032e+002  4.29700e+003 -4.59153e+001  7.62799e+000  4.58083e+002
          4298  4.67116e+002  4.29800e+003 -4.59149e+001  7.62689e+000  4.58167e+002
          4299  4.67205e+002  4.29900e+003 -4.59155e+001  7.62578e+000  4.58250e+002
          4300  4.67282e+002  4.30000e+003 -4.59146e+001  7.62464e+000  4.58333e+002
          4301  4.67377e+002  4.30100e+003 -4.59139e+001  7.62352e+000  4.58417e+002
          4302  4.67457e+002  4.30200e+003 -4.59133e+001  7.62241e+000  4.58500e+002
          4303  4.67540e+002  4.30300e+003 -4.59134e+001  7.62131e+000  4.58583e+002
          4304  4.67631e+002  4.30400e+003 -4.59135e+001  7.62022e+000  4.58667e+002
          4305  4.67712e+002  4.30500e+003 -4.59133e+001  7.61914e+000  4.58750e+002
          4306  4.67796e+002  4.30600e+003 -4.59134e+001  7.61808e+000  4.58833e+002
          4307  4.67879e+002  4.30700e+003 -4.59131e+001  7.61703e+000  4.58917e+002
          4308  4.67968e+002  4.30800e+003 -4.59154e+001  7.61604e+000  4.59000e+002
          4309  4.68039e+002  4.30900e+003 -4.59143e+001  7.61500e+000  4.59083e+002
          4310  4.68129e+002  4.31000e+003 -4.59138e+001  7.61390e+000  4.59167e+002
          4311  4.68216e+002  4.31100e+003 -4.59144e+001  7.61278e+000  4.59250e+002
          4312  4.68298e+002  4.31200e+003 -4.59146e+001  7.61164e+000  4.59333e+002
          4313  4.68376e+002  4.31300e+003 -4.59148e+001  7.61052e+000  4.59417e+002
          4314  4.68460e+002  4.31400e+003 -4.59159e+001  7.60941e+000  4.59500e+002
          4315  4.68551e+002  4.31500e+003 -4.59168e+001  7.60831e+000  4.59583e+002
          4316  4.68635e+002  4.31600e+003 -4.59157e+001  7.60722e+000  4.59667e+002
          4317  4.68720e+002  4.31700e+003 -4.59139e+001  7.60614e+000  4.59750e+002
          4318  4.68806e+002  4.31800e+003 -4.59114e+001  7.60506e+000  4.59833e+002
          4319  4.68887e+002  4.31900e+003 -4.59087e+001  7.60392e+000  4.59917e+002
          4320  4.68965e+002  4.32000e+003 -4.59088e+001  7.60281e+000  4.60000e+002
          4321  4.69053e+002  4.32100e+003 -4.59080e+001  7.60168e+000  4.60083e+002
          4322  4.69140e+002  4.32200e+003 -4.59064e+001  7.60056e+000  4.60167e+002
          4323  4.69217e+002  4.32300e+003 -4.59048e+001  7.59944e+000  4.60250e+002
          4324  4.69310e+002  4.32400e+003 -4.58994e+001  7.59829e+000  4.60333e+002
          4325  4.69392e+002  4.32500e+003 -4.58973e+001  7.59719e+000  4.60417e+002
          4326  4.69479e+002  4.32600e+003 -4.58947e+001  7.59612e+000  4.60500e+002
          4327  4.69558e+002  4.32700e+003 -4.58909e+001  7.59505e+000  4.60583e+002
          4328  4.69647e+002  4.32800e+003 -4.58872e+001  7.59403e+000  4.60667e+002
          4329  4.69733e+002  4.32900e+003 -4.58839e+001  7.59292e+000  4.60750e+002
          4330  4.69813e+002  4.33000e+003 -4.58806e+001  7.59180e+000  4.60833e+002
          4331  4.69899e+002  4.33100e+003 -4.58771e+001  7.59067e+000  4.60917e+002
          4332  4.69976e+002  4.33200e+003 -4.58753e+001  7.58951e+000  4.61000e+002
          4333  4.70063e+002  4.33300e+003 -4.58738e+001  7.58838e+000  4.61083e+002
          4334  4.70149e+002  4.33400e+003 -4.58709e+001  7.58728e+000  4.61167e+002
          4335  4.70231e+002  4.33500e+003 -4.58674e+001  7.58619e+000  4.61250e+002
          4336  4.70322e+002  4.33600e+003 -4.58609e+001  7.58515e+000  4.61333e+002
          4337  4.70409e+002  4.33700e+003 -4.58564e+001  7.58407e+000  4.61417e+002
          4338  4.70495e+002  4.33800e+003 -4.58532e+001  7.58294e+000  4.61500e+002
          4339  4.70580e+002  4.33900e+003 -4.58501e+001  7.58180e+000  4.61583e+002
          4340  4.70668e+002  4.34000e+003 -4.58483e+001  7.58066e+000  4.61667e+002
          4341  4.70743e+002  4.34100e+003 -4.58450e+001  7.57954e+000  4.61750e+002
          4342  4.70835e+002  4.34200e+003 -4.58417e+001  7.57842e+000  4.61833e+002
          4343  4.70924e+002  4.34300e+003 -4.58374e+001  7.57731e+000  4.61917e+002
          4344  4.71015e+002  4.34400e+003 -4.58319e+001  7.57622e+000  4.62000e+002
          4345  4.71087e+002  4.34500e+003 -4.58275e+001  7.57512e+000  4.62083e+002
          4346  4.71165e+002  4.34600e+003 -4.58237e+001  7.57397e+000  4.62167e+002
          4347  4.71262e+002  4.34700e+003 -4.58200e+001  7.57281e+000  4.62250e+002
          4348  4.71345e+002  4.34800e+003 -4.58164e+001  7.57168e+000  4.62333e+002
          4349  4.71437e+002  4.34900e+003 -4.58123e+001  7.57055e+000  4.62417e+002
          4350  4.71517e+002  4.35000e+003 -4.58077e+001  7.56942e+000  4.62500e+002
          4351  4.71600e+002  4.35100e+003 -4.58033e+001  7.56831e+000  4.62583e+002
          4352  4.71695e+002  4.35200e+003 -4.57989e+001  7.56722e+000  4.62667e+002
          4353  4.71775e+002  4.35300e+003 -4.57944e+001  7.56612e+000  4.62750e+002
          4354  4.71863e+002  4.35400e+003 -4.57891e+001  7.56497e+000  4.62833e+002
          4355  4.71947e+002  4.35500e+003 -4.57838e+001  7.56381e+000  4.62917e+002
          4356  4.72024e+002  4.35600e+003 -4.57792e+001  7.56268e+000  4.63000e+002
          4357  4.72113e+002  4.35700e+003 -4.57749e+001  7.56155e+000  4.63083e+002
          4358  4.72200e+002  4.35800e+003 -4.57716e+001  7.56043e+000  4.63167e+002
          4359  4.72287e+002  4.35900e+003 -4.57692e+001  7.55931e+000  4.63250e+002
          4360  4.72371e+002  4.36000e+003 -4.57672e+001  7.55822e+000  4.63333e+002
          4361  4.72453e+002  4.36100e+003 -4.57641e+001  7.55712e+000  4.63417e+002
          4362  4.72537e+002  4.36200e+003 -4.57610e+001  7.55597e+000  4.63500e+002
          4363  4.72627e+002  4.36300e+003 -4.57576e+001  7.55481e+000  4.63583e+002
          4364  4.72706e+002  4.36400e+003 -4.57551e+001  7.55368e+000  4.63667e+002
          4365  4.72792e+002  4.36500e+003 -4.57512e+001  7.55255e+000  4.63750e+002
          4366  4.72877e+002  4.36600e+003 -4.57461e+001  7.55142e+000  4.63833e+002
          4367  4.72965e+002  4.36700e+003 -4.57410e+001  7.55031e+000  4.63917e+002
          4368  4.73050e+002  4.36800e+003 -4.57390e+001  7.54920e+000  4.64000e+002
          4369  4.73137e+002  4.36900e+003 -4.57358e+001  7.54803e+000  4.64083e+002
          4370  4.73210e+002  4.37000e+003 -4.57333e+001  7.54686e+000  4.64167e+002
          4371  4.73301e+002  4.37100e+003 -4.57300e+001  7.54570e+000  4.64250e+002
          4372  4.73386e+002  4.37200e+003 -4.57204e+001  7.54454e+000  4.64333e+002
          4373  4.73476e+002  4.37300e+003 -4.57138e+001  7.54341e+000  4.64417e+002
          4374  4.73560e+002  4.37400e+003 -4.57087e+001  7.54226e+000  4.64500e+002
          4375  4.73648e+002  4.37500e+003 -4.57037e+001  7.54108e+000  4.64583e+002
          4376  4.73736e+002  4.37600e+003 -4.57006e+001  7.53992e+000  4.64667e+002
          4377  4.73812e+002  4.37700e+003 -4.56969e+001  7.53875e+000  4.64750e+002
          4378  4.73896e+002  4.37800e+003 -4.56931e+001  7.53760e+000  4.64833e+002
          4379  4.73980e+002  4.37900e+003 -4.56887e+001  7.53645e+000  4.64917e+002
          4380  4.74073e+002  4.38000e+003 -4.56842e+001  7.53529e+000  4.65000e+002
          4381  4.74160e+002  4.38100e+003 -4.56799e+001  7.53409e+000  4.65083e+002
          4382  4.74238e+002  4.38200e+003 -4.56747e+001  7.53290e+000  4.65167e+002
          4383  4.74330e+002  4.38300e+003 -4.56678e+001  7.53172e+000  4.65250e+002
          4384  4.74410e+002  4.38400e+003 -4.56644e+001  7.53056e+000  4.65333e+002
          4385  4.74491e+002  4.38500e+003 -4.56594e+001  7.52942e+000  4.65417e+002
          4386  4.74577e+002  4.38600e+003 -4.56535e+001  7.52830e+000  4.65500e+002
          4387  4.74660e+002  4.38700e+003 -4.56476e+001  7.52719e+000  4.65583e+002
          4388  4.74749e+002  4.38800e+003 -4.56403e+001  7.52604e+000  4.65667e+002
          4389  4.74840e+002  4.38900e+003 -4.56338e+001  7.52488e+000  4.65750e+002
          4390  4.74916e+002  4.39000e+003 -4.56274e+001  7.52373e+000  4.65833e+002
          4391  4.75001e+002  4.39100e+003 -4.56216e+001  7.52258e+000  4.65917e+002
          4392  4.75091e+002  4.39200e+003 -4.56122e+001  7.52138e+000  4.66000e+002
          4393  4.75168e+002  4.39300e+003 -4.56049e+001  7.52023e+000  4.66083e+002
          4394  4.75254e+002  4.39400e+003 -4.55989e+001  7.51903e+000  4.66167e+002
          4395  4.75341e+002  4.39500e+003 -4.55936e+001  7.51784e+000  4.66250e+002
          4396  4.75432e+002  4.39600e+003 -4.55886e+001  7.51671e+000  4.66333e+002
          4397  4.75509e+002  4.39700e+003 -4.55823e+001  7.51557e+000  4.66417e+002
          4398  4.75593e+002  4.39800e+003 -4.55766e+001  7.51444e+000  4.66500e+002
          4399  4.75675e+002  4.39900e+003 -4.55711e+001  7.51332e+000  4.66583e+002
          4400  4.75767e+002  4.40000e+003 -4.55629e+001  7.51212e+000  4.66667e+002
          4401  4.75849e+002  4.40100e+003 -4.55552e+001  7.51093e+000  4.66750e+002
          4402  4.75928e+002  4.40200e+003 -4.55482e+001  7.50976e+000  4.66833e+002
          4403  4.76027e+002  4.40300e+003 -4.55414e+001  7.50859e+000  4.66917e+002
          4404  4.76108e+002  4.40400e+003 -4.55326e+001  7.50737e+000  4.67000e+002
          4405  4.76198e+002  4.40500e+003 -4.55256e+001  7.50615e+000  4.67083e+002
          4406  4.76275e+002  4.40600e+003 -4.55201e+001  7.50493e+000  4.67167e+002
          4407  4.76358e+002  4.40700e+003 -4.55158e+001  7.50373e+000  4.67250e+002
          4408  4.76442e+002  4.40800e+003 -4.55097e+001  7.50258e+000  4.67333e+002
          4409  4.76530e+002  4.40900e+003 -4.55040e+001  7.50143e+000  4.67417e+002
          4410  4.76612e+002  4.41000e+003 -4.54975e+001  7.50028e+000  4.67500e+002
          4411  4.76697e+002  4.41100e+003 -4.54912e+001  7.49908e+000  4.67583e+002
          4412  4.76789e+002  4.41200e+003 -4.54865e+001  7.49792e+000  4.67667e+002
          4413  4.76883e+002  4.41300e+003 -4.54805e+001  7.49676e+000  4.67750e+002
          4414  4.76964e+002  4.41400e+003 -4.54741e+001  7.49557e+000  4.67833e+002
          4415  4.77035e+002  4.41500e+003 -4.54681e+001  7.49434e+000  4.67917e+002
          4416  4.77122e+002  4.41600e+003 -4.54637e+001  7.49308e+000  4.68000e+002
          4417  4.77207e+002  4.41700e+003 -4.54585e+001  7.49186e+000  4.68083e+002
          4418  4.77296e+002  4.41800e+003 -4.54531e+001  7.49066e+000  4.68167e+002
          4419  4.77382e+002  4.41900e+003 -4.54482e+001  7.48948e+000  4.68250e+002
          4420  4.77462e+002  4.42000e+003 -4.54383e+001  7.48824e+000  4.68333e+002
          4421  4.77546e+002  4.42100e+003 -4.54292e+001  7.48701e+000  4.68417e+002
          4422  4.77629e+002  4.42200e+003 -4.54211e+001  7.48580e+000  4.68500e+002
          4423  4.77719e+002  4.42300e+003 -4.54138e+001  7.48461e+000  4.68583e+002
          4424  4.77804e+002  4.42400e+003 -4.54060e+001  7.48342e+000  4.68667e+002
          4425  4.77885e+002  4.42500e+003 -4.53972e+001  7.48225e+000  4.68750e+002
          4426  4.77978e+002  4.42600e+003 -4.53889e+001  7.48105e+000  4.68833e+002
          4427  4.78060e+002  4.42700e+003 -4.53801e+001  7.47985e+000  4.68917e+002
          4428  4.78152e+002  4.42800e+003 -4.53686e+001  7.47872e+000  4.69000e+002
          4429  4.78236e+002  4.42900e+003 -4.53598e+001  7.47757e+000  4.69083e+002
          4430  4.78326e+002  4.43000e+003 -4.53501e+001  7.47641e+000  4.69167e+002
          4431  4.78411e+002  4.43100e+003 -4.53397e+001  7.47520e+000  4.69250e+002
          4432  4.78482e+002  4.43200e+003 -4.53286e+001  7.47400e+000  4.69333e+002
          4433  4.78576e+002  4.43300e+003 -4.53190e+001  7.47280e+000  4.69417e+002
          4434  4.78659e+002  4.43400e+003 -4.53099e+001  7.47160e+000  4.69500e+002
          4435  4.78745e+002  4.43500e+003 -4.53021e+001  7.47036e+000  4.69583e+002
          4436  4.78834e+002  4.43600e+003 -4.52952e+001  7.46910e+000  4.69667e+002
          4437  4.78918e+002  4.43700e+003 -4.52880e+001  7.46787e+000  4.69750e+002
          4438  4.79007e+002  4.43800e+003 -4.52805e+001  7.46667e+000  4.69833e+002
          4439  4.79097e+002  4.43900e+003 -4.52725e+001  7.46548e+000  4.69917e+002
          4440  4.79173e+002  4.44000e+003 -4.52648e+001  7.46424e+000  4.70000e+002
          4441  4.79259e+002  4.44100e+003 -4.52553e+001  7.46301e+000  4.70083e+002
          4442  4.79338e+002  4.44200e+003 -4.52471e+001  7.46180e+000  4.70167e+002
          4443  4.79421e+002  4.44300e+003 -4.52397e+001  7.46061e+000  4.70250e+002
          4444  4.79510e+002  4.44400e+003 -4.52366e+001  7.45931e+000  4.70333e+002
          4445  4.79588e+002  4.44500e+003 -4.52303e+001  7.45806e+000  4.70417e+002
          4446  4.79673e+002  4.44600e+003 -4.52226e+001  7.45683e+000  4.70500e+002
          4447  4.79766e+002  4.44700e+003 -4.52137e+001  7.45562e+000  4.70583e+002
          4448  4.79840e+002  4.44800e+003 -4.52007e+001  7.45433e+000  4.70667e+002
          4449  4.79930e+002  4.44900e+003 -4.51918e+001  7.45307e+000  4.70750e+002
          4450  4.80030e+002  4.45000e+003 -4.51839e+001  7.45184e+000  4.70833e+002
          4451  4.80099e+002  4.45100e+003 -4.51761e+001  7.45062e+000  4.70917e+002
          4452  4.80183e+002  4.45200e+003 -4.51692e+001  7.44941e+000  4.71000e+002
          4453  4.80270e+002  4.45300e+003 -4.51602e+001  7.44817e+000  4.71083e+002
          4454  4.80356e+002  4.45400e+003 -4.51507e+001  7.44695e+000  4.71167e+002
          4455  4.80433e+002  4.45500e+003 -4.51416e+001  7.44574e+000  4.71250e+002
          4456  4.80531e+002  4.45600e+003 -4.51285e+001  7.44456e+000  4.71333e+002
          4457  4.80612e+002  4.45700e+003 -4.51176e+001  7.44332e+000  4.71417e+002
          4458  4.80692e+002  4.45800e+003 -4.51079e+001  7.44208e+000  4.71500e+002
          4459  4.80779e+002  4.45900e+003 -4.50979e+001  7.44086e+000  4.71583e+002
          4460  4.80862e+002  4.46000e+003 -4.50892e+001  7.43963e+000  4.71667e+002
          4461  4.80953e+002  4.46100e+003 -4.50804e+001  7.43836e+000  4.71750e+002
          4462  4.81036e+002  4.46200e+003 -4.50707e+001  7.43711e+000  4.71833e+002
          4463  4.81123e+002  4.46300e+003 -4.50601e+001  7.43587e+000  4.71917e+002
          4464  4.81196e+002  4.46400e+003 -4.50505e+001  7.43464e+000  4.72000e+002
          4465  4.81290e+002  4.46500e+003 -4.50398e+001  7.43337e+000  4.72083e+002
          4466  4.81371e+002  4.46600e+003 -4.50277e+001  7.43212e+000  4.72167e+002
          4467  4.81459e+002  4.46700e+003 -4.50155e+001  7.43087e+000  4.72250e+002
          4468  4.81545e+002  4.46800e+003 -4.50052e+001  7.42965e+000  4.72333e+002
          4469  4.81630e+002  4.46900e+003 -4.49950e+001  7.42838e+000  4.72417e+002
          4470  4.81715e+002  4.47000e+003 -4.49849e+001  7.42712e+000  4.72500e+002
          4471  4.81798e+002  4.47100e+003 -4.49738e+001  7.42588e+000  4.72583e+002
          4472  4.81880e+002  4.47200e+003 -4.49592e+001  7.42465e+000  4.72667e+002
          4473  4.81965e+002  4.47300e+003 -4.49466e+001  7.42338e+000  4.72750e+002
          4474  4.82051e+002  4.47400e+003 -4.49342e+001  7.42212e+000  4.72833e+002
          4475  4.82139e+002  4.47500e+003 -4.49216e+001  7.42088e+000  4.72917e+002
          4476  4.82226e+002  4.47600e+003 -4.49110e+001  7.41965e+000  4.73000e+002
          4477  4.82310e+002  4.47700e+003 -4.48999e+001  7.41838e+000  4.73083e+002
          4478  4.82394e+002  4.47800e+003 -4.48883e+001  7.41712e+000  4.73167e+002
          4479  4.82477e+002  4.47900e+003 -4.48773e+001  7.41587e+000  4.73250e+002
          4480  4.82568e+002  4.48000e+003 -4.48644e+001  7.41465e+000  4.73333e+002
          4481  4.82652e+002  4.48100e+003 -4.48541e+001  7.41338e+000  4.73417e+002
          4482  4.82733e+002  4.48200e+003 -4.48438e+001  7.41212e+000  4.73500e+002
          4483  4.82823e+002  4.48300e+003 -4.48328e+001  7.41087e+000  4.73583e+002
          4484  4.82910e+002  4.48400e+003 -4.48238e+001  7.40956e+000  4.73667e+002
          4485  4.82990e+002  4.48500e+003 -4.48132e+001  7.40827e+000  4.73750e+002
          4486  4.83073e+002  4.48600e+003 -4.48025e+001  7.40701e+000  4.73833e+002
          4487  4.83162e+002  4.48700e+003 -4.47929e+001  7.40576e+000  4.73917e+002
          4488  4.83255e+002  4.48800e+003 -4.47836e+001  7.40442e+000  4.74000e+002
          4489  4.83321e+002  4.48900e+003 -4.47732e+001  7.40313e+000  4.74083e+002
          4490  4.83407e+002  4.49000e+003 -4.47620e+001  7.40185e+000  4.74167e+002
          4491  4.83505e+002  4.49100e+003 -4.47501e+001  7.40053e+000  4.74250e+002
          4492  4.83583e+002  4.49200e+003 -4.47375e+001  7.39923e+000  4.74333e+002
          4493  4.83667e+002  4.49300e+003 -4.47255e+001  7.39796e+000  4.74417e+002
          4494  4.83752e+002  4.49400e+003 -4.47131e+001  7.39669e+000  4.74500e+002
          4495  4.83836e+002  4.49500e+003 -4.47001e+001  7.39539e+000  4.74583e+002
          4496  4.83925e+002  4.49600e+003 -4.46895e+001  7.39414e+000  4.74667e+002
          4497  4.84011e+002  4.49700e+003 -4.46770e+001  7.39287e+000  4.74750e+002
          4498  4.84094e+002  4.49800e+003 -4.46634e+001  7.39157e+000  4.74833e+002
          4499  4.84179e+002  4.49900e+003 -4.46493e+001  7.39027e+000  4.74917e+002
          4500  4.84263e+002  4.50000e+003 -4.46327e+001  7.38897e+000  4.75000e+002
          4501  4.84354e+002  4.50100e+003 -4.46189e+001  7.38764e+000  4.75083e+002
          4502  4.84440e+002  4.50200e+003 -4.46061e+001  7.38632e+000  4.75167e+002
          4503  4.84522e+002  4.50300e+003 -4.45928e+001  7.38503e+000  4.75250e+002
          4504  4.84609e+002  4.50400e+003 -4.45794e+001  7.38375e+000  4.75333e+002
          4505  4.84694e+002  4.50500e+003 -4.45668e+001  7.38245e+000  4.75417e+002
          4506  4.84776e+002  4.50600e+003 -4.45543e+001  7.38116e+000  4.75500e+002
          4507  4.84865e+002  4.50700e+003 -4.45417e+001  7.37989e+000  4.75583e+002
          4508  4.84950e+002  4.50800e+003 -4.45299e+001  7.37867e+000  4.75667e+002
          4509  4.85039e+002  4.50900e+003 -4.45164e+001  7.37739e+000  4.75750e+002
          4510  4.85112e+002  4.51000e+003 -4.45023e+001  7.37613e+000  4.75833e+002
          4511  4.85205e+002  4.51100e+003 -4.44886e+001  7.37488e+000  4.75917e+002
          4512  4.85287e+002  4.51200e+003 -4.44781e+001  7.37357e+000  4.76000e+002
          4513  4.85379e+002  4.51300e+003 -4.44664e+001  7.37227e+000  4.76083e+002
          4514  4.85457e+002  4.51400e+003 -4.44542e+001  7.37098e+000  4.76167e+002
          4515  4.85537e+002  4.51500e+003 -4.44421e+001  7.36965e+000  4.76250e+002
          4516  4.85629e+002  4.51600e+003 -4.44298e+001  7.36830e+000  4.76333e+002
          4517  4.85710e+002  4.51700e+003 -4.44178e+001  7.36698e+000  4.76417e+002
          4518  4.85802e+002  4.51800e+003 -4.44057e+001  7.36563e+000  4.76500e+002
          4519  4.85894e+002  4.51900e+003 -4.43948e+001  7.36430e+000  4.76583e+002
          4520  4.85966e+002  4.52000e+003 -4.43833e+001  7.36300e+000  4.76667e+002
          4521  4.86058e+002  4.52100e+003 -4.43704e+001  7.36166e+000  4.76750e+002
          4522  4.86143e+002  4.52200e+003 -4.43569e+001  7.36034e+000  4.76833e+002
          4523  4.86226e+002  4.52300e+003 -4.43422e+001  7.35903e+000  4.76917e+002
          4524  4.86302e+002  4.52400e+003 -4.43304e+001  7.35768e+000  4.77000e+002
          4525  4.86394e+002  4.52500e+003 -4.43173e+001  7.35635e+000  4.77083e+002
          4526  4.86486e+002  4.52600e+003 -4.43035e+001  7.35502e+000  4.77167e+002
          4527  4.86571e+002  4.52700e+003 -4.42896e+001  7.35367e+000  4.77250e+002
          4528  4.86647e+002  4.52800e+003 -4.42746e+001  7.35232e+000  4.77333e+002
          4529  4.86734e+002  4.52900e+003 -4.42600e+001  7.35099e+000  4.77417e+002
          4530  4.86825e+002  4.53000e+003 -4.42456e+001  7.34964e+000  4.77500e+002
          4531  4.86908e+002  4.53100e+003 -4.42316e+001  7.34830e+000  4.77583e+002
          4532  4.86981e+002  4.53200e+003 -4.42152e+001  7.34700e+000  4.77667e+002
          4533  4.87072e+002  4.53300e+003 -4.42000e+001  7.34566e+000  4.77750e+002
          4534  4.87159e+002  4.53400e+003 -4.41855e+001  7.34434e+000  4.77833e+002
          4535  4.87247e+002  4.53500e+003 -4.41708e+001  7.34303e+000  4.77917e+002
          4536  4.87332e+002  4.53600e+003 -4.41551e+001  7.34168e+000  4.78000e+002
          4537  4.87417e+002  4.53700e+003 -4.41403e+001  7.34035e+000  4.78083e+002
          4538  4.87501e+002  4.53800e+003 -4.41254e+001  7.33903e+000  4.78167e+002
          4539  4.87586e+002  4.53900e+003 -4.41106e+001  7.33767e+000  4.78250e+002
          4540  4.87680e+002  4.54000e+003 -4.40966e+001  7.33632e+000  4.78333e+002
          4541  4.87756e+002  4.54100e+003 -4.40820e+001  7.33499e+000  4.78417e+002
          4542  4.87842e+002  4.54200e+003 -4.40676e+001  7.33364e+000  4.78500e+002
          4543  4.87927e+002  4.54300e+003 -4.40531e+001  7.33230e+000  4.78583e+002
          4544  4.88010e+002  4.54400e+003 -4.40391e+001  7.33100e+000  4.78667e+002
          4545  4.88095e+002  4.54500e+003 -4.40238e+001  7.32966e+000  4.78750e+002
          4546  4.88179e+002  4.54600e+003 -4.40072e+001  7.32831e+000  4.78833e+002
          4547  4.88271e+002  4.54700e+003 -4.39915e+001  7.32692e+000  4.78917e+002
          4548  4.88350e+002  4.54800e+003 -4.39771e+001  7.32555e+000  4.79000e+002
          4549  4.88434e+002  4.54900e+003 -4.39621e+001  7.32419e+000  4.79083e+002
          4550  4.88518e+002  4.55000e+003 -4.39474e+001  7.32281e+000  4.79167e+002
          4551  4.88608e+002  4.55100e+003 -4.39320e+001  7.32144e+000  4.79250e+002
          4552  4.88697e+002  4.55200e+003 -4.39148e+001  7.32009e+000  4.79333e+002
          4553  4.88772e+002  4.55300e+003 -4.38981e+001  7.31872e+000  4.79417e+002
          4554  4.88863e+002  4.55400e+003 -4.38818e+001  7.31734e+000  4.79500e+002
          4555  4.88955e+002  4.55500e+003 -4.38657e+001  7.31594e+000  4.79583e+002
          4556  4.89036e+002  4.55600e+003 -4.38496e+001  7.31457e+000  4.79667e+002
          4557  4.89119e+002  4.55700e+003 -4.38340e+001  7.31321e+000  4.79750e+002
          4558  4.89197e+002  4.55800e+003 -4.38190e+001  7.31182e+000  4.79833e+002
          4559  4.89287e+002  4.55900e+003 -4.38041e+001  7.31044e+000  4.79917e+002
          4560  4.89378e+002  4.56000e+003 -4.37878e+001  7.30910e+000  4.80000e+002
          4561  4.89455e+002  4.56100e+003 -4.37713e+001  7.30772e+000  4.80083e+002
          4562  4.89550e+002  4.56200e+003 -4.37544e+001  7.30635e+000  4.80167e+002
          4563  4.89625e+002  4.56300e+003 -4.37374e+001  7.30494e+000  4.80250e+002
          4564  4.89719e+002  4.56400e+003 -4.37206e+001  7.30357e+000  4.80333e+002
          4565  4.89795e+002  4.56500e+003 -4.37026e+001  7.30221e+000  4.80417e+002
          4566  4.89885e+002  4.56600e+003 -4.36863e+001  7.30082e+000  4.80500e+002
          4567  4.89971e+002  4.56700e+003 -4.36712e+001  7.29944e+000  4.80583e+002
          4568  4.90061e+002  4.56800e+003 -4.36544e+001  7.29801e+000  4.80667e+002
          4569  4.90146e+002  4.56900e+003 -4.36381e+001  7.29662e+000  4.80750e+002
          4570  4.90231e+002  4.57000e+003 -4.36220e+001  7.29524e+000  4.80833e+002
          4571  4.90313e+002  4.57100e+003 -4.36053e+001  7.29383e+000  4.80917e+002
          4572  4.90405e+002  4.57200e+003 -4.35870e+001  7.29240e+000  4.81000e+002
          4573  4.90489e+002  4.57300e+003 -4.35702e+001  7.29097e+000  4.81083e+002
          4574  4.90572e+002  4.57400e+003 -4.35534e+001  7.28958e+000  4.81167e+002
          4575  4.90653e+002  4.57500e+003 -4.35366e+001  7.28820e+000  4.81250e+002
          4576  4.90742e+002  4.57600e+003 -4.35222e+001  7.28680e+000  4.81333e+002
          4577  4.90837e+002  4.57700e+003 -4.35059e+001  7.28540e+000  4.81417e+002
          4578  4.90917e+002  4.57800e+003 -4.34896e+001  7.28398e+000  4.81500e+002
          4579  4.90997e+002  4.57900e+003 -4.34731e+001  7.28258e+000  4.81583e+002
          4580  4.91079e+002  4.58000e+003 -4.34513e+001  7.28119e+000  4.81667e+002
          4581  4.91161e+002  4.58100e+003 -4.34311e+001  7.27978e+000  4.81750e+002
          4582  4.91254e+002  4.58200e+003 -4.34111e+001  7.27838e+000  4.81833e+002
          4583  4.91341e+002  4.58300e+003 -4.33911e+001  7.27695e+000  4.81917e+002
          4584  4.91421e+002  4.58400e+003 -4.33716e+001  7.27559e+000  4.82000e+002
          4585  4.91516e+002  4.58500e+003 -4.33536e+001  7.27422e+000  4.82083e+002
          4586  4.91594e+002  4.58600e+003 -4.33360e+001  7.27282e+000  4.82167e+002
          4587  4.91684e+002  4.58700e+003 -4.33181e+001  7.27144e+000  4.82250e+002
          4588  4.91764e+002  4.58800e+003 -4.32975e+001  7.27002e+000  4.82333e+002
          4589  4.91854e+002  4.58900e+003 -4.32791e+001  7.26859e+000  4.82417e+002
          4590  4.91949e+002  4.59000e+003 -4.32624e+001  7.26715e+000  4.82500e+002
          4591  4.92023e+002  4.59100e+003 -4.32456e+001  7.26572e+000  4.82583e+002
          4592  4.92103e+002  4.59200e+003 -4.32282e+001  7.26419e+000  4.82667e+002
          4593  4.92196e+002  4.59300e+003 -4.32096e+001  7.26274e+000  4.82750e+002
          4594  4.92275e+002  4.59400e+003 -4.31912e+001  7.26131e+000  4.82833e+002
          4595  4.92361e+002  4.59500e+003 -4.31729e+001  7.25986e+000  4.82917e+002
          4596  4.92454e+002  4.59600e+003 -4.31561e+001  7.25844e+000  4.83000e+002
          4597  4.92537e+002  4.59700e+003 -4.31383e+001  7.25700e+000  4.83083e+002
          4598  4.92616e+002  4.59800e+003 -4.31191e+001  7.25556e+000  4.83167e+002
          4599  4.92704e+002  4.59900e+003 -4.30992e+001  7.25410e+000  4.83250e+002
          4600  4.92787e+002  4.60000e+003 -4.30784e+001  7.25269e+000  4.83333e+002
          4601  4.92879e+002  4.60100e+003 -4.30589e+001  7.25128e+000  4.83417e+002
          4602  4.92969e+002  4.60200e+003 -4.30395e+001  7.24986e+000  4.83500e+002
          4603  4.93056e+002  4.60300e+003 -4.30201e+001  7.24846e+000  4.83583e+002
          4604  4.93135e+002  4.60400e+003 -4.30008e+001  7.24704e+000  4.83667e+002
          4605  4.93217e+002  4.60500e+003 -4.29823e+001  7.24561e+000  4.83750e+002
          4606  4.93301e+002  4.60600e+003 -4.29634e+001  7.24415e+000  4.83833e+002
          4607  4.93388e+002  4.60700e+003 -4.29436e+001  7.24272e+000  4.83917e+002
          4608  4.93487e+002  4.60800e+003 -4.29224e+001  7.24119e+000  4.84000e+002
          4609  4.93570e+002  4.60900e+003 -4.29018e+001  7.23974e+000  4.84083e+002
          4610  4.93641e+002  4.61000e+003 -4.28807e+001  7.23831e+000  4.84167e+002
          4611  4.93738e+002  4.61100e+003 -4.28595e+001  7.23686e+000  4.84250e+002
          4612  4.93816e+002  4.61200e+003 -4.28397e+001  7.23544e+000  4.84333e+002
          4613  4.93902e+002  4.61300e+003 -4.28198e+001  7.23400e+000  4.84417e+002
          4614  4.94005e+002  4.61400e+003 -4.28004e+001  7.23256e+000  4.84500e+002
          4615  4.94073e+002  4.61500e+003 -4.27811e+001  7.23110e+000  4.84583e+002
          4616  4.94157e+002  4.61600e+003 -4.27592e+001  7.22966e+000  4.84667e+002
          4617  4.94243e+002  4.61700e+003 -4.27395e+001  7.22819e+000  4.84750e+002
          4618  4.94337e+002  4.61800e+003 -4.27197e+001  7.22673e+000  4.84833e+002
          4619  4.94418e+002  4.61900e+003 -4.26998e+001  7.22523e+000  4.84917e+002
          4620  4.94504e+002  4.62000e+003 -4.26799e+001  7.22375e+000  4.85000e+002
          4621  4.94583e+002  4.62100e+003 -4.26598e+001  7.22225e+000  4.85083e+002
          4622  4.94669e+002  4.62200e+003 -4.26401e+001  7.22076e+000  4.85167e+002
          4623  4.94762e+002  4.62300e+003 -4.26210e+001  7.21925e+000  4.85250e+002
          4624  4.94845e+002  4.62400e+003 -4.26026e+001  7.21776e+000  4.85333e+002
          4625  4.94927e+002  4.62500e+003 -4.25835e+001  7.21626e+000  4.85417e+002
          4626  4.95019e+002  4.62600e+003 -4.25639e+001  7.21477e+000  4.85500e+002
          4627  4.95104e+002  4.62700e+003 -4.25432e+001  7.21325e+000  4.85583e+002
          4628  4.95179e+002  4.62800e+003 -4.25203e+001  7.21177e+000  4.85667e+002
          4629  4.95269e+002  4.62900e+003 -4.24990e+001  7.21026e+000  4.85750e+002
          4630  4.95357e+002  4.63000e+003 -4.24788e+001  7.20877e+000  4.85833e+002
          4631  4.95447e+002  4.63100e+003 -4.24595e+001  7.20725e+000  4.85917e+002
          4632  4.95528e+002  4.63200e+003 -4.24394e+001  7.20577e+000  4.86000e+002
          4633  4.95617e+002  4.63300e+003 -4.24183e+001  7.20426e+000  4.86083e+002
          4634  4.95693e+002  4.63400e+003 -4.23973e+001  7.20277e+000  4.86167e+002
          4635  4.95788e+002  4.63500e+003 -4.23770e+001  7.20125e+000  4.86250e+002
          4636  4.95878e+002  4.63600e+003 -4.23535e+001  7.19977e+000  4.86333e+002
          4637  4.95962e+002  4.63700e+003 -4.23324e+001  7.19826e+000  4.86417e+002
          4638  4.96041e+002  4.63800e+003 -4.23121e+001  7.19677e+000  4.86500e+002
          4639  4.96130e+002  4.63900e+003 -4.22917e+001  7.19525e+000  4.86583e+002
          4640  4.96215e+002  4.64000e+003 -4.22722e+001  7.19377e+000  4.86667e+002
          4641  4.96300e+002  4.64100e+003 -4.22508e+001  7.19226e+000  4.86750e+002
          4642  4.96387e+002  4.64200e+003 -4.22283e+001  7.19077e+000  4.86833e+002
          4643  4.96473e+002  4.64300e+003 -4.22054e+001  7.18925e+000  4.86917e+002
          4644  4.96556e+002  4.64400e+003 -4.21835e+001  7.18777e+000  4.87000e+002
          4645  4.96642e+002  4.64500e+003 -4.21616e+001  7.18626e+000  4.87083e+002
          4646  4.96725e+002  4.64600e+003 -4.21412e+001  7.18477e+000  4.87167e+002
          4647  4.96811e+002  4.64700e+003 -4.21209e+001  7.18325e+000  4.87250e+002
          4648  4.96899e+002  4.64800e+003 -4.20968e+001  7.18177e+000  4.87333e+002
          4649  4.96984e+002  4.64900e+003 -4.20754e+001  7.18024e+000  4.87417e+002
          4650  4.97072e+002  4.65000e+003 -4.20538e+001  7.17868e+000  4.87500e+002
          4651  4.97156e+002  4.65100e+003 -4.20323e+001  7.17714e+000  4.87583e+002
          4652  4.97245e+002  4.65200e+003 -4.20111e+001  7.17555e+000  4.87667e+002
          4653  4.97322e+002  4.65300e+003 -4.19889e+001  7.17400e+000  4.87750e+002
          4654  4.97409e+002  4.65400e+003 -4.19679e+001  7.17244e+000  4.87833e+002
          4655  4.97493e+002  4.65500e+003 -4.19475e+001  7.17090e+000  4.87917e+002
          4656  4.97576e+002  4.65600e+003 -4.19271e+001  7.16934e+000  4.88000e+002
          4657  4.97667e+002  4.65700e+003 -4.19056e+001  7.16781e+000  4.88083e+002
          4658  4.97741e+002  4.65800e+003 -4.18834e+001  7.16627e+000  4.88167e+002
          4659  4.97838e+002  4.65900e+003 -4.18607e+001  7.16477e+000  4.88250e+002
          4660  4.97915e+002  4.66000e+003 -4.18360e+001  7.16325e+000  4.88333e+002
          4661  4.98000e+002  4.66100e+003 -4.18135e+001  7.16175e+000  4.88417e+002
          4662  4.98098e+002  4.66200e+003 -4.17912e+001  7.16021e+000  4.88500e+002
          4663  4.98173e+002  4.66300e+003 -4.17680e+001  7.15864e+000  4.88583e+002
          4664  4.98261e+002  4.66400e+003 -4.17455e+001  7.15709e+000  4.88667e+002
          4665  4.98346e+002  4.66500e+003 -4.17225e+001  7.15552e+000  4.88750e+002
          4666  4.98426e+002  4.66600e+003 -4.16992e+001  7.15397e+000  4.88833e+002
          4667  4.98516e+002  4.66700e+003 -4.16764e+001  7.15240e+000  4.88917e+002
          4668  4.98609e+002  4.66800e+003 -4.16522e+001  7.15088e+000  4.89000e+002
          4669  4.98691e+002  4.66900e+003 -4.16288e+001  7.14933e+000  4.89083e+002
          4670  4.98786e+002  4.67000e+003 -4.16053e+001  7.14781e+000  4.89167e+002
          4671  4.98871e+002  4.67100e+003 -4.15814e+001  7.14627e+000  4.89250e+002
          4672  4.98946e+002  4.67200e+003 -4.15580e+001  7.14471e+000  4.89333e+002
          4673  4.99035e+002  4.67300e+003 -4.15354e+001  7.14315e+000  4.89417e+002
          4674  4.99117e+002  4.67400e+003 -4.15130e+001  7.14155e+000  4.89500e+002
          4675  4.99206e+002  4.67500e+003 -4.14903e+001  7.13992e+000  4.89583e+002
          4676  4.99293e+002  4.67600e+003 -4.14673e+001  7.13826e+000  4.89667e+002
          4677  4.99381e+002  4.67700e+003 -4.14442e+001  7.13664e+000  4.89750e+002
          4678  4.99463e+002  4.67800e+003 -4.14208e+001  7.13505e+000  4.89833e+002
          4679  4.99550e+002  4.67900e+003 -4.13974e+001  7.13344e+000  4.89917e+002
          4680  4.99634e+002  4.68000e+003 -4.13730e+001  7.13191e+000  4.90000e+002
          4681  4.99726e+002  4.68100e+003 -4.13496e+001  7.13033e+000  4.90083e+002
          4682  4.99803e+002  4.68200e+003 -4.13256e+001  7.12873e+000  4.90167e+002
          4683  4.99887e+002  4.68300e+003 -4.13010e+001  7.12716e+000  4.90250e+002
          4684  4.99975e+002  4.68400e+003 -4.12759e+001  7.12558e+000  4.90333e+002
          4685  5.00053e+002  4.68500e+003 -4.12508e+001  7.12402e+000  4.90417e+002
          4686  5.00147e+002  4.68600e+003 -4.12269e+001  7.12242e+000  4.90500e+002
          4687  5.00235e+002  4.68700e+003 -4.12030e+001  7.12080e+000  4.90583e+002
          4688  5.00323e+002  4.68800e+003 -4.11771e+001  7.11919e+000  4.90667e+002
          4689  5.00402e+002  4.68900e+003 -4.11519e+001  7.11760e+000  4.90750e+002
          4690  5.00489e+002  4.69000e+003 -4.11270e+001  7.11602e+000  4.90833e+002
          4691  5.00573e+002  4.69100e+003 -4.11020e+001  7.11442e+000  4.90917e+002
          4692  5.00664e+002  4.69200e+003 -4.10748e+001  7.11281e+000  4.91000e+002
          4693  5.00746e+002  4.69300e+003 -4.10488e+001  7.11122e+000  4.91083e+002
          4694  5.00833e+002  4.69400e+003 -4.10229e+001  7.10962e+000  4.91167e+002
          4695  5.00923e+002  4.69500e+003 -4.09969e+001  7.10805e+000  4.91250e+002
          4696  5.01007e+002  4.69600e+003 -4.09730e+001  7.10641e+000  4.91333e+002
          4697  5.01091e+002  4.69700e+003 -4.09478e+001  7.10478e+000  4.91417e+002
          4698  5.01186e+002  4.69800e+003 -4.09218e+001  7.10318e+000  4.91500e+002
          4699  5.01265e+002  4.69900e+003 -4.08956e+001  7.10156e+000  4.91583e+002
          4700  5.01348e+002  4.70000e+003 -4.08694e+001  7.09998e+000  4.91667e+002
          4701  5.01439e+002  4.70100e+003 -4.08436e+001  7.09838e+000  4.91750e+002
          4702  5.01525e+002  4.70200e+003 -4.08173e+001  7.09676e+000  4.91833e+002
          4703  5.01607e+002  4.70300e+003 -4.07900e+001  7.09517e+000  4.91917e+002
          4704  5.01700e+002  4.70400e+003 -4.07633e+001  7.09357e+000  4.92000e+002
          4705  5.01778e+002  4.70500e+003 -4.07376e+001  7.09194e+000  4.92083e+002
          4706  5.01863e+002  4.70600e+003 -4.07109e+001  7.09032e+000  4.92167e+002
          4707  5.01953e+002  4.70700e+003 -4.06840e+001  7.08869e+000  4.92250e+002
          4708  5.02041e+002  4.70800e+003 -4.06554e+001  7.08698e+000  4.92333e+002
          4709  5.02132e+002  4.70900e+003 -4.06283e+001  7.08532e+000  4.92417e+002
          4710  5.02213e+002  4.71000e+003 -4.06014e+001  7.08366e+000  4.92500e+002
          4711  5.02299e+002  4.71100e+003 -4.05755e+001  7.08196e+000  4.92583e+002
          4712  5.02387e+002  4.71200e+003 -4.05478e+001  7.08032e+000  4.92667e+002
          4713  5.02467e+002  4.71300e+003 -4.05205e+001  7.07865e+000  4.92750e+002
          4714  5.02550e+002  4.71400e+003 -4.04932e+001  7.07697e+000  4.92833e+002
          4715  5.02642e+002  4.71500e+003 -4.04656e+001  7.07533e+000  4.92917e+002
          4716  5.02734e+002  4.71600e+003 -4.04380e+001  7.07368e+000  4.93000e+002
          4717  5.02823e+002  4.71700e+003 -4.04110e+001  7.07201e+000  4.93083e+002
          4718  5.02902e+002  4.71800e+003 -4.03851e+001  7.07036e+000  4.93167e+002
          4719  5.02992e+002  4.71900e+003 -4.03600e+001  7.06870e+000  4.93250e+002
          4720  5.03067e+002  4.72000e+003 -4.03324e+001  7.06700e+000  4.93333e+002
          4721  5.03160e+002  4.72100e+003 -4.03033e+001  7.06534e+000  4.93417e+002
          4722  5.03250e+002  4.72200e+003 -4.02751e+001  7.06366e+000  4.93500e+002
          4723  5.03338e+002  4.72300e+003 -4.02479e+001  7.06197e+000  4.93583e+002
          4724  5.03422e+002  4.72400e+003 -4.02200e+001  7.06032e+000  4.93667e+002
          4725  5.03509e+002  4.72500e+003 -4.01921e+001  7.05865e+000  4.93750e+002
          4726  5.03597e+002  4.72600e+003 -4.01639e+001  7.05697e+000  4.93833e+002
          4727  5.03674e+002  4.72700e+003 -4.01365e+001  7.05533e+000  4.93917e+002
          4728  5.03767e+002  4.72800e+003 -4.01092e+001  7.05368e+000  4.94000e+002
          4729  5.03844e+002  4.72900e+003 -4.00825e+001  7.05201e+000  4.94083e+002
          4730  5.03933e+002  4.73000e+003 -4.00548e+001  7.05036e+000  4.94167e+002
          4731  5.04017e+002  4.73100e+003 -4.00256e+001  7.04870e+000  4.94250e+002
          4732  5.04102e+002  4.73200e+003 -3.99989e+001  7.04700e+000  4.94333e+002
          4733  5.04183e+002  4.73300e+003 -3.99706e+001  7.04534e+000  4.94417e+002
          4734  5.04273e+002  4.73400e+003 -3.99420e+001  7.04366e+000  4.94500e+002
          4735  5.04364e+002  4.73500e+003 -3.99135e+001  7.04197e+000  4.94583e+002
          4736  5.04452e+002  4.73600e+003 -3.98847e+001  7.04024e+000  4.94667e+002
          4737  5.04535e+002  4.73700e+003 -3.98546e+001  7.03855e+000  4.94750e+002
          4738  5.04619e+002  4.73800e+003 -3.98257e+001  7.03684e+000  4.94833e+002
          4739  5.04705e+002  4.73900e+003 -3.97982e+001  7.03511e+000  4.94917e+002
          4740  5.04796e+002  4.74000e+003 -3.97673e+001  7.03341e+000  4.95000e+002
          4741  5.04877e+002  4.74100e+003 -3.97386e+001  7.03171e+000  4.95083e+002
          4742  5.04970e+002  4.74200e+003 -3.97089e+001  7.03001e+000  4.95167e+002
          4743  5.05057e+002  4.74300e+003 -3.96782e+001  7.02835e+000  4.95250e+002
          4744  5.05140e+002  4.74400e+003 -3.96502e+001  7.02670e+000  4.95333e+002
          4745  5.05228e+002  4.74500e+003 -3.96210e+001  7.02499e+000  4.95417e+002
          4746  5.05315e+002  4.74600e+003 -3.95919e+001  7.02328e+000  4.95500e+002
          4747  5.05393e+002  4.74700e+003 -3.95624e+001  7.02159e+000  4.95583e+002
          4748  5.05487e+002  4.74800e+003 -3.95330e+001  7.01984e+000  4.95667e+002
          4749  5.05567e+002  4.74900e+003 -3.95041e+001  7.01809e+000  4.95750e+002
          4750  5.05655e+002  4.75000e+003 -3.94749e+001  7.01634e+000  4.95833e+002
          4751  5.05742e+002  4.75100e+003 -3.94443e+001  7.01462e+000  4.95917e+002
          4752  5.05827e+002  4.75200e+003 -3.94119e+001  7.01287e+000  4.96000e+002
          4753  5.05906e+002  4.75300e+003 -3.93829e+001  7.01111e+000  4.96083e+002
          4754  5.06000e+002  4.75400e+003 -3.93530e+001  7.00935e+000  4.96167e+002
          4755  5.06084e+002  4.75500e+003 -3.93227e+001  7.00762e+000  4.96250e+002
          4756  5.06170e+002  4.75600e+003 -3.92956e+001  7.00588e+000  4.96333e+002
          4757  5.06255e+002  4.75700e+003 -3.92666e+001  7.00411e+000  4.96417e+002
          4758  5.06333e+002  4.75800e+003 -3.92360e+001  7.00235e+000  4.96500e+002
          4759  5.06430e+002  4.75900e+003 -3.92046e+001  7.00063e+000  4.96583e+002
          4760  5.06511e+002  4.76000e+003 -3.91732e+001  6.99888e+000  4.96667e+002
          4761  5.06597e+002  4.76100e+003 -3.91421e+001  6.99711e+000  4.96750e+002
          4762  5.06677e+002  4.76200e+003 -3.91109e+001  6.99532e+000  4.96833e+002
          4763  5.06769e+002  4.76300e+003 -3.90799e+001  6.99351e+000  4.96917e+002
          4764  5.06852e+002  4.76400e+003 -3.90489e+001  6.99176e+000  4.97000e+002
          4765  5.06931e+002  4.76500e+003 -3.90173e+001  6.98999e+000  4.97083e+002
          4766  5.07029e+002  4.76600e+003 -3.89850e+001  6.98820e+000  4.97167e+002
          4767  5.07114e+002  4.76700e+003 -3.89518e+001  6.98639e+000  4.97250e+002
          4768  5.07197e+002  4.76800e+003 -3.89189e+001  6.98469e+000  4.97333e+002
          4769  5.07287e+002  4.76900e+003 -3.88865e+001  6.98294e+000  4.97417e+002
          4770  5.07375e+002  4.77000e+003 -3.88536e+001  6.98117e+000  4.97500e+002
          4771  5.07463e+002  4.77100e+003 -3.88211e+001  6.97938e+000  4.97583e+002
          4772  5.07544e+002  4.77200e+003 -3.87903e+001  6.97767e+000  4.97667e+002
          4773  5.07629e+002  4.77300e+003 -3.87594e+001  6.97593e+000  4.97750e+002
          4774  5.07721e+002  4.77400e+003 -3.87270e+001  6.97416e+000  4.97833e+002
          4775  5.07803e+002  4.77500e+003 -3.86946e+001  6.97238e+000  4.97917e+002
          4776  5.07893e+002  4.77600e+003 -3.86613e+001  6.97059e+000  4.98000e+002
          4777  5.07977e+002  4.77700e+003 -3.86289e+001  6.96883e+000  4.98083e+002
          4778  5.08069e+002  4.77800e+003 -3.85977e+001  6.96705e+000  4.98167e+002
          4779  5.08159e+002  4.77900e+003 -3.85672e+001  6.96526e+000  4.98250e+002
          4780  5.08235e+002  4.78000e+003 -3.85368e+001  6.96344e+000  4.98333e+002
          4781  5.08322e+002  4.78100e+003 -3.85061e+001  6.96168e+000  4.98417e+002
          4782  5.08414e+002  4.78200e+003 -3.84751e+001  6.95992e+000  4.98500e+002
          4783  5.08502e+002  4.78300e+003 -3.84429e+001  6.95814e+000  4.98583e+002
          4784  5.08585e+002  4.78400e+003 -3.84117e+001  6.95634e+000  4.98667e+002
          4785  5.08676e+002  4.78500e+003 -3.83814e+001  6.95455e+000  4.98750e+002
          4786  5.08754e+002  4.78600e+003 -3.83494e+001  6.95278e+000  4.98833e+002
          4787  5.08845e+002  4.78700e+003 -3.83174e+001  6.95102e+000  4.98917e+002
          4788  5.08931e+002  4.78800e+003 -3.82851e+001  6.94919e+000  4.99000e+002
          4789  5.09013e+002  4.78900e+003 -3.82517e+001  6.94737e+000  4.99083e+002
          4790  5.09106e+002  4.79000e+003 -3.82173e+001  6.94553e+000  4.99167e+002
          4791  5.09188e+002  4.79100e+003 -3.81835e+001  6.94367e+000  4.99250e+002
          4792  5.09278e+002  4.79200e+003 -3.81470e+001  6.94175e+000  4.99333e+002
          4793  5.09358e+002  4.79300e+003 -3.81127e+001  6.93986e+000  4.99417e+002
          4794  5.09447e+002  4.79400e+003 -3.80793e+001  6.93802e+000  4.99500e+002
          4795  5.09529e+002  4.79500e+003 -3.80467e+001  6.93619e+000  4.99583e+002
          4796  5.09623e+002  4.79600e+003 -3.80109e+001  6.93432e+000  4.99667e+002
          4797  5.09708e+002  4.79700e+003 -3.79755e+001  6.93245e+000  4.99750e+002
          4798  5.09785e+002  4.79800e+003 -3.79407e+001  6.93057e+000  4.99833e+002
          4799  5.09877e+002  4.79900e+003 -3.79065e+001  6.92869e+000  4.99917e+002
          4800  5.09967e+002  4.80000e+003 -3.78769e+001  6.92689e+000  5.00000e+002
          4801  5.10047e+002  4.80100e+003 -3.78444e+001  6.92507e+000  5.00083e+002
          4802  5.10134e+002  4.80200e+003 -3.78105e+001  6.92325e+000  5.00167e+002
          4803  5.10223e+002  4.80300e+003 -3.77764e+001  6.92141e+000  5.00250e+002
          4804  5.10295e+002  4.80400e+003 -3.77430e+001  6.91960e+000  5.00333e+002
          4805  5.10385e+002  4.80500e+003 -3.77081e+001  6.91774e+000  5.00417e+002
          4806  5.10480e+002  4.80600e+003 -3.76744e+001  6.91587e+000  5.00500e+002
          4807  5.10558e+002  4.80700e+003 -3.76413e+001  6.91405e+000  5.00583e+002
          4808  5.10648e+002  4.80800e+003 -3.76077e+001  6.91215e+000  5.00667e+002
          4809  5.10736e+002  4.80900e+003 -3.75725e+001  6.91030e+000  5.00750e+002
          4810  5.10829e+002  4.81000e+003 -3.75369e+001  6.90843e+000  5.00833e+002
          4811  5.10909e+002  4.81100e+003 -3.75008e+001  6.90656e+000  5.00917e+002
          4812  5.10998e+002  4.81200e+003 -3.74636e+001  6.90470e+000  5.01000e+002
          4813  5.11087e+002  4.81300e+003 -3.74282e+001  6.90280e+000  5.01083e+002
          4814  5.11172e+002  4.81400e+003 -3.73932e+001  6.90091e+000  5.01167e+002
          4815  5.11257e+002  4.81500e+003 -3.73574e+001  6.89906e+000  5.01250e+002
          4816  5.11337e+002  4.81600e+003 -3.73232e+001  6.89717e+000  5.01333e+002
          4817  5.11427e+002  4.81700e+003 -3.72878e+001  6.89531e+000  5.01417e+002
          4818  5.11521e+002  4.81800e+003 -3.72525e+001  6.89344e+000  5.01500e+002
          4819  5.11604e+002  4.81900e+003 -3.72176e+001  6.89156e+000  5.01583e+002
          4820  5.11692e+002  4.82000e+003 -3.71811e+001  6.88970e+000  5.01667e+002
          4821  5.11771e+002  4.82100e+003 -3.71458e+001  6.88780e+000  5.01750e+002
          4822  5.11850e+002  4.82200e+003 -3.71105e+001  6.88588e+000  5.01833e+002
          4823  5.11936e+002  4.82300e+003 -3.70740e+001  6.88395e+000  5.01917e+002
          4824  5.12030e+002  4.82400e+003 -3.70369e+001  6.88205e+000  5.02000e+002
          4825  5.12104e+002  4.82500e+003 -3.70008e+001  6.88018e+000  5.02083e+002
          4826  5.12199e+002  4.82600e+003 -3.69658e+001  6.87831e+000  5.02167e+002
          4827  5.12284e+002  4.82700e+003 -3.69297e+001  6.87644e+000  5.02250e+002
          4828  5.12378e+002  4.82800e+003 -3.68932e+001  6.87464e+000  5.02333e+002
          4829  5.12458e+002  4.82900e+003 -3.68560e+001  6.87276e+000  5.02417e+002
          4830  5.12544e+002  4.83000e+003 -3.68190e+001  6.87086e+000  5.02500e+002
          4831  5.12638e+002  4.83100e+003 -3.67826e+001  6.86894e+000  5.02583e+002
          4832  5.12730e+002  4.83200e+003 -3.67431e+001  6.86693e+000  5.02667e+002
          4833  5.12809e+002  4.83300e+003 -3.67043e+001  6.86495e+000  5.02750e+002
          4834  5.12893e+002  4.83400e+003 -3.66657e+001  6.86297e+000  5.02833e+002
          4835  5.12983e+002  4.83500e+003 -3.66273e+001  6.86099e+000  5.02917e+002
          4836  5.13070e+002  4.83600e+003 -3.65895e+001  6.85899e+000  5.03000e+002
          4837  5.13158e+002  4.83700e+003 -3.65518e+001  6.85699e+000  5.03083e+002
          4838  5.13238e+002  4.83800e+003 -3.65139e+001  6.85502e+000  5.03167e+002
          4839  5.13317e+002  4.83900e+003 -3.64744e+001  6.85311e+000  5.03250e+002
          4840  5.13407e+002  4.84000e+003 -3.64354e+001  6.85120e+000  5.03333e+002
          4841  5.13503e+002  4.84100e+003 -3.63959e+001  6.84926e+000  5.03417e+002
          4842  5.13592e+002  4.84200e+003 -3.63565e+001  6.84735e+000  5.03500e+002
          4843  5.13682e+002  4.84300e+003 -3.63186e+001  6.84546e+000  5.03583e+002
          4844  5.13760e+002  4.84400e+003 -3.62793e+001  6.84358e+000  5.03667e+002
          4845  5.13846e+002  4.84500e+003 -3.62408e+001  6.84167e+000  5.03750e+002
          4846  5.13932e+002  4.84600e+003 -3.62037e+001  6.83975e+000  5.03833e+002
          4847  5.14022e+002  4.84700e+003 -3.61662e+001  6.83783e+000  5.03917e+002
          4848  5.14110e+002  4.84800e+003 -3.61266e+001  6.83587e+000  5.04000e+002
          4849  5.14191e+002  4.84900e+003 -3.60885e+001  6.83391e+000  5.04083e+002
          4850  5.14279e+002  4.85000e+003 -3.60498e+001  6.83195e+000  5.04167e+002
          4851  5.14357e+002  4.85100e+003 -3.60111e+001  6.82998e+000  5.04250e+002
          4852  5.14448e+002  4.85200e+003 -3.59755e+001  6.82798e+000  5.04333e+002
          4853  5.14536e+002  4.85300e+003 -3.59372e+001  6.82598e+000  5.04417e+002
          4854  5.14622e+002  4.85400e+003 -3.58980e+001  6.82399e+000  5.04500e+002
          4855  5.14710e+002  4.85500e+003 -3.58595e+001  6.82200e+000  5.04583e+002
          4856  5.14795e+002  4.85600e+003 -3.58190e+001  6.82000e+000  5.04667e+002
          4857  5.14876e+002  4.85700e+003 -3.57785e+001  6.81800e+000  5.04750e+002
          4858  5.14972e+002  4.85800e+003 -3.57385e+001  6.81600e+000  5.04833e+002
          4859  5.15058e+002  4.85900e+003 -3.56986e+001  6.81400e+000  5.04917e+002
          4860  5.15143e+002  4.86000e+003 -3.56571e+001  6.81200e+000  5.05000e+002
          4861  5.15224e+002  4.86100e+003 -3.56167e+001  6.81000e+000  5.05083e+002
          4862  5.15320e+002  4.86200e+003 -3.55762e+001  6.80800e+000  5.05167e+002
          4863  5.15412e+002  4.86300e+003 -3.55357e+001  6.80600e+000  5.05250e+002
          4864  5.15491e+002  4.86400e+003 -3.54950e+001  6.80400e+000  5.05333e+002
          4865  5.15586e+002  4.86500e+003 -3.54533e+001  6.80200e+000  5.05417e+002
          4866  5.15663e+002  4.86600e+003 -3.54115e+001  6.80000e+000  5.05500e+002
          4867  5.15755e+002  4.86700e+003 -3.53706e+001  6.79800e+000  5.05583e+002
          4868  5.15843e+002  4.86800e+003 -3.53299e+001  6.79600e+000  5.05667e+002
          4869  5.15926e+002  4.86900e+003 -3.52898e+001  6.79400e+000  5.05750e+002
          4870  5.16015e+002  4.87000e+003 -3.52505e+001  6.79200e+000  5.05833e+002
          4871  5.16099e+002  4.87100e+003 -3.52116e+001  6.79000e+000  5.05917e+002
          4872  5.16179e+002  4.87200e+003 -3.51706e+001  6.78800e+000  5.06000e+002
          4873  5.16271e+002  4.87300e+003 -3.51313e+001  6.78600e+000  5.06083e+002
          4874  5.16354e+002  4.87400e+003 -3.50925e+001  6.78400e+000  5.06167e+002
          4875  5.16443e+002  4.87500e+003 -3.50532e+001  6.78200e+000  5.06250e+002
          4876  5.16532e+002  4.87600e+003 -3.50161e+001  6.77989e+000  5.06333e+002
          4877  5.16614e+002  4.87700e+003 -3.49773e+001  6.77778e+000  5.06417e+002
          4878  5.16708e+002  4.87800e+003 -3.49379e+001  6.77567e+000  5.06500e+002
          4879  5.16795e+002  4.87900e+003 -3.48986e+001  6.77356e+000  5.06583e+002
          4880  5.16876e+002  4.88000e+003 -3.48580e+001  6.77136e+000  5.06667e+002
          4881  5.16965e+002  4.88100e+003 -3.48186e+001  6.76923e+000  5.06750e+002
          4882  5.17053e+002  4.88200e+003 -3.47789e+001  6.76714e+000  5.06833e+002
          4883  5.17133e+002  4.88300e+003 -3.47397e+001  6.76506e+000  5.06917e+002
          4884  5.17226e+002  4.88400e+003 -3.46982e+001  6.76307e+000  5.07000e+002
          4885  5.17307e+002  4.88500e+003 -3.46577e+001  6.76105e+000  5.07083e+002
          4886  5.17396e+002  4.88600e+003 -3.46180e+001  6.75903e+000  5.07167e+002
          4887  5.17483e+002  4.88700e+003 -3.45784e+001  6.75701e+000  5.07250e+002
          4888  5.17561e+002  4.88800e+003 -3.45376e+001  6.75501e+000  5.07333e+002
          4889  5.17647e+002  4.88900e+003 -3.44958e+001  6.75301e+000  5.07417e+002
          4890  5.17741e+002  4.89000e+003 -3.44541e+001  6.75098e+000  5.07500e+002
          4891  5.17825e+002  4.89100e+003 -3.44128e+001  6.74889e+000  5.07583e+002
          4892  5.17914e+002  4.89200e+003 -3.43689e+001  6.74677e+000  5.07667e+002
          4893  5.18003e+002  4.89300e+003 -3.43262e+001  6.74465e+000  5.07750e+002
          4894  5.18083e+002  4.89400e+003 -3.42834e+001  6.74254e+000  5.07833e+002
          4895  5.18174e+002  4.89500e+003 -3.42409e+001  6.74043e+000  5.07917e+002
          4896  5.18256e+002  4.89600e+003 -3.41959e+001  6.73829e+000  5.08000e+002
          4897  5.18342e+002  4.89700e+003 -3.41516e+001  6.73619e+000  5.08083e+002
          4898  5.18423e+002  4.89800e+003 -3.41074e+001  6.73411e+000  5.08167e+002
          4899  5.18514e+002  4.89900e+003 -3.40639e+001  6.73205e+000  5.08250e+002
          4900  5.18599e+002  4.90000e+003 -3.40190e+001  6.73003e+000  5.08333e+002
          4901  5.18698e+002  4.90100e+003 -3.39741e+001  6.72792e+000  5.08417e+002
          4902  5.18773e+002  4.90200e+003 -3.39299e+001  6.72580e+000  5.08500e+002
          4903  5.18864e+002  4.90300e+003 -3.38854e+001  6.72367e+000  5.08583e+002
          4904  5.18951e+002  4.90400e+003 -3.38398e+001  6.72151e+000  5.08667e+002
          4905  5.19042e+002  4.90500e+003 -3.37934e+001  6.71938e+000  5.08750e+002
          4906  5.19118e+002  4.90600e+003 -3.37481e+001  6.71728e+000  5.08833e+002
          4907  5.19210e+002  4.90700e+003 -3.37033e+001  6.71519e+000  5.08917e+002
          4908  5.19292e+002  4.90800e+003 -3.36574e+001  6.71312e+000  5.09000e+002
          4909  5.19367e+002  4.90900e+003 -3.36101e+001  6.71098e+000  5.09083e+002
          4910  5.19468e+002  4.91000e+003 -3.35643e+001  6.70883e+000  5.09167e+002
          4911  5.19554e+002  4.91100e+003 -3.35191e+001  6.70669e+000  5.09250e+002
          4912  5.19640e+002  4.91200e+003 -3.34730e+001  6.70453e+000  5.09333e+002
          4913  5.19728e+002  4.91300e+003 -3.34270e+001  6.70237e+000  5.09417e+002
          4914  5.19813e+002  4.91400e+003 -3.33811e+001  6.70017e+000  5.09500e+002
          4915  5.19901e+002  4.91500e+003 -3.33352e+001  6.69797e+000  5.09583e+002
          4916  5.19981e+002  4.91600e+003 -3.32921e+001  6.69578e+000  5.09667e+002
          4917  5.20079e+002  4.91700e+003 -3.32483e+001  6.69362e+000  5.09750e+002
          4918  5.20161e+002  4.91800e+003 -3.32045e+001  6.69147e+000  5.09833e+002
          4919  5.20248e+002  4.91900e+003 -3.31605e+001  6.68933e+000  5.09917e+002
          4920  5.20329e+002  4.92000e+003 -3.31166e+001  6.68713e+000  5.10000e+002
          4921  5.20428e+002  4.92100e+003 -3.30716e+001  6.68494e+000  5.10083e+002
          4922  5.20513e+002  4.92200e+003 -3.30266e+001  6.68276e+000  5.10167e+002
          4923  5.20594e+002  4.92300e+003 -3.29821e+001  6.68059e+000  5.10250e+002
          4924  5.20675e+002  4.92400e+003 -3.29379e+001  6.67840e+000  5.10333e+002
          4925  5.20767e+002  4.92500e+003 -3.28926e+001  6.67624e+000  5.10417e+002
          4926  5.20869e+002  4.92600e+003 -3.28473e+001  6.67404e+000  5.10500e+002
          4927  5.20942e+002  4.92700e+003 -3.28027e+001  6.67184e+000  5.10583e+002
          4928  5.21036e+002  4.92800e+003 -3.27575e+001  6.66972e+000  5.10667e+002
          4929  5.21127e+002  4.92900e+003 -3.27116e+001  6.66757e+000  5.10750e+002
          4930  5.21207e+002  4.93000e+003 -3.26658e+001  6.66541e+000  5.10833e+002
          4931  5.21299e+002  4.93100e+003 -3.26203e+001  6.66320e+000  5.10917e+002
          4932  5.21378e+002  4.93200e+003 -3.25776e+001  6.66100e+000  5.11000e+002
          4933  5.21465e+002  4.93300e+003 -3.25327e+001  6.65880e+000  5.11083e+002
          4934  5.21561e+002  4.93400e+003 -3.24874e+001  6.65663e+000  5.11167e+002
          4935  5.21646e+002  4.93500e+003 -3.24420e+001  6.65447e+000  5.11250e+002
          4936  5.21726e+002  4.93600e+003 -3.23970e+001  6.65222e+000  5.11333e+002
          4937  5.21816e+002  4.93700e+003 -3.23514e+001  6.65000e+000  5.11417e+002
          4938  5.21913e+002  4.93800e+003 -3.23053e+001  6.64780e+000  5.11500e+002
          4939  5.21991e+002  4.93900e+003 -3.22587e+001  6.64561e+000  5.11583e+002
          4940  5.22074e+002  4.94000e+003 -3.22126e+001  6.64331e+000  5.11667e+002
          4941  5.22162e+002  4.94100e+003 -3.21670e+001  6.64105e+000  5.11750e+002
          4942  5.22252e+002  4.94200e+003 -3.21219e+001  6.63883e+000  5.11833e+002
          4943  5.22335e+002  4.94300e+003 -3.20769e+001  6.63662e+000  5.11917e+002
          4944  5.22430e+002  4.94400e+003 -3.20299e+001  6.63433e+000  5.12000e+002
          4945  5.22510e+002  4.94500e+003 -3.19833e+001  6.63207e+000  5.12083e+002
          4946  5.22599e+002  4.94600e+003 -3.19369e+001  6.62984e+000  5.12167e+002
          4947  5.22690e+002  4.94700e+003 -3.18911e+001  6.62762e+000  5.12250e+002
          4948  5.22765e+002  4.94800e+003 -3.18461e+001  6.62533e+000  5.12333e+002
          4949  5.22862e+002  4.94900e+003 -3.18013e+001  6.62307e+000  5.12417e+002
          4950  5.22940e+002  4.95000e+003 -3.17563e+001  6.62084e+000  5.12500e+002
          4951  5.23018e+002  4.95100e+003 -3.17113e+001  6.61863e+000  5.12583e+002
          4952  5.23113e+002  4.95200e+003 -3.16679e+001  6.61633e+000  5.12667e+002
          4953  5.23203e+002  4.95300e+003 -3.16223e+001  6.61407e+000  5.12750e+002
          4954  5.23289e+002  4.95400e+003 -3.15757e+001  6.61184e+000  5.12833e+002
          4955  5.23370e+002  4.95500e+003 -3.15293e+001  6.60962e+000  5.12917e+002
          4956  5.23461e+002  4.95600e+003 -3.14835e+001  6.60733e+000  5.13000e+002
          4957  5.23547e+002  4.95700e+003 -3.14374e+001  6.60507e+000  5.13083e+002
          4958  5.23636e+002  4.95800e+003 -3.13905e+001  6.60281e+000  5.13167e+002
          4959  5.23726e+002  4.95900e+003 -3.13426e+001  6.60051e+000  5.13250e+002
          4960  5.23799e+002  4.96000e+003 -3.12945e+001  6.59821e+000  5.13333e+002
          4961  5.23891e+002  4.96100e+003 -3.12471e+001  6.59592e+000  5.13417e+002
          4962  5.23980e+002  4.96200e+003 -3.11995e+001  6.59360e+000  5.13500e+002
          4963  5.24060e+002  4.96300e+003 -3.11519e+001  6.59128e+000  5.13583e+002
          4964  5.24159e+002  4.96400e+003 -3.11028e+001  6.58901e+000  5.13667e+002
          4965  5.24238e+002  4.96500e+003 -3.10545e+001  6.58674e+000  5.13750e+002
          4966  5.24325e+002  4.96600e+003 -3.10046e+001  6.58443e+000  5.13833e+002
          4967  5.24407e+002  4.96700e+003 -3.09545e+001  6.58214e+000  5.13917e+002
          4968  5.24494e+002  4.96800e+003 -3.09044e+001  6.57990e+000  5.14000e+002
          4969  5.24584e+002  4.96900e+003 -3.08559e+001  6.57759e+000  5.14083e+002
          4970  5.24682e+002  4.97000e+003 -3.08073e+001  6.57529e+000  5.14167e+002
          4971  5.24757e+002  4.97100e+003 -3.07577e+001  6.57302e+000  5.14250e+002
          4972  5.24851e+002  4.97200e+003 -3.07059e+001  6.57066e+000  5.14333e+002
          4973  5.24935e+002  4.97300e+003 -3.06545e+001  6.56833e+000  5.14417e+002
          4974  5.25023e+002  4.97400e+003 -3.06031e+001  6.56602e+000  5.14500e+002
          4975  5.25105e+002  4.97500e+003 -3.05519e+001  6.56367e+000  5.14583e+002
          4976  5.25194e+002  4.97600e+003 -3.05019e+001  6.56132e+000  5.14667e+002
          4977  5.25277e+002  4.97700e+003 -3.04529e+001  6.55899e+000  5.14750e+002
          4978  5.25367e+002  4.97800e+003 -3.04042e+001  6.55664e+000  5.14833e+002
          4979  5.25449e+002  4.97900e+003 -3.03559e+001  6.55430e+000  5.14917e+002
          4980  5.25545e+002  4.98000e+003 -3.03068e+001  6.55200e+000  5.15000e+002
          4981  5.25624e+002  4.98100e+003 -3.02587e+001  6.54966e+000  5.15083e+002
          4982  5.25713e+002  4.98200e+003 -3.02116e+001  6.54734e+000  5.15167e+002
          4983  5.25797e+002  4.98300e+003 -3.01645e+001  6.54503e+000  5.15250e+002
          4984  5.25879e+002  4.98400e+003 -3.01198e+001  6.54268e+000  5.15333e+002
          4985  5.25967e+002  4.98500e+003 -3.00729e+001  6.54032e+000  5.15417e+002
          4986  5.26062e+002  4.98600e+003 -3.00249e+001  6.53793e+000  5.15500e+002
          4987  5.26147e+002  4.98700e+003 -2.99763e+001  6.53556e+000  5.15583e+002
          4988  5.26223e+002  4.98800e+003 -2.99278e+001  6.53308e+000  5.15667e+002
          4989  5.26323e+002  4.98900e+003 -2.98792e+001  6.53066e+000  5.15750e+002
          4990  5.26409e+002  4.99000e+003 -2.98292e+001  6.52826e+000  5.15833e+002
          4991  5.26491e+002  4.99100e+003 -2.97777e+001  6.52584e+000  5.15917e+002
          4992  5.26584e+002  4.99200e+003 -2.97231e+001  6.52342e+000  5.16000e+002
          4993  5.26671e+002  4.99300e+003 -2.96727e+001  6.52098e+000  5.16083e+002
          4994  5.26747e+002  4.99400e+003 -2.96233e+001  6.51858e+000  5.16167e+002
          4995  5.26841e+002  4.99500e+003 -2.95737e+001  6.51620e+000  5.16250e+002
          4996  5.26927e+002  4.99600e+003 -2.95207e+001  6.51380e+000  5.16333e+002
          4997  5.27015e+002  4.99700e+003 -2.94684e+001  6.51140e+000  5.16417e+002
          4998  5.27094e+002  4.99800e+003 -2.94169e+001  6.50898e+000  5.16500e+002
          4999  5.27186e+002  4.99900e+003 -2.93664e+001  6.50658e+000  5.16583e+002
          5000  5.27275e+002  5.00000e+003 -2.93149e+001  6.50419e+000  5.16667e+002
          5001  5.27356e+002  5.00100e+003 -2.92638e+001  6.50178e+000  5.16750e+002
          5002  5.27451e+002  5.00200e+003 -2.92129e+001  6.49938e+000  5.16833e+002
          5003  5.27538e+002  5.00300e+003 -2.91613e+001  6.49695e+000  5.16917e+002
          5004  5.27617e+002  5.00400e+003 -2.91117e+001  6.49456e+000  5.17000e+002
          5005  5.27708e+002  5.00500e+003 -2.90606e+001  6.49213e+000  5.17083e+002
          5006  5.27803e+002  5.00600e+003 -2.90088e+001  6.48972e+000  5.17167e+002
          5007  5.27892e+002  5.00700e+003 -2.89564e+001  6.48733e+000  5.17250e+002
          5008  5.27969e+002  5.00800e+003 -2.89060e+001  6.48488e+000  5.17333e+002
          5009  5.28053e+002  5.00900e+003 -2.88528e+001  6.48245e+000  5.17417e+002
          5010  5.28137e+002  5.01000e+003 -2.87991e+001  6.48001e+000  5.17500e+002
          5011  5.28232e+002  5.01100e+003 -2.87459e+001  6.47759e+000  5.17583e+002
          5012  5.28328e+002  5.01200e+003 -2.86891e+001  6.47512e+000  5.17667e+002
          5013  5.28406e+002  5.01300e+003 -2.86350e+001  6.47266e+000  5.17750e+002
          5014  5.28488e+002  5.01400e+003 -2.85809e+001  6.47019e+000  5.17833e+002
          5015  5.28587e+002  5.01500e+003 -2.85271e+001  6.46773e+000  5.17917e+002
          5016  5.28653e+002  5.01600e+003 -2.84710e+001  6.46521e+000  5.18000e+002
          5017  5.28745e+002  5.01700e+003 -2.84165e+001  6.46272e+000  5.18083e+002
          5018  5.28843e+002  5.01800e+003 -2.83629e+001  6.46022e+000  5.18167e+002
          5019  5.28938e+002  5.01900e+003 -2.83088e+001  6.45775e+000  5.18250e+002
          5020  5.29015e+002  5.02000e+003 -2.82529e+001  6.45523e+000  5.18333e+002
          5021  5.29109e+002  5.02100e+003 -2.81964e+001  6.45273e+000  5.18417e+002
          5022  5.29188e+002  5.02200e+003 -2.81404e+001  6.45023e+000  5.18500e+002
          5023  5.29268e+002  5.02300e+003 -2.80847e+001  6.44775e+000  5.18583e+002
          5024  5.29360e+002  5.02400e+003 -2.80295e+001  6.44523e+000  5.18667e+002
          5025  5.29447e+002  5.02500e+003 -2.79735e+001  6.44274e+000  5.18750e+002
          5026  5.29534e+002  5.02600e+003 -2.79181e+001  6.44023e+000  5.18833e+002
          5027  5.29618e+002  5.02700e+003 -2.78640e+001  6.43775e+000  5.18917e+002
          5028  5.29710e+002  5.02800e+003 -2.78095e+001  6.43523e+000  5.19000e+002
          5029  5.29796e+002  5.02900e+003 -2.77559e+001  6.43274e+000  5.19083e+002
          5030  5.29888e+002  5.03000e+003 -2.77029e+001  6.43023e+000  5.19167e+002
          5031  5.29983e+002  5.03100e+003 -2.76496e+001  6.42775e+000  5.19250e+002
          5032  5.30066e+002  5.03200e+003 -2.75970e+001  6.42523e+000  5.19333e+002
          5033  5.30153e+002  5.03300e+003 -2.75429e+001  6.42274e+000  5.19417e+002
          5034  5.30245e+002  5.03400e+003 -2.74874e+001  6.42023e+000  5.19500e+002
          5035  5.30316e+002  5.03500e+003 -2.74315e+001  6.41775e+000  5.19583e+002
          5036  5.30406e+002  5.03600e+003 -2.73782e+001  6.41523e+000  5.19667e+002
          5037  5.30491e+002  5.03700e+003 -2.73236e+001  6.41274e+000  5.19750e+002
          5038  5.30575e+002  5.03800e+003 -2.72680e+001  6.41020e+000  5.19833e+002
          5039  5.30665e+002  5.03900e+003 -2.72123e+001  6.40764e+000  5.19917e+002
          5040  5.30761e+002  5.04000e+003 -2.71501e+001  6.40508e+000  5.20000e+002
          5041  5.30844e+002  5.04100e+003 -2.70911e+001  6.40252e+000  5.20083e+002
          5042  5.30931e+002  5.04200e+003 -2.70330e+001  6.39997e+000  5.20167e+002
          5043  5.31024e+002  5.04300e+003 -2.69757e+001  6.39740e+000  5.20250e+002
          5044  5.31113e+002  5.04400e+003 -2.69179e+001  6.39488e+000  5.20333e+002
          5045  5.31194e+002  5.04500e+003 -2.68614e+001  6.39231e+000  5.20417e+002
          5046  5.31276e+002  5.04600e+003 -2.68048e+001  6.38972e+000  5.20500e+002
          5047  5.31366e+002  5.04700e+003 -2.67479e+001  6.38716e+000  5.20583e+002
          5048  5.31450e+002  5.04800e+003 -2.66920e+001  6.38458e+000  5.20667e+002
          5049  5.31539e+002  5.04900e+003 -2.66351e+001  6.38201e+000  5.20750e+002
          5050  5.31625e+002  5.05000e+003 -2.65780e+001  6.37942e+000  5.20833e+002
          5051  5.31720e+002  5.05100e+003 -2.65217e+001  6.37680e+000  5.20917e+002
          5052  5.31803e+002  5.05200e+003 -2.64671e+001  6.37419e+000  5.21000e+002
          5053  5.31880e+002  5.05300e+003 -2.64105e+001  6.37159e+000  5.21083e+002
          5054  5.31971e+002  5.05400e+003 -2.63528e+001  6.36902e+000  5.21167e+002
          5055  5.32052e+002  5.05500e+003 -2.62955e+001  6.36642e+000  5.21250e+002
          5056  5.32141e+002  5.05600e+003 -2.62382e+001  6.36381e+000  5.21333e+002
          5057  5.32233e+002  5.05700e+003 -2.61799e+001  6.36122e+000  5.21417e+002
          5058  5.32320e+002  5.05800e+003 -2.61201e+001  6.35859e+000  5.21500e+002
          5059  5.32413e+002  5.05900e+003 -2.60605e+001  6.35594e+000  5.21583e+002
          5060  5.32499e+002  5.06000e+003 -2.60009e+001  6.35329e+000  5.21667e+002
          5061  5.32582e+002  5.06100e+003 -2.59421e+001  6.35063e+000  5.21750e+002
          5062  5.32670e+002  5.06200e+003 -2.58836e+001  6.34796e+000  5.21833e+002
          5063  5.32757e+002  5.06300e+003 -2.58257e+001  6.34533e+000  5.21917e+002
          5064  5.32844e+002  5.06400e+003 -2.57649e+001  6.34267e+000  5.22000e+002
          5065  5.32931e+002  5.06500e+003 -2.57057e+001  6.34000e+000  5.22083e+002
          5066  5.33031e+002  5.06600e+003 -2.56468e+001  6.33736e+000  5.22167e+002
          5067  5.33112e+002  5.06700e+003 -2.55877e+001  6.33470e+000  5.22250e+002
          5068  5.33197e+002  5.06800e+003 -2.55279e+001  6.33208e+000  5.22333e+002
          5069  5.33284e+002  5.06900e+003 -2.54690e+001  6.32944e+000  5.22417e+002
          5070  5.33376e+002  5.07000e+003 -2.54099e+001  6.32677e+000  5.22500e+002
          5071  5.33464e+002  5.07100e+003 -2.53490e+001  6.32408e+000  5.22583e+002
          5072  5.33547e+002  5.07200e+003 -2.52895e+001  6.32147e+000  5.22667e+002
          5073  5.33638e+002  5.07300e+003 -2.52290e+001  6.31880e+000  5.22750e+002
          5074  5.33727e+002  5.07400e+003 -2.51678e+001  6.31611e+000  5.22833e+002
          5075  5.33806e+002  5.07500e+003 -2.51066e+001  6.31345e+000  5.22917e+002
          5076  5.33901e+002  5.07600e+003 -2.50438e+001  6.31075e+000  5.23000e+002
          5077  5.33990e+002  5.07700e+003 -2.49822e+001  6.30806e+000  5.23083e+002
          5078  5.34069e+002  5.07800e+003 -2.49211e+001  6.30539e+000  5.23167e+002
          5079  5.34162e+002  5.07900e+003 -2.48599e+001  6.30272e+000  5.23250e+002
          5080  5.34247e+002  5.08000e+003 -2.47952e+001  6.30001e+000  5.23333e+002
          5081  5.34335e+002  5.08100e+003 -2.47335e+001  6.29735e+000  5.23417e+002
          5082  5.34421e+002  5.08200e+003 -2.46734e+001  6.29467e+000  5.23500e+002
          5083  5.34510e+002  5.08300e+003 -2.46125e+001  6.29197e+000  5.23583e+002
          5084  5.34601e+002  5.08400e+003 -2.45548e+001  6.28924e+000  5.23667e+002
          5085  5.34682e+002  5.08500e+003 -2.44953e+001  6.28655e+000  5.23750e+002
          5086  5.34773e+002  5.08600e+003 -2.44355e+001  6.28384e+000  5.23833e+002
          5087  5.34867e+002  5.08700e+003 -2.43754e+001  6.28111e+000  5.23917e+002
          5088  5.34951e+002  5.08800e+003 -2.43166e+001  6.27833e+000  5.24000e+002
          5089  5.35038e+002  5.08900e+003 -2.42570e+001  6.27561e+000  5.24083e+002
          5090  5.35123e+002  5.09000e+003 -2.41969e+001  6.27287e+000  5.24167e+002
          5091  5.35205e+002  5.09100e+003 -2.41356e+001  6.27012e+000  5.24250e+002
          5092  5.35293e+002  5.09200e+003 -2.40748e+001  6.26735e+000  5.24333e+002
          5093  5.35379e+002  5.09300e+003 -2.40145e+001  6.26462e+000  5.24417e+002
          5094  5.35472e+002  5.09400e+003 -2.39541e+001  6.26188e+000  5.24500e+002
          5095  5.35558e+002  5.09500e+003 -2.38934e+001  6.25912e+000  5.24583e+002
          5096  5.35643e+002  5.09600e+003 -2.38297e+001  6.25635e+000  5.24667e+002
          5097  5.35737e+002  5.09700e+003 -2.37673e+001  6.25362e+000  5.24750e+002
          5098  5.35821e+002  5.09800e+003 -2.37063e+001  6.25088e+000  5.24833e+002
          5099  5.35905e+002  5.09900e+003 -2.36457e+001  6.24813e+000  5.24917e+002
          5100  5.35999e+002  5.10000e+003 -2.35820e+001  6.24533e+000  5.25000e+002
          5101  5.36083e+002  5.10100e+003 -2.35204e+001  6.24253e+000  5.25083e+002
          5102  5.36173e+002  5.10200e+003 -2.34597e+001  6.23978e+000  5.25167e+002
          5103  5.36256e+002  5.10300e+003 -2.33993e+001  6.23701e+000  5.25250e+002
          5104  5.36343e+002  5.10400e+003 -2.33386e+001  6.23419e+000  5.25333e+002
          5105  5.36435e+002  5.10500e+003 -2.32768e+001  6.23136e+000  5.25417e+002
          5106  5.36513e+002  5.10600e+003 -2.32158e+001  6.22855e+000  5.25500e+002
          5107  5.36604e+002  5.10700e+003 -2.31547e+001  6.22578e+000  5.25583e+002
          5108  5.36684e+002  5.10800e+003 -2.30928e+001  6.22299e+000  5.25667e+002
          5109  5.36783e+002  5.10900e+003 -2.30300e+001  6.22018e+000  5.25750e+002
          5110  5.36867e+002  5.11000e+003 -2.29676e+001  6.21736e+000  5.25833e+002
          5111  5.36950e+002  5.11100e+003 -2.29052e+001  6.21453e+000  5.25917e+002
          5112  5.37041e+002  5.11200e+003 -2.28406e+001  6.21169e+000  5.26000e+002
          5113  5.37134e+002  5.11300e+003 -2.27772e+001  6.20890e+000  5.26083e+002
          5114  5.37211e+002  5.11400e+003 -2.27138e+001  6.20609e+000  5.26167e+002
          5115  5.37300e+002  5.11500e+003 -2.26510e+001  6.20328e+000  5.26250e+002
          5116  5.37392e+002  5.11600e+003 -2.25836e+001  6.20044e+000  5.26333e+002
          5117  5.37481e+002  5.11700e+003 -2.25184e+001  6.19761e+000  5.26417e+002
          5118  5.37570e+002  5.11800e+003 -2.24530e+001  6.19482e+000  5.26500e+002
          5119  5.37658e+002  5.11900e+003 -2.23873e+001  6.19203e+000  5.26583e+002
          5120  5.37747e+002  5.12000e+003 -2.23221e+001  6.18921e+000  5.26667e+002
          5121  5.37828e+002  5.12100e+003 -2.22566e+001  6.18638e+000  5.26750e+002
          5122  5.37913e+002  5.12200e+003 -2.21910e+001  6.18353e+000  5.26833e+002
          5123  5.38006e+002  5.12300e+003 -2.21253e+001  6.18067e+000  5.26917e+002
          5124  5.38082e+002  5.12400e+003 -2.20584e+001  6.17776e+000  5.27000e+002
          5125  5.38181e+002  5.12500e+003 -2.19919e+001  6.17484e+000  5.27083e+002
          5126  5.38263e+002  5.12600e+003 -2.19255e+001  6.17191e+000  5.27167e+002
          5127  5.38352e+002  5.12700e+003 -2.18594e+001  6.16896e+000  5.27250e+002
          5128  5.38440e+002  5.12800e+003 -2.17920e+001  6.16606e+000  5.27333e+002
          5129  5.38522e+002  5.12900e+003 -2.17263e+001  6.16319e+000  5.27417e+002
          5130  5.38620e+002  5.13000e+003 -2.16604e+001  6.16032e+000  5.27500e+002
          5131  5.38696e+002  5.13100e+003 -2.15956e+001  6.15744e+000  5.27583e+002
          5132  5.38787e+002  5.13200e+003 -2.15314e+001  6.15464e+000  5.27667e+002
          5133  5.38878e+002  5.13300e+003 -2.14672e+001  6.15176e+000  5.27750e+002
          5134  5.38961e+002  5.13400e+003 -2.14023e+001  6.14886e+000  5.27833e+002
          5135  5.39053e+002  5.13500e+003 -2.13366e+001  6.14594e+000  5.27917e+002
          5136  5.39146e+002  5.13600e+003 -2.12740e+001  6.14293e+000  5.28000e+002
          5137  5.39224e+002  5.13700e+003 -2.12098e+001  6.13995e+000  5.28083e+002
          5138  5.39321e+002  5.13800e+003 -2.11448e+001  6.13697e+000  5.28167e+002
          5139  5.39405e+002  5.13900e+003 -2.10799e+001  6.13399e+000  5.28250e+002
          5140  5.39482e+002  5.14000e+003 -2.10165e+001  6.13101e+000  5.28333e+002
          5141  5.39581e+002  5.14100e+003 -2.09510e+001  6.12811e+000  5.28417e+002
          5142  5.39668e+002  5.14200e+003 -2.08849e+001  6.12522e+000  5.28500e+002
          5143  5.39761e+002  5.14300e+003 -2.08193e+001  6.12233e+000  5.28583e+002
          5144  5.39852e+002  5.14400e+003 -2.07514e+001  6.11950e+000  5.28667e+002
          5145  5.39928e+002  5.14500e+003 -2.06842e+001  6.11662e+000  5.28750e+002
          5146  5.40022e+002  5.14600e+003 -2.06171e+001  6.11372e+000  5.28833e+002
          5147  5.40104e+002  5.14700e+003 -2.05497e+001  6.11081e+000  5.28917e+002
          5148  5.40186e+002  5.14800e+003 -2.04790e+001  6.10786e+000  5.29000e+002
          5149  5.40281e+002  5.14900e+003 -2.04094e+001  6.10490e+000  5.29083e+002
          5150  5.40373e+002  5.15000e+003 -2.03397e+001  6.10195e+000  5.29167e+002
          5151  5.40461e+002  5.15100e+003 -2.02706e+001  6.09898e+000  5.29250e+002
          5152  5.40550e+002  5.15200e+003 -2.02012e+001  6.09597e+000  5.29333e+002
          5153  5.40630e+002  5.15300e+003 -2.01321e+001  6.09298e+000  5.29417e+002
          5154  5.40717e+002  5.15400e+003 -2.00637e+001  6.08999e+000  5.29500e+002
          5155  5.40812e+002  5.15500e+003 -1.99941e+001  6.08700e+000  5.29583e+002
          5156  5.40910e+002  5.15600e+003 -1.99240e+001  6.08399e+000  5.29667e+002
          5157  5.40993e+002  5.15700e+003 -1.98549e+001  6.08100e+000  5.29750e+002
          5158  5.41068e+002  5.15800e+003 -1.97859e+001  6.07800e+000  5.29833e+002
          5159  5.41165e+002  5.15900e+003 -1.97174e+001  6.07500e+000  5.29917e+002
          5160  5.41245e+002  5.16000e+003 -1.96519e+001  6.07200e+000  5.30000e+002
          5161  5.41343e+002  5.16100e+003 -1.95841e+001  6.06900e+000  5.30083e+002
          5162  5.41427e+002  5.16200e+003 -1.95163e+001  6.06600e+000  5.30167e+002
          5163  5.41523e+002  5.16300e+003 -1.94484e+001  6.06300e+000  5.30250e+002
          5164  5.41598e+002  5.16400e+003 -1.93790e+001  6.06000e+000  5.30333e+002
          5165  5.41687e+002  5.16500e+003 -1.93096e+001  6.05697e+000  5.30417e+002
          5166  5.41774e+002  5.16600e+003 -1.92412e+001  6.05388e+000  5.30500e+002
          5167  5.41866e+002  5.16700e+003 -1.91730e+001  6.05078e+000  5.30583e+002
          5168  5.41945e+002  5.16800e+003 -1.91052e+001  6.04764e+000  5.30667e+002
          5169  5.42034e+002  5.16900e+003 -1.90380e+001  6.04452e+000  5.30750e+002
          5170  5.42125e+002  5.17000e+003 -1.89709e+001  6.04141e+000  5.30833e+002
          5171  5.42213e+002  5.17100e+003 -1.89022e+001  6.03831e+000  5.30917e+002
          5172  5.42311e+002  5.17200e+003 -1.88333e+001  6.03522e+000  5.31000e+002
          5173  5.42394e+002  5.17300e+003 -1.87648e+001  6.03214e+000  5.31083e+002
          5174  5.42489e+002  5.17400e+003 -1.86959e+001  6.02908e+000  5.31167e+002
          5175  5.42571e+002  5.17500e+003 -1.86263e+001  6.02603e+000  5.31250e+002
          5176  5.42661e+002  5.17600e+003 -1.85579e+001  6.02301e+000  5.31333e+002
          5177  5.42745e+002  5.17700e+003 -1.84884e+001  6.01991e+000  5.31417e+002
          5178  5.42824e+002  5.17800e+003 -1.84185e+001  6.01679e+000  5.31500e+002
          5179  5.42908e+002  5.17900e+003 -1.83477e+001  6.01367e+000  5.31583e+002
          5180  5.43001e+002  5.18000e+003 -1.82751e+001  6.01050e+000  5.31667e+002
          5181  5.43093e+002  5.18100e+003 -1.82052e+001  6.00738e+000  5.31750e+002
          5182  5.43182e+002  5.18200e+003 -1.81357e+001  6.00428e+000  5.31833e+002
          5183  5.43265e+002  5.18300e+003 -1.80652e+001  6.00119e+000  5.31917e+002
          5184  5.43358e+002  5.18400e+003 -1.79930e+001  5.99815e+000  5.32000e+002
          5185  5.43450e+002  5.18500e+003 -1.79224e+001  5.99507e+000  5.32083e+002
          5186  5.43529e+002  5.18600e+003 -1.78517e+001  5.99194e+000  5.32167e+002
          5187  5.43621e+002  5.18700e+003 -1.77814e+001  5.98880e+000  5.32250e+002
          5188  5.43711e+002  5.18800e+003 -1.77099e+001  5.98566e+000  5.32333e+002
          5189  5.43801e+002  5.18900e+003 -1.76376e+001  5.98254e+000  5.32417e+002
          5190  5.43884e+002  5.19000e+003 -1.75650e+001  5.97942e+000  5.32500e+002
          5191  5.43977e+002  5.19100e+003 -1.74926e+001  5.97631e+000  5.32583e+002
          5192  5.44058e+002  5.19200e+003 -1.74187e+001  5.97311e+000  5.32667e+002
          5193  5.44158e+002  5.19300e+003 -1.73454e+001  5.96992e+000  5.32750e+002
          5194  5.44225e+002  5.19400e+003 -1.72720e+001  5.96675e+000  5.32833e+002
          5195  5.44327e+002  5.19500e+003 -1.71977e+001  5.96359e+000  5.32917e+002
          5196  5.44414e+002  5.19600e+003 -1.71229e+001  5.96037e+000  5.33000e+002
          5197  5.44497e+002  5.19700e+003 -1.70485e+001  5.95714e+000  5.33083e+002
          5198  5.44587e+002  5.19800e+003 -1.69746e+001  5.95393e+000  5.33167e+002
          5199  5.44677e+002  5.19900e+003 -1.69008e+001  5.95073e+000  5.33250e+002
          5200  5.44774e+002  5.20000e+003 -1.68270e+001  5.94758e+000  5.33333e+002
          5201  5.44854e+002  5.20100e+003 -1.67543e+001  5.94440e+000  5.33417e+002
          5202  5.44943e+002  5.20200e+003 -1.66813e+001  5.94118e+000  5.33500e+002
          5203  5.45025e+002  5.20300e+003 -1.66084e+001  5.93797e+000  5.33583e+002
          5204  5.45114e+002  5.20400e+003 -1.65346e+001  5.93479e+000  5.33667e+002
          5205  5.45204e+002  5.20500e+003 -1.64616e+001  5.93159e+000  5.33750e+002
          5206  5.45297e+002  5.20600e+003 -1.63891e+001  5.92835e+000  5.33833e+002
          5207  5.45383e+002  5.20700e+003 -1.63160e+001  5.92511e+000  5.33917e+002
          5208  5.45480e+002  5.20800e+003 -1.62457e+001  5.92188e+000  5.34000e+002
          5209  5.45564e+002  5.20900e+003 -1.61730e+001  5.91865e+000  5.34083e+002
          5210  5.45645e+002  5.21000e+003 -1.60998e+001  5.91539e+000  5.34167e+002
          5211  5.45735e+002  5.21100e+003 -1.60258e+001  5.91212e+000  5.34250e+002
          5212  5.45826e+002  5.21200e+003 -1.59519e+001  5.90890e+000  5.34333e+002
          5213  5.45917e+002  5.21300e+003 -1.58791e+001  5.90566e+000  5.34417e+002
          5214  5.46002e+002  5.21400e+003 -1.58058e+001  5.90239e+000  5.34500e+002
          5215  5.46088e+002  5.21500e+003 -1.57320e+001  5.89912e+000  5.34583e+002
          5216  5.46164e+002  5.21600e+003 -1.56545e+001  5.89590e+000  5.34667e+002
          5217  5.46260e+002  5.21700e+003 -1.55788e+001  5.89267e+000  5.34750e+002
          5218  5.46348e+002  5.21800e+003 -1.55026e+001  5.88939e+000  5.34833e+002
          5219  5.46447e+002  5.21900e+003 -1.54256e+001  5.88613e+000  5.34917e+002
          5220  5.46530e+002  5.22000e+003 -1.53476e+001  5.88287e+000  5.35000e+002
          5221  5.46616e+002  5.22100e+003 -1.52716e+001  5.87958e+000  5.35083e+002
          5222  5.46711e+002  5.22200e+003 -1.51960e+001  5.87629e+000  5.35167e+002
          5223  5.46790e+002  5.22300e+003 -1.51206e+001  5.87301e+000  5.35250e+002
          5224  5.46877e+002  5.22400e+003 -1.50412e+001  5.86965e+000  5.35333e+002
          5225  5.46966e+002  5.22500e+003 -1.49637e+001  5.86633e+000  5.35417e+002
          5226  5.47057e+002  5.22600e+003 -1.48868e+001  5.86302e+000  5.35500e+002
          5227  5.47149e+002  5.22700e+003 -1.48100e+001  5.85967e+000  5.35583e+002
          5228  5.47241e+002  5.22800e+003 -1.47341e+001  5.85632e+000  5.35667e+002
          5229  5.47322e+002  5.22900e+003 -1.46577e+001  5.85299e+000  5.35750e+002
          5230  5.47405e+002  5.23000e+003 -1.45822e+001  5.84964e+000  5.35833e+002
          5231  5.47494e+002  5.23100e+003 -1.45068e+001  5.84630e+000  5.35917e+002
          5232  5.47591e+002  5.23200e+003 -1.44318e+001  5.84300e+000  5.36000e+002
          5233  5.47675e+002  5.23300e+003 -1.43555e+001  5.83966e+000  5.36083e+002
          5234  5.47765e+002  5.23400e+003 -1.42804e+001  5.83634e+000  5.36167e+002
          5235  5.47847e+002  5.23500e+003 -1.42063e+001  5.83303e+000  5.36250e+002
          5236  5.47938e+002  5.23600e+003 -1.41326e+001  5.82968e+000  5.36333e+002
          5237  5.48018e+002  5.23700e+003 -1.40566e+001  5.82635e+000  5.36417e+002
          5238  5.48117e+002  5.23800e+003 -1.39799e+001  5.82303e+000  5.36500e+002
          5239  5.48202e+002  5.23900e+003 -1.39034e+001  5.81967e+000  5.36583e+002
          5240  5.48284e+002  5.24000e+003 -1.38266e+001  5.81629e+000  5.36667e+002
          5241  5.48376e+002  5.24100e+003 -1.37493e+001  5.81290e+000  5.36750e+002
          5242  5.48460e+002  5.24200e+003 -1.36721e+001  5.80953e+000  5.36833e+002
          5243  5.48543e+002  5.24300e+003 -1.35955e+001  5.80619e+000  5.36917e+002
          5244  5.48634e+002  5.24400e+003 -1.35171e+001  5.80278e+000  5.37000e+002
          5245  5.48722e+002  5.24500e+003 -1.34399e+001  5.79939e+000  5.37083e+002
          5246  5.48816e+002  5.24600e+003 -1.33628e+001  5.79598e+000  5.37167e+002
          5247  5.48906e+002  5.24700e+003 -1.32834e+001  5.79258e+000  5.37250e+002
          5248  5.48985e+002  5.24800e+003 -1.32016e+001  5.78918e+000  5.37333e+002
          5249  5.49071e+002  5.24900e+003 -1.31217e+001  5.78578e+000  5.37417e+002
          5250  5.49164e+002  5.25000e+003 -1.30427e+001  5.78238e+000  5.37500e+002
          5251  5.49247e+002  5.25100e+003 -1.29636e+001  5.77895e+000  5.37583e+002
          5252  5.49340e+002  5.25200e+003 -1.28845e+001  5.77556e+000  5.37667e+002
          5253  5.49427e+002  5.25300e+003 -1.28048e+001  5.77213e+000  5.37750e+002
          5254  5.49516e+002  5.25400e+003 -1.27257e+001  5.76869e+000  5.37833e+002
          5255  5.49604e+002  5.25500e+003 -1.26466e+001  5.76522e+000  5.37917e+002
          5256  5.49693e+002  5.25600e+003 -1.25628e+001  5.76175e+000  5.38000e+002
          5257  5.49780e+002  5.25700e+003 -1.24820e+001  5.75833e+000  5.38083e+002
          5258  5.49865e+002  5.25800e+003 -1.24028e+001  5.75489e+000  5.38167e+002
          5259  5.49944e+002  5.25900e+003 -1.23244e+001  5.75147e+000  5.38250e+002
          5260  5.50038e+002  5.26000e+003 -1.22469e+001  5.74805e+000  5.38333e+002
          5261  5.50137e+002  5.26100e+003 -1.21679e+001  5.74462e+000  5.38417e+002
          5262  5.50221e+002  5.26200e+003 -1.20885e+001  5.74116e+000  5.38500e+002
          5263  5.50304e+002  5.26300e+003 -1.20085e+001  5.73772e+000  5.38583e+002
          5264  5.50394e+002  5.26400e+003 -1.19299e+001  5.73420e+000  5.38667e+002
          5265  5.50483e+002  5.26500e+003 -1.18503e+001  5.73071e+000  5.38750e+002
          5266  5.50572e+002  5.26600e+003 -1.17710e+001  5.72722e+000  5.38833e+002
          5267  5.50653e+002  5.26700e+003 -1.16916e+001  5.72375e+000  5.38917e+002
          5268  5.50744e+002  5.26800e+003 -1.16130e+001  5.72020e+000  5.39000e+002
          5269  5.50832e+002  5.26900e+003 -1.15343e+001  5.71664e+000  5.39083e+002
          5270  5.50924e+002  5.27000e+003 -1.14557e+001  5.71310e+000  5.39167e+002
          5271  5.51006e+002  5.27100e+003 -1.13775e+001  5.70953e+000  5.39250e+002
          5272  5.51099e+002  5.27200e+003 -1.12955e+001  5.70594e+000  5.39333e+002
          5273  5.51185e+002  5.27300e+003 -1.12142e+001  5.70238e+000  5.39417e+002
          5274  5.51273e+002  5.27400e+003 -1.11338e+001  5.69884e+000  5.39500e+002
          5275  5.51358e+002  5.27500e+003 -1.10537e+001  5.69528e+000  5.39583e+002
          5276  5.51449e+002  5.27600e+003 -1.09746e+001  5.69180e+000  5.39667e+002
          5277  5.51530e+002  5.27700e+003 -1.08948e+001  5.68826e+000  5.39750e+002
          5278  5.51618e+002  5.27800e+003 -1.08152e+001  5.68469e+000  5.39833e+002
          5279  5.51708e+002  5.27900e+003 -1.07351e+001  5.68114e+000  5.39917e+002
          5280  5.51798e+002  5.28000e+003 -1.06538e+001  5.67756e+000  5.40000e+002
          5281  5.51884e+002  5.28100e+003 -1.05728e+001  5.67400e+000  5.40083e+002
          5282  5.51977e+002  5.28200e+003 -1.04921e+001  5.67044e+000  5.40167e+002
          5283  5.52067e+002  5.28300e+003 -1.04118e+001  5.66690e+000  5.40250e+002
          5284  5.52158e+002  5.28400e+003 -1.03307e+001  5.66331e+000  5.40333e+002
          5285  5.52239e+002  5.28500e+003 -1.02484e+001  5.65972e+000  5.40417e+002
          5286  5.52328e+002  5.28600e+003 -1.01659e+001  5.65614e+000  5.40500e+002
          5287  5.52416e+002  5.28700e+003 -1.00833e+001  5.65254e+000  5.40583e+002
          5288  5.52500e+002  5.28800e+003 -9.99872e+000  5.64896e+000  5.40667e+002
          5289  5.52598e+002  5.28900e+003 -9.91493e+000  5.64537e+000  5.40750e+002
          5290  5.52689e+002  5.29000e+003 -9.83125e+000  5.64176e+000  5.40833e+002
          5291  5.52784e+002  5.29100e+003 -9.74676e+000  5.63817e+000  5.40917e+002
          5292  5.52866e+002  5.29200e+003 -9.66124e+000  5.63459e+000  5.41000e+002
          5293  5.52961e+002  5.29300e+003 -9.57676e+000  5.63102e+000  5.41083e+002
          5294  5.53051e+002  5.29400e+003 -9.49387e+000  5.62742e+000  5.41167e+002
          5295  5.53127e+002  5.29500e+003 -9.41047e+000  5.62380e+000  5.41250e+002
          5296  5.53216e+002  5.29600e+003 -9.32585e+000  5.62020e+000  5.41333e+002
          5297  5.53313e+002  5.29700e+003 -9.24167e+000  5.61657e+000  5.41417e+002
          5298  5.53401e+002  5.29800e+003 -9.15677e+000  5.61293e+000  5.41500e+002
          5299  5.53494e+002  5.29900e+003 -9.07273e+000  5.60931e+000  5.41583e+002
          5300  5.53580e+002  5.30000e+003 -8.98939e+000  5.60566e+000  5.41667e+002
          5301  5.53671e+002  5.30100e+003 -8.90585e+000  5.60199e+000  5.41750e+002
          5302  5.53753e+002  5.30200e+003 -8.82283e+000  5.59835e+000  5.41833e+002
          5303  5.53838e+002  5.30300e+003 -8.73942e+000  5.59470e+000  5.41917e+002
          5304  5.53935e+002  5.30400e+003 -8.65645e+000  5.59097e+000  5.42000e+002
          5305  5.54019e+002  5.30500e+003 -8.57297e+000  5.58725e+000  5.42083e+002
          5306  5.54109e+002  5.30600e+003 -8.48991e+000  5.58356e+000  5.42167e+002
          5307  5.54198e+002  5.30700e+003 -8.40681e+000  5.57986e+000  5.42250e+002
          5308  5.54294e+002  5.30800e+003 -8.32432e+000  5.57607e+000  5.42333e+002
          5309  5.54384e+002  5.30900e+003 -8.24098e+000  5.57232e+000  5.42417e+002
          5310  5.54468e+002  5.31000e+003 -8.15718e+000  5.56860e+000  5.42500e+002
          5311  5.54543e+002  5.31100e+003 -8.07315e+000  5.56487e+000  5.42583e+002
          5312  5.54631e+002  5.31200e+003 -7.98722e+000  5.56109e+000  5.42667e+002
          5313  5.54736e+002  5.31300e+003 -7.90131e+000  5.55733e+000  5.42750e+002
          5314  5.54815e+002  5.31400e+003 -7.81462e+000  5.55361e+000  5.42833e+002
          5315  5.54905e+002  5.31500e+003 -7.72767e+000  5.54987e+000  5.42917e+002
          5316  5.54995e+002  5.31600e+003 -7.64244e+000  5.54610e+000  5.43000e+002
          5317  5.55082e+002  5.31700e+003 -7.55757e+000  5.54233e+000  5.43083e+002
          5318  5.55180e+002  5.31800e+003 -7.47274e+000  5.53861e+000  5.43167e+002
          5319  5.55260e+002  5.31900e+003 -7.38716e+000  5.53487e+000  5.43250e+002
          5320  5.55343e+002  5.32000e+003 -7.29917e+000  5.53110e+000  5.43333e+002
          5321  5.55432e+002  5.32100e+003 -7.21289e+000  5.52731e+000  5.43417e+002
          5322  5.55519e+002  5.32200e+003 -7.12808e+000  5.52352e+000  5.43500e+002
          5323  5.55614e+002  5.32300e+003 -7.04314e+000  5.51976e+000  5.43583e+002
          5324  5.55693e+002  5.32400e+003 -6.96171e+000  5.51597e+000  5.43667e+002
          5325  5.55779e+002  5.32500e+003 -6.87840e+000  5.51217e+000  5.43750e+002
          5326  5.55868e+002  5.32600e+003 -6.79459e+000  5.50836e+000  5.43833e+002
          5327  5.55964e+002  5.32700e+003 -6.70962e+000  5.50453e+000  5.43917e+002
          5328  5.56058e+002  5.32800e+003 -6.62513e+000  5.50069e+000  5.44000e+002
          5329  5.56142e+002  5.32900e+003 -6.54074e+000  5.49690e+000  5.44083e+002
          5330  5.56225e+002  5.33000e+003 -6.45718e+000  5.49309e+000  5.44167e+002
          5331  5.56313e+002  5.33100e+003 -6.37370e+000  5.48928e+000  5.44250e+002
          5332  5.56403e+002  5.33200e+003 -6.29117e+000  5.48544e+000  5.44333e+002
          5333  5.56497e+002  5.33300e+003 -6.20694e+000  5.48158e+000  5.44417e+002
          5334  5.56579e+002  5.33400e+003 -6.12253e+000  5.47773e+000  5.44500e+002
          5335  5.56668e+002  5.33500e+003 -6.03812e+000  5.47392e+000  5.44583e+002
          5336  5.56759e+002  5.33600e+003 -5.94962e+000  5.47008e+000  5.44667e+002
          5337  5.56847e+002  5.33700e+003 -5.86436e+000  5.46625e+000  5.44750e+002
          5338  5.56933e+002  5.33800e+003 -5.78002e+000  5.46240e+000  5.44833e+002
          5339  5.57019e+002  5.33900e+003 -5.69646e+000  5.45855e+000  5.44917e+002
          5340  5.57111e+002  5.34000e+003 -5.61288e+000  5.45468e+000  5.45000e+002
          5341  5.57197e+002  5.34100e+003 -5.52806e+000  5.45079e+000  5.45083e+002
          5342  5.57286e+002  5.34200e+003 -5.44238e+000  5.44691e+000  5.45167e+002
          5343  5.57382e+002  5.34300e+003 -5.35670e+000  5.44306e+000  5.45250e+002
          5344  5.57468e+002  5.34400e+003 -5.27210e+000  5.43917e+000  5.45333e+002
          5345  5.57548e+002  5.34500e+003 -5.18675e+000  5.43531e+000  5.45417e+002
          5346  5.57635e+002  5.34600e+003 -5.10015e+000  5.43144e+000  5.45500e+002
          5347  5.57728e+002  5.34700e+003 -5.01269e+000  5.42756e+000  5.45583e+002
          5348  5.57809e+002  5.34800e+003 -4.92707e+000  5.42370e+000  5.45667e+002
          5349  5.57907e+002  5.34900e+003 -4.84047e+000  5.41980e+000  5.45750e+002
          5350  5.57991e+002  5.35000e+003 -4.75395e+000  5.41588e+000  5.45833e+002
          5351  5.58076e+002  5.35100e+003 -4.66750e+000  5.41195e+000  5.45917e+002
          5352  5.58165e+002  5.35200e+003 -4.57813e+000  5.40794e+000  5.46000e+002
          5353  5.58254e+002  5.35300e+003 -4.49048e+000  5.40396e+000  5.46083e+002
          5354  5.58353e+002  5.35400e+003 -4.40311e+000  5.39998e+000  5.46167e+002
          5355  5.58442e+002  5.35500e+003 -4.31607e+000  5.39599e+000  5.46250e+002
          5356  5.58522e+002  5.35600e+003 -4.22774e+000  5.39199e+000  5.46333e+002
          5357  5.58613e+002  5.35700e+003 -4.14115e+000  5.38799e+000  5.46417e+002
          5358  5.58706e+002  5.35800e+003 -4.05481e+000  5.38400e+000  5.46500e+002
          5359  5.58791e+002  5.35900e+003 -3.96828e+000  5.38000e+000  5.46583e+002
          5360  5.58877e+002  5.36000e+003 -3.88297e+000  5.37600e+000  5.46667e+002
          5361  5.58968e+002  5.36100e+003 -3.79672e+000  5.37200e+000  5.46750e+002
          5362  5.59061e+002  5.36200e+003 -3.71075e+000  5.36800e+000  5.46833e+002
          5363  5.59140e+002  5.36300e+003 -3.62478e+000  5.36400e+000  5.46917e+002
          5364  5.59232e+002  5.36400e+003 -3.53909e+000  5.36000e+000  5.47000e+002
          5365  5.59320e+002  5.36500e+003 -3.45374e+000  5.35600e+000  5.47083e+002
          5366  5.59408e+002  5.36600e+003 -3.36660e+000  5.35200e+000  5.47167e+002
          5367  5.59498e+002  5.36700e+003 -3.27837e+000  5.34800e+000  5.47250e+002
          5368  5.59595e+002  5.36800e+003 -3.18996e+000  5.34400e+000  5.47333e+002
          5369  5.59677e+002  5.36900e+003 -3.10153e+000  5.34000e+000  5.47417e+002
          5370  5.59767e+002  5.37000e+003 -3.01309e+000  5.33600e+000  5.47500e+002
          5371  5.59864e+002  5.37100e+003 -2.92477e+000  5.33200e+000  5.47583e+002
          5372  5.59946e+002  5.37200e+003 -2.83519e+000  5.32800e+000  5.47667e+002
          5373  5.60027e+002  5.37300e+003 -2.74736e+000  5.32400e+000  5.47750e+002
          5374  5.60118e+002  5.37400e+003 -2.66064e+000  5.32000e+000  5.47833e+002
          5375  5.60196e+002  5.37500e+003 -2.57437e+000  5.31600e+000  5.47917e+002
          5376  5.60291e+002  5.37600e+003 -2.48411e+000  5.31200e+000  5.48000e+002
          5377  5.60387e+002  5.37700e+003 -2.39548e+000  5.30800e+000  5.48083e+002
          5378  5.60474e+002  5.37800e+003 -2.30813e+000  5.30400e+000  5.48167e+002
          5379  5.60557e+002  5.37900e+003 -2.22048e+000  5.30000e+000  5.48250e+002
          5380  5.60649e+002  5.38000e+003 -2.13618e+000  5.29589e+000  5.48333e+002
          5381  5.60742e+002  5.38100e+003 -2.04968e+000  5.29178e+000  5.48417e+002
          5382  5.60822e+002  5.38200e+003 -1.96251e+000  5.28767e+000  5.48500e+002
          5383  5.60914e+002  5.38300e+003 -1.87601e+000  5.28356e+000  5.48583e+002
          5384  5.61006e+002  5.38400e+003 -1.79052e+000  5.27936e+000  5.48667e+002
          5385  5.61088e+002  5.38500e+003 -1.70308e+000  5.27523e+000  5.48750e+002
          5386  5.61187e+002  5.38600e+003 -1.61556e+000  5.27114e+000  5.48833e+002
          5387  5.61273e+002  5.38700e+003 -1.52972e+000  5.26706e+000  5.48917e+002
          5388  5.61348e+002  5.38800e+003 -1.43918e+000  5.26296e+000  5.49000e+002
          5389  5.61441e+002  5.38900e+003 -1.35020e+000  5.25883e+000  5.49083e+002
          5390  5.61527e+002  5.39000e+003 -1.26199e+000  5.25469e+000  5.49167e+002
          5391  5.61624e+002  5.39100e+003 -1.17380e+000  5.25056e+000  5.49250e+002
          5392  5.61705e+002  5.39200e+003 -1.08658e+000  5.24637e+000  5.49333e+002
          5393  5.61800e+002  5.39300e+003 -9.99060e-001  5.24224e+000  5.49417e+002
          5394  5.61889e+002  5.39400e+003 -9.09809e-001  5.23812e+000  5.49500e+002
          5395  5.61987e+002  5.39500e+003 -8.20592e-001  5.23395e+000  5.49583e+002
          5396  5.62074e+002  5.39600e+003 -7.32838e-001  5.22984e+000  5.49667e+002
          5397  5.62155e+002  5.39700e+003 -6.45142e-001  5.22570e+000  5.49750e+002
          5398  5.62258e+002  5.39800e+003 -5.57889e-001  5.22157e+000  5.49833e+002
          5399  5.62339e+002  5.39900e+003 -4.70581e-001  5.21744e+000  5.49917e+002
          5400  5.62431e+002  5.40000e+003 -3.84667e-001  5.21319e+000  5.50000e+002
          5401  5.62517e+002  5.40100e+003 -2.99240e-001  5.20898e+000  5.50083e+002
          5402  5.62609e+002  5.40200e+003 -2.13668e-001  5.20478e+000  5.50167e+002
          5403  5.62692e+002  5.40300e+003 -1.28261e-001  5.20060e+000  5.50250e+002
          5404  5.62783e+002  5.40400e+003 -4.26802e-002  5.19630e+000  5.50333e+002
          5405  5.62867e+002  5.40500e+003  4.25627e-002  5.19205e+000  5.50417e+002
          5406  5.62960e+002  5.40600e+003  1.27554e-001  5.18783e+000  5.50500e+002
          5407  5.63048e+002  5.40700e+003  2.12859e-001  5.18362e+000  5.50583e+002
          5408  5.63135e+002  5.40800e+003  2.97069e-001  5.17933e+000  5.50667e+002
          5409  5.63220e+002  5.40900e+003  3.83228e-001  5.17507e+000  5.50750e+002
          5410  5.63317e+002  5.41000e+003  4.69383e-001  5.17084e+000  5.50833e+002
          5411  5.63402e+002  5.41100e+003  5.55626e-001  5.16662e+000  5.50917e+002
          5412  5.63496e+002  5.41200e+003  6.42133e-001  5.16233e+000  5.51000e+002
          5413  5.63580e+002  5.41300e+003  7.28556e-001  5.15807e+000  5.51083e+002
          5414  5.63665e+002  5.41400e+003  8.16036e-001  5.15384e+000  5.51167e+002
          5415  5.63758e+002  5.41500e+003  9.04286e-001  5.14962e+000  5.51250e+002
          5416  5.63843e+002  5.41600e+003  9.93236e-001  5.14533e+000  5.51333e+002
          5417  5.63924e+002  5.41700e+003  1.08041e+000  5.14107e+000  5.51417e+002
          5418  5.64013e+002  5.41800e+003  1.16617e+000  5.13684e+000  5.51500e+002
          5419  5.64111e+002  5.41900e+003  1.25212e+000  5.13263e+000  5.51583e+002
          5420  5.64201e+002  5.42000e+003  1.33888e+000  5.12833e+000  5.51667e+002
          5421  5.64289e+002  5.42100e+003  1.42600e+000  5.12407e+000  5.51750e+002
          5422  5.64378e+002  5.42200e+003  1.51257e+000  5.11981e+000  5.51833e+002
          5423  5.64469e+002  5.42300e+003  1.59906e+000  5.11551e+000  5.51917e+002
          5424  5.64555e+002  5.42400e+003  1.68419e+000  5.11121e+000  5.52000e+002
          5425  5.64645e+002  5.42500e+003  1.77013e+000  5.10692e+000  5.52083e+002
          5426  5.64724e+002  5.42600e+003  1.85697e+000  5.10259e+000  5.52167e+002
          5427  5.64812e+002  5.42700e+003  1.94384e+000  5.09828e+000  5.52250e+002
          5428  5.64904e+002  5.42800e+003  2.02911e+000  5.09398e+000  5.52333e+002
          5429  5.64994e+002  5.42900e+003  2.11521e+000  5.08965e+000  5.52417e+002
          5430  5.65080e+002  5.43000e+003  2.20131e+000  5.08530e+000  5.52500e+002
          5431  5.65174e+002  5.43100e+003  2.28721e+000  5.08092e+000  5.52583e+002
          5432  5.65255e+002  5.43200e+003  2.37305e+000  5.07655e+000  5.52667e+002
          5433  5.65347e+002  5.43300e+003  2.45919e+000  5.07219e+000  5.52750e+002
          5434  5.65446e+002  5.43400e+003  2.54607e+000  5.06781e+000  5.52833e+002
          5435  5.65530e+002  5.43500e+003  2.63307e+000  5.06344e+000  5.52917e+002
          5436  5.65619e+002  5.43600e+003  2.72076e+000  5.05909e+000  5.53000e+002
          5437  5.65702e+002  5.43700e+003  2.80945e+000  5.05472e+000  5.53083e+002
          5438  5.65798e+002  5.43800e+003  2.89732e+000  5.05034e+000  5.53167e+002
          5439  5.65881e+002  5.43900e+003  2.98492e+000  5.04594e+000  5.53250e+002
          5440  5.65960e+002  5.44000e+003  3.07189e+000  5.04154e+000  5.53333e+002
          5441  5.66053e+002  5.44100e+003  3.15908e+000  5.03712e+000  5.53417e+002
          5442  5.66150e+002  5.44200e+003  3.24693e+000  5.03271e+000  5.53500e+002
          5443  5.66237e+002  5.44300e+003  3.33520e+000  5.02833e+000  5.53583e+002
          5444  5.66320e+002  5.44400e+003  3.42577e+000  5.02387e+000  5.53667e+002
          5445  5.66415e+002  5.44500e+003  3.51424e+000  5.01945e+000  5.53750e+002
          5446  5.66498e+002  5.44600e+003  3.60184e+000  5.01501e+000  5.53833e+002
          5447  5.66590e+002  5.44700e+003  3.69014e+000  5.01059e+000  5.53917e+002
          5448  5.66681e+002  5.44800e+003  3.77845e+000  5.00612e+000  5.54000e+002
          5449  5.66758e+002  5.44900e+003  3.86706e+000  5.00166e+000  5.54083e+002
          5450  5.66854e+002  5.45000e+003  3.95571e+000  4.99719e+000  5.54167e+002
          5451  5.66938e+002  5.45100e+003  4.04426e+000  4.99273e+000  5.54250e+002
          5452  5.67030e+002  5.45200e+003  4.13342e+000  4.98821e+000  5.54333e+002
          5453  5.67119e+002  5.45300e+003  4.22166e+000  4.98375e+000  5.54417e+002
          5454  5.67205e+002  5.45400e+003  4.31024e+000  4.97931e+000  5.54500e+002
          5455  5.67286e+002  5.45500e+003  4.39890e+000  4.97486e+000  5.54583e+002
          5456  5.67382e+002  5.45600e+003  4.48777e+000  4.97044e+000  5.54667e+002
          5457  5.67470e+002  5.45700e+003  4.57512e+000  4.96600e+000  5.54750e+002
          5458  5.67555e+002  5.45800e+003  4.66230e+000  4.96156e+000  5.54833e+002
          5459  5.67645e+002  5.45900e+003  4.74912e+000  4.95710e+000  5.54917e+002
          5460  5.67737e+002  5.46000e+003  4.83348e+000  4.95266e+000  5.55000e+002
          5461  5.67830e+002  5.46100e+003  4.91988e+000  4.94816e+000  5.55083e+002
          5462  5.67911e+002  5.46200e+003  5.00712e+000  4.94364e+000  5.55167e+002
          5463  5.68004e+002  5.46300e+003  5.09516e+000  4.93912e+000  5.55250e+002
          5464  5.68093e+002  5.46400e+003  5.18256e+000  4.93453e+000  5.55333e+002
          5465  5.68179e+002  5.46500e+003  5.27101e+000  4.92998e+000  5.55417e+002
          5466  5.68263e+002  5.46600e+003  5.35906e+000  4.92543e+000  5.55500e+002
          5467  5.68357e+002  5.46700e+003  5.44577e+000  4.92090e+000  5.55583e+002
          5468  5.68448e+002  5.46800e+003  5.53331e+000  4.91631e+000  5.55667e+002
          5469  5.68532e+002  5.46900e+003  5.62101e+000  4.91172e+000  5.55750e+002
          5470  5.68619e+002  5.47000e+003  5.70895e+000  4.90714e+000  5.55833e+002
          5471  5.68715e+002  5.47100e+003  5.79777e+000  4.90254e+000  5.55917e+002
          5472  5.68793e+002  5.47200e+003  5.88808e+000  4.89796e+000  5.56000e+002
          5473  5.68885e+002  5.47300e+003  5.97459e+000  4.89337e+000  5.56083e+002
          5474  5.68968e+002  5.47400e+003  6.06045e+000  4.88876e+000  5.56167e+002
          5475  5.69072e+002  5.47500e+003  6.14585e+000  4.88417e+000  5.56250e+002
          5476  5.69151e+002  5.47600e+003  6.23058e+000  4.87959e+000  5.56333e+002
          5477  5.69238e+002  5.47700e+003  6.31693e+000  4.87502e+000  5.56417e+002
          5478  5.69315e+002  5.47800e+003  6.40447e+000  4.87045e+000  5.56500e+002
          5479  5.69411e+002  5.47900e+003  6.49275e+000  4.86591e+000  5.56583e+002
          5480  5.69497e+002  5.48000e+003  6.57969e+000  4.86132e+000  5.56667e+002
          5481  5.69592e+002  5.48100e+003  6.66666e+000  4.85669e+000  5.56750e+002
          5482  5.69680e+002  5.48200e+003  6.75447e+000  4.85205e+000  5.56833e+002
          5483  5.69754e+002  5.48300e+003  6.84382e+000  4.84743e+000  5.56917e+002
          5484  5.69847e+002  5.48400e+003  6.93433e+000  4.84275e+000  5.57000e+002
          5485  5.69954e+002  5.48500e+003  7.02476e+000  4.83813e+000  5.57083e+002
          5486  5.70039e+002  5.48600e+003  7.11406e+000  4.83349e+000  5.57167e+002
          5487  5.70123e+002  5.48700e+003  7.20270e+000  4.82883e+000  5.57250e+002
          5488  5.70214e+002  5.48800e+003  7.29484e+000  4.82423e+000  5.57333e+002
          5489  5.70303e+002  5.48900e+003  7.38642e+000  4.81959e+000  5.57417e+002
          5490  5.70381e+002  5.49000e+003  7.47739e+000  4.81494e+000  5.57500e+002
          5491  5.70481e+002  5.49100e+003  7.56928e+000  4.81031e+000  5.57583e+002
          5492  5.70564e+002  5.49200e+003  7.66177e+000  4.80566e+000  5.57667e+002
          5493  5.70661e+002  5.49300e+003  7.75219e+000  4.80097e+000  5.57750e+002
          5494  5.70745e+002  5.49400e+003  7.84268e+000  4.79627e+000  5.57833e+002
          5495  5.70837e+002  5.49500e+003  7.93270e+000  4.79159e+000  5.57917e+002
          5496  5.70922e+002  5.49600e+003  8.01734e+000  4.78684e+000  5.58000e+002
          5497  5.70999e+002  5.49700e+003  8.10325e+000  4.78211e+000  5.58083e+002
          5498  5.71102e+002  5.49800e+003  8.18880e+000  4.77743e+000  5.58167e+002
          5499  5.71189e+002  5.49900e+003  8.27408e+000  4.77273e+000  5.58250e+002
          5500  5.71278e+002  5.50000e+003  8.35789e+000  4.76800e+000  5.58333e+002
          5501  5.71367e+002  5.50100e+003  8.44228e+000  4.76327e+000  5.58417e+002
          5502  5.71463e+002  5.50200e+003  8.52657e+000  4.75857e+000  5.58500e+002
          5503  5.71551e+002  5.50300e+003  8.61098e+000  4.75386e+000  5.58583e+002
          5504  5.71631e+002  5.50400e+003  8.69093e+000  4.74908e+000  5.58667e+002
          5505  5.71734e+002  5.50500e+003  8.77576e+000  4.74429e+000  5.58750e+002
          5506  5.71814e+002  5.50600e+003  8.86150e+000  4.73951e+000  5.58833e+002
          5507  5.71897e+002  5.50700e+003  8.94743e+000  4.73476e+000  5.58917e+002
          5508  5.71990e+002  5.50800e+003  9.03374e+000  4.72996e+000  5.59000e+002
          5509  5.72085e+002  5.50900e+003  9.12091e+000  4.72517e+000  5.59083e+002
          5510  5.72159e+002  5.51000e+003  9.20787e+000  4.72038e+000  5.59167e+002
          5511  5.72252e+002  5.51100e+003  9.29313e+000  4.71564e+000  5.59250e+002
          5512  5.72345e+002  5.51200e+003  9.38437e+000  4.71090e+000  5.59333e+002
          5513  5.72429e+002  5.51300e+003  9.47105e+000  4.70612e+000  5.59417e+002
          5514  5.72525e+002  5.51400e+003  9.55718e+000  4.70133e+000  5.59500e+002
          5515  5.72602e+002  5.51500e+003  9.64357e+000  4.69652e+000  5.59583e+002
          5516  5.72694e+002  5.51600e+003  9.72980e+000  4.69176e+000  5.59667e+002
          5517  5.72783e+002  5.51700e+003  9.81659e+000  4.68699e+000  5.59750e+002
          5518  5.72878e+002  5.51800e+003  9.90342e+000  4.68220e+000  5.59833e+002
          5519  5.72975e+002  5.51900e+003  9.99129e+000  4.67739e+000  5.59917e+002
          5520  5.73054e+002  5.52000e+003  1.00745e+001  4.67258e+000  5.60000e+002
          5521  5.73150e+002  5.52100e+003  1.01609e+001  4.66772e+000  5.60083e+002
          5522  5.73225e+002  5.52200e+003  1.02484e+001  4.66286e+000  5.60167e+002
          5523  5.73313e+002  5.52300e+003  1.03364e+001  4.65804e+000  5.60250e+002
          5524  5.73404e+002  5.52400e+003  1.04264e+001  4.65315e+000  5.60333e+002
          5525  5.73492e+002  5.52500e+003  1.05147e+001  4.64829e+000  5.60417e+002
          5526  5.73576e+002  5.52600e+003  1.06023e+001  4.64343e+000  5.60500e+002
          5527  5.73667e+002  5.52700e+003  1.06903e+001  4.63856e+000  5.60583e+002
          5528  5.73758e+002  5.52800e+003  1.07790e+001  4.63370e+000  5.60667e+002
          5529  5.73846e+002  5.52900e+003  1.08666e+001  4.62880e+000  5.60750e+002
          5530  5.73932e+002  5.53000e+003  1.09546e+001  4.62388e+000  5.60833e+002
          5531  5.74024e+002  5.53100e+003  1.10435e+001  4.61895e+000  5.60917e+002
          5532  5.74113e+002  5.53200e+003  1.11336e+001  4.61405e+000  5.61000e+002
          5533  5.74210e+002  5.53300e+003  1.12232e+001  4.60918e+000  5.61083e+002
          5534  5.74281e+002  5.53400e+003  1.13125e+001  4.60431e+000  5.61167e+002
          5535  5.74380e+002  5.53500e+003  1.14017e+001  4.59944e+000  5.61250e+002
          5536  5.74467e+002  5.53600e+003  1.14903e+001  4.59464e+000  5.61333e+002
          5537  5.74555e+002  5.53700e+003  1.15787e+001  4.58976e+000  5.61417e+002
          5538  5.74649e+002  5.53800e+003  1.16670e+001  4.58485e+000  5.61500e+002
          5539  5.74739e+002  5.53900e+003  1.17547e+001  4.57994e+000  5.61583e+002
          5540  5.74824e+002  5.54000e+003  1.18458e+001  4.57493e+000  5.61667e+002
          5541  5.74907e+002  5.54100e+003  1.19360e+001  4.56995e+000  5.61750e+002
          5542  5.75002e+002  5.54200e+003  1.20261e+001  4.56497e+000  5.61833e+002
          5543  5.75086e+002  5.54300e+003  1.21156e+001  4.55999e+000  5.61917e+002
          5544  5.75183e+002  5.54400e+003  1.22039e+001  4.55499e+000  5.62000e+002
          5545  5.75270e+002  5.54500e+003  1.22926e+001  4.54999e+000  5.62083e+002
          5546  5.75355e+002  5.54600e+003  1.23822e+001  4.54500e+000  5.62167e+002
          5547  5.75446e+002  5.54700e+003  1.24718e+001  4.54000e+000  5.62250e+002
          5548  5.75533e+002  5.54800e+003  1.25622e+001  4.53500e+000  5.62333e+002
          5549  5.75615e+002  5.54900e+003  1.26535e+001  4.53000e+000  5.62417e+002
          5550  5.75711e+002  5.55000e+003  1.27449e+001  4.52500e+000  5.62500e+002
          5551  5.75797e+002  5.55100e+003  1.28361e+001  4.52000e+000  5.62583e+002
          5552  5.75881e+002  5.55200e+003  1.29298e+001  4.51500e+000  5.62667e+002
          5553  5.75974e+002  5.55300e+003  1.30208e+001  4.51000e+000  5.62750e+002
          5554  5.76061e+002  5.55400e+003  1.31098e+001  4.50500e+000  5.62833e+002
          5555  5.76150e+002  5.55500e+003  1.31988e+001  4.50000e+000  5.62917e+002
          5556  5.76242e+002  5.55600e+003  1.32893e+001  4.49500e+000  5.63000e+002
          5557  5.76329e+002  5.55700e+003  1.33814e+001  4.49000e+000  5.63083e+002
          5558  5.76427e+002  5.55800e+003  1.34728e+001  4.48500e+000  5.63167e+002
          5559  5.76499e+002  5.55900e+003  1.35629e+001  4.48000e+000  5.63250e+002
          5560  5.76585e+002  5.56000e+003  1.36518e+001  4.47500e+000  5.63333e+002
          5561  5.76677e+002  5.56100e+003  1.37425e+001  4.47000e+000  5.63417e+002
          5562  5.76770e+002  5.56200e+003  1.38342e+001  4.46500e+000  5.63500e+002
          5563  5.76853e+002  5.56300e+003  1.39261e+001  4.46000e+000  5.63583e+002
          5564  5.76938e+002  5.56400e+003  1.40164e+001  4.45489e+000  5.63667e+002
          5565  5.77038e+002  5.56500e+003  1.41069e+001  4.44978e+000  5.63750e+002
          5566  5.77127e+002  5.56600e+003  1.41986e+001  4.44467e+000  5.63833e+002
          5567  5.77203e+002  5.56700e+003  1.42909e+001  4.43956e+000  5.63917e+002
          5568  5.77294e+002  5.56800e+003  1.43823e+001  4.43435e+000  5.64000e+002
          5569  5.77373e+002  5.56900e+003  1.44740e+001  4.42923e+000  5.64083e+002
          5570  5.77471e+002  5.57000e+003  1.45659e+001  4.42414e+000  5.64167e+002
          5571  5.77565e+002  5.57100e+003  1.46562e+001  4.41906e+000  5.64250e+002
          5572  5.77653e+002  5.57200e+003  1.47485e+001  4.41396e+000  5.64333e+002
          5573  5.77742e+002  5.57300e+003  1.48392e+001  4.40883e+000  5.64417e+002
          5574  5.77828e+002  5.57400e+003  1.49302e+001  4.40369e+000  5.64500e+002
          5575  5.77932e+002  5.57500e+003  1.50215e+001  4.39856e+000  5.64583e+002
          5576  5.78007e+002  5.57600e+003  1.51110e+001  4.39337e+000  5.64667e+002
          5577  5.78095e+002  5.57700e+003  1.52002e+001  4.38824e+000  5.64750e+002
          5578  5.78190e+002  5.57800e+003  1.52896e+001  4.38312e+000  5.64833e+002
          5579  5.78273e+002  5.57900e+003  1.53785e+001  4.37795e+000  5.64917e+002
          5580  5.78357e+002  5.58000e+003  1.54641e+001  4.37284e+000  5.65000e+002
          5581  5.78448e+002  5.58100e+003  1.55532e+001  4.36770e+000  5.65083e+002
          5582  5.78531e+002  5.58200e+003  1.56437e+001  4.36257e+000  5.65167e+002
          5583  5.78621e+002  5.58300e+003  1.57352e+001  4.35744e+000  5.65250e+002
          5584  5.78700e+002  5.58400e+003  1.58251e+001  4.35219e+000  5.65333e+002
          5585  5.78800e+002  5.58500e+003  1.59146e+001  4.34698e+000  5.65417e+002
          5586  5.78878e+002  5.58600e+003  1.60040e+001  4.34178e+000  5.65500e+002
          5587  5.78964e+002  5.58700e+003  1.60938e+001  4.33660e+000  5.65583e+002
          5588  5.79052e+002  5.58800e+003  1.61847e+001  4.33130e+000  5.65667e+002
          5589  5.79147e+002  5.58900e+003  1.62755e+001  4.32605e+000  5.65750e+002
          5590  5.79249e+002  5.59000e+003  1.63668e+001  4.32083e+000  5.65833e+002
          5591  5.79327e+002  5.59100e+003  1.64586e+001  4.31562e+000  5.65917e+002
          5592  5.79416e+002  5.59200e+003  1.65526e+001  4.31041e+000  5.66000e+002
          5593  5.79503e+002  5.59300e+003  1.66453e+001  4.30517e+000  5.66083e+002
          5594  5.79590e+002  5.59400e+003  1.67377e+001  4.29995e+000  5.66167e+002
          5595  5.79676e+002  5.59500e+003  1.68303e+001  4.29474e+000  5.66250e+002
          5596  5.79764e+002  5.59600e+003  1.69270e+001  4.28956e+000  5.66333e+002
          5597  5.79854e+002  5.59700e+003  1.70229e+001  4.28432e+000  5.66417e+002
          5598  5.79950e+002  5.59800e+003  1.71180e+001  4.27908e+000  5.66500e+002
          5599  5.80035e+002  5.59900e+003  1.72128e+001  4.27386e+000  5.66583e+002
          5600  5.80130e+002  5.60000e+003  1.73090e+001  4.26854e+000  5.66667e+002
          5601  5.80217e+002  5.60100e+003  1.74035e+001  4.26326e+000  5.66750e+002
          5602  5.80299e+002  5.60200e+003  1.74963e+001  4.25797e+000  5.66833e+002
          5603  5.80391e+002  5.60300e+003  1.75884e+001  4.25265e+000  5.66917e+002
          5604  5.80483e+002  5.60400e+003  1.76848e+001  4.24729e+000  5.67000e+002
          5605  5.80577e+002  5.60500e+003  1.77793e+001  4.24197e+000  5.67083e+002
          5606  5.80657e+002  5.60600e+003  1.78734e+001  4.23663e+000  5.67167e+002
          5607  5.80752e+002  5.60700e+003  1.79671e+001  4.23129e+000  5.67250e+002
          5608  5.80837e+002  5.60800e+003  1.80585e+001  4.22600e+000  5.67333e+002
          5609  5.80921e+002  5.60900e+003  1.81530e+001  4.22066e+000  5.67417e+002
          5610  5.81015e+002  5.61000e+003  1.82488e+001  4.21534e+000  5.67500e+002
          5611  5.81093e+002  5.61100e+003  1.83435e+001  4.21003e+000  5.67583e+002
          5612  5.81195e+002  5.61200e+003  1.84389e+001  4.20468e+000  5.67667e+002
          5613  5.81274e+002  5.61300e+003  1.85342e+001  4.19935e+000  5.67750e+002
          5614  5.81361e+002  5.61400e+003  1.86289e+001  4.19403e+000  5.67833e+002
          5615  5.81450e+002  5.61500e+003  1.87226e+001  4.18867e+000  5.67917e+002
          5616  5.81548e+002  5.61600e+003  1.88198e+001  4.18332e+000  5.68000e+002
          5617  5.81638e+002  5.61700e+003  1.89144e+001  4.17799e+000  5.68083e+002
          5618  5.81722e+002  5.61800e+003  1.90075e+001  4.17264e+000  5.68167e+002
          5619  5.81815e+002  5.61900e+003  1.91002e+001  4.16730e+000  5.68250e+002
          5620  5.81894e+002  5.62000e+003  1.91923e+001  4.16192e+000  5.68333e+002
          5621  5.81992e+002  5.62100e+003  1.92858e+001  4.15656e+000  5.68417e+002
          5622  5.82081e+002  5.62200e+003  1.93789e+001  4.15120e+000  5.68500e+002
          5623  5.82163e+002  5.62300e+003  1.94725e+001  4.14581e+000  5.68583e+002
          5624  5.82252e+002  5.62400e+003  1.95636e+001  4.14038e+000  5.68667e+002
          5625  5.82345e+002  5.62500e+003  1.96559e+001  4.13496e+000  5.68750e+002
          5626  5.82430e+002  5.62600e+003  1.97481e+001  4.12954e+000  5.68833e+002
          5627  5.82518e+002  5.62700e+003  1.98411e+001  4.12409e+000  5.68917e+002
          5628  5.82615e+002  5.62800e+003  1.99334e+001  4.11868e+000  5.69000e+002
          5629  5.82696e+002  5.62900e+003  2.00246e+001  4.11328e+000  5.69083e+002
          5630  5.82783e+002  5.63000e+003  2.01164e+001  4.10783e+000  5.69167e+002
          5631  5.82874e+002  5.63100e+003  2.02087e+001  4.10234e+000  5.69250e+002
          5632  5.82962e+002  5.63200e+003  2.03004e+001  4.09691e+000  5.69333e+002
          5633  5.83048e+002  5.63300e+003  2.03913e+001  4.09148e+000  5.69417e+002
          5634  5.83133e+002  5.63400e+003  2.04823e+001  4.08603e+000  5.69500e+002
          5635  5.83227e+002  5.63500e+003  2.05742e+001  4.08059e+000  5.69583e+002
          5636  5.83322e+002  5.63600e+003  2.06659e+001  4.07512e+000  5.69667e+002
          5637  5.83404e+002  5.63700e+003  2.07587e+001  4.06966e+000  5.69750e+002
          5638  5.83492e+002  5.63800e+003  2.08511e+001  4.06419e+000  5.69833e+002
          5639  5.83576e+002  5.63900e+003  2.09425e+001  4.05873e+000  5.69917e+002
          5640  5.83669e+002  5.64000e+003  2.10341e+001  4.05321e+000  5.70000e+002
          5641  5.83758e+002  5.64100e+003  2.11257e+001  4.04772e+000  5.70083e+002
          5642  5.83843e+002  5.64200e+003  2.12173e+001  4.04220e+000  5.70167e+002
          5643  5.83931e+002  5.64300e+003  2.13088e+001  4.03664e+000  5.70250e+002
          5644  5.84033e+002  5.64400e+003  2.14028e+001  4.03108e+000  5.70333e+002
          5645  5.84118e+002  5.64500e+003  2.14953e+001  4.02552e+000  5.70417e+002
          5646  5.84213e+002  5.64600e+003  2.15877e+001  4.01997e+000  5.70500e+002
          5647  5.84299e+002  5.64700e+003  2.16812e+001  4.01440e+000  5.70583e+002
          5648  5.84376e+002  5.64800e+003  2.17733e+001  4.00887e+000  5.70667e+002
          5649  5.84463e+002  5.64900e+003  2.18679e+001  4.00331e+000  5.70750e+002
          5650  5.84558e+002  5.65000e+003  2.19645e+001  3.99772e+000  5.70833e+002
          5651  5.84643e+002  5.65100e+003  2.20619e+001  3.99216e+000  5.70917e+002
          5652  5.84739e+002  5.65200e+003  2.21629e+001  3.98657e+000  5.71000e+002
          5653  5.84821e+002  5.65300e+003  2.22617e+001  3.98101e+000  5.71083e+002
          5654  5.84907e+002  5.65400e+003  2.23594e+001  3.97544e+000  5.71167e+002
          5655  5.84994e+002  5.65500e+003  2.24566e+001  3.96991e+000  5.71250e+002
          5656  5.85093e+002  5.65600e+003  2.25600e+001  3.96432e+000  5.71333e+002
          5657  5.85177e+002  5.65700e+003  2.26577e+001  3.95872e+000  5.71417e+002
          5658  5.85269e+002  5.65800e+003  2.27528e+001  3.95314e+000  5.71500e+002
          5659  5.85360e+002  5.65900e+003  2.28478e+001  3.94755e+000  5.71583e+002
          5660  5.85445e+002  5.66000e+003  2.29442e+001  3.94197e+000  5.71667e+002
          5661  5.85543e+002  5.66100e+003  2.30398e+001  3.93637e+000  5.71750e+002
          5662  5.85628e+002  5.66200e+003  2.31341e+001  3.93076e+000  5.71833e+002
          5663  5.85718e+002  5.66300e+003  2.32280e+001  3.92517e+000  5.71917e+002
          5664  5.85806e+002  5.66400e+003  2.33160e+001  3.91957e+000  5.72000e+002
          5665  5.85897e+002  5.66500e+003  2.34068e+001  3.91393e+000  5.72083e+002
          5666  5.85988e+002  5.66600e+003  2.34977e+001  3.90832e+000  5.72167e+002
          5667  5.86068e+002  5.66700e+003  2.35875e+001  3.90269e+000  5.72250e+002
          5668  5.86163e+002  5.66800e+003  2.36757e+001  3.89695e+000  5.72333e+002
          5669  5.86247e+002  5.66900e+003  2.37647e+001  3.89123e+000  5.72417e+002
          5670  5.86337e+002  5.67000e+003  2.38523e+001  3.88555e+000  5.72500e+002
          5671  5.86416e+002  5.67100e+003  2.39407e+001  3.87985e+000  5.72583e+002
          5672  5.86500e+002  5.67200e+003  2.40268e+001  3.87410e+000  5.72667e+002
          5673  5.86596e+002  5.67300e+003  2.41147e+001  3.86840e+000  5.72750e+002
          5674  5.86684e+002  5.67400e+003  2.42026e+001  3.86270e+000  5.72833e+002
          5675  5.86774e+002  5.67500e+003  2.42896e+001  3.85698e+000  5.72917e+002
          5676  5.86860e+002  5.67600e+003  2.43761e+001  3.85123e+000  5.73000e+002
          5677  5.86955e+002  5.67700e+003  2.44631e+001  3.84547e+000  5.73083e+002
          5678  5.87038e+002  5.67800e+003  2.45489e+001  3.83974e+000  5.73167e+002
          5679  5.87126e+002  5.67900e+003  2.46339e+001  3.83400e+000  5.73250e+002
          5680  5.87212e+002  5.68000e+003  2.47211e+001  3.82828e+000  5.73333e+002
          5681  5.87300e+002  5.68100e+003  2.48078e+001  3.82257e+000  5.73417e+002
          5682  5.87391e+002  5.68200e+003  2.48941e+001  3.81685e+000  5.73500e+002
          5683  5.87467e+002  5.68300e+003  2.49797e+001  3.81111e+000  5.73583e+002
          5684  5.87560e+002  5.68400e+003  2.50635e+001  3.80550e+000  5.73667e+002
          5685  5.87655e+002  5.68500e+003  2.51476e+001  3.79982e+000  5.73750e+002
          5686  5.87736e+002  5.68600e+003  2.52324e+001  3.79410e+000  5.73833e+002
          5687  5.87827e+002  5.68700e+003  2.53181e+001  3.78835e+000  5.73917e+002
          5688  5.87917e+002  5.68800e+003  2.54036e+001  3.78255e+000  5.74000e+002
          5689  5.88004e+002  5.68900e+003  2.54909e+001  3.77680e+000  5.74083e+002
          5690  5.88098e+002  5.69000e+003  2.55779e+001  3.77104e+000  5.74167e+002
          5691  5.88178e+002  5.69100e+003  2.56655e+001  3.76526e+000  5.74250e+002
          5692  5.88266e+002  5.69200e+003  2.57542e+001  3.75941e+000  5.74333e+002
          5693  5.88348e+002  5.69300e+003  2.58427e+001  3.75356e+000  5.74417e+002
          5694  5.88441e+002  5.69400e+003  2.59327e+001  3.74772e+000  5.74500e+002
          5695  5.88526e+002  5.69500e+003  2.60236e+001  3.74192e+000  5.74583e+002
          5696  5.88620e+002  5.69600e+003  2.61182e+001  3.73607e+000  5.74667e+002
          5697  5.88715e+002  5.69700e+003  2.62098e+001  3.73024e+000  5.74750e+002
          5698  5.88805e+002  5.69800e+003  2.63018e+001  3.72440e+000  5.74833e+002
          5699  5.88887e+002  5.69900e+003  2.63930e+001  3.71855e+000  5.74917e+002
          5700  5.88981e+002  5.70000e+003  2.64881e+001  3.71271e+000  5.75000e+002
          5701  5.89062e+002  5.70100e+003  2.65833e+001  3.70691e+000  5.75083e+002
          5702  5.89154e+002  5.70200e+003  2.66780e+001  3.70110e+000  5.75167e+002
          5703  5.89239e+002  5.70300e+003  2.67732e+001  3.69528e+000  5.75250e+002
          5704  5.89325e+002  5.70400e+003  2.68695e+001  3.68944e+000  5.75333e+002
          5705  5.89417e+002  5.70500e+003  2.69641e+001  3.68358e+000  5.75417e+002
          5706  5.89509e+002  5.70600e+003  2.70577e+001  3.67770e+000  5.75500e+002
          5707  5.89592e+002  5.70700e+003  2.71514e+001  3.67181e+000  5.75583e+002
          5708  5.89684e+002  5.70800e+003  2.72479e+001  3.66596e+000  5.75667e+002
          5709  5.89774e+002  5.70900e+003  2.73422e+001  3.66012e+000  5.75750e+002
          5710  5.89864e+002  5.71000e+003  2.74362e+001  3.65428e+000  5.75833e+002
          5711  5.89949e+002  5.71100e+003  2.75308e+001  3.64842e+000  5.75917e+002
          5712  5.90039e+002  5.71200e+003  2.76258e+001  3.64262e+000  5.76000e+002
          5713  5.90129e+002  5.71300e+003  2.77234e+001  3.63675e+000  5.76083e+002
          5714  5.90218e+002  5.71400e+003  2.78212e+001  3.63085e+000  5.76167e+002
          5715  5.90295e+002  5.71500e+003  2.79193e+001  3.62494e+000  5.76250e+002
          5716  5.90387e+002  5.71600e+003  2.80213e+001  3.61892e+000  5.76333e+002
          5717  5.90484e+002  5.71700e+003  2.81228e+001  3.61295e+000  5.76417e+002
          5718  5.90559e+002  5.71800e+003  2.82238e+001  3.60697e+000  5.76500e+002
          5719  5.90657e+002  5.71900e+003  2.83247e+001  3.60099e+000  5.76583e+002
          5720  5.90742e+002  5.72000e+003  2.84325e+001  3.59499e+000  5.76667e+002
          5721  5.90836e+002  5.72100e+003  2.85360e+001  3.58902e+000  5.76750e+002
          5722  5.90937e+002  5.72200e+003  2.86372e+001  3.58311e+000  5.76833e+002
          5723  5.91015e+002  5.72300e+003  2.87375e+001  3.57722e+000  5.76917e+002
          5724  5.91099e+002  5.72400e+003  2.88410e+001  3.57136e+000  5.77000e+002
          5725  5.91196e+002  5.72500e+003  2.89409e+001  3.56548e+000  5.77083e+002
          5726  5.91283e+002  5.72600e+003  2.90381e+001  3.55959e+000  5.77167e+002
          5727  5.91371e+002  5.72700e+003  2.91340e+001  3.55369e+000  5.77250e+002
          5728  5.91461e+002  5.72800e+003  2.92265e+001  3.54767e+000  5.77333e+002
          5729  5.91552e+002  5.72900e+003  2.93219e+001  3.54164e+000  5.77417e+002
          5730  5.91633e+002  5.73000e+003  2.94185e+001  3.53558e+000  5.77500e+002
          5731  5.91723e+002  5.73100e+003  2.95153e+001  3.52952e+000  5.77583e+002
          5732  5.91810e+002  5.73200e+003  2.96052e+001  3.52331e+000  5.77667e+002
          5733  5.91904e+002  5.73300e+003  2.96987e+001  3.51721e+000  5.77750e+002
          5734  5.91990e+002  5.73400e+003  2.97935e+001  3.51113e+000  5.77833e+002
          5735  5.92077e+002  5.73500e+003  2.98897e+001  3.50506e+000  5.77917e+002
          5736  5.92162e+002  5.73600e+003  2.99858e+001  3.49906e+000  5.78000e+002
          5737  5.92255e+002  5.73700e+003  3.00819e+001  3.49304e+000  5.78083e+002
          5738  5.92337e+002  5.73800e+003  3.01794e+001  3.48702e+000  5.78167e+002
          5739  5.92429e+002  5.73900e+003  3.02784e+001  3.48101e+000  5.78250e+002
          5740  5.92523e+002  5.74000e+003  3.03824e+001  3.47501e+000  5.78333e+002
          5741  5.92610e+002  5.74100e+003  3.04839e+001  3.46901e+000  5.78417e+002
          5742  5.92695e+002  5.74200e+003  3.05859e+001  3.46298e+000  5.78500e+002
          5743  5.92787e+002  5.74300e+003  3.06884e+001  3.45689e+000  5.78583e+002
          5744  5.92882e+002  5.74400e+003  3.07960e+001  3.45077e+000  5.78667e+002
          5745  5.92956e+002  5.74500e+003  3.08999e+001  3.44465e+000  5.78750e+002
          5746  5.93048e+002  5.74600e+003  3.10037e+001  3.43854e+000  5.78833e+002
          5747  5.93144e+002  5.74700e+003  3.11079e+001  3.43243e+000  5.78917e+002
          5748  5.93229e+002  5.74800e+003  3.12163e+001  3.42629e+000  5.79000e+002
          5749  5.93318e+002  5.74900e+003  3.13213e+001  3.42016e+000  5.79083e+002
          5750  5.93404e+002  5.75000e+003  3.14260e+001  3.41400e+000  5.79167e+002
          5751  5.93498e+002  5.75100e+003  3.15307e+001  3.40783e+000  5.79250e+002
          5752  5.93591e+002  5.75200e+003  3.16354e+001  3.40169e+000  5.79333e+002
          5753  5.93677e+002  5.75300e+003  3.17406e+001  3.39556e+000  5.79417e+002
          5754  5.93761e+002  5.75400e+003  3.18467e+001  3.38940e+000  5.79500e+002
          5755  5.93846e+002  5.75500e+003  3.19548e+001  3.38320e+000  5.79583e+002
          5756  5.93939e+002  5.75600e+003  3.20618e+001  3.37699e+000  5.79667e+002
          5757  5.94027e+002  5.75700e+003  3.21702e+001  3.37080e+000  5.79750e+002
          5758  5.94117e+002  5.75800e+003  3.22791e+001  3.36463e+000  5.79833e+002
          5759  5.94205e+002  5.75900e+003  3.23880e+001  3.35847e+000  5.79917e+002
          5760  5.94298e+002  5.76000e+003  3.24996e+001  3.35230e+000  5.80000e+002
          5761  5.94387e+002  5.76100e+003  3.26095e+001  3.34610e+000  5.80083e+002
          5762  5.94479e+002  5.76200e+003  3.27195e+001  3.33988e+000  5.80167e+002
          5763  5.94564e+002  5.76300e+003  3.28302e+001  3.33361e+000  5.80250e+002
          5764  5.94649e+002  5.76400e+003  3.29491e+001  3.32744e+000  5.80333e+002
          5765  5.94739e+002  5.76500e+003  3.30651e+001  3.32127e+000  5.80417e+002
          5766  5.94827e+002  5.76600e+003  3.31793e+001  3.31506e+000  5.80500e+002
          5767  5.94922e+002  5.76700e+003  3.32925e+001  3.30885e+000  5.80583e+002
          5768  5.95017e+002  5.76800e+003  3.34062e+001  3.30269e+000  5.80667e+002
          5769  5.95098e+002  5.76900e+003  3.35195e+001  3.29646e+000  5.80750e+002
          5770  5.95186e+002  5.77000e+003  3.36321e+001  3.29022e+000  5.80833e+002
          5771  5.95280e+002  5.77100e+003  3.37445e+001  3.28398e+000  5.80917e+002
          5772  5.95369e+002  5.77200e+003  3.38592e+001  3.27762e+000  5.81000e+002
          5773  5.95465e+002  5.77300e+003  3.39714e+001  3.27128e+000  5.81083e+002
          5774  5.95551e+002  5.77400e+003  3.40830e+001  3.26491e+000  5.81167e+002
          5775  5.95630e+002  5.77500e+003  3.41942e+001  3.25855e+000  5.81250e+002
          5776  5.95729e+002  5.77600e+003  3.43003e+001  3.25218e+000  5.81333e+002
          5777  5.95810e+002  5.77700e+003  3.44084e+001  3.24585e+000  5.81417e+002
          5778  5.95900e+002  5.77800e+003  3.45164e+001  3.23950e+000  5.81500e+002
          5779  5.95984e+002  5.77900e+003  3.46248e+001  3.23317e+000  5.81583e+002
          5780  5.96078e+002  5.78000e+003  3.47294e+001  3.22693e+000  5.81667e+002
          5781  5.96168e+002  5.78100e+003  3.48377e+001  3.22061e+000  5.81750e+002
          5782  5.96257e+002  5.78200e+003  3.49468e+001  3.21431e+000  5.81833e+002
          5783  5.96349e+002  5.78300e+003  3.50553e+001  3.20802e+000  5.81917e+002
          5784  5.96430e+002  5.78400e+003  3.51624e+001  3.20166e+000  5.82000e+002
          5785  5.96515e+002  5.78500e+003  3.52699e+001  3.19531e+000  5.82083e+002
          5786  5.96614e+002  5.78600e+003  3.53789e+001  3.18893e+000  5.82167e+002
          5787  5.96701e+002  5.78700e+003  3.54878e+001  3.18256e+000  5.82250e+002
          5788  5.96784e+002  5.78800e+003  3.55975e+001  3.17616e+000  5.82333e+002
          5789  5.96875e+002  5.78900e+003  3.57061e+001  3.16976e+000  5.82417e+002
          5790  5.96971e+002  5.79000e+003  3.58157e+001  3.16340e+000  5.82500e+002
          5791  5.97059e+002  5.79100e+003  3.59258e+001  3.15706e+000  5.82583e+002
          5792  5.97144e+002  5.79200e+003  3.60354e+001  3.15071e+000  5.82667e+002
          5793  5.97240e+002  5.79300e+003  3.61444e+001  3.14434e+000  5.82750e+002
          5794  5.97331e+002  5.79400e+003  3.62533e+001  3.13795e+000  5.82833e+002
          5795  5.97418e+002  5.79500e+003  3.63624e+001  3.13156e+000  5.82917e+002
          5796  5.97500e+002  5.79600e+003  3.64732e+001  3.12508e+000  5.83000e+002
          5797  5.97584e+002  5.79700e+003  3.65827e+001  3.11864e+000  5.83083e+002
          5798  5.97683e+002  5.79800e+003  3.66910e+001  3.11215e+000  5.83167e+002
          5799  5.97775e+002  5.79900e+003  3.67992e+001  3.10562e+000  5.83250e+002
          5800  5.97855e+002  5.80000e+003  3.69066e+001  3.09908e+000  5.83333e+002
          5801  5.97946e+002  5.80100e+003  3.70135e+001  3.09259e+000  5.83417e+002
          5802  5.98035e+002  5.80200e+003  3.71194e+001  3.08607e+000  5.83500e+002
          5803  5.98126e+002  5.80300e+003  3.72266e+001  3.07951e+000  5.83583e+002
          5804  5.98216e+002  5.80400e+003  3.73294e+001  3.07301e+000  5.83667e+002
          5805  5.98299e+002  5.80500e+003  3.74335e+001  3.06647e+000  5.83750e+002
          5806  5.98393e+002  5.80600e+003  3.75387e+001  3.05997e+000  5.83833e+002
          5807  5.98483e+002  5.80700e+003  3.76441e+001  3.05350e+000  5.83917e+002
          5808  5.98563e+002  5.80800e+003  3.77442e+001  3.04701e+000  5.84000e+002
          5809  5.98657e+002  5.80900e+003  3.78457e+001  3.04054e+000  5.84083e+002
          5810  5.98734e+002  5.81000e+003  3.79477e+001  3.03406e+000  5.84167e+002
          5811  5.98824e+002  5.81100e+003  3.80495e+001  3.02761e+000  5.84250e+002
          5812  5.98914e+002  5.81200e+003  3.81469e+001  3.02112e+000  5.84333e+002
          5813  5.98998e+002  5.81300e+003  3.82448e+001  3.01456e+000  5.84417e+002
          5814  5.99093e+002  5.81400e+003  3.83435e+001  3.00797e+000  5.84500e+002
          5815  5.99187e+002  5.81500e+003  3.84424e+001  3.00140e+000  5.84583e+002
          5816  5.99278e+002  5.81600e+003  3.85381e+001  2.99480e+000  5.84667e+002
          5817  5.99356e+002  5.81700e+003  3.86351e+001  2.98823e+000  5.84750e+002
          5818  5.99442e+002  5.81800e+003  3.87313e+001  2.98170e+000  5.84833e+002
          5819  5.99543e+002  5.81900e+003  3.88269e+001  2.97516e+000  5.84917e+002
          5820  5.99631e+002  5.82000e+003  3.89188e+001  2.96865e+000  5.85000e+002
          5821  5.99718e+002  5.82100e+003  3.90137e+001  2.96211e+000  5.85083e+002
          5822  5.99798e+002  5.82200e+003  3.91086e+001  2.95555e+000  5.85167e+002
          5823  5.99894e+002  5.82300e+003  3.92027e+001  2.94902e+000  5.85250e+002
          5824  5.99974e+002  5.82400e+003  3.92964e+001  2.94229e+000  5.85333e+002
          5825  6.00069e+002  5.82500e+003  3.93877e+001  2.93565e+000  5.85417e+002
          5826  6.00154e+002  5.82600e+003  3.94780e+001  2.92906e+000  5.85500e+002
          5827  6.00247e+002  5.82700e+003  3.95674e+001  2.92245e+000  5.85583e+002
          5828  6.00324e+002  5.82800e+003  3.96527e+001  2.91575e+000  5.85667e+002
          5829  6.00417e+002  5.82900e+003  3.97391e+001  2.90913e+000  5.85750e+002
          5830  6.00501e+002  5.83000e+003  3.98244e+001  2.90249e+000  5.85833e+002
          5831  6.00594e+002  5.83100e+003  3.99080e+001  2.89583e+000  5.85917e+002
          5832  6.00681e+002  5.83200e+003  3.99847e+001  2.88923e+000  5.86000e+002
          5833  6.00777e+002  5.83300e+003  4.00649e+001  2.88259e+000  5.86083e+002
          5834  6.00857e+002  5.83400e+003  4.01444e+001  2.87594e+000  5.86167e+002
          5835  6.00953e+002  5.83500e+003  4.02227e+001  2.86931e+000  5.86250e+002
          5836  6.01037e+002  5.83600e+003  4.02948e+001  2.86266e+000  5.86333e+002
          5837  6.01126e+002  5.83700e+003  4.03692e+001  2.85600e+000  5.86417e+002
          5838  6.01209e+002  5.83800e+003  4.04434e+001  2.84936e+000  5.86500e+002
          5839  6.01294e+002  5.83900e+003  4.05179e+001  2.84270e+000  5.86583e+002
          5840  6.01384e+002  5.84000e+003  4.05851e+001  2.83597e+000  5.86667e+002
          5841  6.01477e+002  5.84100e+003  4.06557e+001  2.82925e+000  5.86750e+002
          5842  6.01561e+002  5.84200e+003  4.07266e+001  2.82256e+000  5.86833e+002
          5843  6.01653e+002  5.84300e+003  4.07972e+001  2.81586e+000  5.86917e+002
          5844  6.01730e+002  5.84400e+003  4.08634e+001  2.80910e+000  5.87000e+002
          5845  6.01816e+002  5.84500e+003  4.09310e+001  2.80238e+000  5.87083e+002
          5846  6.01906e+002  5.84600e+003  4.09989e+001  2.79561e+000  5.87167e+002
          5847  6.01991e+002  5.84700e+003  4.10663e+001  2.78887e+000  5.87250e+002
          5848  6.02075e+002  5.84800e+003  4.11328e+001  2.78221e+000  5.87333e+002
          5849  6.02168e+002  5.84900e+003  4.11993e+001  2.77553e+000  5.87417e+002
          5850  6.02251e+002  5.85000e+003  4.12641e+001  2.76882e+000  5.87500e+002
          5851  6.02344e+002  5.85100e+003  4.13296e+001  2.76210e+000  5.87583e+002
          5852  6.02423e+002  5.85200e+003  4.13931e+001  2.75541e+000  5.87667e+002
          5853  6.02518e+002  5.85300e+003  4.14576e+001  2.74871e+000  5.87750e+002
          5854  6.02610e+002  5.85400e+003  4.15223e+001  2.74198e+000  5.87833e+002
          5855  6.02686e+002  5.85500e+003  4.15871e+001  2.73523e+000  5.87917e+002
          5856  6.02777e+002  5.85600e+003  4.16519e+001  2.72841e+000  5.88000e+002
          5857  6.02864e+002  5.85700e+003  4.17170e+001  2.72163e+000  5.88083e+002
          5858  6.02949e+002  5.85800e+003  4.17817e+001  2.71482e+000  5.88167e+002
          5859  6.03029e+002  5.85900e+003  4.18454e+001  2.70803e+000  5.88250e+002
          5860  6.03121e+002  5.86000e+003  4.19107e+001  2.70121e+000  5.88333e+002
          5861  6.03219e+002  5.86100e+003  4.19757e+001  2.69441e+000  5.88417e+002
          5862  6.03296e+002  5.86200e+003  4.20409e+001  2.68762e+000  5.88500e+002
          5863  6.03396e+002  5.86300e+003  4.21054e+001  2.68078e+000  5.88583e+002
          5864  6.03478e+002  5.86400e+003  4.21722e+001  2.67400e+000  5.88667e+002
          5865  6.03571e+002  5.86500e+003  4.22396e+001  2.66719e+000  5.88750e+002
          5866  6.03662e+002  5.86600e+003  4.23068e+001  2.66040e+000  5.88833e+002
          5867  6.03740e+002  5.86700e+003  4.23746e+001  2.65364e+000  5.88917e+002
          5868  6.03822e+002  5.86800e+003  4.24425e+001  2.64690e+000  5.89000e+002
          5869  6.03913e+002  5.86900e+003  4.25120e+001  2.64013e+000  5.89083e+002
          5870  6.03992e+002  5.87000e+003  4.25829e+001  2.63333e+000  5.89167e+002
          5871  6.04088e+002  5.87100e+003  4.26544e+001  2.62652e+000  5.89250e+002
          5872  6.04174e+002  5.87200e+003  4.27314e+001  2.61976e+000  5.89333e+002
          5873  6.04261e+002  5.87300e+003  4.28066e+001  2.61296e+000  5.89417e+002
          5874  6.04350e+002  5.87400e+003  4.28812e+001  2.60611e+000  5.89500e+002
          5875  6.04432e+002  5.87500e+003  4.29563e+001  2.59928e+000  5.89583e+002
          5876  6.04527e+002  5.87600e+003  4.30386e+001  2.59245e+000  5.89667e+002
          5877  6.04614e+002  5.87700e+003  4.31175e+001  2.58559e+000  5.89750e+002
          5878  6.04700e+002  5.87800e+003  4.31951e+001  2.57873e+000  5.89833e+002
          5879  6.04788e+002  5.87900e+003  4.32729e+001  2.57192e+000  5.89917e+002
          5880  6.04872e+002  5.88000e+003  4.33596e+001  2.56508e+000  5.90000e+002
          5881  6.04957e+002  5.88100e+003  4.34422e+001  2.55825e+000  5.90083e+002
          5882  6.05049e+002  5.88200e+003  4.35240e+001  2.55140e+000  5.90167e+002
          5883  6.05141e+002  5.88300e+003  4.36061e+001  2.54455e+000  5.90250e+002
          5884  6.05232e+002  5.88400e+003  4.36925e+001  2.53768e+000  5.90333e+002
          5885  6.05318e+002  5.88500e+003  4.37767e+001  2.53079e+000  5.90417e+002
          5886  6.05394e+002  5.88600e+003  4.38612e+001  2.52388e+000  5.90500e+002
          5887  6.05481e+002  5.88700e+003  4.39465e+001  2.51695e+000  5.90583e+002
          5888  6.05582e+002  5.88800e+003  4.40340e+001  2.51005e+000  5.90667e+002
          5889  6.05671e+002  5.88900e+003  4.41201e+001  2.50315e+000  5.90750e+002
          5890  6.05747e+002  5.89000e+003  4.42051e+001  2.49622e+000  5.90833e+002
          5891  6.05840e+002  5.89100e+003  4.42899e+001  2.48933e+000  5.90917e+002
          5892  6.05932e+002  5.89200e+003  4.43773e+001  2.48250e+000  5.91000e+002
          5893  6.06013e+002  5.89300e+003  4.44625e+001  2.47562e+000  5.91083e+002
          5894  6.06100e+002  5.89400e+003  4.45481e+001  2.46872e+000  5.91167e+002
          5895  6.06195e+002  5.89500e+003  4.46341e+001  2.46181e+000  5.91250e+002
          5896  6.06274e+002  5.89600e+003  4.47209e+001  2.45486e+000  5.91333e+002
          5897  6.06371e+002  5.89700e+003  4.48078e+001  2.44790e+000  5.91417e+002
          5898  6.06451e+002  5.89800e+003  4.48940e+001  2.44095e+000  5.91500e+002
          5899  6.06536e+002  5.89900e+003  4.49794e+001  2.43398e+000  5.91583e+002
          5900  6.06627e+002  5.90000e+003  4.50645e+001  2.42697e+000  5.91667e+002
          5901  6.06714e+002  5.90100e+003  4.51512e+001  2.41998e+000  5.91750e+002
          5902  6.06801e+002  5.90200e+003  4.52392e+001  2.41299e+000  5.91833e+002
          5903  6.06893e+002  5.90300e+003  4.53278e+001  2.40600e+000  5.91917e+002
          5904  6.06983e+002  5.90400e+003  4.54186e+001  2.39900e+000  5.92000e+002
          5905  6.07065e+002  5.90500e+003  4.55074e+001  2.39200e+000  5.92083e+002
          5906  6.07152e+002  5.90600e+003  4.55951e+001  2.38500e+000  5.92167e+002
          5907  6.07245e+002  5.90700e+003  4.56829e+001  2.37800e+000  5.92250e+002
          5908  6.07327e+002  5.90800e+003  4.57695e+001  2.37103e+000  5.92333e+002
          5909  6.07411e+002  5.90900e+003  4.58571e+001  2.36409e+000  5.92417e+002
          5910  6.07506e+002  5.91000e+003  4.59455e+001  2.35711e+000  5.92500e+002
          5911  6.07588e+002  5.91100e+003  4.60338e+001  2.35011e+000  5.92583e+002
          5912  6.07680e+002  5.91200e+003  4.61230e+001  2.34314e+000  5.92667e+002
          5913  6.07775e+002  5.91300e+003  4.62109e+001  2.33614e+000  5.92750e+002
          5914  6.07853e+002  5.91400e+003  4.62983e+001  2.32913e+000  5.92833e+002
          5915  6.07942e+002  5.91500e+003  4.63846e+001  2.32212e+000  5.92917e+002
          5916  6.08034e+002  5.91600e+003  4.64692e+001  2.31507e+000  5.93000e+002
          5917  6.08125e+002  5.91700e+003  4.65564e+001  2.30805e+000  5.93083e+002
          5918  6.08209e+002  5.91800e+003  4.66438e+001  2.30103e+000  5.93167e+002
          5919  6.08292e+002  5.91900e+003  4.67306e+001  2.29401e+000  5.93250e+002
          5920  6.08372e+002  5.92000e+003  4.68168e+001  2.28701e+000  5.93333e+002
          5921  6.08470e+002  5.92100e+003  4.69040e+001  2.28001e+000  5.93417e+002
          5922  6.08566e+002  5.92200e+003  4.69913e+001  2.27301e+000  5.93500e+002
          5923  6.08641e+002  5.92300e+003  4.70779e+001  2.26600e+000  5.93583e+002
          5924  6.08735e+002  5.92400e+003  4.71641e+001  2.25892e+000  5.93667e+002
          5925  6.08824e+002  5.92500e+003  4.72498e+001  2.25190e+000  5.93750e+002
          5926  6.08902e+002  5.92600e+003  4.73352e+001  2.24489e+000  5.93833e+002
          5927  6.08994e+002  5.92700e+003  4.74196e+001  2.23789e+000  5.93917e+002
          5928  6.09087e+002  5.92800e+003  4.75051e+001  2.23083e+000  5.94000e+002
          5929  6.09181e+002  5.92900e+003  4.75887e+001  2.22374e+000  5.94083e+002
          5930  6.09268e+002  5.93000e+003  4.76708e+001  2.21664e+000  5.94167e+002
          5931  6.09353e+002  5.93100e+003  4.77536e+001  2.20954e+000  5.94250e+002
          5932  6.09438e+002  5.93200e+003  4.78318e+001  2.20243e+000  5.94333e+002
          5933  6.09528e+002  5.93300e+003  4.79091e+001  2.19533e+000  5.94417e+002
          5934  6.09623e+002  5.93400e+003  4.79843e+001  2.18822e+000  5.94500e+002
          5935  6.09708e+002  5.93500e+003  4.80588e+001  2.18106e+000  5.94583e+002
          5936  6.09792e+002  5.93600e+003  4.81279e+001  2.17401e+000  5.94667e+002
          5937  6.09880e+002  5.93700e+003  4.81983e+001  2.16696e+000  5.94750e+002
          5938  6.09963e+002  5.93800e+003  4.82679e+001  2.15990e+000  5.94833e+002
          5939  6.10050e+002  5.93900e+003  4.83367e+001  2.15278e+000  5.94917e+002
          5940  6.10145e+002  5.94000e+003  4.83974e+001  2.14572e+000  5.95000e+002
          5941  6.10223e+002  5.94100e+003  4.84598e+001  2.13862e+000  5.95083e+002
          5942  6.10314e+002  5.94200e+003  4.85205e+001  2.13152e+000  5.95167e+002
          5943  6.10397e+002  5.94300e+003  4.85795e+001  2.12442e+000  5.95250e+002
          5944  6.10483e+002  5.94400e+003  4.86265e+001  2.11719e+000  5.95333e+002
          5945  6.10570e+002  5.94500e+003  4.86793e+001  2.11005e+000  5.95417e+002
          5946  6.10656e+002  5.94600e+003  4.87321e+001  2.10288e+000  5.95500e+002
          5947  6.10745e+002  5.94700e+003  4.87833e+001  2.09571e+000  5.95583e+002
          5948  6.10835e+002  5.94800e+003  4.88221e+001  2.08855e+000  5.95667e+002
          5949  6.10930e+002  5.94900e+003  4.88655e+001  2.08141e+000  5.95750e+002
          5950  6.11007e+002  5.95000e+003  4.89091e+001  2.07427e+000  5.95833e+002
          5951  6.11094e+002  5.95100e+003  4.89521e+001  2.06708e+000  5.95917e+002
          5952  6.11172e+002  5.95200e+003  4.89800e+001  2.06003e+000  5.96000e+002
          5953  6.11258e+002  5.95300e+003  4.90126e+001  2.05295e+000  5.96083e+002
          5954  6.11347e+002  5.95400e+003  4.90454e+001  2.04581e+000  5.96167e+002
          5955  6.11435e+002  5.95500e+003  4.90770e+001  2.03868e+000  5.96250e+002
          5956  6.11519e+002  5.95600e+003  4.90967e+001  2.03160e+000  5.96333e+002
          5957  6.11602e+002  5.95700e+003  4.91207e+001  2.02449e+000  5.96417e+002
          5958  6.11685e+002  5.95800e+003  4.91437e+001  2.01736e+000  5.96500e+002
          5959  6.11776e+002  5.95900e+003  4.91648e+001  2.01019e+000  5.96583e+002
          5960  6.11851e+002  5.96000e+003  4.91749e+001  2.00308e+000  5.96667e+002
          5961  6.11941e+002  5.96100e+003  4.91884e+001  1.99598e+000  5.96750e+002
          5962  6.12024e+002  5.96200e+003  4.92020e+001  1.98884e+000  5.96833e+002
          5963  6.12103e+002  5.96300e+003  4.92151e+001  1.98169e+000  5.96917e+002
          5964  6.12189e+002  5.96400e+003  4.92121e+001  1.97461e+000  5.97000e+002
          5965  6.12284e+002  5.96500e+003  4.92155e+001  1.96747e+000  5.97083e+002
          5966  6.12372e+002  5.96600e+003  4.92205e+001  1.96031e+000  5.97167e+002
          5967  6.12450e+002  5.96700e+003  4.92252e+001  1.95319e+000  5.97250e+002
          5968  6.12529e+002  5.96800e+003  4.92189e+001  1.94608e+000  5.97333e+002
          5969  6.12613e+002  5.96900e+003  4.92186e+001  1.93900e+000  5.97417e+002
          5970  6.12696e+002  5.97000e+003  4.92185e+001  1.93195e+000  5.97500e+002
          5971  6.12784e+002  5.97100e+003  4.92178e+001  1.92491e+000  5.97583e+002
          5972  6.12861e+002  5.97200e+003  4.92096e+001  1.91786e+000  5.97667e+002
          5973  6.12948e+002  5.97300e+003  4.92058e+001  1.91076e+000  5.97750e+002
          5974  6.13040e+002  5.97400e+003  4.92029e+001  1.90365e+000  5.97833e+002
          5975  6.13117e+002  5.97500e+003  4.92000e+001  1.89655e+000  5.97917e+002
          5976  6.13200e+002  5.97600e+003  4.91923e+001  1.88935e+000  5.98000e+002
          5977  6.13282e+002  5.97700e+003  4.91858e+001  1.88223e+000  5.98083e+002
          5978  6.13368e+002  5.97800e+003  4.91789e+001  1.87511e+000  5.98167e+002
          5979  6.13448e+002  5.97900e+003  4.91719e+001  1.86795e+000  5.98250e+002
          5980  6.13531e+002  5.98000e+003  4.91607e+001  1.86095e+000  5.98333e+002
          5981  6.13612e+002  5.98100e+003  4.91508e+001  1.85392e+000  5.98417e+002
          5982  6.13697e+002  5.98200e+003  4.91411e+001  1.84690e+000  5.98500e+002
          5983  6.13776e+002  5.98300e+003  4.91309e+001  1.83988e+000  5.98583e+002
          5984  6.13862e+002  5.98400e+003  4.91174e+001  1.83283e+000  5.98667e+002
          5985  6.13944e+002  5.98500e+003  4.91039e+001  1.82574e+000  5.98750e+002
          5986  6.14036e+002  5.98600e+003  4.90903e+001  1.81864e+000  5.98833e+002
          5987  6.14115e+002  5.98700e+003  4.90763e+001  1.81154e+000  5.98917e+002
          5988  6.14194e+002  5.98800e+003  4.90581e+001  1.80434e+000  5.99000e+002
          5989  6.14274e+002  5.98900e+003  4.90420e+001  1.79723e+000  5.99083e+002
          5990  6.14365e+002  5.99000e+003  4.90254e+001  1.79014e+000  5.99167e+002
          5991  6.14438e+002  5.99100e+003  4.90083e+001  1.78306e+000  5.99250e+002
          5992  6.14530e+002  5.99200e+003  4.89867e+001  1.77607e+000  5.99333e+002
          5993  6.14612e+002  5.99300e+003  4.89674e+001  1.76905e+000  5.99417e+002
          5994  6.14688e+002  5.99400e+003  4.89484e+001  1.76202e+000  5.99500e+002
          5995  6.14775e+002  5.99500e+003  4.89286e+001  1.75501e+000  5.99583e+002
          5996  6.14858e+002  5.99600e+003  4.89033e+001  1.74801e+000  5.99667e+002
          5997  6.14927e+002  5.99700e+003  4.88800e+001  1.74101e+000  5.99750e+002
          5998  6.15017e+002  5.99800e+003  4.88563e+001  1.73400e+000  5.99833e+002
          5999  6.15098e+002  5.99900e+003  4.88314e+001  1.72700e+000  5.99917e+002
          6000  6.15180e+002  6.00000e+003  4.88021e+001  1.72000e+000  6.00000e+002
          6001  6.15266e+002  6.00100e+003  4.87749e+001  1.71300e+000  6.00083e+002
          6002  6.15351e+002  6.00200e+003  4.87471e+001  1.70600e+000  6.00167e+002
          6003  6.15429e+002  6.00300e+003  4.87177e+001  1.69900e+000  6.00250e+002
          6004  6.15509e+002  6.00400e+003  4.86811e+001  1.69200e+000  6.00333e+002
          6005  6.15593e+002  6.00500e+003  4.86454e+001  1.68500e+000  6.00417e+002
          6006  6.15676e+002  6.00600e+003  4.86085e+001  1.67800e+000  6.00500e+002
          6007  6.15760e+002  6.00700e+003  4.85701e+001  1.67100e+000  6.00583e+002
          6008  6.15844e+002  6.00800e+003  4.85240e+001  1.66400e+000  6.00667e+002
          6009  6.15917e+002  6.00900e+003  4.84815e+001  1.65700e+000  6.00750e+002
          6010  6.16012e+002  6.01000e+003  4.84386e+001  1.65000e+000  6.00833e+002
          6011  6.16093e+002  6.01100e+003  4.83939e+001  1.64300e+000  6.00917e+002
          6012  6.16179e+002  6.01200e+003  4.83368e+001  1.63600e+000  6.01000e+002
          6013  6.16253e+002  6.01300e+003  4.82860e+001  1.62900e+000  6.01083e+002
          6014  6.16334e+002  6.01400e+003  4.82349e+001  1.62203e+000  6.01167e+002
          6015  6.16408e+002  6.01500e+003  4.81827e+001  1.61511e+000  6.01250e+002
          6016  6.16495e+002  6.01600e+003  4.81210e+001  1.60815e+000  6.01333e+002
          6017  6.16574e+002  6.01700e+003  4.80625e+001  1.60124e+000  6.01417e+002
          6018  6.16656e+002  6.01800e+003  4.80026e+001  1.59435e+000  6.01500e+002
          6019  6.16738e+002  6.01900e+003  4.79417e+001  1.58746e+000  6.01583e+002
          6020  6.16812e+002  6.02000e+003  4.78716e+001  1.58057e+000  6.01667e+002
          6021  6.16894e+002  6.02100e+003  4.78053e+001  1.57367e+000  6.01750e+002
          6022  6.16975e+002  6.02200e+003  4.77370e+001  1.56675e+000  6.01833e+002
          6023  6.17045e+002  6.02300e+003  4.76672e+001  1.55983e+000  6.01917e+002
          6024  6.17136e+002  6.02400e+003  4.75849e+001  1.55298e+000  6.02000e+002
          6025  6.17213e+002  6.02500e+003  4.75049e+001  1.54614e+000  6.02083e+002
          6026  6.17295e+002  6.02600e+003  4.74244e+001  1.53928e+000  6.02167e+002
          6027  6.17368e+002  6.02700e+003  4.73432e+001  1.53243e+000  6.02250e+002
          6028  6.17456e+002  6.02800e+003  4.72443e+001  1.52562e+000  6.02333e+002
          6029  6.17536e+002  6.02900e+003  4.71514e+001  1.51878e+000  6.02417e+002
          6030  6.17612e+002  6.03000e+003  4.70575e+001  1.51194e+000  6.02500e+002
          6031  6.17696e+002  6.03100e+003  4.69620e+001  1.50505e+000  6.02583e+002
          6032  6.17771e+002  6.03200e+003  4.68443e+001  1.49817e+000  6.02667e+002
          6033  6.17842e+002  6.03300e+003  4.67340e+001  1.49133e+000  6.02750e+002
          6034  6.17928e+002  6.03400e+003  4.66274e+001  1.48456e+000  6.02833e+002
          6035  6.18013e+002  6.03500e+003  4.65260e+001  1.47778e+000  6.02917e+002
          6036  6.18091e+002  6.03600e+003  4.63829e+001  1.47107e+000  6.03000e+002
          6037  6.18168e+002  6.03700e+003  4.62649e+001  1.46431e+000  6.03083e+002
          6038  6.18241e+002  6.03800e+003  4.61503e+001  1.45759e+000  6.03167e+002
          6039  6.18315e+002  6.03900e+003  4.60349e+001  1.45086e+000  6.03250e+002
          6040  6.18396e+002  6.04000e+003  4.58658e+001  1.44412e+000  6.03333e+002
          6041  6.18469e+002  6.04100e+003  4.57266e+001  1.43739e+000  6.03417e+002
          6042  6.18560e+002  6.04200e+003  4.55861e+001  1.43062e+000  6.03500e+002
          6043  6.18630e+002  6.04300e+003  4.54341e+001  1.42387e+000  6.03583e+002
          6044  6.18702e+002  6.04400e+003  4.52302e+001  1.41722e+000  6.03667e+002
          6045  6.18780e+002  6.04500e+003  4.50466e+001  1.41053e+000  6.03750e+002
          6046  6.18854e+002  6.04600e+003  4.48631e+001  1.40382e+000  6.03833e+002
          6047  6.18931e+002  6.04700e+003  4.46762e+001  1.39710e+000  6.03917e+002
          6048  6.19005e+002  6.04800e+003  4.44442e+001  1.39052e+000  6.04000e+002
          6049  6.19077e+002  6.04900e+003  4.42337e+001  1.38393e+000  6.04083e+002
          6050  6.19149e+002  6.05000e+003  4.40276e+001  1.37734e+000  6.04167e+002
          6051  6.19235e+002  6.05100e+003  4.38123e+001  1.37079e+000  6.04250e+002
          6052  6.19297e+002  6.05200e+003  4.35631e+001  1.36429e+000  6.04333e+002
          6053  6.19373e+002  6.05300e+003  4.33242e+001  1.35777e+000  6.04417e+002
          6054  6.19443e+002  6.05400e+003  4.30886e+001  1.35125e+000  6.04500e+002
          6055  6.19517e+002  6.05500e+003  4.28421e+001  1.34475e+000  6.04583e+002
          6056  6.19589e+002  6.05600e+003  4.25430e+001  1.33824e+000  6.04667e+002
          6057  6.19660e+002  6.05700e+003  4.22625e+001  1.33177e+000  6.04750e+002
          6058  6.19729e+002  6.05800e+003  4.19870e+001  1.32532e+000  6.04833e+002
          6059  6.19803e+002  6.05900e+003  4.17183e+001  1.31886e+000  6.04917e+002
          6060  6.19878e+002  6.06000e+003  4.13787e+001  1.31248e+000  6.05000e+002
          6061  6.19945e+002  6.06100e+003  4.10734e+001  1.30609e+000  6.05083e+002
          6062  6.20009e+002  6.06200e+003  4.07602e+001  1.29970e+000  6.05167e+002
          6063  6.20074e+002  6.06300e+003  4.04425e+001  1.29332e+000  6.05250e+002
          6064  6.20150e+002  6.06400e+003  4.00856e+001  1.28706e+000  6.05333e+002
          6065  6.20218e+002  6.06500e+003  3.97523e+001  1.28080e+000  6.05417e+002
          6066  6.20296e+002  6.06600e+003  3.94099e+001  1.27454e+000  6.05500e+002
          6067  6.20359e+002  6.06700e+003  3.90647e+001  1.26826e+000  6.05583e+002
          6068  6.20424e+002  6.06800e+003  3.86663e+001  1.26206e+000  6.05667e+002
          6069  6.20491e+002  6.06900e+003  3.83024e+001  1.25585e+000  6.05750e+002
          6070  6.20563e+002  6.07000e+003  3.79322e+001  1.24962e+000  6.05833e+002
          6071  6.20634e+002  6.07100e+003  3.75576e+001  1.24336e+000  6.05917e+002
          6072  6.20695e+002  6.07200e+003  3.71561e+001  1.23722e+000  6.06000e+002
          6073  6.20758e+002  6.07300e+003  3.67649e+001  1.23110e+000  6.06083e+002
          6074  6.20825e+002  6.07400e+003  3.63810e+001  1.22501e+000  6.06167e+002
          6075  6.20901e+002  6.07500e+003  3.59980e+001  1.21893e+000  6.06250e+002
          6076  6.20961e+002  6.07600e+003  3.55547e+001  1.21300e+000  6.06333e+002
          6077  6.21024e+002  6.07700e+003  3.51374e+001  1.20700e+000  6.06417e+002
          6078  6.21095e+002  6.07800e+003  3.47090e+001  1.20099e+000  6.06500e+002
          6079  6.21159e+002  6.07900e+003  3.42683e+001  1.19499e+000  6.06583e+002
          6080  6.21220e+002  6.08000e+003  3.37960e+001  1.18902e+000  6.06667e+002
          6081  6.21286e+002  6.08100e+003  3.33416e+001  1.18312e+000  6.06750e+002
          6082  6.21354e+002  6.08200e+003  3.28862e+001  1.17722e+000  6.06833e+002
          6083  6.21414e+002  6.08300e+003  3.24276e+001  1.17133e+000  6.06917e+002
          6084  6.21473e+002  6.08400e+003  3.19286e+001  1.16553e+000  6.07000e+002
          6085  6.21536e+002  6.08500e+003  3.14507e+001  1.15974e+000  6.07083e+002
          6086  6.21602e+002  6.08600e+003  3.09782e+001  1.15398e+000  6.07167e+002
          6087  6.21662e+002  6.08700e+003  3.05111e+001  1.14826e+000  6.07250e+002
          6088  6.21727e+002  6.08800e+003  2.99989e+001  1.14259e+000  6.07333e+002
          6089  6.21781e+002  6.08900e+003  2.95042e+001  1.13690e+000  6.07417e+002
          6090  6.21853e+002  6.09000e+003  2.90107e+001  1.13125e+000  6.07500e+002
          6091  6.21904e+002  6.09100e+003  2.85156e+001  1.12558e+000  6.07583e+002
          6092  6.21960e+002  6.09200e+003  2.80014e+001  1.12002e+000  6.07667e+002
          6093  6.22021e+002  6.09300e+003  2.74948e+001  1.11443e+000  6.07750e+002
          6094  6.22088e+002  6.09400e+003  2.69883e+001  1.10889e+000  6.07833e+002
          6095  6.22155e+002  6.09500e+003  2.64808e+001  1.10340e+000  6.07917e+002
          6096  6.22214e+002  6.09600e+003  2.59538e+001  1.09797e+000  6.08000e+002
          6097  6.22266e+002  6.09700e+003  2.54345e+001  1.09254e+000  6.08083e+002
          6098  6.22337e+002  6.09800e+003  2.49150e+001  1.08713e+000  6.08167e+002
          6099  6.22392e+002  6.09900e+003  2.43940e+001  1.08171e+000  6.08250e+002
          6100  6.22455e+002  6.10000e+003  2.38556e+001  1.07637e+000  6.08333e+002
          6101  6.22502e+002  6.10100e+003  2.33239e+001  1.07106e+000  6.08417e+002
          6102  6.22569e+002  6.10200e+003  2.27911e+001  1.06577e+000  6.08500e+002
          6103  6.22627e+002  6.10300e+003  2.22572e+001  1.06052e+000  6.08583e+002
          6104  6.22692e+002  6.10400e+003  2.17080e+001  1.05540e+000  6.08667e+002
          6105  6.22750e+002  6.10500e+003  2.11644e+001  1.05024e+000  6.08750e+002
          6106  6.22807e+002  6.10600e+003  2.06221e+001  1.04504e+000  6.08833e+002
          6107  6.22867e+002  6.10700e+003  2.00795e+001  1.03984e+000  6.08917e+002
          6108  6.22920e+002  6.10800e+003  1.95174e+001  1.03482e+000  6.09000e+002
          6109  6.22975e+002  6.10900e+003  1.89637e+001  1.02979e+000  6.09083e+002
          6110  6.23040e+002  6.11000e+003  1.84102e+001  1.02477e+000  6.09167e+002
          6111  6.23097e+002  6.11100e+003  1.78555e+001  1.01976e+000  6.09250e+002
          6112  6.23156e+002  6.11200e+003  1.72901e+001  1.01487e+000  6.09333e+002
          6113  6.23211e+002  6.11300e+003  1.67311e+001  1.00992e+000  6.09417e+002
          6114  6.23264e+002  6.11400e+003  1.61736e+001  1.00495e+000  6.09500e+002
          6115  6.23317e+002  6.11500e+003  1.56160e+001  9.99973e-001  6.09583e+002
          6116  6.23378e+002  6.11600e+003  1.50496e+001  9.95084e-001  6.09667e+002
          6117  6.23444e+002  6.11700e+003  1.44871e+001  9.90232e-001  6.09750e+002
          6118  6.23495e+002  6.11800e+003  1.39252e+001  9.85442e-001  6.09833e+002
          6119  6.23549e+002  6.11900e+003  1.33639e+001  9.80664e-001  6.09917e+002
          6120  6.23613e+002  6.12000e+003  1.27984e+001  9.76032e-001  6.10000e+002
          6121  6.23668e+002  6.12100e+003  1.22343e+001  9.71363e-001  6.10083e+002
          6122  6.23723e+002  6.12200e+003  1.16705e+001  9.66698e-001  6.10167e+002
          6123  6.23785e+002  6.12300e+003  1.11075e+001  9.62074e-001  6.10250e+002
          6124  6.23834e+002  6.12400e+003  1.05469e+001  9.57476e-001  6.10333e+002
          6125  6.23898e+002  6.12500e+003  9.98580e+000  9.52898e-001  6.10417e+002
          6126  6.23954e+002  6.12600e+003  9.42489e+000  9.48325e-001  6.10500e+002
          6127  6.24010e+002  6.12700e+003  8.86502e+000  9.43786e-001  6.10583e+002
          6128  6.24072e+002  6.12800e+003  8.30777e+000  9.39279e-001  6.10667e+002
          6129  6.24132e+002  6.12900e+003  7.74954e+000  9.34796e-001  6.10750e+002
          6130  6.24185e+002  6.13000e+003  7.19092e+000  9.30338e-001  6.10833e+002
          6131  6.24243e+002  6.13100e+003  6.63361e+000  9.25865e-001  6.10917e+002
          6132  6.24296e+002  6.13200e+003  6.08076e+000  9.21482e-001  6.11000e+002
          6133  6.24358e+002  6.13300e+003  5.52551e+000  9.17126e-001  6.11083e+002
          6134  6.24422e+002  6.13400e+003  4.97021e+000  9.12817e-001  6.11167e+002
          6135  6.24477e+002  6.13500e+003  4.41666e+000  9.08541e-001  6.11250e+002
          6136  6.24541e+002  6.13600e+003  3.86961e+000  9.04424e-001  6.11333e+002
          6137  6.24593e+002  6.13700e+003  3.31996e+000  9.00254e-001  6.11417e+002
          6138  6.24646e+002  6.13800e+003  2.77050e+000  8.96043e-001  6.11500e+002
          6139  6.24709e+002  6.13900e+003  2.22096e+000  8.91838e-001  6.11583e+002
          6140  6.24768e+002  6.14000e+003  1.67600e+000  8.87716e-001  6.11667e+002
          6141  6.24830e+002  6.14100e+003  1.13038e+000  8.83572e-001  6.11750e+002
          6142  6.24885e+002  6.14200e+003  5.85245e-001  8.79437e-001  6.11833e+002
          6143  6.24939e+002  6.14300e+003  4.07370e-002  8.75315e-001  6.11917e+002
          6144  6.25003e+002  6.14400e+003 -4.94248e-001  8.71229e-001  6.12000e+002
          6145  6.25061e+002  6.14500e+003 -1.03302e+000  8.67152e-001  6.12083e+002
          6146  6.25112e+002  6.14600e+003 -1.57192e+000  8.63116e-001  6.12167e+002
          6147  6.25185e+002  6.14700e+003 -2.11093e+000  8.59146e-001  6.12250e+002
          6148  6.25239e+002  6.14800e+003 -2.64093e+000  8.55278e-001  6.12333e+002
          6149  6.25303e+002  6.14900e+003 -3.17281e+000  8.51378e-001  6.12417e+002
          6150  6.25355e+002  6.15000e+003 -3.70411e+000  8.47502e-001  6.12500e+002
          6151  6.25421e+002  6.15100e+003 -4.23401e+000  8.43683e-001  6.12583e+002
          6152  6.25481e+002  6.15200e+003 -4.75334e+000  8.39955e-001  6.12667e+002
          6153  6.25532e+002  6.15300e+003 -5.27608e+000  8.36192e-001  6.12750e+002
          6154  6.25599e+002  6.15400e+003 -5.79937e+000  8.32466e-001  6.12833e+002
          6155  6.25652e+002  6.15500e+003 -6.32132e+000  8.28743e-001  6.12917e+002
          6156  6.25713e+002  6.15600e+003 -6.83241e+000  8.25050e-001  6.13000e+002
          6157  6.25774e+002  6.15700e+003 -7.34737e+000  8.21374e-001  6.13083e+002
          6158  6.25826e+002  6.15800e+003 -7.86285e+000  8.17709e-001  6.13167e+002
          6159  6.25888e+002  6.15900e+003 -8.37748e+000  8.14083e-001  6.13250e+002
          6160  6.25942e+002  6.16000e+003 -8.88010e+000  8.10482e-001  6.13333e+002
          6161  6.26008e+002  6.16100e+003 -9.38626e+000  8.06902e-001  6.13417e+002
          6162  6.26068e+002  6.16200e+003 -9.89320e+000  8.03327e-001  6.13500e+002
          6163  6.26125e+002  6.16300e+003 -1.03999e+001  7.99787e-001  6.13583e+002
          6164  6.26184e+002  6.16400e+003 -1.08979e+001  7.96280e-001  6.13667e+002
          6165  6.26243e+002  6.16500e+003 -1.13988e+001  7.92796e-001  6.13750e+002
          6166  6.26310e+002  6.16600e+003 -1.18989e+001  7.89338e-001  6.13833e+002
          6167  6.26360e+002  6.16700e+003 -1.23970e+001  7.85865e-001  6.13917e+002
          6168  6.26426e+002  6.16800e+003 -1.28845e+001  7.82482e-001  6.14000e+002
          6169  6.26492e+002  6.16900e+003 -1.33751e+001  7.79098e-001  6.14083e+002
          6170  6.26550e+002  6.17000e+003 -1.38646e+001  7.75699e-001  6.14167e+002
          6171  6.26610e+002  6.17100e+003 -1.43527e+001  7.72318e-001  6.14250e+002
          6172  6.26663e+002  6.17200e+003 -1.48304e+001  7.69060e-001  6.14333e+002
          6173  6.26716e+002  6.17300e+003 -1.53104e+001  7.65772e-001  6.14417e+002
          6174  6.26787e+002  6.17400e+003 -1.57895e+001  7.62453e-001  6.14500e+002
          6175  6.26844e+002  6.17500e+003 -1.62665e+001  7.59147e-001  6.14583e+002
          6176  6.26898e+002  6.17600e+003 -1.67267e+001  7.55932e-001  6.14667e+002
          6177  6.26969e+002  6.17700e+003 -1.71943e+001  7.52715e-001  6.14750e+002
          6178  6.27032e+002  6.17800e+003 -1.76621e+001  7.49522e-001  6.14833e+002
          6179  6.27097e+002  6.17900e+003 -1.81277e+001  7.46350e-001  6.14917e+002
          6180  6.27152e+002  6.18000e+003 -1.85786e+001  7.43271e-001  6.15000e+002
          6181  6.27220e+002  6.18100e+003 -1.90373e+001  7.40180e-001  6.15083e+002
          6182  6.27285e+002  6.18200e+003 -1.94963e+001  7.37103e-001  6.15167e+002
          6183  6.27340e+002  6.18300e+003 -1.99540e+001  7.34039e-001  6.15250e+002
          6184  6.27406e+002  6.18400e+003 -2.03951e+001  7.31052e-001  6.15333e+002
          6185  6.27465e+002  6.18500e+003 -2.08415e+001  7.28035e-001  6.15417e+002
          6186  6.27528e+002  6.18600e+003 -2.12886e+001  7.25018e-001  6.15500e+002
          6187  6.27587e+002  6.18700e+003 -2.17354e+001  7.22004e-001  6.15583e+002
          6188  6.27656e+002  6.18800e+003 -2.21685e+001  7.19009e-001  6.15667e+002
          6189  6.27716e+002  6.18900e+003 -2.26073e+001  7.16006e-001  6.15750e+002
          6190  6.27780e+002  6.19000e+003 -2.30471e+001  7.13031e-001  6.15833e+002
          6191  6.27843e+002  6.19100e+003 -2.34873e+001  7.10112e-001  6.15917e+002
          6192  6.27911e+002  6.19200e+003 -2.39159e+001  7.07235e-001  6.16000e+002
          6193  6.27974e+002  6.19300e+003 -2.43496e+001  7.04349e-001  6.16083e+002
          6194  6.28038e+002  6.19400e+003 -2.47831e+001  7.01487e-001  6.16167e+002
          6195  6.28095e+002  6.19500e+003 -2.52153e+001  6.98679e-001  6.16250e+002
          6196  6.28161e+002  6.19600e+003 -2.56419e+001  6.95948e-001  6.16333e+002
          6197  6.28225e+002  6.19700e+003 -2.60698e+001  6.93159e-001  6.16417e+002
          6198  6.28283e+002  6.19800e+003 -2.64977e+001  6.90373e-001  6.16500e+002
          6199  6.28346e+002  6.19900e+003 -2.69256e+001  6.87631e-001  6.16583e+002
          6200  6.28408e+002  6.20000e+003 -2.73521e+001  6.84919e-001  6.16667e+002
          6201  6.28470e+002  6.20100e+003 -2.77781e+001  6.82239e-001  6.16750e+002
          6202  6.28531e+002  6.20200e+003 -2.82030e+001  6.79550e-001  6.16833e+002
          6203  6.28609e+002  6.20300e+003 -2.86272e+001  6.76848e-001  6.16917e+002
          6204  6.28665e+002  6.20400e+003 -2.90434e+001  6.74260e-001  6.17000e+002
          6205  6.28733e+002  6.20500e+003 -2.94654e+001  6.71639e-001  6.17083e+002
          6206  6.28792e+002  6.20600e+003 -2.98879e+001  6.69039e-001  6.17167e+002
          6207  6.28863e+002  6.20700e+003 -3.03093e+001  6.66428e-001  6.17250e+002
          6208  6.28919e+002  6.20800e+003 -3.07283e+001  6.63908e-001  6.17333e+002
          6209  6.28975e+002  6.20900e+003 -3.11464e+001  6.61357e-001  6.17417e+002
          6210  6.29046e+002  6.21000e+003 -3.15620e+001  6.58821e-001  6.17500e+002
          6211  6.29114e+002  6.21100e+003 -3.19770e+001  6.56270e-001  6.17583e+002
          6212  6.29174e+002  6.21200e+003 -3.23868e+001  6.53822e-001  6.17667e+002
          6213  6.29237e+002  6.21300e+003 -3.27987e+001  6.51372e-001  6.17750e+002
          6214  6.29300e+002  6.21400e+003 -3.32089e+001  6.48911e-001  6.17833e+002
          6215  6.29358e+002  6.21500e+003 -3.36180e+001  6.46474e-001  6.17917e+002
          6216  6.29424e+002  6.21600e+003 -3.40165e+001  6.44144e-001  6.18000e+002
          6217  6.29491e+002  6.21700e+003 -3.44176e+001  6.41755e-001  6.18083e+002
          6218  6.29554e+002  6.21800e+003 -3.48169e+001  6.39390e-001  6.18167e+002
          6219  6.29621e+002  6.21900e+003 -3.52150e+001  6.37053e-001  6.18250e+002
          6220  6.29688e+002  6.22000e+003 -3.56014e+001  6.34704e-001  6.18333e+002
          6221  6.29746e+002  6.22100e+003 -3.59926e+001  6.32366e-001  6.18417e+002
          6222  6.29814e+002  6.22200e+003 -3.63815e+001  6.30062e-001  6.18500e+002
          6223  6.29878e+002  6.22300e+003 -3.67679e+001  6.27784e-001  6.18583e+002
          6224  6.29943e+002  6.22400e+003 -3.71376e+001  6.25530e-001  6.18667e+002
          6225  6.30005e+002  6.22500e+003 -3.75131e+001  6.23251e-001  6.18750e+002
          6226  6.30073e+002  6.22600e+003 -3.78871e+001  6.20993e-001  6.18833e+002
          6227  6.30139e+002  6.22700e+003 -3.82594e+001  6.18754e-001  6.18917e+002
          6228  6.30204e+002  6.22800e+003 -3.86130e+001  6.16607e-001  6.19000e+002
          6229  6.30275e+002  6.22900e+003 -3.89734e+001  6.14450e-001  6.19083e+002
          6230  6.30336e+002  6.23000e+003 -3.93361e+001  6.12314e-001  6.19167e+002
          6231  6.30406e+002  6.23100e+003 -3.97038e+001  6.10195e-001  6.19250e+002
          6232  6.30470e+002  6.23200e+003 -4.00295e+001  6.08162e-001  6.19333e+002
          6233  6.30540e+002  6.23300e+003 -4.03739e+001  6.06108e-001  6.19417e+002
          6234  6.30605e+002  6.23400e+003 -4.07239e+001  6.04061e-001  6.19500e+002
          6235  6.30674e+002  6.23500e+003 -4.10665e+001  6.02022e-001  6.19583e+002
          6236  6.30744e+002  6.23600e+003 -4.13757e+001  6.00030e-001  6.19667e+002
          6237  6.30809e+002  6.23700e+003 -4.17032e+001  5.98020e-001  6.19750e+002
          6238  6.30877e+002  6.23800e+003 -4.20367e+001  5.96010e-001  6.19833e+002
          6239  6.30945e+002  6.23900e+003 -4.23631e+001  5.94002e-001  6.19917e+002
          6240  6.31007e+002  6.24000e+003 -4.26542e+001  5.92005e-001  6.20000e+002
          6241  6.31082e+002  6.24100e+003 -4.29636e+001  5.90003e-001  6.20083e+002
          6242  6.31148e+002  6.24200e+003 -4.32828e+001  5.88002e-001  6.20167e+002
          6243  6.31222e+002  6.24300e+003 -4.36014e+001  5.86000e-001  6.20250e+002
          6244  6.31282e+002  6.24400e+003 -4.38711e+001  5.84001e-001  6.20333e+002
          6245  6.31358e+002  6.24500e+003 -4.41618e+001  5.82001e-001  6.20417e+002
          6246  6.31428e+002  6.24600e+003 -4.44581e+001  5.80000e-001  6.20500e+002
          6247  6.31505e+002  6.24700e+003 -4.47466e+001  5.78000e-001  6.20583e+002
          6248  6.31570e+002  6.24800e+003 -4.49899e+001  5.76111e-001  6.20667e+002
          6249  6.31640e+002  6.24900e+003 -4.52574e+001  5.74222e-001  6.20750e+002
          6250  6.31710e+002  6.25000e+003 -4.55295e+001  5.72333e-001  6.20833e+002
          6251  6.31787e+002  6.25100e+003 -4.58002e+001  5.70444e-001  6.20917e+002
          6252  6.31853e+002  6.25200e+003 -4.60489e+001  5.68673e-001  6.21000e+002
          6253  6.31924e+002  6.25300e+003 -4.63052e+001  5.66884e-001  6.21083e+002
          6254  6.31996e+002  6.25400e+003 -4.65620e+001  5.65082e-001  6.21167e+002
          6255  6.32063e+002  6.25500e+003 -4.68177e+001  5.63272e-001  6.21250e+002
          6256  6.32134e+002  6.25600e+003 -4.70556e+001  5.61458e-001  6.21333e+002
          6257  6.32206e+002  6.25700e+003 -4.73002e+001  5.59693e-001  6.21417e+002
          6258  6.32283e+002  6.25800e+003 -4.75443e+001  5.57923e-001  6.21500e+002
          6259  6.32352e+002  6.25900e+003 -4.77864e+001  5.56141e-001  6.21583e+002
          6260  6.32423e+002  6.26000e+003 -4.80126e+001  5.54457e-001  6.21667e+002
          6261  6.32499e+002  6.26100e+003 -4.82451e+001  5.52741e-001  6.21750e+002
          6262  6.32563e+002  6.26200e+003 -4.84775e+001  5.50998e-001  6.21833e+002
          6263  6.32637e+002  6.26300e+003 -4.87082e+001  5.49238e-001  6.21917e+002
          6264  6.32716e+002  6.26400e+003 -4.89213e+001  5.47583e-001  6.22000e+002
          6265  6.32784e+002  6.26500e+003 -4.91422e+001  5.45873e-001  6.22083e+002
          6266  6.32856e+002  6.26600e+003 -4.93635e+001  5.44155e-001  6.22167e+002
          6267  6.32933e+002  6.26700e+003 -4.95836e+001  5.42471e-001  6.22250e+002
          6268  6.32999e+002  6.26800e+003 -4.97880e+001  5.40803e-001  6.22333e+002
          6269  6.33077e+002  6.26900e+003 -4.99998e+001  5.39162e-001  6.22417e+002
          6270  6.33147e+002  6.27000e+003 -5.02103e+001  5.37505e-001  6.22500e+002
          6271  6.33218e+002  6.27100e+003 -5.04173e+001  5.35830e-001  6.22583e+002
          6272  6.33299e+002  6.27200e+003 -5.06109e+001  5.34238e-001  6.22667e+002
          6273  6.33367e+002  6.27300e+003 -5.08112e+001  5.32624e-001  6.22750e+002
          6274  6.33443e+002  6.27400e+003 -5.10110e+001  5.31031e-001  6.22833e+002
          6275  6.33509e+002  6.27500e+003 -5.12094e+001  5.29426e-001  6.22917e+002
          6276  6.33589e+002  6.27600e+003 -5.13965e+001  5.27821e-001  6.23000e+002
          6277  6.33661e+002  6.27700e+003 -5.15882e+001  5.26222e-001  6.23083e+002
          6278  6.33738e+002  6.27800e+003 -5.17800e+001  5.24621e-001  6.23167e+002
          6279  6.33814e+002  6.27900e+003 -5.19713e+001  5.23047e-001  6.23250e+002
          6280  6.33896e+002  6.28000e+003 -5.21414e+001  5.21437e-001  6.23333e+002
          6281  6.33958e+002  6.28100e+003 -5.23203e+001  5.19872e-001  6.23417e+002
          6282  6.34031e+002  6.28200e+003 -5.24998e+001  5.18312e-001  6.23500e+002
          6283  6.34110e+002  6.28300e+003 -5.26791e+001  5.16783e-001  6.23583e+002
          6284  6.34183e+002  6.28400e+003 -5.28476e+001  5.15273e-001  6.23667e+002
          6285  6.34260e+002  6.28500e+003 -5.30189e+001  5.13763e-001  6.23750e+002
          6286  6.34329e+002  6.28600e+003 -5.31893e+001  5.12246e-001  6.23833e+002
          6287  6.34404e+002  6.28700e+003 -5.33588e+001  5.10754e-001  6.23917e+002
          6288  6.34487e+002  6.28800e+003 -5.35138e+001  5.09239e-001  6.24000e+002
          6289  6.34552e+002  6.28900e+003 -5.36746e+001  5.07769e-001  6.24083e+002
          6290  6.34631e+002  6.29000e+003 -5.38367e+001  5.06324e-001  6.24167e+002
          6291  6.34706e+002  6.29100e+003 -5.39987e+001  5.04862e-001  6.24250e+002
          6292  6.34784e+002  6.29200e+003 -5.41462e+001  5.03447e-001  6.24333e+002
          6293  6.34865e+002  6.29300e+003 -5.42990e+001  5.02003e-001  6.24417e+002
          6294  6.34939e+002  6.29400e+003 -5.44519e+001  5.00563e-001  6.24500e+002
          6295  6.35010e+002  6.29500e+003 -5.46042e+001  4.99096e-001  6.24583e+002
          6296  6.35083e+002  6.29600e+003 -5.47433e+001  4.97687e-001  6.24667e+002
          6297  6.35171e+002  6.29700e+003 -5.48875e+001  4.96282e-001  6.24750e+002
          6298  6.35244e+002  6.29800e+003 -5.50323e+001  4.94860e-001  6.24833e+002
          6299  6.35313e+002  6.29900e+003 -5.51764e+001  4.93455e-001  6.24917e+002
          6300  6.35397e+002  6.30000e+003 -5.53088e+001  4.92035e-001  6.25000e+002
          6301  6.35472e+002  6.30100e+003 -5.54468e+001  4.90634e-001  6.25083e+002
          6302  6.35548e+002  6.30200e+003 -5.55854e+001  4.89244e-001  6.25167e+002
          6303  6.35623e+002  6.30300e+003 -5.57228e+001  4.87828e-001  6.25250e+002
          6304  6.35707e+002  6.30400e+003 -5.58479e+001  4.86435e-001  6.25333e+002
          6305  6.35781e+002  6.30500e+003 -5.59778e+001  4.85067e-001  6.25417e+002
          6306  6.35862e+002  6.30600e+003 -5.61082e+001  4.83683e-001  6.25500e+002
          6307  6.35931e+002  6.30700e+003 -5.62381e+001  4.82314e-001  6.25583e+002
          6308  6.36003e+002  6.30800e+003 -5.63599e+001  4.81025e-001  6.25667e+002
          6309  6.36084e+002  6.30900e+003 -5.64838e+001  4.79676e-001  6.25750e+002
          6310  6.36167e+002  6.31000e+003 -5.66079e+001  4.78317e-001  6.25833e+002
          6311  6.36241e+002  6.31100e+003 -5.67307e+001  4.76924e-001  6.25917e+002
          6312  6.36317e+002  6.31200e+003 -5.68437e+001  4.75559e-001  6.26000e+002
          6313  6.36396e+002  6.31300e+003 -5.69613e+001  4.74225e-001  6.26083e+002
          6314  6.36475e+002  6.31400e+003 -5.70797e+001  4.72901e-001  6.26167e+002
          6315  6.36550e+002  6.31500e+003 -5.71972e+001  4.71547e-001  6.26250e+002
          6316  6.36633e+002  6.31600e+003 -5.73047e+001  4.70252e-001  6.26333e+002
          6317  6.36711e+002  6.31700e+003 -5.74157e+001  4.68946e-001  6.26417e+002
          6318  6.36785e+002  6.31800e+003 -5.75264e+001  4.67610e-001  6.26500e+002
          6319  6.36850e+002  6.31900e+003 -5.76368e+001  4.66283e-001  6.26583e+002
          6320  6.36932e+002  6.32000e+003 -5.77392e+001  4.64988e-001  6.26667e+002
          6321  6.37011e+002  6.32100e+003 -5.78450e+001  4.63652e-001  6.26750e+002
          6322  6.37098e+002  6.32200e+003 -5.79507e+001  4.62332e-001  6.26833e+002
          6323  6.37171e+002  6.32300e+003 -5.80557e+001  4.61031e-001  6.26917e+002
          6324  6.37261e+002  6.32400e+003 -5.81519e+001  4.59758e-001  6.27000e+002
          6325  6.37339e+002  6.32500e+003 -5.82515e+001  4.58450e-001  6.27083e+002
          6326  6.37414e+002  6.32600e+003 -5.83508e+001  4.57161e-001  6.27167e+002
          6327  6.37494e+002  6.32700e+003 -5.84502e+001  4.55892e-001  6.27250e+002
          6328  6.37565e+002  6.32800e+003 -5.85448e+001  4.54668e-001  6.27333e+002
          6329  6.37651e+002  6.32900e+003 -5.86413e+001  4.53391e-001  6.27417e+002
          6330  6.37727e+002  6.33000e+003 -5.87370e+001  4.52126e-001  6.27500e+002
          6331  6.37805e+002  6.33100e+003 -5.88331e+001  4.50877e-001  6.27583e+002
          6332  6.37880e+002  6.33200e+003 -5.89227e+001  4.49650e-001  6.27667e+002
          6333  6.37963e+002  6.33300e+003 -5.90144e+001  4.48379e-001  6.27750e+002
          6334  6.38041e+002  6.33400e+003 -5.91058e+001  4.47119e-001  6.27833e+002
          6335  6.38126e+002  6.33500e+003 -5.91971e+001  4.45875e-001  6.27917e+002
          6336  6.38201e+002  6.33600e+003 -5.92851e+001  4.44675e-001  6.28000e+002
          6337  6.38282e+002  6.33700e+003 -5.93739e+001  4.43467e-001  6.28083e+002
          6338  6.38362e+002  6.33800e+003 -5.94618e+001  4.42224e-001  6.28167e+002
          6339  6.38441e+002  6.33900e+003 -5.95490e+001  4.40986e-001  6.28250e+002
          6340  6.38515e+002  6.34000e+003 -5.96286e+001  4.39813e-001  6.28333e+002
          6341  6.38597e+002  6.34100e+003 -5.97120e+001  4.38636e-001  6.28417e+002
          6342  6.38678e+002  6.34200e+003 -5.97957e+001  4.37448e-001  6.28500e+002
          6343  6.38751e+002  6.34300e+003 -5.98795e+001  4.36221e-001  6.28583e+002
          6344  6.38835e+002  6.34400e+003 -5.99545e+001  4.35015e-001  6.28667e+002
          6345  6.38914e+002  6.34500e+003 -6.00325e+001  4.33817e-001  6.28750e+002
          6346  6.38996e+002  6.34600e+003 -6.01108e+001  4.32636e-001  6.28833e+002
          6347  6.39074e+002  6.34700e+003 -6.01883e+001  4.31469e-001  6.28917e+002
          6348  6.39157e+002  6.34800e+003 -6.02612e+001  4.30306e-001  6.29000e+002
          6349  6.39235e+002  6.34900e+003 -6.03370e+001  4.29103e-001  6.29083e+002
          6350  6.39314e+002  6.35000e+003 -6.04124e+001  4.27906e-001  6.29167e+002
          6351  6.39395e+002  6.35100e+003 -6.04878e+001  4.26719e-001  6.29250e+002
          6352  6.39479e+002  6.35200e+003 -6.05603e+001  4.25563e-001  6.29333e+002
          6353  6.39561e+002  6.35300e+003 -6.06359e+001  4.24421e-001  6.29417e+002
          6354  6.39636e+002  6.35400e+003 -6.07114e+001  4.23271e-001  6.29500e+002
          6355  6.39717e+002  6.35500e+003 -6.07859e+001  4.22080e-001  6.29583e+002
          6356  6.39796e+002  6.35600e+003 -6.08574e+001  4.20921e-001  6.29667e+002
          6357  6.39877e+002  6.35700e+003 -6.09299e+001  4.19755e-001  6.29750e+002
          6358  6.39952e+002  6.35800e+003 -6.10035e+001  4.18599e-001  6.29833e+002
          6359  6.40040e+002  6.35900e+003 -6.10770e+001  4.17453e-001  6.29917e+002
          6360  6.40122e+002  6.36000e+003 -6.11495e+001  4.16315e-001  6.30000e+002
          6361  6.40212e+002  6.36100e+003 -6.12213e+001  4.15208e-001  6.30083e+002
          6362  6.40275e+002  6.36200e+003 -6.12928e+001  4.14095e-001  6.30167e+002
          6363  6.40362e+002  6.36300e+003 -6.13633e+001  4.12939e-001  6.30250e+002
          6364  6.40440e+002  6.36400e+003 -6.14308e+001  4.11828e-001  6.30333e+002
          6365  6.40524e+002  6.36500e+003 -6.15000e+001  4.10694e-001  6.30417e+002
          6366  6.40599e+002  6.36600e+003 -6.15682e+001  4.09563e-001  6.30500e+002
          6367  6.40685e+002  6.36700e+003 -6.16355e+001  4.08438e-001  6.30583e+002
          6368  6.40764e+002  6.36800e+003 -6.17029e+001  4.07297e-001  6.30667e+002
          6369  6.40848e+002  6.36900e+003 -6.17704e+001  4.06196e-001  6.30750e+002
          6370  6.40923e+002  6.37000e+003 -6.18375e+001  4.05089e-001  6.30833e+002
          6371  6.41006e+002  6.37100e+003 -6.19038e+001  4.03938e-001  6.30917e+002
          6372  6.41088e+002  6.37200e+003 -6.19648e+001  4.02825e-001  6.31000e+002
          6373  6.41166e+002  6.37300e+003 -6.20289e+001  4.01692e-001  6.31083e+002
          6374  6.41243e+002  6.37400e+003 -6.20929e+001  4.00562e-001  6.31167e+002
          6375  6.41326e+002  6.37500e+003 -6.21562e+001  3.99438e-001  6.31250e+002
          6376  6.41412e+002  6.37600e+003 -6.22159e+001  3.98296e-001  6.31333e+002
          6377  6.41490e+002  6.37700e+003 -6.22775e+001  3.97196e-001  6.31417e+002
          6378  6.41573e+002  6.37800e+003 -6.23398e+001  3.96117e-001  6.31500e+002
          6379  6.41648e+002  6.37900e+003 -6.24021e+001  3.95049e-001  6.31583e+002
          6380  6.41727e+002  6.38000e+003 -6.24609e+001  3.94059e-001  6.31667e+002
          6381  6.41809e+002  6.38100e+003 -6.25213e+001  3.93039e-001  6.31750e+002
          6382  6.41892e+002  6.38200e+003 -6.25823e+001  3.92020e-001  6.31833e+002
          6383  6.41976e+002  6.38300e+003 -6.26425e+001  3.91005e-001  6.31917e+002
          6384  6.42059e+002  6.38400e+003 -6.27021e+001  3.90010e-001  6.32000e+002
          6385  6.42139e+002  6.38500e+003 -6.27629e+001  3.89007e-001  6.32083e+002
          6386  6.42220e+002  6.38600e+003 -6.28237e+001  3.88003e-001  6.32167e+002
          6387  6.42294e+002  6.38700e+003 -6.28839e+001  3.87001e-001  6.32250e+002
          6388  6.42377e+002  6.38800e+003 -6.29445e+001  3.85890e-001  6.32333e+002
          6389  6.42455e+002  6.38900e+003 -6.30038e+001  3.84779e-001  6.32417e+002
          6390  6.42539e+002  6.39000e+003 -6.30618e+001  3.83667e-001  6.32500e+002
          6391  6.42618e+002  6.39100e+003 -6.31191e+001  3.82556e-001  6.32583e+002
          6392  6.42698e+002  6.39200e+003 -6.31754e+001  3.81355e-001  6.32667e+002
          6393  6.42779e+002  6.39300e+003 -6.32324e+001  3.80234e-001  6.32750e+002
          6394  6.42857e+002  6.39400e+003 -6.32883e+001  3.79142e-001  6.32833e+002
          6395  6.42941e+002  6.39500e+003 -6.33435e+001  3.78062e-001  6.32917e+002
          6396  6.43019e+002  6.39600e+003 -6.33955e+001  3.77072e-001  6.33000e+002
          6397  6.43096e+002  6.39700e+003 -6.34501e+001  3.76048e-001  6.33083e+002
          6398  6.43176e+002  6.39800e+003 -6.35042e+001  3.75025e-001  6.33167e+002
          6399  6.43265e+002  6.39900e+003 -6.35584e+001  3.74007e-001  6.33250e+002
          6400  6.43350e+002  6.40000e+003 -6.36104e+001  3.73012e-001  6.33333e+002
          6401  6.43428e+002  6.40100e+003 -6.36631e+001  3.72008e-001  6.33417e+002
          6402  6.43510e+002  6.40200e+003 -6.37148e+001  3.71004e-001  6.33500e+002
          6403  6.43589e+002  6.40300e+003 -6.37670e+001  3.70001e-001  6.33583e+002
          6404  6.43676e+002  6.40400e+003 -6.38198e+001  3.69002e-001  6.33667e+002
          6405  6.43751e+002  6.40500e+003 -6.38720e+001  3.68001e-001  6.33750e+002
          6406  6.43837e+002  6.40600e+003 -6.39245e+001  3.67001e-001  6.33833e+002
          6407  6.43918e+002  6.40700e+003 -6.39769e+001  3.66000e-001  6.33917e+002
          6408  6.43993e+002  6.40800e+003 -6.40284e+001  3.65000e-001  6.34000e+002
          6409  6.44072e+002  6.40900e+003 -6.40804e+001  3.64000e-001  6.34083e+002
          6410  6.44154e+002  6.41000e+003 -6.41312e+001  3.63000e-001  6.34167e+002
          6411  6.44237e+002  6.41100e+003 -6.41813e+001  3.62000e-001  6.34250e+002
          6412  6.44319e+002  6.41200e+003 -6.42313e+001  3.61000e-001  6.34333e+002
          6413  6.44409e+002  6.41300e+003 -6.42819e+001  3.60000e-001  6.34417e+002
          6414  6.44489e+002  6.41400e+003 -6.43325e+001  3.59000e-001  6.34500e+002
          6415  6.44566e+002  6.41500e+003 -6.43821e+001  3.58000e-001  6.34583e+002
          6416  6.44651e+002  6.41600e+003 -6.44267e+001  3.57000e-001  6.34667e+002
          6417  6.44739e+002  6.41700e+003 -6.44737e+001  3.56000e-001  6.34750e+002
          6418  6.44813e+002  6.41800e+003 -6.45220e+001  3.55000e-001  6.34833e+002
          6419  6.44893e+002  6.41900e+003 -6.45697e+001  3.54000e-001  6.34917e+002
          6420  6.44980e+002  6.42000e+003 -6.46153e+001  3.53000e-001  6.35000e+002
          6421  6.45060e+002  6.42100e+003 -6.46624e+001  3.52000e-001  6.35083e+002
          6422  6.45139e+002  6.42200e+003 -6.47093e+001  3.51000e-001  6.35167e+002
          6423  6.45223e+002  6.42300e+003 -6.47563e+001  3.50000e-001  6.35250e+002
          6424  6.45306e+002  6.42400e+003 -6.47999e+001  3.49000e-001  6.35333e+002
          6425  6.45394e+002  6.42500e+003 -6.48462e+001  3.48000e-001  6.35417e+002
          6426  6.45466e+002  6.42600e+003 -6.48926e+001  3.47000e-001  6.35500e+002
          6427  6.45544e+002  6.42700e+003 -6.49385e+001  3.46000e-001  6.35583e+002
          6428  6.45638e+002  6.42800e+003 -6.49860e+001  3.45028e-001  6.35667e+002
          6429  6.45714e+002  6.42900e+003 -6.50326e+001  3.44118e-001  6.35750e+002
          6430  6.45796e+002  6.43000e+003 -6.50789e+001  3.43224e-001  6.35833e+002
          6431  6.45883e+002  6.43100e+003 -6.51248e+001  3.42333e-001  6.35917e+002
          6432  6.45960e+002  6.43200e+003 -6.51703e+001  3.41502e-001  6.36000e+002
          6433  6.46042e+002  6.43300e+003 -6.52156e+001  3.40623e-001  6.36083e+002
          6434  6.46120e+002  6.43400e+003 -6.52615e+001  3.39724e-001  6.36167e+002
          6435  6.46203e+002  6.43500e+003 -6.53084e+001  3.38815e-001  6.36250e+002
          6436  6.46287e+002  6.43600e+003 -6.53535e+001  3.37856e-001  6.36333e+002
          6437  6.46366e+002  6.43700e+003 -6.53987e+001  3.36905e-001  6.36417e+002
          6438  6.46451e+002  6.43800e+003 -6.54447e+001  3.35945e-001  6.36500e+002
          6439  6.46537e+002  6.43900e+003 -6.54912e+001  3.34979e-001  6.36583e+002
          6440  6.46613e+002  6.44000e+003 -6.55376e+001  3.33973e-001  6.36667e+002
          6441  6.46694e+002  6.44100e+003 -6.55835e+001  3.32982e-001  6.36750e+002
          6442  6.46785e+002  6.44200e+003 -6.56291e+001  3.31991e-001  6.36833e+002
          6443  6.46858e+002  6.44300e+003 -6.56736e+001  3.30998e-001  6.36917e+002
          6444  6.46940e+002  6.44400e+003 -6.57168e+001  3.29995e-001  6.37000e+002
          6445  6.47025e+002  6.44500e+003 -6.57609e+001  3.29025e-001  6.37083e+002
          6446  6.47111e+002  6.44600e+003 -6.58046e+001  3.28117e-001  6.37167e+002
          6447  6.47196e+002  6.44700e+003 -6.58477e+001  3.27222e-001  6.37250e+002
          6448  6.47279e+002  6.44800e+003 -6.58885e+001  3.26363e-001  6.37333e+002
          6449  6.47357e+002  6.44900e+003 -6.59293e+001  3.25482e-001  6.37417e+002
          6450  6.47433e+002  6.45000e+003 -6.59703e+001  3.24590e-001  6.37500e+002
          6451  6.47515e+002  6.45100e+003 -6.60123e+001  3.23691e-001  6.37583e+002
          6452  6.47590e+002  6.45200e+003 -6.60505e+001  3.22784e-001  6.37667e+002
          6453  6.47680e+002  6.45300e+003 -6.60927e+001  3.21857e-001  6.37750e+002
          6454  6.47760e+002  6.45400e+003 -6.61355e+001  3.20916e-001  6.37833e+002
          6455  6.47845e+002  6.45500e+003 -6.61778e+001  3.19966e-001  6.37917e+002
          6456  6.47920e+002  6.45600e+003 -6.62186e+001  3.19069e-001  6.38000e+002
          6457  6.48004e+002  6.45700e+003 -6.62588e+001  3.18194e-001  6.38083e+002
          6458  6.48089e+002  6.45800e+003 -6.62993e+001  3.17319e-001  6.38167e+002
          6459  6.48167e+002  6.45900e+003 -6.63406e+001  3.16441e-001  6.38250e+002
          6460  6.48249e+002  6.46000e+003 -6.63833e+001  3.15638e-001  6.38333e+002
          6461  6.48324e+002  6.46100e+003 -6.64224e+001  3.14761e-001  6.38417e+002
          6462  6.48409e+002  6.46200e+003 -6.64614e+001  3.13856e-001  6.38500e+002
          6463  6.48496e+002  6.46300e+003 -6.65009e+001  3.12938e-001  6.38583e+002
          6464  6.48573e+002  6.46400e+003 -6.65360e+001  3.11955e-001  6.38667e+002
          6465  6.48657e+002  6.46500e+003 -6.65734e+001  3.11069e-001  6.38750e+002
          6466  6.48735e+002  6.46600e+003 -6.66126e+001  3.10199e-001  6.38833e+002
          6467  6.48820e+002  6.46700e+003 -6.66524e+001  3.09326e-001  6.38917e+002
          6468  6.48898e+002  6.46800e+003 -6.66888e+001  3.08490e-001  6.39000e+002
          6469  6.48987e+002  6.46900e+003 -6.67254e+001  3.07615e-001  6.39083e+002
          6470  6.49064e+002  6.47000e+003 -6.67633e+001  3.06720e-001  6.39167e+002
          6471  6.49152e+002  6.47100e+003 -6.68020e+001  3.05814e-001  6.39250e+002
          6472  6.49236e+002  6.47200e+003 -6.68417e+001  3.04882e-001  6.39333e+002
          6473  6.49320e+002  6.47300e+003 -6.68803e+001  3.04021e-001  6.39417e+002
          6474  6.49400e+002  6.47400e+003 -6.69189e+001  3.03169e-001  6.39500e+002
          6475  6.49489e+002  6.47500e+003 -6.69582e+001  3.02313e-001  6.39583e+002
          6476  6.49568e+002  6.47600e+003 -6.69945e+001  3.01475e-001  6.39667e+002
          6477  6.49648e+002  6.47700e+003 -6.70307e+001  3.00604e-001  6.39750e+002
          6478  6.49727e+002  6.47800e+003 -6.70677e+001  2.99714e-001  6.39833e+002
          6479  6.49807e+002  6.47900e+003 -6.71048e+001  2.98813e-001  6.39917e+002
          6480  6.49889e+002  6.48000e+003 -6.71407e+001  2.97963e-001  6.40000e+002
          6481  6.49968e+002  6.48100e+003 -6.71768e+001  2.97124e-001  6.40083e+002
          6482  6.50055e+002  6.48200e+003 -6.72147e+001  2.96277e-001  6.40167e+002
          6483  6.50130e+002  6.48300e+003 -6.72533e+001  2.95424e-001  6.40250e+002
          6484  6.50221e+002  6.48400e+003 -6.72872e+001  2.94617e-001  6.40333e+002
          6485  6.50296e+002  6.48500e+003 -6.73233e+001  2.93775e-001  6.40417e+002
          6486  6.50374e+002  6.48600e+003 -6.73598e+001  2.92967e-001  6.40500e+002
          6487  6.50460e+002  6.48700e+003 -6.73961e+001  2.92158e-001  6.40583e+002
          6488  6.50549e+002  6.48800e+003 -6.74314e+001  2.91288e-001  6.40667e+002
          6489  6.50633e+002  6.48900e+003 -6.74673e+001  2.90431e-001  6.40750e+002
          6490  6.50709e+002  6.49000e+003 -6.75032e+001  2.89564e-001  6.40833e+002
          6491  6.50790e+002  6.49100e+003 -6.75391e+001  2.88684e-001  6.40917e+002
          6492  6.50874e+002  6.49200e+003 -6.75774e+001  2.87883e-001  6.41000e+002
          6493  6.50954e+002  6.49300e+003 -6.76143e+001  2.87071e-001  6.41083e+002
          6494  6.51034e+002  6.49400e+003 -6.76512e+001  2.86245e-001  6.41167e+002
          6495  6.51113e+002  6.49500e+003 -6.76880e+001  2.85409e-001  6.41250e+002
          6496  6.51202e+002  6.49600e+003 -6.77197e+001  2.84601e-001  6.41333e+002
          6497  6.51286e+002  6.49700e+003 -6.77540e+001  2.83764e-001  6.41417e+002
          6498  6.51360e+002  6.49800e+003 -6.77889e+001  2.82961e-001  6.41500e+002
          6499  6.51452e+002  6.49900e+003 -6.78237e+001  2.82157e-001  6.41583e+002
          6500  6.51532e+002  6.50000e+003 -6.78600e+001  2.81285e-001  6.41667e+002
          6501  6.51615e+002  6.50100e+003 -6.78951e+001  2.80429e-001  6.41750e+002
          6502  6.51705e+002  6.50200e+003 -6.79309e+001  2.79563e-001  6.41833e+002
          6503  6.51777e+002  6.50300e+003 -6.79670e+001  2.78684e-001  6.41917e+002
          6504  6.51857e+002  6.50400e+003 -6.80012e+001  2.77882e-001  6.42000e+002
          6505  6.51939e+002  6.50500e+003 -6.80364e+001  2.77070e-001  6.42083e+002
          6506  6.52036e+002  6.50600e+003 -6.80710e+001  2.76245e-001  6.42167e+002
          6507  6.52106e+002  6.50700e+003 -6.81045e+001  2.75409e-001  6.42250e+002
          6508  6.52196e+002  6.50800e+003 -6.81404e+001  2.74601e-001  6.42333e+002
          6509  6.52269e+002  6.50900e+003 -6.81759e+001  2.73764e-001  6.42417e+002
          6510  6.52359e+002  6.51000e+003 -6.82109e+001  2.72961e-001  6.42500e+002
          6511  6.52442e+002  6.51100e+003 -6.82456e+001  2.72157e-001  6.42583e+002
          6512  6.52525e+002  6.51200e+003 -6.82831e+001  2.71285e-001  6.42667e+002
          6513  6.52594e+002  6.51300e+003 -6.83193e+001  2.70457e-001  6.42750e+002
          6514  6.52687e+002  6.51400e+003 -6.83551e+001  2.69681e-001  6.42833e+002
          6515  6.52775e+002  6.51500e+003 -6.83897e+001  2.68906e-001  6.42917e+002
          6516  6.52862e+002  6.51600e+003 -6.84225e+001  2.68135e-001  6.43000e+002
          6517  6.52931e+002  6.51700e+003 -6.84569e+001  2.67330e-001  6.43083e+002
          6518  6.53018e+002  6.51800e+003 -6.84915e+001  2.66529e-001  6.43167e+002
          6519  6.53104e+002  6.51900e+003 -6.85265e+001  2.65767e-001  6.43250e+002
          6520  6.53184e+002  6.52000e+003 -6.85624e+001  2.64974e-001  6.43333e+002
          6521  6.53260e+002  6.52100e+003 -6.85964e+001  2.64175e-001  6.43417e+002
          6522  6.53345e+002  6.52200e+003 -6.86282e+001  2.63359e-001  6.43500e+002
          6523  6.53425e+002  6.52300e+003 -6.86590e+001  2.62530e-001  6.43583e+002
          6524  6.53512e+002  6.52400e+003 -6.86882e+001  2.61775e-001  6.43667e+002
          6525  6.53598e+002  6.52500e+003 -6.87202e+001  2.61000e-001  6.43750e+002
          6526  6.53681e+002  6.52600e+003 -6.87514e+001  2.60203e-001  6.43833e+002
          6527  6.53765e+002  6.52700e+003 -6.87820e+001  2.59392e-001  6.43917e+002
          6528  6.53849e+002  6.52800e+003 -6.88140e+001  2.58691e-001  6.44000e+002
          6529  6.53922e+002  6.52900e+003 -6.88466e+001  2.57944e-001  6.44083e+002
          6530  6.54011e+002  6.53000e+003 -6.88794e+001  2.57169e-001  6.44167e+002
          6531  6.54096e+002  6.53100e+003 -6.89132e+001  2.56377e-001  6.44250e+002
          6532  6.54173e+002  6.53200e+003 -6.89446e+001  2.55673e-001  6.44333e+002
          6533  6.54254e+002  6.53300e+003 -6.89762e+001  2.54933e-001  6.44417e+002
          6534  6.54337e+002  6.53400e+003 -6.90073e+001  2.54163e-001  6.44500e+002
          6535  6.54419e+002  6.53500e+003 -6.90394e+001  2.53375e-001  6.44583e+002
          6536  6.54501e+002  6.53600e+003 -6.90746e+001  2.52670e-001  6.44667e+002
          6537  6.54586e+002  6.53700e+003 -6.91084e+001  2.51931e-001  6.44750e+002
          6538  6.54670e+002  6.53800e+003 -6.91419e+001  2.51162e-001  6.44833e+002
          6539  6.54744e+002  6.53900e+003 -6.91749e+001  2.50375e-001  6.44917e+002
          6540  6.54825e+002  6.54000e+003 -6.92073e+001  2.49587e-001  6.45000e+002
          6541  6.54916e+002  6.54100e+003 -6.92401e+001  2.48826e-001  6.45083e+002
          6542  6.54994e+002  6.54200e+003 -6.92718e+001  2.48052e-001  6.45167e+002
          6543  6.55081e+002  6.54300e+003 -6.93028e+001  2.47264e-001  6.45250e+002
          6544  6.55165e+002  6.54400e+003 -6.93341e+001  2.46527e-001  6.45333e+002
          6545  6.55245e+002  6.54500e+003 -6.93665e+001  2.45787e-001  6.45417e+002
          6546  6.55325e+002  6.54600e+003 -6.93991e+001  2.45027e-001  6.45500e+002
          6547  6.55410e+002  6.54700e+003 -6.94324e+001  2.44252e-001  6.45583e+002
          6548  6.55496e+002  6.54800e+003 -6.94626e+001  2.43598e-001  6.45667e+002
          6549  6.55580e+002  6.54900e+003 -6.94938e+001  2.42883e-001  6.45750e+002
          6550  6.55660e+002  6.55000e+003 -6.95249e+001  2.42132e-001  6.45833e+002
          6551  6.55746e+002  6.55100e+003 -6.95558e+001  2.41361e-001  6.45917e+002
          6552  6.55823e+002  6.55200e+003 -6.95877e+001  2.40655e-001  6.46000e+002
          6553  6.55910e+002  6.55300e+003 -6.96193e+001  2.39921e-001  6.46083e+002
          6554  6.55994e+002  6.55400e+003 -6.96515e+001  2.39184e-001  6.46167e+002
          6555  6.56070e+002  6.55500e+003 -6.96852e+001  2.38485e-001  6.46250e+002
          6556  6.56154e+002  6.55600e+003 -6.97206e+001  2.37790e-001  6.46333e+002
          6557  6.56240e+002  6.55700e+003 -6.97560e+001  2.37054e-001  6.46417e+002
          6558  6.56322e+002  6.55800e+003 -6.97896e+001  2.36314e-001  6.46500e+002
          6559  6.56409e+002  6.55900e+003 -6.98226e+001  2.35609e-001  6.46583e+002
          6560  6.56485e+002  6.56000e+003 -6.98565e+001  2.34861e-001  6.46667e+002
          6561  6.56570e+002  6.56100e+003 -6.98893e+001  2.34101e-001  6.46750e+002
          6562  6.56656e+002  6.56200e+003 -6.99215e+001  2.33343e-001  6.46833e+002
          6563  6.56732e+002  6.56300e+003 -6.99542e+001  2.32623e-001  6.46917e+002
          6564  6.56824e+002  6.56400e+003 -6.99919e+001  2.31876e-001  6.47000e+002
          6565  6.56902e+002  6.56500e+003 -7.00273e+001  2.31111e-001  6.47083e+002
          6566  6.56977e+002  6.56600e+003 -7.00610e+001  2.30349e-001  6.47167e+002
          6567  6.57058e+002  6.56700e+003 -7.00930e+001  2.29625e-001  6.47250e+002
          6568  6.57142e+002  6.56800e+003 -7.01210e+001  2.28879e-001  6.47333e+002
          6569  6.57223e+002  6.56900e+003 -7.01521e+001  2.28140e-001  6.47417e+002
          6570  6.57314e+002  6.57000e+003 -7.01857e+001  2.27440e-001  6.47500e+002
          6571  6.57401e+002  6.57100e+003 -7.02206e+001  2.26736e-001  6.47583e+002
          6572  6.57473e+002  6.57200e+003 -7.02548e+001  2.26009e-001  6.47667e+002
          6573  6.57556e+002  6.57300e+003 -7.02882e+001  2.25275e-001  6.47750e+002
          6574  6.57645e+002  6.57400e+003 -7.03218e+001  2.24571e-001  6.47833e+002
          6575  6.57724e+002  6.57500e+003 -7.03548e+001  2.23860e-001  6.47917e+002
          6576  6.57818e+002  6.57600e+003 -7.03832e+001  2.23108e-001  6.48000e+002
          6577  6.57896e+002  6.57700e+003 -7.04147e+001  2.22411e-001  6.48083e+002
          6578  6.57968e+002  6.57800e+003 -7.04472e+001  2.21706e-001  6.48167e+002
          6579  6.58058e+002  6.57900e+003 -7.04801e+001  2.20984e-001  6.48250e+002
          6580  6.58139e+002  6.58000e+003 -7.05150e+001  2.20344e-001  6.48333e+002
          6581  6.58221e+002  6.58100e+003 -7.05484e+001  2.19666e-001  6.48417e+002
          6582  6.58303e+002  6.58200e+003 -7.05814e+001  2.18982e-001  6.48500e+002
          6583  6.58379e+002  6.58300e+003 -7.06135e+001  2.18332e-001  6.48583e+002
          6584  6.58474e+002  6.58400e+003 -7.06424e+001  2.17684e-001  6.48667e+002
          6585  6.58545e+002  6.58500e+003 -7.06738e+001  2.16984e-001  6.48750e+002
          6586  6.58628e+002  6.58600e+003 -7.07065e+001  2.16273e-001  6.48833e+002
          6587  6.58714e+002  6.58700e+003 -7.07405e+001  2.15592e-001  6.48917e+002
          6588  6.58799e+002  6.58800e+003 -7.07745e+001  2.14840e-001  6.49000e+002
          6589  6.58892e+002  6.58900e+003 -7.08068e+001  2.14115e-001  6.49083e+002
          6590  6.58967e+002  6.59000e+003 -7.08382e+001  2.13426e-001  6.49167e+002
          6591  6.59040e+002  6.59100e+003 -7.08700e+001  2.12732e-001  6.49250e+002
          6592  6.59136e+002  6.59200e+003 -7.09004e+001  2.12030e-001  6.49333e+002
          6593  6.59212e+002  6.59300e+003 -7.09308e+001  2.11361e-001  6.49417e+002
          6594  6.59297e+002  6.59400e+003 -7.09621e+001  2.10675e-001  6.49500e+002
          6595  6.59376e+002  6.59500e+003 -7.09941e+001  2.09970e-001  6.49583e+002
          6596  6.59456e+002  6.59600e+003 -7.10257e+001  2.09328e-001  6.49667e+002
          6597  6.59540e+002  6.59700e+003 -7.10576e+001  2.08656e-001  6.49750e+002
          6598  6.59627e+002  6.59800e+003 -7.10901e+001  2.07977e-001  6.49833e+002
          6599  6.59710e+002  6.59900e+003 -7.11216e+001  2.07330e-001  6.49917e+002
          6600  6.59785e+002  6.60000e+003 -7.11514e+001  2.06709e-001  6.50000e+002
          6601  6.59875e+002  6.60100e+003 -7.11825e+001  2.06100e-001  6.50083e+002
          6602  6.59960e+002  6.60200e+003 -7.12134e+001  2.05468e-001  6.50167e+002
          6603  6.60046e+002  6.60300e+003 -7.12436e+001  2.04814e-001  6.50250e+002
          6604  6.60116e+002  6.60400e+003 -7.12756e+001  2.04219e-001  6.50333e+002
          6605  6.60201e+002  6.60500e+003 -7.13067e+001  2.03584e-001  6.50417e+002
          6606  6.60276e+002  6.60600e+003 -7.13380e+001  2.02934e-001  6.50500e+002
          6607  6.60358e+002  6.60700e+003 -7.13696e+001  2.02313e-001  6.50583e+002
          6608  6.60440e+002  6.60800e+003 -7.13971e+001  2.01660e-001  6.50667e+002
          6609  6.60532e+002  6.60900e+003 -7.14269e+001  2.00996e-001  6.50750e+002
          6610  6.60609e+002  6.61000e+003 -7.14581e+001  2.00355e-001  6.50833e+002
          6611  6.60695e+002  6.61100e+003 -7.14904e+001  1.99701e-001  6.50917e+002
          6612  6.60782e+002  6.61200e+003 -7.15209e+001  1.98994e-001  6.51000e+002
          6613  6.60857e+002  6.61300e+003 -7.15514e+001  1.98336e-001  6.51083e+002
          6614  6.60941e+002  6.61400e+003 -7.15821e+001  1.97690e-001  6.51167e+002
          6615  6.61028e+002  6.61500e+003 -7.16124e+001  1.97078e-001  6.51250e+002
          6616  6.61105e+002  6.61600e+003 -7.16435e+001  1.96444e-001  6.51333e+002
          6617  6.61202e+002  6.61700e+003 -7.16749e+001  1.95805e-001  6.51417e+002
          6618  6.61273e+002  6.61800e+003 -7.17072e+001  1.95191e-001  6.51500e+002
          6619  6.61352e+002  6.61900e+003 -7.17390e+001  1.94564e-001  6.51583e+002
          6620  6.61431e+002  6.62000e+003 -7.17725e+001  1.93907e-001  6.51667e+002
          6621  6.61515e+002  6.62100e+003 -7.18046e+001  1.93279e-001  6.51750e+002
          6622  6.61601e+002  6.62200e+003 -7.18358e+001  1.92627e-001  6.51833e+002
          6623  6.61690e+002  6.62300e+003 -7.18667e+001  1.91952e-001  6.51917e+002
          6624  6.61768e+002  6.62400e+003 -7.18980e+001  1.91304e-001  6.52000e+002
          6625  6.61847e+002  6.62500e+003 -7.19309e+001  1.90668e-001  6.52083e+002
          6626  6.61935e+002  6.62600e+003 -7.19637e+001  1.90059e-001  6.52167e+002
          6627  6.62008e+002  6.62700e+003 -7.19955e+001  1.89439e-001  6.52250e+002
          6628  6.62100e+002  6.62800e+003 -7.20268e+001  1.88835e-001  6.52333e+002
          6629  6.62178e+002  6.62900e+003 -7.20564e+001  1.88232e-001  6.52417e+002
          6630  6.62262e+002  6.63000e+003 -7.20856e+001  1.87598e-001  6.52500e+002
          6631  6.62344e+002  6.63100e+003 -7.21137e+001  1.86938e-001  6.52583e+002
          6632  6.62429e+002  6.63200e+003 -7.21417e+001  1.86289e-001  6.52667e+002
          6633  6.62506e+002  6.63300e+003 -7.21715e+001  1.85658e-001  6.52750e+002
          6634  6.62586e+002  6.63400e+003 -7.22018e+001  1.85054e-001  6.52833e+002
          6635  6.62669e+002  6.63500e+003 -7.22315e+001  1.84438e-001  6.52917e+002
          6636  6.62758e+002  6.63600e+003 -7.22593e+001  1.83832e-001  6.53000e+002
          6637  6.62837e+002  6.63700e+003 -7.22898e+001  1.83230e-001  6.53083e+002
          6638  6.62921e+002  6.63800e+003 -7.23204e+001  1.82625e-001  6.53167e+002
          6639  6.63009e+002  6.63900e+003 -7.23505e+001  1.82049e-001  6.53250e+002
          6640  6.63091e+002  6.64000e+003 -7.23817e+001  1.81411e-001  6.53333e+002
          6641  6.63172e+002  6.64100e+003 -7.24118e+001  1.80783e-001  6.53417e+002
          6642  6.63249e+002  6.64200e+003 -7.24424e+001  1.80179e-001  6.53500e+002
          6643  6.63333e+002  6.64300e+003 -7.24737e+001  1.79561e-001  6.53583e+002
          6644  6.63409e+002  6.64400e+003 -7.25082e+001  1.78984e-001  6.53667e+002
          6645  6.63500e+002  6.64500e+003 -7.25401e+001  1.78407e-001  6.53750e+002
          6646  6.63582e+002  6.64600e+003 -7.25714e+001  1.77853e-001  6.53833e+002
          6647  6.63666e+002  6.64700e+003 -7.26020e+001  1.77285e-001  6.53917e+002
          6648  6.63752e+002  6.64800e+003 -7.26308e+001  1.76727e-001  6.54000e+002
          6649  6.63842e+002  6.64900e+003 -7.26606e+001  1.76160e-001  6.54083e+002
          6650  6.63916e+002  6.65000e+003 -7.26910e+001  1.75583e-001  6.54167e+002
          6651  6.63999e+002  6.65100e+003 -7.27220e+001  1.75032e-001  6.54250e+002
          6652  6.64081e+002  6.65200e+003 -7.27545e+001  1.74418e-001  6.54333e+002
          6653  6.64167e+002  6.65300e+003 -7.27841e+001  1.73859e-001  6.54417e+002
          6654  6.64246e+002  6.65400e+003 -7.28139e+001  1.73278e-001  6.54500e+002
          6655  6.64323e+002  6.65500e+003 -7.28441e+001  1.72670e-001  6.54583e+002
          6656  6.64414e+002  6.65600e+003 -7.28698e+001  1.72119e-001  6.54667e+002
          6657  6.64494e+002  6.65700e+003 -7.28985e+001  1.71545e-001  6.54750e+002
          6658  6.64575e+002  6.65800e+003 -7.29277e+001  1.70985e-001  6.54833e+002
          6659  6.64666e+002  6.65900e+003 -7.29566e+001  1.70408e-001  6.54917e+002
          6660  6.64735e+002  6.66000e+003 -7.29854e+001  1.69881e-001  6.55000e+002
          6661  6.64825e+002  6.66100e+003 -7.30145e+001  1.69339e-001  6.55083e+002
          6662  6.64910e+002  6.66200e+003 -7.30428e+001  1.68812e-001  6.55167e+002
          6663  6.64989e+002  6.66300e+003 -7.30714e+001  1.68268e-001  6.55250e+002
          6664  6.65077e+002  6.66400e+003 -7.30994e+001  1.67706e-001  6.55333e+002
          6665  6.65165e+002  6.66500e+003 -7.31282e+001  1.67147e-001  6.55417e+002
          6666  6.65245e+002  6.66600e+003 -7.31587e+001  1.66576e-001  6.55500e+002
          6667  6.65325e+002  6.66700e+003 -7.31903e+001  1.66030e-001  6.55583e+002
          6668  6.65405e+002  6.66800e+003 -7.32222e+001  1.65415e-001  6.55667e+002
          6669  6.65491e+002  6.66900e+003 -7.32535e+001  1.64857e-001  6.55750e+002
          6670  6.65574e+002  6.67000e+003 -7.32850e+001  1.64304e-001  6.55833e+002
          6671  6.65655e+002  6.67100e+003 -7.33162e+001  1.63781e-001  6.55917e+002
          6672  6.65734e+002  6.67200e+003 -7.33503e+001  1.63241e-001  6.56000e+002
          6673  6.65824e+002  6.67300e+003 -7.33821e+001  1.62671e-001  6.56083e+002
          6674  6.65898e+002  6.67400e+003 -7.34131e+001  1.62111e-001  6.56167e+002
          6675  6.65976e+002  6.67500e+003 -7.34430e+001  1.61531e-001  6.56250e+002
          6676  6.66067e+002  6.67600e+003 -7.34762e+001  1.60950e-001  6.56333e+002
          6677  6.66135e+002  6.67700e+003 -7.35071e+001  1.60384e-001  6.56417e+002
          6678  6.66230e+002  6.67800e+003 -7.35376e+001  1.59841e-001  6.56500e+002
          6679  6.66307e+002  6.67900e+003 -7.35686e+001  1.59281e-001  6.56583e+002
          6680  6.66392e+002  6.68000e+003 -7.35953e+001  1.58804e-001  6.56667e+002
          6681  6.66473e+002  6.68100e+003 -7.36260e+001  1.58288e-001  6.56750e+002
          6682  6.66552e+002  6.68200e+003 -7.36580e+001  1.57781e-001  6.56833e+002
          6683  6.66639e+002  6.68300e+003 -7.36893e+001  1.57253e-001  6.56917e+002
          6684  6.66726e+002  6.68400e+003 -7.37180e+001  1.56774e-001  6.57000e+002
          6685  6.66803e+002  6.68500e+003 -7.37480e+001  1.56268e-001  6.57083e+002
          6686  6.66879e+002  6.68600e+003 -7.37776e+001  1.55770e-001  6.57167e+002
          6687  6.66978e+002  6.68700e+003 -7.38074e+001  1.55250e-001  6.57250e+002
          6688  6.67057e+002  6.68800e+003 -7.38407e+001  1.54769e-001  6.57333e+002
          6689  6.67141e+002  6.68900e+003 -7.38718e+001  1.54237e-001  6.57417e+002
          6690  6.67213e+002  6.69000e+003 -7.39014e+001  1.53678e-001  6.57500e+002
          6691  6.67296e+002  6.69100e+003 -7.39297e+001  1.53139e-001  6.57583e+002
          6692  6.67383e+002  6.69200e+003 -7.39570e+001  1.52554e-001  6.57667e+002
          6693  6.67467e+002  6.69300e+003 -7.39863e+001  1.51998e-001  6.57750e+002
          6694  6.67543e+002  6.69400e+003 -7.40163e+001  1.51438e-001  6.57833e+002
          6695  6.67629e+002  6.69500e+003 -7.40459e+001  1.50904e-001  6.57917e+002
          6696  6.67713e+002  6.69600e+003 -7.40756e+001  1.50341e-001  6.58000e+002
          6697  6.67791e+002  6.69700e+003 -7.41050e+001  1.49808e-001  6.58083e+002
          6698  6.67885e+002  6.69800e+003 -7.41339e+001  1.49274e-001  6.58167e+002
          6699  6.67962e+002  6.69900e+003 -7.41626e+001  1.48767e-001  6.58250e+002
          6700  6.68049e+002  6.70000e+003 -7.41910e+001  1.48254e-001  6.58333e+002
          6701  6.68133e+002  6.70100e+003 -7.42209e+001  1.47751e-001  6.58417e+002
          6702  6.68209e+002  6.70200e+003 -7.42506e+001  1.47239e-001  6.58500e+002
          6703  6.68289e+002  6.70300e+003 -7.42808e+001  1.46752e-001  6.58583e+002
          6704  6.68375e+002  6.70400e+003 -7.43102e+001  1.46236e-001  6.58667e+002
          6705  6.68456e+002  6.70500e+003 -7.43392e+001  1.45739e-001  6.58750e+002
          6706  6.68550e+002  6.70600e+003 -7.43681e+001  1.45233e-001  6.58833e+002
          6707  6.68621e+002  6.70700e+003 -7.43977e+001  1.44750e-001  6.58917e+002
          6708  6.68707e+002  6.70800e+003 -7.44258e+001  1.44233e-001  6.59000e+002
          6709  6.68783e+002  6.70900e+003 -7.44535e+001  1.43737e-001  6.59083e+002
          6710  6.68871e+002  6.71000e+003 -7.44820e+001  1.43232e-001  6.59167e+002
          6711  6.68952e+002  6.71100e+003 -7.45103e+001  1.42750e-001  6.59250e+002
          6712  6.69027e+002  6.71200e+003 -7.45397e+001  1.42233e-001  6.59333e+002
          6713  6.69116e+002  6.71300e+003 -7.45688e+001  1.41764e-001  6.59417e+002
          6714  6.69204e+002  6.71400e+003 -7.45980e+001  1.41322e-001  6.59500e+002
          6715  6.69286e+002  6.71500e+003 -7.46269e+001  1.40861e-001  6.59583e+002
          6716  6.69370e+002  6.71600e+003 -7.46556e+001  1.40446e-001  6.59667e+002
          6717  6.69450e+002  6.71700e+003 -7.46851e+001  1.40003e-001  6.59750e+002
          6718  6.69538e+002  6.71800e+003 -7.47143e+001  1.39563e-001  6.59833e+002
          6719  6.69622e+002  6.71900e+003 -7.47448e+001  1.39096e-001  6.59917e+002
          6720  6.69700e+002  6.72000e+003 -7.47765e+001  1.38687e-001  6.60000e+002
          6721  6.69782e+002  6.72100e+003 -7.48060e+001  1.38282e-001  6.60083e+002
          6722  6.69862e+002  6.72200e+003 -7.48356e+001  1.37860e-001  6.60167e+002
          6723  6.69940e+002  6.72300e+003 -7.48657e+001  1.37455e-001  6.60250e+002
          6724  6.70025e+002  6.72400e+003 -7.48957e+001  1.37035e-001  6.60333e+002
          6725  6.70111e+002  6.72500e+003 -7.49253e+001  1.36606e-001  6.60417e+002
          6726  6.70204e+002  6.72600e+003 -7.49558e+001  1.36154e-001  6.60500e+002
          6727  6.70282e+002  6.72700e+003 -7.49867e+001  1.35717e-001  6.60583e+002
          6728  6.70369e+002  6.72800e+003 -7.50195e+001  1.35193e-001  6.60667e+002
          6729  6.70446e+002  6.72900e+003 -7.50509e+001  1.34738e-001  6.60750e+002
          6730  6.70533e+002  6.73000e+003 -7.50817e+001  1.34308e-001  6.60833e+002
          6731  6.70616e+002  6.73100e+003 -7.51122e+001  1.33857e-001  6.60917e+002
          6732  6.70699e+002  6.73200e+003 -7.51419e+001  1.33439e-001  6.61000e+002
          6733  6.70782e+002  6.73300e+003 -7.51701e+001  1.32998e-001  6.61083e+002
          6734  6.70870e+002  6.73400e+003 -7.51981e+001  1.32560e-001  6.61167e+002
          6735  6.70948e+002  6.73500e+003 -7.52266e+001  1.32095e-001  6.61250e+002
          6736  6.71021e+002  6.73600e+003 -7.52547e+001  1.31658e-001  6.61333e+002
          6737  6.71119e+002  6.73700e+003 -7.52831e+001  1.31191e-001  6.61417e+002
          6738  6.71196e+002  6.73800e+003 -7.53111e+001  1.30754e-001  6.61500e+002
          6739  6.71278e+002  6.73900e+003 -7.53386e+001  1.30344e-001  6.61583e+002
          6740  6.71355e+002  6.74000e+003 -7.53621e+001  1.29897e-001  6.61667e+002
          6741  6.71436e+002  6.74100e+003 -7.53880e+001  1.29465e-001  6.61750e+002
          6742  6.71532e+002  6.74200e+003 -7.54155e+001  1.29020e-001  6.61833e+002
          6743  6.71600e+002  6.74300e+003 -7.54433e+001  1.28594e-001  6.61917e+002
          6744  6.71690e+002  6.74400e+003 -7.54722e+001  1.28122e-001  6.62000e+002
          6745  6.71774e+002  6.74500e+003 -7.55004e+001  1.27691e-001  6.62083e+002
          6746  6.71857e+002  6.74600e+003 -7.55281e+001  1.27279e-001  6.62167e+002
          6747  6.71929e+002  6.74700e+003 -7.55558e+001  1.26844e-001  6.62250e+002
          6748  6.72026e+002  6.74800e+003 -7.55828e+001  1.26424e-001  6.62333e+002
          6749  6.72110e+002  6.74900e+003 -7.56104e+001  1.25988e-001  6.62417e+002
          6750  6.72191e+002  6.75000e+003 -7.56389e+001  1.25555e-001  6.62500e+002
          6751  6.72273e+002  6.75100e+003 -7.56670e+001  1.25094e-001  6.62583e+002
          6752  6.72349e+002  6.75200e+003 -7.56967e+001  1.24683e-001  6.62667e+002
          6753  6.72433e+002  6.75300e+003 -7.57253e+001  1.24280e-001  6.62750e+002
          6754  6.72514e+002  6.75400e+003 -7.57532e+001  1.23859e-001  6.62833e+002
          6755  6.72594e+002  6.75500e+003 -7.57814e+001  1.23455e-001  6.62917e+002
          6756  6.72684e+002  6.75600e+003 -7.58084e+001  1.23034e-001  6.63000e+002
          6757  6.72759e+002  6.75700e+003 -7.58361e+001  1.22634e-001  6.63083e+002
          6758  6.72845e+002  6.75800e+003 -7.58640e+001  1.22244e-001  6.63167e+002
          6759  6.72932e+002  6.75900e+003 -7.58918e+001  1.21828e-001  6.63250e+002
          6760  6.73015e+002  6.76000e+003 -7.59209e+001  1.21407e-001  6.63333e+002
          6761  6.73099e+002  6.76100e+003 -7.59509e+001  1.20976e-001  6.63417e+002
          6762  6.73177e+002  6.76200e+003 -7.59809e+001  1.20577e-001  6.63500e+002
          6763  6.73259e+002  6.76300e+003 -7.60097e+001  1.20203e-001  6.63583e+002
          6764  6.73344e+002  6.76400e+003 -7.60386e+001  1.19803e-001  6.63667e+002
          6765  6.73420e+002  6.76500e+003 -7.60670e+001  1.19403e-001  6.63750e+002
          6766  6.73508e+002  6.76600e+003 -7.60960e+001  1.18983e-001  6.63833e+002
          6767  6.73593e+002  6.76700e+003 -7.61256e+001  1.18578e-001  6.63917e+002
          6768  6.73682e+002  6.76800e+003 -7.61545e+001  1.18186e-001  6.64000e+002
          6769  6.73749e+002  6.76900e+003 -7.61829e+001  1.17782e-001  6.64083e+002
          6770  6.73833e+002  6.77000e+003 -7.62117e+001  1.17382e-001  6.64167e+002
          6771  6.73922e+002  6.77100e+003 -7.62409e+001  1.16953e-001  6.64250e+002
          6772  6.74007e+002  6.77200e+003 -7.62675e+001  1.16564e-001  6.64333e+002
          6773  6.74095e+002  6.77300e+003 -7.62960e+001  1.16129e-001  6.64417e+002
          6774  6.74175e+002  6.77400e+003 -7.63232e+001  1.15716e-001  6.64500e+002
          6775  6.74254e+002  6.77500e+003 -7.63500e+001  1.15328e-001  6.64583e+002
          6776  6.74342e+002  6.77600e+003 -7.63796e+001  1.14878e-001  6.64667e+002
          6777  6.74429e+002  6.77700e+003 -7.64089e+001  1.14453e-001  6.64750e+002
          6778  6.74504e+002  6.77800e+003 -7.64378e+001  1.14014e-001  6.64833e+002
          6779  6.74588e+002  6.77900e+003 -7.64658e+001  1.13592e-001  6.64917e+002
          6780  6.74672e+002  6.78000e+003 -7.64924e+001  1.13202e-001  6.65000e+002
          6781  6.74756e+002  6.78100e+003 -7.65183e+001  1.12793e-001  6.65083e+002
          6782  6.74835e+002  6.78200e+003 -7.65452e+001  1.12415e-001  6.65167e+002
          6783  6.74917e+002  6.78300e+003 -7.65721e+001  1.12066e-001  6.65250e+002
          6784  6.75008e+002  6.78400e+003 -7.65982e+001  1.11717e-001  6.65333e+002
          6785  6.75086e+002  6.78500e+003 -7.66252e+001  1.11374e-001  6.65417e+002
          6786  6.75171e+002  6.78600e+003 -7.66522e+001  1.11039e-001  6.65500e+002
          6787  6.75242e+002  6.78700e+003 -7.66786e+001  1.10674e-001  6.65583e+002
          6788  6.75336e+002  6.78800e+003 -7.67043e+001  1.10299e-001  6.65667e+002
          6789  6.75420e+002  6.78900e+003 -7.67311e+001  1.09905e-001  6.65750e+002
          6790  6.75502e+002  6.79000e+003 -7.67574e+001  1.09535e-001  6.65833e+002
          6791  6.75576e+002  6.79100e+003 -7.67833e+001  1.09186e-001  6.65917e+002
          6792  6.75665e+002  6.79200e+003 -7.68119e+001  1.08782e-001  6.66000e+002
          6793  6.75756e+002  6.79300e+003 -7.68391e+001  1.08417e-001  6.66083e+002
          6794  6.75831e+002  6.79400e+003 -7.68665e+001  1.08066e-001  6.66167e+002
          6795  6.75906e+002  6.79500e+003 -7.68943e+001  1.07687e-001  6.66250e+002
          6796  6.75994e+002  6.79600e+003 -7.69224e+001  1.07341e-001  6.66333e+002
          6797  6.76075e+002  6.79700e+003 -7.69506e+001  1.07004e-001  6.66417e+002
          6798  6.76154e+002  6.79800e+003 -7.69780e+001  1.06645e-001  6.66500e+002
          6799  6.76241e+002  6.79900e+003 -7.70063e+001  1.06299e-001  6.66583e+002
          6800  6.76330e+002  6.80000e+003 -7.70337e+001  1.06006e-001  6.66667e+002
          6801  6.76416e+002  6.80100e+003 -7.70611e+001  1.05664e-001  6.66750e+002
          6802  6.76494e+002  6.80200e+003 -7.70872e+001  1.05338e-001  6.66833e+002
          6803  6.76577e+002  6.80300e+003 -7.71136e+001  1.05033e-001  6.66917e+002
          6804  6.76656e+002  6.80400e+003 -7.71426e+001  1.04678e-001  6.67000e+002
          6805  6.76737e+002  6.80500e+003 -7.71698e+001  1.04348e-001  6.67083e+002
          6806  6.76825e+002  6.80600e+003 -7.71955e+001  1.04025e-001  6.67167e+002
          6807  6.76906e+002  6.80700e+003 -7.72211e+001  1.03670e-001  6.67250e+002
          6808  6.76982e+002  6.80800e+003 -7.72455e+001  1.03320e-001  6.67333e+002
          6809  6.77065e+002  6.80900e+003 -7.72712e+001  1.02991e-001  6.67417e+002
          6810  6.77149e+002  6.81000e+003 -7.72971e+001  1.02638e-001  6.67500e+002
          6811  6.77243e+002  6.81100e+003 -7.73233e+001  1.02297e-001  6.67583e+002
          6812  6.77313e+002  6.81200e+003 -7.73465e+001  1.02002e-001  6.67667e+002
          6813  6.77395e+002  6.81300e+003 -7.73713e+001  1.01661e-001  6.67750e+002
          6814  6.77487e+002  6.81400e+003 -7.73972e+001  1.01337e-001  6.67833e+002
          6815  6.77568e+002  6.81500e+003 -7.74226e+001  1.01033e-001  6.67917e+002
          6816  6.77650e+002  6.81600e+003 -7.74460e+001  1.00678e-001  6.68000e+002
          6817  6.77736e+002  6.81700e+003 -7.74701e+001  1.00348e-001  6.68083e+002
          6818  6.77817e+002  6.81800e+003 -7.74956e+001  1.00025e-001  6.68167e+002
          6819  6.77899e+002  6.81900e+003 -7.75217e+001  9.96703e-002  6.68250e+002
          6820  6.77981e+002  6.82000e+003 -7.75463e+001  9.93200e-002  6.68333e+002
          6821  6.78063e+002  6.82100e+003 -7.75724e+001  9.89906e-002  6.68417e+002
          6822  6.78146e+002  6.82200e+003 -7.75981e+001  9.86382e-002  6.68500e+002
          6823  6.78225e+002  6.82300e+003 -7.76235e+001  9.82967e-002  6.68583e+002
          6824  6.78311e+002  6.82400e+003 -7.76490e+001  9.80024e-002  6.68667e+002
          6825  6.78393e+002  6.82500e+003 -7.76733e+001  9.76613e-002  6.68750e+002
          6826  6.78483e+002  6.82600e+003 -7.76980e+001  9.73366e-002  6.68833e+002
          6827  6.78556e+002  6.82700e+003 -7.77228e+001  9.70330e-002  6.68917e+002
          6828  6.78643e+002  6.82800e+003 -7.77504e+001  9.67610e-002  6.69000e+002
          6829  6.78734e+002  6.82900e+003 -7.77772e+001  9.64522e-002  6.69083e+002
          6830  6.78803e+002  6.83000e+003 -7.78032e+001  9.61623e-002  6.69167e+002
          6831  6.78894e+002  6.83100e+003 -7.78279e+001  9.58925e-002  6.69250e+002
          6832  6.78971e+002  6.83200e+003 -7.78501e+001  9.55854e-002  6.69333e+002
          6833  6.79057e+002  6.83300e+003 -7.78737e+001  9.52872e-002  6.69417e+002
          6834  6.79133e+002  6.83400e+003 -7.78973e+001  9.49885e-002  6.69500e+002
          6835  6.79221e+002  6.83500e+003 -7.79204e+001  9.46547e-002  6.69583e+002
          6836  6.79304e+002  6.83600e+003 -7.79455e+001  9.42737e-002  6.69667e+002
          6837  6.79393e+002  6.83700e+003 -7.79691e+001  9.38880e-002  6.69750e+002
          6838  6.79470e+002  6.83800e+003 -7.79915e+001  9.35259e-002  6.69833e+002
          6839  6.79559e+002  6.83900e+003 -7.80141e+001  9.31839e-002  6.69917e+002
          6840  6.79645e+002  6.84000e+003 -7.80338e+001  9.28610e-002  6.70000e+002
          6841  6.79735e+002  6.84100e+003 -7.80551e+001  9.25182e-002  6.70083e+002
          6842  6.79814e+002  6.84200e+003 -7.80767e+001  9.22019e-002  6.70167e+002
          6843  6.79892e+002  6.84300e+003 -7.80980e+001  9.19093e-002  6.70250e+002
          6844  6.79974e+002  6.84400e+003 -7.81190e+001  9.16054e-002  6.70333e+002
          6845  6.80067e+002  6.84500e+003 -7.81403e+001  9.13005e-002  6.70417e+002
          6846  6.80143e+002  6.84600e+003 -7.81622e+001  9.10232e-002  6.70500e+002
          6847  6.80231e+002  6.84700e+003 -7.81846e+001  9.07677e-002  6.70583e+002
          6848  6.80307e+002  6.84800e+003 -7.82095e+001  9.04276e-002  6.70667e+002
          6849  6.80392e+002  6.84900e+003 -7.82332e+001  9.01340e-002  6.70750e+002
          6850  6.80473e+002  6.85000e+003 -7.82564e+001  8.98488e-002  6.70833e+002
          6851  6.80555e+002  6.85100e+003 -7.82792e+001  8.95297e-002  6.70917e+002
          6852  6.80644e+002  6.85200e+003 -7.83028e+001  8.92267e-002  6.71000e+002
          6853  6.80725e+002  6.85300e+003 -7.83256e+001  8.89568e-002  6.71083e+002
          6854  6.80809e+002  6.85400e+003 -7.83475e+001  8.86916e-002  6.71167e+002
          6855  6.80894e+002  6.85500e+003 -7.83694e+001  8.83922e-002  6.71250e+002
          6856  6.80969e+002  6.85600e+003 -7.83953e+001  8.81418e-002  6.71333e+002
          6857  6.81059e+002  6.85700e+003 -7.84186e+001  8.79011e-002  6.71417e+002
          6858  6.81149e+002  6.85800e+003 -7.84419e+001  8.76575e-002  6.71500e+002
          6859  6.81222e+002  6.85900e+003 -7.84650e+001  8.73769e-002  6.71583e+002
          6860  6.81306e+002  6.86000e+003 -7.84842e+001  8.71245e-002  6.71667e+002
          6861  6.81399e+002  6.86100e+003 -7.85065e+001  8.68896e-002  6.71750e+002
          6862  6.81475e+002  6.86200e+003 -7.85294e+001  8.66515e-002  6.71833e+002
          6863  6.81562e+002  6.86300e+003 -7.85526e+001  8.63752e-002  6.71917e+002
          6864  6.81639e+002  6.86400e+003 -7.85756e+001  8.61215e-002  6.72000e+002
          6865  6.81722e+002  6.86500e+003 -7.85984e+001  8.58876e-002  6.72083e+002
          6866  6.81804e+002  6.86600e+003 -7.86207e+001  8.56505e-002  6.72167e+002
          6867  6.81889e+002  6.86700e+003 -7.86438e+001  8.53750e-002  6.72250e+002
          6868  6.81971e+002  6.86800e+003 -7.86664e+001  8.51210e-002  6.72333e+002
          6869  6.82052e+002  6.86900e+003 -7.86882e+001  8.48872e-002  6.72417e+002
          6870  6.82138e+002  6.87000e+003 -7.87103e+001  8.46503e-002  6.72500e+002
          6871  6.82224e+002  6.87100e+003 -7.87338e+001  8.43750e-002  6.72583e+002
          6872  6.82304e+002  6.87200e+003 -7.87539e+001  8.41210e-002  6.72667e+002
          6873  6.82394e+002  6.87300e+003 -7.87748e+001  8.38872e-002  6.72750e+002
          6874  6.82471e+002  6.87400e+003 -7.87948e+001  8.36503e-002  6.72833e+002
          6875  6.82553e+002  6.87500e+003 -7.88141e+001  8.33750e-002  6.72917e+002
          6876  6.82641e+002  6.87600e+003 -7.88344e+001  8.31209e-002  6.73000e+002
          6877  6.82718e+002  6.87700e+003 -7.88557e+001  8.28872e-002  6.73083e+002
          6878  6.82807e+002  6.87800e+003 -7.88777e+001  8.26503e-002  6.73167e+002
          6879  6.82896e+002  6.87900e+003 -7.88990e+001  8.23750e-002  6.73250e+002
          6880  6.82974e+002  6.88000e+003 -7.89182e+001  8.21210e-002  6.73333e+002
          6881  6.83057e+002  6.88100e+003 -7.89378e+001  8.18872e-002  6.73417e+002
          6882  6.83142e+002  6.88200e+003 -7.89578e+001  8.16781e-002  6.73500e+002
          6883  6.83228e+002  6.88300e+003 -7.89769e+001  8.14861e-002  6.73583e+002
          6884  6.83304e+002  6.88400e+003 -7.89961e+001  8.12436e-002  6.73667e+002
          6885  6.83383e+002  6.88500e+003 -7.90158e+001  8.10128e-002  6.73750e+002
          6886  6.83465e+002  6.88600e+003 -7.90350e+001  8.08036e-002  6.73833e+002
          6887  6.83548e+002  6.88700e+003 -7.90547e+001  8.06096e-002  6.73917e+002
          6888  6.83634e+002  6.88800e+003 -7.90752e+001  8.03125e-002  6.74000e+002
          6889  6.83721e+002  6.88900e+003 -7.90948e+001  8.00577e-002  6.74083e+002
          6890  6.83802e+002  6.89000e+003 -7.91146e+001  7.98321e-002  6.74167e+002
          6891  6.83881e+002  6.89100e+003 -7.91349e+001  7.96233e-002  6.74250e+002
          6892  6.83974e+002  6.89200e+003 -7.91548e+001  7.93271e-002  6.74333e+002
          6893  6.84056e+002  6.89300e+003 -7.91743e+001  7.90674e-002  6.74417e+002
          6894  6.84142e+002  6.89400e+003 -7.91945e+001  7.88372e-002  6.74500e+002
          6895  6.84218e+002  6.89500e+003 -7.92148e+001  7.86248e-002  6.74583e+002
          6896  6.84301e+002  6.89600e+003 -7.92368e+001  7.83296e-002  6.74667e+002
          6897  6.84384e+002  6.89700e+003 -7.92585e+001  7.80691e-002  6.74750e+002
          6898  6.84470e+002  6.89800e+003 -7.92792e+001  7.78381e-002  6.74833e+002
          6899  6.84552e+002  6.89900e+003 -7.92989e+001  7.76250e-002  6.74917e+002
          6900  6.84640e+002  6.90000e+003 -7.93199e+001  7.73300e-002  6.75000e+002
          6901  6.84730e+002  6.90100e+003 -7.93416e+001  7.70694e-002  6.75083e+002
          6902  6.84805e+002  6.90200e+003 -7.93631e+001  7.68104e-002  6.75167e+002
          6903  6.84883e+002  6.90300e+003 -7.93841e+001  7.65139e-002  6.75250e+002
          6904  6.84962e+002  6.90400e+003 -7.94052e+001  7.62074e-002  6.75333e+002
          6905  6.85046e+002  6.90500e+003 -7.94257e+001  7.59438e-002  6.75417e+002
          6906  6.85124e+002  6.90600e+003 -7.94454e+001  7.57127e-002  6.75500e+002
          6907  6.85214e+002  6.90700e+003 -7.94651e+001  7.55015e-002  6.75583e+002
          6908  6.85291e+002  6.90800e+003 -7.94854e+001  7.52612e-002  6.75667e+002
          6909  6.85377e+002  6.90900e+003 -7.95057e+001  7.50245e-002  6.75750e+002
          6910  6.85461e+002  6.91000e+003 -7.95251e+001  7.48097e-002  6.75833e+002
          6911  6.85544e+002  6.91100e+003 -7.95449e+001  7.46113e-002  6.75917e+002
          6912  6.85619e+002  6.91200e+003 -7.95635e+001  7.43989e-002  6.76000e+002
          6913  6.85706e+002  6.91300e+003 -7.95822e+001  7.41639e-002  6.76083e+002
          6914  6.85791e+002  6.91400e+003 -7.96024e+001  7.39425e-002  6.76167e+002
          6915  6.85874e+002  6.91500e+003 -7.96239e+001  7.37346e-002  6.76250e+002
          6916  6.85955e+002  6.91600e+003 -7.96444e+001  7.35814e-002  6.76333e+002
          6917  6.86039e+002  6.91700e+003 -7.96640e+001  7.34053e-002  6.76417e+002
          6918  6.86130e+002  6.91800e+003 -7.96840e+001  7.31871e-002  6.76500e+002
          6919  6.86207e+002  6.91900e+003 -7.97038e+001  7.29705e-002  6.76583e+002
          6920  6.86293e+002  6.92000e+003 -7.97246e+001  7.27941e-002  6.76667e+002
          6921  6.86375e+002  6.92100e+003 -7.97451e+001  7.26231e-002  6.76750e+002
          6922  6.86458e+002  6.92200e+003 -7.97653e+001  7.24693e-002  6.76833e+002
          6923  6.86544e+002  6.92300e+003 -7.97854e+001  7.23301e-002  6.76917e+002
          6924  6.86624e+002  6.92400e+003 -7.98065e+001  7.21340e-002  6.77000e+002
          6925  6.86707e+002  6.92500e+003 -7.98258e+001  7.19403e-002  6.77083e+002
          6926  6.86792e+002  6.92600e+003 -7.98448e+001  7.17609e-002  6.77167e+002
          6927  6.86869e+002  6.92700e+003 -7.98638e+001  7.15922e-002  6.77250e+002
          6928  6.86953e+002  6.92800e+003 -7.98801e+001  7.13744e-002  6.77333e+002
          6929  6.87047e+002  6.92900e+003 -7.98972e+001  7.11475e-002  6.77417e+002
          6930  6.87123e+002  6.93000e+003 -7.99146e+001  7.09340e-002  6.77500e+002
          6931  6.87203e+002  6.93100e+003 -7.99323e+001  7.07325e-002  6.77583e+002
          6932  6.87294e+002  6.93200e+003 -7.99476e+001  7.05773e-002  6.77667e+002
          6933  6.87376e+002  6.93300e+003 -7.99641e+001  7.04303e-002  6.77750e+002
          6934  6.87458e+002  6.93400e+003 -7.99812e+001  7.02761e-002  6.77833e+002
          6935  6.87540e+002  6.93500e+003 -7.99981e+001  7.00814e-002  6.77917e+002
          6936  6.87621e+002  6.93600e+003 -8.00133e+001  6.99236e-002  6.78000e+002
          6937  6.87713e+002  6.93700e+003 -8.00308e+001  6.97568e-002  6.78083e+002
          6938  6.87798e+002  6.93800e+003 -8.00495e+001  6.96002e-002  6.78167e+002
          6939  6.87883e+002  6.93900e+003 -8.00681e+001  6.94535e-002  6.78250e+002
          6940  6.87966e+002  6.94000e+003 -8.00863e+001  6.92878e-002  6.78333e+002
          6941  6.88044e+002  6.94100e+003 -8.01042e+001  6.90907e-002  6.78417e+002
          6942  6.88133e+002  6.94200e+003 -8.01210e+001  6.88994e-002  6.78500e+002
          6943  6.88209e+002  6.94300e+003 -8.01377e+001  6.87171e-002  6.78583e+002
          6944  6.88299e+002  6.94400e+003 -8.01552e+001  6.85597e-002  6.78667e+002
          6945  6.88381e+002  6.94500e+003 -8.01723e+001  6.84186e-002  6.78750e+002
          6946  6.88464e+002  6.94600e+003 -8.01902e+001  6.82699e-002  6.78833e+002
          6947  6.88539e+002  6.94700e+003 -8.02083e+001  6.80797e-002  6.78917e+002
          6948  6.88626e+002  6.94800e+003 -8.02268e+001  6.79206e-002  6.79000e+002
          6949  6.88710e+002  6.94900e+003 -8.02445e+001  6.77548e-002  6.79083e+002
          6950  6.88792e+002  6.95000e+003 -8.02615e+001  6.75992e-002  6.79167e+002
          6951  6.88874e+002  6.95100e+003 -8.02784e+001  6.74533e-002  6.79250e+002
          6952  6.88969e+002  6.95200e+003 -8.02957e+001  6.72873e-002  6.79333e+002
          6953  6.89049e+002  6.95300e+003 -8.03118e+001  6.70904e-002  6.79417e+002
          6954  6.89125e+002  6.95400e+003 -8.03280e+001  6.68992e-002  6.79500e+002
          6955  6.89216e+002  6.95500e+003 -8.03452e+001  6.67170e-002  6.79583e+002
          6956  6.89293e+002  6.95600e+003 -8.03614e+001  6.65597e-002  6.79667e+002
          6957  6.89375e+002  6.95700e+003 -8.03774e+001  6.64185e-002  6.79750e+002
          6958  6.89461e+002  6.95800e+003 -8.03938e+001  6.62699e-002  6.79833e+002
          6959  6.89540e+002  6.95900e+003 -8.04100e+001  6.60797e-002  6.79917e+002
          6960  6.89625e+002  6.96000e+003 -8.04220e+001  6.59206e-002  6.80000e+002
          6961  6.89706e+002  6.96100e+003 -8.04354e+001  6.57547e-002  6.80083e+002
          6962  6.89791e+002  6.96200e+003 -8.04499e+001  6.55992e-002  6.80167e+002
          6963  6.89875e+002  6.96300e+003 -8.04664e+001  6.54533e-002  6.80250e+002
          6964  6.89958e+002  6.96400e+003 -8.04799e+001  6.52873e-002  6.80333e+002
          6965  6.90043e+002  6.96500e+003 -8.04953e+001  6.50904e-002  6.80417e+002
          6966  6.90128e+002  6.96600e+003 -8.05122e+001  6.48992e-002  6.80500e+002
          6967  6.90216e+002  6.96700e+003 -8.05283e+001  6.47170e-002  6.80583e+002
          6968  6.90289e+002  6.96800e+003 -8.05429e+001  6.44485e-002  6.80667e+002
          6969  6.90372e+002  6.96900e+003 -8.05571e+001  6.41963e-002  6.80750e+002
          6970  6.90462e+002  6.97000e+003 -8.05711e+001  6.39643e-002  6.80833e+002
          6971  6.90547e+002  6.97100e+003 -8.05856e+001  6.37463e-002  6.80917e+002
          6972  6.90620e+002  6.97200e+003 -8.06018e+001  6.35093e-002  6.81000e+002
          6973  6.90708e+002  6.97300e+003 -8.06169e+001  6.33363e-002  6.81083e+002
          6974  6.90789e+002  6.97400e+003 -8.06331e+001  6.31721e-002  6.81167e+002
          6975  6.90869e+002  6.97500e+003 -8.06501e+001  6.29718e-002  6.81250e+002
          6976  6.90958e+002  6.97600e+003 -8.06642e+001  6.28668e-002  6.81333e+002
          6977  6.91042e+002  6.97700e+003 -8.06804e+001  6.27196e-002  6.81417e+002
          6978  6.91121e+002  6.97800e+003 -8.06967e+001  6.25760e-002  6.81500e+002
          6979  6.91208e+002  6.97900e+003 -8.07126e+001  6.24413e-002  6.81583e+002
          6980  6.91290e+002  6.98000e+003 -8.07310e+001  6.23032e-002  6.81667e+002
          6981  6.91377e+002  6.98100e+003 -8.07482e+001  6.21728e-002  6.81750e+002
          6982  6.91457e+002  6.98200e+003 -8.07658e+001  6.20009e-002  6.81833e+002
          6983  6.91543e+002  6.98300e+003 -8.07830e+001  6.18268e-002  6.81917e+002
          6984  6.91628e+002  6.98400e+003 -8.08022e+001  6.16958e-002  6.82000e+002
          6985  6.91710e+002  6.98500e+003 -8.08195e+001  6.15581e-002  6.82083e+002
          6986  6.91792e+002  6.98600e+003 -8.08362e+001  6.14307e-002  6.82167e+002
          6987  6.91881e+002  6.98700e+003 -8.08527e+001  6.13141e-002  6.82250e+002
          6988  6.91953e+002  6.98800e+003 -8.08675e+001  6.12257e-002  6.82333e+002
          6989  6.92039e+002  6.98900e+003 -8.08832e+001  6.11217e-002  6.82417e+002
          6990  6.92123e+002  6.99000e+003 -8.08988e+001  6.09694e-002  6.82500e+002
          6991  6.92207e+002  6.99100e+003 -8.09153e+001  6.08127e-002  6.82583e+002
          6992  6.92285e+002  6.99200e+003 -8.09295e+001  6.06799e-002  6.82667e+002
          6993  6.92382e+002  6.99300e+003 -8.09435e+001  6.05475e-002  6.82750e+002
          6994  6.92452e+002  6.99400e+003 -8.09569e+001  6.04251e-002  6.82833e+002
          6995  6.92538e+002  6.99500e+003 -8.09708e+001  6.03125e-002  6.82917e+002
          6996  6.92621e+002  6.99600e+003 -8.09840e+001  6.02230e-002  6.83000e+002
          6997  6.92695e+002  6.99700e+003 -8.09972e+001  6.01199e-002  6.83083e+002
          6998  6.92788e+002  6.99800e+003 -8.10099e+001  5.99685e-002  6.83167e+002
          6999  6.92871e+002  6.99900e+003 -8.10221e+001  5.98125e-002  6.83250e+002
          7000  6.92954e+002  7.00000e+003 -8.10327e+001  5.96795e-002  6.83333e+002
          7001  6.93040e+002  7.00100e+003 -8.10431e+001  5.95472e-002  6.83417e+002
          7002  6.93126e+002  7.00200e+003 -8.10529e+001  5.94250e-002  6.83500e+002
          7003  6.93208e+002  7.00300e+003 -8.10631e+001  5.93125e-002  6.83583e+002
          7004  6.93291e+002  7.00400e+003 -8.10733e+001  5.92229e-002  6.83667e+002
          7005  6.93373e+002  7.00500e+003 -8.10865e+001  5.91476e-002  6.83750e+002
          7006  6.93455e+002  7.00600e+003 -8.10996e+001  5.90588e-002  6.83833e+002
          7007  6.93540e+002  7.00700e+003 -8.11123e+001  5.89236e-002  6.83917e+002
          7008  6.93619e+002  7.00800e+003 -8.11238e+001  5.88097e-002  6.84000e+002
          7009  6.93712e+002  7.00900e+003 -8.11355e+001  5.86814e-002  6.84083e+002
          7010  6.93788e+002  7.01000e+003 -8.11471e+001  5.85561e-002  6.84167e+002
          7011  6.93874e+002  7.01100e+003 -8.11593e+001  5.84360e-002  6.84250e+002
          7012  6.93966e+002  7.01200e+003 -8.11776e+001  5.82934e-002  6.84333e+002
          7013  6.94046e+002  7.01300e+003 -8.11929e+001  5.81939e-002  6.84417e+002
          7014  6.94130e+002  7.01400e+003 -8.12071e+001  5.81157e-002  6.84500e+002
          7015  6.94209e+002  7.01500e+003 -8.12201e+001  5.80484e-002  6.84583e+002
          7016  6.94297e+002  7.01600e+003 -8.12316e+001  5.79471e-002  6.84667e+002
          7017  6.94379e+002  7.01700e+003 -8.12441e+001  5.78168e-002  6.84750e+002
          7018  6.94469e+002  7.01800e+003 -8.12568e+001  5.76869e-002  6.84833e+002
          7019  6.94547e+002  7.01900e+003 -8.12700e+001  5.75609e-002  6.84917e+002
          7020  6.94627e+002  7.02000e+003 -8.12832e+001  5.73649e-002  6.85000e+002
          7021  6.94715e+002  7.02100e+003 -8.12950e+001  5.72406e-002  6.85083e+002
          7022  6.94792e+002  7.02200e+003 -8.13076e+001  5.71451e-002  6.85167e+002
          7023  6.94875e+002  7.02300e+003 -8.13201e+001  5.70623e-002  6.85250e+002
          7024  6.94964e+002  7.02400e+003 -8.13288e+001  5.70454e-002  6.85333e+002
          7025  6.95047e+002  7.02500e+003 -8.13393e+001  5.69309e-002  6.85417e+002
          7026  6.95132e+002  7.02600e+003 -8.13501e+001  5.68015e-002  6.85500e+002
          7027  6.95213e+002  7.02700e+003 -8.13615e+001  5.66736e-002  6.85583e+002
          7028  6.95297e+002  7.02800e+003 -8.13737e+001  5.65103e-002  6.85667e+002
          7029  6.95382e+002  7.02900e+003 -8.13847e+001  5.63856e-002  6.85750e+002
          7030  6.95465e+002  7.03000e+003 -8.13967e+001  5.62804e-002  6.85833e+002
          7031  6.95547e+002  7.03100e+003 -8.14088e+001  5.61860e-002  6.85917e+002
          7032  6.95630e+002  7.03200e+003 -8.14185e+001  5.60347e-002  6.86000e+002
          7033  6.95706e+002  7.03300e+003 -8.14281e+001  5.58745e-002  6.86083e+002
          7034  6.95804e+002  7.03400e+003 -8.14374e+001  5.57219e-002  6.86167e+002
          7035  6.95882e+002  7.03500e+003 -8.14475e+001  5.55762e-002  6.86250e+002
          7036  6.95965e+002  7.03600e+003 -8.14566e+001  5.52715e-002  6.86333e+002
          7037  6.96045e+002  7.03700e+003 -8.14668e+001  5.50302e-002  6.86417e+002
          7038  6.96129e+002  7.03800e+003 -8.14768e+001  5.48179e-002  6.86500e+002
          7039  6.96209e+002  7.03900e+003 -8.14862e+001  5.46196e-002  6.86583e+002
          7040  6.96295e+002  7.04000e+003 -8.14950e+001  5.44312e-002  6.86667e+002
          7041  6.96380e+002  7.04100e+003 -8.15061e+001  5.42848e-002  6.86750e+002
          7042  6.96462e+002  7.04200e+003 -8.15171e+001  5.41683e-002  6.86833e+002
          7043  6.96549e+002  7.04300e+003 -8.15278e+001  5.40688e-002  6.86917e+002
          7044  6.96635e+002  7.04400e+003 -8.15389e+001  5.40847e-002  6.87000e+002
          7045  6.96715e+002  7.04500e+003 -8.15490e+001  5.40567e-002  6.87083e+002
          7046  6.96805e+002  7.04600e+003 -8.15578e+001  5.40015e-002  6.87167e+002
          7047  6.96884e+002  7.04700e+003 -8.15654e+001  5.38965e-002  6.87250e+002
          7048  6.96970e+002  7.04800e+003 -8.15754e+001  5.37806e-002  6.87333e+002
          7049  6.97045e+002  7.04900e+003 -8.15851e+001  5.36620e-002  6.87417e+002
          7050  6.97124e+002  7.05000e+003 -8.15948e+001  5.35459e-002  6.87500e+002
          7051  6.97216e+002  7.05100e+003 -8.16047e+001  5.34329e-002  6.87583e+002
          7052  6.97302e+002  7.05200e+003 -8.16138e+001  5.32883e-002  6.87667e+002
          7053  6.97388e+002  7.05300e+003 -8.16240e+001  5.31904e-002  6.87750e+002
          7054  6.97473e+002  7.05400e+003 -8.16330e+001  5.31140e-002  6.87833e+002
          7055  6.97560e+002  7.05500e+003 -8.16415e+001  5.30481e-002  6.87917e+002
          7056  6.97643e+002  7.05600e+003 -8.16499e+001  5.30574e-002  6.88000e+002
          7057  6.97728e+002  7.05700e+003 -8.16588e+001  5.30384e-002  6.88083e+002
          7058  6.97806e+002  7.05800e+003 -8.16688e+001  5.30199e-002  6.88167e+002
          7059  6.97895e+002  7.05900e+003 -8.16787e+001  5.30053e-002  6.88250e+002
          7060  6.97972e+002  7.06000e+003 -8.16886e+001  5.28987e-002  6.88333e+002
          7061  6.98052e+002  7.06100e+003 -8.16973e+001  5.27845e-002  6.88417e+002
          7062  6.98139e+002  7.06200e+003 -8.17059e+001  5.26699e-002  6.88500e+002
          7063  6.98221e+002  7.06300e+003 -8.17146e+001  5.25561e-002  6.88583e+002
          7064  6.98304e+002  7.06400e+003 -8.17222e+001  5.23565e-002  6.88667e+002
          7065  6.98394e+002  7.06500e+003 -8.17310e+001  5.22349e-002  6.88750e+002
          7066  6.98468e+002  7.06600e+003 -8.17401e+001  5.21423e-002  6.88833e+002
          7067  6.98552e+002  7.06700e+003 -8.17498e+001  5.20618e-002  6.88917e+002
          7068  6.98630e+002  7.06800e+003 -8.17586e+001  5.20718e-002  6.89000e+002
          7069  6.98714e+002  7.06900e+003 -8.17664e+001  5.20480e-002  6.89083e+002
          7070  6.98802e+002  7.07000e+003 -8.17754e+001  5.20251e-002  6.89167e+002
          7071  6.98891e+002  7.07100e+003 -8.17855e+001  5.20069e-002  6.89250e+002
          7072  6.98974e+002  7.07200e+003 -8.17961e+001  5.19846e-002  6.89333e+002
          7073  6.99054e+002  7.07300e+003 -8.18055e+001  5.18904e-002  6.89417e+002
          7074  6.99138e+002  7.07400e+003 -8.18143e+001  5.17801e-002  6.89500e+002
          7075  6.99220e+002  7.07500e+003 -8.18229e+001  5.16674e-002  6.89583e+002
          7076  6.99297e+002  7.07600e+003 -8.18308e+001  5.14997e-002  6.89667e+002
          7077  6.99386e+002  7.07700e+003 -8.18387e+001  5.13784e-002  6.89750e+002
          7078  6.99478e+002  7.07800e+003 -8.18472e+001  5.12769e-002  6.89833e+002
          7079  6.99553e+002  7.07900e+003 -8.18558e+001  5.11853e-002  6.89917e+002
          7080  6.99634e+002  7.08000e+003 -8.18632e+001  5.11441e-002  6.90000e+002
          7081  6.99716e+002  7.08100e+003 -8.18716e+001  5.10956e-002  6.90083e+002
          7082  6.99807e+002  7.08200e+003 -8.18810e+001  5.10547e-002  6.90167e+002
          7083  6.99885e+002  7.08300e+003 -8.18907e+001  5.10206e-002  6.90250e+002
          7084  6.99977e+002  7.08400e+003 -8.18969e+001  5.10274e-002  6.90333e+002
          7085  7.00064e+002  7.08500e+003 -8.19028e+001  5.09907e-002  6.90417e+002
          7086  7.00148e+002  7.08600e+003 -8.19093e+001  5.08913e-002  6.90500e+002
          7087  7.00228e+002  7.08700e+003 -8.19167e+001  5.07801e-002  6.90583e+002
          7088  7.00308e+002  7.08800e+003 -8.19236e+001  5.06406e-002  6.90667e+002
          7089  7.00399e+002  7.08900e+003 -8.19290e+001  5.05211e-002  6.90750e+002
          7090  7.00472e+002  7.09000e+003 -8.19346e+001  5.04115e-002  6.90833e+002
          7091  7.00564e+002  7.09100e+003 -8.19404e+001  5.03089e-002  6.90917e+002
          7092  7.00649e+002  7.09200e+003 -8.19441e+001  5.02163e-002  6.91000e+002
          7093  7.00733e+002  7.09300e+003 -8.19491e+001  5.01431e-002  6.91083e+002
          7094  7.00819e+002  7.09400e+003 -8.19553e+001  5.00844e-002  6.91167e+002
          7095  7.00894e+002  7.09500e+003 -8.19627e+001  5.00343e-002  6.91250e+002
          7096  7.00978e+002  7.09600e+003 -8.19646e+001  5.00424e-002  6.91333e+002
          7097  7.01063e+002  7.09700e+003 -8.19664e+001  5.00284e-002  6.91417e+002
          7098  7.01147e+002  7.09800e+003 -8.19687e+001  4.99869e-002  6.91500e+002
          7099  7.01232e+002  7.09900e+003 -8.19722e+001  4.98927e-002  6.91583e+002
          7100  7.01306e+002  7.10000e+003 -8.19761e+001  4.97734e-002  6.91667e+002
          7101  7.01396e+002  7.10100e+003 -8.19786e+001  4.96571e-002  6.91750e+002
          7102  7.01476e+002  7.10200e+003 -8.19811e+001  4.95435e-002  6.91833e+002
          7103  7.01558e+002  7.10300e+003 -8.19843e+001  4.94325e-002  6.91917e+002
          7104  7.01654e+002  7.10400e+003 -8.19859e+001  4.91761e-002  6.92000e+002
          7105  7.01734e+002  7.10500e+003 -8.19888e+001  4.89674e-002  6.92083e+002
          7106  7.01813e+002  7.10600e+003 -8.19931e+001  4.87803e-002  6.92167e+002
          7107  7.01906e+002  7.10700e+003 -8.19975e+001  4.86036e-002  6.92250e+002
          7108  7.01976e+002  7.10800e+003 -8.20029e+001  4.84122e-002  6.92333e+002
          7109  7.02063e+002  7.10900e+003 -8.20090e+001  4.82721e-002  6.92417e+002
          7110  7.02147e+002  7.11000e+003 -8.20155e+001  4.81617e-002  6.92500e+002
          7111  7.02223e+002  7.11100e+003 -8.20222e+001  4.80671e-002  6.92583e+002
          7112  7.02310e+002  7.11200e+003 -8.20283e+001  4.80814e-002  6.92667e+002
          7113  7.02398e+002  7.11300e+003 -8.20331e+001  4.80545e-002  6.92750e+002
          7114  7.02477e+002  7.11400e+003 -8.20378e+001  4.80282e-002  6.92833e+002
          7115  7.02559e+002  7.11500e+003 -8.20424e+001  4.80075e-002  6.92917e+002
          7116  7.02645e+002  7.11600e+003 -8.20480e+001  4.80139e-002  6.93000e+002
          7117  7.02733e+002  7.11700e+003 -8.20536e+001  4.80095e-002  6.93083e+002
          7118  7.02805e+002  7.11800e+003 -8.20594e+001  4.80046e-002  6.93167e+002
          7119  7.02888e+002  7.11900e+003 -8.20648e+001  4.80008e-002  6.93250e+002
          7120  7.02982e+002  7.12000e+003 -8.20668e+001  4.80022e-002  6.93333e+002
          7121  7.03071e+002  7.12100e+003 -8.20714e+001  4.79738e-002  6.93417e+002
          7122  7.03146e+002  7.12200e+003 -8.20768e+001  4.78826e-002  6.93500e+002
          7123  7.03236e+002  7.12300e+003 -8.20817e+001  4.77779e-002  6.93583e+002
          7124  7.03319e+002  7.12400e+003 -8.20872e+001  4.76363e-002  6.93667e+002
          7125  7.03406e+002  7.12500e+003 -8.20929e+001  4.75182e-002  6.93750e+002
          7126  7.03490e+002  7.12600e+003 -8.20980e+001  4.74101e-002  6.93833e+002
          7127  7.03572e+002  7.12700e+003 -8.21025e+001  4.73086e-002  6.93917e+002
          7128  7.03651e+002  7.12800e+003 -8.21075e+001  4.72156e-002  6.94000e+002
          7129  7.03736e+002  7.12900e+003 -8.21108e+001  4.71426e-002  6.94083e+002
          7130  7.03821e+002  7.13000e+003 -8.21131e+001  4.70841e-002  6.94167e+002
          7131  7.03909e+002  7.13100e+003 -8.21155e+001  4.70343e-002  6.94250e+002
          7132  7.03989e+002  7.13200e+003 -8.21201e+001  4.70423e-002  6.94333e+002
          7133  7.04069e+002  7.13300e+003 -8.21246e+001  4.70284e-002  6.94417e+002
          7134  7.04155e+002  7.13400e+003 -8.21283e+001  4.70146e-002  6.94500e+002
          7135  7.04241e+002  7.13500e+003 -8.21318e+001  4.70038e-002  6.94583e+002
          7136  7.04328e+002  7.13600e+003 -8.21334e+001  4.70072e-002  6.94667e+002
          7137  7.04413e+002  7.13700e+003 -8.21364e+001  4.70049e-002  6.94750e+002
          7138  7.04493e+002  7.13800e+003 -8.21385e+001  4.70024e-002  6.94833e+002
          7139  7.04579e+002  7.13900e+003 -8.21412e+001  4.70004e-002  6.94917e+002
          7140  7.04660e+002  7.14000e+003 -8.21476e+001  4.70011e-002  6.95000e+002
          7141  7.04741e+002  7.14100e+003 -8.21518e+001  4.69730e-002  6.95083e+002
          7142  7.04824e+002  7.14200e+003 -8.21556e+001  4.68823e-002  6.95167e+002
          7143  7.04905e+002  7.14300e+003 -8.21594e+001  4.67778e-002  6.95250e+002
          7144  7.04987e+002  7.14400e+003 -8.21622e+001  4.66362e-002  6.95333e+002
          7145  7.05071e+002  7.14500e+003 -8.21650e+001  4.65181e-002  6.95417e+002
          7146  7.05162e+002  7.14600e+003 -8.21670e+001  4.64100e-002  6.95500e+002
          7147  7.05248e+002  7.14700e+003 -8.21691e+001  4.63086e-002  6.95583e+002
          7148  7.05331e+002  7.14800e+003 -8.21748e+001  4.62156e-002  6.95667e+002
          7149  7.05411e+002  7.14900e+003 -8.21790e+001  4.61426e-002  6.95750e+002
          7150  7.05494e+002  7.15000e+003 -8.21825e+001  4.60841e-002  6.95833e+002
          7151  7.05576e+002  7.15100e+003 -8.21858e+001  4.60343e-002  6.95917e+002
          7152  7.05666e+002  7.15200e+003 -8.21891e+001  4.60423e-002  6.96000e+002
          7153  7.05750e+002  7.15300e+003 -8.21927e+001  4.60284e-002  6.96083e+002
          7154  7.05838e+002  7.15400e+003 -8.21960e+001  4.60146e-002  6.96167e+002
          7155  7.05919e+002  7.15500e+003 -8.21986e+001  4.60038e-002  6.96250e+002
          7156  7.06001e+002  7.15600e+003 -8.22036e+001  4.60072e-002  6.96333e+002
          7157  7.06082e+002  7.15700e+003 -8.22074e+001  4.60049e-002  6.96417e+002
          7158  7.06170e+002  7.15800e+003 -8.22101e+001  4.60024e-002  6.96500e+002
          7159  7.06256e+002  7.15900e+003 -8.22117e+001  4.60004e-002  6.96583e+002
          7160  7.06343e+002  7.16000e+003 -8.22134e+001  4.60011e-002  6.96667e+002
          7161  7.06425e+002  7.16100e+003 -8.22162e+001  4.60008e-002  6.96750e+002
          7162  7.06504e+002  7.16200e+003 -8.22191e+001  4.60004e-002  6.96833e+002
          7163  7.06592e+002  7.16300e+003 -8.22227e+001  4.60000e-002  6.96917e+002
          7164  7.06673e+002  7.16400e+003 -8.22242e+001  4.60002e-002  6.97000e+002
          7165  7.06756e+002  7.16500e+003 -8.22270e+001  4.60001e-002  6.97083e+002
          7166  7.06840e+002  7.16600e+003 -8.22302e+001  4.59723e-002  6.97167e+002
          7167  7.06927e+002  7.16700e+003 -8.22345e+001  4.58889e-002  6.97250e+002
          7168  7.07012e+002  7.16800e+003 -8.22378e+001  4.57385e-002  6.97333e+002
          7169  7.07102e+002  7.16900e+003 -8.22410e+001  4.55342e-002  6.97417e+002
          7170  7.07176e+002  7.17000e+003 -8.22446e+001  4.53172e-002  6.97500e+002
          7171  7.07268e+002  7.17100e+003 -8.22483e+001  4.50988e-002  6.97583e+002
          7172  7.07348e+002  7.17200e+003 -8.22544e+001  4.47838e-002  6.97667e+002
          7173  7.07434e+002  7.17300e+003 -8.22584e+001  4.45658e-002  6.97750e+002
          7174  7.07510e+002  7.17400e+003 -8.22616e+001  4.43895e-002  6.97833e+002
          7175  7.07601e+002  7.17500e+003 -8.22640e+001  4.42332e-002  6.97917e+002
          7176  7.07681e+002  7.17600e+003 -8.22651e+001  4.42009e-002  6.98000e+002
          7177  7.07759e+002  7.17700e+003 -8.22670e+001  4.41336e-002  6.98083e+002
          7178  7.07841e+002  7.17800e+003 -8.22692e+001  4.40745e-002  6.98167e+002
          7179  7.07931e+002  7.17900e+003 -8.22711e+001  4.40259e-002  6.98250e+002
          7180  7.08015e+002  7.18000e+003 -8.22703e+001  4.40371e-002  6.98333e+002
          7181  7.08102e+002  7.18100e+003 -8.22701e+001  4.40251e-002  6.98417e+002
          7182  7.08178e+002  7.18200e+003 -8.22690e+001  4.40126e-002  6.98500e+002
          7183  7.08265e+002  7.18300e+003 -8.22690e+001  4.40029e-002  6.98583e+002
          7184  7.08344e+002  7.18400e+003 -8.22674e+001  4.40062e-002  6.98667e+002
          7185  7.08433e+002  7.18500e+003 -8.22673e+001  4.40042e-002  6.98750e+002
          7186  7.08519e+002  7.18600e+003 -8.22663e+001  4.40020e-002  6.98833e+002
          7187  7.08599e+002  7.18700e+003 -8.22659e+001  4.40003e-002  6.98917e+002
          7188  7.08678e+002  7.18800e+003 -8.22649e+001  4.40010e-002  6.99000e+002
          7189  7.08768e+002  7.18900e+003 -8.22639e+001  4.40007e-002  6.99083e+002
          7190  7.08860e+002  7.19000e+003 -8.22628e+001  4.40003e-002  6.99167e+002
          7191  7.08943e+002  7.19100e+003 -8.22618e+001  4.40000e-002  6.99250e+002
          7192  7.09023e+002  7.19200e+003 -8.22626e+001  4.40001e-002  6.99333e+002
          7193  7.09096e+002  7.19300e+003 -8.22631e+001  4.40001e-002  6.99417e+002
          7194  7.09187e+002  7.19400e+003 -8.22637e+001  4.40000e-002  6.99500e+002
          7195  7.09277e+002  7.19500e+003 -8.22648e+001  4.40000e-002  6.99583e+002
          7196  7.09357e+002  7.19600e+003 -8.22648e+001  4.40000e-002  6.99667e+002
          7197  7.09437e+002  7.19700e+003 -8.22647e+001  4.40000e-002  6.99750e+002
          7198  7.09524e+002  7.19800e+003 -8.22650e+001  4.39722e-002  6.99833e+002
          7199  7.09610e+002  7.19900e+003 -8.22655e+001  4.38889e-002  6.99917e+002
          7200  7.09689e+002  7.20000e+003 -8.22688e+001  4.37662e-002  7.00000e+002
          7201  7.09772e+002  7.20100e+003 -8.22709e+001  4.36522e-002  7.00083e+002
          7202  7.09848e+002  7.20200e+003 -8.22723e+001  4.35411e-002  7.00167e+002
          7203  7.09941e+002  7.20300e+003 -8.22745e+001  4.34321e-002  7.00250e+002
          7204  7.10021e+002  7.20400e+003 -8.22758e+001  4.32860e-002  7.00333e+002
          7205  7.10103e+002  7.20500e+003 -8.22760e+001  4.31888e-002  7.00417e+002
          7206  7.10190e+002  7.20600e+003 -8.22763e+001  4.31133e-002  7.00500e+002
          7207  7.10280e+002  7.20700e+003 -8.22767e+001  4.30480e-002  7.00583e+002
          7208  7.10358e+002  7.20800e+003 -8.22762e+001  4.30571e-002  7.00667e+002
          7209  7.10446e+002  7.20900e+003 -8.22760e+001  4.30382e-002  7.00750e+002
          7210  7.10524e+002  7.21000e+003 -8.22758e+001  4.30198e-002  7.00833e+002
          7211  7.10606e+002  7.21100e+003 -8.22767e+001  4.30053e-002  7.00917e+002
          7212  7.10695e+002  7.21200e+003 -8.22754e+001  4.30098e-002  7.01000e+002
          7213  7.10781e+002  7.21300e+003 -8.22751e+001  4.30067e-002  7.01083e+002
          7214  7.10865e+002  7.21400e+003 -8.22752e+001  4.30032e-002  7.01167e+002
          7215  7.10946e+002  7.21500e+003 -8.22747e+001  4.30006e-002  7.01250e+002
          7216  7.11029e+002  7.21600e+003 -8.22745e+001  4.30016e-002  7.01333e+002
          7217  7.11114e+002  7.21700e+003 -8.22748e+001  4.30011e-002  7.01417e+002
          7218  7.11190e+002  7.21800e+003 -8.22764e+001  4.30005e-002  7.01500e+002
          7219  7.11286e+002  7.21900e+003 -8.22785e+001  4.30001e-002  7.01583e+002
          7220  7.11362e+002  7.22000e+003 -8.22829e+001  4.30002e-002  7.01667e+002
          7221  7.11452e+002  7.22100e+003 -8.22844e+001  4.30002e-002  7.01750e+002
          7222  7.11536e+002  7.22200e+003 -8.22839e+001  4.30001e-002  7.01833e+002
          7223  7.11624e+002  7.22300e+003 -8.22842e+001  4.30000e-002  7.01917e+002
          7224  7.11700e+002  7.22400e+003 -8.22854e+001  4.30000e-002  7.02000e+002
          7225  7.11788e+002  7.22500e+003 -8.22863e+001  4.30000e-002  7.02083e+002
          7226  7.11868e+002  7.22600e+003 -8.22867e+001  4.30000e-002  7.02167e+002
          7227  7.11955e+002  7.22700e+003 -8.22869e+001  4.30000e-002  7.02250e+002
          7228  7.12036e+002  7.22800e+003 -8.22865e+001  4.30000e-002  7.02333e+002
          7229  7.12116e+002  7.22900e+003 -8.22869e+001  4.30000e-002  7.02417e+002
          7230  7.12206e+002  7.23000e+003 -8.22866e+001  4.30000e-002  7.02500e+002
          7231  7.12292e+002  7.23100e+003 -8.22841e+001  4.30000e-002  7.02583e+002
          7232  7.12376e+002  7.23200e+003 -8.22807e+001  4.30000e-002  7.02667e+002
          7233  7.12455e+002  7.23300e+003 -8.22781e+001  4.30000e-002  7.02750e+002
          7234  7.12543e+002  7.23400e+003 -8.22760e+001  4.30000e-002  7.02833e+002
          7235  7.12624e+002  7.23500e+003 -8.22756e+001  4.30000e-002  7.02917e+002
          7236  7.12706e+002  7.23600e+003 -8.22730e+001  4.28889e-002  7.03000e+002
          7237  7.12800e+002  7.23700e+003 -8.22712e+001  4.27500e-002  7.03083e+002
          7238  7.12880e+002  7.23800e+003 -8.22690e+001  4.25486e-002  7.03167e+002
          7239  7.12965e+002  7.23900e+003 -8.22670e+001  4.23333e-002  7.03250e+002
          7240  7.13054e+002  7.24000e+003 -8.22624e+001  4.19909e-002  7.03333e+002
          7241  7.13134e+002  7.24100e+003 -8.22602e+001  4.17518e-002  7.03417e+002
          7242  7.13219e+002  7.24200e+003 -8.22601e+001  4.15518e-002  7.03500e+002
          7243  7.13303e+002  7.24300e+003 -8.22621e+001  4.13704e-002  7.03583e+002
          7244  7.13384e+002  7.24400e+003 -8.22665e+001  4.12871e-002  7.03667e+002
          7245  7.13462e+002  7.24500e+003 -8.22680e+001  4.11904e-002  7.03750e+002
          7246  7.13547e+002  7.24600e+003 -8.22683e+001  4.11091e-002  7.03833e+002
          7247  7.13641e+002  7.24700e+003 -8.22683e+001  4.10412e-002  7.03917e+002
          7248  7.13719e+002  7.24800e+003 -8.22676e+001  4.10546e-002  7.04000e+002
          7249  7.13808e+002  7.24900e+003 -8.22686e+001  4.10368e-002  7.04083e+002
          7250  7.13895e+002  7.25000e+003 -8.22698e+001  4.10187e-002  7.04167e+002
          7251  7.13971e+002  7.25100e+003 -8.22702e+001  4.10046e-002  7.04250e+002
          7252  7.14053e+002  7.25200e+003 -8.22753e+001  4.10092e-002  7.04333e+002
          7253  7.14137e+002  7.25300e+003 -8.22767e+001  4.10063e-002  7.04417e+002
          7254  7.14219e+002  7.25400e+003 -8.22767e+001  4.10030e-002  7.04500e+002
          7255  7.14300e+002  7.25500e+003 -8.22771e+001  4.10005e-002  7.04583e+002
          7256  7.14385e+002  7.25600e+003 -8.22740e+001  4.10015e-002  7.04667e+002
          7257  7.14472e+002  7.25700e+003 -8.22729e+001  4.10010e-002  7.04750e+002
          7258  7.14552e+002  7.25800e+003 -8.22718e+001  4.10005e-002  7.04833e+002
          7259  7.14643e+002  7.25900e+003 -8.22699e+001  4.10001e-002  7.04917e+002
          7260  7.14724e+002  7.26000e+003 -8.22664e+001  4.10002e-002  7.05000e+002
          7261  7.14804e+002  7.26100e+003 -8.22630e+001  4.10002e-002  7.05083e+002
          7262  7.14891e+002  7.26200e+003 -8.22602e+001  4.10001e-002  7.05167e+002
          7263  7.14970e+002  7.26300e+003 -8.22571e+001  4.10000e-002  7.05250e+002
          7264  7.15052e+002  7.26400e+003 -8.22522e+001  4.10000e-002  7.05333e+002
          7265  7.15150e+002  7.26500e+003 -8.22487e+001  4.10000e-002  7.05417e+002
          7266  7.15232e+002  7.26600e+003 -8.22453e+001  4.10000e-002  7.05500e+002
          7267  7.15314e+002  7.26700e+003 -8.22421e+001  4.10000e-002  7.05583e+002
          7268  7.15401e+002  7.26800e+003 -8.22369e+001  4.10000e-002  7.05667e+002
          7269  7.15486e+002  7.26900e+003 -8.22325e+001  4.10000e-002  7.05750e+002
          7270  7.15572e+002  7.27000e+003 -8.22283e+001  4.10000e-002  7.05833e+002
          7271  7.15652e+002  7.27100e+003 -8.22251e+001  4.10000e-002  7.05917e+002
          7272  7.15737e+002  7.27200e+003 -8.22234e+001  4.10000e-002  7.06000e+002
          7273  7.15815e+002  7.27300e+003 -8.22202e+001  4.10000e-002  7.06083e+002
          7274  7.15905e+002  7.27400e+003 -8.22173e+001  4.10000e-002  7.06167e+002
          7275  7.15982e+002  7.27500e+003 -8.22148e+001  4.10000e-002  7.06250e+002
          7276  7.16073e+002  7.27600e+003 -8.22143e+001  4.10000e-002  7.06333e+002
          7277  7.16154e+002  7.27700e+003 -8.22147e+001  4.10000e-002  7.06417e+002
          7278  7.16245e+002  7.27800e+003 -8.22147e+001  4.10000e-002  7.06500e+002
          7279  7.16319e+002  7.27900e+003 -8.22149e+001  4.10000e-002  7.06583e+002
          7280  7.16405e+002  7.28000e+003 -8.22162e+001  4.10000e-002  7.06667e+002
          7281  7.16488e+002  7.28100e+003 -8.22156e+001  4.10000e-002  7.06750e+002
          7282  7.16569e+002  7.28200e+003 -8.22151e+001  4.10000e-002  7.06833e+002
          7283  7.16657e+002  7.28300e+003 -8.22150e+001  4.10000e-002  7.06917e+002
          7284  7.16749e+002  7.28400e+003 -8.22181e+001  4.10000e-002  7.07000e+002
          7285  7.16826e+002  7.28500e+003 -8.22191e+001  4.10000e-002  7.07083e+002
          7286  7.16907e+002  7.28600e+003 -8.22191e+001  4.10000e-002  7.07167e+002
          7287  7.16993e+002  7.28700e+003 -8.22197e+001  4.10000e-002  7.07250e+002
          7288  7.17072e+002  7.28800e+003 -8.22188e+001  4.10000e-002  7.07333e+002
          7289  7.17166e+002  7.28900e+003 -8.22178e+001  4.10000e-002  7.07417e+002
          7290  7.17245e+002  7.29000e+003 -8.22176e+001  4.10000e-002  7.07500e+002
          7291  7.17332e+002  7.29100e+003 -8.22174e+001  4.10000e-002  7.07583e+002
          7292  7.17414e+002  7.29200e+003 -8.22158e+001  4.10000e-002  7.07667e+002
          7293  7.17502e+002  7.29300e+003 -8.22150e+001  4.09722e-002  7.07750e+002
          7294  7.17589e+002  7.29400e+003 -8.22142e+001  4.08819e-002  7.07833e+002
          7295  7.17672e+002  7.29500e+003 -8.22132e+001  4.07778e-002  7.07917e+002
          7296  7.17743e+002  7.29600e+003 -8.22107e+001  4.06360e-002  7.08000e+002
          7297  7.17833e+002  7.29700e+003 -8.22076e+001  4.05180e-002  7.08083e+002
          7298  7.17923e+002  7.29800e+003 -8.22048e+001  4.04100e-002  7.08167e+002
          7299  7.18003e+002  7.29900e+003 -8.22019e+001  4.03086e-002  7.08250e+002
          7300  7.18085e+002  7.30000e+003 -8.21989e+001  4.02155e-002  7.08333e+002
          7301  7.18176e+002  7.30100e+003 -8.21953e+001  4.01425e-002  7.08417e+002
          7302  7.18252e+002  7.30200e+003 -8.21922e+001  4.00841e-002  7.08500e+002
          7303  7.18335e+002  7.30300e+003 -8.21906e+001  4.00343e-002  7.08583e+002
          7304  7.18415e+002  7.30400e+003 -8.21868e+001  4.00423e-002  7.08667e+002
          7305  7.18509e+002  7.30500e+003 -8.21836e+001  4.00284e-002  7.08750e+002
          7306  7.18592e+002  7.30600e+003 -8.21788e+001  4.00146e-002  7.08833e+002
          7307  7.18667e+002  7.30700e+003 -8.21729e+001  4.00038e-002  7.08917e+002
          7308  7.18759e+002  7.30800e+003 -8.21684e+001  4.00072e-002  7.09000e+002
          7309  7.18841e+002  7.30900e+003 -8.21639e+001  3.99771e-002  7.09083e+002
          7310  7.18933e+002  7.31000e+003 -8.21604e+001  3.98843e-002  7.09167e+002
          7311  7.19014e+002  7.31100e+003 -8.21576e+001  3.97782e-002  7.09250e+002
          7312  7.19091e+002  7.31200e+003 -8.21529e+001  3.96371e-002  7.09333e+002
          7313  7.19180e+002  7.31300e+003 -8.21480e+001  3.95188e-002  7.09417e+002
          7314  7.19265e+002  7.31400e+003 -8.21453e+001  3.94103e-002  7.09500e+002
          7315  7.19345e+002  7.31500e+003 -8.21436e+001  3.93087e-002  7.09583e+002
          7316  7.19433e+002  7.31600e+003 -8.21378e+001  3.92157e-002  7.09667e+002
          7317  7.19516e+002  7.31700e+003 -8.21350e+001  3.91427e-002  7.09750e+002
          7318  7.19604e+002  7.31800e+003 -8.21322e+001  3.90842e-002  7.09833e+002
          7319  7.19681e+002  7.31900e+003 -8.21305e+001  3.90343e-002  7.09917e+002
          7320  7.19769e+002  7.32000e+003 -8.21319e+001  3.90423e-002  7.10000e+002
          7321  7.19859e+002  7.32100e+003 -8.21295e+001  3.90284e-002  7.10083e+002
          7322  7.19941e+002  7.32200e+003 -8.21267e+001  3.90146e-002  7.10167e+002
          7323  7.20029e+002  7.32300e+003 -8.21235e+001  3.90038e-002  7.10250e+002
          7324  7.20106e+002  7.32400e+003 -8.21208e+001  3.90072e-002  7.10333e+002
          7325  7.20195e+002  7.32500e+003 -8.21166e+001  3.90049e-002  7.10417e+002
          7326  7.20276e+002  7.32600e+003 -8.21128e+001  3.90024e-002  7.10500e+002
          7327  7.20357e+002  7.32700e+003 -8.21080e+001  3.90004e-002  7.10583e+002
          7328  7.20442e+002  7.32800e+003 -8.20993e+001  3.90011e-002  7.10667e+002
          7329  7.20523e+002  7.32900e+003 -8.20927e+001  3.90008e-002  7.10750e+002
          7330  7.20611e+002  7.33000e+003 -8.20857e+001  3.90004e-002  7.10833e+002
          7331  7.20693e+002  7.33100e+003 -8.20781e+001  3.90000e-002  7.10917e+002
          7332  7.20779e+002  7.33200e+003 -8.20669e+001  3.90002e-002  7.11000e+002
          7333  7.20867e+002  7.33300e+003 -8.20592e+001  3.90001e-002  7.11083e+002
          7334  7.20942e+002  7.33400e+003 -8.20520e+001  3.90001e-002  7.11167e+002
          7335  7.21029e+002  7.33500e+003 -8.20447e+001  3.90000e-002  7.11250e+002
          7336  7.21123e+002  7.33600e+003 -8.20344e+001  3.90000e-002  7.11333e+002
          7337  7.21206e+002  7.33700e+003 -8.20267e+001  3.90000e-002  7.11417e+002
          7338  7.21280e+002  7.33800e+003 -8.20203e+001  3.90000e-002  7.11500e+002
          7339  7.21372e+002  7.33900e+003 -8.20131e+001  3.90000e-002  7.11583e+002
          7340  7.21454e+002  7.34000e+003 -8.20072e+001  3.90000e-002  7.11667e+002
          7341  7.21540e+002  7.34100e+003 -8.20011e+001  3.90000e-002  7.11750e+002
          7342  7.21621e+002  7.34200e+003 -8.19953e+001  3.90000e-002  7.11833e+002
          7343  7.21712e+002  7.34300e+003 -8.19894e+001  3.90000e-002  7.11917e+002
          7344  7.21787e+002  7.34400e+003 -8.19870e+001  3.90000e-002  7.12000e+002
          7345  7.21876e+002  7.34500e+003 -8.19827e+001  3.90000e-002  7.12083e+002
          7346  7.21954e+002  7.34600e+003 -8.19783e+001  3.90000e-002  7.12167e+002
          7347  7.22040e+002  7.34700e+003 -8.19744e+001  3.90000e-002  7.12250e+002
          7348  7.22128e+002  7.34800e+003 -8.19724e+001  3.90000e-002  7.12333e+002
          7349  7.22210e+002  7.34900e+003 -8.19693e+001  3.90000e-002  7.12417e+002
          7350  7.22290e+002  7.35000e+003 -8.19654e+001  3.90000e-002  7.12500e+002
          7351  7.22374e+002  7.35100e+003 -8.19614e+001  3.90000e-002  7.12583e+002
          7352  7.22459e+002  7.35200e+003 -8.19591e+001  3.90000e-002  7.12667e+002
          7353  7.22546e+002  7.35300e+003 -8.19564e+001  3.90000e-002  7.12750e+002
          7354  7.22624e+002  7.35400e+003 -8.19527e+001  3.90000e-002  7.12833e+002
          7355  7.22709e+002  7.35500e+003 -8.19483e+001  3.90000e-002  7.12917e+002
          7356  7.22796e+002  7.35600e+003 -8.19450e+001  3.90000e-002  7.13000e+002
          7357  7.22881e+002  7.35700e+003 -8.19417e+001  3.90000e-002  7.13083e+002
          7358  7.22966e+002  7.35800e+003 -8.19389e+001  3.90000e-002  7.13167e+002
          7359  7.23045e+002  7.35900e+003 -8.19360e+001  3.90000e-002  7.13250e+002
          7360  7.23132e+002  7.36000e+003 -8.19310e+001  3.90000e-002  7.13333e+002
          7361  7.23214e+002  7.36100e+003 -8.19270e+001  3.90000e-002  7.13417e+002
          7362  7.23299e+002  7.36200e+003 -8.19245e+001  3.90000e-002  7.13500e+002
          7363  7.23392e+002  7.36300e+003 -8.19224e+001  3.90000e-002  7.13583e+002
          7364  7.23477e+002  7.36400e+003 -8.19202e+001  3.90000e-002  7.13667e+002
          7365  7.23551e+002  7.36500e+003 -8.19174e+001  3.90000e-002  7.13750e+002
          7366  7.23629e+002  7.36600e+003 -8.19146e+001  3.90000e-002  7.13833e+002
          7367  7.23718e+002  7.36700e+003 -8.19115e+001  3.90000e-002  7.13917e+002
          7368  7.23805e+002  7.36800e+003 -8.19113e+001  3.90000e-002  7.14000e+002
          7369  7.23895e+002  7.36900e+003 -8.19096e+001  3.90000e-002  7.14083e+002
          7370  7.23969e+002  7.37000e+003 -8.19080e+001  3.90000e-002  7.14167e+002
          7371  7.24050e+002  7.37100e+003 -8.19058e+001  3.90000e-002  7.14250e+002
          7372  7.24140e+002  7.37200e+003 -8.19041e+001  3.90000e-002  7.14333e+002
          7373  7.24227e+002  7.37300e+003 -8.19018e+001  3.90000e-002  7.14417e+002
          7374  7.24311e+002  7.37400e+003 -8.18988e+001  3.90000e-002  7.14500e+002
          7375  7.24395e+002  7.37500e+003 -8.18952e+001  3.90000e-002  7.14583e+002
          7376  7.24477e+002  7.37600e+003 -8.18913e+001  3.90000e-002  7.14667e+002
          7377  7.24560e+002  7.37700e+003 -8.18873e+001  3.90000e-002  7.14750e+002
          7378  7.24645e+002  7.37800e+003 -8.18841e+001  3.90000e-002  7.14833e+002
          7379  7.24735e+002  7.37900e+003 -8.18815e+001  3.90000e-002  7.14917e+002
          7380  7.24816e+002  7.38000e+003 -8.18793e+001  3.90000e-002  7.15000e+002
          7381  7.24894e+002  7.38100e+003 -8.18776e+001  3.89722e-002  7.15083e+002
          7382  7.24996e+002  7.38200e+003 -8.18756e+001  3.88819e-002  7.15167e+002
          7383  7.25072e+002  7.38300e+003 -8.18740e+001  3.87778e-002  7.15250e+002
          7384  7.25149e+002  7.38400e+003 -8.18739e+001  3.85249e-002  7.15333e+002
          7385  7.25235e+002  7.38500e+003 -8.18732e+001  3.82958e-002  7.15417e+002
          7386  7.25320e+002  7.38600e+003 -8.18712e+001  3.80766e-002  7.15500e+002
          7387  7.25403e+002  7.38700e+003 -8.18694e+001  3.78642e-002  7.15583e+002
          7388  7.25489e+002  7.38800e+003 -8.18732e+001  3.75705e-002  7.15667e+002
          7389  7.25575e+002  7.38900e+003 -8.18732e+001  3.73763e-002  7.15750e+002
          7390  7.25648e+002  7.39000e+003 -8.18716e+001  3.72259e-002  7.15833e+002
          7391  7.25739e+002  7.39100e+003 -8.18693e+001  3.70960e-002  7.15917e+002
          7392  7.25820e+002  7.39200e+003 -8.18661e+001  3.71139e-002  7.16000e+002
          7393  7.25898e+002  7.39300e+003 -8.18650e+001  3.70762e-002  7.16083e+002
          7394  7.25986e+002  7.39400e+003 -8.18641e+001  3.70396e-002  7.16167e+002
          7395  7.26068e+002  7.39500e+003 -8.18630e+001  3.70107e-002  7.16250e+002
          7396  7.26152e+002  7.39600e+003 -8.18608e+001  3.70195e-002  7.16333e+002
          7397  7.26234e+002  7.39700e+003 -8.18598e+001  3.70133e-002  7.16417e+002
          7398  7.26319e+002  7.39800e+003 -8.18577e+001  3.70064e-002  7.16500e+002
          7399  7.26400e+002  7.39900e+003 -8.18554e+001  3.70012e-002  7.16583e+002
          7400  7.26491e+002  7.40000e+003 -8.18529e+001  3.70031e-002  7.16667e+002
          7401  7.26573e+002  7.40100e+003 -8.18491e+001  3.70022e-002  7.16750e+002
          7402  7.26654e+002  7.40200e+003 -8.18454e+001  3.70010e-002  7.16833e+002
          7403  7.26741e+002  7.40300e+003 -8.18426e+001  3.70001e-002  7.16917e+002
          7404  7.26824e+002  7.40400e+003 -8.18410e+001  3.70005e-002  7.17000e+002
          7405  7.26898e+002  7.40500e+003 -8.18386e+001  3.70003e-002  7.17083e+002
          7406  7.26986e+002  7.40600e+003 -8.18353e+001  3.70001e-002  7.17167e+002
          7407  7.27079e+002  7.40700e+003 -8.18318e+001  3.70000e-002  7.17250e+002
          7408  7.27168e+002  7.40800e+003 -8.18266e+001  3.70001e-002  7.17333e+002
          7409  7.27247e+002  7.40900e+003 -8.18244e+001  3.70000e-002  7.17417e+002
          7410  7.27335e+002  7.41000e+003 -8.18226e+001  3.70000e-002  7.17500e+002
          7411  7.27411e+002  7.41100e+003 -8.18212e+001  3.70000e-002  7.17583e+002
          7412  7.27495e+002  7.41200e+003 -8.18224e+001  3.70000e-002  7.17667e+002
          7413  7.27570e+002  7.41300e+003 -8.18206e+001  3.70000e-002  7.17750e+002
          7414  7.27659e+002  7.41400e+003 -8.18197e+001  3.70000e-002  7.17833e+002
          7415  7.27744e+002  7.41500e+003 -8.18198e+001  3.70000e-002  7.17917e+002
          7416  7.27833e+002  7.41600e+003 -8.18203e+001  3.70000e-002  7.18000e+002
          7417  7.27909e+002  7.41700e+003 -8.18197e+001  3.70000e-002  7.18083e+002
          7418  7.27992e+002  7.41800e+003 -8.18188e+001  3.70000e-002  7.18167e+002
          7419  7.28072e+002  7.41900e+003 -8.18172e+001  3.70000e-002  7.18250e+002
          7420  7.28164e+002  7.42000e+003 -8.18152e+001  3.70000e-002  7.18333e+002
          7421  7.28243e+002  7.42100e+003 -8.18134e+001  3.70000e-002  7.18417e+002
          7422  7.28324e+002  7.42200e+003 -8.18110e+001  3.70000e-002  7.18500e+002
          7423  7.28411e+002  7.42300e+003 -8.18103e+001  3.70000e-002  7.18583e+002
          7424  7.28489e+002  7.42400e+003 -8.18076e+001  3.70000e-002  7.18667e+002
          7425  7.28577e+002  7.42500e+003 -8.18037e+001  3.70000e-002  7.18750e+002
          7426  7.28663e+002  7.42600e+003 -8.17990e+001  3.70000e-002  7.18833e+002
          7427  7.28747e+002  7.42700e+003 -8.17957e+001  3.70000e-002  7.18917e+002
          7428  7.28823e+002  7.42800e+003 -8.17890e+001  3.70000e-002  7.19000e+002
          7429  7.28913e+002  7.42900e+003 -8.17853e+001  3.70000e-002  7.19083e+002
          7430  7.29005e+002  7.43000e+003 -8.17831e+001  3.70000e-002  7.19167e+002
          7431  7.29087e+002  7.43100e+003 -8.17828e+001  3.70000e-002  7.19250e+002
          7432  7.29172e+002  7.43200e+003 -8.17848e+001  3.70000e-002  7.19333e+002
          7433  7.29262e+002  7.43300e+003 -8.17839e+001  3.70000e-002  7.19417e+002
          7434  7.29340e+002  7.43400e+003 -8.17817e+001  3.70000e-002  7.19500e+002
          7435  7.29429e+002  7.43500e+003 -8.17792e+001  3.70000e-002  7.19583e+002
          7436  7.29509e+002  7.43600e+003 -8.17802e+001  3.70000e-002  7.19667e+002
          7437  7.29594e+002  7.43700e+003 -8.17783e+001  3.70000e-002  7.19750e+002
          7438  7.29676e+002  7.43800e+003 -8.17752e+001  3.70000e-002  7.19833e+002
          7439  7.29758e+002  7.43900e+003 -8.17720e+001  3.70000e-002  7.19917e+002
          7440  7.29840e+002  7.44000e+003 -8.17693e+001  3.70000e-002  7.20000e+002
          7441  7.29921e+002  7.44100e+003 -8.17671e+001  3.70000e-002  7.20083e+002
          7442  7.30014e+002  7.44200e+003 -8.17662e+001  3.70000e-002  7.20167e+002
          7443  7.30094e+002  7.44300e+003 -8.17651e+001  3.70000e-002  7.20250e+002
          7444  7.30183e+002  7.44400e+003 -8.17590e+001  3.70000e-002  7.20333e+002
          7445  7.30263e+002  7.44500e+003 -8.17568e+001  3.70000e-002  7.20417e+002
          7446  7.30345e+002  7.44600e+003 -8.17552e+001  3.70000e-002  7.20500e+002
          7447  7.30433e+002  7.44700e+003 -8.17531e+001  3.70000e-002  7.20583e+002
          7448  7.30510e+002  7.44800e+003 -8.17520e+001  3.70000e-002  7.20667e+002
          7449  7.30595e+002  7.44900e+003 -8.17500e+001  3.70000e-002  7.20750e+002
          7450  7.30672e+002  7.45000e+003 -8.17463e+001  3.70000e-002  7.20833e+002
          7451  7.30758e+002  7.45100e+003 -8.17419e+001  3.70000e-002  7.20917e+002
          7452  7.30847e+002  7.45200e+003 -8.17407e+001  3.70000e-002  7.21000e+002
          7453  7.30934e+002  7.45300e+003 -8.17380e+001  3.70000e-002  7.21083e+002
          7454  7.31008e+002  7.45400e+003 -8.17347e+001  3.70000e-002  7.21167e+002
          7455  7.31102e+002  7.45500e+003 -8.17312e+001  3.70000e-002  7.21250e+002
          7456  7.31181e+002  7.45600e+003 -8.17251e+001  3.69722e-002  7.21333e+002
          7457  7.31260e+002  7.45700e+003 -8.17226e+001  3.68819e-002  7.21417e+002
          7458  7.31347e+002  7.45800e+003 -8.17206e+001  3.67760e-002  7.21500e+002
          7459  7.31432e+002  7.45900e+003 -8.17182e+001  3.66667e-002  7.21583e+002
          7460  7.31515e+002  7.46000e+003 -8.17167e+001  3.64977e-002  7.21667e+002
          7461  7.31600e+002  7.46100e+003 -8.17135e+001  3.63770e-002  7.21750e+002
          7462  7.31677e+002  7.46200e+003 -8.17105e+001  3.62763e-002  7.21833e+002
          7463  7.31764e+002  7.46300e+003 -8.17082e+001  3.61852e-002  7.21917e+002
          7464  7.31854e+002  7.46400e+003 -8.17095e+001  3.61438e-002  7.22000e+002
          7465  7.31923e+002  7.46500e+003 -8.17090e+001  3.60954e-002  7.22083e+002
          7466  7.32014e+002  7.46600e+003 -8.17076e+001  3.60546e-002  7.22167e+002
          7467  7.32099e+002  7.46700e+003 -8.17065e+001  3.60206e-002  7.22250e+002
          7468  7.32184e+002  7.46800e+003 -8.17028e+001  3.60273e-002  7.22333e+002
          7469  7.32270e+002  7.46900e+003 -8.16987e+001  3.60184e-002  7.22417e+002
          7470  7.32355e+002  7.47000e+003 -8.16952e+001  3.60093e-002  7.22500e+002
          7471  7.32435e+002  7.47100e+003 -8.16924e+001  3.60023e-002  7.22583e+002
          7472  7.32511e+002  7.47200e+003 -8.16918e+001  3.60046e-002  7.22667e+002
          7473  7.32600e+002  7.47300e+003 -8.16913e+001  3.60031e-002  7.22750e+002
          7474  7.32687e+002  7.47400e+003 -8.16901e+001  3.60015e-002  7.22833e+002
          7475  7.32773e+002  7.47500e+003 -8.16881e+001  3.60003e-002  7.22917e+002
          7476  7.32852e+002  7.47600e+003 -8.16854e+001  3.60007e-002  7.23000e+002
          7477  7.32932e+002  7.47700e+003 -8.16840e+001  3.60005e-002  7.23083e+002
          7478  7.33024e+002  7.47800e+003 -8.16824e+001  3.60002e-002  7.23167e+002
          7479  7.33107e+002  7.47900e+003 -8.16806e+001  3.60000e-002  7.23250e+002
          7480  7.33190e+002  7.48000e+003 -8.16820e+001  3.60001e-002  7.23333e+002
          7481  7.33267e+002  7.48100e+003 -8.16809e+001  3.60001e-002  7.23417e+002
          7482  7.33348e+002  7.48200e+003 -8.16787e+001  3.60000e-002  7.23500e+002
          7483  7.33432e+002  7.48300e+003 -8.16765e+001  3.60000e-002  7.23583e+002
          7484  7.33519e+002  7.48400e+003 -8.16740e+001  3.60000e-002  7.23667e+002
          7485  7.33602e+002  7.48500e+003 -8.16724e+001  3.60000e-002  7.23750e+002
          7486  7.33689e+002  7.48600e+003 -8.16710e+001  3.60000e-002  7.23833e+002
          7487  7.33769e+002  7.48700e+003 -8.16692e+001  3.60000e-002  7.23917e+002
          7488  7.33851e+002  7.48800e+003 -8.16664e+001  3.60000e-002  7.24000e+002
          7489  7.33940e+002  7.48900e+003 -8.16640e+001  3.60000e-002  7.24083e+002
          7490  7.34025e+002  7.49000e+003 -8.16621e+001  3.60000e-002  7.24167e+002
          7491  7.34107e+002  7.49100e+003 -8.16606e+001  3.60000e-002  7.24250e+002
          7492  7.34191e+002  7.49200e+003 -8.16603e+001  3.60000e-002  7.24333e+002
          7493  7.34271e+002  7.49300e+003 -8.16591e+001  3.60000e-002  7.24417e+002
          7494  7.34360e+002  7.49400e+003 -8.16581e+001  3.60000e-002  7.24500e+002
          7495  7.34440e+002  7.49500e+003 -8.16584e+001  3.60000e-002  7.24583e+002
          7496  7.34521e+002  7.49600e+003 -8.16574e+001  3.60000e-002  7.24667e+002
          7497  7.34613e+002  7.49700e+003 -8.16564e+001  3.60000e-002  7.24750e+002
          7498  7.34697e+002  7.49800e+003 -8.16545e+001  3.60000e-002  7.24833e+002
          7499  7.34774e+002  7.49900e+003 -8.16528e+001  3.60000e-002  7.24917e+002
          7500  7.34859e+002  7.50000e+003 -8.16535e+001  3.60000e-002  7.25000e+002
          7501  7.34942e+002  7.50100e+003 -8.16526e+001  3.60000e-002  7.25083e+002
          7502  7.35026e+002  7.50200e+003 -8.16515e+001  3.60000e-002  7.25167e+002
          7503  7.35107e+002  7.50300e+003 -8.16495e+001  3.60000e-002  7.25250e+002
          7504  7.35197e+002  7.50400e+003 -8.16490e+001  3.60000e-002  7.25333e+002
          7505  7.35283e+002  7.50500e+003 -8.16492e+001  3.60000e-002  7.25417e+002
          7506  7.35364e+002  7.50600e+003 -8.16493e+001  3.60000e-002  7.25500e+002
          7507  7.35452e+002  7.50700e+003 -8.16483e+001  3.60000e-002  7.25583e+002
          7508  7.35536e+002  7.50800e+003 -8.16454e+001  3.60000e-002  7.25667e+002
          7509  7.35615e+002  7.50900e+003 -8.16442e+001  3.60000e-002  7.25750e+002
          7510  7.35701e+002  7.51000e+003 -8.16410e+001  3.60000e-002  7.25833e+002
          7511  7.35786e+002  7.51100e+003 -8.16366e+001  3.60000e-002  7.25917e+002
          7512  7.35867e+002  7.51200e+003 -8.16316e+001  3.60000e-002  7.26000e+002
          7513  7.35953e+002  7.51300e+003 -8.16275e+001  3.60000e-002  7.26083e+002
          7514  7.36038e+002  7.51400e+003 -8.16248e+001  3.60000e-002  7.26167e+002
          7515  7.36125e+002  7.51500e+003 -8.16231e+001  3.60000e-002  7.26250e+002
          7516  7.36210e+002  7.51600e+003 -8.16196e+001  3.60000e-002  7.26333e+002
          7517  7.36296e+002  7.51700e+003 -8.16176e+001  3.60000e-002  7.26417e+002
          7518  7.36378e+002  7.51800e+003 -8.16155e+001  3.60000e-002  7.26500e+002
          7519  7.36460e+002  7.51900e+003 -8.16142e+001  3.60000e-002  7.26583e+002
          7520  7.36543e+002  7.52000e+003 -8.16131e+001  3.60000e-002  7.26667e+002
          7521  7.36626e+002  7.52100e+003 -8.16128e+001  3.60000e-002  7.26750e+002
          7522  7.36703e+002  7.52200e+003 -8.16129e+001  3.60000e-002  7.26833e+002
          7523  7.36793e+002  7.52300e+003 -8.16133e+001  3.60000e-002  7.26917e+002
          7524  7.36882e+002  7.52400e+003 -8.16207e+001  3.60000e-002  7.27000e+002
          7525  7.36964e+002  7.52500e+003 -8.16231e+001  3.60000e-002  7.27083e+002
          7526  7.37049e+002  7.52600e+003 -8.16249e+001  3.60000e-002  7.27167e+002
          7527  7.37135e+002  7.52700e+003 -8.16256e+001  3.60000e-002  7.27250e+002
          7528  7.37215e+002  7.52800e+003 -8.16286e+001  3.60000e-002  7.27333e+002
          7529  7.37298e+002  7.52900e+003 -8.16312e+001  3.60000e-002  7.27417e+002
          7530  7.37380e+002  7.53000e+003 -8.16325e+001  3.60000e-002  7.27500e+002
          7531  7.37472e+002  7.53100e+003 -8.16338e+001  3.60000e-002  7.27583e+002
          7532  7.37551e+002  7.53200e+003 -8.16324e+001  3.58889e-002  7.27667e+002
          7533  7.37627e+002  7.53300e+003 -8.16307e+001  3.57778e-002  7.27750e+002
          7534  7.37720e+002  7.53400e+003 -8.16287e+001  3.56667e-002  7.27833e+002
          7535  7.37805e+002  7.53500e+003 -8.16267e+001  3.55556e-002  7.27917e+002
          7536  7.37889e+002  7.53600e+003 -8.16224e+001  3.53549e-002  7.28000e+002
          7537  7.37968e+002  7.53700e+003 -8.16191e+001  3.52338e-002  7.28083e+002
          7538  7.38056e+002  7.53800e+003 -8.16166e+001  3.51418e-002  7.28167e+002
          7539  7.38142e+002  7.53900e+003 -8.16150e+001  3.50617e-002  7.28250e+002
          7540  7.38226e+002  7.54000e+003 -8.16080e+001  3.50716e-002  7.28333e+002
          7541  7.38307e+002  7.54100e+003 -8.16054e+001  3.50478e-002  7.28417e+002
          7542  7.38396e+002  7.54200e+003 -8.16037e+001  3.50250e-002  7.28500e+002
          7543  7.38477e+002  7.54300e+003 -8.16025e+001  3.50069e-002  7.28583e+002
          7544  7.38556e+002  7.54400e+003 -8.16004e+001  3.50123e-002  7.28667e+002
          7545  7.38648e+002  7.54500e+003 -8.15972e+001  3.50084e-002  7.28750e+002
          7546  7.38731e+002  7.54600e+003 -8.15944e+001  3.50041e-002  7.28833e+002
          7547  7.38804e+002  7.54700e+003 -8.15915e+001  3.50008e-002  7.28917e+002
          7548  7.38893e+002  7.54800e+003 -8.15914e+001  3.50020e-002  7.29000e+002
          7549  7.38974e+002  7.54900e+003 -8.15897e+001  3.50014e-002  7.29083e+002
          7550  7.39062e+002  7.55000e+003 -8.15878e+001  3.50006e-002  7.29167e+002
          7551  7.39149e+002  7.55100e+003 -8.15856e+001  3.50001e-002  7.29250e+002
          7552  7.39232e+002  7.55200e+003 -8.15798e+001  3.50003e-002  7.29333e+002
          7553  7.39314e+002  7.55300e+003 -8.15772e+001  3.50002e-002  7.29417e+002
          7554  7.39394e+002  7.55400e+003 -8.15738e+001  3.50001e-002  7.29500e+002
          7555  7.39477e+002  7.55500e+003 -8.15697e+001  3.50000e-002  7.29583e+002
          7556  7.39571e+002  7.55600e+003 -8.15660e+001  3.50000e-002  7.29667e+002
          7557  7.39655e+002  7.55700e+003 -8.15623e+001  3.50000e-002  7.29750e+002
          7558  7.39738e+002  7.55800e+003 -8.15588e+001  3.50000e-002  7.29833e+002
          7559  7.39821e+002  7.55900e+003 -8.15564e+001  3.50000e-002  7.29917e+002
          7560  7.39904e+002  7.56000e+003 -8.15511e+001  3.50000e-002  7.30000e+002
          7561  7.39985e+002  7.56100e+003 -8.15470e+001  3.50000e-002  7.30083e+002
          7562  7.40078e+002  7.56200e+003 -8.15428e+001  3.50000e-002  7.30167e+002
          7563  7.40153e+002  7.56300e+003 -8.15392e+001  3.50000e-002  7.30250e+002
          7564  7.40234e+002  7.56400e+003 -8.15367e+001  3.50000e-002  7.30333e+002
          7565  7.40320e+002  7.56500e+003 -8.15338e+001  3.50000e-002  7.30417e+002
          7566  7.40406e+002  7.56600e+003 -8.15307e+001  3.50000e-002  7.30500e+002
          7567  7.40492e+002  7.56700e+003 -8.15278e+001  3.50000e-002  7.30583e+002
          7568  7.40573e+002  7.56800e+003 -8.15258e+001  3.50000e-002  7.30667e+002
          7569  7.40660e+002  7.56900e+003 -8.15222e+001  3.50000e-002  7.30750e+002
          7570  7.40746e+002  7.57000e+003 -8.15187e+001  3.50000e-002  7.30833e+002
          7571  7.40829e+002  7.57100e+003 -8.15155e+001  3.50000e-002  7.30917e+002
          7572  7.40906e+002  7.57200e+003 -8.15137e+001  3.50000e-002  7.31000e+002
          7573  7.41004e+002  7.57300e+003 -8.15103e+001  3.50000e-002  7.31083e+002
          7574  7.41082e+002  7.57400e+003 -8.15060e+001  3.50000e-002  7.31167e+002
          7575  7.41170e+002  7.57500e+003 -8.15019e+001  3.50000e-002  7.31250e+002
          7576  7.41251e+002  7.57600e+003 -8.14965e+001  3.50000e-002  7.31333e+002
          7577  7.41337e+002  7.57700e+003 -8.14935e+001  3.50000e-002  7.31417e+002
          7578  7.41414e+002  7.57800e+003 -8.14905e+001  3.50000e-002  7.31500e+002
          7579  7.41495e+002  7.57900e+003 -8.14880e+001  3.50000e-002  7.31583e+002
          7580  7.41590e+002  7.58000e+003 -8.14846e+001  3.50000e-002  7.31667e+002
          7581  7.41668e+002  7.58100e+003 -8.14816e+001  3.50000e-002  7.31750e+002
          7582  7.41745e+002  7.58200e+003 -8.14803e+001  3.50000e-002  7.31833e+002
          7583  7.41830e+002  7.58300e+003 -8.14790e+001  3.50000e-002  7.31917e+002
          7584  7.41920e+002  7.58400e+003 -8.14784e+001  3.50000e-002  7.32000e+002
          7585  7.42009e+002  7.58500e+003 -8.14759e+001  3.50000e-002  7.32083e+002
          7586  7.42089e+002  7.58600e+003 -8.14719e+001  3.50000e-002  7.32167e+002
          7587  7.42176e+002  7.58700e+003 -8.14679e+001  3.50000e-002  7.32250e+002
          7588  7.42253e+002  7.58800e+003 -8.14642e+001  3.50000e-002  7.32333e+002
          7589  7.42340e+002  7.58900e+003 -8.14611e+001  3.50000e-002  7.32417e+002
          7590  7.42422e+002  7.59000e+003 -8.14574e+001  3.50000e-002  7.32500e+002
          7591  7.42500e+002  7.59100e+003 -8.14537e+001  3.50000e-002  7.32583e+002
          7592  7.42591e+002  7.59200e+003 -8.14507e+001  3.50000e-002  7.32667e+002
          7593  7.42677e+002  7.59300e+003 -8.14483e+001  3.50000e-002  7.32750e+002
          7594  7.42759e+002  7.59400e+003 -8.14466e+001  3.50000e-002  7.32833e+002
          7595  7.42842e+002  7.59500e+003 -8.14453e+001  3.50000e-002  7.32917e+002
          7596  7.42928e+002  7.59600e+003 -8.14418e+001  3.50000e-002  7.33000e+002
          7597  7.43010e+002  7.59700e+003 -8.14387e+001  3.50000e-002  7.33083e+002
          7598  7.43087e+002  7.59800e+003 -8.14364e+001  3.50000e-002  7.33167e+002
          7599  7.43181e+002  7.59900e+003 -8.14350e+001  3.50000e-002  7.33250e+002
          7600  7.43258e+002  7.60000e+003 -8.14378e+001  3.50000e-002  7.33333e+002
          7601  7.43334e+002  7.60100e+003 -8.14372e+001  3.50000e-002  7.33417e+002
          7602  7.43429e+002  7.60200e+003 -8.14363e+001  3.50000e-002  7.33500e+002
          7603  7.43508e+002  7.60300e+003 -8.14348e+001  3.50000e-002  7.33583e+002
          7604  7.43590e+002  7.60400e+003 -8.14332e+001  3.50000e-002  7.33667e+002
          7605  7.43677e+002  7.60500e+003 -8.14314e+001  3.50000e-002  7.33750e+002
          7606  7.43761e+002  7.60600e+003 -8.14297e+001  3.50000e-002  7.33833e+002
          7607  7.43841e+002  7.60700e+003 -8.14290e+001  3.50000e-002  7.33917e+002
          7608  7.43927e+002  7.60800e+003 -8.14283e+001  3.48889e-002  7.34000e+002
          7609  7.44012e+002  7.60900e+003 -8.14268e+001  3.47778e-002  7.34083e+002
          7610  7.44094e+002  7.61000e+003 -8.14239e+001  3.46667e-002  7.34167e+002
          7611  7.44178e+002  7.61100e+003 -8.14206e+001  3.45556e-002  7.34250e+002
          7612  7.44262e+002  7.61200e+003 -8.14164e+001  3.43549e-002  7.34333e+002
          7613  7.44343e+002  7.61300e+003 -8.14143e+001  3.42338e-002  7.34417e+002
          7614  7.44431e+002  7.61400e+003 -8.14120e+001  3.41418e-002  7.34500e+002
          7615  7.44521e+002  7.61500e+003 -8.14095e+001  3.40617e-002  7.34583e+002
          7616  7.44601e+002  7.61600e+003 -8.14084e+001  3.40716e-002  7.34667e+002
          7617  7.44688e+002  7.61700e+003 -8.14062e+001  3.40478e-002  7.34750e+002
          7618  7.44775e+002  7.61800e+003 -8.14037e+001  3.40250e-002  7.34833e+002
          7619  7.44853e+002  7.61900e+003 -8.14012e+001  3.40069e-002  7.34917e+002
          7620  7.44934e+002  7.62000e+003 -8.13967e+001  3.40123e-002  7.35000e+002
          7621  7.45017e+002  7.62100e+003 -8.13933e+001  3.40084e-002  7.35083e+002
          7622  7.45097e+002  7.62200e+003 -8.13913e+001  3.40041e-002  7.35167e+002
          7623  7.45176e+002  7.62300e+003 -8.13903e+001  3.40008e-002  7.35250e+002
          7624  7.45268e+002  7.62400e+003 -8.13888e+001  3.40020e-002  7.35333e+002
          7625  7.45348e+002  7.62500e+003 -8.13878e+001  3.40014e-002  7.35417e+002
          7626  7.45428e+002  7.62600e+003 -8.13876e+001  3.40006e-002  7.35500e+002
          7627  7.45518e+002  7.62700e+003 -8.13866e+001  3.40001e-002  7.35583e+002
          7628  7.45597e+002  7.62800e+003 -8.13866e+001  3.40003e-002  7.35667e+002
          7629  7.45689e+002  7.62900e+003 -8.13860e+001  3.40002e-002  7.35750e+002
          7630  7.45772e+002  7.63000e+003 -8.13850e+001  3.40001e-002  7.35833e+002
          7631  7.45851e+002  7.63100e+003 -8.13831e+001  3.40000e-002  7.35917e+002
          7632  7.45937e+002  7.63200e+003 -8.13860e+001  3.40001e-002  7.36000e+002
          7633  7.46013e+002  7.63300e+003 -8.13866e+001  3.40000e-002  7.36083e+002
          7634  7.46102e+002  7.63400e+003 -8.13877e+001  3.40000e-002  7.36167e+002
          7635  7.46187e+002  7.63500e+003 -8.13900e+001  3.40000e-002  7.36250e+002
          7636  7.46267e+002  7.63600e+003 -8.13901e+001  3.40000e-002  7.36333e+002
          7637  7.46353e+002  7.63700e+003 -8.13909e+001  3.40000e-002  7.36417e+002
          7638  7.46439e+002  7.63800e+003 -8.13923e+001  3.40000e-002  7.36500e+002
          7639  7.46528e+002  7.63900e+003 -8.13939e+001  3.40000e-002  7.36583e+002
          7640  7.46606e+002  7.64000e+003 -8.13941e+001  3.40000e-002  7.36667e+002
          7641  7.46694e+002  7.64100e+003 -8.13939e+001  3.40000e-002  7.36750e+002
          7642  7.46781e+002  7.64200e+003 -8.13941e+001  3.40000e-002  7.36833e+002
          7643  7.46860e+002  7.64300e+003 -8.13942e+001  3.40000e-002  7.36917e+002
          7644  7.46945e+002  7.64400e+003 -8.13953e+001  3.40000e-002  7.37000e+002
          7645  7.47020e+002  7.64500e+003 -8.13957e+001  3.40000e-002  7.37083e+002
          7646  7.47110e+002  7.64600e+003 -8.13954e+001  3.40000e-002  7.37167e+002
          7647  7.47199e+002  7.64700e+003 -8.13961e+001  3.40000e-002  7.37250e+002
          7648  7.47277e+002  7.64800e+003 -8.13912e+001  3.40000e-002  7.37333e+002
          7649  7.47360e+002  7.64900e+003 -8.13876e+001  3.40000e-002  7.37417e+002
          7650  7.47445e+002  7.65000e+003 -8.13845e+001  3.40000e-002  7.37500e+002
          7651  7.47532e+002  7.65100e+003 -8.13811e+001  3.40000e-002  7.37583e+002
          7652  7.47620e+002  7.65200e+003 -8.13801e+001  3.40000e-002  7.37667e+002
          7653  7.47701e+002  7.65300e+003 -8.13790e+001  3.40000e-002  7.37750e+002
          7654  7.47782e+002  7.65400e+003 -8.13774e+001  3.40000e-002  7.37833e+002
          7655  7.47867e+002  7.65500e+003 -8.13761e+001  3.40000e-002  7.37917e+002
          7656  7.47951e+002  7.65600e+003 -8.13746e+001  3.40000e-002  7.38000e+002
          7657  7.48034e+002  7.65700e+003 -8.13728e+001  3.40000e-002  7.38083e+002
          7658  7.48122e+002  7.65800e+003 -8.13708e+001  3.40000e-002  7.38167e+002
          7659  7.48204e+002  7.65900e+003 -8.13698e+001  3.40000e-002  7.38250e+002
          7660  7.48284e+002  7.66000e+003 -8.13694e+001  3.40000e-002  7.38333e+002
          7661  7.48367e+002  7.66100e+003 -8.13673e+001  3.40000e-002  7.38417e+002
          7662  7.48446e+002  7.66200e+003 -8.13655e+001  3.40000e-002  7.38500e+002
          7663  7.48538e+002  7.66300e+003 -8.13644e+001  3.40000e-002  7.38583e+002
          7664  7.48621e+002  7.66400e+003 -8.13633e+001  3.40000e-002  7.38667e+002
          7665  7.48704e+002  7.66500e+003 -8.13617e+001  3.40000e-002  7.38750e+002
          7666  7.48791e+002  7.66600e+003 -8.13594e+001  3.40000e-002  7.38833e+002
          7667  7.48870e+002  7.66700e+003 -8.13587e+001  3.40000e-002  7.38917e+002
          7668  7.48954e+002  7.66800e+003 -8.13581e+001  3.40000e-002  7.39000e+002
          7669  7.49040e+002  7.66900e+003 -8.13581e+001  3.40000e-002  7.39083e+002
          7670  7.49119e+002  7.67000e+003 -8.13577e+001  3.40000e-002  7.39167e+002
          7671  7.49211e+002  7.67100e+003 -8.13572e+001  3.40000e-002  7.39250e+002
          7672  7.49290e+002  7.67200e+003 -8.13586e+001  3.40000e-002  7.39333e+002
          7673  7.49377e+002  7.67300e+003 -8.13587e+001  3.40000e-002  7.39417e+002
          7674  7.49461e+002  7.67400e+003 -8.13585e+001  3.40000e-002  7.39500e+002
          7675  7.49545e+002  7.67500e+003 -8.13590e+001  3.40000e-002  7.39583e+002
          7676  7.49624e+002  7.67600e+003 -8.13610e+001  3.40000e-002  7.39667e+002
          7677  7.49711e+002  7.67700e+003 -8.13603e+001  3.40000e-002  7.39750e+002
          7678  7.49792e+002  7.67800e+003 -8.13594e+001  3.40000e-002  7.39833e+002
          7679  7.49884e+002  7.67900e+003 -8.13597e+001  3.40000e-002  7.39917e+002
          7680  7.49963e+002  7.68000e+003 -8.13605e+001  3.40000e-002  7.40000e+002
          7681  7.50045e+002  7.68100e+003 -8.13600e+001  3.40000e-002  7.40083e+002
          7682  7.50131e+002  7.68200e+003 -8.13590e+001  3.40000e-002  7.40167e+002
          7683  7.50215e+002  7.68300e+003 -8.13588e+001  3.40000e-002  7.40250e+002
          7684  7.50303e+002  7.68400e+003 -8.13562e+001  3.39722e-002  7.40333e+002
          7685  7.50387e+002  7.68500e+003 -8.13537e+001  3.38819e-002  7.40417e+002
          7686  7.50468e+002  7.68600e+003 -8.13518e+001  3.37760e-002  7.40500e+002
          7687  7.50553e+002  7.68700e+003 -8.13504e+001  3.36667e-002  7.40583e+002
          7688  7.50636e+002  7.68800e+003 -8.13515e+001  3.34977e-002  7.40667e+002
          7689  7.50714e+002  7.68900e+003 -8.13522e+001  3.33770e-002  7.40750e+002
          7690  7.50803e+002  7.69000e+003 -8.13522e+001  3.32763e-002  7.40833e+002
          7691  7.50880e+002  7.69100e+003 -8.13509e+001  3.31852e-002  7.40917e+002
          7692  7.50967e+002  7.69200e+003 -8.13472e+001  3.31438e-002  7.41000e+002
          7693  7.51058e+002  7.69300e+003 -8.13451e+001  3.30954e-002  7.41083e+002
          7694  7.51132e+002  7.69400e+003 -8.13436e+001  3.30546e-002  7.41167e+002
          7695  7.51224e+002  7.69500e+003 -8.13426e+001  3.30206e-002  7.41250e+002
          7696  7.51302e+002  7.69600e+003 -8.13445e+001  3.30273e-002  7.41333e+002
          7697  7.51395e+002  7.69700e+003 -8.13447e+001  3.30184e-002  7.41417e+002
          7698  7.51472e+002  7.69800e+003 -8.13448e+001  3.30094e-002  7.41500e+002
          7699  7.51556e+002  7.69900e+003 -8.13451e+001  3.30023e-002  7.41583e+002
          7700  7.51645e+002  7.70000e+003 -8.13407e+001  3.30046e-002  7.41667e+002
          7701  7.51723e+002  7.70100e+003 -8.13398e+001  3.30031e-002  7.41750e+002
          7702  7.51809e+002  7.70200e+003 -8.13408e+001  3.30015e-002  7.41833e+002
          7703  7.51895e+002  7.70300e+003 -8.13418e+001  3.30003e-002  7.41917e+002
          7704  7.51980e+002  7.70400e+003 -8.13449e+001  3.30007e-002  7.42000e+002
          7705  7.52059e+002  7.70500e+003 -8.13468e+001  3.30005e-002  7.42083e+002
          7706  7.52140e+002  7.70600e+003 -8.13479e+001  3.30002e-002  7.42167e+002
          7707  7.52225e+002  7.70700e+003 -8.13483e+001  3.30000e-002  7.42250e+002
          7708  7.52303e+002  7.70800e+003 -8.13503e+001  3.30001e-002  7.42333e+002
          7709  7.52391e+002  7.70900e+003 -8.13513e+001  3.30001e-002  7.42417e+002
          7710  7.52474e+002  7.71000e+003 -8.13519e+001  3.30000e-002  7.42500e+002
          7711  7.52557e+002  7.71100e+003 -8.13521e+001  3.30000e-002  7.42583e+002
          7712  7.52642e+002  7.71200e+003 -8.13522e+001  3.30000e-002  7.42667e+002
          7713  7.52726e+002  7.71300e+003 -8.13498e+001  3.30000e-002  7.42750e+002
          7714  7.52800e+002  7.71400e+003 -8.13473e+001  3.30000e-002  7.42833e+002
          7715  7.52893e+002  7.71500e+003 -8.13458e+001  3.30000e-002  7.42917e+002
          7716  7.52977e+002  7.71600e+003 -8.13425e+001  3.30000e-002  7.43000e+002
          7717  7.53068e+002  7.71700e+003 -8.13409e+001  3.30000e-002  7.43083e+002
          7718  7.53144e+002  7.71800e+003 -8.13388e+001  3.30000e-002  7.43167e+002
          7719  7.53234e+002  7.71900e+003 -8.13358e+001  3.30000e-002  7.43250e+002
          7720  7.53322e+002  7.72000e+003 -8.13327e+001  3.30000e-002  7.43333e+002
          7721  7.53400e+002  7.72100e+003 -8.13319e+001  3.30000e-002  7.43417e+002
          7722  7.53494e+002  7.72200e+003 -8.13322e+001  3.30000e-002  7.43500e+002
          7723  7.53566e+002  7.72300e+003 -8.13330e+001  3.30000e-002  7.43583e+002
          7724  7.53647e+002  7.72400e+003 -8.13360e+001  3.30000e-002  7.43667e+002
          7725  7.53734e+002  7.72500e+003 -8.13364e+001  3.30000e-002  7.43750e+002
          7726  7.53820e+002  7.72600e+003 -8.13369e+001  3.30000e-002  7.43833e+002
          7727  7.53914e+002  7.72700e+003 -8.13367e+001  3.30000e-002  7.43917e+002
          7728  7.53990e+002  7.72800e+003 -8.13362e+001  3.30000e-002  7.44000e+002
          7729  7.54071e+002  7.72900e+003 -8.13366e+001  3.30000e-002  7.44083e+002
          7730  7.54154e+002  7.73000e+003 -8.13371e+001  3.30000e-002  7.44167e+002
          7731  7.54238e+002  7.73100e+003 -8.13372e+001  3.30000e-002  7.44250e+002
          7732  7.54319e+002  7.73200e+003 -8.13377e+001  3.30000e-002  7.44333e+002
          7733  7.54401e+002  7.73300e+003 -8.13381e+001  3.30000e-002  7.44417e+002
          7734  7.54482e+002  7.73400e+003 -8.13383e+001  3.30000e-002  7.44500e+002
          7735  7.54569e+002  7.73500e+003 -8.13384e+001  3.30000e-002  7.44583e+002
          7736  7.54657e+002  7.73600e+003 -8.13368e+001  3.30000e-002  7.44667e+002
          7737  7.54745e+002  7.73700e+003 -8.13372e+001  3.30000e-002  7.44750e+002
          7738  7.54823e+002  7.73800e+003 -8.13374e+001  3.30000e-002  7.44833e+002
          7739  7.54904e+002  7.73900e+003 -8.13364e+001  3.30000e-002  7.44917e+002
          7740  7.54997e+002  7.74000e+003 -8.13354e+001  3.30000e-002  7.45000e+002
          7741  7.55077e+002  7.74100e+003 -8.13341e+001  3.30000e-002  7.45083e+002
          7742  7.55158e+002  7.74200e+003 -8.13334e+001  3.30000e-002  7.45167e+002
          7743  7.55244e+002  7.74300e+003 -8.13325e+001  3.30000e-002  7.45250e+002
          7744  7.55321e+002  7.74400e+003 -8.13317e+001  3.30000e-002  7.45333e+002
          7745  7.55405e+002  7.74500e+003 -8.13309e+001  3.30000e-002  7.45417e+002
          7746  7.55488e+002  7.74600e+003 -8.13298e+001  3.30000e-002  7.45500e+002
          7747  7.55579e+002  7.74700e+003 -8.13277e+001  3.30000e-002  7.45583e+002
          7748  7.55661e+002  7.74800e+003 -8.13227e+001  3.30000e-002  7.45667e+002
          7749  7.55747e+002  7.74900e+003 -8.13200e+001  3.30000e-002  7.45750e+002
          7750  7.55828e+002  7.75000e+003 -8.13187e+001  3.30000e-002  7.45833e+002
          7751  7.55910e+002  7.75100e+003 -8.13186e+001  3.30000e-002  7.45917e+002
          7752  7.55990e+002  7.75200e+003 -8.13172e+001  3.30000e-002  7.46000e+002
          7753  7.56071e+002  7.75300e+003 -8.13156e+001  3.30000e-002  7.46083e+002
          7754  7.56162e+002  7.75400e+003 -8.13144e+001  3.30000e-002  7.46167e+002
          7755  7.56247e+002  7.75500e+003 -8.13127e+001  3.30000e-002  7.46250e+002
          7756  7.56330e+002  7.75600e+003 -8.13104e+001  3.30000e-002  7.46333e+002
          7757  7.56406e+002  7.75700e+003 -8.13085e+001  3.30000e-002  7.46417e+002
          7758  7.56501e+002  7.75800e+003 -8.13081e+001  3.30000e-002  7.46500e+002
          7759  7.56585e+002  7.75900e+003 -8.13096e+001  3.30000e-002  7.46583e+002
          7760  7.56667e+002  7.76000e+003 -8.13116e+001  3.30000e-002  7.46667e+002
          7761  7.56754e+002  7.76100e+003 -8.13117e+001  3.30000e-002  7.46750e+002
          7762  7.56834e+002  7.76200e+003 -8.13118e+001  3.30000e-002  7.46833e+002
          7763  7.56922e+002  7.76300e+003 -8.13121e+001  3.30000e-002  7.46917e+002
          7764  7.57004e+002  7.76400e+003 -8.13106e+001  3.28889e-002  7.47000e+002
          7765  7.57088e+002  7.76500e+003 -8.13096e+001  3.27778e-002  7.47083e+002
          7766  7.57176e+002  7.76600e+003 -8.13105e+001  3.26667e-002  7.47167e+002
          7767  7.57252e+002  7.76700e+003 -8.13106e+001  3.25556e-002  7.47250e+002
          7768  7.57334e+002  7.76800e+003 -8.13137e+001  3.23549e-002  7.47333e+002
          7769  7.57419e+002  7.76900e+003 -8.13148e+001  3.22338e-002  7.47417e+002
          7770  7.57503e+002  7.77000e+003 -8.13153e+001  3.21418e-002  7.47500e+002
          7771  7.57586e+002  7.77100e+003 -8.13157e+001  3.20617e-002  7.47583e+002
          7772  7.57674e+002  7.77200e+003 -8.13136e+001  3.20716e-002  7.47667e+002
          7773  7.57753e+002  7.77300e+003 -8.13135e+001  3.20478e-002  7.47750e+002
          7774  7.57838e+002  7.77400e+003 -8.13141e+001  3.20250e-002  7.47833e+002
          7775  7.57922e+002  7.77500e+003 -8.13152e+001  3.20069e-002  7.47917e+002
          7776  7.58011e+002  7.77600e+003 -8.13175e+001  3.20123e-002  7.48000e+002
          7777  7.58090e+002  7.77700e+003 -8.13195e+001  3.20084e-002  7.48083e+002
          7778  7.58180e+002  7.77800e+003 -8.13206e+001  3.20041e-002  7.48167e+002
          7779  7.58257e+002  7.77900e+003 -8.13207e+001  3.20008e-002  7.48250e+002
          7780  7.58342e+002  7.78000e+003 -8.13225e+001  3.20020e-002  7.48333e+002
          7781  7.58427e+002  7.78100e+003 -8.13222e+001  3.20014e-002  7.48417e+002
          7782  7.58506e+002  7.78200e+003 -8.13202e+001  3.20006e-002  7.48500e+002
          7783  7.58591e+002  7.78300e+003 -8.13181e+001  3.20001e-002  7.48583e+002
          7784  7.58671e+002  7.78400e+003 -8.13164e+001  3.20003e-002  7.48667e+002
          7785  7.58757e+002  7.78500e+003 -8.13147e+001  3.20002e-002  7.48750e+002
          7786  7.58837e+002  7.78600e+003 -8.13125e+001  3.20001e-002  7.48833e+002
          7787  7.58922e+002  7.78700e+003 -8.13114e+001  3.20000e-002  7.48917e+002
          7788  7.59005e+002  7.78800e+003 -8.13065e+001  3.20000e-002  7.49000e+002
          7789  7.59090e+002  7.78900e+003 -8.13042e+001  3.20000e-002  7.49083e+002
          7790  7.59179e+002  7.79000e+003 -8.13036e+001  3.20000e-002  7.49167e+002
          7791  7.59261e+002  7.79100e+003 -8.13022e+001  3.20000e-002  7.49250e+002
          7792  7.59347e+002  7.79200e+003 -8.13009e+001  3.20000e-002  7.49333e+002
          7793  7.59432e+002  7.79300e+003 -8.13004e+001  3.20000e-002  7.49417e+002
          7794  7.59513e+002  7.79400e+003 -8.13002e+001  3.20000e-002  7.49500e+002
          7795  7.59596e+002  7.79500e+003 -8.13002e+001  3.20000e-002  7.49583e+002
          7796  7.59677e+002  7.79600e+003 -8.13040e+001  3.20000e-002  7.49667e+002
          7797  7.59764e+002  7.79700e+003 -8.13042e+001  3.20000e-002  7.49750e+002
          7798  7.59845e+002  7.79800e+003 -8.13036e+001  3.20000e-002  7.49833e+002
          7799  7.59929e+002  7.79900e+003 -8.13029e+001  3.20000e-002  7.49917e+002
          7800  7.60009e+002  7.80000e+003 -8.13018e+001  3.20000e-002  7.50000e+002
          7801  7.60096e+002  7.80100e+003 -8.13012e+001  3.20000e-002  7.50083e+002
          7802  7.60175e+002  7.80200e+003 -8.13013e+001  3.20000e-002  7.50167e+002
          7803  7.60265e+002  7.80300e+003 -8.13024e+001  3.20000e-002  7.50250e+002
          7804  7.60345e+002  7.80400e+003 -8.13029e+001  3.20000e-002  7.50333e+002
          7805  7.60421e+002  7.80500e+003 -8.13040e+001  3.20000e-002  7.50417e+002
          7806  7.60510e+002  7.80600e+003 -8.13042e+001  3.20000e-002  7.50500e+002
          7807  7.60601e+002  7.80700e+003 -8.13046e+001  3.20000e-002  7.50583e+002
          7808  7.60680e+002  7.80800e+003 -8.13059e+001  3.20000e-002  7.50667e+002
          7809  7.60767e+002  7.80900e+003 -8.13078e+001  3.20000e-002  7.50750e+002
          7810  7.60847e+002  7.81000e+003 -8.13090e+001  3.20000e-002  7.50833e+002
          7811  7.60926e+002  7.81100e+003 -8.13092e+001  3.20000e-002  7.50917e+002
          7812  7.61014e+002  7.81200e+003 -8.13118e+001  3.20000e-002  7.51000e+002
          7813  7.61096e+002  7.81300e+003 -8.13129e+001  3.20000e-002  7.51083e+002
          7814  7.61192e+002  7.81400e+003 -8.13115e+001  3.20000e-002  7.51167e+002
          7815  7.61264e+002  7.81500e+003 -8.13094e+001  3.20000e-002  7.51250e+002
          7816  7.61354e+002  7.81600e+003 -8.13069e+001  3.20000e-002  7.51333e+002
          7817  7.61434e+002  7.81700e+003 -8.13058e+001  3.20000e-002  7.51417e+002
          7818  7.61522e+002  7.81800e+003 -8.13049e+001  3.20000e-002  7.51500e+002
          7819  7.61601e+002  7.81900e+003 -8.13046e+001  3.20000e-002  7.51583e+002
          7820  7.61691e+002  7.82000e+003 -8.13004e+001  3.20000e-002  7.51667e+002
          7821  7.61773e+002  7.82100e+003 -8.12986e+001  3.20000e-002  7.51750e+002
          7822  7.61855e+002  7.82200e+003 -8.12987e+001  3.20000e-002  7.51833e+002
          7823  7.61941e+002  7.82300e+003 -8.12997e+001  3.20000e-002  7.51917e+002
          7824  7.62023e+002  7.82400e+003 -8.13000e+001  3.20000e-002  7.52000e+002
          7825  7.62106e+002  7.82500e+003 -8.12990e+001  3.20000e-002  7.52083e+002
          7826  7.62182e+002  7.82600e+003 -8.12990e+001  3.20000e-002  7.52167e+002
          7827  7.62266e+002  7.82700e+003 -8.13007e+001  3.20000e-002  7.52250e+002
          7828  7.62354e+002  7.82800e+003 -8.13047e+001  3.20000e-002  7.52333e+002
          7829  7.62443e+002  7.82900e+003 -8.13069e+001  3.20000e-002  7.52417e+002
          7830  7.62530e+002  7.83000e+003 -8.13079e+001  3.20000e-002  7.52500e+002
          7831  7.62609e+002  7.83100e+003 -8.13088e+001  3.20000e-002  7.52583e+002
          7832  7.62688e+002  7.83200e+003 -8.13105e+001  3.20000e-002  7.52667e+002
          7833  7.62769e+002  7.83300e+003 -8.13101e+001  3.20000e-002  7.52750e+002
          7834  7.62858e+002  7.83400e+003 -8.13111e+001  3.20000e-002  7.52833e+002
          7835  7.62936e+002  7.83500e+003 -8.13128e+001  3.20000e-002  7.52917e+002
          7836  7.63025e+002  7.83600e+003 -8.13126e+001  3.20000e-002  7.53000e+002
          7837  7.63107e+002  7.83700e+003 -8.13136e+001  3.20000e-002  7.53083e+002
          7838  7.63198e+002  7.83800e+003 -8.13147e+001  3.20000e-002  7.53167e+002
          7839  7.63275e+002  7.83900e+003 -8.13154e+001  3.20000e-002  7.53250e+002
          7840  7.63368e+002  7.84000e+003 -8.13133e+001  3.20000e-002  7.53333e+002
          7841  7.63457e+002  7.84100e+003 -8.13127e+001  3.20000e-002  7.53417e+002
          7842  7.63536e+002  7.84200e+003 -8.13131e+001  3.20000e-002  7.53500e+002
          7843  7.63621e+002  7.84300e+003 -8.13145e+001  3.20000e-002  7.53583e+002
          7844  7.63708e+002  7.84400e+003 -8.13146e+001  3.18889e-002  7.53667e+002
          7845  7.63787e+002  7.84500e+003 -8.13140e+001  3.17778e-002  7.53750e+002
          7846  7.63872e+002  7.84600e+003 -8.13141e+001  3.16667e-002  7.53833e+002
          7847  7.63955e+002  7.84700e+003 -8.13141e+001  3.15556e-002  7.53917e+002
          7848  7.64043e+002  7.84800e+003 -8.13117e+001  3.13549e-002  7.54000e+002
          7849  7.64124e+002  7.84900e+003 -8.13099e+001  3.12338e-002  7.54083e+002
          7850  7.64209e+002  7.85000e+003 -8.13087e+001  3.11418e-002  7.54167e+002
          7851  7.64294e+002  7.85100e+003 -8.13075e+001  3.10617e-002  7.54250e+002
          7852  7.64375e+002  7.85200e+003 -8.13058e+001  3.10716e-002  7.54333e+002
          7853  7.64461e+002  7.85300e+003 -8.13053e+001  3.10478e-002  7.54417e+002
          7854  7.64544e+002  7.85400e+003 -8.13051e+001  3.10250e-002  7.54500e+002
          7855  7.64627e+002  7.85500e+003 -8.13052e+001  3.10069e-002  7.54583e+002
          7856  7.64715e+002  7.85600e+003 -8.13043e+001  3.10123e-002  7.54667e+002
          7857  7.64803e+002  7.85700e+003 -8.13041e+001  3.10084e-002  7.54750e+002
          7858  7.64883e+002  7.85800e+003 -8.13041e+001  3.10041e-002  7.54833e+002
          7859  7.64969e+002  7.85900e+003 -8.13037e+001  3.10008e-002  7.54917e+002
          7860  7.65055e+002  7.86000e+003 -8.13064e+001  3.10020e-002  7.55000e+002
          7861  7.65130e+002  7.86100e+003 -8.13078e+001  3.10014e-002  7.55083e+002
          7862  7.65216e+002  7.86200e+003 -8.13090e+001  3.10006e-002  7.55167e+002
          7863  7.65301e+002  7.86300e+003 -8.13105e+001  3.10001e-002  7.55250e+002
          7864  7.65390e+002  7.86400e+003 -8.13140e+001  3.10003e-002  7.55333e+002
          7865  7.65468e+002  7.86500e+003 -8.13177e+001  3.10002e-002  7.55417e+002
          7866  7.65555e+002  7.86600e+003 -8.13208e+001  3.10001e-002  7.55500e+002
          7867  7.65640e+002  7.86700e+003 -8.13230e+001  3.10000e-002  7.55583e+002
          7868  7.65717e+002  7.86800e+003 -8.13258e+001  3.10000e-002  7.55667e+002
          7869  7.65800e+002  7.86900e+003 -8.13284e+001  3.10000e-002  7.55750e+002
          7870  7.65885e+002  7.87000e+003 -8.13307e+001  3.10000e-002  7.55833e+002
          7871  7.65968e+002  7.87100e+003 -8.13326e+001  3.10000e-002  7.55917e+002
          7872  7.66047e+002  7.87200e+003 -8.13364e+001  3.10000e-002  7.56000e+002
          7873  7.66135e+002  7.87300e+003 -8.13372e+001  3.10000e-002  7.56083e+002
          7874  7.66217e+002  7.87400e+003 -8.13360e+001  3.10000e-002  7.56167e+002
          7875  7.66298e+002  7.87500e+003 -8.13349e+001  3.10000e-002  7.56250e+002
          7876  7.66379e+002  7.87600e+003 -8.13322e+001  3.10000e-002  7.56333e+002
          7877  7.66472e+002  7.87700e+003 -8.13320e+001  3.10000e-002  7.56417e+002
          7878  7.66556e+002  7.87800e+003 -8.13318e+001  3.10000e-002  7.56500e+002
          7879  7.66629e+002  7.87900e+003 -8.13310e+001  3.10000e-002  7.56583e+002
          7880  7.66716e+002  7.88000e+003 -8.13299e+001  3.10000e-002  7.56667e+002
          7881  7.66800e+002  7.88100e+003 -8.13300e+001  3.10000e-002  7.56750e+002
          7882  7.66883e+002  7.88200e+003 -8.13305e+001  3.10000e-002  7.56833e+002
          7883  7.66975e+002  7.88300e+003 -8.13296e+001  3.10000e-002  7.56917e+002
          7884  7.67052e+002  7.88400e+003 -8.13312e+001  3.10000e-002  7.57000e+002
          7885  7.67134e+002  7.88500e+003 -8.13304e+001  3.10000e-002  7.57083e+002
          7886  7.67223e+002  7.88600e+003 -8.13302e+001  3.10000e-002  7.57167e+002
          7887  7.67310e+002  7.88700e+003 -8.13296e+001  3.10000e-002  7.57250e+002
          7888  7.67384e+002  7.88800e+003 -8.13292e+001  3.10000e-002  7.57333e+002
          7889  7.67469e+002  7.88900e+003 -8.13294e+001  3.10000e-002  7.57417e+002
          7890  7.67548e+002  7.89000e+003 -8.13299e+001  3.10000e-002  7.57500e+002
          7891  7.67637e+002  7.89100e+003 -8.13304e+001  3.10000e-002  7.57583e+002
          7892  7.67718e+002  7.89200e+003 -8.13299e+001  3.10000e-002  7.57667e+002
          7893  7.67805e+002  7.89300e+003 -8.13302e+001  3.10000e-002  7.57750e+002
          7894  7.67888e+002  7.89400e+003 -8.13304e+001  3.10000e-002  7.57833e+002
          7895  7.67972e+002  7.89500e+003 -8.13318e+001  3.10000e-002  7.57917e+002
          7896  7.68055e+002  7.89600e+003 -8.13343e+001  3.10000e-002  7.58000e+002
          7897  7.68148e+002  7.89700e+003 -8.13364e+001  3.10000e-002  7.58083e+002
          7898  7.68220e+002  7.89800e+003 -8.13381e+001  3.10000e-002  7.58167e+002
          7899  7.68313e+002  7.89900e+003 -8.13392e+001  3.10000e-002  7.58250e+002
          7900  7.68391e+002  7.90000e+003 -8.13399e+001  3.10000e-002  7.58333e+002
          7901  7.68467e+002  7.90100e+003 -8.13390e+001  3.10000e-002  7.58417e+002
          7902  7.68556e+002  7.90200e+003 -8.13384e+001  3.10000e-002  7.58500e+002
          7903  7.68649e+002  7.90300e+003 -8.13378e+001  3.10000e-002  7.58583e+002
          7904  7.68726e+002  7.90400e+003 -8.13381e+001  3.10000e-002  7.58667e+002
          7905  7.68811e+002  7.90500e+003 -8.13389e+001  3.10000e-002  7.58750e+002
          7906  7.68885e+002  7.90600e+003 -8.13397e+001  3.10000e-002  7.58833e+002
          7907  7.68974e+002  7.90700e+003 -8.13405e+001  3.10000e-002  7.58917e+002
          7908  7.69062e+002  7.90800e+003 -8.13369e+001  3.10000e-002  7.59000e+002
          7909  7.69153e+002  7.90900e+003 -8.13347e+001  3.10000e-002  7.59083e+002
          7910  7.69228e+002  7.91000e+003 -8.13335e+001  3.10000e-002  7.59167e+002
          7911  7.69313e+002  7.91100e+003 -8.13315e+001  3.10000e-002  7.59250e+002
          7912  7.69394e+002  7.91200e+003 -8.13342e+001  3.10000e-002  7.59333e+002
          7913  7.69478e+002  7.91300e+003 -8.13356e+001  3.10000e-002  7.59417e+002
          7914  7.69565e+002  7.91400e+003 -8.13380e+001  3.10000e-002  7.59500e+002
          7915  7.69647e+002  7.91500e+003 -8.13389e+001  3.10000e-002  7.59583e+002
          7916  7.69734e+002  7.91600e+003 -8.13380e+001  3.10000e-002  7.59667e+002
          7917  7.69815e+002  7.91700e+003 -8.13384e+001  3.10000e-002  7.59750e+002
          7918  7.69903e+002  7.91800e+003 -8.13393e+001  3.10000e-002  7.59833e+002
          7919  7.69991e+002  7.91900e+003 -8.13413e+001  3.10000e-002  7.59917e+002
          7920  7.70064e+002  7.92000e+003 -8.13448e+001  3.10000e-002  7.60000e+002
          7921  7.70146e+002  7.92100e+003 -8.13478e+001  3.10000e-002  7.60083e+002
          7922  7.70226e+002  7.92200e+003 -8.13500e+001  3.10000e-002  7.60167e+002
          7923  7.70310e+002  7.92300e+003 -8.13504e+001  3.10000e-002  7.60250e+002
          7924  7.70401e+002  7.92400e+003 -8.13536e+001  3.09722e-002  7.60333e+002
          7925  7.70484e+002  7.92500e+003 -8.13566e+001  3.08819e-002  7.60417e+002
          7926  7.70570e+002  7.92600e+003 -8.13587e+001  3.07760e-002  7.60500e+002
          7927  7.70655e+002  7.92700e+003 -8.13603e+001  3.06667e-002  7.60583e+002
          7928  7.70736e+002  7.92800e+003 -8.13617e+001  3.04977e-002  7.60667e+002
          7929  7.70825e+002  7.92900e+003 -8.13633e+001  3.03770e-002  7.60750e+002
          7930  7.70915e+002  7.93000e+003 -8.13644e+001  3.02762e-002  7.60833e+002
          7931  7.70998e+002  7.93100e+003 -8.13652e+001  3.01852e-002  7.60917e+002
          7932  7.71076e+002  7.93200e+003 -8.13626e+001  3.01438e-002  7.61000e+002
          7933  7.71153e+002  7.93300e+003 -8.13629e+001  3.00953e-002  7.61083e+002
          7934  7.71238e+002  7.93400e+003 -8.13651e+001  3.00546e-002  7.61167e+002
          7935  7.71329e+002  7.93500e+003 -8.13677e+001  3.00206e-002  7.61250e+002
          7936  7.71415e+002  7.93600e+003 -8.13670e+001  3.00273e-002  7.61333e+002
          7937  7.71500e+002  7.93700e+003 -8.13663e+001  3.00184e-002  7.61417e+002
          7938  7.71585e+002  7.93800e+003 -8.13670e+001  3.00093e-002  7.61500e+002
          7939  7.71661e+002  7.93900e+003 -8.13685e+001  3.00023e-002  7.61583e+002
          7940  7.71745e+002  7.94000e+003 -8.13717e+001  3.00046e-002  7.61667e+002
          7941  7.71826e+002  7.94100e+003 -8.13725e+001  3.00031e-002  7.61750e+002
          7942  7.71913e+002  7.94200e+003 -8.13727e+001  3.00015e-002  7.61833e+002
          7943  7.71994e+002  7.94300e+003 -8.13732e+001  3.00003e-002  7.61917e+002
          7944  7.72081e+002  7.94400e+003 -8.13748e+001  3.00007e-002  7.62000e+002
          7945  7.72162e+002  7.94500e+003 -8.13765e+001  3.00005e-002  7.62083e+002
          7946  7.72241e+002  7.94600e+003 -8.13785e+001  3.00002e-002  7.62167e+002
          7947  7.72327e+002  7.94700e+003 -8.13799e+001  3.00000e-002  7.62250e+002
          7948  7.72413e+002  7.94800e+003 -8.13802e+001  3.00001e-002  7.62333e+002
          7949  7.72499e+002  7.94900e+003 -8.13812e+001  3.00001e-002  7.62417e+002
          7950  7.72583e+002  7.95000e+003 -8.13833e+001  3.00000e-002  7.62500e+002
          7951  7.72658e+002  7.95100e+003 -8.13844e+001  3.00000e-002  7.62583e+002
          7952  7.72744e+002  7.95200e+003 -8.13861e+001  3.00000e-002  7.62667e+002
          7953  7.72831e+002  7.95300e+003 -8.13863e+001  3.00000e-002  7.62750e+002
          7954  7.72916e+002  7.95400e+003 -8.13851e+001  3.00000e-002  7.62833e+002
          7955  7.72995e+002  7.95500e+003 -8.13834e+001  3.00000e-002  7.62917e+002
          7956  7.73080e+002  7.95600e+003 -8.13804e+001  3.00000e-002  7.63000e+002
          7957  7.73167e+002  7.95700e+003 -8.13798e+001  3.00000e-002  7.63083e+002
          7958  7.73241e+002  7.95800e+003 -8.13802e+001  3.00000e-002  7.63167e+002
          7959  7.73329e+002  7.95900e+003 -8.13801e+001  3.00000e-002  7.63250e+002
          7960  7.73411e+002  7.96000e+003 -8.13766e+001  3.00000e-002  7.63333e+002
          7961  7.73502e+002  7.96100e+003 -8.13743e+001  3.00000e-002  7.63417e+002
          7962  7.73582e+002  7.96200e+003 -8.13717e+001  3.00000e-002  7.63500e+002
          7963  7.73675e+002  7.96300e+003 -8.13684e+001  3.00000e-002  7.63583e+002
          7964  7.73751e+002  7.96400e+003 -8.13641e+001  3.00000e-002  7.63667e+002
          7965  7.73836e+002  7.96500e+003 -8.13618e+001  3.00000e-002  7.63750e+002
          7966  7.73919e+002  7.96600e+003 -8.13595e+001  3.00000e-002  7.63833e+002
          7967  7.73999e+002  7.96700e+003 -8.13566e+001  3.00000e-002  7.63917e+002
          7968  7.74082e+002  7.96800e+003 -8.13549e+001  3.00000e-002  7.64000e+002
          7969  7.74167e+002  7.96900e+003 -8.13543e+001  3.00000e-002  7.64083e+002
          7970  7.74254e+002  7.97000e+003 -8.13535e+001  3.00000e-002  7.64167e+002
          7971  7.74334e+002  7.97100e+003 -8.13518e+001  3.00000e-002  7.64250e+002
          7972  7.74428e+002  7.97200e+003 -8.13508e+001  3.00000e-002  7.64333e+002
          7973  7.74511e+002  7.97300e+003 -8.13511e+001  3.00000e-002  7.64417e+002
          7974  7.74599e+002  7.97400e+003 -8.13518e+001  3.00000e-002  7.64500e+002
          7975  7.74677e+002  7.97500e+003 -8.13524e+001  3.00000e-002  7.64583e+002
          7976  7.74756e+002  7.97600e+003 -8.13582e+001  3.00000e-002  7.64667e+002
          7977  7.74842e+002  7.97700e+003 -8.13626e+001  3.00000e-002  7.64750e+002
          7978  7.74925e+002  7.97800e+003 -8.13666e+001  3.00000e-002  7.64833e+002
          7979  7.75006e+002  7.97900e+003 -8.13709e+001  3.00000e-002  7.64917e+002
          7980  7.75088e+002  7.98000e+003 -8.13740e+001  3.00000e-002  7.65000e+002
          7981  7.75176e+002  7.98100e+003 -8.13767e+001  3.00000e-002  7.65083e+002
          7982  7.75261e+002  7.98200e+003 -8.13784e+001  3.00000e-002  7.65167e+002
          7983  7.75346e+002  7.98300e+003 -8.13803e+001  3.00000e-002  7.65250e+002
          7984  7.75427e+002  7.98400e+003 -8.13843e+001  3.00000e-002  7.65333e+002
          7985  7.75507e+002  7.98500e+003 -8.13860e+001  3.00000e-002  7.65417e+002
          7986  7.75590e+002  7.98600e+003 -8.13878e+001  3.00000e-002  7.65500e+002
          7987  7.75675e+002  7.98700e+003 -8.13891e+001  3.00000e-002  7.65583e+002
          7988  7.75763e+002  7.98800e+003 -8.13870e+001  3.00000e-002  7.65667e+002
          7989  7.75844e+002  7.98900e+003 -8.13872e+001  3.00000e-002  7.65750e+002
          7990  7.75925e+002  7.99000e+003 -8.13882e+001  3.00000e-002  7.65833e+002
          7991  7.76013e+002  7.99100e+003 -8.13901e+001  3.00000e-002  7.65917e+002
          7992  7.76096e+002  7.99200e+003 -8.13907e+001  3.00000e-002  7.66000e+002
          7993  7.76178e+002  7.99300e+003 -8.13918e+001  3.00000e-002  7.66083e+002
          7994  7.76263e+002  7.99400e+003 -8.13934e+001  3.00000e-002  7.66167e+002
          7995  7.76347e+002  7.99500e+003 -8.13952e+001  3.00000e-002  7.66250e+002
          7996  7.76442e+002  7.99600e+003 -8.13968e+001  3.00000e-002  7.66333e+002
          7997  7.76524e+002  7.99700e+003 -8.13962e+001  3.00000e-002  7.66417e+002
          7998  7.76604e+002  7.99800e+003 -8.13966e+001  3.00000e-002  7.66500e+002
          7999  7.76692e+002  7.99900e+003 -8.13970e+001  3.00000e-002  7.66583e+002
          8000  7.76767e+002  8.00000e+003 -8.13966e+001  3.00000e-002  7.66667e+002
          8001  7.76851e+002  8.00100e+003 -8.13953e+001  3.00000e-002  7.66750e+002
          8002  7.76937e+002  8.00200e+003 -8.13954e+001  3.00000e-002  7.66833e+002
          8003  7.77017e+002  8.00300e+003 -8.13948e+001  3.00000e-002  7.66917e+002
          8004  7.77101e+002  8.00400e+003 -8.13923e+001  3.00000e-002  7.67000e+002
          8005  7.77182e+002  8.00500e+003 -8.13928e+001  3.00000e-002  7.67083e+002
          8006  7.77271e+002  8.00600e+003 -8.13933e+001  2.99722e-002  7.67167e+002
          8007  7.77351e+002  8.00700e+003 -8.13946e+001  2.98889e-002  7.67250e+002
          8008  7.77433e+002  8.00800e+003 -8.13953e+001  2.97662e-002  7.67333e+002
          8009  7.77522e+002  8.00900e+003 -8.13963e+001  2.96522e-002  7.67417e+002
          8010  7.77608e+002  8.01000e+003 -8.13957e+001  2.95411e-002  7.67500e+002
          8011  7.77682e+002  8.01100e+003 -8.13955e+001  2.94321e-002  7.67583e+002
          8012  7.77767e+002  8.01200e+003 -8.13998e+001  2.92860e-002  7.67667e+002
          8013  7.77848e+002  8.01300e+003 -8.14017e+001  2.91888e-002  7.67750e+002
          8014  7.77936e+002  8.01400e+003 -8.14026e+001  2.91133e-002  7.67833e+002
          8015  7.78017e+002  8.01500e+003 -8.14039e+001  2.90480e-002  7.67917e+002
          8016  7.78100e+002  8.01600e+003 -8.14044e+001  2.90571e-002  7.68000e+002
          8017  7.78192e+002  8.01700e+003 -8.14048e+001  2.90382e-002  7.68083e+002
          8018  7.78273e+002  8.01800e+003 -8.14057e+001  2.90198e-002  7.68167e+002
          8019  7.78356e+002  8.01900e+003 -8.14078e+001  2.90053e-002  7.68250e+002
          8020  7.78438e+002  8.02000e+003 -8.14085e+001  2.90098e-002  7.68333e+002
          8021  7.78518e+002  8.02100e+003 -8.14089e+001  2.90067e-002  7.68417e+002
          8022  7.78608e+002  8.02200e+003 -8.14090e+001  2.90032e-002  7.68500e+002
          8023  7.78690e+002  8.02300e+003 -8.14090e+001  2.90006e-002  7.68583e+002
          8024  7.78770e+002  8.02400e+003 -8.14089e+001  2.90016e-002  7.68667e+002
          8025  7.78856e+002  8.02500e+003 -8.14089e+001  2.90011e-002  7.68750e+002
          8026  7.78942e+002  8.02600e+003 -8.14087e+001  2.90005e-002  7.68833e+002
          8027  7.79027e+002  8.02700e+003 -8.14094e+001  2.90001e-002  7.68917e+002
          8028  7.79111e+002  8.02800e+003 -8.14117e+001  2.90002e-002  7.69000e+002
          8029  7.79195e+002  8.02900e+003 -8.14138e+001  2.90002e-002  7.69083e+002
          8030  7.79279e+002  8.03000e+003 -8.14151e+001  2.90001e-002  7.69167e+002
          8031  7.79357e+002  8.03100e+003 -8.14167e+001  2.90000e-002  7.69250e+002
          8032  7.79443e+002  8.03200e+003 -8.14171e+001  2.90000e-002  7.69333e+002
          8033  7.79525e+002  8.03300e+003 -8.14188e+001  2.90000e-002  7.69417e+002
          8034  7.79613e+002  8.03400e+003 -8.14196e+001  2.90000e-002  7.69500e+002
          8035  7.79699e+002  8.03500e+003 -8.14198e+001  2.90000e-002  7.69583e+002
          8036  7.79777e+002  8.03600e+003 -8.14221e+001  2.90000e-002  7.69667e+002
          8037  7.79855e+002  8.03700e+003 -8.14241e+001  2.90000e-002  7.69750e+002
          8038  7.79942e+002  8.03800e+003 -8.14261e+001  2.90000e-002  7.69833e+002
          8039  7.80029e+002  8.03900e+003 -8.14277e+001  2.90000e-002  7.69917e+002
          8040  7.80107e+002  8.04000e+003 -8.14252e+001  2.90000e-002  7.70000e+002
          8041  7.80201e+002  8.04100e+003 -8.14243e+001  2.90000e-002  7.70083e+002
          8042  7.80277e+002  8.04200e+003 -8.14236e+001  2.90000e-002  7.70167e+002
          8043  7.80370e+002  8.04300e+003 -8.14222e+001  2.90000e-002  7.70250e+002
          8044  7.80452e+002  8.04400e+003 -8.14203e+001  2.90000e-002  7.70333e+002
          8045  7.80526e+002  8.04500e+003 -8.14203e+001  2.90000e-002  7.70417e+002
          8046  7.80601e+002  8.04600e+003 -8.14200e+001  2.90000e-002  7.70500e+002
          8047  7.80694e+002  8.04700e+003 -8.14194e+001  2.90000e-002  7.70583e+002
          8048  7.80781e+002  8.04800e+003 -8.14199e+001  2.90000e-002  7.70667e+002
          8049  7.80864e+002  8.04900e+003 -8.14186e+001  2.90000e-002  7.70750e+002
          8050  7.80952e+002  8.05000e+003 -8.14161e+001  2.90000e-002  7.70833e+002
          8051  7.81035e+002  8.05100e+003 -8.14146e+001  2.90000e-002  7.70917e+002
          8052  7.81120e+002  8.05200e+003 -8.14125e+001  2.90000e-002  7.71000e+002
          8053  7.81202e+002  8.05300e+003 -8.14115e+001  2.90000e-002  7.71083e+002
          8054  7.81287e+002  8.05400e+003 -8.14109e+001  2.90000e-002  7.71167e+002
          8055  7.81366e+002  8.05500e+003 -8.14096e+001  2.90000e-002  7.71250e+002
          8056  7.81457e+002  8.05600e+003 -8.14097e+001  2.90000e-002  7.71333e+002
          8057  7.81537e+002  8.05700e+003 -8.14101e+001  2.90000e-002  7.71417e+002
          8058  7.81624e+002  8.05800e+003 -8.14096e+001  2.90000e-002  7.71500e+002
          8059  7.81701e+002  8.05900e+003 -8.14079e+001  2.90000e-002  7.71583e+002
          8060  7.81792e+002  8.06000e+003 -8.14076e+001  2.90000e-002  7.71667e+002
          8061  7.81880e+002  8.06100e+003 -8.14083e+001  2.90000e-002  7.71750e+002
          8062  7.81958e+002  8.06200e+003 -8.14082e+001  2.90000e-002  7.71833e+002
          8063  7.82039e+002  8.06300e+003 -8.14088e+001  2.90000e-002  7.71917e+002
          8064  7.82125e+002  8.06400e+003 -8.14097e+001  2.90000e-002  7.72000e+002
          8065  7.82207e+002  8.06500e+003 -8.14105e+001  2.90000e-002  7.72083e+002
          8066  7.82289e+002  8.06600e+003 -8.14118e+001  2.90000e-002  7.72167e+002
          8067  7.82369e+002  8.06700e+003 -8.14147e+001  2.90000e-002  7.72250e+002
          8068  7.82459e+002  8.06800e+003 -8.14157e+001  2.90000e-002  7.72333e+002
          8069  7.82541e+002  8.06900e+003 -8.14175e+001  2.90000e-002  7.72417e+002
          8070  7.82620e+002  8.07000e+003 -8.14193e+001  2.90000e-002  7.72500e+002
          8071  7.82703e+002  8.07100e+003 -8.14209e+001  2.90000e-002  7.72583e+002
          8072  7.82786e+002  8.07200e+003 -8.14250e+001  2.90000e-002  7.72667e+002
          8073  7.82873e+002  8.07300e+003 -8.14268e+001  2.90000e-002  7.72750e+002
          8074  7.82954e+002  8.07400e+003 -8.14286e+001  2.90000e-002  7.72833e+002
          8075  7.83043e+002  8.07500e+003 -8.14300e+001  2.90000e-002  7.72917e+002
          8076  7.83126e+002  8.07600e+003 -8.14308e+001  2.90000e-002  7.73000e+002
          8077  7.83209e+002  8.07700e+003 -8.14302e+001  2.90000e-002  7.73083e+002
          8078  7.83291e+002  8.07800e+003 -8.14306e+001  2.90000e-002  7.73167e+002
          8079  7.83376e+002  8.07900e+003 -8.14320e+001  2.90000e-002  7.73250e+002
          8080  7.83459e+002  8.08000e+003 -8.14278e+001  2.90000e-002  7.73333e+002
          8081  7.83534e+002  8.08100e+003 -8.14272e+001  2.90000e-002  7.73417e+002
          8082  7.83626e+002  8.08200e+003 -8.14276e+001  2.90000e-002  7.73500e+002
          8083  7.83702e+002  8.08300e+003 -8.14285e+001  2.90000e-002  7.73583e+002
          8084  7.83789e+002  8.08400e+003 -8.14274e+001  2.90000e-002  7.73667e+002
          8085  7.83877e+002  8.08500e+003 -8.14267e+001  2.90000e-002  7.73750e+002
          8086  7.83971e+002  8.08600e+003 -8.14267e+001  2.90000e-002  7.73833e+002
          8087  7.84046e+002  8.08700e+003 -8.14272e+001  2.90000e-002  7.73917e+002
          8088  7.84127e+002  8.08800e+003 -8.14317e+001  2.90000e-002  7.74000e+002
          8089  7.84211e+002  8.08900e+003 -8.14344e+001  2.90000e-002  7.74083e+002
          8090  7.84296e+002  8.09000e+003 -8.14364e+001  2.90000e-002  7.74167e+002
          8091  7.84369e+002  8.09100e+003 -8.14381e+001  2.90000e-002  7.74250e+002
          8092  7.84454e+002  8.09200e+003 -8.14392e+001  2.90000e-002  7.74333e+002
          8093  7.84545e+002  8.09300e+003 -8.14410e+001  2.90000e-002  7.74417e+002
          8094  7.84627e+002  8.09400e+003 -8.14421e+001  2.90000e-002  7.74500e+002
          8095  7.84703e+002  8.09500e+003 -8.14434e+001  2.90000e-002  7.74583e+002
          8096  7.84798e+002  8.09600e+003 -8.14474e+001  2.90000e-002  7.74667e+002
          8097  7.84873e+002  8.09700e+003 -8.14493e+001  2.90000e-002  7.74750e+002
          8098  7.84954e+002  8.09800e+003 -8.14514e+001  2.90000e-002  7.74833e+002
          8099  7.85043e+002  8.09900e+003 -8.14536e+001  2.90000e-002  7.74917e+002
          8100  7.85127e+002  8.10000e+003 -8.14535e+001  2.90000e-002  7.75000e+002
          8101  7.85207e+002  8.10100e+003 -8.14542e+001  2.90000e-002  7.75083e+002
          8102  7.85292e+002  8.10200e+003 -8.14553e+001  2.90000e-002  7.75167e+002
          8103  7.85380e+002  8.10300e+003 -8.14558e+001  2.90000e-002  7.75250e+002
          8104  7.85457e+002  8.10400e+003 -8.14570e+001  2.90000e-002  7.75333e+002
          8105  7.85544e+002  8.10500e+003 -8.14586e+001  2.90000e-002  7.75417e+002
          8106  7.85624e+002  8.10600e+003 -8.14605e+001  2.90000e-002  7.75500e+002
          8107  7.85709e+002  8.10700e+003 -8.14621e+001  2.90000e-002  7.75583e+002
          8108  7.85793e+002  8.10800e+003 -8.14636e+001  2.90000e-002  7.75667e+002
          8109  7.85871e+002  8.10900e+003 -8.14651e+001  2.90000e-002  7.75750e+002
          8110  7.85956e+002  8.11000e+003 -8.14669e+001  2.90000e-002  7.75833e+002
          8111  7.86043e+002  8.11100e+003 -8.14680e+001  2.90000e-002  7.75917e+002
          8112  7.86122e+002  8.11200e+003 -8.14663e+001  2.90000e-002  7.76000e+002
          8113  7.86213e+002  8.11300e+003 -8.14657e+001  2.90000e-002  7.76083e+002
          8114  7.86298e+002  8.11400e+003 -8.14669e+001  2.90000e-002  7.76167e+002
          8115  7.86381e+002  8.11500e+003 -8.14689e+001  2.90000e-002  7.76250e+002
          8116  7.86459e+002  8.11600e+003 -8.14702e+001  2.90000e-002  7.76333e+002
          8117  7.86542e+002  8.11700e+003 -8.14708e+001  2.90000e-002  7.76417e+002
          8118  7.86623e+002  8.11800e+003 -8.14705e+001  2.90000e-002  7.76500e+002
          8119  7.86717e+002  8.11900e+003 -8.14696e+001  2.90000e-002  7.76583e+002
          8120  7.86794e+002  8.12000e+003 -8.14682e+001  2.90000e-002  7.76667e+002
          8121  7.86888e+002  8.12100e+003 -8.14684e+001  2.90000e-002  7.76750e+002
          8122  7.86963e+002  8.12200e+003 -8.14687e+001  2.90000e-002  7.76833e+002
          8123  7.87048e+002  8.12300e+003 -8.14689e+001  2.90000e-002  7.76917e+002
          8124  7.87137e+002  8.12400e+003 -8.14714e+001  2.90000e-002  7.77000e+002
          8125  7.87215e+002  8.12500e+003 -8.14738e+001  2.90000e-002  7.77083e+002
          8126  7.87301e+002  8.12600e+003 -8.14765e+001  2.90000e-002  7.77167e+002
          8127  7.87380e+002  8.12700e+003 -8.14785e+001  2.90000e-002  7.77250e+002
          8128  7.87468e+002  8.12800e+003 -8.14791e+001  2.90000e-002  7.77333e+002
          8129  7.87547e+002  8.12900e+003 -8.14807e+001  2.90000e-002  7.77417e+002
          8130  7.87633e+002  8.13000e+003 -8.14820e+001  2.90000e-002  7.77500e+002
          8131  7.87718e+002  8.13100e+003 -8.14824e+001  2.90000e-002  7.77583e+002
          8132  7.87798e+002  8.13200e+003 -8.14863e+001  2.90000e-002  7.77667e+002
          8133  7.87888e+002  8.13300e+003 -8.14882e+001  2.90000e-002  7.77750e+002
          8134  7.87965e+002  8.13400e+003 -8.14895e+001  2.90000e-002  7.77833e+002
          8135  7.88049e+002  8.13500e+003 -8.14905e+001  2.90000e-002  7.77917e+002
          8136  7.88135e+002  8.13600e+003 -8.14883e+001  2.90000e-002  7.78000e+002
          8137  7.88222e+002  8.13700e+003 -8.14868e+001  2.90000e-002  7.78083e+002
          8138  7.88310e+002  8.13800e+003 -8.14863e+001  2.90000e-002  7.78167e+002
          8139  7.88392e+002  8.13900e+003 -8.14852e+001  2.90000e-002  7.78250e+002
          8140  7.88464e+002  8.14000e+003 -8.14824e+001  2.90000e-002  7.78333e+002
          8141  7.88549e+002  8.14100e+003 -8.14812e+001  2.90000e-002  7.78417e+002
          8142  7.88640e+002  8.14200e+003 -8.14805e+001  2.90000e-002  7.78500e+002
          8143  7.88726e+002  8.14300e+003 -8.14800e+001  2.90000e-002  7.78583e+002
          8144  7.88808e+002  8.14400e+003 -8.14786e+001  2.90000e-002  7.78667e+002
          8145  7.88899e+002  8.14500e+003 -8.14771e+001  2.90000e-002  7.78750e+002
          8146  7.88980e+002  8.14600e+003 -8.14770e+001  2.90000e-002  7.78833e+002
          8147  7.89060e+002  8.14700e+003 -8.14786e+001  2.90000e-002  7.78917e+002
          8148  7.89143e+002  8.14800e+003 -8.14824e+001  2.90000e-002  7.79000e+002
          8149  7.89219e+002  8.14900e+003 -8.14837e+001  2.90000e-002  7.79083e+002
          8150  7.89314e+002  8.15000e+003 -8.14847e+001  2.90000e-002  7.79167e+002
          8151  7.89385e+002  8.15100e+003 -8.14851e+001  2.90000e-002  7.79250e+002
          8152  7.89474e+002  8.15200e+003 -8.14884e+001  2.90000e-002  7.79333e+002
          8153  7.89554e+002  8.15300e+003 -8.14891e+001  2.90000e-002  7.79417e+002
          8154  7.89634e+002  8.15400e+003 -8.14884e+001  2.90000e-002  7.79500e+002
          8155  7.89722e+002  8.15500e+003 -8.14878e+001  2.90000e-002  7.79583e+002
          8156  7.89803e+002  8.15600e+003 -8.14905e+001  2.90000e-002  7.79667e+002
          8157  7.89892e+002  8.15700e+003 -8.14922e+001  2.90000e-002  7.79750e+002
          8158  7.89979e+002  8.15800e+003 -8.14931e+001  2.90000e-002  7.79833e+002
          8159  7.90057e+002  8.15900e+003 -8.14929e+001  2.90000e-002  7.79917e+002
          8160  7.90142e+002  8.16000e+003 -8.14901e+001  2.90000e-002  7.80000e+002
          8161  7.90230e+002  8.16100e+003 -8.14907e+001  2.90000e-002  7.80083e+002
          8162  7.90308e+002  8.16200e+003 -8.14915e+001  2.90000e-002  7.80167e+002
          8163  7.90394e+002  8.16300e+003 -8.14915e+001  2.90000e-002  7.80250e+002
          8164  7.90475e+002  8.16400e+003 -8.14958e+001  2.90000e-002  7.80333e+002
          8165  7.90558e+002  8.16500e+003 -8.14978e+001  2.90000e-002  7.80417e+002
          8166  7.90641e+002  8.16600e+003 -8.14982e+001  2.90000e-002  7.80500e+002
          8167  7.90730e+002  8.16700e+003 -8.14988e+001  2.90000e-002  7.80583e+002
          8168  7.90811e+002  8.16800e+003 -8.14991e+001  2.90000e-002  7.80667e+002
          8169  7.90893e+002  8.16900e+003 -8.14990e+001  2.90000e-002  7.80750e+002
          8170  7.90972e+002  8.17000e+003 -8.14992e+001  2.90000e-002  7.80833e+002
          8171  7.91064e+002  8.17100e+003 -8.14989e+001  2.90000e-002  7.80917e+002
          8172  7.91152e+002  8.17200e+003 -8.14987e+001  2.90000e-002  7.81000e+002
          8173  7.91231e+002  8.17300e+003 -8.14979e+001  2.90000e-002  7.81083e+002
          8174  7.91314e+002  8.17400e+003 -8.14965e+001  2.90000e-002  7.81167e+002
          8175  7.91396e+002  8.17500e+003 -8.14948e+001  2.90000e-002  7.81250e+002
          8176  7.91479e+002  8.17600e+003 -8.14941e+001  2.88889e-002  7.81333e+002
          8177  7.91570e+002  8.17700e+003 -8.14943e+001  2.87778e-002  7.81417e+002
          8178  7.91654e+002  8.17800e+003 -8.14953e+001  2.86667e-002  7.81500e+002
          8179  7.91730e+002  8.17900e+003 -8.14977e+001  2.85556e-002  7.81583e+002
          8180  7.91820e+002  8.18000e+003 -8.14973e+001  2.83549e-002  7.81667e+002
          8181  7.91901e+002  8.18100e+003 -8.14977e+001  2.82338e-002  7.81750e+002
          8182  7.91976e+002  8.18200e+003 -8.14994e+001  2.81418e-002  7.81833e+002
          8183  7.92072e+002  8.18300e+003 -8.15016e+001  2.80617e-002  7.81917e+002
          8184  7.92159e+002  8.18400e+003 -8.15044e+001  2.80716e-002  7.82000e+002
          8185  7.92242e+002  8.18500e+003 -8.15057e+001  2.80478e-002  7.82083e+002
          8186  7.92323e+002  8.18600e+003 -8.15068e+001  2.80250e-002  7.82167e+002
          8187  7.92416e+002  8.18700e+003 -8.15077e+001  2.80069e-002  7.82250e+002
          8188  7.92497e+002  8.18800e+003 -8.15103e+001  2.80123e-002  7.82333e+002
          8189  7.92576e+002  8.18900e+003 -8.15115e+001  2.80084e-002  7.82417e+002
          8190  7.92659e+002  8.19000e+003 -8.15134e+001  2.80041e-002  7.82500e+002
          8191  7.92750e+002  8.19100e+003 -8.15144e+001  2.80008e-002  7.82583e+002
          8192  7.92833e+002  8.19200e+003 -8.15156e+001  2.80020e-002  7.82667e+002
          8193  7.92921e+002  8.19300e+003 -8.15187e+001  2.80014e-002  7.82750e+002
          8194  7.93004e+002  8.19400e+003 -8.15228e+001  2.80006e-002  7.82833e+002
          8195  7.93084e+002  8.19500e+003 -8.15276e+001  2.80001e-002  7.82917e+002
          8196  7.93169e+002  8.19600e+003 -8.15319e+001  2.80003e-002  7.83000e+002
          8197  7.93243e+002  8.19700e+003 -8.15347e+001  2.80002e-002  7.83083e+002
          8198  7.93334e+002  8.19800e+003 -8.15373e+001  2.80001e-002  7.83167e+002
          8199  7.93419e+002  8.19900e+003 -8.15413e+001  2.80000e-002  7.83250e+002
          8200  7.93510e+002  8.20000e+003 -8.15460e+001  2.80000e-002  7.83333e+002
          8201  7.93588e+002  8.20100e+003 -8.15484e+001  2.80000e-002  7.83417e+002
          8202  7.93669e+002  8.20200e+003 -8.15506e+001  2.80000e-002  7.83500e+002
          8203  7.93750e+002  8.20300e+003 -8.15530e+001  2.80000e-002  7.83583e+002
          8204  7.93835e+002  8.20400e+003 -8.15571e+001  2.80000e-002  7.83667e+002
          8205  7.93925e+002  8.20500e+003 -8.15602e+001  2.80000e-002  7.83750e+002
          8206  7.94004e+002  8.20600e+003 -8.15629e+001  2.80000e-002  7.83833e+002
          8207  7.94079e+002  8.20700e+003 -8.15658e+001  2.80000e-002  7.83917e+002
          8208  7.94169e+002  8.20800e+003 -8.15659e+001  2.80000e-002  7.84000e+002
          8209  7.94255e+002  8.20900e+003 -8.15679e+001  2.80000e-002  7.84083e+002
          8210  7.94336e+002  8.21000e+003 -8.15693e+001  2.80000e-002  7.84167e+002
          8211  7.94431e+002  8.21100e+003 -8.15702e+001  2.80000e-002  7.84250e+002
          8212  7.94503e+002  8.21200e+003 -8.15723e+001  2.80000e-002  7.84333e+002
          8213  7.94595e+002  8.21300e+003 -8.15735e+001  2.80000e-002  7.84417e+002
          8214  7.94673e+002  8.21400e+003 -8.15745e+001  2.80000e-002  7.84500e+002
          8215  7.94759e+002  8.21500e+003 -8.15747e+001  2.80000e-002  7.84583e+002
          8216  7.94836e+002  8.21600e+003 -8.15716e+001  2.80000e-002  7.84667e+002
          8217  7.94924e+002  8.21700e+003 -8.15706e+001  2.80000e-002  7.84750e+002
          8218  7.95010e+002  8.21800e+003 -8.15712e+001  2.80000e-002  7.84833e+002
          8219  7.95092e+002  8.21900e+003 -8.15718e+001  2.80000e-002  7.84917e+002
          8220  7.95176e+002  8.22000e+003 -8.15713e+001  2.80000e-002  7.85000e+002
          8221  7.95255e+002  8.22100e+003 -8.15718e+001  2.80000e-002  7.85083e+002
          8222  7.95335e+002  8.22200e+003 -8.15732e+001  2.80000e-002  7.85167e+002
          8223  7.95426e+002  8.22300e+003 -8.15751e+001  2.80000e-002  7.85250e+002
          8224  7.95514e+002  8.22400e+003 -8.15753e+001  2.80000e-002  7.85333e+002
          8225  7.95591e+002  8.22500e+003 -8.15763e+001  2.80000e-002  7.85417e+002
          8226  7.95678e+002  8.22600e+003 -8.15779e+001  2.80000e-002  7.85500e+002
          8227  7.95762e+002  8.22700e+003 -8.15801e+001  2.80000e-002  7.85583e+002
          8228  7.95846e+002  8.22800e+003 -8.15852e+001  2.80000e-002  7.85667e+002
          8229  7.95920e+002  8.22900e+003 -8.15887e+001  2.80000e-002  7.85750e+002
          8230  7.96007e+002  8.23000e+003 -8.15920e+001  2.80000e-002  7.85833e+002
          8231  7.96094e+002  8.23100e+003 -8.15939e+001  2.80000e-002  7.85917e+002
          8232  7.96172e+002  8.23200e+003 -8.15967e+001  2.80000e-002  7.86000e+002
          8233  7.96250e+002  8.23300e+003 -8.15997e+001  2.80000e-002  7.86083e+002
          8234  7.96346e+002  8.23400e+003 -8.16033e+001  2.80000e-002  7.86167e+002
          8235  7.96429e+002  8.23500e+003 -8.16071e+001  2.80000e-002  7.86250e+002
          8236  7.96512e+002  8.23600e+003 -8.16113e+001  2.80000e-002  7.86333e+002
          8237  7.96590e+002  8.23700e+003 -8.16156e+001  2.80000e-002  7.86417e+002
          8238  7.96678e+002  8.23800e+003 -8.16192e+001  2.80000e-002  7.86500e+002
          8239  7.96770e+002  8.23900e+003 -8.16225e+001  2.80000e-002  7.86583e+002
          8240  7.96844e+002  8.24000e+003 -8.16240e+001  2.80000e-002  7.86667e+002
          8241  7.96921e+002  8.24100e+003 -8.16259e+001  2.80000e-002  7.86750e+002
          8242  7.97010e+002  8.24200e+003 -8.16277e+001  2.80000e-002  7.86833e+002
          8243  7.97096e+002  8.24300e+003 -8.16302e+001  2.80000e-002  7.86917e+002
          8244  7.97182e+002  8.24400e+003 -8.16295e+001  2.80000e-002  7.87000e+002
          8245  7.97265e+002  8.24500e+003 -8.16286e+001  2.80000e-002  7.87083e+002
          8246  7.97345e+002  8.24600e+003 -8.16274e+001  2.80000e-002  7.87167e+002
          8247  7.97428e+002  8.24700e+003 -8.16250e+001  2.80000e-002  7.87250e+002
          8248  7.97502e+002  8.24800e+003 -8.16179e+001  2.80000e-002  7.87333e+002
          8249  7.97591e+002  8.24900e+003 -8.16140e+001  2.80000e-002  7.87417e+002
          8250  7.97671e+002  8.25000e+003 -8.16112e+001  2.80000e-002  7.87500e+002
          8251  7.97754e+002  8.25100e+003 -8.16084e+001  2.80000e-002  7.87583e+002
          8252  7.97838e+002  8.25200e+003 -8.16023e+001  2.80000e-002  7.87667e+002
          8253  7.97923e+002  8.25300e+003 -8.15986e+001  2.80000e-002  7.87750e+002
          8254  7.98009e+002  8.25400e+003 -8.15951e+001  2.80000e-002  7.87833e+002
          8255  7.98092e+002  8.25500e+003 -8.15918e+001  2.80000e-002  7.87917e+002
          8256  7.98178e+002  8.25600e+003 -8.15879e+001  2.80000e-002  7.88000e+002
          8257  7.98261e+002  8.25700e+003 -8.15848e+001  2.80000e-002  7.88083e+002
          8258  7.98344e+002  8.25800e+003 -8.15805e+001  2.80000e-002  7.88167e+002
          8259  7.98429e+002  8.25900e+003 -8.15763e+001  2.80000e-002  7.88250e+002
          8260  7.98513e+002  8.26000e+003 -8.15794e+001  2.80000e-002  7.88333e+002
          8261  7.98597e+002  8.26100e+003 -8.15798e+001  2.80000e-002  7.88417e+002
          8262  7.98677e+002  8.26200e+003 -8.15792e+001  2.80000e-002  7.88500e+002
          8263  7.98763e+002  8.26300e+003 -8.15782e+001  2.80000e-002  7.88583e+002
          8264  7.98847e+002  8.26400e+003 -8.15787e+001  2.80000e-002  7.88667e+002
          8265  7.98933e+002  8.26500e+003 -8.15787e+001  2.80000e-002  7.88750e+002
          8266  7.99022e+002  8.26600e+003 -8.15781e+001  2.80000e-002  7.88833e+002
          8267  7.99100e+002  8.26700e+003 -8.15771e+001  2.80000e-002  7.88917e+002
          8268  7.99178e+002  8.26800e+003 -8.15826e+001  2.80000e-002  7.89000e+002
          8269  7.99262e+002  8.26900e+003 -8.15847e+001  2.80000e-002  7.89083e+002
          8270  7.99356e+002  8.27000e+003 -8.15865e+001  2.80000e-002  7.89167e+002
          8271  7.99439e+002  8.27100e+003 -8.15883e+001  2.80000e-002  7.89250e+002
          8272  7.99520e+002  8.27200e+003 -8.15893e+001  2.80000e-002  7.89333e+002
          8273  7.99600e+002  8.27300e+003 -8.15896e+001  2.80000e-002  7.89417e+002
          8274  7.99685e+002  8.27400e+003 -8.15895e+001  2.80000e-002  7.89500e+002
          8275  7.99771e+002  8.27500e+003 -8.15903e+001  2.80000e-002  7.89583e+002
          8276  7.99845e+002  8.27600e+003 -8.15930e+001  2.80000e-002  7.89667e+002
          8277  7.99927e+002  8.27700e+003 -8.15950e+001  2.80000e-002  7.89750e+002
          8278  8.00015e+002  8.27800e+003 -8.15987e+001  2.80000e-002  7.89833e+002
          8279  8.00100e+002  8.27900e+003 -8.16033e+001  2.80000e-002  7.89917e+002
          8280  8.00190e+002  8.28000e+003 -8.16062e+001  2.80000e-002  7.90000e+002
          8281  8.00272e+002  8.28100e+003 -8.16079e+001  2.80000e-002  7.90083e+002
          8282  8.00355e+002  8.28200e+003 -8.16089e+001  2.80000e-002  7.90167e+002
          8283  8.00439e+002  8.28300e+003 -8.16103e+001  2.80000e-002  7.90250e+002
          8284  8.00517e+002  8.28400e+003 -8.16132e+001  2.80000e-002  7.90333e+002
          8285  8.00605e+002  8.28500e+003 -8.16145e+001  2.80000e-002  7.90417e+002
          8286  8.00684e+002  8.28600e+003 -8.16159e+001  2.80000e-002  7.90500e+002
          8287  8.00766e+002  8.28700e+003 -8.16165e+001  2.80000e-002  7.90583e+002
          8288  8.00851e+002  8.28800e+003 -8.16152e+001  2.80000e-002  7.90667e+002
          8289  8.00939e+002  8.28900e+003 -8.16152e+001  2.80000e-002  7.90750e+002
          8290  8.01023e+002  8.29000e+003 -8.16173e+001  2.80000e-002  7.90833e+002
          8291  8.01111e+002  8.29100e+003 -8.16203e+001  2.80000e-002  7.90917e+002
          8292  8.01194e+002  8.29200e+003 -8.16201e+001  2.80000e-002  7.91000e+002
          8293  8.01282e+002  8.29300e+003 -8.16220e+001  2.80000e-002  7.91083e+002
          8294  8.01365e+002  8.29400e+003 -8.16241e+001  2.80000e-002  7.91167e+002
          8295  8.01444e+002  8.29500e+003 -8.16259e+001  2.80000e-002  7.91250e+002
          8296  8.01531e+002  8.29600e+003 -8.16319e+001  2.80000e-002  7.91333e+002
          8297  8.01622e+002  8.29700e+003 -8.16358e+001  2.80000e-002  7.91417e+002
          8298  8.01700e+002  8.29800e+003 -8.16389e+001  2.80000e-002  7.91500e+002
          8299  8.01785e+002  8.29900e+003 -8.16416e+001  2.80000e-002  7.91583e+002
          8300  8.01869e+002  8.30000e+003 -8.16480e+001  2.80000e-002  7.91667e+002
          8301  8.01953e+002  8.30100e+003 -8.16516e+001  2.80000e-002  7.91750e+002
          8302  8.02037e+002  8.30200e+003 -8.16538e+001  2.80000e-002  7.91833e+002
          8303  8.02117e+002  8.30300e+003 -8.16571e+001  2.80000e-002  7.91917e+002
          8304  8.02198e+002  8.30400e+003 -8.16580e+001  2.80000e-002  7.92000e+002
          8305  8.02285e+002  8.30500e+003 -8.16606e+001  2.80000e-002  7.92083e+002
          8306  8.02368e+002  8.30600e+003 -8.16631e+001  2.80000e-002  7.92167e+002
          8307  8.02451e+002  8.30700e+003 -8.16664e+001  2.80000e-002  7.92250e+002
          8308  8.02536e+002  8.30800e+003 -8.16671e+001  2.80000e-002  7.92333e+002
          8309  8.02625e+002  8.30900e+003 -8.16679e+001  2.80000e-002  7.92417e+002
          8310  8.02707e+002  8.31000e+003 -8.16688e+001  2.80000e-002  7.92500e+002
          8311  8.02783e+002  8.31100e+003 -8.16701e+001  2.80000e-002  7.92583e+002
          8312  8.02867e+002  8.31200e+003 -8.16728e+001  2.80000e-002  7.92667e+002
          8313  8.02950e+002  8.31300e+003 -8.16752e+001  2.80000e-002  7.92750e+002
          8314  8.03034e+002  8.31400e+003 -8.16785e+001  2.80000e-002  7.92833e+002
          8315  8.03120e+002  8.31500e+003 -8.16818e+001  2.80000e-002  7.92917e+002
          8316  8.03201e+002  8.31600e+003 -8.16808e+001  2.80000e-002  7.93000e+002
          8317  8.03293e+002  8.31700e+003 -8.16816e+001  2.80000e-002  7.93083e+002
          8318  8.03370e+002  8.31800e+003 -8.16837e+001  2.80000e-002  7.93167e+002
          8319  8.03455e+002  8.31900e+003 -8.16862e+001  2.80000e-002  7.93250e+002
          8320  8.03530e+002  8.32000e+003 -8.16901e+001  2.80000e-002  7.93333e+002
          8321  8.03618e+002  8.32100e+003 -8.16941e+001  2.80000e-002  7.93417e+002
          8322  8.03706e+002  8.32200e+003 -8.16981e+001  2.80000e-002  7.93500e+002
          8323  8.03781e+002  8.32300e+003 -8.17017e+001  2.80000e-002  7.93583e+002
          8324  8.03871e+002  8.32400e+003 -8.17063e+001  2.80000e-002  7.93667e+002
          8325  8.03958e+002  8.32500e+003 -8.17111e+001  2.80000e-002  7.93750e+002
          8326  8.04044e+002  8.32600e+003 -8.17151e+001  2.80000e-002  7.93833e+002
          8327  8.04126e+002  8.32700e+003 -8.17178e+001  2.80000e-002  7.93917e+002
          8328  8.04200e+002  8.32800e+003 -8.17214e+001  2.80000e-002  7.94000e+002
          8329  8.04286e+002  8.32900e+003 -8.17234e+001  2.80000e-002  7.94083e+002
          8330  8.04365e+002  8.33000e+003 -8.17261e+001  2.80000e-002  7.94167e+002
          8331  8.04443e+002  8.33100e+003 -8.17295e+001  2.80000e-002  7.94250e+002
          8332  8.04533e+002  8.33200e+003 -8.17305e+001  2.80000e-002  7.94333e+002
          8333  8.04617e+002  8.33300e+003 -8.17333e+001  2.80000e-002  7.94417e+002
          8334  8.04710e+002  8.33400e+003 -8.17350e+001  2.80000e-002  7.94500e+002
          8335  8.04789e+002  8.33500e+003 -8.17362e+001  2.80000e-002  7.94583e+002
          8336  8.04881e+002  8.33600e+003 -8.17341e+001  2.80000e-002  7.94667e+002
          8337  8.04961e+002  8.33700e+003 -8.17348e+001  2.80000e-002  7.94750e+002
          8338  8.05037e+002  8.33800e+003 -8.17367e+001  2.80000e-002  7.94833e+002
          8339  8.05117e+002  8.33900e+003 -8.17391e+001  2.80000e-002  7.94917e+002
          8340  8.05206e+002  8.34000e+003 -8.17452e+001  2.80000e-002  7.95000e+002
          8341  8.05289e+002  8.34100e+003 -8.17504e+001  2.80000e-002  7.95083e+002
          8342  8.05374e+002  8.34200e+003 -8.17531e+001  2.80000e-002  7.95167e+002
          8343  8.05459e+002  8.34300e+003 -8.17536e+001  2.80000e-002  7.95250e+002
          8344  8.05545e+002  8.34400e+003 -8.17538e+001  2.80000e-002  7.95333e+002
          8345  8.05626e+002  8.34500e+003 -8.17540e+001  2.80000e-002  7.95417e+002
          8346  8.05707e+002  8.34600e+003 -8.17546e+001  2.80000e-002  7.95500e+002
          8347  8.05792e+002  8.34700e+003 -8.17548e+001  2.80000e-002  7.95583e+002
          8348  8.05880e+002  8.34800e+003 -8.17575e+001  2.80000e-002  7.95667e+002
          8349  8.05955e+002  8.34900e+003 -8.17586e+001  2.80000e-002  7.95750e+002
          8350  8.06043e+002  8.35000e+003 -8.17594e+001  2.80000e-002  7.95833e+002
          8351  8.06132e+002  8.35100e+003 -8.17603e+001  2.80000e-002  7.95917e+002
          8352  8.06213e+002  8.35200e+003 -8.17553e+001  2.80000e-002  7.96000e+002
          8353  8.06297e+002  8.35300e+003 -8.17546e+001  2.80000e-002  7.96083e+002
          8354  8.06382e+002  8.35400e+003 -8.17547e+001  2.80000e-002  7.96167e+002
          8355  8.06462e+002  8.35500e+003 -8.17552e+001  2.80000e-002  7.96250e+002
          8356  8.06548e+002  8.35600e+003 -8.17597e+001  2.80000e-002  7.96333e+002
          8357  8.06628e+002  8.35700e+003 -8.17627e+001  2.80000e-002  7.96417e+002
          8358  8.06712e+002  8.35800e+003 -8.17657e+001  2.80000e-002  7.96500e+002
          8359  8.06801e+002  8.35900e+003 -8.17690e+001  2.80000e-002  7.96583e+002
          8360  8.06893e+002  8.36000e+003 -8.17745e+001  2.80000e-002  7.96667e+002
          8361  8.06967e+002  8.36100e+003 -8.17784e+001  2.80000e-002  7.96750e+002
          8362  8.07049e+002  8.36200e+003 -8.17821e+001  2.80000e-002  7.96833e+002
          8363  8.07126e+002  8.36300e+003 -8.17854e+001  2.80000e-002  7.96917e+002
          8364  8.07214e+002  8.36400e+003 -8.18044e+001  2.80000e-002  7.97000e+002
          8365  8.07306e+002  8.36500e+003 -8.18200e+001  2.80000e-002  7.97083e+002
          8366  8.07384e+002  8.36600e+003 -8.18296e+001  2.80000e-002  7.97167e+002
          8367  8.07466e+002  8.36700e+003 -8.18384e+001  2.80000e-002  7.97250e+002
          8368  8.07553e+002  8.36800e+003 -8.18505e+001  2.80000e-002  7.97333e+002
          8369  8.07635e+002  8.36900e+003 -8.18528e+001  2.80000e-002  7.97417e+002
          8370  8.07719e+002  8.37000e+003 -8.18600e+001  2.80000e-002  7.97500e+002
          8371  8.07802e+002  8.37100e+003 -8.18697e+001  2.80000e-002  7.97583e+002
          8372  8.07888e+002  8.37200e+003 -8.19876e+001  2.80000e-002  7.97667e+002
          8373  8.07993e+002  8.37300e+003 -8.20693e+001  2.80000e-002  7.97750e+002
          8374  8.08085e+002  8.37400e+003 -8.21530e+001  2.80000e-002  7.97833e+002
          8375  8.08175e+002  8.37500e+003 -8.22367e+001  2.80000e-002  7.97917e+002
          8376  8.08257e+002  8.37600e+003 -8.23356e+001  2.80000e-002  7.98000e+002
          8377  8.08330e+002  8.37700e+003 -8.24118e+001  2.80000e-002  7.98083e+002
          8378  8.08411e+002  8.37800e+003 -8.24842e+001  2.80000e-002  7.98167e+002
          8379  8.08481e+002  8.37900e+003 -8.25572e+001  2.80000e-002  7.98250e+002
          8380  8.08544e+002  8.38000e+003 -8.26343e+001  2.80000e-002  7.98333e+002
          8381  8.08610e+002  8.38100e+003 -8.27094e+001  2.80000e-002  7.98417e+002
          8382  8.08668e+002  8.38200e+003 -8.27824e+001  2.80000e-002  7.98500e+002
          8383  8.08725e+002  8.38300e+003 -8.28554e+001  2.80000e-002  7.98583e+002
          8384  8.08771e+002  8.38400e+003 -8.29184e+001  2.80000e-002  7.98667e+002
          8385  8.08821e+002  8.38500e+003 -8.29824e+001  2.80000e-002  7.98750e+002
          8386  8.08875e+002  8.38600e+003 -8.30441e+001  2.80000e-002  7.98833e+002
          8387  8.08914e+002  8.38700e+003 -8.31035e+001  2.80000e-002  7.98917e+002
          8388  8.08958e+002  8.38800e+003 -8.31513e+001  2.80000e-002  7.99000e+002
          8389  8.09005e+002  8.38900e+003 -8.32041e+001  2.80000e-002  7.99083e+002
          8390  8.09046e+002  8.39000e+003 -8.32565e+001  2.80000e-002  7.99167e+002
          8391  8.09084e+002  8.39100e+003 -8.33078e+001  2.80000e-002  7.99250e+002
          8392  8.09114e+002  8.39200e+003 -8.33423e+001  2.80000e-002  7.99333e+002
          8393  8.09147e+002  8.39300e+003 -8.33817e+001  2.80000e-002  7.99417e+002
          8394  8.09178e+002  8.39400e+003 -8.34209e+001  2.80000e-002  7.99500e+002
          8395  8.09208e+002  8.39500e+003 -8.34591e+001  2.80000e-002  7.99583e+002
          8396  8.09237e+002  8.39600e+003 -8.34795e+001  2.80000e-002  7.99667e+002
          8397  8.09268e+002  8.39700e+003 -8.35055e+001  2.80000e-002  7.99750e+002
          8398  8.09299e+002  8.39800e+003 -8.35322e+001  2.80000e-002  7.99833e+002
          8399  8.09322e+002  8.39900e+003 -8.35596e+001  2.80000e-002  7.99917e+002
          8400  8.09350e+002  8.40000e+003 -8.35689e+001  2.80000e-002  8.00000e+002
          8401  8.09372e+002  8.40100e+003 -8.35854e+001  2.80000e-002  8.00000e+002
          8402  8.09396e+002  8.40200e+003 -8.36021e+001  2.80000e-002  8.00000e+002
          8403  8.09426e+002  8.40300e+003 -8.36183e+001  2.80000e-002  8.00000e+002
          8404  8.09444e+002  8.40400e+003 -8.36223e+001  2.80000e-002  8.00000e+002
          8405  8.09470e+002  8.40500e+003 -8.36314e+001  2.80000e-002  8.00000e+002
          8406  8.09494e+002  8.40600e+003 -8.36422e+001  2.80000e-002  8.00000e+002
          8407  8.09507e+002  8.40700e+003 -8.36540e+001  2.80000e-002  8.00000e+002
          8408  8.09538e+002  8.40800e+003 -8.36550e+001  2.80000e-002  8.00000e+002
          8409  8.09554e+002  8.40900e+003 -8.36601e+001  2.80000e-002  8.00000e+002
          8410  8.09569e+002  8.41000e+003 -8.36640e+001  2.80000e-002  8.00000e+002
          8411  8.09588e+002  8.41100e+003 -8.36676e+001  2.80000e-002  8.00000e+002
          8412  8.09607e+002  8.41200e+003 -8.36640e+001  2.80000e-002  8.00000e+002
          8413  8.09624e+002  8.41300e+003 -8.36653e+001  2.80000e-002  8.00000e+002
          8414  8.09641e+002  8.41400e+003 -8.36669e+001  2.80000e-002  8.00000e+002
          8415  8.09659e+002  8.41500e+003 -8.36669e+001  2.80000e-002  8.00000e+002
          8416  8.09675e+002  8.41600e+003 -8.36619e+001  2.80000e-002  8.00000e+002
          8417  8.09684e+002  8.41700e+003 -8.36582e+001  2.80000e-002  8.00000e+002
          8418  8.09699e+002  8.41800e+003 -8.36535e+001  2.80000e-002  8.00000e+002
          8419  8.09722e+002  8.41900e+003 -8.36478e+001  2.80000e-002  8.00000e+002
          8420  8.09739e+002  8.42000e+003 -8.36377e+001  2.80000e-002  8.00000e+002
          8421  8.09742e+002  8.42100e+003 -8.36307e+001  2.80000e-002  8.00000e+002
          8422  8.09759e+002  8.42200e+003 -8.36240e+001  2.80000e-002  8.00000e+002
          8423  8.09766e+002  8.42300e+003 -8.36163e+001  2.80000e-002  8.00000e+002
          8424  8.09784e+002  8.42400e+003 -8.36042e+001  2.80000e-002  8.00000e+002
          8425  8.09799e+002  8.42500e+003 -8.35962e+001  2.80000e-002  8.00000e+002
          8426  8.09806e+002  8.42600e+003 -8.35881e+001  2.80000e-002  8.00000e+002
          8427  8.09820e+002  8.42700e+003 -8.35795e+001  2.80000e-002  8.00000e+002
          8428  8.09833e+002  8.42800e+003 -8.35685e+001  2.80000e-002  8.00000e+002
          8429  8.09841e+002  8.42900e+003 -8.35606e+001  2.80000e-002  8.00000e+002
          8430  8.09850e+002  8.43000e+003 -8.35528e+001  2.80000e-002  8.00000e+002
          8431  8.09862e+002  8.43100e+003 -8.35438e+001  2.80000e-002  8.00000e+002
          8432  8.09874e+002  8.43200e+003 -8.35352e+001  2.80000e-002  8.00000e+002
          8433  8.09891e+002  8.43300e+003 -8.35256e+001  2.80000e-002  8.00000e+002
          8434  8.09891e+002  8.43400e+003 -8.35152e+001  2.80000e-002  8.00000e+002
          8435  8.09906e+002  8.43500e+003 -8.35054e+001  2.80000e-002  8.00000e+002
          8436  8.09917e+002  8.43600e+003 -8.34984e+001  2.80000e-002  8.00000e+002
          8437  8.09923e+002  8.43700e+003 -8.34911e+001  2.80000e-002  8.00000e+002
          8438  8.09929e+002  8.43800e+003 -8.34843e+001  2.80000e-002  8.00000e+002
          8439  8.09939e+002  8.43900e+003 -8.34773e+001  2.80000e-002  8.00000e+002
          8440  8.09944e+002  8.44000e+003 -8.34674e+001  2.80000e-002  8.00000e+002
          8441  8.09958e+002  8.44100e+003 -8.34583e+001  2.80000e-002  8.00000e+002
          8442  8.09965e+002  8.44200e+003 -8.34495e+001  2.80000e-002  8.00000e+002
          8443  8.09973e+002  8.44300e+003 -8.34414e+001  2.80000e-002  8.00000e+002
          8444  8.09970e+002  8.44400e+003 -8.34354e+001  2.80000e-002  8.00000e+002
          8445  8.09978e+002  8.44500e+003 -8.34268e+001  2.80000e-002  8.00000e+002
          8446  8.09985e+002  8.44600e+003 -8.34189e+001  2.80000e-002  8.00000e+002
          8447  8.09991e+002  8.44700e+003 -8.34105e+001  2.80000e-002  8.00000e+002
          8448  8.09998e+002  8.44800e+003 -8.34003e+001  2.80000e-002  8.00000e+002
          8449  8.10001e+002  8.44900e+003 -8.33915e+001  2.80000e-002  8.00000e+002
          8450  8.10015e+002  8.45000e+003 -8.33825e+001  2.80000e-002  8.00000e+002
          8451  8.10018e+002  8.45100e+003 -8.33735e+001  2.80000e-002  8.00000e+002
          8452  8.10034e+002  8.45200e+003 -8.33637e+001  2.80000e-002  8.00000e+002
          8453  8.10037e+002  8.45300e+003 -8.33549e+001  2.80000e-002  8.00000e+002
          8454  8.10030e+002  8.45400e+003 -8.33465e+001  2.80000e-002  8.00000e+002
          8455  8.10041e+002  8.45500e+003 -8.33393e+001  2.80000e-002  8.00000e+002
          8456  8.10049e+002  8.45600e+003 -8.33334e+001  2.80000e-002  8.00000e+002
          8457  8.10048e+002  8.45700e+003 -8.33272e+001  2.80000e-002  8.00000e+002
          8458  8.10057e+002  8.45800e+003 -8.33201e+001  2.80000e-002  8.00000e+002
          8459  8.10064e+002  8.45900e+003 -8.33128e+001  2.80000e-002  8.00000e+002
          8460  8.10066e+002  8.46000e+003 -8.33067e+001  2.80000e-002  8.00000e+002
          8461  8.10070e+002  8.46100e+003 -8.33002e+001  2.80000e-002  8.00000e+002
          8462  8.10075e+002  8.46200e+003 -8.32947e+001  2.80000e-002  8.00000e+002
          8463  8.10081e+002  8.46300e+003 -8.32892e+001  2.80000e-002  8.00000e+002
          8464  8.10086e+002  8.46400e+003 -8.32870e+001  2.80000e-002  8.00000e+002
          8465  8.10088e+002  8.46500e+003 -8.32829e+001  2.80000e-002  8.00000e+002
          8466  8.10099e+002  8.46600e+003 -8.32791e+001  2.80000e-002  8.00000e+002
          8467  8.10100e+002  8.46700e+003 -8.32749e+001  2.80000e-002  8.00000e+002
          8468  8.10101e+002  8.46800e+003 -8.32707e+001  2.80000e-002  8.00000e+002
          8469  8.10112e+002  8.46900e+003 -8.32672e+001  2.80000e-002  8.00000e+002
          8470  8.10110e+002  8.47000e+003 -8.32648e+001  2.80000e-002  8.00000e+002
          8471  8.10119e+002  8.47100e+003 -8.32621e+001  2.80000e-002  8.00000e+002
          8472  8.10117e+002  8.47200e+003 -8.32605e+001  2.80000e-002  8.00000e+002
          8473  8.10123e+002  8.47300e+003 -8.32579e+001  2.80000e-002  8.00000e+002
          8474  8.10120e+002  8.47400e+003 -8.32564e+001  2.80000e-002  8.00000e+002
          8475  8.10125e+002  8.47500e+003 -8.32552e+001  2.80000e-002  8.00000e+002
          8476  8.10128e+002  8.47600e+003 -8.32554e+001  2.80000e-002  8.00000e+002
          8477  8.10130e+002  8.47700e+003 -8.32532e+001  2.80000e-002  8.00000e+002
          8478  8.10129e+002  8.47800e+003 -8.32494e+001  2.80000e-002  8.00000e+002
          8479  8.10133e+002  8.47900e+003 -8.32460e+001  2.80000e-002  8.00000e+002
          8480  8.10146e+002  8.48000e+003 -8.32421e+001  2.80000e-002  8.00000e+002
          8481  8.10145e+002  8.48100e+003 -8.32406e+001  2.80000e-002  8.00000e+002
          8482  8.10150e+002  8.48200e+003 -8.32394e+001  2.80000e-002  8.00000e+002
          8483  8.10146e+002  8.48300e+003 -8.32385e+001  2.80000e-002  8.00000e+002
          8484  8.10149e+002  8.48400e+003 -8.32379e+001  2.80000e-002  8.00000e+002
          8485  8.10149e+002  8.48500e+003 -8.32364e+001  2.80000e-002  8.00000e+002
          8486  8.10154e+002  8.48600e+003 -8.32341e+001  2.80000e-002  8.00000e+002
          8487  8.10163e+002  8.48700e+003 -8.32313e+001  2.80000e-002  8.00000e+002
          8488  8.10164e+002  8.48800e+003 -8.32297e+001  2.80000e-002  8.00000e+002
          8489  8.10168e+002  8.48900e+003 -8.32289e+001  2.80000e-002  8.00000e+002
          8490  8.10169e+002  8.49000e+003 -8.32271e+001  2.80000e-002  8.00000e+002
          8491  8.10169e+002  8.49100e+003 -8.32244e+001  2.80000e-002  8.00000e+002
          8492  8.10171e+002  8.49200e+003 -8.32244e+001  2.80000e-002  8.00000e+002
          8493  8.10168e+002  8.49300e+003 -8.32251e+001  2.80000e-002  8.00000e+002
          8494  8.10172e+002  8.49400e+003 -8.32260e+001  2.80000e-002  8.00000e+002
          8495  8.10171e+002  8.49500e+003 -8.32270e+001  2.80000e-002  8.00000e+002
          8496  8.10180e+002  8.49600e+003 -8.32261e+001  2.80000e-002  8.00000e+002
          8497  8.10177e+002  8.49700e+003 -8.32262e+001  2.80000e-002  8.00000e+002
          8498  8.10178e+002  8.49800e+003 -8.32265e+001  2.80000e-002  8.00000e+002
          8499  8.10186e+002  8.49900e+003 -8.32268e+001  2.80000e-002  8.00000e+002
          8500  8.10184e+002  8.50000e+003 -8.32299e+001  2.80000e-002  8.00000e+002
          8501  8.10187e+002  8.50100e+003 -8.32318e+001  2.80000e-002  8.00000e+002
          8502  8.10189e+002  8.50200e+003 -8.32336e+001  2.80000e-002  8.00000e+002
          8503  8.10194e+002  8.50300e+003 -8.32366e+001  2.80000e-002  8.00000e+002
          8504  8.10193e+002  8.50400e+003 -8.32398e+001  2.80000e-002  8.00000e+002
          8505  8.10194e+002  8.50500e+003 -8.32413e+001  2.80000e-002  8.00000e+002
          8506  8.10192e+002  8.50600e+003 -8.32425e+001  2.80000e-002  8.00000e+002
          8507  8.10200e+002  8.50700e+003 -8.32443e+001  2.80000e-002  8.00000e+002
          8508  8.10192e+002  8.50800e+003 -8.32462e+001  2.80000e-002  8.00000e+002
          8509  8.10196e+002  8.50900e+003 -8.32484e+001  2.80000e-002  8.00000e+002
          8510  8.10204e+002  8.51000e+003 -8.32507e+001  2.80000e-002  8.00000e+002
          8511  8.10205e+002  8.51100e+003 -8.32534e+001  2.80000e-002  8.00000e+002
          8512  8.10205e+002  8.51200e+003 -8.32576e+001  2.80000e-002  8.00000e+002
          8513  8.10212e+002  8.51300e+003 -8.32605e+001  2.80000e-002  8.00000e+002
          8514  8.10217e+002  8.51400e+003 -8.32625e+001  2.80000e-002  8.00000e+002
          8515  8.10215e+002  8.51500e+003 -8.32638e+001  2.80000e-002  8.00000e+002
          8516  8.10217e+002  8.51600e+003 -8.32658e+001  2.80000e-002  8.00000e+002
          8517  8.10220e+002  8.51700e+003 -8.32679e+001  2.80000e-002  8.00000e+002
          8518  8.10216e+002  8.51800e+003 -8.32697e+001  2.80000e-002  8.00000e+002
          8519  8.10221e+002  8.51900e+003 -8.32722e+001  2.80000e-002  8.00000e+002
          8520  8.10222e+002  8.52000e+003 -8.32753e+001  2.80000e-002  8.00000e+002
          8521  8.10219e+002  8.52100e+003 -8.32780e+001  2.80000e-002  8.00000e+002
          8522  8.10221e+002  8.52200e+003 -8.32811e+001  2.80000e-002  8.00000e+002
          8523  8.10229e+002  8.52300e+003 -8.32832e+001  2.80000e-002  8.00000e+002
          8524  8.10228e+002  8.52400e+003 -8.32831e+001  2.80000e-002  8.00000e+002
          8525  8.10231e+002  8.52500e+003 -8.32838e+001  2.80000e-002  8.00000e+002
          8526  8.10234e+002  8.52600e+003 -8.32852e+001  2.80000e-002  8.00000e+002
          8527  8.10234e+002  8.52700e+003 -8.32869e+001  2.80000e-002  8.00000e+002
          8528  8.10230e+002  8.52800e+003 -8.32898e+001  2.80000e-002  8.00000e+002
          8529  8.10234e+002  8.52900e+003 -8.32917e+001  2.80000e-002  8.00000e+002
          8530  8.10233e+002  8.53000e+003 -8.32926e+001  2.80000e-002  8.00000e+002
          8531  8.10234e+002  8.53100e+003 -8.32947e+001  2.80000e-002  8.00000e+002
          8532  8.10242e+002  8.53200e+003 -8.32949e+001  2.80000e-002  8.00000e+002
          8533  8.10249e+002  8.53300e+003 -8.32975e+001  2.80000e-002  8.00000e+002
          8534  8.10242e+002  8.53400e+003 -8.33000e+001  2.80000e-002  8.00000e+002
          8535  8.10241e+002  8.53500e+003 -8.33027e+001  2.80000e-002  8.00000e+002
          8536  8.10252e+002  8.53600e+003 -8.33074e+001  2.80000e-002  8.00000e+002
          8537  8.10238e+002  8.53700e+003 -8.33110e+001  2.80000e-002  8.00000e+002
          8538  8.10247e+002  8.53800e+003 -8.33145e+001  2.80000e-002  8.00000e+002
          8539  8.10242e+002  8.53900e+003 -8.33182e+001  2.80000e-002  8.00000e+002
          8540  8.10243e+002  8.54000e+003 -8.33247e+001  2.80000e-002  8.00000e+002
          8541  8.10242e+002  8.54100e+003 -8.33285e+001  2.80000e-002  8.00000e+002
          8542  8.10253e+002  8.54200e+003 -8.33318e+001  2.80000e-002  8.00000e+002
          8543  8.10245e+002  8.54300e+003 -8.33355e+001  2.80000e-002  8.00000e+002
          8544  8.10247e+002  8.54400e+003 -8.33393e+001  2.80000e-002  8.00000e+002
          8545  8.10253e+002  8.54500e+003 -8.33430e+001  2.80000e-002  8.00000e+002
          8546  8.10252e+002  8.54600e+003 -8.33472e+001  2.80000e-002  8.00000e+002
          8547  8.10247e+002  8.54700e+003 -8.33525e+001  2.80000e-002  8.00000e+002
          8548  8.10258e+002  8.54800e+003 -8.33560e+001  2.80000e-002  8.00000e+002
          8549  8.10257e+002  8.54900e+003 -8.33597e+001  2.80000e-002  8.00000e+002
          8550  8.10263e+002  8.55000e+003 -8.33635e+001  2.80000e-002  8.00000e+002
          8551  8.10261e+002  8.55100e+003 -8.33681e+001  2.80000e-002  8.00000e+002
          8552  8.10263e+002  8.55200e+003 -8.33713e+001  2.80000e-002  8.00000e+002
          8553  8.10263e+002  8.55300e+003 -8.33749e+001  2.80000e-002  8.00000e+002
          8554  8.10268e+002  8.55400e+003 -8.33801e+001  2.80000e-002  8.00000e+002
          8555  8.10265e+002  8.55500e+003 -8.33857e+001  2.80000e-002  8.00000e+002
          8556  8.10269e+002  8.55600e+003 -8.33891e+001  2.80000e-002  8.00000e+002
          8557  8.10268e+002  8.55700e+003 -8.33938e+001  2.80000e-002  8.00000e+002
          8558  8.10274e+002  8.55800e+003 -8.33990e+001  2.80000e-002  8.00000e+002
          8559  8.10269e+002  8.55900e+003 -8.34031e+001  2.80000e-002  8.00000e+002
          8560  8.10277e+002  8.56000e+003 -8.34093e+001  2.80000e-002  8.00000e+002
          8561  8.10268e+002  8.56100e+003 -8.34162e+001  2.80000e-002  8.00000e+002
          8562  8.10272e+002  8.56200e+003 -8.34227e+001  2.80000e-002  8.00000e+002
          8563  8.10270e+002  8.56300e+003 -8.34302e+001  2.80000e-002  8.00000e+002
          8564  8.10275e+002  8.56400e+003 -8.34398e+001  2.80000e-002  8.00000e+002
          8565  8.10274e+002  8.56500e+003 -8.34465e+001  2.80000e-002  8.00000e+002
          8566  8.10271e+002  8.56600e+003 -8.34516e+001  2.80000e-002  8.00000e+002
          8567  8.10275e+002  8.56700e+003 -8.34572e+001  2.80000e-002  8.00000e+002
          8568  8.10273e+002  8.56800e+003 -8.34642e+001  2.80000e-002  8.00000e+002
          8569  8.10274e+002  8.56900e+003 -8.34692e+001  2.80000e-002  8.00000e+002
          8570  8.10277e+002  8.57000e+003 -8.34743e+001  2.80000e-002  8.00000e+002
          8571  8.10276e+002  8.57100e+003 -8.34798e+001  2.80000e-002  8.00000e+002
          8572  8.10280e+002  8.57200e+003 -8.34840e+001  2.80000e-002  8.00000e+002
          8573  8.10279e+002  8.57300e+003 -8.34884e+001  2.80000e-002  8.00000e+002
          8574  8.10280e+002  8.57400e+003 -8.34924e+001  2.80000e-002  8.00000e+002
          8575  8.10279e+002  8.57500e+003 -8.34967e+001  2.80000e-002  8.00000e+002
          8576  8.10287e+002  8.57600e+003 -8.34988e+001  2.80000e-002  8.00000e+002
          8577  8.10287e+002  8.57700e+003 -8.35033e+001  2.80000e-002  8.00000e+002
          8578  8.10285e+002  8.57800e+003 -8.35091e+001  2.80000e-002  8.00000e+002
          8579  8.10283e+002  8.57900e+003 -8.35162e+001  2.80000e-002  8.00000e+002
          8580  8.10282e+002  8.58000e+003 -8.35212e+001  2.80000e-002  8.00000e+002
          8581  8.10287e+002  8.58100e+003 -8.35267e+001  2.80000e-002  8.00000e+002
          8582  8.10286e+002  8.58200e+003 -8.35332e+001  2.80000e-002  8.00000e+002
          8583  8.10284e+002  8.58300e+003 -8.35391e+001  2.80000e-002  8.00000e+002
          8584  8.10289e+002  8.58400e+003 -8.35451e+001  2.80000e-002  8.00000e+002
          8585  8.10287e+002  8.58500e+003 -8.35502e+001  2.80000e-002  8.00000e+002
          8586  8.10289e+002  8.58600e+003 -8.35569e+001  2.80000e-002  8.00000e+002
          8587  8.10285e+002  8.58700e+003 -8.35643e+001  2.80000e-002  8.00000e+002
          8588  8.10291e+002  8.58800e+003 -8.35698e+001  2.80000e-002  8.00000e+002
          8589  8.10290e+002  8.58900e+003 -8.35759e+001  2.80000e-002  8.00000e+002
          8590  8.10291e+002  8.59000e+003 -8.35828e+001  2.80000e-002  8.00000e+002
          8591  8.10289e+002  8.59100e+003 -8.35881e+001  2.80000e-002  8.00000e+002
          8592  8.10285e+002  8.59200e+003 -8.35919e+001  2.80000e-002  8.00000e+002
          8593  8.10287e+002  8.59300e+003 -8.35968e+001  2.80000e-002  8.00000e+002
          8594  8.10291e+002  8.59400e+003 -8.36020e+001  2.80000e-002  8.00000e+002
          8595  8.10291e+002  8.59500e+003 -8.36069e+001  2.80000e-002  8.00000e+002
          8596  8.10292e+002  8.59600e+003 -8.36129e+001  2.80000e-002  8.00000e+002
          8597  8.10292e+002  8.59700e+003 -8.36184e+001  2.80000e-002  8.00000e+002
          8598  8.10293e+002  8.59800e+003 -8.36245e+001  2.80000e-002  8.00000e+002
          8599  8.10290e+002  8.59900e+003 -8.36308e+001  2.80000e-002  8.00000e+002
          8600  8.10298e+002  8.60000e+003 -8.36341e+001  2.80000e-002  8.00000e+002
          8601  8.10292e+002  8.60100e+003 -8.36386e+001  2.80000e-002  8.00000e+002
          8602  8.10295e+002  8.60200e+003 -8.36424e+001  2.80000e-002  8.00000e+002
          8603  8.10295e+002  8.60300e+003 -8.36454e+001  2.80000e-002  8.00000e+002
          8604  8.10297e+002  8.60400e+003 -8.36518e+001  2.80000e-002  8.00000e+002
          8605  8.10300e+002  8.60500e+003 -8.36564e+001  2.80000e-002  8.00000e+002
          8606  8.10290e+002  8.60600e+003 -8.36609e+001  2.80000e-002  8.00000e+002
          8607  8.10299e+002  8.60700e+003 -8.36655e+001  2.80000e-002  8.00000e+002
          8608  8.10293e+002  8.60800e+003 -8.36714e+001  2.80000e-002  8.00000e+002
          8609  8.10296e+002  8.60900e+003 -8.36774e+001  2.80000e-002  8.00000e+002
          8610  8.10287e+002  8.61000e+003 -8.36828e+001  2.80000e-002  8.00000e+002
          8611  8.10290e+002  8.61100e+003 -8.36887e+001  2.80000e-002  8.00000e+002
          8612  8.10294e+002  8.61200e+003 -8.36922e+001  2.80000e-002  8.00000e+002
          8613  8.10297e+002  8.61300e+003 -8.36981e+001  2.80000e-002  8.00000e+002
          8614  8.10300e+002  8.61400e+003 -8.37041e+001  2.80000e-002  8.00000e+002
          8615  8.10292e+002  8.61500e+003 -8.37100e+001  2.80000e-002  8.00000e+002
          8616  8.10297e+002  8.61600e+003 -8.37177e+001  2.80000e-002  8.00000e+002
          8617  8.10292e+002  8.61700e+003 -8.37232e+001  2.80000e-002  8.00000e+002
          8618  8.10299e+002  8.61800e+003 -8.37276e+001  2.80000e-002  8.00000e+002
          8619  8.10297e+002  8.61900e+003 -8.37322e+001  2.80000e-002  8.00000e+002
          8620  8.10298e+002  8.62000e+003 -8.37371e+001  2.80000e-002  8.00000e+002
          8621  8.10303e+002  8.62100e+003 -8.37432e+001  2.80000e-002  8.00000e+002
          8622  8.10293e+002  8.62200e+003 -8.37497e+001  2.80000e-002  8.00000e+002
          8623  8.10300e+002  8.62300e+003 -8.37561e+001  2.80000e-002  8.00000e+002
          8624  8.10303e+002  8.62400e+003 -8.37591e+001  2.80000e-002  8.00000e+002
          8625  8.10297e+002  8.62500e+003 -8.37639e+001  2.80000e-002  8.00000e+002
          8626  8.10302e+002  8.62600e+003 -8.37694e+001  2.80000e-002  8.00000e+002
          8627  8.10302e+002  8.62700e+003 -8.37753e+001  2.80000e-002  8.00000e+002
          8628  8.10301e+002  8.62800e+003 -8.37826e+001  2.80000e-002  8.00000e+002
          8629  8.10305e+002  8.62900e+003 -8.37892e+001  2.80000e-002  8.00000e+002
          8630  8.10303e+002  8.63000e+003 -8.37951e+001  2.80000e-002  8.00000e+002
          8631  8.10294e+002  8.63100e+003 -8.37999e+001  2.80000e-002  8.00000e+002
          8632  8.10298e+002  8.63200e+003 -8.38049e+001  2.80000e-002  8.00000e+002
          8633  8.10305e+002  8.63300e+003 -8.38102e+001  2.80000e-002  8.00000e+002
          8634  8.10299e+002  8.63400e+003 -8.38156e+001  2.80000e-002  8.00000e+002
          8635  8.10302e+002  8.63500e+003 -8.38204e+001  2.80000e-002  8.00000e+002
          8636  8.10300e+002  8.63600e+003 -8.38242e+001  2.80000e-002  8.00000e+002
          8637  8.10299e+002  8.63700e+003 -8.38286e+001  2.80000e-002  8.00000e+002
          8638  8.10295e+002  8.63800e+003 -8.38333e+001  2.80000e-002  8.00000e+002
          8639  8.10305e+002  8.63900e+003 -8.38369e+001  2.80000e-002  8.00000e+002
          8640  8.10311e+002  8.64000e+003 -8.38384e+001  2.80000e-002  8.00000e+002
          8641  8.10308e+002  8.64100e+003 -8.38423e+001  2.80000e-002  8.00000e+002
          8642  8.10307e+002  8.64200e+003 -8.38467e+001  2.80000e-002  8.00000e+002
          8643  8.10312e+002  8.64300e+003 -8.38529e+001  2.80000e-002  8.00000e+002
          8644  8.10311e+002  8.64400e+003 -8.38578e+001  2.80000e-002  8.00000e+002
          8645  8.10311e+002  8.64500e+003 -8.38623e+001  2.80000e-002  8.00000e+002
          8646  8.10301e+002  8.64600e+003 -8.38676e+001  2.80000e-002  8.00000e+002
          8647  8.10305e+002  8.64700e+003 -8.38721e+001  2.80000e-002  8.00000e+002
          8648  8.10311e+002  8.64800e+003 -8.38761e+001  2.80000e-002  8.00000e+002
          8649  8.10306e+002  8.64900e+003 -8.38807e+001  2.80000e-002  8.00000e+002
          8650  8.10320e+002  8.65000e+003 -8.38846e+001  2.80000e-002  8.00000e+002
          8651  8.10314e+002  8.65100e+003 -8.38887e+001  2.80000e-002  8.00000e+002
          8652  8.10312e+002  8.65200e+003 -8.38941e+001  2.80000e-002  8.00000e+002
          8653  8.10313e+002  8.65300e+003 -8.38993e+001  2.80000e-002  8.00000e+002
          8654  8.10312e+002  8.65400e+003 -8.39047e+001  2.80000e-002  8.00000e+002
          8655  8.10310e+002  8.65500e+003 -8.39102e+001  2.80000e-002  8.00000e+002
          8656  8.10316e+002  8.65600e+003 -8.39107e+001  2.80000e-002  8.00000e+002
          8657  8.10319e+002  8.65700e+003 -8.39139e+001  2.80000e-002  8.00000e+002
          8658  8.10316e+002  8.65800e+003 -8.39175e+001  2.80000e-002  8.00000e+002
          8659  8.10321e+002  8.65900e+003 -8.39218e+001  2.80000e-002  8.00000e+002
          8660  8.10319e+002  8.66000e+003 -8.39286e+001  2.80000e-002  8.00000e+002
          8661  8.10322e+002  8.66100e+003 -8.39350e+001  2.80000e-002  8.00000e+002
          8662  8.10323e+002  8.66200e+003 -8.39411e+001  2.80000e-002  8.00000e+002
          8663  8.10318e+002  8.66300e+003 -8.39474e+001  2.80000e-002  8.00000e+002
          8664  8.10326e+002  8.66400e+003 -8.39530e+001  2.80000e-002  8.00000e+002
          8665  8.10324e+002  8.66500e+003 -8.39570e+001  2.80000e-002  8.00000e+002
          8666  8.10330e+002  8.66600e+003 -8.39611e+001  2.80000e-002  8.00000e+002
          8667  8.10324e+002  8.66700e+003 -8.39657e+001  2.80000e-002  8.00000e+002
          8668  8.10328e+002  8.66800e+003 -8.39713e+001  2.80000e-002  8.00000e+002
          8669  8.10320e+002  8.66900e+003 -8.39766e+001  2.80000e-002  8.00000e+002
          8670  8.10318e+002  8.67000e+003 -8.39822e+001  2.80000e-002  8.00000e+002
          8671  8.10319e+002  8.67100e+003 -8.39872e+001  2.80000e-002  8.00000e+002
          8672  8.10323e+002  8.67200e+003 -8.39912e+001  2.80000e-002  8.00000e+002
          8673  8.10324e+002  8.67300e+003 -8.39969e+001  2.80000e-002  8.00000e+002
          8674  8.10325e+002  8.67400e+003 -8.40019e+001  2.80000e-002  8.00000e+002
          8675  8.10323e+002  8.67500e+003 -8.40063e+001  2.80000e-002  8.00000e+002
          8676  8.10321e+002  8.67600e+003 -8.40118e+001  2.80000e-002  8.00000e+002
          8677  8.10314e+002  8.67700e+003 -8.40165e+001  2.80000e-002  8.00000e+002
          8678  8.10320e+002  8.67800e+003 -8.40215e+001  2.80000e-002  8.00000e+002
          8679  8.10326e+002  8.67900e+003 -8.40275e+001  2.80000e-002  8.00000e+002
          8680  8.10331e+002  8.68000e+003 -8.40313e+001  2.80000e-002  8.00000e+002
          8681  8.10324e+002  8.68100e+003 -8.40341e+001  2.80000e-002  8.00000e+002
          8682  8.10325e+002  8.68200e+003 -8.40361e+001  2.80000e-002  8.00000e+002
          8683  8.10326e+002  8.68300e+003 -8.40368e+001  2.80000e-002  8.00000e+002
          8684  8.10329e+002  8.68400e+003 -8.40377e+001  2.80000e-002  8.00000e+002
          8685  8.10334e+002  8.68500e+003 -8.40404e+001  2.80000e-002  8.00000e+002
          8686  8.10332e+002  8.68600e+003 -8.40439e+001  2.80000e-002  8.00000e+002
          8687  8.10334e+002  8.68700e+003 -8.40482e+001  2.80000e-002  8.00000e+002
          8688  8.10329e+002  8.68800e+003 -8.40504e+001  2.80000e-002  8.00000e+002
          8689  8.10330e+002  8.68900e+003 -8.40536e+001  2.80000e-002  8.00000e+002
          8690  8.10328e+002  8.69000e+003 -8.40577e+001  2.80000e-002  8.00000e+002
          8691  8.10326e+002  8.69100e+003 -8.40624e+001  2.80000e-002  8.00000e+002
          8692  8.10331e+002  8.69200e+003 -8.40673e+001  2.80000e-002  8.00000e+002
          8693  8.10333e+002  8.69300e+003 -8.40724e+001  2.80000e-002  8.00000e+002
          8694  8.10338e+002  8.69400e+003 -8.40755e+001  2.80000e-002  8.00000e+002
          8695  8.10337e+002  8.69500e+003 -8.40786e+001  2.80000e-002  8.00000e+002
          8696  8.10337e+002  8.69600e+003 -8.40888e+001  2.80000e-002  8.00000e+002
          8697  8.10336e+002  8.69700e+003 -8.40966e+001  2.80000e-002  8.00000e+002
          8698  8.10326e+002  8.69800e+003 -8.41028e+001  2.80000e-002  8.00000e+002
          8699  8.10334e+002  8.69900e+003 -8.41087e+001  2.80000e-002  8.00000e+002
          8700  8.10335e+002  8.70000e+003 -8.41153e+001  2.80000e-002  8.00000e+002
          8701  8.10325e+002  8.70100e+003 -8.41213e+001  2.80000e-002  8.00000e+002
          8702  8.10332e+002  8.70200e+003 -8.41271e+001  2.80000e-002  8.00000e+002
          8703  8.10337e+002  8.70300e+003 -8.41328e+001  2.80000e-002  8.00000e+002
          8704  8.10335e+002  8.70400e+003 -8.41388e+001  2.80000e-002  8.00000e+002
          8705  8.10331e+002  8.70500e+003 -8.41436e+001  2.80000e-002  8.00000e+002
          8706  8.10330e+002  8.70600e+003 -8.41483e+001  2.80000e-002  8.00000e+002
          8707  8.10337e+002  8.70700e+003 -8.41541e+001  2.80000e-002  8.00000e+002
          8708  8.10334e+002  8.70800e+003 -8.41590e+001  2.80000e-002  8.00000e+002
          8709  8.10330e+002  8.70900e+003 -8.41632e+001  2.80000e-002  8.00000e+002
          8710  8.10332e+002  8.71000e+003 -8.41681e+001  2.80000e-002  8.00000e+002
          8711  8.10333e+002  8.71100e+003 -8.41737e+001  2.80000e-002  8.00000e+002
          8712  8.10339e+002  8.71200e+003 -8.41784e+001  2.80000e-002  8.00000e+002
          8713  8.10331e+002  8.71300e+003 -8.41828e+001  2.80000e-002  8.00000e+002
          8714  8.10335e+002  8.71400e+003 -8.41867e+001  2.80000e-002  8.00000e+002
          8715  8.10331e+002  8.71500e+003 -8.41903e+001  2.80000e-002  8.00000e+002
          8716  8.10330e+002  8.71600e+003 -8.41953e+001  2.80000e-002  8.00000e+002
          8717  8.10338e+002  8.71700e+003 -8.41995e+001  2.80000e-002  8.00000e+002
          8718  8.10341e+002  8.71800e+003 -8.42038e+001  2.80000e-002  8.00000e+002
          8719  8.10333e+002  8.71900e+003 -8.42079e+001  2.80000e-002  8.00000e+002
          8720  8.10325e+002  8.72000e+003 -8.42118e+001  2.80000e-002  8.00000e+002
          8721  8.10331e+002  8.72100e+003 -8.42158e+001  2.80000e-002  8.00000e+002
          8722  8.10332e+002  8.72200e+003 -8.42193e+001  2.80000e-002  8.00000e+002
          8723  8.10339e+002  8.72300e+003 -8.42227e+001  2.80000e-002  8.00000e+002
          8724  8.10336e+002  8.72400e+003 -8.42240e+001  2.80000e-002  8.00000e+002
          8725  8.10331e+002  8.72500e+003 -8.42269e+001  2.80000e-002  8.00000e+002
          8726  8.10334e+002  8.72600e+003 -8.42302e+001  2.80000e-002  8.00000e+002
          8727  8.10332e+002  8.72700e+003 -8.42331e+001  2.80000e-002  8.00000e+002
          8728  8.10331e+002  8.72800e+003 -8.42368e+001  2.80000e-002  8.00000e+002
          8729  8.10340e+002  8.72900e+003 -8.42414e+001  2.80000e-002  8.00000e+002
          8730  8.10336e+002  8.73000e+003 -8.42466e+001  2.80000e-002  8.00000e+002
          8731  8.10346e+002  8.73100e+003 -8.42523e+001  2.80000e-002  8.00000e+002
          8732  8.10346e+002  8.73200e+003 -8.42555e+001  2.80000e-002  8.00000e+002
          8733  8.10341e+002  8.73300e+003 -8.42582e+001  2.80000e-002  8.00000e+002
          8734  8.10337e+002  8.73400e+003 -8.42616e+001  2.80000e-002  8.00000e+002
          8735  8.10336e+002  8.73500e+003 -8.42660e+001  2.80000e-002  8.00000e+002
          8736  8.10334e+002  8.73600e+003 -8.42720e+001  2.80000e-002  8.00000e+002
          8737  8.10335e+002  8.73700e+003 -8.42776e+001  2.80000e-002  8.00000e+002
          8738  8.10334e+002  8.73800e+003 -8.42826e+001  2.80000e-002  8.00000e+002
          8739  8.10337e+002  8.73900e+003 -8.42874e+001  2.80000e-002  8.00000e+002
          8740  8.10337e+002  8.74000e+003 -8.42936e+001  2.80000e-002  8.00000e+002
          8741  8.10339e+002  8.74100e+003 -8.42981e+001  2.80000e-002  8.00000e+002
          8742  8.10339e+002  8.74200e+003 -8.43015e+001  2.80000e-002  8.00000e+002
          8743  8.10338e+002  8.74300e+003 -8.43043e+001  2.80000e-002  8.00000e+002
          8744  8.10334e+002  8.74400e+003 -8.43103e+001  2.80000e-002  8.00000e+002
          8745  8.10339e+002  8.74500e+003 -8.43154e+001  2.80000e-002  8.00000e+002
          8746  8.10341e+002  8.74600e+003 -8.43187e+001  2.80000e-002  8.00000e+002
          8747  8.10343e+002  8.74700e+003 -8.43215e+001  2.80000e-002  8.00000e+002
          8748  8.10338e+002  8.74800e+003 -8.43230e+001  2.80000e-002  8.00000e+002
          8749  8.10337e+002  8.74900e+003 -8.43274e+001  2.80000e-002  8.00000e+002
          8750  8.10348e+002  8.75000e+003 -8.43313e+001  2.80000e-002  8.00000e+002
          8751  8.10343e+002  8.75100e+003 -8.43340e+001  2.80000e-002  8.00000e+002
          8752  8.10341e+002  8.75200e+003 -8.43378e+001  2.80000e-002  8.00000e+002
          8753  8.10337e+002  8.75300e+003 -8.43422e+001  2.80000e-002  8.00000e+002
          8754  8.10339e+002  8.75400e+003 -8.43455e+001  2.80000e-002  8.00000e+002
          8755  8.10338e+002  8.75500e+003 -8.43480e+001  2.80000e-002  8.00000e+002
          8756  8.10343e+002  8.75600e+003 -8.43501e+001  2.80000e-002  8.00000e+002
          8757  8.10341e+002  8.75700e+003 -8.43518e+001  2.80000e-002  8.00000e+002
          8758  8.10338e+002  8.75800e+003 -8.43539e+001  2.80000e-002  8.00000e+002
          8759  8.10346e+002  8.75900e+003 -8.43562e+001  2.80000e-002  8.00000e+002
          8760  8.10348e+002  8.76000e+003 -8.43584e+001  2.80000e-002  8.00000e+002
          8761  8.10340e+002  8.76100e+003 -8.43600e+001  2.80000e-002  8.00000e+002
          8762  8.10339e+002  8.76200e+003 -8.43619e+001  2.80000e-002  8.00000e+002
          8763  8.10337e+002  8.76300e+003 -8.43644e+001  2.80000e-002  8.00000e+002
          8764  8.10338e+002  8.76400e+003 -8.43662e+001  2.80000e-002  8.00000e+002
          8765  8.10344e+002  8.76500e+003 -8.43689e+001  2.80000e-002  8.00000e+002
          8766  8.10335e+002  8.76600e+003 -8.43719e+001  2.80000e-002  8.00000e+002
          8767  8.10343e+002  8.76700e+003 -8.43749e+001  2.80000e-002  8.00000e+002
          8768  8.10338e+002  8.76800e+003 -8.43820e+001  2.80000e-002  8.00000e+002
          8769  8.10341e+002  8.76900e+003 -8.43869e+001  2.80000e-002  8.00000e+002
          8770  8.10345e+002  8.77000e+003 -8.43898e+001  2.80000e-002  8.00000e+002
          8771  8.10346e+002  8.77100e+003 -8.43921e+001  2.80000e-002  8.00000e+002
          8772  8.10338e+002  8.77200e+003 -8.43957e+001  2.80000e-002  8.00000e+002
          8773  8.10341e+002  8.77300e+003 -8.43983e+001  2.80000e-002  8.00000e+002
          8774  8.10343e+002  8.77400e+003 -8.44003e+001  2.80000e-002  8.00000e+002
          8775  8.10341e+002  8.77500e+003 -8.44029e+001  2.80000e-002  8.00000e+002
          8776  8.10338e+002  8.77600e+003 -8.44041e+001  2.80000e-002  8.00000e+002
          8777  8.10342e+002  8.77700e+003 -8.44058e+001  2.80000e-002  8.00000e+002
          8778  8.10339e+002  8.77800e+003 -8.44085e+001  2.80000e-002  8.00000e+002
          8779  8.10345e+002  8.77900e+003 -8.44127e+001  2.80000e-002  8.00000e+002
          8780  8.10343e+002  8.78000e+003 -8.44133e+001  2.80000e-002  8.00000e+002
          8781  8.10347e+002  8.78100e+003 -8.44165e+001  2.80000e-002  8.00000e+002
          8782  8.10342e+002  8.78200e+003 -8.44189e+001  2.80000e-002  8.00000e+002
          8783  8.10343e+002  8.78300e+003 -8.44205e+001  2.80000e-002  8.00000e+002
          8784  8.10334e+002  8.78400e+003 -8.44273e+001  2.80000e-002  8.00000e+002
          8785  8.10341e+002  8.78500e+003 -8.44310e+001  2.80000e-002  8.00000e+002
          8786  8.10337e+002  8.78600e+003 -8.44332e+001  2.80000e-002  8.00000e+002
          8787  8.10339e+002  8.78700e+003 -8.44364e+001  2.80000e-002  8.00000e+002
          8788  8.10338e+002  8.78800e+003 -8.44402e+001  2.80000e-002  8.00000e+002
          8789  8.10338e+002  8.78900e+003 -8.44430e+001  2.80000e-002  8.00000e+002
          8790  8.10339e+002  8.79000e+003 -8.44457e+001  2.80000e-002  8.00000e+002
          8791  8.10336e+002  8.79100e+003 -8.44487e+001  2.80000e-002  8.00000e+002
          8792  8.10342e+002  8.79200e+003 -8.44492e+001  2.80000e-002  8.00000e+002
          8793  8.10335e+002  8.79300e+003 -8.44512e+001  2.80000e-002  8.00000e+002
          8794  8.10346e+002  8.79400e+003 -8.44540e+001  2.80000e-002  8.00000e+002
          8795  8.10339e+002  8.79500e+003 -8.44568e+001  2.80000e-002  8.00000e+002
          8796  8.10339e+002  8.79600e+003 -8.44629e+001  2.80000e-002  8.00000e+002
          8797  8.10334e+002  8.79700e+003 -8.44671e+001  2.80000e-002  8.00000e+002
          8798  8.10345e+002  8.79800e+003 -8.44702e+001  2.80000e-002  8.00000e+002
          8799  8.10340e+002  8.79900e+003 -8.44728e+001  2.80000e-002  8.00000e+002
          8800  8.10335e+002  8.80000e+003 -8.44754e+001  2.80000e-002  8.00000e+002
          8801  8.10340e+002  8.80100e+003 -8.44783e+001  2.80000e-002  8.00000e+002
          8802  8.10339e+002  8.80200e+003 -8.44818e+001  2.80000e-002  8.00000e+002
          8803  8.10342e+002  8.80300e+003 -8.44845e+001  2.80000e-002  8.00000e+002
          8804  8.10335e+002  8.80400e+003 -8.44854e+001  2.80000e-002  8.00000e+002
          8805  8.10338e+002  8.80500e+003 -8.44879e+001  2.80000e-002  8.00000e+002
          8806  8.10338e+002  8.80600e+003 -8.44908e+001  2.80000e-002  8.00000e+002
          8807  8.10339e+002  8.80700e+003 -8.44953e+001  2.80000e-002  8.00000e+002
          8808  8.10334e+002  8.80800e+003 -8.44969e+001  2.80000e-002  8.00000e+002
          8809  8.10341e+002  8.80900e+003 -8.44988e+001  2.80000e-002  8.00000e+002
          8810  8.10335e+002  8.81000e+003 -8.45007e+001  2.80000e-002  8.00000e+002
          8811  8.10338e+002  8.81100e+003 -8.45021e+001  2.80000e-002  8.00000e+002
          8812  8.10339e+002  8.81200e+003 -8.45029e+001  2.80000e-002  8.00000e+002
          8813  8.10340e+002  8.81300e+003 -8.45047e+001  2.80000e-002  8.00000e+002
          8814  8.10343e+002  8.81400e+003 -8.45070e+001  2.80000e-002  8.00000e+002
          8815  8.10338e+002  8.81500e+003 -8.45097e+001  2.80000e-002  8.00000e+002
          8816  8.10328e+002  8.81600e+003 -8.45160e+001  2.80000e-002  8.00000e+002
          8817  8.10335e+002  8.81700e+003 -8.45196e+001  2.80000e-002  8.00000e+002
          8818  8.10330e+002  8.81800e+003 -8.45217e+001  2.80000e-002  8.00000e+002
          8819  8.10342e+002  8.81900e+003 -8.45249e+001  2.80000e-002  8.00000e+002
          8820  8.10348e+002  8.82000e+003 -8.45267e+001  2.80000e-002  8.00000e+002
          8821  8.10340e+002  8.82100e+003 -8.45303e+001  2.80000e-002  8.00000e+002
          8822  8.10340e+002  8.82200e+003 -8.45347e+001  2.80000e-002  8.00000e+002
          8823  8.10331e+002  8.82300e+003 -8.45387e+001  2.80000e-002  8.00000e+002
          8824  8.10332e+002  8.82400e+003 -8.45476e+001  2.80000e-002  8.00000e+002
          8825  8.10337e+002  8.82500e+003 -8.45537e+001  2.80000e-002  8.00000e+002
          8826  8.10334e+002  8.82600e+003 -8.45583e+001  2.80000e-002  8.00000e+002
          8827  8.10336e+002  8.82700e+003 -8.45623e+001  2.80000e-002  8.00000e+002
          8828  8.10328e+002  8.82800e+003 -8.45683e+001  2.80000e-002  8.00000e+002
          8829  8.10330e+002  8.82900e+003 -8.45727e+001  2.80000e-002  8.00000e+002
          8830  8.10335e+002  8.83000e+003 -8.45773e+001  2.80000e-002  8.00000e+002
          8831  8.10329e+002  8.83100e+003 -8.45815e+001  2.80000e-002  8.00000e+002
          8832  8.10335e+002  8.83200e+003 -8.45836e+001  2.80000e-002  8.00000e+002
          8833  8.10327e+002  8.83300e+003 -8.45856e+001  2.80000e-002  8.00000e+002
          8834  8.10334e+002  8.83400e+003 -8.45878e+001  2.80000e-002  8.00000e+002
          8835  8.10335e+002  8.83500e+003 -8.45891e+001  2.80000e-002  8.00000e+002
          8836  8.10335e+002  8.83600e+003 -8.45891e+001  2.80000e-002  8.00000e+002
          8837  8.10338e+002  8.83700e+003 -8.45903e+001  2.80000e-002  8.00000e+002
          8838  8.10340e+002  8.83800e+003 -8.45912e+001  2.80000e-002  8.00000e+002
          8839  8.10338e+002  8.83900e+003 -8.45922e+001  2.80000e-002  8.00000e+002
          8840  8.10337e+002  8.84000e+003 -8.45917e+001  2.80000e-002  8.00000e+002
          8841  8.10345e+002  8.84100e+003 -8.45918e+001  2.80000e-002  8.00000e+002
          8842  8.10340e+002  8.84200e+003 -8.45922e+001  2.80000e-002  8.00000e+002
          8843  8.10339e+002  8.84300e+003 -8.45934e+001  2.80000e-002  8.00000e+002
          8844  8.10337e+002  8.84400e+003 -8.45962e+001  2.80000e-002  8.00000e+002
          8845  8.10335e+002  8.84500e+003 -8.45994e+001  2.80000e-002  8.00000e+002
          8846  8.10335e+002  8.84600e+003 -8.46023e+001  2.80000e-002  8.00000e+002
          8847  8.10331e+002  8.84700e+003 -8.46045e+001  2.80000e-002  8.00000e+002
          8848  8.10336e+002  8.84800e+003 -8.46085e+001  2.80000e-002  8.00000e+002
          8849  8.10334e+002  8.84900e+003 -8.46108e+001  2.80000e-002  8.00000e+002
          8850  8.10334e+002  8.85000e+003 -8.46123e+001  2.80000e-002  8.00000e+002
          8851  8.10338e+002  8.85100e+003 -8.46120e+001  2.80000e-002  8.00000e+002
          8852  8.10331e+002  8.85200e+003 -8.46167e+001  2.80000e-002  8.00000e+002
          8853  8.10332e+002  8.85300e+003 -8.46188e+001  2.80000e-002  8.00000e+002
          8854  8.10334e+002  8.85400e+003 -8.46195e+001  2.80000e-002  8.00000e+002
          8855  8.10330e+002  8.85500e+003 -8.46190e+001  2.80000e-002  8.00000e+002
          8856  8.10328e+002  8.85600e+003 -8.46148e+001  2.80000e-002  8.00000e+002
          8857  8.10334e+002  8.85700e+003 -8.46145e+001  2.80000e-002  8.00000e+002
          8858  8.10330e+002  8.85800e+003 -8.46148e+001  2.80000e-002  8.00000e+002
          8859  8.10333e+002  8.85900e+003 -8.46150e+001  2.80000e-002  8.00000e+002
          8860  8.10341e+002  8.86000e+003 -8.46157e+001  2.80000e-002  8.00000e+002
          8861  8.10330e+002  8.86100e+003 -8.46166e+001  2.80000e-002  8.00000e+002
          8862  8.10332e+002  8.86200e+003 -8.46168e+001  2.80000e-002  8.00000e+002
          8863  8.10338e+002  8.86300e+003 -8.46157e+001  2.80000e-002  8.00000e+002
          8864  8.10336e+002  8.86400e+003 -8.46185e+001  2.80000e-002  8.00000e+002
          8865  8.10330e+002  8.86500e+003 -8.46198e+001  2.80000e-002  8.00000e+002
          8866  8.10333e+002  8.86600e+003 -8.46193e+001  2.80000e-002  8.00000e+002
          8867  8.10334e+002  8.86700e+003 -8.46185e+001  2.80000e-002  8.00000e+002
          8868  8.10331e+002  8.86800e+003 -8.46204e+001  2.80000e-002  8.00000e+002
          8869  8.10336e+002  8.86900e+003 -8.46209e+001  2.80000e-002  8.00000e+002
          8870  8.10336e+002  8.87000e+003 -8.46209e+001  2.80000e-002  8.00000e+002
          8871  8.10334e+002  8.87100e+003 -8.46221e+001  2.80000e-002  8.00000e+002
          8872  8.10336e+002  8.87200e+003 -8.46205e+001  2.80000e-002  8.00000e+002
          8873  8.10330e+002  8.87300e+003 -8.46198e+001  2.80000e-002  8.00000e+002
          8874  8.10339e+002  8.87400e+003 -8.46191e+001  2.80000e-002  8.00000e+002
          8875  8.10340e+002  8.87500e+003 -8.46182e+001  2.80000e-002  8.00000e+002
          8876  8.10339e+002  8.87600e+003 -8.46180e+001  2.80000e-002  8.00000e+002
          8877  8.10338e+002  8.87700e+003 -8.46196e+001  2.80000e-002  8.00000e+002
          8878  8.10338e+002  8.87800e+003 -8.46218e+001  2.80000e-002  8.00000e+002
          8879  8.10339e+002  8.87900e+003 -8.46230e+001  2.80000e-002  8.00000e+002
          8880  8.10339e+002  8.88000e+003 -8.46266e+001  2.80000e-002  8.00000e+002
          8881  8.10342e+002  8.88100e+003 -8.46290e+001  2.80000e-002  8.00000e+002
          8882  8.10344e+002  8.88200e+003 -8.46315e+001  2.80000e-002  8.00000e+002
          8883  8.10343e+002  8.88300e+003 -8.46336e+001  2.80000e-002  8.00000e+002
          8884  8.10344e+002  8.88400e+003 -8.46348e+001  2.80000e-002  8.00000e+002
          8885  8.10341e+002  8.88500e+003 -8.46381e+001  2.80000e-002  8.00000e+002
          8886  8.10345e+002  8.88600e+003 -8.46415e+001  2.80000e-002  8.00000e+002
          8887  8.10342e+002  8.88700e+003 -8.46447e+001  2.80000e-002  8.00000e+002
          8888  8.10339e+002  8.88800e+003 -8.46469e+001  2.80000e-002  8.00000e+002
          8889  8.10337e+002  8.88900e+003 -8.46490e+001  2.80000e-002  8.00000e+002
          8890  8.10343e+002  8.89000e+003 -8.46502e+001  2.80000e-002  8.00000e+002
          8891  8.10339e+002  8.89100e+003 -8.46502e+001  2.80000e-002  8.00000e+002
          8892  8.10346e+002  8.89200e+003 -8.46494e+001  2.80000e-002  8.00000e+002
          8893  8.10342e+002  8.89300e+003 -8.46515e+001  2.80000e-002  8.00000e+002
          8894  8.10334e+002  8.89400e+003 -8.46548e+001  2.80000e-002  8.00000e+002
          8895  8.10336e+002  8.89500e+003 -8.46580e+001  2.80000e-002  8.00000e+002
          8896  8.10342e+002  8.89600e+003 -8.46582e+001  2.80000e-002  8.00000e+002
          8897  8.10338e+002  8.89700e+003 -8.46594e+001  2.80000e-002  8.00000e+002
          8898  8.10341e+002  8.89800e+003 -8.46625e+001  2.80000e-002  8.00000e+002
          8899  8.10346e+002  8.89900e+003 -8.46668e+001  2.80000e-002  8.00000e+002
          8900  8.10349e+002  8.90000e+003 -8.46686e+001  2.80000e-002  8.00000e+002
          8901  8.10350e+002  8.90100e+003 -8.46702e+001  2.80000e-002  8.00000e+002
          8902  8.10345e+002  8.90200e+003 -8.46727e+001  2.80000e-002  8.00000e+002
          8903  8.10346e+002  8.90300e+003 -8.46759e+001  2.80000e-002  8.00000e+002
          8904  8.10340e+002  8.90400e+003 -8.46814e+001  2.80000e-002  8.00000e+002
          8905  8.10337e+002  8.90500e+003 -8.46834e+001  2.80000e-002  8.00000e+002
          8906  8.10337e+002  8.90600e+003 -8.46863e+001  2.80000e-002  8.00000e+002
          8907  8.10342e+002  8.90700e+003 -8.46903e+001  2.80000e-002  8.00000e+002
          8908  8.10347e+002  8.90800e+003 -8.46931e+001  2.80000e-002  8.00000e+002
          8909  8.10347e+002  8.90900e+003 -8.46957e+001  2.80000e-002  8.00000e+002
          8910  8.10345e+002  8.91000e+003 -8.46973e+001  2.80000e-002  8.00000e+002
          8911  8.10342e+002  8.91100e+003 -8.46985e+001  2.80000e-002  8.00000e+002
          8912  8.10338e+002  8.91200e+003 -8.46984e+001  2.80000e-002  8.00000e+002
          8913  8.10343e+002  8.91300e+003 -8.46999e+001  2.80000e-002  8.00000e+002
          8914  8.10338e+002  8.91400e+003 -8.47012e+001  2.80000e-002  8.00000e+002
          8915  8.10344e+002  8.91500e+003 -8.47026e+001  2.80000e-002  8.00000e+002
          8916  8.10340e+002  8.91600e+003 -8.47053e+001  2.80000e-002  8.00000e+002
          8917  8.10347e+002  8.91700e+003 -8.47071e+001  2.80000e-002  8.00000e+002
          8918  8.10340e+002  8.91800e+003 -8.47084e+001  2.80000e-002  8.00000e+002
          8919  8.10342e+002  8.91900e+003 -8.47101e+001  2.80000e-002  8.00000e+002
          8920  8.10345e+002  8.92000e+003 -8.47084e+001  2.80000e-002  8.00000e+002
          8921  8.10343e+002  8.92100e+003 -8.47080e+001  2.80000e-002  8.00000e+002
          8922  8.10346e+002  8.92200e+003 -8.47075e+001  2.80000e-002  8.00000e+002
          8923  8.10343e+002  8.92300e+003 -8.47076e+001  2.80000e-002  8.00000e+002
          8924  8.10346e+002  8.92400e+003 -8.47107e+001  2.80000e-002  8.00000e+002
          8925  8.10343e+002  8.92500e+003 -8.47123e+001  2.80000e-002  8.00000e+002
          8926  8.10346e+002  8.92600e+003 -8.47132e+001  2.80000e-002  8.00000e+002
          8927  8.10349e+002  8.92700e+003 -8.47140e+001  2.80000e-002  8.00000e+002
          8928  8.10341e+002  8.92800e+003 -8.47128e+001  2.80000e-002  8.00000e+002
          8929  8.10350e+002  8.92900e+003 -8.47115e+001  2.80000e-002  8.00000e+002
          8930  8.10351e+002  8.93000e+003 -8.47095e+001  2.80000e-002  8.00000e+002
          8931  8.10345e+002  8.93100e+003 -8.47079e+001  2.80000e-002  8.00000e+002
          8932  8.10336e+002  8.93200e+003 -8.47096e+001  2.80000e-002  8.00000e+002
          8933  8.10337e+002  8.93300e+003 -8.47105e+001  2.80000e-002  8.00000e+002
          8934  8.10341e+002  8.93400e+003 -8.47107e+001  2.80000e-002  8.00000e+002
          8935  8.10334e+002  8.93500e+003 -8.47103e+001  2.80000e-002  8.00000e+002
          8936  8.10336e+002  8.93600e+003 -8.47072e+001  2.80000e-002  8.00000e+002
          8937  8.10340e+002  8.93700e+003 -8.47059e+001  2.80000e-002  8.00000e+002
          8938  8.10343e+002  8.93800e+003 -8.47055e+001  2.80000e-002  8.00000e+002
          8939  8.10342e+002  8.93900e+003 -8.47050e+001  2.80000e-002  8.00000e+002
          8940  8.10348e+002  8.94000e+003 -8.47044e+001  2.80000e-002  8.00000e+002
          8941  8.10336e+002  8.94100e+003 -8.47042e+001  2.80000e-002  8.00000e+002
          8942  8.10345e+002  8.94200e+003 -8.47046e+001  2.80000e-002  8.00000e+002
          8943  8.10345e+002  8.94300e+003 -8.47051e+001  2.80000e-002  8.00000e+002
          8944  8.10336e+002  8.94400e+003 -8.47052e+001  2.80000e-002  8.00000e+002
          8945  8.10346e+002  8.94500e+003 -8.47057e+001  2.80000e-002  8.00000e+002
          8946  8.10345e+002  8.94600e+003 -8.47062e+001  2.80000e-002  8.00000e+002
          8947  8.10342e+002  8.94700e+003 -8.47064e+001  2.80000e-002  8.00000e+002
          8948  8.10346e+002  8.94800e+003 -8.47087e+001  2.80000e-002  8.00000e+002
          8949  8.10343e+002  8.94900e+003 -8.47101e+001  2.80000e-002  8.00000e+002
          8950  8.10341e+002  8.95000e+003 -8.47117e+001  2.80000e-002  8.00000e+002
          8951  8.10348e+002  8.95100e+003 -8.47136e+001  2.80000e-002  8.00000e+002
          8952  8.10338e+002  8.95200e+003 -8.47158e+001  2.80000e-002  8.00000e+002
          8953  8.10347e+002  8.95300e+003 -8.47167e+001  2.80000e-002  8.00000e+002
          8954  8.10344e+002  8.95400e+003 -8.47176e+001  2.80000e-002  8.00000e+002
          8955  8.10343e+002  8.95500e+003 -8.47193e+001  2.80000e-002  8.00000e+002
          8956  8.10344e+002  8.95600e+003 -8.47183e+001  2.80000e-002  8.00000e+002
          8957  8.10347e+002  8.95700e+003 -8.47189e+001  2.80000e-002  8.00000e+002
          8958  8.10340e+002  8.95800e+003 -8.47202e+001  2.80000e-002  8.00000e+002
          8959  8.10344e+002  8.95900e+003 -8.47209e+001  2.80000e-002  8.00000e+002
          8960  8.10341e+002  8.96000e+003 -8.47205e+001  2.80000e-002  8.00000e+002
          8961  8.10343e+002  8.96100e+003 -8.47205e+001  2.80000e-002  8.00000e+002
          8962  8.10342e+002  8.96200e+003 -8.47207e+001  2.80000e-002  8.00000e+002
          8963  8.10339e+002  8.96300e+003 -8.47207e+001  2.80000e-002  8.00000e+002
          8964  8.10348e+002  8.96400e+003 -8.47235e+001  2.80000e-002  8.00000e+002
          8965  8.10346e+002  8.96500e+003 -8.47247e+001  2.80000e-002  8.00000e+002
          8966  8.10343e+002  8.96600e+003 -8.47253e+001  2.80000e-002  8.00000e+002
          8967  8.10347e+002  8.96700e+003 -8.47250e+001  2.80000e-002  8.00000e+002
          8968  8.10343e+002  8.96800e+003 -8.47237e+001  2.80000e-002  8.00000e+002
          8969  8.10343e+002  8.96900e+003 -8.47240e+001  2.80000e-002  8.00000e+002
          8970  8.10342e+002  8.97000e+003 -8.47256e+001  2.80000e-002  8.00000e+002
          8971  8.10344e+002  8.97100e+003 -8.47277e+001  2.80000e-002  8.00000e+002
          8972  8.10341e+002  8.97200e+003 -8.47285e+001  2.80000e-002  8.00000e+002
          8973  8.10340e+002  8.97300e+003 -8.47281e+001  2.80000e-002  8.00000e+002
          8974  8.10347e+002  8.97400e+003 -8.47277e+001  2.80000e-002  8.00000e+002
          8975  8.10344e+002  8.97500e+003 -8.47275e+001  2.80000e-002  8.00000e+002
          8976  8.10344e+002  8.97600e+003 -8.47273e+001  2.80000e-002  8.00000e+002
          8977  8.10345e+002  8.97700e+003 -8.47284e+001  2.80000e-002  8.00000e+002
          8978  8.10345e+002  8.97800e+003 -8.47288e+001  2.80000e-002  8.00000e+002
          8979  8.10349e+002  8.97900e+003 -8.47287e+001  2.80000e-002  8.00000e+002
          8980  8.10351e+002  8.98000e+003 -8.47299e+001  2.80000e-002  8.00000e+002
          8981  8.10353e+002  8.98100e+003 -8.47300e+001  2.80000e-002  8.00000e+002
          8982  8.10353e+002  8.98200e+003 -8.47306e+001  2.80000e-002  8.00000e+002
          8983  8.10353e+002  8.98300e+003 -8.47303e+001  2.80000e-002  8.00000e+002
          8984  8.10347e+002  8.98400e+003 -8.47310e+001  2.80000e-002  8.00000e+002
          8985  8.10352e+002  8.98500e+003 -8.47321e+001  2.80000e-002  8.00000e+002
          8986  8.10345e+002  8.98600e+003 -8.47330e+001  2.80000e-002  8.00000e+002
          8987  8.10352e+002  8.98700e+003 -8.47338e+001  2.80000e-002  8.00000e+002
          8988  8.10352e+002  8.98800e+003 -8.47328e+001  2.80000e-002  8.00000e+002
          8989  8.10345e+002  8.98900e+003 -8.47326e+001  2.80000e-002  8.00000e+002
          8990  8.10346e+002  8.99000e+003 -8.47320e+001  2.80000e-002  8.00000e+002
          8991  8.10352e+002  8.99100e+003 -8.47322e+001  2.80000e-002  8.00000e+002
          8992  8.10350e+002  8.99200e+003 -8.47311e+001  2.80000e-002  8.00000e+002
          8993  8.10355e+002  8.99300e+003 -8.47308e+001  2.80000e-002  8.00000e+002
          8994  8.10350e+002  8.99400e+003 -8.47316e+001  2.80000e-002  8.00000e+002
          8995  8.10346e+002  8.99500e+003 -8.47323e+001  2.80000e-002  8.00000e+002
          8996  8.10353e+002  8.99600e+003 -8.47351e+001  2.80000e-002  8.00000e+002
          8997  8.10350e+002  8.99700e+003 -8.47371e+001  2.80000e-002  8.00000e+002
          8998  8.10349e+002  8.99800e+003 -8.47385e+001  2.80000e-002  8.00000e+002
          8999  8.10351e+002  8.99900e+003 -8.47394e+001  2.80000e-002  8.00000e+002
          9000  8.10353e+002  9.00000e+003 -8.47415e+001  2.80000e-002  8.00000e+002
          9001  8.10349e+002  9.00100e+003 -8.47433e+001  2.80000e-002  8.00000e+002
          9002  8.10351e+002  9.00200e+003 -8.47451e+001  2.80000e-002  8.00000e+002
          9003  8.10344e+002  9.00300e+003 -8.47465e+001  2.80000e-002  8.00000e+002
          9004  8.10345e+002  9.00400e+003 -8.47511e+001  2.80000e-002  8.00000e+002
          9005  8.10347e+002  9.00500e+003 -8.47537e+001  2.80000e-002  8.00000e+002
          9006  8.10352e+002  9.00600e+003 -8.47548e+001  2.80000e-002  8.00000e+002
          9007  8.10350e+002  9.00700e+003 -8.47550e+001  2.80000e-002  8.00000e+002
          9008  8.10354e+002  9.00800e+003 -8.47531e+001  2.80000e-002  8.00000e+002
          9009  8.10350e+002  9.00900e+003 -8.47520e+001  2.80000e-002  8.00000e+002
          9010  8.10350e+002  9.01000e+003 -8.47516e+001  2.80000e-002  8.00000e+002
          9011  8.10351e+002  9.01100e+003 -8.47508e+001  2.80000e-002  8.00000e+002
          9012  8.10348e+002  9.01200e+003 -8.47495e+001  2.80000e-002  8.00000e+002
          9013  8.10346e+002  9.01300e+003 -8.47494e+001  2.80000e-002  8.00000e+002
          9014  8.10351e+002  9.01400e+003 -8.47501e+001  2.80000e-002  8.00000e+002
          9015  8.10349e+002  9.01500e+003 -8.47507e+001  2.80000e-002  8.00000e+002
          9016  8.10352e+002  9.01600e+003 -8.47494e+001  2.80000e-002  8.00000e+002
          9017  8.10357e+002  9.01700e+003 -8.47498e+001  2.80000e-002  8.00000e+002
          9018  8.10356e+002  9.01800e+003 -8.47508e+001  2.80000e-002  8.00000e+002
          9019  8.10356e+002  9.01900e+003 -8.47523e+001  2.80000e-002  8.00000e+002
          9020  8.10351e+002  9.02000e+003 -8.47548e+001  2.80000e-002  8.00000e+002
          9021  8.10345e+002  9.02100e+003 -8.47567e+001  2.80000e-002  8.00000e+002
          9022  8.10356e+002  9.02200e+003 -8.47576e+001  2.80000e-002  8.00000e+002
          9023  8.10349e+002  9.02300e+003 -8.47576e+001  2.80000e-002  8.00000e+002
          9024  8.10348e+002  9.02400e+003 -8.47587e+001  2.80000e-002  8.00000e+002
          9025  8.10346e+002  9.02500e+003 -8.47585e+001  2.80000e-002  8.00000e+002
          9026  8.10352e+002  9.02600e+003 -8.47582e+001  2.80000e-002  8.00000e+002
          9027  8.10348e+002  9.02700e+003 -8.47579e+001  2.80000e-002  8.00000e+002
          9028  8.10346e+002  9.02800e+003 -8.47558e+001  2.80000e-002  8.00000e+002
          9029  8.10349e+002  9.02900e+003 -8.47546e+001  2.80000e-002  8.00000e+002
          9030  8.10344e+002  9.03000e+003 -8.47547e+001  2.80000e-002  8.00000e+002
          9031  8.10351e+002  9.03100e+003 -8.47545e+001  2.80000e-002  8.00000e+002
          9032  8.10348e+002  9.03200e+003 -8.47505e+001  2.80000e-002  8.00000e+002
          9033  8.10347e+002  9.03300e+003 -8.47474e+001  2.80000e-002  8.00000e+002
          9034  8.10346e+002  9.03400e+003 -8.47446e+001  2.80000e-002  8.00000e+002
          9035  8.10354e+002  9.03500e+003 -8.47431e+001  2.80000e-002  8.00000e+002
          9036  8.10355e+002  9.03600e+003 -8.47443e+001  2.80000e-002  8.00000e+002
          9037  8.10353e+002  9.03700e+003 -8.47440e+001  2.80000e-002  8.00000e+002
          9038  8.10350e+002  9.03800e+003 -8.47437e+001  2.80000e-002  8.00000e+002
          9039  8.10356e+002  9.03900e+003 -8.47435e+001  2.80000e-002  8.00000e+002
          9040  8.10352e+002  9.04000e+003 -8.47434e+001  2.80000e-002  8.00000e+002
          9041  8.10354e+002  9.04100e+003 -8.47449e+001  2.80000e-002  8.00000e+002
          9042  8.10356e+002  9.04200e+003 -8.47469e+001  2.80000e-002  8.00000e+002
          9043  8.10356e+002  9.04300e+003 -8.47477e+001  2.80000e-002  8.00000e+002
          9044  8.10349e+002  9.04400e+003 -8.47494e+001  2.80000e-002  8.00000e+002
          9045  8.10351e+002  9.04500e+003 -8.47490e+001  2.80000e-002  8.00000e+002
          9046  8.10349e+002  9.04600e+003 -8.47483e+001  2.80000e-002  8.00000e+002
          9047  8.10348e+002  9.04700e+003 -8.47475e+001  2.80000e-002  8.00000e+002
          9048  8.10351e+002  9.04800e+003 -8.47463e+001  2.80000e-002  8.00000e+002
          9049  8.10349e+002  9.04900e+003 -8.47470e+001  2.80000e-002  8.00000e+002
          9050  8.10349e+002  9.05000e+003 -8.47470e+001  2.80000e-002  8.00000e+002
          9051  8.10355e+002  9.05100e+003 -8.47457e+001  2.80000e-002  8.00000e+002
          9052  8.10358e+002  9.05200e+003 -8.47397e+001  2.80000e-002  8.00000e+002
          9053  8.10363e+002  9.05300e+003 -8.47366e+001  2.80000e-002  8.00000e+002
          9054  8.10352e+002  9.05400e+003 -8.47349e+001  2.80000e-002  8.00000e+002
          9055  8.10354e+002  9.05500e+003 -8.47341e+001  2.80000e-002  8.00000e+002
          9056  8.10360e+002  9.05600e+003 -8.47362e+001  2.80000e-002  8.00000e+002
          9057  8.10354e+002  9.05700e+003 -8.47367e+001  2.80000e-002  8.00000e+002
          9058  8.10348e+002  9.05800e+003 -8.47370e+001  2.80000e-002  8.00000e+002
          9059  8.10354e+002  9.05900e+003 -8.47372e+001  2.80000e-002  8.00000e+002
          9060  8.10362e+002  9.06000e+003 -8.47359e+001  2.80000e-002  8.00000e+002
          9061  8.10359e+002  9.06100e+003 -8.47350e+001  2.80000e-002  8.00000e+002
          9062  8.10363e+002  9.06200e+003 -8.47339e+001  2.80000e-002  8.00000e+002
          9063  8.10358e+002  9.06300e+003 -8.47329e+001  2.80000e-002  8.00000e+002
          9064  8.10359e+002  9.06400e+003 -8.47376e+001  2.80000e-002  8.00000e+002
          9065  8.10355e+002  9.06500e+003 -8.47408e+001  2.80000e-002  8.00000e+002
          9066  8.10355e+002  9.06600e+003 -8.47423e+001  2.80000e-002  8.00000e+002
          9067  8.10352e+002  9.06700e+003 -8.47421e+001  2.80000e-002  8.00000e+002
          9068  8.10356e+002  9.06800e+003 -8.47411e+001  2.80000e-002  8.00000e+002
          9069  8.10363e+002  9.06900e+003 -8.47411e+001  2.80000e-002  8.00000e+002
          9070  8.10364e+002  9.07000e+003 -8.47419e+001  2.80000e-002  8.00000e+002
          9071  8.10359e+002  9.07100e+003 -8.47425e+001  2.80000e-002  8.00000e+002
          9072  8.10359e+002  9.07200e+003 -8.47447e+001  2.80000e-002  8.00000e+002
          9073  8.10355e+002  9.07300e+003 -8.47461e+001  2.80000e-002  8.00000e+002
          9074  8.10355e+002  9.07400e+003 -8.47452e+001  2.80000e-002  8.00000e+002
          9075  8.10355e+002  9.07500e+003 -8.47424e+001  2.80000e-002  8.00000e+002
          9076  8.10359e+002  9.07600e+003 -8.47398e+001  2.80000e-002  8.00000e+002
          9077  8.10351e+002  9.07700e+003 -8.47400e+001  2.80000e-002  8.00000e+002
          9078  8.10356e+002  9.07800e+003 -8.47409e+001  2.80000e-002  8.00000e+002
          9079  8.10359e+002  9.07900e+003 -8.47408e+001  2.80000e-002  8.00000e+002
          9080  8.10360e+002  9.08000e+003 -8.47386e+001  2.80000e-002  8.00000e+002
          9081  8.10356e+002  9.08100e+003 -8.47380e+001  2.80000e-002  8.00000e+002
          9082  8.10352e+002  9.08200e+003 -8.47388e+001  2.80000e-002  8.00000e+002
          9083  8.10353e+002  9.08300e+003 -8.47395e+001  2.80000e-002  8.00000e+002
          9084  8.10359e+002  9.08400e+003 -8.47378e+001  2.80000e-002  8.00000e+002
          9085  8.10351e+002  9.08500e+003 -8.47377e+001  2.80000e-002  8.00000e+002
          9086  8.10353e+002  9.08600e+003 -8.47376e+001  2.80000e-002  8.00000e+002
          9087  8.10358e+002  9.08700e+003 -8.47378e+001  2.80000e-002  8.00000e+002
          9088  8.10357e+002  9.08800e+003 -8.47393e+001  2.80000e-002  8.00000e+002
          9089  8.10359e+002  9.08900e+003 -8.47404e+001  2.80000e-002  8.00000e+002
          9090  8.10368e+002  9.09000e+003 -8.47421e+001  2.80000e-002  8.00000e+002
          9091  8.10361e+002  9.09100e+003 -8.47443e+001  2.80000e-002  8.00000e+002
          9092  8.10358e+002  9.09200e+003 -8.47459e+001  2.80000e-002  8.00000e+002
          9093  8.10358e+002  9.09300e+003 -8.47465e+001  2.80000e-002  8.00000e+002
          9094  8.10361e+002  9.09400e+003 -8.47474e+001  2.80000e-002  8.00000e+002
          9095  8.10364e+002  9.09500e+003 -8.47477e+001  2.80000e-002  8.00000e+002
          9096  8.10363e+002  9.09600e+003 -8.47498e+001  2.80000e-002  8.00000e+002
          9097  8.10357e+002  9.09700e+003 -8.47511e+001  2.80000e-002  8.00000e+002
          9098  8.10353e+002  9.09800e+003 -8.47514e+001  2.80000e-002  8.00000e+002
          9099  8.10357e+002  9.09900e+003 -8.47511e+001  2.80000e-002  8.00000e+002
          9100  8.10354e+002  9.10000e+003 -8.47491e+001  2.80000e-002  8.00000e+002
          9101  8.10356e+002  9.10100e+003 -8.47490e+001  2.80000e-002  8.00000e+002
          9102  8.10358e+002  9.10200e+003 -8.47499e+001  2.80000e-002  8.00000e+002
          9103  8.10350e+002  9.10300e+003 -8.47510e+001  2.80000e-002  8.00000e+002
          9104  8.10352e+002  9.10400e+003 -8.47500e+001  2.80000e-002  8.00000e+002
          9105  8.10356e+002  9.10500e+003 -8.47482e+001  2.80000e-002  8.00000e+002
          9106  8.10357e+002  9.10600e+003 -8.47461e+001  2.80000e-002  8.00000e+002
          9107  8.10360e+002  9.10700e+003 -8.47443e+001  2.80000e-002  8.00000e+002
          9108  8.10354e+002  9.10800e+003 -8.47438e+001  2.80000e-002  8.00000e+002
          9109  8.10356e+002  9.10900e+003 -8.47426e+001  2.80000e-002  8.00000e+002
          9110  8.10352e+002  9.11000e+003 -8.47411e+001  2.80000e-002  8.00000e+002
          9111  8.10353e+002  9.11100e+003 -8.47393e+001  2.80000e-002  8.00000e+002
          9112  8.10353e+002  9.11200e+003 -8.47389e+001  2.80000e-002  8.00000e+002
          9113  8.10359e+002  9.11300e+003 -8.47373e+001  2.80000e-002  8.00000e+002
          9114  8.10359e+002  9.11400e+003 -8.47344e+001  2.80000e-002  8.00000e+002
          9115  8.10363e+002  9.11500e+003 -8.47306e+001  2.80000e-002  8.00000e+002
          9116  8.10356e+002  9.11600e+003 -8.47290e+001  2.80000e-002  8.00000e+002
          9117  8.10357e+002  9.11700e+003 -8.47282e+001  2.80000e-002  8.00000e+002
          9118  8.10351e+002  9.11800e+003 -8.47273e+001  2.80000e-002  8.00000e+002
          9119  8.10361e+002  9.11900e+003 -8.47257e+001  2.80000e-002  8.00000e+002
          9120  8.10351e+002  9.12000e+003 -8.47256e+001  2.80000e-002  8.00000e+002
          9121  8.10357e+002  9.12100e+003 -8.47264e+001  2.80000e-002  8.00000e+002
          9122  8.10359e+002  9.12200e+003 -8.47274e+001  2.80000e-002  8.00000e+002
          9123  8.10362e+002  9.12300e+003 -8.47285e+001  2.80000e-002  8.00000e+002
          9124  8.10365e+002  9.12400e+003 -8.47275e+001  2.80000e-002  8.00000e+002
          9125  8.10360e+002  9.12500e+003 -8.47259e+001  2.80000e-002  8.00000e+002
          9126  8.10353e+002  9.12600e+003 -8.47245e+001  2.80000e-002  8.00000e+002
          9127  8.10354e+002  9.12700e+003 -8.47230e+001  2.80000e-002  8.00000e+002
          9128  8.10357e+002  9.12800e+003 -8.47227e+001  2.80000e-002  8.00000e+002
          9129  8.10357e+002  9.12900e+003 -8.47225e+001  2.80000e-002  8.00000e+002
          9130  8.10364e+002  9.13000e+003 -8.47222e+001  2.80000e-002  8.00000e+002
          9131  8.10358e+002  9.13100e+003 -8.47216e+001  2.80000e-002  8.00000e+002
          9132  8.10365e+002  9.13200e+003 -8.47157e+001  2.80000e-002  8.00000e+002
          9133  8.10361e+002  9.13300e+003 -8.47130e+001  2.80000e-002  8.00000e+002
          9134  8.10360e+002  9.13400e+003 -8.47106e+001  2.80000e-002  8.00000e+002
          9135  8.10363e+002  9.13500e+003 -8.47091e+001  2.80000e-002  8.00000e+002
          9136  8.10364e+002  9.13600e+003 -8.47100e+001  2.80000e-002  8.00000e+002
          9137  8.10361e+002  9.13700e+003 -8.47103e+001  2.80000e-002  8.00000e+002
          9138  8.10355e+002  9.13800e+003 -8.47103e+001  2.80000e-002  8.00000e+002
          9139  8.10359e+002  9.13900e+003 -8.47099e+001  2.80000e-002  8.00000e+002
          9140  8.10359e+002  9.14000e+003 -8.47099e+001  2.80000e-002  8.00000e+002
          9141  8.10362e+002  9.14100e+003 -8.47098e+001  2.80000e-002  8.00000e+002
          9142  8.10367e+002  9.14200e+003 -8.47106e+001  2.80000e-002  8.00000e+002
          9143  8.10363e+002  9.14300e+003 -8.47112e+001  2.80000e-002  8.00000e+002
          9144  8.10369e+002  9.14400e+003 -8.47133e+001  2.80000e-002  8.00000e+002
          9145  8.10355e+002  9.14500e+003 -8.47142e+001  2.80000e-002  8.00000e+002
          9146  8.10362e+002  9.14600e+003 -8.47156e+001  2.80000e-002  8.00000e+002
          9147  8.10363e+002  9.14700e+003 -8.47176e+001  2.80000e-002  8.00000e+002
          9148  8.10364e+002  9.14800e+003 -8.47165e+001  2.80000e-002  8.00000e+002
          9149  8.10360e+002  9.14900e+003 -8.47155e+001  2.80000e-002  8.00000e+002
          9150  8.10355e+002  9.15000e+003 -8.47149e+001  2.80000e-002  8.00000e+002
          9151  8.10357e+002  9.15100e+003 -8.47139e+001  2.80000e-002  8.00000e+002
          9152  8.10354e+002  9.15200e+003 -8.47126e+001  2.80000e-002  8.00000e+002
          9153  8.10360e+002  9.15300e+003 -8.47119e+001  2.80000e-002  8.00000e+002
          9154  8.10357e+002  9.15400e+003 -8.47109e+001  2.80000e-002  8.00000e+002
          9155  8.10360e+002  9.15500e+003 -8.47098e+001  2.80000e-002  8.00000e+002
          9156  8.10366e+002  9.15600e+003 -8.47086e+001  2.80000e-002  8.00000e+002
          9157  8.10365e+002  9.15700e+003 -8.47068e+001  2.80000e-002  8.00000e+002
          9158  8.10362e+002  9.15800e+003 -8.47046e+001  2.80000e-002  8.00000e+002
          9159  8.10361e+002  9.15900e+003 -8.47021e+001  2.80000e-002  8.00000e+002
          9160  8.10362e+002  9.16000e+003 -8.46997e+001  2.80000e-002  8.00000e+002
          9161  8.10366e+002  9.16100e+003 -8.46984e+001  2.80000e-002  8.00000e+002
          9162  8.10363e+002  9.16200e+003 -8.46956e+001  2.80000e-002  8.00000e+002
          9163  8.10361e+002  9.16300e+003 -8.46916e+001  2.80000e-002  8.00000e+002
          9164  8.10362e+002  9.16400e+003 -8.46918e+001  2.80000e-002  8.00000e+002
          9165  8.10362e+002  9.16500e+003 -8.46905e+001  2.80000e-002  8.00000e+002
          9166  8.10360e+002  9.16600e+003 -8.46887e+001  2.80000e-002  8.00000e+002
          9167  8.10359e+002  9.16700e+003 -8.46869e+001  2.80000e-002  8.00000e+002
          9168  8.10364e+002  9.16800e+003 -8.46859e+001  2.80000e-002  8.00000e+002
          9169  8.10358e+002  9.16900e+003 -8.46860e+001  2.80000e-002  8.00000e+002
          9170  8.10361e+002  9.17000e+003 -8.46860e+001  2.80000e-002  8.00000e+002
          9171  8.10367e+002  9.17100e+003 -8.46850e+001  2.80000e-002  8.00000e+002
          9172  8.10370e+002  9.17200e+003 -8.46854e+001  2.80000e-002  8.00000e+002
          9173  8.10366e+002  9.17300e+003 -8.46854e+001  2.80000e-002  8.00000e+002
          9174  8.10364e+002  9.17400e+003 -8.46848e+001  2.80000e-002  8.00000e+002
          9175  8.10359e+002  9.17500e+003 -8.46837e+001  2.80000e-002  8.00000e+002
          9176  8.10367e+002  9.17600e+003 -8.46858e+001  2.80000e-002  8.00000e+002
          9177  8.10364e+002  9.17700e+003 -8.46868e+001  2.80000e-002  8.00000e+002
          9178  8.10360e+002  9.17800e+003 -8.46871e+001  2.80000e-002  8.00000e+002
          9179  8.10358e+002  9.17900e+003 -8.46880e+001  2.80000e-002  8.00000e+002
          9180  8.10355e+002  9.18000e+003 -8.46885e+001  2.80000e-002  8.00000e+002
          9181  8.10359e+002  9.18100e+003 -8.46887e+001  2.80000e-002  8.00000e+002
          9182  8.10361e+002  9.18200e+003 -8.46884e+001  2.80000e-002  8.00000e+002
          9183  8.10361e+002  9.18300e+003 -8.46871e+001  2.80000e-002  8.00000e+002
          9184  8.10368e+002  9.18400e+003 -8.46857e+001  2.80000e-002  8.00000e+002
          9185  8.10362e+002  9.18500e+003 -8.46838e+001  2.80000e-002  8.00000e+002
          9186  8.10366e+002  9.18600e+003 -8.46832e+001  2.80000e-002  8.00000e+002
          9187  8.10364e+002  9.18700e+003 -8.46837e+001  2.80000e-002  8.00000e+002
          9188  8.10361e+002  9.18800e+003 -8.46844e+001  2.80000e-002  8.00000e+002
          9189  8.10363e+002  9.18900e+003 -8.46842e+001  2.80000e-002  8.00000e+002
          9190  8.10359e+002  9.19000e+003 -8.46838e+001  2.80000e-002  8.00000e+002
          9191  8.10362e+002  9.19100e+003 -8.46843e+001  2.80000e-002  8.00000e+002
          9192  8.10365e+002  9.19200e+003 -8.46814e+001  2.80000e-002  8.00000e+002
          9193  8.10361e+002  9.19300e+003 -8.46806e+001  2.80000e-002  8.00000e+002
          9194  8.10367e+002  9.19400e+003 -8.46801e+001  2.80000e-002  8.00000e+002
          9195  8.10358e+002  9.19500e+003 -8.46799e+001  2.80000e-002  8.00000e+002
          9196  8.10364e+002  9.19600e+003 -8.46830e+001  2.80000e-002  8.00000e+002
          9197  8.10373e+002  9.19700e+003 -8.46831e+001  2.80000e-002  8.00000e+002
          9198  8.10375e+002  9.19800e+003 -8.46831e+001  2.80000e-002  8.00000e+002
          9199  8.10373e+002  9.19900e+003 -8.46828e+001  2.80000e-002  8.00000e+002
          9200  8.10376e+002  9.20000e+003 -8.46835e+001  2.80000e-002  8.00000e+002
          9201  8.10372e+002  9.20100e+003 -8.46840e+001  2.80000e-002  8.00000e+002
          9202  8.10374e+002  9.20200e+003 -8.46841e+001  2.80000e-002  8.00000e+002
          9203  8.10369e+002  9.20300e+003 -8.46824e+001  2.80000e-002  8.00000e+002
          9204  8.10369e+002  9.20400e+003 -8.46791e+001  2.80000e-002  8.00000e+002
          9205  8.10373e+002  9.20500e+003 -8.46761e+001  2.80000e-002  8.00000e+002
          9206  8.10370e+002  9.20600e+003 -8.46747e+001  2.80000e-002  8.00000e+002
          9207  8.10366e+002  9.20700e+003 -8.46740e+001  2.80000e-002  8.00000e+002
          9208  8.10370e+002  9.20800e+003 -8.46728e+001  2.80000e-002  8.00000e+002
          9209  8.10367e+002  9.20900e+003 -8.46710e+001  2.80000e-002  8.00000e+002
          9210  8.10365e+002  9.21000e+003 -8.46692e+001  2.80000e-002  8.00000e+002
          9211  8.10366e+002  9.21100e+003 -8.46679e+001  2.80000e-002  8.00000e+002
          9212  8.10376e+002  9.21200e+003 -8.46602e+001  2.80000e-002  8.00000e+002
          9213  8.10378e+002  9.21300e+003 -8.46582e+001  2.80000e-002  8.00000e+002
          9214  8.10383e+002  9.21400e+003 -8.46592e+001  2.80000e-002  8.00000e+002
          9215  8.10375e+002  9.21500e+003 -8.46613e+001  2.80000e-002  8.00000e+002
          9216  8.10370e+002  9.21600e+003 -8.46654e+001  2.80000e-002  8.00000e+002
          9217  8.10383e+002  9.21700e+003 -8.46666e+001  2.80000e-002  8.00000e+002
          9218  8.10384e+002  9.21800e+003 -8.46669e+001  2.80000e-002  8.00000e+002
          9219  8.10365e+002  9.21900e+003 -8.46673e+001  2.80000e-002  8.00000e+002
          9220  8.10367e+002  9.22000e+003 -8.46676e+001  2.80000e-002  8.00000e+002
          9221  8.10372e+002  9.22100e+003 -8.46680e+001  2.80000e-002  8.00000e+002
          9222  8.10380e+002  9.22200e+003 -8.46687e+001  2.80000e-002  8.00000e+002
          9223  8.10378e+002  9.22300e+003 -8.46696e+001  2.80000e-002  8.00000e+002
          9224  8.10375e+002  9.22400e+003 -8.46720e+001  2.80000e-002  8.00000e+002
          9225  8.10380e+002  9.22500e+003 -8.46736e+001  2.80000e-002  8.00000e+002
          9226  8.10384e+002  9.22600e+003 -8.46742e+001  2.80000e-002  8.00000e+002
          9227  8.10377e+002  9.22700e+003 -8.46736e+001  2.80000e-002  8.00000e+002
          9228  8.10384e+002  9.22800e+003 -8.46711e+001  2.80000e-002  8.00000e+002
          9229  8.10378e+002  9.22900e+003 -8.46708e+001  2.80000e-002  8.00000e+002
          9230  8.10387e+002  9.23000e+003 -8.46710e+001  2.80000e-002  8.00000e+002
          9231  8.10378e+002  9.23100e+003 -8.46712e+001  2.80000e-002  8.00000e+002
          9232  8.10374e+002  9.23200e+003 -8.46732e+001  2.80000e-002  8.00000e+002
          9233  8.10383e+002  9.23300e+003 -8.46733e+001  2.79722e-002  8.00000e+002
          9234  8.10376e+002  9.23400e+003 -8.46730e+001  2.78819e-002  8.00000e+002
          9235  8.10378e+002  9.23500e+003 -8.46720e+001  2.77778e-002  8.00000e+002
          9236  8.10376e+002  9.23600e+003 -8.46710e+001  2.76360e-002  8.00000e+002
          9237  8.10368e+002  9.23700e+003 -8.46708e+001  2.75180e-002  8.00000e+002
          9238  8.10375e+002  9.23800e+003 -8.46702e+001  2.74100e-002  8.00000e+002
          9239  8.10372e+002  9.23900e+003 -8.46693e+001  2.73086e-002  8.00000e+002
          9240  8.10378e+002  9.24000e+003 -8.46702e+001  2.72155e-002  8.00000e+002
          9241  8.10370e+002  9.24100e+003 -8.46704e+001  2.71425e-002  8.00000e+002
          9242  8.10373e+002  9.24200e+003 -8.46702e+001  2.70841e-002  8.00000e+002
          9243  8.10377e+002  9.24300e+003 -8.46698e+001  2.70343e-002  8.00000e+002
          9244  8.10371e+002  9.24400e+003 -8.46694e+001  2.70423e-002  8.00000e+002
          9245  8.10366e+002  9.24500e+003 -8.46691e+001  2.70284e-002  8.00000e+002
          9246  8.10371e+002  9.24600e+003 -8.46685e+001  2.70146e-002  8.00000e+002
          9247  8.10371e+002  9.24700e+003 -8.46680e+001  2.70038e-002  8.00000e+002
          9248  8.10371e+002  9.24800e+003 -8.46666e+001  2.70072e-002  8.00000e+002
          9249  8.10367e+002  9.24900e+003 -8.46649e+001  2.70049e-002  8.00000e+002
          9250  8.10370e+002  9.25000e+003 -8.46626e+001  2.70024e-002  8.00000e+002
          9251  8.10374e+002  9.25100e+003 -8.46601e+001  2.70004e-002  8.00000e+002
          9252  8.10365e+002  9.25200e+003 -8.46579e+001  2.70011e-002  8.00000e+002
          9253  8.10368e+002  9.25300e+003 -8.46559e+001  2.70008e-002  8.00000e+002
          9254  8.10373e+002  9.25400e+003 -8.46536e+001  2.70004e-002  8.00000e+002
          9255  8.10367e+002  9.25500e+003 -8.46521e+001  2.70000e-002  8.00000e+002
          9256  8.10374e+002  9.25600e+003 -8.46509e+001  2.70002e-002  8.00000e+002
          9257  8.10375e+002  9.25700e+003 -8.46506e+001  2.70001e-002  8.00000e+002
          9258  8.10374e+002  9.25800e+003 -8.46497e+001  2.70001e-002  8.00000e+002
          9259  8.10377e+002  9.25900e+003 -8.46486e+001  2.70000e-002  8.00000e+002
          9260  8.10373e+002  9.26000e+003 -8.46473e+001  2.70000e-002  8.00000e+002
          9261  8.10366e+002  9.26100e+003 -8.46451e+001  2.70000e-002  8.00000e+002
          9262  8.10364e+002  9.26200e+003 -8.46425e+001  2.70000e-002  8.00000e+002
          9263  8.10363e+002  9.26300e+003 -8.46405e+001  2.70000e-002  8.00000e+002
          9264  8.10369e+002  9.26400e+003 -8.46412e+001  2.70000e-002  8.00000e+002
          9265  8.10372e+002  9.26500e+003 -8.46390e+001  2.70000e-002  8.00000e+002
          9266  8.10368e+002  9.26600e+003 -8.46366e+001  2.70000e-002  8.00000e+002
          9267  8.10371e+002  9.26700e+003 -8.46346e+001  2.70000e-002  8.00000e+002
          9268  8.10381e+002  9.26800e+003 -8.46288e+001  2.70000e-002  8.00000e+002
          9269  8.10369e+002  9.26900e+003 -8.46261e+001  2.70000e-002  8.00000e+002
          9270  8.10376e+002  9.27000e+003 -8.46254e+001  2.70000e-002  8.00000e+002
          9271  8.10358e+002  9.27100e+003 -8.46260e+001  2.70000e-002  8.00000e+002
          9272  8.10366e+002  9.27200e+003 -8.46262e+001  2.70000e-002  8.00000e+002
          9273  8.10371e+002  9.27300e+003 -8.46252e+001  2.70000e-002  8.00000e+002
          9274  8.10369e+002  9.27400e+003 -8.46242e+001  2.70000e-002  8.00000e+002
          9275  8.10377e+002  9.27500e+003 -8.46233e+001  2.70000e-002  8.00000e+002
          9276  8.10371e+002  9.27600e+003 -8.46241e+001  2.70000e-002  8.00000e+002
          9277  8.10372e+002  9.27700e+003 -8.46236e+001  2.70000e-002  8.00000e+002
          9278  8.10371e+002  9.27800e+003 -8.46219e+001  2.70000e-002  8.00000e+002
          9279  8.10372e+002  9.27900e+003 -8.46194e+001  2.70000e-002  8.00000e+002
          9280  8.10371e+002  9.28000e+003 -8.46207e+001  2.70000e-002  8.00000e+002
          9281  8.10378e+002  9.28100e+003 -8.46206e+001  2.70000e-002  8.00000e+002
          9282  8.10380e+002  9.28200e+003 -8.46191e+001  2.70000e-002  8.00000e+002
          9283  8.10373e+002  9.28300e+003 -8.46176e+001  2.70000e-002  8.00000e+002
          9284  8.10373e+002  9.28400e+003 -8.46151e+001  2.70000e-002  8.00000e+002
          9285  8.10383e+002  9.28500e+003 -8.46142e+001  2.70000e-002  8.00000e+002
          9286  8.10373e+002  9.28600e+003 -8.46130e+001  2.70000e-002  8.00000e+002
          9287  8.10382e+002  9.28700e+003 -8.46117e+001  2.70000e-002  8.00000e+002
          9288  8.10379e+002  9.28800e+003 -8.46119e+001  2.70000e-002  8.00000e+002
          9289  8.10369e+002  9.28900e+003 -8.46128e+001  2.70000e-002  8.00000e+002
          9290  8.10366e+002  9.29000e+003 -8.46147e+001  2.70000e-002  8.00000e+002
          9291  8.10374e+002  9.29100e+003 -8.46163e+001  2.70000e-002  8.00000e+002
          9292  8.10383e+002  9.29200e+003 -8.46160e+001  2.70000e-002  8.00000e+002
          9293  8.10378e+002  9.29300e+003 -8.46166e+001  2.70000e-002  8.00000e+002
          9294  8.10374e+002  9.29400e+003 -8.46173e+001  2.70000e-002  8.00000e+002
          9295  8.10376e+002  9.29500e+003 -8.46179e+001  2.70000e-002  8.00000e+002
          9296  8.10371e+002  9.29600e+003 -8.46228e+001  2.70000e-002  8.00000e+002
          9297  8.10374e+002  9.29700e+003 -8.46275e+001  2.70000e-002  8.00000e+002
          9298  8.10375e+002  9.29800e+003 -8.46304e+001  2.70000e-002  8.00000e+002
          9299  8.10370e+002  9.29900e+003 -8.46314e+001  2.70000e-002  8.00000e+002
          9300  8.10381e+002  9.30000e+003 -8.46295e+001  2.70000e-002  8.00000e+002
          9301  8.10372e+002  9.30100e+003 -8.46270e+001  2.70000e-002  8.00000e+002
          9302  8.10376e+002  9.30200e+003 -8.46245e+001  2.70000e-002  8.00000e+002
          9303  8.10375e+002  9.30300e+003 -8.46216e+001  2.70000e-002  8.00000e+002
          9304  8.10374e+002  9.30400e+003 -8.46214e+001  2.70000e-002  8.00000e+002
          9305  8.10366e+002  9.30500e+003 -8.46215e+001  2.70000e-002  8.00000e+002
          9306  8.10372e+002  9.30600e+003 -8.46199e+001  2.70000e-002  8.00000e+002
          9307  8.10374e+002  9.30700e+003 -8.46177e+001  2.70000e-002  8.00000e+002
          9308  8.10378e+002  9.30800e+003 -8.46092e+001  2.70000e-002  8.00000e+002
          9309  8.10379e+002  9.30900e+003 -8.46064e+001  2.70000e-002  8.00000e+002
          9310  8.10372e+002  9.31000e+003 -8.46064e+001  2.70000e-002  8.00000e+002
          9311  8.10374e+002  9.31100e+003 -8.46073e+001  2.70000e-002  8.00000e+002
          9312  8.10374e+002  9.31200e+003 -8.46083e+001  2.70000e-002  8.00000e+002
          9313  8.10374e+002  9.31300e+003 -8.46054e+001  2.70000e-002  8.00000e+002
          9314  8.10373e+002  9.31400e+003 -8.46022e+001  2.70000e-002  8.00000e+002
          9315  8.10373e+002  9.31500e+003 -8.46005e+001  2.70000e-002  8.00000e+002
          9316  8.10369e+002  9.31600e+003 -8.46005e+001  2.70000e-002  8.00000e+002
          9317  8.10372e+002  9.31700e+003 -8.45994e+001  2.70000e-002  8.00000e+002
          9318  8.10371e+002  9.31800e+003 -8.45980e+001  2.70000e-002  8.00000e+002
          9319  8.10366e+002  9.31900e+003 -8.45974e+001  2.70000e-002  8.00000e+002
          9320  8.10367e+002  9.32000e+003 -8.45947e+001  2.70000e-002  8.00000e+002
          9321  8.10372e+002  9.32100e+003 -8.45923e+001  2.70000e-002  8.00000e+002
          9322  8.10372e+002  9.32200e+003 -8.45896e+001  2.70000e-002  8.00000e+002
          9323  8.10370e+002  9.32300e+003 -8.45874e+001  2.70000e-002  8.00000e+002
          9324  8.10374e+002  9.32400e+003 -8.45882e+001  2.70000e-002  8.00000e+002
          9325  8.10368e+002  9.32500e+003 -8.45868e+001  2.70000e-002  8.00000e+002
          9326  8.10373e+002  9.32600e+003 -8.45864e+001  2.70000e-002  8.00000e+002
          9327  8.10366e+002  9.32700e+003 -8.45870e+001  2.70000e-002  8.00000e+002
          9328  8.10369e+002  9.32800e+003 -8.45866e+001  2.70000e-002  8.00000e+002
          9329  8.10372e+002  9.32900e+003 -8.45871e+001  2.70000e-002  8.00000e+002
          9330  8.10374e+002  9.33000e+003 -8.45883e+001  2.70000e-002  8.00000e+002
          9331  8.10373e+002  9.33100e+003 -8.45901e+001  2.70000e-002  8.00000e+002
          9332  8.10370e+002  9.33200e+003 -8.45911e+001  2.70000e-002  8.00000e+002
          9333  8.10362e+002  9.33300e+003 -8.45911e+001  2.70000e-002  8.00000e+002
          9334  8.10366e+002  9.33400e+003 -8.45906e+001  2.70000e-002  8.00000e+002
          9335  8.10370e+002  9.33500e+003 -8.45895e+001  2.70000e-002  8.00000e+002
          9336  8.10360e+002  9.33600e+003 -8.45904e+001  2.70000e-002  8.00000e+002
          9337  8.10363e+002  9.33700e+003 -8.45899e+001  2.70000e-002  8.00000e+002
          9338  8.10366e+002  9.33800e+003 -8.45890e+001  2.70000e-002  8.00000e+002
          9339  8.10361e+002  9.33900e+003 -8.45882e+001  2.70000e-002  8.00000e+002
          9340  8.10369e+002  9.34000e+003 -8.45819e+001  2.70000e-002  8.00000e+002
          9341  8.10365e+002  9.34100e+003 -8.45787e+001  2.70000e-002  8.00000e+002
          9342  8.10358e+002  9.34200e+003 -8.45766e+001  2.70000e-002  8.00000e+002
          9343  8.10365e+002  9.34300e+003 -8.45747e+001  2.70000e-002  8.00000e+002
          9344  8.10371e+002  9.34400e+003 -8.45696e+001  2.70000e-002  8.00000e+002
          9345  8.10367e+002  9.34500e+003 -8.45664e+001  2.70000e-002  8.00000e+002
          9346  8.10370e+002  9.34600e+003 -8.45644e+001  2.70000e-002  8.00000e+002
          9347  8.10365e+002  9.34700e+003 -8.45636e+001  2.70000e-002  8.00000e+002
          9348  8.10372e+002  9.34800e+003 -8.45635e+001  2.70000e-002  8.00000e+002
          9349  8.10366e+002  9.34900e+003 -8.45617e+001  2.70000e-002  8.00000e+002
          9350  8.10369e+002  9.35000e+003 -8.45602e+001  2.70000e-002  8.00000e+002
          9351  8.10367e+002  9.35100e+003 -8.45594e+001  2.70000e-002  8.00000e+002
          9352  8.10364e+002  9.35200e+003 -8.45603e+001  2.70000e-002  8.00000e+002
          9353  8.10369e+002  9.35300e+003 -8.45591e+001  2.70000e-002  8.00000e+002
          9354  8.10361e+002  9.35400e+003 -8.45578e+001  2.70000e-002  8.00000e+002
          9355  8.10370e+002  9.35500e+003 -8.45566e+001  2.70000e-002  8.00000e+002
          9356  8.10362e+002  9.35600e+003 -8.45578e+001  2.70000e-002  8.00000e+002
          9357  8.10362e+002  9.35700e+003 -8.45569e+001  2.70000e-002  8.00000e+002
          9358  8.10364e+002  9.35800e+003 -8.45558e+001  2.70000e-002  8.00000e+002
          9359  8.10369e+002  9.35900e+003 -8.45540e+001  2.70000e-002  8.00000e+002
          9360  8.10366e+002  9.36000e+003 -8.45519e+001  2.70000e-002  8.00000e+002
          9361  8.10370e+002  9.36100e+003 -8.45515e+001  2.70000e-002  8.00000e+002
          9362  8.10371e+002  9.36200e+003 -8.45498e+001  2.70000e-002  8.00000e+002
          9363  8.10375e+002  9.36300e+003 -8.45467e+001  2.70000e-002  8.00000e+002
          9364  8.10367e+002  9.36400e+003 -8.45443e+001  2.70000e-002  8.00000e+002
          9365  8.10367e+002  9.36500e+003 -8.45437e+001  2.70000e-002  8.00000e+002
          9366  8.10364e+002  9.36600e+003 -8.45427e+001  2.70000e-002  8.00000e+002
          9367  8.10365e+002  9.36700e+003 -8.45413e+001  2.70000e-002  8.00000e+002
          9368  8.10364e+002  9.36800e+003 -8.45392e+001  2.70000e-002  8.00000e+002
          9369  8.10369e+002  9.36900e+003 -8.45379e+001  2.70000e-002  8.00000e+002
          9370  8.10365e+002  9.37000e+003 -8.45364e+001  2.70000e-002  8.00000e+002
          9371  8.10366e+002  9.37100e+003 -8.45355e+001  2.70000e-002  8.00000e+002
          9372  8.10372e+002  9.37200e+003 -8.45350e+001  2.70000e-002  8.00000e+002
          9373  8.10365e+002  9.37300e+003 -8.45348e+001  2.70000e-002  8.00000e+002
          9374  8.10368e+002  9.37400e+003 -8.45336e+001  2.70000e-002  8.00000e+002
          9375  8.10369e+002  9.37500e+003 -8.45330e+001  2.70000e-002  8.00000e+002
          9376  8.10370e+002  9.37600e+003 -8.45341e+001  2.70000e-002  8.00000e+002
          9377  8.10368e+002  9.37700e+003 -8.45338e+001  2.70000e-002  8.00000e+002
          9378  8.10370e+002  9.37800e+003 -8.45327e+001  2.70000e-002  8.00000e+002
          9379  8.10372e+002  9.37900e+003 -8.45321e+001  2.70000e-002  8.00000e+002
          9380  8.10369e+002  9.38000e+003 -8.45337e+001  2.70000e-002  8.00000e+002
          9381  8.10369e+002  9.38100e+003 -8.45338e+001  2.70000e-002  8.00000e+002
          9382  8.10369e+002  9.38200e+003 -8.45348e+001  2.70000e-002  8.00000e+002
          9383  8.10367e+002  9.38300e+003 -8.45360e+001  2.70000e-002  8.00000e+002
          9384  8.10367e+002  9.38400e+003 -8.45370e+001  2.70000e-002  8.00000e+002
          9385  8.10371e+002  9.38500e+003 -8.45382e+001  2.70000e-002  8.00000e+002
          9386  8.10363e+002  9.38600e+003 -8.45393e+001  2.70000e-002  8.00000e+002
          9387  8.10369e+002  9.38700e+003 -8.45400e+001  2.70000e-002  8.00000e+002
          9388  8.10364e+002  9.38800e+003 -8.45422e+001  2.70000e-002  8.00000e+002
          9389  8.10362e+002  9.38900e+003 -8.45429e+001  2.70000e-002  8.00000e+002
          9390  8.10364e+002  9.39000e+003 -8.45431e+001  2.70000e-002  8.00000e+002
          9391  8.10355e+002  9.39100e+003 -8.45426e+001  2.70000e-002  8.00000e+002
          9392  8.10361e+002  9.39200e+003 -8.45427e+001  2.70000e-002  8.00000e+002
          9393  8.10361e+002  9.39300e+003 -8.45429e+001  2.70000e-002  8.00000e+002
          9394  8.10357e+002  9.39400e+003 -8.45427e+001  2.70000e-002  8.00000e+002
          9395  8.10362e+002  9.39500e+003 -8.45423e+001  2.70000e-002  8.00000e+002
          9396  8.10360e+002  9.39600e+003 -8.45401e+001  2.70000e-002  8.00000e+002
          9397  8.10360e+002  9.39700e+003 -8.45397e+001  2.70000e-002  8.00000e+002
          9398  8.10364e+002  9.39800e+003 -8.45399e+001  2.70000e-002  8.00000e+002
          9399  8.10365e+002  9.39900e+003 -8.45399e+001  2.70000e-002  8.00000e+002
          9400  8.10372e+002  9.40000e+003 -8.45378e+001  2.70000e-002  8.00000e+002
          9401  8.10366e+002  9.40100e+003 -8.45359e+001  2.70000e-002  8.00000e+002
          9402  8.10365e+002  9.40200e+003 -8.45347e+001  2.70000e-002  8.00000e+002
          9403  8.10361e+002  9.40300e+003 -8.45336e+001  2.70000e-002  8.00000e+002
          9404  8.10367e+002  9.40400e+003 -8.45338e+001  2.70000e-002  8.00000e+002
          9405  8.10369e+002  9.40500e+003 -8.45331e+001  2.70000e-002  8.00000e+002
          9406  8.10362e+002  9.40600e+003 -8.45324e+001  2.70000e-002  8.00000e+002
          9407  8.10360e+002  9.40700e+003 -8.45325e+001  2.70000e-002  8.00000e+002
          9408  8.10364e+002  9.40800e+003 -8.45290e+001  2.70000e-002  8.00000e+002
          9409  8.10369e+002  9.40900e+003 -8.45272e+001  2.70000e-002  8.00000e+002
          9410  8.10367e+002  9.41000e+003 -8.45255e+001  2.70000e-002  8.00000e+002
          9411  8.10372e+002  9.41100e+003 -8.45232e+001  2.70000e-002  8.00000e+002
          9412  8.10372e+002  9.41200e+003 -8.45243e+001  2.70000e-002  8.00000e+002
          9413  8.10361e+002  9.41300e+003 -8.45234e+001  2.70000e-002  8.00000e+002
          9414  8.10362e+002  9.41400e+003 -8.45221e+001  2.70000e-002  8.00000e+002
          9415  8.10363e+002  9.41500e+003 -8.45206e+001  2.70000e-002  8.00000e+002
          9416  8.10365e+002  9.41600e+003 -8.45179e+001  2.70000e-002  8.00000e+002
          9417  8.10367e+002  9.41700e+003 -8.45151e+001  2.70000e-002  8.00000e+002
          9418  8.10362e+002  9.41800e+003 -8.45139e+001  2.70000e-002  8.00000e+002
          9419  8.10368e+002  9.41900e+003 -8.45146e+001  2.70000e-002  8.00000e+002
          9420  8.10366e+002  9.42000e+003 -8.45135e+001  2.70000e-002  8.00000e+002
          9421  8.10367e+002  9.42100e+003 -8.45130e+001  2.70000e-002  8.00000e+002
          9422  8.10367e+002  9.42200e+003 -8.45119e+001  2.70000e-002  8.00000e+002
          9423  8.10363e+002  9.42300e+003 -8.45105e+001  2.70000e-002  8.00000e+002
          9424  8.10373e+002  9.42400e+003 -8.45098e+001  2.70000e-002  8.00000e+002
          9425  8.10368e+002  9.42500e+003 -8.45095e+001  2.70000e-002  8.00000e+002
          9426  8.10379e+002  9.42600e+003 -8.45096e+001  2.70000e-002  8.00000e+002
          9427  8.10372e+002  9.42700e+003 -8.45095e+001  2.70000e-002  8.00000e+002
          9428  8.10373e+002  9.42800e+003 -8.45114e+001  2.70000e-002  8.00000e+002
          9429  8.10372e+002  9.42900e+003 -8.45097e+001  2.70000e-002  8.00000e+002
          9430  8.10370e+002  9.43000e+003 -8.45071e+001  2.70000e-002  8.00000e+002
          9431  8.10373e+002  9.43100e+003 -8.45047e+001  2.70000e-002  8.00000e+002
          9432  8.10368e+002  9.43200e+003 -8.44992e+001  2.70000e-002  8.00000e+002
          9433  8.10366e+002  9.43300e+003 -8.44959e+001  2.70000e-002  8.00000e+002
          9434  8.10368e+002  9.43400e+003 -8.44935e+001  2.70000e-002  8.00000e+002
          9435  8.10367e+002  9.43500e+003 -8.44919e+001  2.70000e-002  8.00000e+002
          9436  8.10372e+002  9.43600e+003 -8.44858e+001  2.70000e-002  8.00000e+002
          9437  8.10378e+002  9.43700e+003 -8.44811e+001  2.70000e-002  8.00000e+002
          9438  8.10369e+002  9.43800e+003 -8.44776e+001  2.70000e-002  8.00000e+002
          9439  8.10378e+002  9.43900e+003 -8.44745e+001  2.70000e-002  8.00000e+002
          9440  8.10373e+002  9.44000e+003 -8.44743e+001  2.70000e-002  8.00000e+002
          9441  8.10374e+002  9.44100e+003 -8.44742e+001  2.70000e-002  8.00000e+002
          9442  8.10374e+002  9.44200e+003 -8.44743e+001  2.70000e-002  8.00000e+002
          9443  8.10375e+002  9.44300e+003 -8.44739e+001  2.70000e-002  8.00000e+002
          9444  8.10369e+002  9.44400e+003 -8.44759e+001  2.70000e-002  8.00000e+002
          9445  8.10374e+002  9.44500e+003 -8.44782e+001  2.70000e-002  8.00000e+002
          9446  8.10379e+002  9.44600e+003 -8.44796e+001  2.70000e-002  8.00000e+002
          9447  8.10379e+002  9.44700e+003 -8.44796e+001  2.70000e-002  8.00000e+002
          9448  8.10377e+002  9.44800e+003 -8.44835e+001  2.70000e-002  8.00000e+002
          9449  8.10381e+002  9.44900e+003 -8.44847e+001  2.70000e-002  8.00000e+002
          9450  8.10375e+002  9.45000e+003 -8.44853e+001  2.70000e-002  8.00000e+002
          9451  8.10376e+002  9.45100e+003 -8.44856e+001  2.70000e-002  8.00000e+002
          9452  8.10380e+002  9.45200e+003 -8.44839e+001  2.70000e-002  8.00000e+002
          9453  8.10371e+002  9.45300e+003 -8.44829e+001  2.70000e-002  8.00000e+002
          9454  8.10380e+002  9.45400e+003 -8.44818e+001  2.70000e-002  8.00000e+002
          9455  8.10382e+002  9.45500e+003 -8.44800e+001  2.70000e-002  8.00000e+002
          9456  8.10380e+002  9.45600e+003 -8.44742e+001  2.70000e-002  8.00000e+002
          9457  8.10378e+002  9.45700e+003 -8.44709e+001  2.70000e-002  8.00000e+002
          9458  8.10376e+002  9.45800e+003 -8.44680e+001  2.70000e-002  8.00000e+002
          9459  8.10377e+002  9.45900e+003 -8.44642e+001  2.70000e-002  8.00000e+002
          9460  8.10377e+002  9.46000e+003 -8.44604e+001  2.70000e-002  8.00000e+002
          9461  8.10376e+002  9.46100e+003 -8.44585e+001  2.70000e-002  8.00000e+002
          9462  8.10376e+002  9.46200e+003 -8.44568e+001  2.70000e-002  8.00000e+002
          9463  8.10378e+002  9.46300e+003 -8.44557e+001  2.70000e-002  8.00000e+002
          9464  8.10376e+002  9.46400e+003 -8.44537e+001  2.70000e-002  8.00000e+002
          9465  8.10375e+002  9.46500e+003 -8.44522e+001  2.70000e-002  8.00000e+002
          9466  8.10379e+002  9.46600e+003 -8.44512e+001  2.70000e-002  8.00000e+002
          9467  8.10370e+002  9.46700e+003 -8.44494e+001  2.70000e-002  8.00000e+002
          9468  8.10383e+002  9.46800e+003 -8.44523e+001  2.70000e-002  8.00000e+002
          9469  8.10385e+002  9.46900e+003 -8.44539e+001  2.70000e-002  8.00000e+002
          9470  8.10380e+002  9.47000e+003 -8.44545e+001  2.70000e-002  8.00000e+002
          9471  8.10378e+002  9.47100e+003 -8.44553e+001  2.70000e-002  8.00000e+002
          9472  8.10376e+002  9.47200e+003 -8.44560e+001  2.70000e-002  8.00000e+002
          9473  8.10378e+002  9.47300e+003 -8.44565e+001  2.70000e-002  8.00000e+002
          9474  8.10374e+002  9.47400e+003 -8.44573e+001  2.70000e-002  8.00000e+002
          9475  8.10379e+002  9.47500e+003 -8.44593e+001  2.70000e-002  8.00000e+002
          9476  8.10379e+002  9.47600e+003 -8.44636e+001  2.70000e-002  8.00000e+002
          9477  8.10379e+002  9.47700e+003 -8.44686e+001  2.70000e-002  8.00000e+002
          9478  8.10380e+002  9.47800e+003 -8.44731e+001  2.70000e-002  8.00000e+002
          9479  8.10376e+002  9.47900e+003 -8.44774e+001  2.70000e-002  8.00000e+002
          9480  8.10380e+002  9.48000e+003 -8.44792e+001  2.70000e-002  8.00000e+002
          9481  8.10384e+002  9.48100e+003 -8.44806e+001  2.70000e-002  8.00000e+002
          9482  8.10380e+002  9.48200e+003 -8.44823e+001  2.70000e-002  8.00000e+002
          9483  8.10376e+002  9.48300e+003 -8.44835e+001  2.70000e-002  8.00000e+002
          9484  8.10376e+002  9.48400e+003 -8.44867e+001  2.70000e-002  8.00000e+002
          9485  8.10373e+002  9.48500e+003 -8.44853e+001  2.70000e-002  8.00000e+002
          9486  8.10372e+002  9.48600e+003 -8.44828e+001  2.70000e-002  8.00000e+002
          9487  8.10373e+002  9.48700e+003 -8.44804e+001  2.70000e-002  8.00000e+002
          9488  8.10371e+002  9.48800e+003 -8.44700e+001  2.70000e-002  8.00000e+002
          9489  8.10370e+002  9.48900e+003 -8.44656e+001  2.70000e-002  8.00000e+002
          9490  8.10375e+002  9.49000e+003 -8.44634e+001  2.70000e-002  8.00000e+002
          9491  8.10375e+002  9.49100e+003 -8.44606e+001  2.70000e-002  8.00000e+002
          9492  8.10376e+002  9.49200e+003 -8.44495e+001  2.70000e-002  8.00000e+002
          9493  8.10373e+002  9.49300e+003 -8.44436e+001  2.70000e-002  8.00000e+002
          9494  8.10372e+002  9.49400e+003 -8.44389e+001  2.70000e-002  8.00000e+002
          9495  8.10371e+002  9.49500e+003 -8.44340e+001  2.70000e-002  8.00000e+002
          9496  8.10375e+002  9.49600e+003 -8.44308e+001  2.70000e-002  8.00000e+002
          9497  8.10370e+002  9.49700e+003 -8.44270e+001  2.70000e-002  8.00000e+002
          9498  8.10368e+002  9.49800e+003 -8.44242e+001  2.70000e-002  8.00000e+002
          9499  8.10368e+002  9.49900e+003 -8.44209e+001  2.70000e-002  8.00000e+002
          9500  8.10380e+002  9.50000e+003 -8.44148e+001  2.70000e-002  8.00000e+002
          9501  8.10381e+002  9.50100e+003 -8.44100e+001  2.70000e-002  8.00000e+002
          9502  8.10377e+002  9.50200e+003 -8.44068e+001  2.70000e-002  8.00000e+002
          9503  8.10374e+002  9.50300e+003 -8.44053e+001  2.70000e-002  8.00000e+002
          9504  8.10374e+002  9.50400e+003 -8.44068e+001  2.70000e-002  8.00000e+002
          9505  8.10375e+002  9.50500e+003 -8.44072e+001  2.70000e-002  8.00000e+002
          9506  8.10378e+002  9.50600e+003 -8.44066e+001  2.70000e-002  8.00000e+002
          9507  8.10383e+002  9.50700e+003 -8.44049e+001  2.70000e-002  8.00000e+002
          9508  8.10378e+002  9.50800e+003 -8.44066e+001  2.70000e-002  8.00000e+002
          9509  8.10374e+002  9.50900e+003 -8.44079e+001  2.70000e-002  8.00000e+002
          9510  8.10373e+002  9.51000e+003 -8.44092e+001  2.70000e-002  8.00000e+002
          9511  8.10369e+002  9.51100e+003 -8.44108e+001  2.70000e-002  8.00000e+002
          9512  8.10368e+002  9.51200e+003 -8.44153e+001  2.70000e-002  8.00000e+002
          9513  8.10374e+002  9.51300e+003 -8.44167e+001  2.70000e-002  8.00000e+002
          9514  8.10372e+002  9.51400e+003 -8.44180e+001  2.70000e-002  8.00000e+002
          9515  8.10373e+002  9.51500e+003 -8.44195e+001  2.70000e-002  8.00000e+002
          9516  8.10371e+002  9.51600e+003 -8.44165e+001  2.70000e-002  8.00000e+002
          9517  8.10370e+002  9.51700e+003 -8.44154e+001  2.70000e-002  8.00000e+002
          9518  8.10363e+002  9.51800e+003 -8.44149e+001  2.70000e-002  8.00000e+002
          9519  8.10361e+002  9.51900e+003 -8.44139e+001  2.70000e-002  8.00000e+002
          9520  8.10375e+002  9.52000e+003 -8.44106e+001  2.70000e-002  8.00000e+002
          9521  8.10371e+002  9.52100e+003 -8.44105e+001  2.70000e-002  8.00000e+002
          9522  8.10370e+002  9.52200e+003 -8.44109e+001  2.70000e-002  8.00000e+002
          9523  8.10367e+002  9.52300e+003 -8.44105e+001  2.70000e-002  8.00000e+002
          9524  8.10369e+002  9.52400e+003 -8.44070e+001  2.70000e-002  8.00000e+002
          9525  8.10363e+002  9.52500e+003 -8.44043e+001  2.70000e-002  8.00000e+002
          9526  8.10365e+002  9.52600e+003 -8.44031e+001  2.70000e-002  8.00000e+002
          9527  8.10365e+002  9.52700e+003 -8.44027e+001  2.70000e-002  8.00000e+002
          9528  8.10367e+002  9.52800e+003 -8.44030e+001  2.70000e-002  8.00000e+002
          9529  8.10363e+002  9.52900e+003 -8.44034e+001  2.70000e-002  8.00000e+002
          9530  8.10364e+002  9.53000e+003 -8.44040e+001  2.70000e-002  8.00000e+002
          9531  8.10364e+002  9.53100e+003 -8.44042e+001  2.70000e-002  8.00000e+002
          9532  8.10365e+002  9.53200e+003 -8.44052e+001  2.70000e-002  8.00000e+002
          9533  8.10368e+002  9.53300e+003 -8.44050e+001  2.70000e-002  8.00000e+002
          9534  8.10368e+002  9.53400e+003 -8.44034e+001  2.70000e-002  8.00000e+002
          9535  8.10366e+002  9.53500e+003 -8.44012e+001  2.70000e-002  8.00000e+002
          9536  8.10365e+002  9.53600e+003 -8.44017e+001  2.70000e-002  8.00000e+002
          9537  8.10367e+002  9.53700e+003 -8.44012e+001  2.70000e-002  8.00000e+002
          9538  8.10368e+002  9.53800e+003 -8.44003e+001  2.70000e-002  8.00000e+002
          9539  8.10368e+002  9.53900e+003 -8.43997e+001  2.70000e-002  8.00000e+002
          9540  8.10372e+002  9.54000e+003 -8.43941e+001  2.70000e-002  8.00000e+002
          9541  8.10362e+002  9.54100e+003 -8.43911e+001  2.70000e-002  8.00000e+002
          9542  8.10361e+002  9.54200e+003 -8.43879e+001  2.70000e-002  8.00000e+002
          9543  8.10366e+002  9.54300e+003 -8.43858e+001  2.70000e-002  8.00000e+002
          9544  8.10370e+002  9.54400e+003 -8.43832e+001  2.70000e-002  8.00000e+002
          9545  8.10368e+002  9.54500e+003 -8.43820e+001  2.70000e-002  8.00000e+002
          9546  8.10368e+002  9.54600e+003 -8.43818e+001  2.70000e-002  8.00000e+002
          9547  8.10368e+002  9.54700e+003 -8.43805e+001  2.70000e-002  8.00000e+002
          9548  8.10373e+002  9.54800e+003 -8.43811e+001  2.70000e-002  8.00000e+002
          9549  8.10368e+002  9.54900e+003 -8.43798e+001  2.70000e-002  8.00000e+002
          9550  8.10376e+002  9.55000e+003 -8.43787e+001  2.70000e-002  8.00000e+002
          9551  8.10365e+002  9.55100e+003 -8.43786e+001  2.70000e-002  8.00000e+002
          9552  8.10366e+002  9.55200e+003 -8.43798e+001  2.70000e-002  8.00000e+002
          9553  8.10373e+002  9.55300e+003 -8.43799e+001  2.70000e-002  8.00000e+002
          9554  8.10374e+002  9.55400e+003 -8.43795e+001  2.70000e-002  8.00000e+002
          9555  8.10369e+002  9.55500e+003 -8.43798e+001  2.70000e-002  8.00000e+002
          9556  8.10373e+002  9.55600e+003 -8.43789e+001  2.70000e-002  8.00000e+002
          9557  8.10370e+002  9.55700e+003 -8.43788e+001  2.70000e-002  8.00000e+002
          9558  8.10370e+002  9.55800e+003 -8.43789e+001  2.70000e-002  8.00000e+002
          9559  8.10373e+002  9.55900e+003 -8.43796e+001  2.70000e-002  8.00000e+002
          9560  8.10372e+002  9.56000e+003 -8.43837e+001  2.70000e-002  8.00000e+002
          9561  8.10366e+002  9.56100e+003 -8.43860e+001  2.70000e-002  8.00000e+002
          9562  8.10378e+002  9.56200e+003 -8.43859e+001  2.70000e-002  8.00000e+002
          9563  8.10379e+002  9.56300e+003 -8.43850e+001  2.70000e-002  8.00000e+002
          9564  8.10371e+002  9.56400e+003 -8.43866e+001  2.70000e-002  8.00000e+002
          9565  8.10377e+002  9.56500e+003 -8.43868e+001  2.70000e-002  8.00000e+002
          9566  8.10376e+002  9.56600e+003 -8.43862e+001  2.70000e-002  8.00000e+002
          9567  8.10366e+002  9.56700e+003 -8.43855e+001  2.70000e-002  8.00000e+002
          9568  8.10369e+002  9.56800e+003 -8.43835e+001  2.70000e-002  8.00000e+002
          9569  8.10371e+002  9.56900e+003 -8.43822e+001  2.70000e-002  8.00000e+002
          9570  8.10374e+002  9.57000e+003 -8.43806e+001  2.70000e-002  8.00000e+002
          9571  8.10371e+002  9.57100e+003 -8.43790e+001  2.70000e-002  8.00000e+002
          9572  8.10365e+002  9.57200e+003 -8.43750e+001  2.70000e-002  8.00000e+002
          9573  8.10370e+002  9.57300e+003 -8.43736e+001  2.70000e-002  8.00000e+002
          9574  8.10374e+002  9.57400e+003 -8.43732e+001  2.70000e-002  8.00000e+002
          9575  8.10372e+002  9.57500e+003 -8.43723e+001  2.70000e-002  8.00000e+002
          9576  8.10371e+002  9.57600e+003 -8.43706e+001  2.70000e-002  8.00000e+002
          9577  8.10367e+002  9.57700e+003 -8.43672e+001  2.70000e-002  8.00000e+002
          9578  8.10372e+002  9.57800e+003 -8.43636e+001  2.70000e-002  8.00000e+002
          9579  8.10370e+002  9.57900e+003 -8.43609e+001  2.70000e-002  8.00000e+002
          9580  8.10373e+002  9.58000e+003 -8.43630e+001  2.70000e-002  8.00000e+002
          9581  8.10372e+002  9.58100e+003 -8.43634e+001  2.70000e-002  8.00000e+002
          9582  8.10367e+002  9.58200e+003 -8.43630e+001  2.70000e-002  8.00000e+002
          9583  8.10368e+002  9.58300e+003 -8.43619e+001  2.70000e-002  8.00000e+002
          9584  8.10361e+002  9.58400e+003 -8.43603e+001  2.70000e-002  8.00000e+002
          9585  8.10365e+002  9.58500e+003 -8.43605e+001  2.70000e-002  8.00000e+002
          9586  8.10379e+002  9.58600e+003 -8.43610e+001  2.70000e-002  8.00000e+002
          9587  8.10373e+002  9.58700e+003 -8.43606e+001  2.70000e-002  8.00000e+002
          9588  8.10356e+002  9.58800e+003 -8.43633e+001  2.70000e-002  8.00000e+002
          9589  8.10359e+002  9.58900e+003 -8.43635e+001  2.70000e-002  8.00000e+002
          9590  8.10369e+002  9.59000e+003 -8.43622e+001  2.70000e-002  8.00000e+002
          9591  8.10366e+002  9.59100e+003 -8.43600e+001  2.70000e-002  8.00000e+002
          9592  8.10363e+002  9.59200e+003 -8.43587e+001  2.70000e-002  8.00000e+002
          9593  8.10364e+002  9.59300e+003 -8.43584e+001  2.70000e-002  8.00000e+002
          9594  8.10363e+002  9.59400e+003 -8.43575e+001  2.70000e-002  8.00000e+002
          9595  8.10360e+002  9.59500e+003 -8.43559e+001  2.70000e-002  8.00000e+002
          9596  8.10366e+002  9.59600e+003 -8.43517e+001  2.70000e-002  8.00000e+002
          9597  8.10363e+002  9.59700e+003 -8.43504e+001  2.70000e-002  8.00000e+002
          9598  8.10358e+002  9.59800e+003 -8.43478e+001  2.70000e-002  8.00000e+002
          9599  8.10367e+002  9.59900e+003 -8.43451e+001  2.70000e-002  8.00000e+002
          9600  8.10366e+002  9.60000e+003 -8.43434e+001  2.70000e-002  8.00000e+002
          9601  8.10363e+002  9.60100e+003 -8.43430e+001  2.70000e-002  8.00000e+002
          9602  8.10364e+002  9.60200e+003 -8.43434e+001  2.70000e-002  8.00000e+002
          9603  8.10365e+002  9.60300e+003 -8.43427e+001  2.70000e-002  8.00000e+002
          9604  8.10363e+002  9.60400e+003 -8.43400e+001  2.70000e-002  8.00000e+002
          9605  8.10360e+002  9.60500e+003 -8.43390e+001  2.70000e-002  8.00000e+002
          9606  8.10367e+002  9.60600e+003 -8.43381e+001  2.70000e-002  8.00000e+002
          9607  8.10359e+002  9.60700e+003 -8.43373e+001  2.70000e-002  8.00000e+002
          9608  8.10366e+002  9.60800e+003 -8.43368e+001  2.70000e-002  8.00000e+002
          9609  8.10363e+002  9.60900e+003 -8.43354e+001  2.70000e-002  8.00000e+002
          9610  8.10363e+002  9.61000e+003 -8.43346e+001  2.70000e-002  8.00000e+002
          9611  8.10358e+002  9.61100e+003 -8.43359e+001  2.70000e-002  8.00000e+002
          9612  8.10364e+002  9.61200e+003 -8.43344e+001  2.70000e-002  8.00000e+002
          9613  8.10363e+002  9.61300e+003 -8.43331e+001  2.70000e-002  8.00000e+002
          9614  8.10369e+002  9.61400e+003 -8.43314e+001  2.70000e-002  8.00000e+002
          9615  8.10370e+002  9.61500e+003 -8.43297e+001  2.70000e-002  8.00000e+002
          9616  8.10368e+002  9.61600e+003 -8.43279e+001  2.70000e-002  8.00000e+002
          9617  8.10370e+002  9.61700e+003 -8.43266e+001  2.70000e-002  8.00000e+002
          9618  8.10372e+002  9.61800e+003 -8.43250e+001  2.70000e-002  8.00000e+002
          9619  8.10368e+002  9.61900e+003 -8.43227e+001  2.70000e-002  8.00000e+002
          9620  8.10362e+002  9.62000e+003 -8.43230e+001  2.70000e-002  8.00000e+002
          9621  8.10367e+002  9.62100e+003 -8.43225e+001  2.70000e-002  8.00000e+002
          9622  8.10371e+002  9.62200e+003 -8.43214e+001  2.70000e-002  8.00000e+002
          9623  8.10366e+002  9.62300e+003 -8.43197e+001  2.70000e-002  8.00000e+002
          9624  8.10363e+002  9.62400e+003 -8.43158e+001  2.70000e-002  8.00000e+002
          9625  8.10367e+002  9.62500e+003 -8.43137e+001  2.70000e-002  8.00000e+002
          9626  8.10369e+002  9.62600e+003 -8.43117e+001  2.70000e-002  8.00000e+002
          9627  8.10367e+002  9.62700e+003 -8.43106e+001  2.70000e-002  8.00000e+002
          9628  8.10363e+002  9.62800e+003 -8.43105e+001  2.70000e-002  8.00000e+002
          9629  8.10360e+002  9.62900e+003 -8.43103e+001  2.70000e-002  8.00000e+002
          9630  8.10366e+002  9.63000e+003 -8.43109e+001  2.70000e-002  8.00000e+002
          9631  8.10367e+002  9.63100e+003 -8.43112e+001  2.70000e-002  8.00000e+002
          9632  8.10365e+002  9.63200e+003 -8.43131e+001  2.70000e-002  8.00000e+002
          9633  8.10372e+002  9.63300e+003 -8.43149e+001  2.70000e-002  8.00000e+002
          9634  8.10367e+002  9.63400e+003 -8.43161e+001  2.70000e-002  8.00000e+002
          9635  8.10371e+002  9.63500e+003 -8.43169e+001  2.70000e-002  8.00000e+002
          9636  8.10376e+002  9.63600e+003 -8.43203e+001  2.70000e-002  8.00000e+002
          9637  8.10363e+002  9.63700e+003 -8.43205e+001  2.70000e-002  8.00000e+002
          9638  8.10365e+002  9.63800e+003 -8.43207e+001  2.70000e-002  8.00000e+002
          9639  8.10369e+002  9.63900e+003 -8.43219e+001  2.70000e-002  8.00000e+002
          9640  8.10375e+002  9.64000e+003 -8.43224e+001  2.70000e-002  8.00000e+002
          9641  8.10366e+002  9.64100e+003 -8.43221e+001  2.70000e-002  8.00000e+002
          9642  8.10365e+002  9.64200e+003 -8.43198e+001  2.70000e-002  8.00000e+002
          9643  8.10368e+002  9.64300e+003 -8.43161e+001  2.70000e-002  8.00000e+002
          9644  8.10379e+002  9.64400e+003 -8.43104e+001  2.70000e-002  8.00000e+002
          9645  8.10370e+002  9.64500e+003 -8.43075e+001  2.70000e-002  8.00000e+002
          9646  8.10373e+002  9.64600e+003 -8.43052e+001  2.70000e-002  8.00000e+002
          9647  8.10373e+002  9.64700e+003 -8.43032e+001  2.70000e-002  8.00000e+002
          9648  8.10372e+002  9.64800e+003 -8.43013e+001  2.70000e-002  8.00000e+002
          9649  8.10370e+002  9.64900e+003 -8.43004e+001  2.70000e-002  8.00000e+002
          9650  8.10374e+002  9.65000e+003 -8.42993e+001  2.70000e-002  8.00000e+002
          9651  8.10375e+002  9.65100e+003 -8.42977e+001  2.70000e-002  8.00000e+002
          9652  8.10380e+002  9.65200e+003 -8.42940e+001  2.70000e-002  8.00000e+002
          9653  8.10376e+002  9.65300e+003 -8.42924e+001  2.70000e-002  8.00000e+002
          9654  8.10375e+002  9.65400e+003 -8.42910e+001  2.70000e-002  8.00000e+002
          9655  8.10386e+002  9.65500e+003 -8.42880e+001  2.70000e-002  8.00000e+002
          9656  8.10377e+002  9.65600e+003 -8.42888e+001  2.70000e-002  8.00000e+002
          9657  8.10382e+002  9.65700e+003 -8.42874e+001  2.70000e-002  8.00000e+002
          9658  8.10377e+002  9.65800e+003 -8.42860e+001  2.70000e-002  8.00000e+002
          9659  8.10379e+002  9.65900e+003 -8.42844e+001  2.70000e-002  8.00000e+002
          9660  8.10380e+002  9.66000e+003 -8.42814e+001  2.70000e-002  8.00000e+002
          9661  8.10379e+002  9.66100e+003 -8.42789e+001  2.70000e-002  8.00000e+002
          9662  8.10377e+002  9.66200e+003 -8.42770e+001  2.70000e-002  8.00000e+002
          9663  8.10379e+002  9.66300e+003 -8.42767e+001  2.70000e-002  8.00000e+002
          9664  8.10377e+002  9.66400e+003 -8.42755e+001  2.70000e-002  8.00000e+002
          9665  8.10376e+002  9.66500e+003 -8.42756e+001  2.70000e-002  8.00000e+002
          9666  8.10379e+002  9.66600e+003 -8.42746e+001  2.70000e-002  8.00000e+002
          9667  8.10370e+002  9.66700e+003 -8.42735e+001  2.70000e-002  8.00000e+002
          9668  8.10373e+002  9.66800e+003 -8.42776e+001  2.70000e-002  8.00000e+002
          9669  8.10382e+002  9.66900e+003 -8.42784e+001  2.70000e-002  8.00000e+002
          9670  8.10384e+002  9.67000e+003 -8.42776e+001  2.70000e-002  8.00000e+002
          9671  8.10378e+002  9.67100e+003 -8.42764e+001  2.70000e-002  8.00000e+002
          9672  8.10376e+002  9.67200e+003 -8.42791e+001  2.70000e-002  8.00000e+002
          9673  8.10379e+002  9.67300e+003 -8.42814e+001  2.70000e-002  8.00000e+002
          9674  8.10383e+002  9.67400e+003 -8.42830e+001  2.70000e-002  8.00000e+002
          9675  8.10385e+002  9.67500e+003 -8.42843e+001  2.70000e-002  8.00000e+002
          9676  8.10377e+002  9.67600e+003 -8.42838e+001  2.70000e-002  8.00000e+002
          9677  8.10386e+002  9.67700e+003 -8.42836e+001  2.70000e-002  8.00000e+002
          9678  8.10386e+002  9.67800e+003 -8.42826e+001  2.70000e-002  8.00000e+002
          9679  8.10378e+002  9.67900e+003 -8.42817e+001  2.70000e-002  8.00000e+002
          9680  8.10383e+002  9.68000e+003 -8.42821e+001  2.70000e-002  8.00000e+002
          9681  8.10379e+002  9.68100e+003 -8.42819e+001  2.70000e-002  8.00000e+002
          9682  8.10382e+002  9.68200e+003 -8.42816e+001  2.70000e-002  8.00000e+002
          9683  8.10377e+002  9.68300e+003 -8.42801e+001  2.70000e-002  8.00000e+002
          9684  8.10374e+002  9.68400e+003 -8.42789e+001  2.70000e-002  8.00000e+002
          9685  8.10373e+002  9.68500e+003 -8.42780e+001  2.70000e-002  8.00000e+002
          9686  8.10376e+002  9.68600e+003 -8.42774e+001  2.70000e-002  8.00000e+002
          9687  8.10381e+002  9.68700e+003 -8.42757e+001  2.70000e-002  8.00000e+002
          9688  8.10375e+002  9.68800e+003 -8.42723e+001  2.70000e-002  8.00000e+002
          9689  8.10381e+002  9.68900e+003 -8.42706e+001  2.70000e-002  8.00000e+002
          9690  8.10378e+002  9.69000e+003 -8.42699e+001  2.70000e-002  8.00000e+002
          9691  8.10377e+002  9.69100e+003 -8.42700e+001  2.70000e-002  8.00000e+002
          9692  8.10381e+002  9.69200e+003 -8.42684e+001  2.70000e-002  8.00000e+002
          9693  8.10376e+002  9.69300e+003 -8.42666e+001  2.70000e-002  8.00000e+002
          9694  8.10379e+002  9.69400e+003 -8.42659e+001  2.70000e-002  8.00000e+002
          9695  8.10374e+002  9.69500e+003 -8.42645e+001  2.70000e-002  8.00000e+002
          9696  8.10378e+002  9.69600e+003 -8.42628e+001  2.70000e-002  8.00000e+002
          9697  8.10377e+002  9.69700e+003 -8.42608e+001  2.70000e-002  8.00000e+002
          9698  8.10382e+002  9.69800e+003 -8.42572e+001  2.70000e-002  8.00000e+002
          9699  8.10373e+002  9.69900e+003 -8.42554e+001  2.70000e-002  8.00000e+002
          9700  8.10377e+002  9.70000e+003 -8.42560e+001  2.70000e-002  8.00000e+002
          9701  8.10382e+002  9.70100e+003 -8.42553e+001  2.70000e-002  8.00000e+002
          9702  8.10376e+002  9.70200e+003 -8.42542e+001  2.70000e-002  8.00000e+002
          9703  8.10372e+002  9.70300e+003 -8.42523e+001  2.70000e-002  8.00000e+002
          9704  8.10381e+002  9.70400e+003 -8.42496e+001  2.70000e-002  8.00000e+002
          9705  8.10372e+002  9.70500e+003 -8.42483e+001  2.70000e-002  8.00000e+002
          9706  8.10380e+002  9.70600e+003 -8.42475e+001  2.70000e-002  8.00000e+002
          9707  8.10375e+002  9.70700e+003 -8.42459e+001  2.70000e-002  8.00000e+002
          9708  8.10376e+002  9.70800e+003 -8.42462e+001  2.70000e-002  8.00000e+002
          9709  8.10373e+002  9.70900e+003 -8.42451e+001  2.70000e-002  8.00000e+002
          9710  8.10368e+002  9.71000e+003 -8.42444e+001  2.70000e-002  8.00000e+002
          9711  8.10373e+002  9.71100e+003 -8.42442e+001  2.70000e-002  8.00000e+002
          9712  8.10373e+002  9.71200e+003 -8.42426e+001  2.68889e-002  8.00000e+002
          9713  8.10371e+002  9.71300e+003 -8.42420e+001  2.67778e-002  8.00000e+002
          9714  8.10375e+002  9.71400e+003 -8.42425e+001  2.66667e-002  8.00000e+002
          9715  8.10375e+002  9.71500e+003 -8.42429e+001  2.65556e-002  8.00000e+002
          9716  8.10378e+002  9.71600e+003 -8.42399e+001  2.63549e-002  8.00000e+002
          9717  8.10379e+002  9.71700e+003 -8.42400e+001  2.62338e-002  8.00000e+002
          9718  8.10371e+002  9.71800e+003 -8.42409e+001  2.61418e-002  8.00000e+002
          9719  8.10377e+002  9.71900e+003 -8.42412e+001  2.60617e-002  8.00000e+002
          9720  8.10375e+002  9.72000e+003 -8.42475e+001  2.60716e-002  8.00000e+002
          9721  8.10373e+002  9.72100e+003 -8.42505e+001  2.60478e-002  8.00000e+002
          9722  8.10370e+002  9.72200e+003 -8.42524e+001  2.60250e-002  8.00000e+002
          9723  8.10374e+002  9.72300e+003 -8.42530e+001  2.60069e-002  8.00000e+002
          9724  8.10376e+002  9.72400e+003 -8.42536e+001  2.60123e-002  8.00000e+002
          9725  8.10368e+002  9.72500e+003 -8.42530e+001  2.60084e-002  8.00000e+002
          9726  8.10369e+002  9.72600e+003 -8.42529e+001  2.60041e-002  8.00000e+002
          9727  8.10377e+002  9.72700e+003 -8.42534e+001  2.60008e-002  8.00000e+002
          9728  8.10373e+002  9.72800e+003 -8.42541e+001  2.60020e-002  8.00000e+002
          9729  8.10366e+002  9.72900e+003 -8.42554e+001  2.60014e-002  8.00000e+002
          9730  8.10374e+002  9.73000e+003 -8.42554e+001  2.60006e-002  8.00000e+002
          9731  8.10367e+002  9.73100e+003 -8.42547e+001  2.60001e-002  8.00000e+002
          9732  8.10372e+002  9.73200e+003 -8.42487e+001  2.60003e-002  8.00000e+002
          9733  8.10373e+002  9.73300e+003 -8.42459e+001  2.60002e-002  8.00000e+002
          9734  8.10377e+002  9.73400e+003 -8.42444e+001  2.60001e-002  8.00000e+002
          9735  8.10366e+002  9.73500e+003 -8.42433e+001  2.60000e-002  8.00000e+002
          9736  8.10369e+002  9.73600e+003 -8.42415e+001  2.60000e-002  8.00000e+002
          9737  8.10369e+002  9.73700e+003 -8.42392e+001  2.60000e-002  8.00000e+002
          9738  8.10372e+002  9.73800e+003 -8.42374e+001  2.60000e-002  8.00000e+002
          9739  8.10372e+002  9.73900e+003 -8.42355e+001  2.60000e-002  8.00000e+002
          9740  8.10369e+002  9.74000e+003 -8.42322e+001  2.60000e-002  8.00000e+002
          9741  8.10371e+002  9.74100e+003 -8.42296e+001  2.60000e-002  8.00000e+002
          9742  8.10366e+002  9.74200e+003 -8.42264e+001  2.60000e-002  8.00000e+002
          9743  8.10368e+002  9.74300e+003 -8.42239e+001  2.60000e-002  8.00000e+002
          9744  8.10371e+002  9.74400e+003 -8.42236e+001  2.60000e-002  8.00000e+002
          9745  8.10373e+002  9.74500e+003 -8.42217e+001  2.60000e-002  8.00000e+002
          9746  8.10373e+002  9.74600e+003 -8.42186e+001  2.60000e-002  8.00000e+002
          9747  8.10373e+002  9.74700e+003 -8.42157e+001  2.60000e-002  8.00000e+002
          9748  8.10373e+002  9.74800e+003 -8.42135e+001  2.60000e-002  8.00000e+002
          9749  8.10369e+002  9.74900e+003 -8.42114e+001  2.60000e-002  8.00000e+002
          9750  8.10377e+002  9.75000e+003 -8.42079e+001  2.60000e-002  8.00000e+002
          9751  8.10381e+002  9.75100e+003 -8.42035e+001  2.60000e-002  8.00000e+002
          9752  8.10376e+002  9.75200e+003 -8.42017e+001  2.60000e-002  8.00000e+002
          9753  8.10377e+002  9.75300e+003 -8.41997e+001  2.60000e-002  8.00000e+002
          9754  8.10374e+002  9.75400e+003 -8.41977e+001  2.60000e-002  8.00000e+002
          9755  8.10376e+002  9.75500e+003 -8.41955e+001  2.60000e-002  8.00000e+002
          9756  8.10385e+002  9.75600e+003 -8.41927e+001  2.60000e-002  8.00000e+002
          9757  8.10375e+002  9.75700e+003 -8.41908e+001  2.60000e-002  8.00000e+002
          9758  8.10375e+002  9.75800e+003 -8.41891e+001  2.60000e-002  8.00000e+002
          9759  8.10380e+002  9.75900e+003 -8.41875e+001  2.60000e-002  8.00000e+002
          9760  8.10380e+002  9.76000e+003 -8.41879e+001  2.60000e-002  8.00000e+002
          9761  8.10380e+002  9.76100e+003 -8.41875e+001  2.60000e-002  8.00000e+002
          9762  8.10378e+002  9.76200e+003 -8.41869e+001  2.60000e-002  8.00000e+002
          9763  8.10378e+002  9.76300e+003 -8.41866e+001  2.60000e-002  8.00000e+002
          9764  8.10374e+002  9.76400e+003 -8.41888e+001  2.60000e-002  8.00000e+002
          9765  8.10370e+002  9.76500e+003 -8.41900e+001  2.60000e-002  8.00000e+002
          9766  8.10373e+002  9.76600e+003 -8.41916e+001  2.60000e-002  8.00000e+002
          9767  8.10378e+002  9.76700e+003 -8.41935e+001  2.60000e-002  8.00000e+002
          9768  8.10375e+002  9.76800e+003 -8.41964e+001  2.60000e-002  8.00000e+002
          9769  8.10375e+002  9.76900e+003 -8.41982e+001  2.60000e-002  8.00000e+002
          9770  8.10385e+002  9.77000e+003 -8.41995e+001  2.60000e-002  8.00000e+002
          9771  8.10380e+002  9.77100e+003 -8.41996e+001  2.60000e-002  8.00000e+002
          9772  8.10385e+002  9.77200e+003 -8.42014e+001  2.60000e-002  8.00000e+002
          9773  8.10379e+002  9.77300e+003 -8.42019e+001  2.60000e-002  8.00000e+002
          9774  8.10376e+002  9.77400e+003 -8.42027e+001  2.60000e-002  8.00000e+002
          9775  8.10375e+002  9.77500e+003 -8.42017e+001  2.60000e-002  8.00000e+002
          9776  8.10374e+002  9.77600e+003 -8.41999e+001  2.60000e-002  8.00000e+002
          9777  8.10375e+002  9.77700e+003 -8.41986e+001  2.60000e-002  8.00000e+002
          9778  8.10376e+002  9.77800e+003 -8.41983e+001  2.60000e-002  8.00000e+002
          9779  8.10385e+002  9.77900e+003 -8.41997e+001  2.60000e-002  8.00000e+002
          9780  8.10377e+002  9.78000e+003 -8.41980e+001  2.60000e-002  8.00000e+002
          9781  8.10376e+002  9.78100e+003 -8.41981e+001  2.60000e-002  8.00000e+002
          9782  8.10376e+002  9.78200e+003 -8.41983e+001  2.60000e-002  8.00000e+002
          9783  8.10377e+002  9.78300e+003 -8.41990e+001  2.60000e-002  8.00000e+002
          9784  8.10378e+002  9.78400e+003 -8.42005e+001  2.60000e-002  8.00000e+002
          9785  8.10379e+002  9.78500e+003 -8.41998e+001  2.60000e-002  8.00000e+002
          9786  8.10378e+002  9.78600e+003 -8.41991e+001  2.60000e-002  8.00000e+002
          9787  8.10383e+002  9.78700e+003 -8.41982e+001  2.60000e-002  8.00000e+002
          9788  8.10368e+002  9.78800e+003 -8.42003e+001  2.60000e-002  8.00000e+002
          9789  8.10376e+002  9.78900e+003 -8.42008e+001  2.60000e-002  8.00000e+002
          9790  8.10374e+002  9.79000e+003 -8.42017e+001  2.60000e-002  8.00000e+002
          9791  8.10373e+002  9.79100e+003 -8.42031e+001  2.60000e-002  8.00000e+002
          9792  8.10378e+002  9.79200e+003 -8.41982e+001  2.60000e-002  8.00000e+002
          9793  8.10378e+002  9.79300e+003 -8.41961e+001  2.60000e-002  8.00000e+002
          9794  8.10377e+002  9.79400e+003 -8.41953e+001  2.60000e-002  8.00000e+002
          9795  8.10380e+002  9.79500e+003 -8.41962e+001  2.60000e-002  8.00000e+002
          9796  8.10383e+002  9.79600e+003 -8.41955e+001  2.60000e-002  8.00000e+002
          9797  8.10382e+002  9.79700e+003 -8.41948e+001  2.60000e-002  8.00000e+002
          9798  8.10376e+002  9.79800e+003 -8.41946e+001  2.60000e-002  8.00000e+002
          9799  8.10380e+002  9.79900e+003 -8.41961e+001  2.60000e-002  8.00000e+002
          9800  8.10385e+002  9.80000e+003 -8.41971e+001  2.60000e-002  8.00000e+002
          9801  8.10378e+002  9.80100e+003 -8.41964e+001  2.60000e-002  8.00000e+002
          9802  8.10381e+002  9.80200e+003 -8.41957e+001  2.60000e-002  8.00000e+002
          9803  8.10383e+002  9.80300e+003 -8.41942e+001  2.60000e-002  8.00000e+002
          9804  8.10381e+002  9.80400e+003 -8.41959e+001  2.60000e-002  8.00000e+002
          9805  8.10380e+002  9.80500e+003 -8.41956e+001  2.60000e-002  8.00000e+002
          9806  8.10378e+002  9.80600e+003 -8.41941e+001  2.60000e-002  8.00000e+002
          9807  8.10383e+002  9.80700e+003 -8.41920e+001  2.60000e-002  8.00000e+002
          9808  8.10385e+002  9.80800e+003 -8.41887e+001  2.60000e-002  8.00000e+002
          9809  8.10381e+002  9.80900e+003 -8.41877e+001  2.60000e-002  8.00000e+002
          9810  8.10377e+002  9.81000e+003 -8.41858e+001  2.60000e-002  8.00000e+002
          9811  8.10385e+002  9.81100e+003 -8.41829e+001  2.60000e-002  8.00000e+002
          9812  8.10381e+002  9.81200e+003 -8.41802e+001  2.60000e-002  8.00000e+002
          9813  8.10382e+002  9.81300e+003 -8.41783e+001  2.60000e-002  8.00000e+002
          9814  8.10390e+002  9.81400e+003 -8.41767e+001  2.60000e-002  8.00000e+002
          9815  8.10381e+002  9.81500e+003 -8.41753e+001  2.60000e-002  8.00000e+002
          9816  8.10380e+002  9.81600e+003 -8.41737e+001  2.60000e-002  8.00000e+002
          9817  8.10381e+002  9.81700e+003 -8.41731e+001  2.60000e-002  8.00000e+002
          9818  8.10375e+002  9.81800e+003 -8.41725e+001  2.60000e-002  8.00000e+002
          9819  8.10385e+002  9.81900e+003 -8.41711e+001  2.60000e-002  8.00000e+002
          9820  8.10388e+002  9.82000e+003 -8.41684e+001  2.60000e-002  8.00000e+002
          9821  8.10379e+002  9.82100e+003 -8.41655e+001  2.60000e-002  8.00000e+002
          9822  8.10378e+002  9.82200e+003 -8.41653e+001  2.60000e-002  8.00000e+002
          9823  8.10387e+002  9.82300e+003 -8.41656e+001  2.60000e-002  8.00000e+002
          9824  8.10386e+002  9.82400e+003 -8.41640e+001  2.60000e-002  8.00000e+002
          9825  8.10391e+002  9.82500e+003 -8.41627e+001  2.60000e-002  8.00000e+002
          9826  8.10388e+002  9.82600e+003 -8.41619e+001  2.60000e-002  8.00000e+002
          9827  8.10393e+002  9.82700e+003 -8.41619e+001  2.60000e-002  8.00000e+002
          9828  8.10385e+002  9.82800e+003 -8.41578e+001  2.60000e-002  8.00000e+002
          9829  8.10396e+002  9.82900e+003 -8.41553e+001  2.60000e-002  8.00000e+002
          9830  8.10394e+002  9.83000e+003 -8.41540e+001  2.60000e-002  8.00000e+002
          9831  8.10377e+002  9.83100e+003 -8.41544e+001  2.60000e-002  8.00000e+002
          9832  8.10385e+002  9.83200e+003 -8.41567e+001  2.60000e-002  8.00000e+002
          9833  8.10380e+002  9.83300e+003 -8.41567e+001  2.60000e-002  8.00000e+002
          9834  8.10385e+002  9.83400e+003 -8.41560e+001  2.60000e-002  8.00000e+002
          9835  8.10384e+002  9.83500e+003 -8.41545e+001  2.60000e-002  8.00000e+002
          9836  8.10381e+002  9.83600e+003 -8.41521e+001  2.60000e-002  8.00000e+002
          9837  8.10386e+002  9.83700e+003 -8.41525e+001  2.60000e-002  8.00000e+002
          9838  8.10381e+002  9.83800e+003 -8.41525e+001  2.60000e-002  8.00000e+002
          9839  8.10386e+002  9.83900e+003 -8.41514e+001  2.60000e-002  8.00000e+002
          9840  8.10385e+002  9.84000e+003 -8.41500e+001  2.60000e-002  8.00000e+002
          9841  8.10390e+002  9.84100e+003 -8.41489e+001  2.60000e-002  8.00000e+002
          9842  8.10383e+002  9.84200e+003 -8.41485e+001  2.60000e-002  8.00000e+002
          9843  8.10388e+002  9.84300e+003 -8.41474e+001  2.60000e-002  8.00000e+002
          9844  8.10388e+002  9.84400e+003 -8.41430e+001  2.60000e-002  8.00000e+002
          9845  8.10389e+002  9.84500e+003 -8.41415e+001  2.60000e-002  8.00000e+002
          9846  8.10388e+002  9.84600e+003 -8.41408e+001  2.60000e-002  8.00000e+002
          9847  8.10391e+002  9.84700e+003 -8.41405e+001  2.60000e-002  8.00000e+002
          9848  8.10394e+002  9.84800e+003 -8.41386e+001  2.60000e-002  8.00000e+002
          9849  8.10393e+002  9.84900e+003 -8.41360e+001  2.60000e-002  8.00000e+002
          9850  8.10384e+002  9.85000e+003 -8.41343e+001  2.60000e-002  8.00000e+002
          9851  8.10388e+002  9.85100e+003 -8.41328e+001  2.60000e-002  8.00000e+002
          9852  8.10394e+002  9.85200e+003 -8.41325e+001  2.60000e-002  8.00000e+002
          9853  8.10388e+002  9.85300e+003 -8.41319e+001  2.60000e-002  8.00000e+002
          9854  8.10388e+002  9.85400e+003 -8.41319e+001  2.60000e-002  8.00000e+002
          9855  8.10385e+002  9.85500e+003 -8.41316e+001  2.60000e-002  8.00000e+002
          9856  8.10386e+002  9.85600e+003 -8.41308e+001  2.60000e-002  8.00000e+002
          9857  8.10389e+002  9.85700e+003 -8.41296e+001  2.60000e-002  8.00000e+002
          9858  8.10390e+002  9.85800e+003 -8.41284e+001  2.60000e-002  8.00000e+002
          9859  8.10390e+002  9.85900e+003 -8.41279e+001  2.60000e-002  8.00000e+002
          9860  8.10380e+002  9.86000e+003 -8.41303e+001  2.60000e-002  8.00000e+002
          9861  8.10388e+002  9.86100e+003 -8.41316e+001  2.60000e-002  8.00000e+002
          9862  8.10385e+002  9.86200e+003 -8.41324e+001  2.60000e-002  8.00000e+002
          9863  8.10389e+002  9.86300e+003 -8.41319e+001  2.60000e-002  8.00000e+002
          9864  8.10380e+002  9.86400e+003 -8.41318e+001  2.60000e-002  8.00000e+002
          9865  8.10383e+002  9.86500e+003 -8.41312e+001  2.60000e-002  8.00000e+002
          9866  8.10388e+002  9.86600e+003 -8.41299e+001  2.60000e-002  8.00000e+002
          9867  8.10387e+002  9.86700e+003 -8.41293e+001  2.60000e-002  8.00000e+002
          9868  8.10382e+002  9.86800e+003 -8.41307e+001  2.60000e-002  8.00000e+002
          9869  8.10378e+002  9.86900e+003 -8.41300e+001  2.60000e-002  8.00000e+002
          9870  8.10385e+002  9.87000e+003 -8.41275e+001  2.60000e-002  8.00000e+002
          9871  8.10383e+002  9.87100e+003 -8.41260e+001  2.60000e-002  8.00000e+002
          9872  8.10382e+002  9.87200e+003 -8.41207e+001  2.60000e-002  8.00000e+002
          9873  8.10380e+002  9.87300e+003 -8.41181e+001  2.60000e-002  8.00000e+002
          9874  8.10379e+002  9.87400e+003 -8.41160e+001  2.60000e-002  8.00000e+002
          9875  8.10380e+002  9.87500e+003 -8.41143e+001  2.60000e-002  8.00000e+002
          9876  8.10387e+002  9.87600e+003 -8.41151e+001  2.60000e-002  8.00000e+002
          9877  8.10387e+002  9.87700e+003 -8.41162e+001  2.60000e-002  8.00000e+002
          9878  8.10390e+002  9.87800e+003 -8.41161e+001  2.60000e-002  8.00000e+002
          9879  8.10385e+002  9.87900e+003 -8.41157e+001  2.60000e-002  8.00000e+002
          9880  8.10382e+002  9.88000e+003 -8.41147e+001  2.60000e-002  8.00000e+002
          9881  8.10384e+002  9.88100e+003 -8.41125e+001  2.60000e-002  8.00000e+002
          9882  8.10383e+002  9.88200e+003 -8.41115e+001  2.60000e-002  8.00000e+002
          9883  8.10393e+002  9.88300e+003 -8.41098e+001  2.60000e-002  8.00000e+002
          9884  8.10390e+002  9.88400e+003 -8.41113e+001  2.60000e-002  8.00000e+002
          9885  8.10383e+002  9.88500e+003 -8.41113e+001  2.60000e-002  8.00000e+002
          9886  8.10379e+002  9.88600e+003 -8.41106e+001  2.60000e-002  8.00000e+002
          9887  8.10377e+002  9.88700e+003 -8.41107e+001  2.60000e-002  8.00000e+002
          9888  8.10383e+002  9.88800e+003 -8.41062e+001  2.60000e-002  8.00000e+002
          9889  8.10394e+002  9.88900e+003 -8.41036e+001  2.60000e-002  8.00000e+002
          9890  8.10385e+002  9.89000e+003 -8.41015e+001  2.60000e-002  8.00000e+002
          9891  8.10388e+002  9.89100e+003 -8.40985e+001  2.60000e-002  8.00000e+002
          9892  8.10387e+002  9.89200e+003 -8.40990e+001  2.60000e-002  8.00000e+002
          9893  8.10380e+002  9.89300e+003 -8.40980e+001  2.60000e-002  8.00000e+002
          9894  8.10387e+002  9.89400e+003 -8.40964e+001  2.60000e-002  8.00000e+002
          9895  8.10384e+002  9.89500e+003 -8.40959e+001  2.60000e-002  8.00000e+002
          9896  8.10378e+002  9.89600e+003 -8.40947e+001  2.60000e-002  8.00000e+002
          9897  8.10387e+002  9.89700e+003 -8.40943e+001  2.60000e-002  8.00000e+002
          9898  8.10386e+002  9.89800e+003 -8.40935e+001  2.60000e-002  8.00000e+002
          9899  8.10385e+002  9.89900e+003 -8.40921e+001  2.60000e-002  8.00000e+002
          9900  8.10385e+002  9.90000e+003 -8.40897e+001  2.60000e-002  8.00000e+002
          9901  8.10382e+002  9.90100e+003 -8.40876e+001  2.60000e-002  8.00000e+002
          9902  8.10384e+002  9.90200e+003 -8.40860e+001  2.60000e-002  8.00000e+002
          9903  8.10377e+002  9.90300e+003 -8.40858e+001  2.60000e-002  8.00000e+002
          9904  8.10376e+002  9.90400e+003 -8.40880e+001  2.60000e-002  8.00000e+002
          9905  8.10384e+002  9.90500e+003 -8.40867e+001  2.60000e-002  8.00000e+002
          9906  8.10376e+002  9.90600e+003 -8.40849e+001  2.60000e-002  8.00000e+002
          9907  8.10379e+002  9.90700e+003 -8.40851e+001  2.60000e-002  8.00000e+002
          9908  8.10385e+002  9.90800e+003 -8.40844e+001  2.60000e-002  8.00000e+002
          9909  8.10384e+002  9.90900e+003 -8.40843e+001  2.60000e-002  8.00000e+002
          9910  8.10383e+002  9.91000e+003 -8.40837e+001  2.60000e-002  8.00000e+002
          9911  8.10384e+002  9.91100e+003 -8.40830e+001  2.60000e-002  8.00000e+002
          9912  8.10386e+002  9.91200e+003 -8.40864e+001  2.60000e-002  8.00000e+002
          9913  8.10381e+002  9.91300e+003 -8.40871e+001  2.60000e-002  8.00000e+002
          9914  8.10386e+002  9.91400e+003 -8.40869e+001  2.60000e-002  8.00000e+002
          9915  8.10388e+002  9.91500e+003 -8.40861e+001  2.60000e-002  8.00000e+002
          9916  8.10383e+002  9.91600e+003 -8.40872e+001  2.60000e-002  8.00000e+002
          9917  8.10383e+002  9.91700e+003 -8.40875e+001  2.60000e-002  8.00000e+002
          9918  8.10386e+002  9.91800e+003 -8.40861e+001  2.60000e-002  8.00000e+002
          9919  8.10387e+002  9.91900e+003 -8.40839e+001  2.60000e-002  8.00000e+002
          9920  8.10388e+002  9.92000e+003 -8.40804e+001  2.60000e-002  8.00000e+002
          9921  8.10390e+002  9.92100e+003 -8.40795e+001  2.60000e-002  8.00000e+002
          9922  8.10392e+002  9.92200e+003 -8.40796e+001  2.60000e-002  8.00000e+002
          9923  8.10391e+002  9.92300e+003 -8.40797e+001  2.60000e-002  8.00000e+002
          9924  8.10388e+002  9.92400e+003 -8.40797e+001  2.60000e-002  8.00000e+002
          9925  8.10389e+002  9.92500e+003 -8.40796e+001  2.60000e-002  8.00000e+002
          9926  8.10386e+002  9.92600e+003 -8.40803e+001  2.60000e-002  8.00000e+002
          9927  8.10395e+002  9.92700e+003 -8.40808e+001  2.60000e-002  8.00000e+002
          9928  8.10387e+002  9.92800e+003 -8.40834e+001  2.60000e-002  8.00000e+002
          9929  8.10383e+002  9.92900e+003 -8.40846e+001  2.60000e-002  8.00000e+002
          9930  8.10384e+002  9.93000e+003 -8.40856e+001  2.60000e-002  8.00000e+002
          9931  8.10382e+002  9.93100e+003 -8.40868e+001  2.60000e-002  8.00000e+002
          9932  8.10383e+002  9.93200e+003 -8.40902e+001  2.60000e-002  8.00000e+002
          9933  8.10384e+002  9.93300e+003 -8.40919e+001  2.60000e-002  8.00000e+002
          9934  8.10385e+002  9.93400e+003 -8.40932e+001  2.60000e-002  8.00000e+002
          9935  8.10393e+002  9.93500e+003 -8.40932e+001  2.60000e-002  8.00000e+002
          9936  8.10388e+002  9.93600e+003 -8.40926e+001  2.60000e-002  8.00000e+002
          9937  8.10378e+002  9.93700e+003 -8.40921e+001  2.60000e-002  8.00000e+002
          9938  8.10389e+002  9.93800e+003 -8.40923e+001  2.60000e-002  8.00000e+002
          9939  8.10388e+002  9.93900e+003 -8.40929e+001  2.60000e-002  8.00000e+002
          9940  8.10383e+002  9.94000e+003 -8.40917e+001  2.60000e-002  8.00000e+002
          9941  8.10387e+002  9.94100e+003 -8.40904e+001  2.60000e-002  8.00000e+002
          9942  8.10391e+002  9.94200e+003 -8.40903e+001  2.60000e-002  8.00000e+002
          9943  8.10392e+002  9.94300e+003 -8.40895e+001  2.60000e-002  8.00000e+002
          9944  8.10389e+002  9.94400e+003 -8.40865e+001  2.60000e-002  8.00000e+002
          9945  8.10385e+002  9.94500e+003 -8.40848e+001  2.60000e-002  8.00000e+002
          9946  8.10388e+002  9.94600e+003 -8.40835e+001  2.60000e-002  8.00000e+002
          9947  8.10386e+002  9.94700e+003 -8.40834e+001  2.60000e-002  8.00000e+002
          9948  8.10379e+002  9.94800e+003 -8.40852e+001  2.60000e-002  8.00000e+002
          9949  8.10389e+002  9.94900e+003 -8.40838e+001  2.60000e-002  8.00000e+002
          9950  8.10387e+002  9.95000e+003 -8.40826e+001  2.60000e-002  8.00000e+002
          9951  8.10386e+002  9.95100e+003 -8.40811e+001  2.60000e-002  8.00000e+002
          9952  8.10380e+002  9.95200e+003 -8.40765e+001  2.60000e-002  8.00000e+002
          9953  8.10389e+002  9.95300e+003 -8.40728e+001  2.60000e-002  8.00000e+002
          9954  8.10384e+002  9.95400e+003 -8.40702e+001  2.60000e-002  8.00000e+002
          9955  8.10392e+002  9.95500e+003 -8.40688e+001  2.60000e-002  8.00000e+002
          9956  8.10386e+002  9.95600e+003 -8.40651e+001  2.60000e-002  8.00000e+002
          9957  8.10387e+002  9.95700e+003 -8.40628e+001  2.60000e-002  8.00000e+002
          9958  8.10388e+002  9.95800e+003 -8.40610e+001  2.60000e-002  8.00000e+002
          9959  8.10388e+002  9.95900e+003 -8.40598e+001  2.60000e-002  8.00000e+002
          9960  8.10389e+002  9.96000e+003 -8.40549e+001  2.60000e-002  8.00000e+002
          9961  8.10386e+002  9.96100e+003 -8.40525e+001  2.60000e-002  8.00000e+002
          9962  8.10387e+002  9.96200e+003 -8.40512e+001  2.60000e-002  8.00000e+002
          9963  8.10382e+002  9.96300e+003 -8.40495e+001  2.60000e-002  8.00000e+002
          9964  8.10385e+002  9.96400e+003 -8.40502e+001  2.60000e-002  8.00000e+002
          9965  8.10385e+002  9.96500e+003 -8.40491e+001  2.60000e-002  8.00000e+002
          9966  8.10389e+002  9.96600e+003 -8.40482e+001  2.60000e-002  8.00000e+002
          9967  8.10388e+002  9.96700e+003 -8.40481e+001  2.60000e-002  8.00000e+002
          9968  8.10385e+002  9.96800e+003 -8.40488e+001  2.60000e-002  8.00000e+002
          9969  8.10386e+002  9.96900e+003 -8.40492e+001  2.60000e-002  8.00000e+002
          9970  8.10386e+002  9.97000e+003 -8.40484e+001  2.60000e-002  8.00000e+002
          9971  8.10385e+002  9.97100e+003 -8.40460e+001  2.60000e-002  8.00000e+002
          9972  8.10386e+002  9.97200e+003 -8.40412e+001  2.60000e-002  8.00000e+002
          9973  8.10391e+002  9.97300e+003 -8.40376e+001  2.60000e-002  8.00000e+002
          9974  8.10388e+002  9.97400e+003 -8.40348e+001  2.60000e-002  8.00000e+002
          9975  8.10391e+002  9.97500e+003 -8.40326e+001  2.60000e-002  8.00000e+002
          9976  8.10388e+002  9.97600e+003 -8.40320e+001  2.60000e-002  8.00000e+002
          9977  8.10377e+002  9.97700e+003 -8.40305e+001  2.60000e-002  8.00000e+002
          9978  8.10390e+002  9.97800e+003 -8.40284e+001  2.60000e-002  8.00000e+002
          9979  8.10384e+002  9.97900e+003 -8.40269e+001  2.60000e-002  8.00000e+002
          9980  8.10387e+002  9.98000e+003 -8.40197e+001  2.60000e-002  8.00000e+002
          9981  8.10390e+002  9.98100e+003 -8.40154e+001  2.60000e-002  8.00000e+002
          9982  8.10385e+002  9.98200e+003 -8.40122e+001  2.60000e-002  8.00000e+002
          9983  8.10387e+002  9.98300e+003 -8.40096e+001  2.60000e-002  8.00000e+002
          9984  8.10389e+002  9.98400e+003 -8.40134e+001  2.60000e-002  8.00000e+002
          9985  8.10393e+002  9.98500e+003 -8.40137e+001  2.60000e-002  8.00000e+002
          9986  8.10386e+002  9.98600e+003 -8.40128e+001  2.60000e-002  8.00000e+002
          9987  8.10393e+002  9.98700e+003 -8.40124e+001  2.60000e-002  8.00000e+002
          9988  8.10399e+002  9.98800e+003 -8.40107e+001  2.60000e-002  8.00000e+002
          9989  8.10398e+002  9.98900e+003 -8.40098e+001  2.60000e-002  8.00000e+002
          9990  8.10402e+002  9.99000e+003 -8.40101e+001  2.60000e-002  8.00000e+002
          9991  8.10395e+002  9.99100e+003 -8.40098e+001  2.60000e-002  8.00000e+002
          9992  8.10402e+002  9.99200e+003 -8.40124e+001  2.60000e-002  8.00000e+002
          9993  8.10398e+002  9.99300e+003 -8.40142e+001  2.60000e-002  8.00000e+002
          9994  8.10401e+002  9.99400e+003 -8.40146e+001  2.60000e-002  8.00000e+002
          9995  8.10401e+002  9.99500e+003 -8.40146e+001  2.60000e-002  8.00000e+002
          9996  8.10391e+002  9.99600e+003 -8.40158e+001  2.60000e-002  8.00000e+002
          9997  8.10395e+002  9.99700e+003 -8.40172e+001  2.60000e-002  8.00000e+002
          9998  8.10397e+002  9.99800e+003 -8.40182e+001  2.60000e-002  8.00000e+002
          9999  8.10403e+002  9.99900e+003 -8.40192e+001  2.60000e-002  8.00000e+002
         10000  8.10400e+002  1.00000e+004 -8.40212e+001  2.60000e-002  8.00000e+002
         10001  8.10398e+002  1.00010e+004 -8.40227e+001  2.60000e-002  8.00000e+002
         10002  8.10391e+002  1.00020e+004 -8.40224e+001  2.60000e-002  8.00000e+002
         10003  8.10399e+002  1.00030e+004 -8.40208e+001  2.60000e-002  8.00000e+002
         10004  8.10397e+002  1.00040e+004 -8.40204e+001  2.60000e-002  8.00000e+002
         10005  8.10401e+002  1.00050e+004 -8.40201e+001  2.60000e-002  8.00000e+002
         10006  8.10390e+002  1.00060e+004 -8.40199e+001  2.60000e-002  8.00000e+002
         10007  8.10396e+002  1.00070e+004 -8.40196e+001  2.60000e-002  8.00000e+002
         10008  8.10393e+002  1.00080e+004 -8.40182e+001  2.60000e-002  8.00000e+002
         10009  8.10384e+002  1.00090e+004 -8.40166e+001  2.60000e-002  8.00000e+002
         10010  8.10385e+002  1.00100e+004 -8.40154e+001  2.60000e-002  8.00000e+002
         10011  8.10388e+002  1.00110e+004 -8.40135e+001  2.60000e-002  8.00000e+002
         10012  8.10395e+002  1.00120e+004 -8.40090e+001  2.60000e-002  8.00000e+002
         10013  8.10395e+002  1.00130e+004 -8.40074e+001  2.60000e-002  8.00000e+002
         10014  8.10395e+002  1.00140e+004 -8.40066e+001  2.60000e-002  8.00000e+002
         10015  8.10394e+002  1.00150e+004 -8.40065e+001  2.60000e-002  8.00000e+002
         10016  8.10398e+002  1.00160e+004 -8.40070e+001  2.60000e-002  8.00000e+002
         10017  8.10402e+002  1.00170e+004 -8.40062e+001  2.60000e-002  8.00000e+002
         10018  8.10387e+002  1.00180e+004 -8.40057e+001  2.60000e-002  8.00000e+002
         10019  8.10396e+002  1.00190e+004 -8.40048e+001  2.60000e-002  8.00000e+002
         10020  8.10401e+002  1.00200e+004 -8.40043e+001  2.60000e-002  8.00000e+002
         10021  8.10398e+002  1.00210e+004 -8.40042e+001  2.60000e-002  8.00000e+002
         10022  8.10397e+002  1.00220e+004 -8.40047e+001  2.60000e-002  8.00000e+002
         10023  8.10401e+002  1.00230e+004 -8.40051e+001  2.60000e-002  8.00000e+002
         10024  8.10390e+002  1.00240e+004 -8.40069e+001  2.60000e-002  8.00000e+002
         10025  8.10393e+002  1.00250e+004 -8.40082e+001  2.60000e-002  8.00000e+002
         10026  8.10393e+002  1.00260e+004 -8.40087e+001  2.60000e-002  8.00000e+002
         10027  8.10395e+002  1.00270e+004 -8.40089e+001  2.60000e-002  8.00000e+002
         10028  8.10401e+002  1.00280e+004 -8.40080e+001  2.60000e-002  8.00000e+002
         10029  8.10399e+002  1.00290e+004 -8.40091e+001  2.60000e-002  8.00000e+002
         10030  8.10398e+002  1.00300e+004 -8.40096e+001  2.60000e-002  8.00000e+002
         10031  8.10393e+002  1.00310e+004 -8.40083e+001  2.60000e-002  8.00000e+002
         10032  8.10391e+002  1.00320e+004 -8.40067e+001  2.60000e-002  8.00000e+002
         10033  8.10385e+002  1.00330e+004 -8.40048e+001  2.60000e-002  8.00000e+002
         10034  8.10391e+002  1.00340e+004 -8.40028e+001  2.60000e-002  8.00000e+002
         10035  8.10393e+002  1.00350e+004 -8.40012e+001  2.60000e-002  8.00000e+002
         10036  8.10397e+002  1.00360e+004 -8.39979e+001  2.60000e-002  8.00000e+002
         10037  8.10391e+002  1.00370e+004 -8.39972e+001  2.60000e-002  8.00000e+002
         10038  8.10385e+002  1.00380e+004 -8.39967e+001  2.60000e-002  8.00000e+002
         10039  8.10386e+002  1.00390e+004 -8.39968e+001  2.60000e-002  8.00000e+002
         10040  8.10390e+002  1.00400e+004 -8.39914e+001  2.60000e-002  8.00000e+002
         10041  8.10381e+002  1.00410e+004 -8.39882e+001  2.60000e-002  8.00000e+002
         10042  8.10391e+002  1.00420e+004 -8.39864e+001  2.60000e-002  8.00000e+002
         10043  8.10394e+002  1.00430e+004 -8.39848e+001  2.60000e-002  8.00000e+002
         10044  8.10392e+002  1.00440e+004 -8.39889e+001  2.60000e-002  8.00000e+002
         10045  8.10389e+002  1.00450e+004 -8.39886e+001  2.60000e-002  8.00000e+002
         10046  8.10388e+002  1.00460e+004 -8.39875e+001  2.60000e-002  8.00000e+002
         10047  8.10395e+002  1.00470e+004 -8.39856e+001  2.60000e-002  8.00000e+002
         10048  8.10391e+002  1.00480e+004 -8.39840e+001  2.60000e-002  8.00000e+002
         10049  8.10395e+002  1.00490e+004 -8.39824e+001  2.60000e-002  8.00000e+002
         10050  8.10390e+002  1.00500e+004 -8.39811e+001  2.60000e-002  8.00000e+002
         10051  8.10393e+002  1.00510e+004 -8.39812e+001  2.60000e-002  8.00000e+002
         10052  8.10394e+002  1.00520e+004 -8.39823e+001  2.60000e-002  8.00000e+002
         10053  8.10390e+002  1.00530e+004 -8.39820e+001  2.60000e-002  8.00000e+002
         10054  8.10392e+002  1.00540e+004 -8.39800e+001  2.60000e-002  8.00000e+002
         10055  8.10388e+002  1.00550e+004 -8.39779e+001  2.60000e-002  8.00000e+002
         10056  8.10389e+002  1.00560e+004 -8.39762e+001  2.60000e-002  8.00000e+002
         10057  8.10393e+002  1.00570e+004 -8.39745e+001  2.60000e-002  8.00000e+002
         10058  8.10387e+002  1.00580e+004 -8.39727e+001  2.60000e-002  8.00000e+002
         10059  8.10391e+002  1.00590e+004 -8.39710e+001  2.60000e-002  8.00000e+002
         10060  8.10386e+002  1.00600e+004 -8.39725e+001  2.60000e-002  8.00000e+002
         10061  8.10387e+002  1.00610e+004 -8.39718e+001  2.60000e-002  8.00000e+002
         10062  8.10389e+002  1.00620e+004 -8.39709e+001  2.60000e-002  8.00000e+002
         10063  8.10393e+002  1.00630e+004 -8.39700e+001  2.60000e-002  8.00000e+002
         10064  8.10394e+002  1.00640e+004 -8.39677e+001  2.60000e-002  8.00000e+002
         10065  8.10385e+002  1.00650e+004 -8.39678e+001  2.60000e-002  8.00000e+002
         10066  8.10386e+002  1.00660e+004 -8.39682e+001  2.60000e-002  8.00000e+002
         10067  8.10388e+002  1.00670e+004 -8.39682e+001  2.60000e-002  8.00000e+002
         10068  8.10383e+002  1.00680e+004 -8.39680e+001  2.60000e-002  8.00000e+002
         10069  8.10385e+002  1.00690e+004 -8.39660e+001  2.60000e-002  8.00000e+002
         10070  8.10393e+002  1.00700e+004 -8.39650e+001  2.60000e-002  8.00000e+002
         10071  8.10389e+002  1.00710e+004 -8.39636e+001  2.60000e-002  8.00000e+002
         10072  8.10392e+002  1.00720e+004 -8.39626e+001  2.60000e-002  8.00000e+002
         10073  8.10396e+002  1.00730e+004 -8.39618e+001  2.60000e-002  8.00000e+002
         10074  8.10394e+002  1.00740e+004 -8.39601e+001  2.60000e-002  8.00000e+002
         10075  8.10390e+002  1.00750e+004 -8.39585e+001  2.60000e-002  8.00000e+002
         10076  8.10391e+002  1.00760e+004 -8.39552e+001  2.60000e-002  8.00000e+002
         10077  8.10395e+002  1.00770e+004 -8.39525e+001  2.60000e-002  8.00000e+002
         10078  8.10397e+002  1.00780e+004 -8.39501e+001  2.60000e-002  8.00000e+002
         10079  8.10390e+002  1.00790e+004 -8.39484e+001  2.60000e-002  8.00000e+002
         10080  8.10400e+002  1.00800e+004 -8.39492e+001  2.60000e-002  8.00000e+002
         10081  8.10387e+002  1.00810e+004 -8.39486e+001  2.60000e-002  8.00000e+002
         10082  8.10389e+002  1.00820e+004 -8.39477e+001  2.60000e-002  8.00000e+002
         10083  8.10395e+002  1.00830e+004 -8.39468e+001  2.60000e-002  8.00000e+002
         10084  8.10390e+002  1.00840e+004 -8.39469e+001  2.60000e-002  8.00000e+002
         10085  8.10392e+002  1.00850e+004 -8.39462e+001  2.60000e-002  8.00000e+002
         10086  8.10388e+002  1.00860e+004 -8.39444e+001  2.60000e-002  8.00000e+002
         10087  8.10393e+002  1.00870e+004 -8.39422e+001  2.60000e-002  8.00000e+002
         10088  8.10390e+002  1.00880e+004 -8.39429e+001  2.60000e-002  8.00000e+002
         10089  8.10396e+002  1.00890e+004 -8.39427e+001  2.60000e-002  8.00000e+002
         10090  8.10388e+002  1.00900e+004 -8.39425e+001  2.60000e-002  8.00000e+002
         10091  8.10391e+002  1.00910e+004 -8.39416e+001  2.60000e-002  8.00000e+002
         10092  8.10399e+002  1.00920e+004 -8.39401e+001  2.60000e-002  8.00000e+002
         10093  8.10397e+002  1.00930e+004 -8.39395e+001  2.60000e-002  8.00000e+002
         10094  8.10399e+002  1.00940e+004 -8.39371e+001  2.60000e-002  8.00000e+002
         10095  8.10405e+002  1.00950e+004 -8.39355e+001  2.60000e-002  8.00000e+002
         10096  8.10403e+002  1.00960e+004 -8.39356e+001  2.58889e-002  8.00000e+002
         10097  8.10403e+002  1.00970e+004 -8.39372e+001  2.57778e-002  8.00000e+002
         10098  8.10401e+002  1.00980e+004 -8.39389e+001  2.56667e-002  8.00000e+002
         10099  8.10394e+002  1.00990e+004 -8.39401e+001  2.55556e-002  8.00000e+002
         10100  8.10396e+002  1.01000e+004 -8.39427e+001  2.53549e-002  8.00000e+002
         10101  8.10392e+002  1.01010e+004 -8.39444e+001  2.52338e-002  8.00000e+002
         10102  8.10395e+002  1.01020e+004 -8.39460e+001  2.51418e-002  8.00000e+002
         10103  8.10402e+002  1.01030e+004 -8.39462e+001  2.50617e-002  8.00000e+002
         10104  8.10395e+002  1.01040e+004 -8.39489e+001  2.50716e-002  8.00000e+002
         10105  8.10399e+002  1.01050e+004 -8.39510e+001  2.50478e-002  8.00000e+002
         10106  8.10401e+002  1.01060e+004 -8.39523e+001  2.50250e-002  8.00000e+002
         10107  8.10396e+002  1.01070e+004 -8.39534e+001  2.50069e-002  8.00000e+002
         10108  8.10387e+002  1.01080e+004 -8.39561e+001  2.50123e-002  8.00000e+002
         10109  8.10390e+002  1.01090e+004 -8.39573e+001  2.50084e-002  8.00000e+002
         10110  8.10394e+002  1.01100e+004 -8.39572e+001  2.50041e-002  8.00000e+002
         10111  8.10400e+002  1.01110e+004 -8.39555e+001  2.50008e-002  8.00000e+002
         10112  8.10404e+002  1.01120e+004 -8.39539e+001  2.50020e-002  8.00000e+002
         10113  8.10403e+002  1.01130e+004 -8.39526e+001  2.50014e-002  8.00000e+002
         10114  8.10406e+002  1.01140e+004 -8.39515e+001  2.50006e-002  8.00000e+002
         10115  8.10403e+002  1.01150e+004 -8.39505e+001  2.50001e-002  8.00000e+002
         10116  8.10404e+002  1.01160e+004 -8.39506e+001  2.50003e-002  8.00000e+002
         10117  8.10403e+002  1.01170e+004 -8.39511e+001  2.50002e-002  8.00000e+002
         10118  8.10395e+002  1.01180e+004 -8.39510e+001  2.50001e-002  8.00000e+002
         10119  8.10402e+002  1.01190e+004 -8.39500e+001  2.50000e-002  8.00000e+002
         10120  8.10395e+002  1.01200e+004 -8.39439e+001  2.50000e-002  8.00000e+002
         10121  8.10398e+002  1.01210e+004 -8.39416e+001  2.50000e-002  8.00000e+002
         10122  8.10396e+002  1.01220e+004 -8.39399e+001  2.50000e-002  8.00000e+002
         10123  8.10405e+002  1.01230e+004 -8.39373e+001  2.50000e-002  8.00000e+002
         10124  8.10395e+002  1.01240e+004 -8.39388e+001  2.50000e-002  8.00000e+002
         10125  8.10399e+002  1.01250e+004 -8.39374e+001  2.50000e-002  8.00000e+002
         10126  8.10389e+002  1.01260e+004 -8.39355e+001  2.50000e-002  8.00000e+002
         10127  8.10392e+002  1.01270e+004 -8.39341e+001  2.50000e-002  8.00000e+002
         10128  8.10385e+002  1.01280e+004 -8.39307e+001  2.50000e-002  8.00000e+002
         10129  8.10391e+002  1.01290e+004 -8.39280e+001  2.50000e-002  8.00000e+002
         10130  8.10390e+002  1.01300e+004 -8.39268e+001  2.50000e-002  8.00000e+002
         10131  8.10389e+002  1.01310e+004 -8.39264e+001  2.50000e-002  8.00000e+002
         10132  8.10401e+002  1.01320e+004 -8.39256e+001  2.50000e-002  8.00000e+002
         10133  8.10388e+002  1.01330e+004 -8.39247e+001  2.50000e-002  8.00000e+002
         10134  8.10392e+002  1.01340e+004 -8.39232e+001  2.50000e-002  8.00000e+002
         10135  8.10390e+002  1.01350e+004 -8.39226e+001  2.50000e-002  8.00000e+002
         10136  8.10384e+002  1.01360e+004 -8.39249e+001  2.50000e-002  8.00000e+002
         10137  8.10388e+002  1.01370e+004 -8.39257e+001  2.50000e-002  8.00000e+002
         10138  8.10392e+002  1.01380e+004 -8.39259e+001  2.50000e-002  8.00000e+002
         10139  8.10393e+002  1.01390e+004 -8.39266e+001  2.50000e-002  8.00000e+002
         10140  8.10390e+002  1.01400e+004 -8.39289e+001  2.50000e-002  8.00000e+002
         10141  8.10395e+002  1.01410e+004 -8.39294e+001  2.50000e-002  8.00000e+002
         10142  8.10385e+002  1.01420e+004 -8.39303e+001  2.50000e-002  8.00000e+002
         10143  8.10387e+002  1.01430e+004 -8.39320e+001  2.50000e-002  8.00000e+002
         10144  8.10385e+002  1.01440e+004 -8.39339e+001  2.50000e-002  8.00000e+002
         10145  8.10383e+002  1.01450e+004 -8.39337e+001  2.50000e-002  8.00000e+002
         10146  8.10387e+002  1.01460e+004 -8.39338e+001  2.50000e-002  8.00000e+002
         10147  8.10385e+002  1.01470e+004 -8.39342e+001  2.50000e-002  8.00000e+002
         10148  8.10384e+002  1.01480e+004 -8.39329e+001  2.50000e-002  8.00000e+002
         10149  8.10386e+002  1.01490e+004 -8.39322e+001  2.50000e-002  8.00000e+002
         10150  8.10382e+002  1.01500e+004 -8.39311e+001  2.50000e-002  8.00000e+002
         10151  8.10385e+002  1.01510e+004 -8.39294e+001  2.50000e-002  8.00000e+002
         10152  8.10391e+002  1.01520e+004 -8.39279e+001  2.50000e-002  8.00000e+002
         10153  8.10386e+002  1.01530e+004 -8.39278e+001  2.50000e-002  8.00000e+002
         10154  8.10389e+002  1.01540e+004 -8.39270e+001  2.50000e-002  8.00000e+002
         10155  8.10391e+002  1.01550e+004 -8.39262e+001  2.50000e-002  8.00000e+002
         10156  8.10390e+002  1.01560e+004 -8.39254e+001  2.50000e-002  8.00000e+002
         10157  8.10387e+002  1.01570e+004 -8.39241e+001  2.50000e-002  8.00000e+002
         10158  8.10394e+002  1.01580e+004 -8.39229e+001  2.50000e-002  8.00000e+002
         10159  8.10390e+002  1.01590e+004 -8.39217e+001  2.50000e-002  8.00000e+002
         10160  8.10397e+002  1.01600e+004 -8.39213e+001  2.50000e-002  8.00000e+002
         10161  8.10387e+002  1.01610e+004 -8.39200e+001  2.50000e-002  8.00000e+002
         10162  8.10387e+002  1.01620e+004 -8.39183e+001  2.50000e-002  8.00000e+002
         10163  8.10388e+002  1.01630e+004 -8.39172e+001  2.50000e-002  8.00000e+002
         10164  8.10387e+002  1.01640e+004 -8.39157e+001  2.50000e-002  8.00000e+002
         10165  8.10389e+002  1.01650e+004 -8.39142e+001  2.50000e-002  8.00000e+002
         10166  8.10395e+002  1.01660e+004 -8.39118e+001  2.50000e-002  8.00000e+002
         10167  8.10390e+002  1.01670e+004 -8.39102e+001  2.50000e-002  8.00000e+002
         10168  8.10391e+002  1.01680e+004 -8.39077e+001  2.50000e-002  8.00000e+002
         10169  8.10385e+002  1.01690e+004 -8.39054e+001  2.50000e-002  8.00000e+002
         10170  8.10390e+002  1.01700e+004 -8.39044e+001  2.50000e-002  8.00000e+002
         10171  8.10391e+002  1.01710e+004 -8.39038e+001  2.50000e-002  8.00000e+002
         10172  8.10392e+002  1.01720e+004 -8.39013e+001  2.50000e-002  8.00000e+002
         10173  8.10392e+002  1.01730e+004 -8.38990e+001  2.50000e-002  8.00000e+002
         10174  8.10396e+002  1.01740e+004 -8.38986e+001  2.50000e-002  8.00000e+002
         10175  8.10396e+002  1.01750e+004 -8.38988e+001  2.50000e-002  8.00000e+002
         10176  8.10391e+002  1.01760e+004 -8.38985e+001  2.50000e-002  8.00000e+002
         10177  8.10390e+002  1.01770e+004 -8.38982e+001  2.50000e-002  8.00000e+002
         10178  8.10388e+002  1.01780e+004 -8.38971e+001  2.50000e-002  8.00000e+002
         10179  8.10394e+002  1.01790e+004 -8.38968e+001  2.50000e-002  8.00000e+002
         10180  8.10400e+002  1.01800e+004 -8.38979e+001  2.50000e-002  8.00000e+002
         10181  8.10395e+002  1.01810e+004 -8.38978e+001  2.50000e-002  8.00000e+002
         10182  8.10388e+002  1.01820e+004 -8.38963e+001  2.50000e-002  8.00000e+002
         10183  8.10391e+002  1.01830e+004 -8.38944e+001  2.50000e-002  8.00000e+002
         10184  8.10396e+002  1.01840e+004 -8.38927e+001  2.50000e-002  8.00000e+002
         10185  8.10397e+002  1.01850e+004 -8.38911e+001  2.50000e-002  8.00000e+002
         10186  8.10396e+002  1.01860e+004 -8.38893e+001  2.50000e-002  8.00000e+002
         10187  8.10391e+002  1.01870e+004 -8.38882e+001  2.50000e-002  8.00000e+002
         10188  8.10393e+002  1.01880e+004 -8.38864e+001  2.50000e-002  8.00000e+002
         10189  8.10391e+002  1.01890e+004 -8.38839e+001  2.50000e-002  8.00000e+002
         10190  8.10392e+002  1.01900e+004 -8.38813e+001  2.50000e-002  8.00000e+002
         10191  8.10394e+002  1.01910e+004 -8.38809e+001  2.50000e-002  8.00000e+002
         10192  8.10396e+002  1.01920e+004 -8.38807e+001  2.50000e-002  8.00000e+002
         10193  8.10391e+002  1.01930e+004 -8.38788e+001  2.50000e-002  8.00000e+002
         10194  8.10396e+002  1.01940e+004 -8.38767e+001  2.50000e-002  8.00000e+002
         10195  8.10390e+002  1.01950e+004 -8.38752e+001  2.50000e-002  8.00000e+002
         10196  8.10389e+002  1.01960e+004 -8.38736e+001  2.50000e-002  8.00000e+002
         10197  8.10389e+002  1.01970e+004 -8.38729e+001  2.50000e-002  8.00000e+002
         10198  8.10386e+002  1.01980e+004 -8.38714e+001  2.50000e-002  8.00000e+002
         10199  8.10393e+002  1.01990e+004 -8.38685e+001  2.50000e-002  8.00000e+002
         10200  8.10385e+002  1.02000e+004 -8.38665e+001  2.50000e-002  8.00000e+002
