         Index            Ts             t            HF        Weight            Tr
             0  8.43738e+001  0.00000e+000 -2.26240e+001  3.57731e+001  1.00000e+002
             1  8.45367e+001  1.00000e+000 -2.19112e+001  3.57726e+001  1.00083e+002
             2  8.47052e+001  2.00000e+000 -2.11114e+001  3.57720e+001  1.00167e+002
             3  8.49105e+001  3.00000e+000 -2.02803e+001  3.57714e+001  1.00250e+002
             4  8.51090e+001  4.00000e+000 -1.95931e+001  3.57708e+001  1.00333e+002
             5  8.53198e+001  5.00000e+000 -1.89703e+001  3.57704e+001  1.00417e+002
             6  8.55455e+001  6.00000e+000 -1.84244e+001  3.57700e+001  1.00500e+002
             7  8.57618e+001  7.00000e+000 -1.79001e+001  3.57697e+001  1.00583e+002
             8  8.59680e+001  8.00000e+000 -1.74636e+001  3.57698e+001  1.00667e+002
             9  8.62055e+001  9.00000e+000 -1.70561e+001  3.57698e+001  1.00750e+002
            10  8.64185e+001  1.00000e+001 -1.66917e+001  3.57699e+001  1.00833e+002
            11  8.66324e+001  1.10000e+001 -1.63302e+001  3.57700e+001  1.00917e+002
            12  8.68517e+001  1.20000e+001 -1.60449e+001  3.57703e+001  1.01000e+002
            13  8.70782e+001  1.30000e+001 -1.57391e+001  3.57705e+001  1.01083e+002
            14  8.73050e+001  1.40000e+001 -1.54416e+001  3.57706e+001  1.01167e+002
            15  8.75235e+001  1.50000e+001 -1.51549e+001  3.57707e+001  1.01250e+002
            16  8.77437e+001  1.60000e+001 -1.49246e+001  3.57706e+001  1.01333e+002
            17  8.79645e+001  1.70000e+001 -1.46742e+001  3.57704e+001  1.01417e+002
            18  8.81825e+001  1.80000e+001 -1.44459e+001  3.57701e+001  1.01500e+002
            19  8.83765e+001  1.90000e+001 -1.42170e+001  3.57697e+001  1.01583e+002
            20  8.86034e+001  2.00000e+001 -1.40395e+001  3.57690e+001  1.01667e+002
            21  8.88065e+001  2.10000e+001 -1.38412e+001  3.57683e+001  1.01750e+002
            22  8.90171e+001  2.20000e+001 -1.36443e+001  3.57676e+001  1.01833e+002
            23  8.92281e+001  2.30000e+001 -1.34506e+001  3.57669e+001  1.01917e+002
            24  8.94245e+001  2.40000e+001 -1.33031e+001  3.57658e+001  1.02000e+002
            25  8.96215e+001  2.50000e+001 -1.31365e+001  3.57649e+001  1.02083e+002
            26  8.98211e+001  2.60000e+001 -1.29699e+001  3.57639e+001  1.02167e+002
            27  9.00156e+001  2.70000e+001 -1.28068e+001  3.57630e+001  1.02250e+002
            28  9.02156e+001  2.80000e+001 -1.26803e+001  3.57621e+001  1.02333e+002
            29  9.04143e+001  2.90000e+001 -1.25363e+001  3.57612e+001  1.02417e+002
            30  9.05946e+001  3.00000e+001 -1.23885e+001  3.57603e+001  1.02500e+002
            31  9.07912e+001  3.10000e+001 -1.22364e+001  3.57594e+001  1.02583e+002
            32  9.09606e+001  3.20000e+001 -1.21412e+001  3.57588e+001  1.02667e+002
            33  9.11622e+001  3.30000e+001 -1.20110e+001  3.57580e+001  1.02750e+002
            34  9.13339e+001  3.40000e+001 -1.18798e+001  3.57572e+001  1.02833e+002
            35  9.15129e+001  3.50000e+001 -1.17581e+001  3.57565e+001  1.02917e+002
            36  9.16955e+001  3.60000e+001 -1.16798e+001  3.57558e+001  1.03000e+002
            37  9.18783e+001  3.70000e+001 -1.15726e+001  3.57552e+001  1.03083e+002
            38  9.20428e+001  3.80000e+001 -1.14691e+001  3.57545e+001  1.03167e+002
            39  9.22200e+001  3.90000e+001 -1.13684e+001  3.57539e+001  1.03250e+002
            40  9.24123e+001  4.00000e+001 -1.13031e+001  3.57534e+001  1.03333e+002
            41  9.25734e+001  4.10000e+001 -1.12200e+001  3.57528e+001  1.03417e+002
            42  9.27456e+001  4.20000e+001 -1.11338e+001  3.57522e+001  1.03500e+002
            43  9.29235e+001  4.30000e+001 -1.10484e+001  3.57515e+001  1.03583e+002
            44  9.30798e+001  4.40000e+001 -1.09830e+001  3.57510e+001  1.03667e+002
            45  9.32445e+001  4.50000e+001 -1.09103e+001  3.57505e+001  1.03750e+002
            46  9.34168e+001  4.60000e+001 -1.08383e+001  3.57500e+001  1.03833e+002
            47  9.35743e+001  4.70000e+001 -1.07678e+001  3.57495e+001  1.03917e+002
            48  9.37330e+001  4.80000e+001 -1.07153e+001  3.57492e+001  1.04000e+002
            49  9.38915e+001  4.90000e+001 -1.06552e+001  3.57488e+001  1.04083e+002
            50  9.40532e+001  5.00000e+001 -1.05947e+001  3.57484e+001  1.04167e+002
            51  9.42211e+001  5.10000e+001 -1.05354e+001  3.57481e+001  1.04250e+002
            52  9.43710e+001  5.20000e+001 -1.04910e+001  3.57477e+001  1.04333e+002
            53  9.45360e+001  5.30000e+001 -1.04406e+001  3.57474e+001  1.04417e+002
            54  9.46893e+001  5.40000e+001 -1.03897e+001  3.57470e+001  1.04500e+002
            55  9.48456e+001  5.50000e+001 -1.03398e+001  3.57467e+001  1.04583e+002
            56  9.50019e+001  5.60000e+001 -1.03068e+001  3.57463e+001  1.04667e+002
            57  9.51565e+001  5.70000e+001 -1.02674e+001  3.57460e+001  1.04750e+002
            58  9.53048e+001  5.80000e+001 -1.02273e+001  3.57457e+001  1.04833e+002
            59  9.54521e+001  5.90000e+001 -1.01883e+001  3.57454e+001  1.04917e+002
            60  9.56110e+001  6.00000e+001 -1.01616e+001  3.57452e+001  1.05000e+002
            61  9.57529e+001  6.10000e+001 -1.01312e+001  3.57449e+001  1.05083e+002
            62  9.59030e+001  6.20000e+001 -1.01020e+001  3.57446e+001  1.05167e+002
            63  9.60567e+001  6.30000e+001 -1.00740e+001  3.57443e+001  1.05250e+002
            64  9.62024e+001  6.40000e+001 -1.00566e+001  3.57440e+001  1.05333e+002
            65  9.63308e+001  6.50000e+001 -1.00333e+001  3.57436e+001  1.05417e+002
            66  9.64906e+001  6.60000e+001 -1.00095e+001  3.57433e+001  1.05500e+002
            67  9.66427e+001  6.70000e+001 -9.98693e+000  3.57430e+001  1.05583e+002
            68  9.67840e+001  6.80000e+001 -9.97705e+000  3.57428e+001  1.05667e+002
            69  9.69139e+001  6.90000e+001 -9.96112e+000  3.57425e+001  1.05750e+002
            70  9.70564e+001  7.00000e+001 -9.94434e+000  3.57423e+001  1.05833e+002
            71  9.72022e+001  7.10000e+001 -9.92828e+000  3.57420e+001  1.05917e+002
            72  9.73572e+001  7.20000e+001 -9.91937e+000  3.57418e+001  1.06000e+002
            73  9.74874e+001  7.30000e+001 -9.90739e+000  3.57416e+001  1.06083e+002
            74  9.76391e+001  7.40000e+001 -9.89520e+000  3.57414e+001  1.06167e+002
            75  9.77734e+001  7.50000e+001 -9.88407e+000  3.57411e+001  1.06250e+002
            76  9.79122e+001  7.60000e+001 -9.87805e+000  3.57409e+001  1.06333e+002
            77  9.80514e+001  7.70000e+001 -9.86929e+000  3.57407e+001  1.06417e+002
            78  9.81875e+001  7.80000e+001 -9.86086e+000  3.57405e+001  1.06500e+002
            79  9.83286e+001  7.90000e+001 -9.85307e+000  3.57402e+001  1.06583e+002
            80  9.84626e+001  8.00000e+001 -9.85036e+000  3.57400e+001  1.06667e+002
            81  9.85977e+001  8.10000e+001 -9.84487e+000  3.57398e+001  1.06750e+002
            82  9.87343e+001  8.20000e+001 -9.83974e+000  3.57396e+001  1.06833e+002
            83  9.88838e+001  8.30000e+001 -9.83534e+000  3.57394e+001  1.06917e+002
            84  9.89988e+001  8.40000e+001 -9.83528e+000  3.57391e+001  1.07000e+002
            85  9.91365e+001  8.50000e+001 -9.83301e+000  3.57389e+001  1.07083e+002
            86  9.92655e+001  8.60000e+001 -9.83106e+000  3.57387e+001  1.07167e+002
            87  9.93930e+001  8.70000e+001 -9.82890e+000  3.57385e+001  1.07250e+002
            88  9.95293e+001  8.80000e+001 -9.83135e+000  3.57382e+001  1.07333e+002
            89  9.96731e+001  8.90000e+001 -9.83146e+000  3.57380e+001  1.07417e+002
            90  9.98049e+001  9.00000e+001 -9.83146e+000  3.57378e+001  1.07500e+002
            91  9.99333e+001  9.10000e+001 -9.83254e+000  3.57376e+001  1.07583e+002
            92  1.00069e+002  9.20000e+001 -9.83441e+000  3.57374e+001  1.07667e+002
            93  1.00192e+002  9.30000e+001 -9.83557e+000  3.57372e+001  1.07750e+002
            94  1.00331e+002  9.40000e+001 -9.83767e+000  3.57369e+001  1.07833e+002
            95  1.00456e+002  9.50000e+001 -9.84042e+000  3.57367e+001  1.07917e+002
            96  1.00572e+002  9.60000e+001 -9.84285e+000  3.57366e+001  1.08000e+002
            97  1.00724e+002  9.70000e+001 -9.84527e+000  3.57364e+001  1.08083e+002
            98  1.00845e+002  9.80000e+001 -9.84806e+000  3.57362e+001  1.08167e+002
            99  1.00966e+002  9.90000e+001 -9.85091e+000  3.57360e+001  1.08250e+002
           100  1.01093e+002  1.00000e+002 -9.85631e+000  3.57358e+001  1.08333e+002
           101  1.01229e+002  1.01000e+002 -9.86139e+000  3.57356e+001  1.08417e+002
           102  1.01357e+002  1.02000e+002 -9.86615e+000  3.57355e+001  1.08500e+002
           103  1.01471e+002  1.03000e+002 -9.87052e+000  3.57353e+001  1.08583e+002
           104  1.01596e+002  1.04000e+002 -9.87621e+000  3.57351e+001  1.08667e+002
           105  1.01733e+002  1.05000e+002 -9.88123e+000  3.57349e+001  1.08750e+002
           106  1.01848e+002  1.06000e+002 -9.88506e+000  3.57348e+001  1.08833e+002
           107  1.01980e+002  1.07000e+002 -9.88845e+000  3.57346e+001  1.08917e+002
           108  1.02090e+002  1.08000e+002 -9.89274e+000  3.57344e+001  1.09000e+002
           109  1.02227e+002  1.09000e+002 -9.89655e+000  3.57342e+001  1.09083e+002
           110  1.02351e+002  1.10000e+002 -9.90083e+000  3.57340e+001  1.09167e+002
           111  1.02474e+002  1.11000e+002 -9.90598e+000  3.57338e+001  1.09250e+002
           112  1.02586e+002  1.12000e+002 -9.90800e+000  3.57337e+001  1.09333e+002
           113  1.02713e+002  1.13000e+002 -9.91201e+000  3.57336e+001  1.09417e+002
           114  1.02842e+002  1.14000e+002 -9.91739e+000  3.57334e+001  1.09500e+002
           115  1.02956e+002  1.15000e+002 -9.92218e+000  3.57333e+001  1.09583e+002
           116  1.03083e+002  1.16000e+002 -9.92679e+000  3.57332e+001  1.09667e+002
           117  1.03207e+002  1.17000e+002 -9.93171e+000  3.57330e+001  1.09750e+002
           118  1.03330e+002  1.18000e+002 -9.93610e+000  3.57329e+001  1.09833e+002
           119  1.03451e+002  1.19000e+002 -9.94027e+000  3.57327e+001  1.09917e+002
           120  1.03565e+002  1.20000e+002 -9.94642e+000  3.57325e+001  1.10000e+002
           121  1.03679e+002  1.21000e+002 -9.95180e+000  3.57324e+001  1.10083e+002
           122  1.03792e+002  1.22000e+002 -9.95692e+000  3.57323e+001  1.10167e+002
           123  1.03925e+002  1.23000e+002 -9.96179e+000  3.57321e+001  1.10250e+002
           124  1.04031e+002  1.24000e+002 -9.96557e+000  3.57319e+001  1.10333e+002
           125  1.04145e+002  1.25000e+002 -9.96986e+000  3.57318e+001  1.10417e+002
           126  1.04272e+002  1.26000e+002 -9.97442e+000  3.57316e+001  1.10500e+002
           127  1.04387e+002  1.27000e+002 -9.97968e+000  3.57315e+001  1.10583e+002
           128  1.04502e+002  1.28000e+002 -9.98451e+000  3.57313e+001  1.10667e+002
           129  1.04612e+002  1.29000e+002 -9.99065e+000  3.57312e+001  1.10750e+002
           130  1.04722e+002  1.30000e+002 -9.99692e+000  3.57311e+001  1.10833e+002
           131  1.04846e+002  1.31000e+002 -1.00026e+001  3.57309e+001  1.10917e+002
           132  1.04967e+002  1.32000e+002 -1.00080e+001  3.57308e+001  1.11000e+002
           133  1.05076e+002  1.33000e+002 -1.00133e+001  3.57307e+001  1.11083e+002
           134  1.05194e+002  1.34000e+002 -1.00177e+001  3.57306e+001  1.11167e+002
           135  1.05305e+002  1.35000e+002 -1.00221e+001  3.57304e+001  1.11250e+002
           136  1.05422e+002  1.36000e+002 -1.00291e+001  3.57303e+001  1.11333e+002
           137  1.05540e+002  1.37000e+002 -1.00356e+001  3.57302e+001  1.11417e+002
           138  1.05660e+002  1.38000e+002 -1.00414e+001  3.57301e+001  1.11500e+002
           139  1.05773e+002  1.39000e+002 -1.00463e+001  3.57300e+001  1.11583e+002
           140  1.05888e+002  1.40000e+002 -1.00508e+001  3.57299e+001  1.11667e+002
           141  1.06011e+002  1.41000e+002 -1.00562e+001  3.57298e+001  1.11750e+002
           142  1.06121e+002  1.42000e+002 -1.00620e+001  3.57297e+001  1.11833e+002
           143  1.06224e+002  1.43000e+002 -1.00687e+001  3.57296e+001  1.11917e+002
           144  1.06344e+002  1.44000e+002 -1.00759e+001  3.57294e+001  1.12000e+002
           145  1.06448e+002  1.45000e+002 -1.00818e+001  3.57292e+001  1.12083e+002
           146  1.06565e+002  1.46000e+002 -1.00862e+001  3.57291e+001  1.12167e+002
           147  1.06677e+002  1.47000e+002 -1.00910e+001  3.57291e+001  1.12250e+002
           148  1.06783e+002  1.48000e+002 -1.00972e+001  3.57291e+001  1.12333e+002
           149  1.06917e+002  1.49000e+002 -1.01021e+001  3.57290e+001  1.12417e+002
           150  1.07021e+002  1.50000e+002 -1.01072e+001  3.57289e+001  1.12500e+002
           151  1.07126e+002  1.51000e+002 -1.01127e+001  3.57288e+001  1.12583e+002
           152  1.07239e+002  1.52000e+002 -1.01181e+001  3.57286e+001  1.12667e+002
           153  1.07348e+002  1.53000e+002 -1.01228e+001  3.57285e+001  1.12750e+002
           154  1.07458e+002  1.54000e+002 -1.01284e+001  3.57284e+001  1.12833e+002
           155  1.07563e+002  1.55000e+002 -1.01344e+001  3.57283e+001  1.12917e+002
           156  1.07669e+002  1.56000e+002 -1.01396e+001  3.57282e+001  1.13000e+002
           157  1.07780e+002  1.57000e+002 -1.01450e+001  3.57281e+001  1.13083e+002
           158  1.07884e+002  1.58000e+002 -1.01503e+001  3.57280e+001  1.13167e+002
           159  1.07995e+002  1.59000e+002 -1.01558e+001  3.57278e+001  1.13250e+002
           160  1.08096e+002  1.60000e+002 -1.01617e+001  3.57277e+001  1.13333e+002
           161  1.08208e+002  1.61000e+002 -1.01666e+001  3.57275e+001  1.13417e+002
           162  1.08328e+002  1.62000e+002 -1.01723e+001  3.57273e+001  1.13500e+002
           163  1.08426e+002  1.63000e+002 -1.01779e+001  3.57271e+001  1.13583e+002
           164  1.08521e+002  1.64000e+002 -1.01829e+001  3.57269e+001  1.13667e+002
           165  1.08640e+002  1.65000e+002 -1.01875e+001  3.57267e+001  1.13750e+002
           166  1.08741e+002  1.66000e+002 -1.01921e+001  3.57265e+001  1.13833e+002
           167  1.08853e+002  1.67000e+002 -1.01977e+001  3.57263e+001  1.13917e+002
           168  1.08962e+002  1.68000e+002 -1.02008e+001  3.57263e+001  1.14000e+002
           169  1.09073e+002  1.69000e+002 -1.02042e+001  3.57262e+001  1.14083e+002
           170  1.09174e+002  1.70000e+002 -1.02083e+001  3.57261e+001  1.14167e+002
           171  1.09277e+002  1.71000e+002 -1.02134e+001  3.57260e+001  1.14250e+002
           172  1.09391e+002  1.72000e+002 -1.02181e+001  3.57261e+001  1.14333e+002
           173  1.09498e+002  1.73000e+002 -1.02237e+001  3.57260e+001  1.14417e+002
           174  1.09609e+002  1.74000e+002 -1.02300e+001  3.57259e+001  1.14500e+002
           175  1.09708e+002  1.75000e+002 -1.02369e+001  3.57258e+001  1.14583e+002
           176  1.09811e+002  1.76000e+002 -1.02425e+001  3.57256e+001  1.14667e+002
           177  1.09919e+002  1.77000e+002 -1.02474e+001  3.57255e+001  1.14750e+002
           178  1.10015e+002  1.78000e+002 -1.02527e+001  3.57254e+001  1.14833e+002
           179  1.10120e+002  1.79000e+002 -1.02584e+001  3.57253e+001  1.14917e+002
           180  1.10223e+002  1.80000e+002 -1.02667e+001  3.57252e+001  1.15000e+002
           181  1.10338e+002  1.81000e+002 -1.02734e+001  3.57251e+001  1.15083e+002
           182  1.10425e+002  1.82000e+002 -1.02798e+001  3.57251e+001  1.15167e+002
           183  1.10539e+002  1.83000e+002 -1.02853e+001  3.57250e+001  1.15250e+002
           184  1.10638e+002  1.84000e+002 -1.02906e+001  3.57249e+001  1.15333e+002
           185  1.10753e+002  1.85000e+002 -1.02971e+001  3.57248e+001  1.15417e+002
           186  1.10854e+002  1.86000e+002 -1.03033e+001  3.57247e+001  1.15500e+002
           187  1.10953e+002  1.87000e+002 -1.03090e+001  3.57246e+001  1.15583e+002
           188  1.11058e+002  1.88000e+002 -1.03138e+001  3.57244e+001  1.15667e+002
           189  1.11159e+002  1.89000e+002 -1.03193e+001  3.57242e+001  1.15750e+002
           190  1.11274e+002  1.90000e+002 -1.03247e+001  3.57241e+001  1.15833e+002
           191  1.11373e+002  1.91000e+002 -1.03302e+001  3.57241e+001  1.15917e+002
           192  1.11472e+002  1.92000e+002 -1.03354e+001  3.57240e+001  1.16000e+002
           193  1.11579e+002  1.93000e+002 -1.03412e+001  3.57239e+001  1.16083e+002
           194  1.11674e+002  1.94000e+002 -1.03469e+001  3.57238e+001  1.16167e+002
           195  1.11782e+002  1.95000e+002 -1.03534e+001  3.57237e+001  1.16250e+002
           196  1.11895e+002  1.96000e+002 -1.03581e+001  3.57235e+001  1.16333e+002
           197  1.11981e+002  1.97000e+002 -1.03627e+001  3.57234e+001  1.16417e+002
           198  1.12083e+002  1.98000e+002 -1.03682e+001  3.57233e+001  1.16500e+002
           199  1.12194e+002  1.99000e+002 -1.03748e+001  3.57232e+001  1.16583e+002
           200  1.12289e+002  2.00000e+002 -1.03836e+001  3.57231e+001  1.16667e+002
           201  1.12382e+002  2.01000e+002 -1.03918e+001  3.57231e+001  1.16750e+002
           202  1.12503e+002  2.02000e+002 -1.03997e+001  3.57231e+001  1.16833e+002
           203  1.12597e+002  2.03000e+002 -1.04073e+001  3.57230e+001  1.16917e+002
           204  1.12701e+002  2.04000e+002 -1.04143e+001  3.57230e+001  1.17000e+002
           205  1.12807e+002  2.05000e+002 -1.04206e+001  3.57230e+001  1.17083e+002
           206  1.12901e+002  2.06000e+002 -1.04277e+001  3.57230e+001  1.17167e+002
           207  1.12990e+002  2.07000e+002 -1.04357e+001  3.57229e+001  1.17250e+002
           208  1.13099e+002  2.08000e+002 -1.04458e+001  3.57228e+001  1.17333e+002
           209  1.13191e+002  2.09000e+002 -1.04541e+001  3.57227e+001  1.17417e+002
           210  1.13292e+002  2.10000e+002 -1.04615e+001  3.57225e+001  1.17500e+002
           211  1.13395e+002  2.11000e+002 -1.04686e+001  3.57224e+001  1.17583e+002
           212  1.13483e+002  2.12000e+002 -1.04729e+001  3.57223e+001  1.17667e+002
           213  1.13591e+002  2.13000e+002 -1.04796e+001  3.57222e+001  1.17750e+002
           214  1.13689e+002  2.14000e+002 -1.04872e+001  3.57221e+001  1.17833e+002
           215  1.13789e+002  2.15000e+002 -1.04945e+001  3.57220e+001  1.17917e+002
           216  1.13886e+002  2.16000e+002 -1.05016e+001  3.57220e+001  1.18000e+002
           217  1.13978e+002  2.17000e+002 -1.05078e+001  3.57219e+001  1.18083e+002
           218  1.14088e+002  2.18000e+002 -1.05140e+001  3.57218e+001  1.18167e+002
           219  1.14184e+002  2.19000e+002 -1.05215e+001  3.57217e+001  1.18250e+002
           220  1.14285e+002  2.20000e+002 -1.05272e+001  3.57215e+001  1.18333e+002
           221  1.14382e+002  2.21000e+002 -1.05335e+001  3.57214e+001  1.18417e+002
           222  1.14475e+002  2.22000e+002 -1.05395e+001  3.57213e+001  1.18500e+002
           223  1.14583e+002  2.23000e+002 -1.05451e+001  3.57212e+001  1.18583e+002
           224  1.14680e+002  2.24000e+002 -1.05511e+001  3.57211e+001  1.18667e+002
           225  1.14764e+002  2.25000e+002 -1.05580e+001  3.57210e+001  1.18750e+002
           226  1.14896e+002  2.26000e+002 -1.05649e+001  3.57208e+001  1.18833e+002
           227  1.14976e+002  2.27000e+002 -1.05720e+001  3.57207e+001  1.18917e+002
           228  1.15081e+002  2.28000e+002 -1.05809e+001  3.57205e+001  1.19000e+002
           229  1.15174e+002  2.29000e+002 -1.05889e+001  3.57204e+001  1.19083e+002
           230  1.15261e+002  2.30000e+002 -1.05970e+001  3.57203e+001  1.19167e+002
           231  1.15358e+002  2.31000e+002 -1.06041e+001  3.57202e+001  1.19250e+002
           232  1.15457e+002  2.32000e+002 -1.06106e+001  3.57201e+001  1.19333e+002
           233  1.15543e+002  2.33000e+002 -1.06178e+001  3.57201e+001  1.19417e+002
           234  1.15647e+002  2.34000e+002 -1.06247e+001  3.57201e+001  1.19500e+002
           235  1.15746e+002  2.35000e+002 -1.06315e+001  3.57200e+001  1.19583e+002
           236  1.15846e+002  2.36000e+002 -1.06400e+001  3.57200e+001  1.19667e+002
           237  1.15934e+002  2.37000e+002 -1.06483e+001  3.57200e+001  1.19750e+002
           238  1.16028e+002  2.38000e+002 -1.06563e+001  3.57200e+001  1.19833e+002
           239  1.16113e+002  2.39000e+002 -1.06648e+001  3.57200e+001  1.19917e+002
           240  1.16236e+002  2.40000e+002 -1.06732e+001  3.57200e+001  1.20000e+002
           241  1.16309e+002  2.41000e+002 -1.06818e+001  3.57200e+001  1.20083e+002
           242  1.16416e+002  2.42000e+002 -1.06907e+001  3.57200e+001  1.20167e+002
           243  1.16521e+002  2.43000e+002 -1.06996e+001  3.57199e+001  1.20250e+002
           244  1.16611e+002  2.44000e+002 -1.07078e+001  3.57198e+001  1.20333e+002
           245  1.16703e+002  2.45000e+002 -1.07163e+001  3.57197e+001  1.20417e+002
           246  1.16804e+002  2.46000e+002 -1.07256e+001  3.57195e+001  1.20500e+002
           247  1.16890e+002  2.47000e+002 -1.07352e+001  3.57194e+001  1.20583e+002
           248  1.16992e+002  2.48000e+002 -1.07473e+001  3.57193e+001  1.20667e+002
           249  1.17081e+002  2.49000e+002 -1.07568e+001  3.57192e+001  1.20750e+002
           250  1.17182e+002  2.50000e+002 -1.07667e+001  3.57191e+001  1.20833e+002
           251  1.17275e+002  2.51000e+002 -1.07772e+001  3.57191e+001  1.20917e+002
           252  1.17368e+002  2.52000e+002 -1.07874e+001  3.57191e+001  1.21000e+002
           253  1.17465e+002  2.53000e+002 -1.07982e+001  3.57190e+001  1.21083e+002
           254  1.17559e+002  2.54000e+002 -1.08088e+001  3.57190e+001  1.21167e+002
           255  1.17656e+002  2.55000e+002 -1.08190e+001  3.57190e+001  1.21250e+002
           256  1.17743e+002  2.56000e+002 -1.08325e+001  3.57190e+001  1.21333e+002
           257  1.17843e+002  2.57000e+002 -1.08443e+001  3.57190e+001  1.21417e+002
           258  1.17932e+002  2.58000e+002 -1.08559e+001  3.57190e+001  1.21500e+002
           259  1.18025e+002  2.59000e+002 -1.08665e+001  3.57189e+001  1.21583e+002
           260  1.18114e+002  2.60000e+002 -1.08794e+001  3.57188e+001  1.21667e+002
           261  1.18204e+002  2.61000e+002 -1.08910e+001  3.57187e+001  1.21750e+002
           262  1.18312e+002  2.62000e+002 -1.09015e+001  3.57185e+001  1.21833e+002
           263  1.18409e+002  2.63000e+002 -1.09116e+001  3.57184e+001  1.21917e+002
           264  1.18507e+002  2.64000e+002 -1.09215e+001  3.57183e+001  1.22000e+002
           265  1.18585e+002  2.65000e+002 -1.09328e+001  3.57181e+001  1.22083e+002
           266  1.18689e+002  2.66000e+002 -1.09442e+001  3.57179e+001  1.22167e+002
           267  1.18781e+002  2.67000e+002 -1.09551e+001  3.57177e+001  1.22250e+002
           268  1.18869e+002  2.68000e+002 -1.09679e+001  3.57176e+001  1.22333e+002
           269  1.18963e+002  2.69000e+002 -1.09800e+001  3.57174e+001  1.22417e+002
           270  1.19063e+002  2.70000e+002 -1.09906e+001  3.57173e+001  1.22500e+002
           271  1.19147e+002  2.71000e+002 -1.10005e+001  3.57172e+001  1.22583e+002
           272  1.19257e+002  2.72000e+002 -1.10108e+001  3.57172e+001  1.22667e+002
           273  1.19329e+002  2.73000e+002 -1.10197e+001  3.57171e+001  1.22750e+002
           274  1.19433e+002  2.74000e+002 -1.10290e+001  3.57169e+001  1.22833e+002
           275  1.19523e+002  2.75000e+002 -1.10384e+001  3.57168e+001  1.22917e+002
           276  1.19607e+002  2.76000e+002 -1.10474e+001  3.57167e+001  1.23000e+002
           277  1.19704e+002  2.77000e+002 -1.10563e+001  3.57165e+001  1.23083e+002
           278  1.19794e+002  2.78000e+002 -1.10657e+001  3.57164e+001  1.23167e+002
           279  1.19906e+002  2.79000e+002 -1.10756e+001  3.57163e+001  1.23250e+002
           280  1.19983e+002  2.80000e+002 -1.10832e+001  3.57162e+001  1.23333e+002
           281  1.20085e+002  2.81000e+002 -1.10931e+001  3.57161e+001  1.23417e+002
           282  1.20169e+002  2.82000e+002 -1.11036e+001  3.57161e+001  1.23500e+002
           283  1.20267e+002  2.83000e+002 -1.11145e+001  3.57160e+001  1.23583e+002
           284  1.20352e+002  2.84000e+002 -1.11286e+001  3.57160e+001  1.23667e+002
           285  1.20452e+002  2.85000e+002 -1.11395e+001  3.57160e+001  1.23750e+002
           286  1.20531e+002  2.86000e+002 -1.11498e+001  3.57160e+001  1.23833e+002
           287  1.20628e+002  2.87000e+002 -1.11601e+001  3.57160e+001  1.23917e+002
           288  1.20729e+002  2.88000e+002 -1.11723e+001  3.57160e+001  1.24000e+002
           289  1.20813e+002  2.89000e+002 -1.11832e+001  3.57159e+001  1.24083e+002
           290  1.20909e+002  2.90000e+002 -1.11936e+001  3.57158e+001  1.24167e+002
           291  1.20997e+002  2.91000e+002 -1.12043e+001  3.57157e+001  1.24250e+002
           292  1.21082e+002  2.92000e+002 -1.12132e+001  3.57155e+001  1.24333e+002
           293  1.21183e+002  2.93000e+002 -1.12232e+001  3.57154e+001  1.24417e+002
           294  1.21280e+002  2.94000e+002 -1.12340e+001  3.57153e+001  1.24500e+002
           295  1.21375e+002  2.95000e+002 -1.12448e+001  3.57152e+001  1.24583e+002
           296  1.21466e+002  2.96000e+002 -1.12541e+001  3.57151e+001  1.24667e+002
           297  1.21551e+002  2.97000e+002 -1.12634e+001  3.57151e+001  1.24750e+002
           298  1.21642e+002  2.98000e+002 -1.12738e+001  3.57151e+001  1.24833e+002
           299  1.21732e+002  2.99000e+002 -1.12834e+001  3.57150e+001  1.24917e+002
           300  1.21812e+002  3.00000e+002 -1.12927e+001  3.57150e+001  1.25000e+002
           301  1.21908e+002  3.01000e+002 -1.13020e+001  3.57150e+001  1.25083e+002
           302  1.21996e+002  3.02000e+002 -1.13111e+001  3.57150e+001  1.25167e+002
           303  1.22086e+002  3.03000e+002 -1.13187e+001  3.57149e+001  1.25250e+002
           304  1.22186e+002  3.04000e+002 -1.13278e+001  3.57148e+001  1.25333e+002
           305  1.22267e+002  3.05000e+002 -1.13374e+001  3.57147e+001  1.25417e+002
           306  1.22364e+002  3.06000e+002 -1.13468e+001  3.57145e+001  1.25500e+002
           307  1.22448e+002  3.07000e+002 -1.13563e+001  3.57144e+001  1.25583e+002
           308  1.22561e+002  3.08000e+002 -1.13641e+001  3.57143e+001  1.25667e+002
           309  1.22642e+002  3.09000e+002 -1.13742e+001  3.57142e+001  1.25750e+002
           310  1.22722e+002  3.10000e+002 -1.13852e+001  3.57141e+001  1.25833e+002
           311  1.22810e+002  3.11000e+002 -1.13961e+001  3.57141e+001  1.25917e+002
           312  1.22911e+002  3.12000e+002 -1.14078e+001  3.57141e+001  1.26000e+002
           313  1.23001e+002  3.13000e+002 -1.14188e+001  3.57140e+001  1.26083e+002
           314  1.23087e+002  3.14000e+002 -1.14297e+001  3.57140e+001  1.26167e+002
           315  1.23179e+002  3.15000e+002 -1.14402e+001  3.57140e+001  1.26250e+002
           316  1.23267e+002  3.16000e+002 -1.14539e+001  3.57140e+001  1.26333e+002
           317  1.23355e+002  3.17000e+002 -1.14654e+001  3.57140e+001  1.26417e+002
           318  1.23447e+002  3.18000e+002 -1.14760e+001  3.57139e+001  1.26500e+002
           319  1.23524e+002  3.19000e+002 -1.14863e+001  3.57138e+001  1.26583e+002
           320  1.23619e+002  3.20000e+002 -1.14963e+001  3.57136e+001  1.26667e+002
           321  1.23707e+002  3.21000e+002 -1.15069e+001  3.57135e+001  1.26750e+002
           322  1.23813e+002  3.22000e+002 -1.15170e+001  3.57134e+001  1.26833e+002
           323  1.23889e+002  3.23000e+002 -1.15266e+001  3.57133e+001  1.26917e+002
           324  1.23985e+002  3.24000e+002 -1.15357e+001  3.57132e+001  1.27000e+002
           325  1.24069e+002  3.25000e+002 -1.15471e+001  3.57131e+001  1.27083e+002
           326  1.24153e+002  3.26000e+002 -1.15590e+001  3.57131e+001  1.27167e+002
           327  1.24257e+002  3.27000e+002 -1.15705e+001  3.57130e+001  1.27250e+002
           328  1.24347e+002  3.28000e+002 -1.15808e+001  3.57130e+001  1.27333e+002
           329  1.24428e+002  3.29000e+002 -1.15922e+001  3.57130e+001  1.27417e+002
           330  1.24515e+002  3.30000e+002 -1.16034e+001  3.57130e+001  1.27500e+002
           331  1.24616e+002  3.31000e+002 -1.16142e+001  3.57130e+001  1.27583e+002
           332  1.24709e+002  3.32000e+002 -1.16253e+001  3.57130e+001  1.27667e+002
           333  1.24785e+002  3.33000e+002 -1.16355e+001  3.57129e+001  1.27750e+002
           334  1.24875e+002  3.34000e+002 -1.16464e+001  3.57128e+001  1.27833e+002
           335  1.24958e+002  3.35000e+002 -1.16570e+001  3.57127e+001  1.27917e+002
           336  1.25056e+002  3.36000e+002 -1.16682e+001  3.57125e+001  1.28000e+002
           337  1.25147e+002  3.37000e+002 -1.16791e+001  3.57124e+001  1.28083e+002
           338  1.25221e+002  3.38000e+002 -1.16901e+001  3.57123e+001  1.28167e+002
           339  1.25320e+002  3.39000e+002 -1.17003e+001  3.57122e+001  1.28250e+002
           340  1.25385e+002  3.40000e+002 -1.17082e+001  3.57121e+001  1.28333e+002
           341  1.25495e+002  3.41000e+002 -1.17188e+001  3.57121e+001  1.28417e+002
           342  1.25584e+002  3.42000e+002 -1.17304e+001  3.57121e+001  1.28500e+002
           343  1.25675e+002  3.43000e+002 -1.17420e+001  3.57120e+001  1.28583e+002
           344  1.25759e+002  3.44000e+002 -1.17526e+001  3.57120e+001  1.28667e+002
           345  1.25854e+002  3.45000e+002 -1.17629e+001  3.57120e+001  1.28750e+002
           346  1.25941e+002  3.46000e+002 -1.17736e+001  3.57119e+001  1.28833e+002
           347  1.26020e+002  3.47000e+002 -1.17844e+001  3.57118e+001  1.28917e+002
           348  1.26121e+002  3.48000e+002 -1.17952e+001  3.57116e+001  1.29000e+002
           349  1.26203e+002  3.49000e+002 -1.18061e+001  3.57115e+001  1.29083e+002
           350  1.26281e+002  3.50000e+002 -1.18166e+001  3.57114e+001  1.29167e+002
           351  1.26365e+002  3.51000e+002 -1.18266e+001  3.57113e+001  1.29250e+002
           352  1.26465e+002  3.52000e+002 -1.18364e+001  3.57112e+001  1.29333e+002
           353  1.26553e+002  3.53000e+002 -1.18467e+001  3.57111e+001  1.29417e+002
           354  1.26633e+002  3.54000e+002 -1.18578e+001  3.57111e+001  1.29500e+002
           355  1.26720e+002  3.55000e+002 -1.18685e+001  3.57110e+001  1.29583e+002
           356  1.26806e+002  3.56000e+002 -1.18800e+001  3.57110e+001  1.29667e+002
           357  1.26901e+002  3.57000e+002 -1.18910e+001  3.57110e+001  1.29750e+002
           358  1.26990e+002  3.58000e+002 -1.19021e+001  3.57110e+001  1.29833e+002
           359  1.27066e+002  3.59000e+002 -1.19132e+001  3.57109e+001  1.29917e+002
           360  1.27163e+002  3.60000e+002 -1.19240e+001  3.57108e+001  1.30000e+002
           361  1.27253e+002  3.61000e+002 -1.19363e+001  3.57107e+001  1.30083e+002
           362  1.27336e+002  3.62000e+002 -1.19468e+001  3.57105e+001  1.30167e+002
           363  1.27437e+002  3.63000e+002 -1.19563e+001  3.57104e+001  1.30250e+002
           364  1.27513e+002  3.64000e+002 -1.19706e+001  3.57103e+001  1.30333e+002
           365  1.27601e+002  3.65000e+002 -1.19830e+001  3.57102e+001  1.30417e+002
           366  1.27694e+002  3.66000e+002 -1.19950e+001  3.57101e+001  1.30500e+002
           367  1.27781e+002  3.67000e+002 -1.20079e+001  3.57100e+001  1.30583e+002
           368  1.27863e+002  3.68000e+002 -1.20217e+001  3.57101e+001  1.30667e+002
           369  1.27949e+002  3.69000e+002 -1.20342e+001  3.57100e+001  1.30750e+002
           370  1.28035e+002  3.70000e+002 -1.20456e+001  3.57100e+001  1.30833e+002
           371  1.28139e+002  3.71000e+002 -1.20568e+001  3.57100e+001  1.30917e+002
           372  1.28214e+002  3.72000e+002 -1.20695e+001  3.57100e+001  1.31000e+002
           373  1.28295e+002  3.73000e+002 -1.20811e+001  3.57099e+001  1.31083e+002
           374  1.28381e+002  3.74000e+002 -1.20917e+001  3.57098e+001  1.31167e+002
           375  1.28459e+002  3.75000e+002 -1.21018e+001  3.57097e+001  1.31250e+002
           376  1.28545e+002  3.76000e+002 -1.21130e+001  3.57095e+001  1.31333e+002
           377  1.28636e+002  3.77000e+002 -1.21235e+001  3.57094e+001  1.31417e+002
           378  1.28722e+002  3.78000e+002 -1.21344e+001  3.57093e+001  1.31500e+002
           379  1.28816e+002  3.79000e+002 -1.21451e+001  3.57092e+001  1.31583e+002
           380  1.28903e+002  3.80000e+002 -1.21526e+001  3.57091e+001  1.31667e+002
           381  1.28983e+002  3.81000e+002 -1.21620e+001  3.57091e+001  1.31750e+002
           382  1.29077e+002  3.82000e+002 -1.21722e+001  3.57091e+001  1.31833e+002
           383  1.29158e+002  3.83000e+002 -1.21831e+001  3.57090e+001  1.31917e+002
           384  1.29243e+002  3.84000e+002 -1.21938e+001  3.57090e+001  1.32000e+002
           385  1.29329e+002  3.85000e+002 -1.22052e+001  3.57090e+001  1.32083e+002
           386  1.29415e+002  3.86000e+002 -1.22168e+001  3.57089e+001  1.32167e+002
           387  1.29504e+002  3.87000e+002 -1.22283e+001  3.57088e+001  1.32250e+002
           388  1.29590e+002  3.88000e+002 -1.22431e+001  3.57086e+001  1.32333e+002
           389  1.29671e+002  3.89000e+002 -1.22552e+001  3.57085e+001  1.32417e+002
           390  1.29761e+002  3.90000e+002 -1.22668e+001  3.57084e+001  1.32500e+002
           391  1.29840e+002  3.91000e+002 -1.22778e+001  3.57083e+001  1.32583e+002
           392  1.29921e+002  3.92000e+002 -1.22925e+001  3.57082e+001  1.32667e+002
           393  1.30023e+002  3.93000e+002 -1.23050e+001  3.57081e+001  1.32750e+002
           394  1.30104e+002  3.94000e+002 -1.23175e+001  3.57081e+001  1.32833e+002
           395  1.30176e+002  3.95000e+002 -1.23309e+001  3.57080e+001  1.32917e+002
           396  1.30276e+002  3.96000e+002 -1.23405e+001  3.57080e+001  1.33000e+002
           397  1.30358e+002  3.97000e+002 -1.23514e+001  3.57080e+001  1.33083e+002
           398  1.30455e+002  3.98000e+002 -1.23612e+001  3.57079e+001  1.33167e+002
           399  1.30529e+002  3.99000e+002 -1.23713e+001  3.57078e+001  1.33250e+002
           400  1.30618e+002  4.00000e+002 -1.23823e+001  3.57076e+001  1.33333e+002
           401  1.30695e+002  4.01000e+002 -1.23932e+001  3.57075e+001  1.33417e+002
           402  1.30782e+002  4.02000e+002 -1.24046e+001  3.57074e+001  1.33500e+002
           403  1.30862e+002  4.03000e+002 -1.24166e+001  3.57073e+001  1.33583e+002
           404  1.30956e+002  4.04000e+002 -1.24277e+001  3.57072e+001  1.33667e+002
           405  1.31037e+002  4.05000e+002 -1.24385e+001  3.57071e+001  1.33750e+002
           406  1.31121e+002  4.06000e+002 -1.24496e+001  3.57071e+001  1.33833e+002
           407  1.31220e+002  4.07000e+002 -1.24616e+001  3.57070e+001  1.33917e+002
           408  1.31298e+002  4.08000e+002 -1.24752e+001  3.57070e+001  1.34000e+002
           409  1.31379e+002  4.09000e+002 -1.24880e+001  3.57070e+001  1.34083e+002
           410  1.31467e+002  4.10000e+002 -1.25006e+001  3.57070e+001  1.34167e+002
           411  1.31545e+002  4.11000e+002 -1.25132e+001  3.57070e+001  1.34250e+002
           412  1.31622e+002  4.12000e+002 -1.25281e+001  3.57069e+001  1.34333e+002
           413  1.31710e+002  4.13000e+002 -1.25421e+001  3.57068e+001  1.34417e+002
           414  1.31798e+002  4.14000e+002 -1.25553e+001  3.57067e+001  1.34500e+002
           415  1.31883e+002  4.15000e+002 -1.25682e+001  3.57066e+001  1.34583e+002
           416  1.31961e+002  4.16000e+002 -1.25823e+001  3.57064e+001  1.34667e+002
           417  1.32048e+002  4.17000e+002 -1.25961e+001  3.57062e+001  1.34750e+002
           418  1.32136e+002  4.18000e+002 -1.26099e+001  3.57061e+001  1.34833e+002
           419  1.32214e+002  4.19000e+002 -1.26230e+001  3.57061e+001  1.34917e+002
           420  1.32303e+002  4.20000e+002 -1.26363e+001  3.57061e+001  1.35000e+002
           421  1.32389e+002  4.21000e+002 -1.26499e+001  3.57061e+001  1.35083e+002
           422  1.32473e+002  4.22000e+002 -1.26635e+001  3.57060e+001  1.35167e+002
           423  1.32565e+002  4.23000e+002 -1.26767e+001  3.57060e+001  1.35250e+002
           424  1.32655e+002  4.24000e+002 -1.26896e+001  3.57060e+001  1.35333e+002
           425  1.32730e+002  4.25000e+002 -1.27041e+001  3.57060e+001  1.35417e+002
           426  1.32808e+002  4.26000e+002 -1.27191e+001  3.57060e+001  1.35500e+002
           427  1.32890e+002  4.27000e+002 -1.27345e+001  3.57060e+001  1.35583e+002
           428  1.32983e+002  4.28000e+002 -1.27485e+001  3.57060e+001  1.35667e+002
           429  1.33063e+002  4.29000e+002 -1.27628e+001  3.57060e+001  1.35750e+002
           430  1.33143e+002  4.30000e+002 -1.27770e+001  3.57060e+001  1.35833e+002
           431  1.33232e+002  4.31000e+002 -1.27914e+001  3.57060e+001  1.35917e+002
           432  1.33329e+002  4.32000e+002 -1.28062e+001  3.57060e+001  1.36000e+002
           433  1.33405e+002  4.33000e+002 -1.28218e+001  3.57060e+001  1.36083e+002
           434  1.33484e+002  4.34000e+002 -1.28369e+001  3.57060e+001  1.36167e+002
           435  1.33562e+002  4.35000e+002 -1.28514e+001  3.57060e+001  1.36250e+002
           436  1.33660e+002  4.36000e+002 -1.28645e+001  3.57060e+001  1.36333e+002
           437  1.33743e+002  4.37000e+002 -1.28785e+001  3.57060e+001  1.36417e+002
           438  1.33835e+002  4.38000e+002 -1.28926e+001  3.57060e+001  1.36500e+002
           439  1.33925e+002  4.39000e+002 -1.29063e+001  3.57059e+001  1.36583e+002
           440  1.34006e+002  4.40000e+002 -1.29210e+001  3.57058e+001  1.36667e+002
           441  1.34079e+002  4.41000e+002 -1.29358e+001  3.57057e+001  1.36750e+002
           442  1.34170e+002  4.42000e+002 -1.29509e+001  3.57055e+001  1.36833e+002
           443  1.34246e+002  4.43000e+002 -1.29659e+001  3.57054e+001  1.36917e+002
           444  1.34346e+002  4.44000e+002 -1.29794e+001  3.57053e+001  1.37000e+002
           445  1.34426e+002  4.45000e+002 -1.29935e+001  3.57052e+001  1.37083e+002
           446  1.34506e+002  4.46000e+002 -1.30084e+001  3.57051e+001  1.37167e+002
           447  1.34590e+002  4.47000e+002 -1.30237e+001  3.57051e+001  1.37250e+002
           448  1.34678e+002  4.48000e+002 -1.30386e+001  3.57051e+001  1.37333e+002
           449  1.34752e+002  4.49000e+002 -1.30527e+001  3.57050e+001  1.37417e+002
           450  1.34832e+002  4.50000e+002 -1.30665e+001  3.57050e+001  1.37500e+002
           451  1.34930e+002  4.51000e+002 -1.30805e+001  3.57050e+001  1.37583e+002
           452  1.35013e+002  4.52000e+002 -1.30966e+001  3.57050e+001  1.37667e+002
           453  1.35095e+002  4.53000e+002 -1.31119e+001  3.57050e+001  1.37750e+002
           454  1.35172e+002  4.54000e+002 -1.31264e+001  3.57050e+001  1.37833e+002
           455  1.35259e+002  4.55000e+002 -1.31400e+001  3.57050e+001  1.37917e+002
           456  1.35345e+002  4.56000e+002 -1.31528e+001  3.57050e+001  1.38000e+002
           457  1.35432e+002  4.57000e+002 -1.31672e+001  3.57050e+001  1.38083e+002
           458  1.35522e+002  4.58000e+002 -1.31819e+001  3.57050e+001  1.38167e+002
           459  1.35598e+002  4.59000e+002 -1.31963e+001  3.57050e+001  1.38250e+002
           460  1.35682e+002  4.60000e+002 -1.32130e+001  3.57050e+001  1.38333e+002
           461  1.35788e+002  4.61000e+002 -1.32289e+001  3.57050e+001  1.38417e+002
           462  1.35860e+002  4.62000e+002 -1.32439e+001  3.57050e+001  1.38500e+002
           463  1.35948e+002  4.63000e+002 -1.32577e+001  3.57050e+001  1.38583e+002
           464  1.36041e+002  4.64000e+002 -1.32704e+001  3.57049e+001  1.38667e+002
           465  1.36117e+002  4.65000e+002 -1.32850e+001  3.57048e+001  1.38750e+002
           466  1.36196e+002  4.66000e+002 -1.32996e+001  3.57047e+001  1.38833e+002
           467  1.36288e+002  4.67000e+002 -1.33142e+001  3.57046e+001  1.38917e+002
           468  1.36363e+002  4.68000e+002 -1.33302e+001  3.57044e+001  1.39000e+002
           469  1.36441e+002  4.69000e+002 -1.33450e+001  3.57042e+001  1.39083e+002
           470  1.36537e+002  4.70000e+002 -1.33594e+001  3.57041e+001  1.39167e+002
           471  1.36632e+002  4.71000e+002 -1.33747e+001  3.57041e+001  1.39250e+002
           472  1.36713e+002  4.72000e+002 -1.33900e+001  3.57041e+001  1.39333e+002
           473  1.36804e+002  4.73000e+002 -1.34063e+001  3.57040e+001  1.39417e+002
           474  1.36876e+002  4.74000e+002 -1.34215e+001  3.57040e+001  1.39500e+002
           475  1.36963e+002  4.75000e+002 -1.34360e+001  3.57040e+001  1.39583e+002
           476  1.37043e+002  4.76000e+002 -1.34517e+001  3.57040e+001  1.39667e+002
           477  1.37132e+002  4.77000e+002 -1.34657e+001  3.57040e+001  1.39750e+002
           478  1.37208e+002  4.78000e+002 -1.34789e+001  3.57040e+001  1.39833e+002
           479  1.37294e+002  4.79000e+002 -1.34924e+001  3.57040e+001  1.39917e+002
           480  1.37384e+002  4.80000e+002 -1.35078e+001  3.57040e+001  1.40000e+002
           481  1.37461e+002  4.81000e+002 -1.35225e+001  3.57040e+001  1.40083e+002
           482  1.37545e+002  4.82000e+002 -1.35365e+001  3.57040e+001  1.40167e+002
           483  1.37628e+002  4.83000e+002 -1.35508e+001  3.57040e+001  1.40250e+002
           484  1.37716e+002  4.84000e+002 -1.35621e+001  3.57040e+001  1.40333e+002
           485  1.37803e+002  4.85000e+002 -1.35761e+001  3.57040e+001  1.40417e+002
           486  1.37888e+002  4.86000e+002 -1.35909e+001  3.57040e+001  1.40500e+002
           487  1.37966e+002  4.87000e+002 -1.36063e+001  3.57040e+001  1.40583e+002
           488  1.38059e+002  4.88000e+002 -1.36228e+001  3.57040e+001  1.40667e+002
           489  1.38145e+002  4.89000e+002 -1.36386e+001  3.57040e+001  1.40750e+002
           490  1.38223e+002  4.90000e+002 -1.36536e+001  3.57040e+001  1.40833e+002
           491  1.38316e+002  4.91000e+002 -1.36683e+001  3.57040e+001  1.40917e+002
           492  1.38396e+002  4.92000e+002 -1.36850e+001  3.57040e+001  1.41000e+002
           493  1.38479e+002  4.93000e+002 -1.37003e+001  3.57040e+001  1.41083e+002
           494  1.38564e+002  4.94000e+002 -1.37164e+001  3.57040e+001  1.41167e+002
           495  1.38648e+002  4.95000e+002 -1.37327e+001  3.57040e+001  1.41250e+002
           496  1.38729e+002  4.96000e+002 -1.37491e+001  3.57040e+001  1.41333e+002
           497  1.38812e+002  4.97000e+002 -1.37659e+001  3.57040e+001  1.41417e+002
           498  1.38897e+002  4.98000e+002 -1.37827e+001  3.57040e+001  1.41500e+002
           499  1.38991e+002  4.99000e+002 -1.37993e+001  3.57040e+001  1.41583e+002
           500  1.39067e+002  5.00000e+002 -1.38147e+001  3.57040e+001  1.41667e+002
           501  1.39168e+002  5.01000e+002 -1.38296e+001  3.57040e+001  1.41750e+002
           502  1.39250e+002  5.02000e+002 -1.38449e+001  3.57040e+001  1.41833e+002
           503  1.39330e+002  5.03000e+002 -1.38608e+001  3.57039e+001  1.41917e+002
           504  1.39422e+002  5.04000e+002 -1.38777e+001  3.57038e+001  1.42000e+002
           505  1.39507e+002  5.05000e+002 -1.38935e+001  3.57037e+001  1.42083e+002
           506  1.39590e+002  5.06000e+002 -1.39087e+001  3.57035e+001  1.42167e+002
           507  1.39665e+002  5.07000e+002 -1.39238e+001  3.57034e+001  1.42250e+002
           508  1.39743e+002  5.08000e+002 -1.39365e+001  3.57033e+001  1.42333e+002
           509  1.39827e+002  5.09000e+002 -1.39514e+001  3.57032e+001  1.42417e+002
           510  1.39914e+002  5.10000e+002 -1.39673e+001  3.57031e+001  1.42500e+002
           511  1.39999e+002  5.11000e+002 -1.39838e+001  3.57030e+001  1.42583e+002
           512  1.40087e+002  5.12000e+002 -1.40001e+001  3.57031e+001  1.42667e+002
           513  1.40168e+002  5.13000e+002 -1.40154e+001  3.57030e+001  1.42750e+002
           514  1.40266e+002  5.14000e+002 -1.40307e+001  3.57030e+001  1.42833e+002
           515  1.40340e+002  5.15000e+002 -1.40459e+001  3.57030e+001  1.42917e+002
           516  1.40417e+002  5.16000e+002 -1.40611e+001  3.57029e+001  1.43000e+002
           517  1.40507e+002  5.17000e+002 -1.40756e+001  3.57028e+001  1.43083e+002
           518  1.40583e+002  5.18000e+002 -1.40902e+001  3.57027e+001  1.43167e+002
           519  1.40673e+002  5.19000e+002 -1.41051e+001  3.57026e+001  1.43250e+002
           520  1.40756e+002  5.20000e+002 -1.41208e+001  3.57024e+001  1.43333e+002
           521  1.40843e+002  5.21000e+002 -1.41364e+001  3.57022e+001  1.43417e+002
           522  1.40927e+002  5.22000e+002 -1.41518e+001  3.57021e+001  1.43500e+002
           523  1.41019e+002  5.23000e+002 -1.41668e+001  3.57021e+001  1.43583e+002
           524  1.41098e+002  5.24000e+002 -1.41803e+001  3.57021e+001  1.43667e+002
           525  1.41182e+002  5.25000e+002 -1.41949e+001  3.57020e+001  1.43750e+002
           526  1.41274e+002  5.26000e+002 -1.42095e+001  3.57020e+001  1.43833e+002
           527  1.41349e+002  5.27000e+002 -1.42235e+001  3.57020e+001  1.43917e+002
           528  1.41430e+002  5.28000e+002 -1.42398e+001  3.57020e+001  1.44000e+002
           529  1.41515e+002  5.29000e+002 -1.42550e+001  3.57020e+001  1.44083e+002
           530  1.41608e+002  5.30000e+002 -1.42691e+001  3.57020e+001  1.44167e+002
           531  1.41692e+002  5.31000e+002 -1.42831e+001  3.57020e+001  1.44250e+002
           532  1.41785e+002  5.32000e+002 -1.42982e+001  3.57020e+001  1.44333e+002
           533  1.41865e+002  5.33000e+002 -1.43144e+001  3.57020e+001  1.44417e+002
           534  1.41943e+002  5.34000e+002 -1.43313e+001  3.57020e+001  1.44500e+002
           535  1.42023e+002  5.35000e+002 -1.43485e+001  3.57020e+001  1.44583e+002
           536  1.42111e+002  5.36000e+002 -1.43659e+001  3.57020e+001  1.44667e+002
           537  1.42188e+002  5.37000e+002 -1.43821e+001  3.57020e+001  1.44750e+002
           538  1.42277e+002  5.38000e+002 -1.43975e+001  3.57020e+001  1.44833e+002
           539  1.42383e+002  5.39000e+002 -1.44128e+001  3.57020e+001  1.44917e+002
           540  1.42460e+002  5.40000e+002 -1.44316e+001  3.57020e+001  1.45000e+002
           541  1.42533e+002  5.41000e+002 -1.44493e+001  3.57020e+001  1.45083e+002
           542  1.42616e+002  5.42000e+002 -1.44658e+001  3.57020e+001  1.45167e+002
           543  1.42691e+002  5.43000e+002 -1.44812e+001  3.57020e+001  1.45250e+002
           544  1.42785e+002  5.44000e+002 -1.44959e+001  3.57020e+001  1.45333e+002
           545  1.42854e+002  5.45000e+002 -1.45117e+001  3.57020e+001  1.45417e+002
           546  1.42948e+002  5.46000e+002 -1.45277e+001  3.57020e+001  1.45500e+002
           547  1.43035e+002  5.47000e+002 -1.45440e+001  3.57020e+001  1.45583e+002
           548  1.43132e+002  5.48000e+002 -1.45578e+001  3.57020e+001  1.45667e+002
           549  1.43205e+002  5.49000e+002 -1.45724e+001  3.57020e+001  1.45750e+002
           550  1.43289e+002  5.50000e+002 -1.45874e+001  3.57020e+001  1.45833e+002
           551  1.43384e+002  5.51000e+002 -1.46032e+001  3.57020e+001  1.45917e+002
           552  1.43459e+002  5.52000e+002 -1.46183e+001  3.57020e+001  1.46000e+002
           553  1.43548e+002  5.53000e+002 -1.46340e+001  3.57020e+001  1.46083e+002
           554  1.43635e+002  5.54000e+002 -1.46491e+001  3.57020e+001  1.46167e+002
           555  1.43712e+002  5.55000e+002 -1.46637e+001  3.57020e+001  1.46250e+002
           556  1.43796e+002  5.56000e+002 -1.46810e+001  3.57020e+001  1.46333e+002
           557  1.43877e+002  5.57000e+002 -1.46968e+001  3.57020e+001  1.46417e+002
           558  1.43962e+002  5.58000e+002 -1.47125e+001  3.57020e+001  1.46500e+002
           559  1.44037e+002  5.59000e+002 -1.47289e+001  3.57020e+001  1.46583e+002
           560  1.44150e+002  5.60000e+002 -1.47464e+001  3.57020e+001  1.46667e+002
           561  1.44223e+002  5.61000e+002 -1.47635e+001  3.57020e+001  1.46750e+002
           562  1.44307e+002  5.62000e+002 -1.47807e+001  3.57020e+001  1.46833e+002
           563  1.44391e+002  5.63000e+002 -1.47974e+001  3.57020e+001  1.46917e+002
           564  1.44468e+002  5.64000e+002 -1.48139e+001  3.57020e+001  1.47000e+002
           565  1.44549e+002  5.65000e+002 -1.48310e+001  3.57020e+001  1.47083e+002
           566  1.44646e+002  5.66000e+002 -1.48482e+001  3.57020e+001  1.47167e+002
           567  1.44715e+002  5.67000e+002 -1.48655e+001  3.57020e+001  1.47250e+002
           568  1.44808e+002  5.68000e+002 -1.48848e+001  3.57019e+001  1.47333e+002
           569  1.44890e+002  5.69000e+002 -1.49018e+001  3.57018e+001  1.47417e+002
           570  1.44974e+002  5.70000e+002 -1.49179e+001  3.57017e+001  1.47500e+002
           571  1.45061e+002  5.71000e+002 -1.49338e+001  3.57016e+001  1.47583e+002
           572  1.45141e+002  5.72000e+002 -1.49507e+001  3.57014e+001  1.47667e+002
           573  1.45219e+002  5.73000e+002 -1.49678e+001  3.57012e+001  1.47750e+002
           574  1.45316e+002  5.74000e+002 -1.49842e+001  3.57011e+001  1.47833e+002
           575  1.45393e+002  5.75000e+002 -1.50009e+001  3.57011e+001  1.47917e+002
           576  1.45470e+002  5.76000e+002 -1.50159e+001  3.57011e+001  1.48000e+002
           577  1.45555e+002  5.77000e+002 -1.50318e+001  3.57010e+001  1.48083e+002
           578  1.45650e+002  5.78000e+002 -1.50479e+001  3.57010e+001  1.48167e+002
           579  1.45734e+002  5.79000e+002 -1.50628e+001  3.57010e+001  1.48250e+002
           580  1.45817e+002  5.80000e+002 -1.50784e+001  3.57010e+001  1.48333e+002
           581  1.45910e+002  5.81000e+002 -1.50942e+001  3.57010e+001  1.48417e+002
           582  1.45986e+002  5.82000e+002 -1.51106e+001  3.57010e+001  1.48500e+002
           583  1.46076e+002  5.83000e+002 -1.51263e+001  3.57010e+001  1.48583e+002
           584  1.46155e+002  5.84000e+002 -1.51406e+001  3.57010e+001  1.48667e+002
           585  1.46236e+002  5.85000e+002 -1.51560e+001  3.57010e+001  1.48750e+002
           586  1.46325e+002  5.86000e+002 -1.51717e+001  3.57010e+001  1.48833e+002
           587  1.46403e+002  5.87000e+002 -1.51869e+001  3.57010e+001  1.48917e+002
           588  1.46494e+002  5.88000e+002 -1.52027e+001  3.57010e+001  1.49000e+002
           589  1.46574e+002  5.89000e+002 -1.52185e+001  3.57010e+001  1.49083e+002
           590  1.46661e+002  5.90000e+002 -1.52347e+001  3.57010e+001  1.49167e+002
           591  1.46743e+002  5.91000e+002 -1.52504e+001  3.57010e+001  1.49250e+002
           592  1.46827e+002  5.92000e+002 -1.52670e+001  3.57010e+001  1.49333e+002
           593  1.46905e+002  5.93000e+002 -1.52831e+001  3.57010e+001  1.49417e+002
           594  1.46991e+002  5.94000e+002 -1.52993e+001  3.57010e+001  1.49500e+002
           595  1.47092e+002  5.95000e+002 -1.53149e+001  3.57010e+001  1.49583e+002
           596  1.47176e+002  5.96000e+002 -1.53306e+001  3.57010e+001  1.49667e+002
           597  1.47261e+002  5.97000e+002 -1.53471e+001  3.57010e+001  1.49750e+002
           598  1.47331e+002  5.98000e+002 -1.53634e+001  3.57010e+001  1.49833e+002
           599  1.47422e+002  5.99000e+002 -1.53797e+001  3.57010e+001  1.49917e+002
           600  1.47502e+002  6.00000e+002 -1.53959e+001  3.57010e+001  1.50000e+002
           601  1.47594e+002  6.01000e+002 -1.54121e+001  3.57010e+001  1.50083e+002
           602  1.47687e+002  6.02000e+002 -1.54280e+001  3.57010e+001  1.50167e+002
           603  1.47758e+002  6.03000e+002 -1.54440e+001  3.57010e+001  1.50250e+002
           604  1.47851e+002  6.04000e+002 -1.54595e+001  3.57010e+001  1.50333e+002
           605  1.47933e+002  6.05000e+002 -1.54759e+001  3.57010e+001  1.50417e+002
           606  1.48012e+002  6.06000e+002 -1.54927e+001  3.57010e+001  1.50500e+002
           607  1.48097e+002  6.07000e+002 -1.55091e+001  3.57010e+001  1.50583e+002
           608  1.48177e+002  6.08000e+002 -1.55265e+001  3.57009e+001  1.50667e+002
           609  1.48263e+002  6.09000e+002 -1.55431e+001  3.57008e+001  1.50750e+002
           610  1.48348e+002  6.10000e+002 -1.55597e+001  3.57007e+001  1.50833e+002
           611  1.48429e+002  6.11000e+002 -1.55759e+001  3.57006e+001  1.50917e+002
           612  1.48535e+002  6.12000e+002 -1.55916e+001  3.57004e+001  1.51000e+002
           613  1.48609e+002  6.13000e+002 -1.56076e+001  3.57002e+001  1.51083e+002
           614  1.48683e+002  6.14000e+002 -1.56237e+001  3.57001e+001  1.51167e+002
           615  1.48770e+002  6.15000e+002 -1.56405e+001  3.57001e+001  1.51250e+002
           616  1.48854e+002  6.16000e+002 -1.56568e+001  3.57001e+001  1.51333e+002
           617  1.48938e+002  6.17000e+002 -1.56731e+001  3.57001e+001  1.51417e+002
           618  1.49036e+002  6.18000e+002 -1.56881e+001  3.57000e+001  1.51500e+002
           619  1.49102e+002  6.19000e+002 -1.57034e+001  3.57000e+001  1.51583e+002
           620  1.49176e+002  6.20000e+002 -1.57171e+001  3.57000e+001  1.51667e+002
           621  1.49282e+002  6.21000e+002 -1.57317e+001  3.57000e+001  1.51750e+002
           622  1.49360e+002  6.22000e+002 -1.57473e+001  3.57000e+001  1.51833e+002
           623  1.49456e+002  6.23000e+002 -1.57632e+001  3.57000e+001  1.51917e+002
           624  1.49537e+002  6.24000e+002 -1.57796e+001  3.57000e+001  1.52000e+002
           625  1.49619e+002  6.25000e+002 -1.57955e+001  3.57000e+001  1.52083e+002
           626  1.49708e+002  6.26000e+002 -1.58120e+001  3.57000e+001  1.52167e+002
           627  1.49782e+002  6.27000e+002 -1.58281e+001  3.57000e+001  1.52250e+002
           628  1.49861e+002  6.28000e+002 -1.58434e+001  3.57000e+001  1.52333e+002
           629  1.49947e+002  6.29000e+002 -1.58590e+001  3.57000e+001  1.52417e+002
           630  1.50027e+002  6.30000e+002 -1.58754e+001  3.57000e+001  1.52500e+002
           631  1.50109e+002  6.31000e+002 -1.58914e+001  3.57000e+001  1.52583e+002
           632  1.50194e+002  6.32000e+002 -1.59107e+001  3.57000e+001  1.52667e+002
           633  1.50283e+002  6.33000e+002 -1.59280e+001  3.57000e+001  1.52750e+002
           634  1.50365e+002  6.34000e+002 -1.59442e+001  3.57000e+001  1.52833e+002
           635  1.50456e+002  6.35000e+002 -1.59602e+001  3.57000e+001  1.52917e+002
           636  1.50530e+002  6.36000e+002 -1.59755e+001  3.57000e+001  1.53000e+002
           637  1.50617e+002  6.37000e+002 -1.59917e+001  3.57000e+001  1.53083e+002
           638  1.50700e+002  6.38000e+002 -1.60080e+001  3.57000e+001  1.53167e+002
           639  1.50790e+002  6.39000e+002 -1.60247e+001  3.57000e+001  1.53250e+002
           640  1.50860e+002  6.40000e+002 -1.60392e+001  3.57000e+001  1.53333e+002
           641  1.50955e+002  6.41000e+002 -1.60546e+001  3.57000e+001  1.53417e+002
           642  1.51046e+002  6.42000e+002 -1.60712e+001  3.57000e+001  1.53500e+002
           643  1.51128e+002  6.43000e+002 -1.60870e+001  3.57000e+001  1.53583e+002
           644  1.51203e+002  6.44000e+002 -1.61030e+001  3.57000e+001  1.53667e+002
           645  1.51289e+002  6.45000e+002 -1.61184e+001  3.57000e+001  1.53750e+002
           646  1.51370e+002  6.46000e+002 -1.61331e+001  3.57000e+001  1.53833e+002
           647  1.51462e+002  6.47000e+002 -1.61477e+001  3.57000e+001  1.53917e+002
           648  1.51544e+002  6.48000e+002 -1.61632e+001  3.56999e+001  1.54000e+002
           649  1.51636e+002  6.49000e+002 -1.61793e+001  3.56998e+001  1.54083e+002
           650  1.51713e+002  6.50000e+002 -1.61951e+001  3.56997e+001  1.54167e+002
           651  1.51801e+002  6.51000e+002 -1.62107e+001  3.56996e+001  1.54250e+002
           652  1.51892e+002  6.52000e+002 -1.62248e+001  3.56994e+001  1.54333e+002
           653  1.51966e+002  6.53000e+002 -1.62404e+001  3.56992e+001  1.54417e+002
           654  1.52058e+002  6.54000e+002 -1.62563e+001  3.56991e+001  1.54500e+002
           655  1.52144e+002  6.55000e+002 -1.62720e+001  3.56991e+001  1.54583e+002
           656  1.52226e+002  6.56000e+002 -1.62871e+001  3.56991e+001  1.54667e+002
           657  1.52307e+002  6.57000e+002 -1.63022e+001  3.56991e+001  1.54750e+002
           658  1.52401e+002  6.58000e+002 -1.63177e+001  3.56990e+001  1.54833e+002
           659  1.52481e+002  6.59000e+002 -1.63335e+001  3.56990e+001  1.54917e+002
           660  1.52559e+002  6.60000e+002 -1.63492e+001  3.56990e+001  1.55000e+002
           661  1.52648e+002  6.61000e+002 -1.63659e+001  3.56990e+001  1.55083e+002
           662  1.52725e+002  6.62000e+002 -1.63822e+001  3.56990e+001  1.55167e+002
           663  1.52815e+002  6.63000e+002 -1.63981e+001  3.56990e+001  1.55250e+002
           664  1.52894e+002  6.64000e+002 -1.64143e+001  3.56990e+001  1.55333e+002
           665  1.52976e+002  6.65000e+002 -1.64288e+001  3.56990e+001  1.55417e+002
           666  1.53060e+002  6.66000e+002 -1.64437e+001  3.56990e+001  1.55500e+002
           667  1.53139e+002  6.67000e+002 -1.64597e+001  3.56990e+001  1.55583e+002
           668  1.53216e+002  6.68000e+002 -1.64778e+001  3.56990e+001  1.55667e+002
           669  1.53310e+002  6.69000e+002 -1.64948e+001  3.56990e+001  1.55750e+002
           670  1.53390e+002  6.70000e+002 -1.65112e+001  3.56990e+001  1.55833e+002
           671  1.53485e+002  6.71000e+002 -1.65266e+001  3.56990e+001  1.55917e+002
           672  1.53567e+002  6.72000e+002 -1.65420e+001  3.56990e+001  1.56000e+002
           673  1.53650e+002  6.73000e+002 -1.65583e+001  3.56990e+001  1.56083e+002
           674  1.53739e+002  6.74000e+002 -1.65746e+001  3.56990e+001  1.56167e+002
           675  1.53818e+002  6.75000e+002 -1.65913e+001  3.56990e+001  1.56250e+002
           676  1.53906e+002  6.76000e+002 -1.66105e+001  3.56990e+001  1.56333e+002
           677  1.53991e+002  6.77000e+002 -1.66276e+001  3.56990e+001  1.56417e+002
           678  1.54069e+002  6.78000e+002 -1.66446e+001  3.56990e+001  1.56500e+002
           679  1.54157e+002  6.79000e+002 -1.66615e+001  3.56990e+001  1.56583e+002
           680  1.54249e+002  6.80000e+002 -1.66768e+001  3.56990e+001  1.56667e+002
           681  1.54326e+002  6.81000e+002 -1.66939e+001  3.56990e+001  1.56750e+002
           682  1.54416e+002  6.82000e+002 -1.67117e+001  3.56990e+001  1.56833e+002
           683  1.54485e+002  6.83000e+002 -1.67298e+001  3.56990e+001  1.56917e+002
           684  1.54574e+002  6.84000e+002 -1.67496e+001  3.56990e+001  1.57000e+002
           685  1.54665e+002  6.85000e+002 -1.67679e+001  3.56990e+001  1.57083e+002
           686  1.54754e+002  6.86000e+002 -1.67854e+001  3.56990e+001  1.57167e+002
           687  1.54825e+002  6.87000e+002 -1.68020e+001  3.56990e+001  1.57250e+002
           688  1.54919e+002  6.88000e+002 -1.68226e+001  3.56990e+001  1.57333e+002
           689  1.54994e+002  6.89000e+002 -1.68418e+001  3.56990e+001  1.57417e+002
           690  1.55078e+002  6.90000e+002 -1.68592e+001  3.56990e+001  1.57500e+002
           691  1.55160e+002  6.91000e+002 -1.68759e+001  3.56990e+001  1.57583e+002
           692  1.55242e+002  6.92000e+002 -1.68929e+001  3.56990e+001  1.57667e+002
           693  1.55336e+002  6.93000e+002 -1.69100e+001  3.56990e+001  1.57750e+002
           694  1.55421e+002  6.94000e+002 -1.69262e+001  3.56990e+001  1.57833e+002
           695  1.55508e+002  6.95000e+002 -1.69418e+001  3.56990e+001  1.57917e+002
           696  1.55583e+002  6.96000e+002 -1.69565e+001  3.56990e+001  1.58000e+002
           697  1.55666e+002  6.97000e+002 -1.69721e+001  3.56990e+001  1.58083e+002
           698  1.55757e+002  6.98000e+002 -1.69884e+001  3.56990e+001  1.58167e+002
           699  1.55847e+002  6.99000e+002 -1.70041e+001  3.56990e+001  1.58250e+002
           700  1.55928e+002  7.00000e+002 -1.70175e+001  3.56990e+001  1.58333e+002
           701  1.56013e+002  7.01000e+002 -1.70319e+001  3.56990e+001  1.58417e+002
           702  1.56093e+002  7.02000e+002 -1.70473e+001  3.56990e+001  1.58500e+002
           703  1.56170e+002  7.03000e+002 -1.70639e+001  3.56989e+001  1.58583e+002
           704  1.56266e+002  7.04000e+002 -1.70806e+001  3.56988e+001  1.58667e+002
           705  1.56348e+002  7.05000e+002 -1.70970e+001  3.56988e+001  1.58750e+002
           706  1.56438e+002  7.06000e+002 -1.71142e+001  3.56988e+001  1.58833e+002
           707  1.56516e+002  7.07000e+002 -1.71319e+001  3.56988e+001  1.58917e+002
           708  1.56590e+002  7.08000e+002 -1.71489e+001  3.56988e+001  1.59000e+002
           709  1.56689e+002  7.09000e+002 -1.71649e+001  3.56988e+001  1.59083e+002
           710  1.56784e+002  7.10000e+002 -1.71811e+001  3.56988e+001  1.59167e+002
           711  1.56852e+002  7.11000e+002 -1.71966e+001  3.56989e+001  1.59250e+002
           712  1.56934e+002  7.12000e+002 -1.72142e+001  3.56989e+001  1.59333e+002
           713  1.57021e+002  7.13000e+002 -1.72310e+001  3.56989e+001  1.59417e+002
           714  1.57107e+002  7.14000e+002 -1.72476e+001  3.56990e+001  1.59500e+002
           715  1.57188e+002  7.15000e+002 -1.72630e+001  3.56990e+001  1.59583e+002
           716  1.57266e+002  7.16000e+002 -1.72779e+001  3.56990e+001  1.59667e+002
           717  1.57353e+002  7.17000e+002 -1.72939e+001  3.56989e+001  1.59750e+002
           718  1.57441e+002  7.18000e+002 -1.73098e+001  3.56988e+001  1.59833e+002
           719  1.57528e+002  7.19000e+002 -1.73262e+001  3.56987e+001  1.59917e+002
           720  1.57611e+002  7.20000e+002 -1.73415e+001  3.56985e+001  1.60000e+002
           721  1.57694e+002  7.21000e+002 -1.73565e+001  3.56984e+001  1.60083e+002
           722  1.57787e+002  7.22000e+002 -1.73722e+001  3.56983e+001  1.60167e+002
           723  1.57870e+002  7.23000e+002 -1.73876e+001  3.56982e+001  1.60250e+002
           724  1.57953e+002  7.24000e+002 -1.74049e+001  3.56981e+001  1.60333e+002
           725  1.58038e+002  7.25000e+002 -1.74211e+001  3.56981e+001  1.60417e+002
           726  1.58126e+002  7.26000e+002 -1.74379e+001  3.56981e+001  1.60500e+002
           727  1.58195e+002  7.27000e+002 -1.74549e+001  3.56980e+001  1.60583e+002
           728  1.58278e+002  7.28000e+002 -1.74719e+001  3.56980e+001  1.60667e+002
           729  1.58367e+002  7.29000e+002 -1.74882e+001  3.56980e+001  1.60750e+002
           730  1.58450e+002  7.30000e+002 -1.75050e+001  3.56980e+001  1.60833e+002
           731  1.58532e+002  7.31000e+002 -1.75212e+001  3.56980e+001  1.60917e+002
           732  1.58612e+002  7.32000e+002 -1.75371e+001  3.56980e+001  1.61000e+002
           733  1.58699e+002  7.33000e+002 -1.75531e+001  3.56980e+001  1.61083e+002
           734  1.58783e+002  7.34000e+002 -1.75684e+001  3.56980e+001  1.61167e+002
           735  1.58879e+002  7.35000e+002 -1.75840e+001  3.56980e+001  1.61250e+002
           736  1.58961e+002  7.36000e+002 -1.75993e+001  3.56980e+001  1.61333e+002
           737  1.59050e+002  7.37000e+002 -1.76142e+001  3.56980e+001  1.61417e+002
           738  1.59124e+002  7.38000e+002 -1.76297e+001  3.56980e+001  1.61500e+002
           739  1.59206e+002  7.39000e+002 -1.76460e+001  3.56980e+001  1.61583e+002
           740  1.59291e+002  7.40000e+002 -1.76604e+001  3.56980e+001  1.61667e+002
           741  1.59370e+002  7.41000e+002 -1.76755e+001  3.56980e+001  1.61750e+002
           742  1.59457e+002  7.42000e+002 -1.76898e+001  3.56980e+001  1.61833e+002
           743  1.59543e+002  7.43000e+002 -1.77042e+001  3.56980e+001  1.61917e+002
           744  1.59629e+002  7.44000e+002 -1.77213e+001  3.56980e+001  1.62000e+002
           745  1.59724e+002  7.45000e+002 -1.77385e+001  3.56980e+001  1.62083e+002
           746  1.59811e+002  7.46000e+002 -1.77558e+001  3.56980e+001  1.62167e+002
           747  1.59883e+002  7.47000e+002 -1.77733e+001  3.56980e+001  1.62250e+002
           748  1.59977e+002  7.48000e+002 -1.77922e+001  3.56980e+001  1.62333e+002
           749  1.60045e+002  7.49000e+002 -1.78100e+001  3.56980e+001  1.62417e+002
           750  1.60127e+002  7.50000e+002 -1.78281e+001  3.56980e+001  1.62500e+002
           751  1.60213e+002  7.51000e+002 -1.78465e+001  3.56980e+001  1.62583e+002
           752  1.60285e+002  7.52000e+002 -1.78631e+001  3.56980e+001  1.62667e+002
           753  1.60379e+002  7.53000e+002 -1.78794e+001  3.56980e+001  1.62750e+002
           754  1.60460e+002  7.54000e+002 -1.78969e+001  3.56980e+001  1.62833e+002
           755  1.60546e+002  7.55000e+002 -1.79147e+001  3.56980e+001  1.62917e+002
           756  1.60637e+002  7.56000e+002 -1.79332e+001  3.56980e+001  1.63000e+002
           757  1.60724e+002  7.57000e+002 -1.79509e+001  3.56980e+001  1.63083e+002
           758  1.60808e+002  7.58000e+002 -1.79691e+001  3.56980e+001  1.63167e+002
           759  1.60893e+002  7.59000e+002 -1.79874e+001  3.56980e+001  1.63250e+002
           760  1.60976e+002  7.60000e+002 -1.80018e+001  3.56980e+001  1.63333e+002
           761  1.61056e+002  7.61000e+002 -1.80169e+001  3.56980e+001  1.63417e+002
           762  1.61142e+002  7.62000e+002 -1.80326e+001  3.56980e+001  1.63500e+002
           763  1.61235e+002  7.63000e+002 -1.80486e+001  3.56980e+001  1.63583e+002
           764  1.61304e+002  7.64000e+002 -1.80657e+001  3.56980e+001  1.63667e+002
           765  1.61391e+002  7.65000e+002 -1.80823e+001  3.56980e+001  1.63750e+002
           766  1.61488e+002  7.66000e+002 -1.80986e+001  3.56980e+001  1.63833e+002
           767  1.61557e+002  7.67000e+002 -1.81149e+001  3.56980e+001  1.63917e+002
           768  1.61643e+002  7.68000e+002 -1.81292e+001  3.56980e+001  1.64000e+002
           769  1.61744e+002  7.69000e+002 -1.81450e+001  3.56980e+001  1.64083e+002
           770  1.61821e+002  7.70000e+002 -1.81606e+001  3.56980e+001  1.64167e+002
           771  1.61915e+002  7.71000e+002 -1.81758e+001  3.56980e+001  1.64250e+002
           772  1.61990e+002  7.72000e+002 -1.81917e+001  3.56980e+001  1.64333e+002
           773  1.62075e+002  7.73000e+002 -1.82070e+001  3.56980e+001  1.64417e+002
           774  1.62169e+002  7.74000e+002 -1.82224e+001  3.56980e+001  1.64500e+002
           775  1.62241e+002  7.75000e+002 -1.82384e+001  3.56980e+001  1.64583e+002
           776  1.62323e+002  7.76000e+002 -1.82545e+001  3.56980e+001  1.64667e+002
           777  1.62413e+002  7.77000e+002 -1.82703e+001  3.56980e+001  1.64750e+002
           778  1.62497e+002  7.78000e+002 -1.82872e+001  3.56980e+001  1.64833e+002
           779  1.62576e+002  7.79000e+002 -1.83037e+001  3.56980e+001  1.64917e+002
           780  1.62663e+002  7.80000e+002 -1.83199e+001  3.56980e+001  1.65000e+002
           781  1.62741e+002  7.81000e+002 -1.83349e+001  3.56980e+001  1.65083e+002
           782  1.62825e+002  7.82000e+002 -1.83501e+001  3.56980e+001  1.65167e+002
           783  1.62904e+002  7.83000e+002 -1.83654e+001  3.56980e+001  1.65250e+002
           784  1.63005e+002  7.84000e+002 -1.83826e+001  3.56980e+001  1.65333e+002
           785  1.63084e+002  7.85000e+002 -1.83990e+001  3.56980e+001  1.65417e+002
           786  1.63163e+002  7.86000e+002 -1.84151e+001  3.56980e+001  1.65500e+002
           787  1.63251e+002  7.87000e+002 -1.84310e+001  3.56979e+001  1.65583e+002
           788  1.63321e+002  7.88000e+002 -1.84469e+001  3.56978e+001  1.65667e+002
           789  1.63414e+002  7.89000e+002 -1.84636e+001  3.56977e+001  1.65750e+002
           790  1.63503e+002  7.90000e+002 -1.84806e+001  3.56975e+001  1.65833e+002
           791  1.63588e+002  7.91000e+002 -1.84980e+001  3.56974e+001  1.65917e+002
           792  1.63669e+002  7.92000e+002 -1.85146e+001  3.56973e+001  1.66000e+002
           793  1.63757e+002  7.93000e+002 -1.85305e+001  3.56972e+001  1.66083e+002
           794  1.63851e+002  7.94000e+002 -1.85464e+001  3.56971e+001  1.66167e+002
           795  1.63931e+002  7.95000e+002 -1.85622e+001  3.56970e+001  1.66250e+002
           796  1.64012e+002  7.96000e+002 -1.85796e+001  3.56971e+001  1.66333e+002
           797  1.64091e+002  7.97000e+002 -1.85956e+001  3.56970e+001  1.66417e+002
           798  1.64167e+002  7.98000e+002 -1.86119e+001  3.56970e+001  1.66500e+002
           799  1.64258e+002  7.99000e+002 -1.86278e+001  3.56970e+001  1.66583e+002
           800  1.64338e+002  8.00000e+002 -1.86430e+001  3.56970e+001  1.66667e+002
           801  1.64432e+002  8.01000e+002 -1.86590e+001  3.56970e+001  1.66750e+002
           802  1.64517e+002  8.02000e+002 -1.86754e+001  3.56970e+001  1.66833e+002
           803  1.64590e+002  8.03000e+002 -1.86920e+001  3.56970e+001  1.66917e+002
           804  1.64680e+002  8.04000e+002 -1.87068e+001  3.56970e+001  1.67000e+002
           805  1.64767e+002  8.05000e+002 -1.87232e+001  3.56970e+001  1.67083e+002
           806  1.64859e+002  8.06000e+002 -1.87405e+001  3.56970e+001  1.67167e+002
           807  1.64941e+002  8.07000e+002 -1.87573e+001  3.56970e+001  1.67250e+002
           808  1.65014e+002  8.08000e+002 -1.87743e+001  3.56970e+001  1.67333e+002
           809  1.65090e+002  8.09000e+002 -1.87912e+001  3.56970e+001  1.67417e+002
           810  1.65183e+002  8.10000e+002 -1.88078e+001  3.56970e+001  1.67500e+002
           811  1.65260e+002  8.11000e+002 -1.88237e+001  3.56970e+001  1.67583e+002
           812  1.65350e+002  8.12000e+002 -1.88417e+001  3.56970e+001  1.67667e+002
           813  1.65419e+002  8.13000e+002 -1.88585e+001  3.56970e+001  1.67750e+002
           814  1.65522e+002  8.14000e+002 -1.88750e+001  3.56970e+001  1.67833e+002
           815  1.65608e+002  8.15000e+002 -1.88914e+001  3.56970e+001  1.67917e+002
           816  1.65680e+002  8.16000e+002 -1.89062e+001  3.56970e+001  1.68000e+002
           817  1.65769e+002  8.17000e+002 -1.89220e+001  3.56970e+001  1.68083e+002
           818  1.65858e+002  8.18000e+002 -1.89372e+001  3.56970e+001  1.68167e+002
           819  1.65945e+002  8.19000e+002 -1.89521e+001  3.56970e+001  1.68250e+002
           820  1.66032e+002  8.20000e+002 -1.89663e+001  3.56970e+001  1.68333e+002
           821  1.66106e+002  8.21000e+002 -1.89813e+001  3.56970e+001  1.68417e+002
           822  1.66188e+002  8.22000e+002 -1.89972e+001  3.56970e+001  1.68500e+002
           823  1.66275e+002  8.23000e+002 -1.90137e+001  3.56970e+001  1.68583e+002
           824  1.66363e+002  8.24000e+002 -1.90285e+001  3.56970e+001  1.68667e+002
           825  1.66450e+002  8.25000e+002 -1.90430e+001  3.56970e+001  1.68750e+002
           826  1.66534e+002  8.26000e+002 -1.90576e+001  3.56970e+001  1.68833e+002
           827  1.66602e+002  8.27000e+002 -1.90727e+001  3.56970e+001  1.68917e+002
           828  1.66689e+002  8.28000e+002 -1.90874e+001  3.56970e+001  1.69000e+002
           829  1.66778e+002  8.29000e+002 -1.91022e+001  3.56970e+001  1.69083e+002
           830  1.66864e+002  8.30000e+002 -1.91179e+001  3.56970e+001  1.69167e+002
           831  1.66943e+002  8.31000e+002 -1.91333e+001  3.56970e+001  1.69250e+002
           832  1.67027e+002  8.32000e+002 -1.91482e+001  3.56970e+001  1.69333e+002
           833  1.67115e+002  8.33000e+002 -1.91636e+001  3.56970e+001  1.69417e+002
           834  1.67201e+002  8.34000e+002 -1.91788e+001  3.56970e+001  1.69500e+002
           835  1.67281e+002  8.35000e+002 -1.91938e+001  3.56970e+001  1.69583e+002
           836  1.67366e+002  8.36000e+002 -1.92078e+001  3.56970e+001  1.69667e+002
           837  1.67450e+002  8.37000e+002 -1.92232e+001  3.56970e+001  1.69750e+002
           838  1.67533e+002  8.38000e+002 -1.92390e+001  3.56970e+001  1.69833e+002
           839  1.67617e+002  8.39000e+002 -1.92550e+001  3.56970e+001  1.69917e+002
           840  1.67704e+002  8.40000e+002 -1.92705e+001  3.56970e+001  1.70000e+002
           841  1.67790e+002  8.41000e+002 -1.92866e+001  3.56970e+001  1.70083e+002
           842  1.67872e+002  8.42000e+002 -1.93024e+001  3.56970e+001  1.70167e+002
           843  1.67947e+002  8.43000e+002 -1.93177e+001  3.56969e+001  1.70250e+002
           844  1.68035e+002  8.44000e+002 -1.93342e+001  3.56968e+001  1.70333e+002
           845  1.68119e+002  8.45000e+002 -1.93499e+001  3.56967e+001  1.70417e+002
           846  1.68200e+002  8.46000e+002 -1.93648e+001  3.56965e+001  1.70500e+002
           847  1.68286e+002  8.47000e+002 -1.93796e+001  3.56964e+001  1.70583e+002
           848  1.68379e+002  8.48000e+002 -1.93957e+001  3.56963e+001  1.70667e+002
           849  1.68457e+002  8.49000e+002 -1.94110e+001  3.56962e+001  1.70750e+002
           850  1.68543e+002  8.50000e+002 -1.94262e+001  3.56961e+001  1.70833e+002
           851  1.68626e+002  8.51000e+002 -1.94405e+001  3.56960e+001  1.70917e+002
           852  1.68711e+002  8.52000e+002 -1.94538e+001  3.56961e+001  1.71000e+002
           853  1.68796e+002  8.53000e+002 -1.94690e+001  3.56960e+001  1.71083e+002
           854  1.68887e+002  8.54000e+002 -1.94849e+001  3.56960e+001  1.71167e+002
           855  1.68960e+002  8.55000e+002 -1.95002e+001  3.56960e+001  1.71250e+002
           856  1.69041e+002  8.56000e+002 -1.95163e+001  3.56960e+001  1.71333e+002
           857  1.69121e+002  8.57000e+002 -1.95334e+001  3.56960e+001  1.71417e+002
           858  1.69210e+002  8.58000e+002 -1.95506e+001  3.56960e+001  1.71500e+002
           859  1.69292e+002  8.59000e+002 -1.95680e+001  3.56960e+001  1.71583e+002
           860  1.69380e+002  8.60000e+002 -1.95847e+001  3.56960e+001  1.71667e+002
           861  1.69458e+002  8.61000e+002 -1.96008e+001  3.56960e+001  1.71750e+002
           862  1.69556e+002  8.62000e+002 -1.96166e+001  3.56960e+001  1.71833e+002
           863  1.69631e+002  8.63000e+002 -1.96322e+001  3.56960e+001  1.71917e+002
           864  1.69717e+002  8.64000e+002 -1.96502e+001  3.56960e+001  1.72000e+002
           865  1.69798e+002  8.65000e+002 -1.96679e+001  3.56960e+001  1.72083e+002
           866  1.69878e+002  8.66000e+002 -1.96853e+001  3.56960e+001  1.72167e+002
           867  1.69958e+002  8.67000e+002 -1.97030e+001  3.56960e+001  1.72250e+002
           868  1.70057e+002  8.68000e+002 -1.97194e+001  3.56960e+001  1.72333e+002
           869  1.70135e+002  8.69000e+002 -1.97363e+001  3.56960e+001  1.72417e+002
           870  1.70224e+002  8.70000e+002 -1.97539e+001  3.56960e+001  1.72500e+002
           871  1.70298e+002  8.71000e+002 -1.97709e+001  3.56960e+001  1.72583e+002
           872  1.70392e+002  8.72000e+002 -1.97875e+001  3.56960e+001  1.72667e+002
           873  1.70460e+002  8.73000e+002 -1.98040e+001  3.56960e+001  1.72750e+002
           874  1.70550e+002  8.74000e+002 -1.98200e+001  3.56960e+001  1.72833e+002
           875  1.70633e+002  8.75000e+002 -1.98354e+001  3.56960e+001  1.72917e+002
           876  1.70717e+002  8.76000e+002 -1.98487e+001  3.56960e+001  1.73000e+002
           877  1.70802e+002  8.77000e+002 -1.98633e+001  3.56960e+001  1.73083e+002
           878  1.70889e+002  8.78000e+002 -1.98784e+001  3.56960e+001  1.73167e+002
           879  1.70964e+002  8.79000e+002 -1.98922e+001  3.56960e+001  1.73250e+002
           880  1.71045e+002  8.80000e+002 -1.99064e+001  3.56960e+001  1.73333e+002
           881  1.71144e+002  8.81000e+002 -1.99219e+001  3.56960e+001  1.73417e+002
           882  1.71224e+002  8.82000e+002 -1.99371e+001  3.56960e+001  1.73500e+002
           883  1.71305e+002  8.83000e+002 -1.99515e+001  3.56960e+001  1.73583e+002
           884  1.71383e+002  8.84000e+002 -1.99645e+001  3.56960e+001  1.73667e+002
           885  1.71479e+002  8.85000e+002 -1.99790e+001  3.56960e+001  1.73750e+002
           886  1.71555e+002  8.86000e+002 -1.99946e+001  3.56960e+001  1.73833e+002
           887  1.71635e+002  8.87000e+002 -2.00102e+001  3.56960e+001  1.73917e+002
           888  1.71718e+002  8.88000e+002 -2.00285e+001  3.56960e+001  1.74000e+002
           889  1.71804e+002  8.89000e+002 -2.00451e+001  3.56960e+001  1.74083e+002
           890  1.71895e+002  8.90000e+002 -2.00611e+001  3.56960e+001  1.74167e+002
           891  1.71969e+002  8.91000e+002 -2.00765e+001  3.56960e+001  1.74250e+002
           892  1.72056e+002  8.92000e+002 -2.00916e+001  3.56960e+001  1.74333e+002
           893  1.72138e+002  8.93000e+002 -2.01073e+001  3.56960e+001  1.74417e+002
           894  1.72222e+002  8.94000e+002 -2.01239e+001  3.56960e+001  1.74500e+002
           895  1.72314e+002  8.95000e+002 -2.01399e+001  3.56960e+001  1.74583e+002
           896  1.72398e+002  8.96000e+002 -2.01575e+001  3.56960e+001  1.74667e+002
           897  1.72471e+002  8.97000e+002 -2.01741e+001  3.56960e+001  1.74750e+002
           898  1.72563e+002  8.98000e+002 -2.01906e+001  3.56960e+001  1.74833e+002
           899  1.72645e+002  8.99000e+002 -2.02081e+001  3.56960e+001  1.74917e+002
           900  1.72731e+002  9.00000e+002 -2.02230e+001  3.56960e+001  1.75000e+002
           901  1.72821e+002  9.01000e+002 -2.02380e+001  3.56959e+001  1.75083e+002
           902  1.72885e+002  9.02000e+002 -2.02532e+001  3.56958e+001  1.75167e+002
           903  1.72980e+002  9.03000e+002 -2.02691e+001  3.56957e+001  1.75250e+002
           904  1.73057e+002  9.04000e+002 -2.02842e+001  3.56955e+001  1.75333e+002
           905  1.73153e+002  9.05000e+002 -2.03001e+001  3.56954e+001  1.75417e+002
           906  1.73234e+002  9.06000e+002 -2.03159e+001  3.56953e+001  1.75500e+002
           907  1.73316e+002  9.07000e+002 -2.03321e+001  3.56952e+001  1.75583e+002
           908  1.73404e+002  9.08000e+002 -2.03483e+001  3.56951e+001  1.75667e+002
           909  1.73486e+002  9.09000e+002 -2.03655e+001  3.56951e+001  1.75750e+002
           910  1.73572e+002  9.10000e+002 -2.03822e+001  3.56951e+001  1.75833e+002
           911  1.73667e+002  9.11000e+002 -2.03988e+001  3.56950e+001  1.75917e+002
           912  1.73750e+002  9.12000e+002 -2.04156e+001  3.56950e+001  1.76000e+002
           913  1.73832e+002  9.13000e+002 -2.04312e+001  3.56950e+001  1.76083e+002
           914  1.73911e+002  9.14000e+002 -2.04459e+001  3.56950e+001  1.76167e+002
           915  1.73994e+002  9.15000e+002 -2.04604e+001  3.56950e+001  1.76250e+002
           916  1.74078e+002  9.16000e+002 -2.04758e+001  3.56950e+001  1.76333e+002
           917  1.74154e+002  9.17000e+002 -2.04906e+001  3.56950e+001  1.76417e+002
           918  1.74245e+002  9.18000e+002 -2.05048e+001  3.56950e+001  1.76500e+002
           919  1.74319e+002  9.19000e+002 -2.05186e+001  3.56950e+001  1.76583e+002
           920  1.74409e+002  9.20000e+002 -2.05326e+001  3.56950e+001  1.76667e+002
           921  1.74490e+002  9.21000e+002 -2.05479e+001  3.56950e+001  1.76750e+002
           922  1.74581e+002  9.22000e+002 -2.05629e+001  3.56950e+001  1.76833e+002
           923  1.74668e+002  9.23000e+002 -2.05774e+001  3.56950e+001  1.76917e+002
           924  1.74747e+002  9.24000e+002 -2.05921e+001  3.56950e+001  1.77000e+002
           925  1.74836e+002  9.25000e+002 -2.06079e+001  3.56950e+001  1.77083e+002
           926  1.74934e+002  9.26000e+002 -2.06237e+001  3.56950e+001  1.77167e+002
           927  1.75013e+002  9.27000e+002 -2.06395e+001  3.56950e+001  1.77250e+002
           928  1.75086e+002  9.28000e+002 -2.06587e+001  3.56950e+001  1.77333e+002
           929  1.75177e+002  9.29000e+002 -2.06759e+001  3.56950e+001  1.77417e+002
           930  1.75259e+002  9.30000e+002 -2.06920e+001  3.56950e+001  1.77500e+002
           931  1.75337e+002  9.31000e+002 -2.07081e+001  3.56950e+001  1.77583e+002
           932  1.75419e+002  9.32000e+002 -2.07240e+001  3.56950e+001  1.77667e+002
           933  1.75506e+002  9.33000e+002 -2.07398e+001  3.56950e+001  1.77750e+002
           934  1.75600e+002  9.34000e+002 -2.07563e+001  3.56950e+001  1.77833e+002
           935  1.75672e+002  9.35000e+002 -2.07738e+001  3.56950e+001  1.77917e+002
           936  1.75760e+002  9.36000e+002 -2.07913e+001  3.56950e+001  1.78000e+002
           937  1.75839e+002  9.37000e+002 -2.08089e+001  3.56950e+001  1.78083e+002
           938  1.75917e+002  9.38000e+002 -2.08272e+001  3.56950e+001  1.78167e+002
           939  1.76010e+002  9.39000e+002 -2.08451e+001  3.56950e+001  1.78250e+002
           940  1.76089e+002  9.40000e+002 -2.08627e+001  3.56950e+001  1.78333e+002
           941  1.76172e+002  9.41000e+002 -2.08799e+001  3.56950e+001  1.78417e+002
           942  1.76246e+002  9.42000e+002 -2.08967e+001  3.56950e+001  1.78500e+002
           943  1.76336e+002  9.43000e+002 -2.09133e+001  3.56950e+001  1.78583e+002
           944  1.76419e+002  9.44000e+002 -2.09314e+001  3.56950e+001  1.78667e+002
           945  1.76505e+002  9.45000e+002 -2.09471e+001  3.56949e+001  1.78750e+002
           946  1.76586e+002  9.46000e+002 -2.09627e+001  3.56948e+001  1.78833e+002
           947  1.76662e+002  9.47000e+002 -2.09784e+001  3.56947e+001  1.78917e+002
           948  1.76757e+002  9.48000e+002 -2.09917e+001  3.56945e+001  1.79000e+002
           949  1.76841e+002  9.49000e+002 -2.10071e+001  3.56944e+001  1.79083e+002
           950  1.76933e+002  9.50000e+002 -2.10229e+001  3.56943e+001  1.79167e+002
           951  1.77016e+002  9.51000e+002 -2.10393e+001  3.56942e+001  1.79250e+002
           952  1.77105e+002  9.52000e+002 -2.10522e+001  3.56941e+001  1.79333e+002
           953  1.77188e+002  9.53000e+002 -2.10676e+001  3.56941e+001  1.79417e+002
           954  1.77271e+002  9.54000e+002 -2.10829e+001  3.56941e+001  1.79500e+002
           955  1.77350e+002  9.55000e+002 -2.10974e+001  3.56940e+001  1.79583e+002
           956  1.77431e+002  9.56000e+002 -2.11145e+001  3.56940e+001  1.79667e+002
           957  1.77512e+002  9.57000e+002 -2.11298e+001  3.56940e+001  1.79750e+002
           958  1.77598e+002  9.58000e+002 -2.11460e+001  3.56940e+001  1.79833e+002
           959  1.77688e+002  9.59000e+002 -2.11621e+001  3.56940e+001  1.79917e+002
           960  1.77768e+002  9.60000e+002 -2.11784e+001  3.56940e+001  1.80000e+002
           961  1.77865e+002  9.61000e+002 -2.11947e+001  3.56940e+001  1.80083e+002
           962  1.77941e+002  9.62000e+002 -2.12106e+001  3.56940e+001  1.80167e+002
           963  1.78021e+002  9.63000e+002 -2.12259e+001  3.56940e+001  1.80250e+002
           964  1.78099e+002  9.64000e+002 -2.12409e+001  3.56940e+001  1.80333e+002
           965  1.78195e+002  9.65000e+002 -2.12564e+001  3.56940e+001  1.80417e+002
           966  1.78276e+002  9.66000e+002 -2.12724e+001  3.56940e+001  1.80500e+002
           967  1.78362e+002  9.67000e+002 -2.12881e+001  3.56940e+001  1.80583e+002
           968  1.78441e+002  9.68000e+002 -2.13060e+001  3.56940e+001  1.80667e+002
           969  1.78517e+002  9.69000e+002 -2.13227e+001  3.56940e+001  1.80750e+002
           970  1.78608e+002  9.70000e+002 -2.13394e+001  3.56940e+001  1.80833e+002
           971  1.78696e+002  9.71000e+002 -2.13552e+001  3.56940e+001  1.80917e+002
           972  1.78779e+002  9.72000e+002 -2.13716e+001  3.56940e+001  1.81000e+002
           973  1.78862e+002  9.73000e+002 -2.13891e+001  3.56940e+001  1.81083e+002
           974  1.78945e+002  9.74000e+002 -2.14067e+001  3.56940e+001  1.81167e+002
           975  1.79025e+002  9.75000e+002 -2.14244e+001  3.56940e+001  1.81250e+002
           976  1.79124e+002  9.76000e+002 -2.14424e+001  3.56940e+001  1.81333e+002
           977  1.79200e+002  9.77000e+002 -2.14596e+001  3.56940e+001  1.81417e+002
           978  1.79281e+002  9.78000e+002 -2.14770e+001  3.56940e+001  1.81500e+002
           979  1.79370e+002  9.79000e+002 -2.14948e+001  3.56940e+001  1.81583e+002
           980  1.79454e+002  9.80000e+002 -2.15115e+001  3.56940e+001  1.81667e+002
           981  1.79535e+002  9.81000e+002 -2.15273e+001  3.56940e+001  1.81750e+002
           982  1.79620e+002  9.82000e+002 -2.15427e+001  3.56940e+001  1.81833e+002
           983  1.79710e+002  9.83000e+002 -2.15582e+001  3.56940e+001  1.81917e+002
           984  1.79794e+002  9.84000e+002 -2.15722e+001  3.56940e+001  1.82000e+002
           985  1.79869e+002  9.85000e+002 -2.15867e+001  3.56940e+001  1.82083e+002
           986  1.79954e+002  9.86000e+002 -2.16007e+001  3.56940e+001  1.82167e+002
           987  1.80040e+002  9.87000e+002 -2.16154e+001  3.56940e+001  1.82250e+002
           988  1.80124e+002  9.88000e+002 -2.16296e+001  3.56940e+001  1.82333e+002
           989  1.80222e+002  9.89000e+002 -2.16452e+001  3.56940e+001  1.82417e+002
           990  1.80288e+002  9.90000e+002 -2.16604e+001  3.56939e+001  1.82500e+002
           991  1.80366e+002  9.91000e+002 -2.16751e+001  3.56938e+001  1.82583e+002
           992  1.80456e+002  9.92000e+002 -2.16903e+001  3.56936e+001  1.82667e+002
           993  1.80544e+002  9.93000e+002 -2.17044e+001  3.56935e+001  1.82750e+002
           994  1.80625e+002  9.94000e+002 -2.17175e+001  3.56934e+001  1.82833e+002
           995  1.80712e+002  9.95000e+002 -2.17306e+001  3.56933e+001  1.82917e+002
           996  1.80785e+002  9.96000e+002 -2.17465e+001  3.56932e+001  1.83000e+002
           997  1.80872e+002  9.97000e+002 -2.17627e+001  3.56931e+001  1.83083e+002
           998  1.80956e+002  9.98000e+002 -2.17796e+001  3.56931e+001  1.83167e+002
           999  1.81035e+002  9.99000e+002 -2.17958e+001  3.56930e+001  1.83250e+002
          1000  1.81121e+002  1.00000e+003 -2.18100e+001  3.56930e+001  1.83333e+002
          1001  1.81214e+002  1.00100e+003 -2.18256e+001  3.56930e+001  1.83417e+002
          1002  1.81298e+002  1.00200e+003 -2.18416e+001  3.56930e+001  1.83500e+002
          1003  1.81378e+002  1.00300e+003 -2.18578e+001  3.56930e+001  1.83583e+002
          1004  1.81471e+002  1.00400e+003 -2.18762e+001  3.56930e+001  1.83667e+002
          1005  1.81555e+002  1.00500e+003 -2.18923e+001  3.56930e+001  1.83750e+002
          1006  1.81630e+002  1.00600e+003 -2.19086e+001  3.56930e+001  1.83833e+002
          1007  1.81720e+002  1.00700e+003 -2.19253e+001  3.56930e+001  1.83917e+002
          1008  1.81798e+002  1.00800e+003 -2.19429e+001  3.56930e+001  1.84000e+002
          1009  1.81879e+002  1.00900e+003 -2.19590e+001  3.56930e+001  1.84083e+002
          1010  1.81972e+002  1.01000e+003 -2.19745e+001  3.56930e+001  1.84167e+002
          1011  1.82060e+002  1.01100e+003 -2.19899e+001  3.56930e+001  1.84250e+002
          1012  1.82137e+002  1.01200e+003 -2.20039e+001  3.56930e+001  1.84333e+002
          1013  1.82212e+002  1.01300e+003 -2.20194e+001  3.56930e+001  1.84417e+002
          1014  1.82304e+002  1.01400e+003 -2.20359e+001  3.56930e+001  1.84500e+002
          1015  1.82387e+002  1.01500e+003 -2.20530e+001  3.56930e+001  1.84583e+002
          1016  1.82477e+002  1.01600e+003 -2.20672e+001  3.56930e+001  1.84667e+002
          1017  1.82564e+002  1.01700e+003 -2.20821e+001  3.56930e+001  1.84750e+002
          1018  1.82651e+002  1.01800e+003 -2.20974e+001  3.56930e+001  1.84833e+002
          1019  1.82739e+002  1.01900e+003 -2.21129e+001  3.56930e+001  1.84917e+002
          1020  1.82815e+002  1.02000e+003 -2.21299e+001  3.56929e+001  1.85000e+002
          1021  1.82883e+002  1.02100e+003 -2.21459e+001  3.56928e+001  1.85083e+002
          1022  1.82975e+002  1.02200e+003 -2.21620e+001  3.56927e+001  1.85167e+002
          1023  1.83068e+002  1.02300e+003 -2.21787e+001  3.56926e+001  1.85250e+002
          1024  1.83154e+002  1.02400e+003 -2.21942e+001  3.56924e+001  1.85333e+002
          1025  1.83242e+002  1.02500e+003 -2.22095e+001  3.56922e+001  1.85417e+002
          1026  1.83333e+002  1.02600e+003 -2.22259e+001  3.56921e+001  1.85500e+002
          1027  1.83413e+002  1.02700e+003 -2.22425e+001  3.56921e+001  1.85583e+002
          1028  1.83489e+002  1.02800e+003 -2.22603e+001  3.56921e+001  1.85667e+002
          1029  1.83570e+002  1.02900e+003 -2.22767e+001  3.56920e+001  1.85750e+002
          1030  1.83656e+002  1.03000e+003 -2.22922e+001  3.56920e+001  1.85833e+002
          1031  1.83738e+002  1.03100e+003 -2.23076e+001  3.56920e+001  1.85917e+002
          1032  1.83833e+002  1.03200e+003 -2.23221e+001  3.56920e+001  1.86000e+002
          1033  1.83922e+002  1.03300e+003 -2.23369e+001  3.56920e+001  1.86083e+002
          1034  1.83996e+002  1.03400e+003 -2.23523e+001  3.56920e+001  1.86167e+002
          1035  1.84086e+002  1.03500e+003 -2.23678e+001  3.56920e+001  1.86250e+002
          1036  1.84162e+002  1.03600e+003 -2.23834e+001  3.56920e+001  1.86333e+002
          1037  1.84254e+002  1.03700e+003 -2.23996e+001  3.56920e+001  1.86417e+002
          1038  1.84333e+002  1.03800e+003 -2.24161e+001  3.56920e+001  1.86500e+002
          1039  1.84422e+002  1.03900e+003 -2.24328e+001  3.56920e+001  1.86583e+002
          1040  1.84504e+002  1.04000e+003 -2.24474e+001  3.56920e+001  1.86667e+002
          1041  1.84596e+002  1.04100e+003 -2.24633e+001  3.56920e+001  1.86750e+002
          1042  1.84669e+002  1.04200e+003 -2.24791e+001  3.56920e+001  1.86833e+002
          1043  1.84756e+002  1.04300e+003 -2.24950e+001  3.56920e+001  1.86917e+002
          1044  1.84833e+002  1.04400e+003 -2.25112e+001  3.56920e+001  1.87000e+002
          1045  1.84916e+002  1.04500e+003 -2.25261e+001  3.56920e+001  1.87083e+002
          1046  1.85004e+002  1.04600e+003 -2.25421e+001  3.56920e+001  1.87167e+002
          1047  1.85085e+002  1.04700e+003 -2.25583e+001  3.56920e+001  1.87250e+002
          1048  1.85180e+002  1.04800e+003 -2.25720e+001  3.56920e+001  1.87333e+002
          1049  1.85261e+002  1.04900e+003 -2.25860e+001  3.56920e+001  1.87417e+002
          1050  1.85345e+002  1.05000e+003 -2.26004e+001  3.56920e+001  1.87500e+002
          1051  1.85434e+002  1.05100e+003 -2.26153e+001  3.56919e+001  1.87583e+002
          1052  1.85514e+002  1.05200e+003 -2.26277e+001  3.56918e+001  1.87667e+002
          1053  1.85606e+002  1.05300e+003 -2.26420e+001  3.56917e+001  1.87750e+002
          1054  1.85684e+002  1.05400e+003 -2.26563e+001  3.56915e+001  1.87833e+002
          1055  1.85758e+002  1.05500e+003 -2.26710e+001  3.56914e+001  1.87917e+002
          1056  1.85849e+002  1.05600e+003 -2.26859e+001  3.56913e+001  1.88000e+002
          1057  1.85940e+002  1.05700e+003 -2.27005e+001  3.56912e+001  1.88083e+002
          1058  1.86026e+002  1.05800e+003 -2.27158e+001  3.56911e+001  1.88167e+002
          1059  1.86106e+002  1.05900e+003 -2.27319e+001  3.56911e+001  1.88250e+002
          1060  1.86198e+002  1.06000e+003 -2.27494e+001  3.56911e+001  1.88333e+002
          1061  1.86277e+002  1.06100e+003 -2.27652e+001  3.56910e+001  1.88417e+002
          1062  1.86358e+002  1.06200e+003 -2.27807e+001  3.56910e+001  1.88500e+002
          1063  1.86444e+002  1.06300e+003 -2.27963e+001  3.56910e+001  1.88583e+002
          1064  1.86527e+002  1.06400e+003 -2.28125e+001  3.56910e+001  1.88667e+002
          1065  1.86616e+002  1.06500e+003 -2.28278e+001  3.56910e+001  1.88750e+002
          1066  1.86698e+002  1.06600e+003 -2.28424e+001  3.56910e+001  1.88833e+002
          1067  1.86781e+002  1.06700e+003 -2.28561e+001  3.56910e+001  1.88917e+002
          1068  1.86866e+002  1.06800e+003 -2.28716e+001  3.56910e+001  1.89000e+002
          1069  1.86953e+002  1.06900e+003 -2.28861e+001  3.56910e+001  1.89083e+002
          1070  1.87032e+002  1.07000e+003 -2.28998e+001  3.56910e+001  1.89167e+002
          1071  1.87106e+002  1.07100e+003 -2.29130e+001  3.56910e+001  1.89250e+002
          1072  1.87197e+002  1.07200e+003 -2.29238e+001  3.56910e+001  1.89333e+002
          1073  1.87280e+002  1.07300e+003 -2.29367e+001  3.56910e+001  1.89417e+002
          1074  1.87367e+002  1.07400e+003 -2.29490e+001  3.56910e+001  1.89500e+002
          1075  1.87462e+002  1.07500e+003 -2.29622e+001  3.56910e+001  1.89583e+002
          1076  1.87533e+002  1.07600e+003 -2.29745e+001  3.56910e+001  1.89667e+002
          1077  1.87615e+002  1.07700e+003 -2.29884e+001  3.56910e+001  1.89750e+002
          1078  1.87702e+002  1.07800e+003 -2.30021e+001  3.56910e+001  1.89833e+002
          1079  1.87785e+002  1.07900e+003 -2.30151e+001  3.56910e+001  1.89917e+002
          1080  1.87876e+002  1.08000e+003 -2.30295e+001  3.56910e+001  1.90000e+002
          1081  1.87958e+002  1.08100e+003 -2.30443e+001  3.56910e+001  1.90083e+002
          1082  1.88045e+002  1.08200e+003 -2.30593e+001  3.56909e+001  1.90167e+002
          1083  1.88135e+002  1.08300e+003 -2.30746e+001  3.56908e+001  1.90250e+002
          1084  1.88208e+002  1.08400e+003 -2.30932e+001  3.56906e+001  1.90333e+002
          1085  1.88291e+002  1.08500e+003 -2.31094e+001  3.56905e+001  1.90417e+002
          1086  1.88380e+002  1.08600e+003 -2.31250e+001  3.56904e+001  1.90500e+002
          1087  1.88468e+002  1.08700e+003 -2.31404e+001  3.56903e+001  1.90583e+002
          1088  1.88548e+002  1.08800e+003 -2.31559e+001  3.56902e+001  1.90667e+002
          1089  1.88630e+002  1.08900e+003 -2.31705e+001  3.56901e+001  1.90750e+002
          1090  1.88712e+002  1.09000e+003 -2.31845e+001  3.56901e+001  1.90833e+002
          1091  1.88792e+002  1.09100e+003 -2.31990e+001  3.56900e+001  1.90917e+002
          1092  1.88868e+002  1.09200e+003 -2.32159e+001  3.56900e+001  1.91000e+002
          1093  1.88964e+002  1.09300e+003 -2.32317e+001  3.56900e+001  1.91083e+002
          1094  1.89047e+002  1.09400e+003 -2.32471e+001  3.56900e+001  1.91167e+002
          1095  1.89137e+002  1.09500e+003 -2.32618e+001  3.56900e+001  1.91250e+002
          1096  1.89209e+002  1.09600e+003 -2.32759e+001  3.56900e+001  1.91333e+002
          1097  1.89305e+002  1.09700e+003 -2.32907e+001  3.56899e+001  1.91417e+002
          1098  1.89393e+002  1.09800e+003 -2.33062e+001  3.56898e+001  1.91500e+002
          1099  1.89465e+002  1.09900e+003 -2.33223e+001  3.56897e+001  1.91583e+002
          1100  1.89553e+002  1.10000e+003 -2.33392e+001  3.56895e+001  1.91667e+002
          1101  1.89631e+002  1.10100e+003 -2.33542e+001  3.56894e+001  1.91750e+002
          1102  1.89732e+002  1.10200e+003 -2.33693e+001  3.56893e+001  1.91833e+002
          1103  1.89805e+002  1.10300e+003 -2.33845e+001  3.56892e+001  1.91917e+002
          1104  1.89886e+002  1.10400e+003 -2.33986e+001  3.56891e+001  1.92000e+002
          1105  1.89976e+002  1.10500e+003 -2.34123e+001  3.56891e+001  1.92083e+002
          1106  1.90061e+002  1.10600e+003 -2.34271e+001  3.56891e+001  1.92167e+002
          1107  1.90146e+002  1.10700e+003 -2.34429e+001  3.56890e+001  1.92250e+002
          1108  1.90230e+002  1.10800e+003 -2.34565e+001  3.56890e+001  1.92333e+002
          1109  1.90316e+002  1.10900e+003 -2.34703e+001  3.56890e+001  1.92417e+002
          1110  1.90399e+002  1.11000e+003 -2.34848e+001  3.56890e+001  1.92500e+002
          1111  1.90497e+002  1.11100e+003 -2.34997e+001  3.56890e+001  1.92583e+002
          1112  1.90561e+002  1.11200e+003 -2.35106e+001  3.56890e+001  1.92667e+002
          1113  1.90648e+002  1.11300e+003 -2.35230e+001  3.56889e+001  1.92750e+002
          1114  1.90738e+002  1.11400e+003 -2.35361e+001  3.56888e+001  1.92833e+002
          1115  1.90826e+002  1.11500e+003 -2.35497e+001  3.56887e+001  1.92917e+002
          1116  1.90898e+002  1.11600e+003 -2.35655e+001  3.56885e+001  1.93000e+002
          1117  1.90982e+002  1.11700e+003 -2.35810e+001  3.56884e+001  1.93083e+002
          1118  1.91063e+002  1.11800e+003 -2.35964e+001  3.56883e+001  1.93167e+002
          1119  1.91151e+002  1.11900e+003 -2.36115e+001  3.56882e+001  1.93250e+002
          1120  1.91240e+002  1.12000e+003 -2.36271e+001  3.56881e+001  1.93333e+002
          1121  1.91311e+002  1.12100e+003 -2.36432e+001  3.56881e+001  1.93417e+002
          1122  1.91393e+002  1.12200e+003 -2.36587e+001  3.56881e+001  1.93500e+002
          1123  1.91481e+002  1.12300e+003 -2.36733e+001  3.56880e+001  1.93583e+002
          1124  1.91570e+002  1.12400e+003 -2.36914e+001  3.56880e+001  1.93667e+002
          1125  1.91648e+002  1.12500e+003 -2.37062e+001  3.56880e+001  1.93750e+002
          1126  1.91733e+002  1.12600e+003 -2.37200e+001  3.56880e+001  1.93833e+002
          1127  1.91821e+002  1.12700e+003 -2.37339e+001  3.56880e+001  1.93917e+002
          1128  1.91910e+002  1.12800e+003 -2.37472e+001  3.56880e+001  1.94000e+002
          1129  1.91992e+002  1.12900e+003 -2.37618e+001  3.56879e+001  1.94083e+002
          1130  1.92084e+002  1.13000e+003 -2.37770e+001  3.56878e+001  1.94167e+002
          1131  1.92162e+002  1.13100e+003 -2.37925e+001  3.56877e+001  1.94250e+002
          1132  1.92245e+002  1.13200e+003 -2.38042e+001  3.56875e+001  1.94333e+002
          1133  1.92327e+002  1.13300e+003 -2.38189e+001  3.56874e+001  1.94417e+002
          1134  1.92418e+002  1.13400e+003 -2.38338e+001  3.56873e+001  1.94500e+002
          1135  1.92511e+002  1.13500e+003 -2.38495e+001  3.56872e+001  1.94583e+002
          1136  1.92596e+002  1.13600e+003 -2.38664e+001  3.56871e+001  1.94667e+002
          1137  1.92671e+002  1.13700e+003 -2.38813e+001  3.56871e+001  1.94750e+002
          1138  1.92750e+002  1.13800e+003 -2.38965e+001  3.56871e+001  1.94833e+002
          1139  1.92838e+002  1.13900e+003 -2.39123e+001  3.56870e+001  1.94917e+002
          1140  1.92924e+002  1.14000e+003 -2.39281e+001  3.56870e+001  1.95000e+002
          1141  1.93011e+002  1.14100e+003 -2.39428e+001  3.56870e+001  1.95083e+002
          1142  1.93081e+002  1.14200e+003 -2.39579e+001  3.56870e+001  1.95167e+002
          1143  1.93171e+002  1.14300e+003 -2.39735e+001  3.56870e+001  1.95250e+002
          1144  1.93254e+002  1.14400e+003 -2.39879e+001  3.56870e+001  1.95333e+002
          1145  1.93352e+002  1.14500e+003 -2.40028e+001  3.56869e+001  1.95417e+002
          1146  1.93431e+002  1.14600e+003 -2.40179e+001  3.56868e+001  1.95500e+002
          1147  1.93506e+002  1.14700e+003 -2.40332e+001  3.56867e+001  1.95583e+002
          1148  1.93596e+002  1.14800e+003 -2.40466e+001  3.56865e+001  1.95667e+002
          1149  1.93690e+002  1.14900e+003 -2.40612e+001  3.56864e+001  1.95750e+002
          1150  1.93765e+002  1.15000e+003 -2.40765e+001  3.56863e+001  1.95833e+002
          1151  1.93850e+002  1.15100e+003 -2.40917e+001  3.56862e+001  1.95917e+002
          1152  1.93939e+002  1.15200e+003 -2.41050e+001  3.56861e+001  1.96000e+002
          1153  1.94017e+002  1.15300e+003 -2.41192e+001  3.56861e+001  1.96083e+002
          1154  1.94110e+002  1.15400e+003 -2.41336e+001  3.56861e+001  1.96167e+002
          1155  1.94187e+002  1.15500e+003 -2.41473e+001  3.56860e+001  1.96250e+002
          1156  1.94273e+002  1.15600e+003 -2.41612e+001  3.56860e+001  1.96333e+002
          1157  1.94360e+002  1.15700e+003 -2.41757e+001  3.56860e+001  1.96417e+002
          1158  1.94435e+002  1.15800e+003 -2.41901e+001  3.56860e+001  1.96500e+002
          1159  1.94532e+002  1.15900e+003 -2.42039e+001  3.56860e+001  1.96583e+002
          1160  1.94608e+002  1.16000e+003 -2.42183e+001  3.56859e+001  1.96667e+002
          1161  1.94698e+002  1.16100e+003 -2.42331e+001  3.56858e+001  1.96750e+002
          1162  1.94776e+002  1.16200e+003 -2.42476e+001  3.56857e+001  1.96833e+002
          1163  1.94864e+002  1.16300e+003 -2.42623e+001  3.56856e+001  1.96917e+002
          1164  1.94952e+002  1.16400e+003 -2.42773e+001  3.56854e+001  1.97000e+002
          1165  1.95034e+002  1.16500e+003 -2.42924e+001  3.56852e+001  1.97083e+002
          1166  1.95121e+002  1.16600e+003 -2.43073e+001  3.56851e+001  1.97167e+002
          1167  1.95210e+002  1.16700e+003 -2.43222e+001  3.56851e+001  1.97250e+002
          1168  1.95284e+002  1.16800e+003 -2.43379e+001  3.56851e+001  1.97333e+002
          1169  1.95369e+002  1.16900e+003 -2.43528e+001  3.56851e+001  1.97417e+002
          1170  1.95456e+002  1.17000e+003 -2.43670e+001  3.56850e+001  1.97500e+002
          1171  1.95547e+002  1.17100e+003 -2.43819e+001  3.56850e+001  1.97583e+002
          1172  1.95626e+002  1.17200e+003 -2.43977e+001  3.56850e+001  1.97667e+002
          1173  1.95703e+002  1.17300e+003 -2.44123e+001  3.56850e+001  1.97750e+002
          1174  1.95792e+002  1.17400e+003 -2.44267e+001  3.56850e+001  1.97833e+002
          1175  1.95872e+002  1.17500e+003 -2.44409e+001  3.56850e+001  1.97917e+002
          1176  1.95953e+002  1.17600e+003 -2.44530e+001  3.56849e+001  1.98000e+002
          1177  1.96054e+002  1.17700e+003 -2.44661e+001  3.56848e+001  1.98083e+002
          1178  1.96131e+002  1.17800e+003 -2.44803e+001  3.56847e+001  1.98167e+002
          1179  1.96214e+002  1.17900e+003 -2.44951e+001  3.56846e+001  1.98250e+002
          1180  1.96301e+002  1.18000e+003 -2.45071e+001  3.56844e+001  1.98333e+002
          1181  1.96385e+002  1.18100e+003 -2.45194e+001  3.56842e+001  1.98417e+002
          1182  1.96477e+002  1.18200e+003 -2.45327e+001  3.56841e+001  1.98500e+002
          1183  1.96554e+002  1.18300e+003 -2.45458e+001  3.56841e+001  1.98583e+002
          1184  1.96644e+002  1.18400e+003 -2.45576e+001  3.56841e+001  1.98667e+002
          1185  1.96728e+002  1.18500e+003 -2.45720e+001  3.56840e+001  1.98750e+002
          1186  1.96808e+002  1.18600e+003 -2.45874e+001  3.56840e+001  1.98833e+002
          1187  1.96882e+002  1.18700e+003 -2.46036e+001  3.56840e+001  1.98917e+002
          1188  1.96972e+002  1.18800e+003 -2.46201e+001  3.56840e+001  1.99000e+002
          1189  1.97058e+002  1.18900e+003 -2.46348e+001  3.56840e+001  1.99083e+002
          1190  1.97136e+002  1.19000e+003 -2.46493e+001  3.56840e+001  1.99167e+002
          1191  1.97227e+002  1.19100e+003 -2.46630e+001  3.56840e+001  1.99250e+002
          1192  1.97306e+002  1.19200e+003 -2.46789e+001  3.56839e+001  1.99333e+002
          1193  1.97397e+002  1.19300e+003 -2.46927e+001  3.56838e+001  1.99417e+002
          1194  1.97483e+002  1.19400e+003 -2.47064e+001  3.56837e+001  1.99500e+002
          1195  1.97561e+002  1.19500e+003 -2.47208e+001  3.56836e+001  1.99583e+002
          1196  1.97648e+002  1.19600e+003 -2.47360e+001  3.56834e+001  1.99667e+002
          1197  1.97740e+002  1.19700e+003 -2.47507e+001  3.56832e+001  1.99750e+002
          1198  1.97821e+002  1.19800e+003 -2.47651e+001  3.56831e+001  1.99833e+002
          1199  1.97912e+002  1.19900e+003 -2.47797e+001  3.56831e+001  1.99917e+002
          1200  1.97989e+002  1.20000e+003 -2.47921e+001  3.56830e+001  2.00000e+002
          1201  1.98078e+002  1.20100e+003 -2.48059e+001  3.56829e+001  2.00083e+002
          1202  1.98162e+002  1.20200e+003 -2.48198e+001  3.56828e+001  2.00167e+002
          1203  1.98244e+002  1.20300e+003 -2.48351e+001  3.56827e+001  2.00250e+002
          1204  1.98321e+002  1.20400e+003 -2.48532e+001  3.56825e+001  2.00333e+002
          1205  1.98410e+002  1.20500e+003 -2.48685e+001  3.56824e+001  2.00417e+002
          1206  1.98490e+002  1.20600e+003 -2.48826e+001  3.56823e+001  2.00500e+002
          1207  1.98576e+002  1.20700e+003 -2.48972e+001  3.56822e+001  2.00583e+002
          1208  1.98660e+002  1.20800e+003 -2.49113e+001  3.56821e+001  2.00667e+002
          1209  1.98739e+002  1.20900e+003 -2.49249e+001  3.56820e+001  2.00750e+002
          1210  1.98820e+002  1.21000e+003 -2.49392e+001  3.56818e+001  2.00833e+002
          1211  1.98911e+002  1.21100e+003 -2.49529e+001  3.56817e+001  2.00917e+002
          1212  1.98990e+002  1.21200e+003 -2.49674e+001  3.56815e+001  2.01000e+002
          1213  1.99077e+002  1.21300e+003 -2.49816e+001  3.56814e+001  2.01083e+002
          1214  1.99167e+002  1.21400e+003 -2.49960e+001  3.56813e+001  2.01167e+002
          1215  1.99244e+002  1.21500e+003 -2.50100e+001  3.56812e+001  2.01250e+002
          1216  1.99329e+002  1.21600e+003 -2.50218e+001  3.56811e+001  2.01333e+002
          1217  1.99416e+002  1.21700e+003 -2.50345e+001  3.56811e+001  2.01417e+002
          1218  1.99496e+002  1.21800e+003 -2.50482e+001  3.56811e+001  2.01500e+002
          1219  1.99577e+002  1.21900e+003 -2.50627e+001  3.56810e+001  2.01583e+002
          1220  1.99669e+002  1.22000e+003 -2.50753e+001  3.56810e+001  2.01667e+002
          1221  1.99752e+002  1.22100e+003 -2.50876e+001  3.56809e+001  2.01750e+002
          1222  1.99832e+002  1.22200e+003 -2.50999e+001  3.56808e+001  2.01833e+002
          1223  1.99924e+002  1.22300e+003 -2.51121e+001  3.56807e+001  2.01917e+002
          1224  2.00007e+002  1.22400e+003 -2.51222e+001  3.56805e+001  2.02000e+002
          1225  2.00089e+002  1.22500e+003 -2.51335e+001  3.56803e+001  2.02083e+002
          1226  2.00175e+002  1.22600e+003 -2.51461e+001  3.56801e+001  2.02167e+002
          1227  2.00263e+002  1.22700e+003 -2.51604e+001  3.56799e+001  2.02250e+002
          1228  2.00334e+002  1.22800e+003 -2.51728e+001  3.56796e+001  2.02333e+002
          1229  2.00426e+002  1.22900e+003 -2.51852e+001  3.56795e+001  2.02417e+002
          1230  2.00519e+002  1.23000e+003 -2.51977e+001  3.56793e+001  2.02500e+002
          1231  2.00597e+002  1.23100e+003 -2.52107e+001  3.56792e+001  2.02583e+002
          1232  2.00687e+002  1.23200e+003 -2.52232e+001  3.56792e+001  2.02667e+002
          1233  2.00766e+002  1.23300e+003 -2.52358e+001  3.56791e+001  2.02750e+002
          1234  2.00849e+002  1.23400e+003 -2.52488e+001  3.56791e+001  2.02833e+002
          1235  2.00929e+002  1.23500e+003 -2.52619e+001  3.56790e+001  2.02917e+002
          1236  2.01011e+002  1.23600e+003 -2.52792e+001  3.56790e+001  2.03000e+002
          1237  2.01102e+002  1.23700e+003 -2.52931e+001  3.56789e+001  2.03083e+002
          1238  2.01190e+002  1.23800e+003 -2.53062e+001  3.56788e+001  2.03167e+002
          1239  2.01263e+002  1.23900e+003 -2.53197e+001  3.56787e+001  2.03250e+002
          1240  2.01347e+002  1.24000e+003 -2.53317e+001  3.56785e+001  2.03333e+002
          1241  2.01438e+002  1.24100e+003 -2.53445e+001  3.56783e+001  2.03417e+002
          1242  2.01523e+002  1.24200e+003 -2.53571e+001  3.56781e+001  2.03500e+002
          1243  2.01611e+002  1.24300e+003 -2.53690e+001  3.56779e+001  2.03583e+002
          1244  2.01689e+002  1.24400e+003 -2.53799e+001  3.56776e+001  2.03667e+002
          1245  2.01786e+002  1.24500e+003 -2.53920e+001  3.56775e+001  2.03750e+002
          1246  2.01866e+002  1.24600e+003 -2.54053e+001  3.56773e+001  2.03833e+002
          1247  2.01952e+002  1.24700e+003 -2.54189e+001  3.56772e+001  2.03917e+002
          1248  2.02024e+002  1.24800e+003 -2.54332e+001  3.56772e+001  2.04000e+002
          1249  2.02110e+002  1.24900e+003 -2.54473e+001  3.56771e+001  2.04083e+002
          1250  2.02193e+002  1.25000e+003 -2.54609e+001  3.56771e+001  2.04167e+002
          1251  2.02273e+002  1.25100e+003 -2.54743e+001  3.56770e+001  2.04250e+002
          1252  2.02350e+002  1.25200e+003 -2.54882e+001  3.56769e+001  2.04333e+002
          1253  2.02442e+002  1.25300e+003 -2.55015e+001  3.56768e+001  2.04417e+002
          1254  2.02536e+002  1.25400e+003 -2.55144e+001  3.56767e+001  2.04500e+002
          1255  2.02609e+002  1.25500e+003 -2.55271e+001  3.56766e+001  2.04583e+002
          1256  2.02701e+002  1.25600e+003 -2.55442e+001  3.56763e+001  2.04667e+002
          1257  2.02781e+002  1.25700e+003 -2.55592e+001  3.56761e+001  2.04750e+002
          1258  2.02871e+002  1.25800e+003 -2.55734e+001  3.56759e+001  2.04833e+002
          1259  2.02953e+002  1.25900e+003 -2.55884e+001  3.56757e+001  2.04917e+002
          1260  2.03047e+002  1.26000e+003 -2.55992e+001  3.56756e+001  2.05000e+002
          1261  2.03116e+002  1.26100e+003 -2.56119e+001  3.56754e+001  2.05083e+002
          1262  2.03213e+002  1.26200e+003 -2.56249e+001  3.56753e+001  2.05167e+002
          1263  2.03299e+002  1.26300e+003 -2.56371e+001  3.56752e+001  2.05250e+002
          1264  2.03384e+002  1.26400e+003 -2.56501e+001  3.56750e+001  2.05333e+002
          1265  2.03462e+002  1.26500e+003 -2.56629e+001  3.56749e+001  2.05417e+002
          1266  2.03554e+002  1.26600e+003 -2.56747e+001  3.56747e+001  2.05500e+002
          1267  2.03639e+002  1.26700e+003 -2.56861e+001  3.56746e+001  2.05583e+002
          1268  2.03713e+002  1.26800e+003 -2.56975e+001  3.56744e+001  2.05667e+002
          1269  2.03806e+002  1.26900e+003 -2.57105e+001  3.56743e+001  2.05750e+002
          1270  2.03890e+002  1.27000e+003 -2.57234e+001  3.56742e+001  2.05833e+002
          1271  2.03966e+002  1.27100e+003 -2.57366e+001  3.56741e+001  2.05917e+002
          1272  2.04059e+002  1.27200e+003 -2.57464e+001  3.56740e+001  2.06000e+002
          1273  2.04144e+002  1.27300e+003 -2.57585e+001  3.56739e+001  2.06083e+002
          1274  2.04217e+002  1.27400e+003 -2.57713e+001  3.56738e+001  2.06167e+002
          1275  2.04307e+002  1.27500e+003 -2.57829e+001  3.56737e+001  2.06250e+002
          1276  2.04383e+002  1.27600e+003 -2.57978e+001  3.56735e+001  2.06333e+002
          1277  2.04467e+002  1.27700e+003 -2.58104e+001  3.56733e+001  2.06417e+002
          1278  2.04556e+002  1.27800e+003 -2.58225e+001  3.56731e+001  2.06500e+002
          1279  2.04634e+002  1.27900e+003 -2.58346e+001  3.56729e+001  2.06583e+002
          1280  2.04720e+002  1.28000e+003 -2.58472e+001  3.56726e+001  2.06667e+002
          1281  2.04809e+002  1.28100e+003 -2.58602e+001  3.56725e+001  2.06750e+002
          1282  2.04886e+002  1.28200e+003 -2.58721e+001  3.56723e+001  2.06833e+002
          1283  2.04973e+002  1.28300e+003 -2.58837e+001  3.56722e+001  2.06917e+002
          1284  2.05058e+002  1.28400e+003 -2.58939e+001  3.56721e+001  2.07000e+002
          1285  2.05139e+002  1.28500e+003 -2.59051e+001  3.56720e+001  2.07083e+002
          1286  2.05239e+002  1.28600e+003 -2.59171e+001  3.56718e+001  2.07167e+002
          1287  2.05309e+002  1.28700e+003 -2.59293e+001  3.56717e+001  2.07250e+002
          1288  2.05396e+002  1.28800e+003 -2.59406e+001  3.56715e+001  2.07333e+002
          1289  2.05478e+002  1.28900e+003 -2.59522e+001  3.56714e+001  2.07417e+002
          1290  2.05567e+002  1.29000e+003 -2.59638e+001  3.56712e+001  2.07500e+002
          1291  2.05654e+002  1.29100e+003 -2.59749e+001  3.56710e+001  2.07583e+002
          1292  2.05737e+002  1.29200e+003 -2.59852e+001  3.56708e+001  2.07667e+002
          1293  2.05816e+002  1.29300e+003 -2.59959e+001  3.56706e+001  2.07750e+002
          1294  2.05895e+002  1.29400e+003 -2.60080e+001  3.56704e+001  2.07833e+002
          1295  2.05991e+002  1.29500e+003 -2.60194e+001  3.56702e+001  2.07917e+002
          1296  2.06072e+002  1.29600e+003 -2.60324e+001  3.56700e+001  2.08000e+002
          1297  2.06152e+002  1.29700e+003 -2.60450e+001  3.56698e+001  2.08083e+002
          1298  2.06236e+002  1.29800e+003 -2.60578e+001  3.56696e+001  2.08167e+002
          1299  2.06318e+002  1.29900e+003 -2.60708e+001  3.56695e+001  2.08250e+002
          1300  2.06406e+002  1.30000e+003 -2.60823e+001  3.56693e+001  2.08333e+002
          1301  2.06491e+002  1.30100e+003 -2.60943e+001  3.56692e+001  2.08417e+002
          1302  2.06567e+002  1.30200e+003 -2.61065e+001  3.56691e+001  2.08500e+002
          1303  2.06651e+002  1.30300e+003 -2.61189e+001  3.56689e+001  2.08583e+002
          1304  2.06733e+002  1.30400e+003 -2.61336e+001  3.56688e+001  2.08667e+002
          1305  2.06815e+002  1.30500e+003 -2.61475e+001  3.56687e+001  2.08750e+002
          1306  2.06904e+002  1.30600e+003 -2.61604e+001  3.56684e+001  2.08833e+002
          1307  2.06983e+002  1.30700e+003 -2.61733e+001  3.56682e+001  2.08917e+002
          1308  2.07068e+002  1.30800e+003 -2.61844e+001  3.56679e+001  2.09000e+002
          1309  2.07151e+002  1.30900e+003 -2.61968e+001  3.56677e+001  2.09083e+002
          1310  2.07230e+002  1.31000e+003 -2.62097e+001  3.56675e+001  2.09167e+002
          1311  2.07315e+002  1.31100e+003 -2.62226e+001  3.56672e+001  2.09250e+002
          1312  2.07398e+002  1.31200e+003 -2.62363e+001  3.56670e+001  2.09333e+002
          1313  2.07488e+002  1.31300e+003 -2.62492e+001  3.56668e+001  2.09417e+002
          1314  2.07578e+002  1.31400e+003 -2.62605e+001  3.56666e+001  2.09500e+002
          1315  2.07653e+002  1.31500e+003 -2.62711e+001  3.56665e+001  2.09583e+002
          1316  2.07753e+002  1.31600e+003 -2.62826e+001  3.56663e+001  2.09667e+002
          1317  2.07840e+002  1.31700e+003 -2.62955e+001  3.56662e+001  2.09750e+002
          1318  2.07913e+002  1.31800e+003 -2.63077e+001  3.56661e+001  2.09833e+002
          1319  2.07992e+002  1.31900e+003 -2.63193e+001  3.56659e+001  2.09917e+002
          1320  2.08084e+002  1.32000e+003 -2.63307e+001  3.56658e+001  2.10000e+002
          1321  2.08170e+002  1.32100e+003 -2.63421e+001  3.56657e+001  2.10083e+002
          1322  2.08255e+002  1.32200e+003 -2.63534e+001  3.56655e+001  2.10167e+002
          1323  2.08354e+002  1.32300e+003 -2.63651e+001  3.56653e+001  2.10250e+002
          1324  2.08423e+002  1.32400e+003 -2.63751e+001  3.56651e+001  2.10333e+002
          1325  2.08520e+002  1.32500e+003 -2.63862e+001  3.56649e+001  2.10417e+002
          1326  2.08597e+002  1.32600e+003 -2.63980e+001  3.56646e+001  2.10500e+002
          1327  2.08679e+002  1.32700e+003 -2.64098e+001  3.56644e+001  2.10583e+002
          1328  2.08765e+002  1.32800e+003 -2.64199e+001  3.56641e+001  2.10667e+002
          1329  2.08851e+002  1.32900e+003 -2.64311e+001  3.56639e+001  2.10750e+002
          1330  2.08943e+002  1.33000e+003 -2.64424e+001  3.56637e+001  2.10833e+002
          1331  2.09012e+002  1.33100e+003 -2.64535e+001  3.56635e+001  2.10917e+002
          1332  2.09097e+002  1.33200e+003 -2.64662e+001  3.56633e+001  2.11000e+002
          1333  2.09185e+002  1.33300e+003 -2.64776e+001  3.56631e+001  2.11083e+002
          1334  2.09267e+002  1.33400e+003 -2.64887e+001  3.56629e+001  2.11167e+002
          1335  2.09344e+002  1.33500e+003 -2.64993e+001  3.56627e+001  2.11250e+002
          1336  2.09431e+002  1.33600e+003 -2.65105e+001  3.56626e+001  2.11333e+002
          1337  2.09509e+002  1.33700e+003 -2.65215e+001  3.56624e+001  2.11417e+002
          1338  2.09600e+002  1.33800e+003 -2.65327e+001  3.56622e+001  2.11500e+002
          1339  2.09675e+002  1.33900e+003 -2.65437e+001  3.56620e+001  2.11583e+002
          1340  2.09761e+002  1.34000e+003 -2.65543e+001  3.56617e+001  2.11667e+002
          1341  2.09847e+002  1.34100e+003 -2.65653e+001  3.56614e+001  2.11750e+002
          1342  2.09936e+002  1.34200e+003 -2.65768e+001  3.56611e+001  2.11833e+002
          1343  2.10016e+002  1.34300e+003 -2.65883e+001  3.56609e+001  2.11917e+002
          1344  2.10109e+002  1.34400e+003 -2.65973e+001  3.56606e+001  2.12000e+002
          1345  2.10184e+002  1.34500e+003 -2.66073e+001  3.56604e+001  2.12083e+002
          1346  2.10271e+002  1.34600e+003 -2.66187e+001  3.56601e+001  2.12167e+002
          1347  2.10348e+002  1.34700e+003 -2.66304e+001  3.56599e+001  2.12250e+002
          1348  2.10431e+002  1.34800e+003 -2.66424e+001  3.56598e+001  2.12333e+002
          1349  2.10532e+002  1.34900e+003 -2.66539e+001  3.56596e+001  2.12417e+002
          1350  2.10613e+002  1.35000e+003 -2.66657e+001  3.56594e+001  2.12500e+002
          1351  2.10691e+002  1.35100e+003 -2.66780e+001  3.56592e+001  2.12583e+002
          1352  2.10778e+002  1.35200e+003 -2.66899e+001  3.56590e+001  2.12667e+002
          1353  2.10865e+002  1.35300e+003 -2.67023e+001  3.56588e+001  2.12750e+002
          1354  2.10942e+002  1.35400e+003 -2.67150e+001  3.56586e+001  2.12833e+002
          1355  2.11013e+002  1.35500e+003 -2.67282e+001  3.56585e+001  2.12917e+002
          1356  2.11108e+002  1.35600e+003 -2.67422e+001  3.56582e+001  2.13000e+002
          1357  2.11183e+002  1.35700e+003 -2.67545e+001  3.56579e+001  2.13083e+002
          1358  2.11285e+002  1.35800e+003 -2.67658e+001  3.56576e+001  2.13167e+002
          1359  2.11352e+002  1.35900e+003 -2.67776e+001  3.56573e+001  2.13250e+002
          1360  2.11449e+002  1.36000e+003 -2.67892e+001  3.56569e+001  2.13333e+002
          1361  2.11536e+002  1.36100e+003 -2.67999e+001  3.56566e+001  2.13417e+002
          1362  2.11613e+002  1.36200e+003 -2.68101e+001  3.56563e+001  2.13500e+002
          1363  2.11694e+002  1.36300e+003 -2.68197e+001  3.56560e+001  2.13583e+002
          1364  2.11783e+002  1.36400e+003 -2.68288e+001  3.56559e+001  2.13667e+002
          1365  2.11874e+002  1.36500e+003 -2.68392e+001  3.56557e+001  2.13750e+002
          1366  2.11956e+002  1.36600e+003 -2.68502e+001  3.56555e+001  2.13833e+002
          1367  2.12041e+002  1.36700e+003 -2.68615e+001  3.56552e+001  2.13917e+002
          1368  2.12121e+002  1.36800e+003 -2.68717e+001  3.56550e+001  2.14000e+002
          1369  2.12203e+002  1.36900e+003 -2.68821e+001  3.56548e+001  2.14083e+002
          1370  2.12295e+002  1.37000e+003 -2.68924e+001  3.56546e+001  2.14167e+002
          1371  2.12379e+002  1.37100e+003 -2.69031e+001  3.56545e+001  2.14250e+002
          1372  2.12460e+002  1.37200e+003 -2.69146e+001  3.56542e+001  2.14333e+002
          1373  2.12547e+002  1.37300e+003 -2.69263e+001  3.56539e+001  2.14417e+002
          1374  2.12623e+002  1.37400e+003 -2.69379e+001  3.56536e+001  2.14500e+002
          1375  2.12711e+002  1.37500e+003 -2.69482e+001  3.56533e+001  2.14583e+002
          1376  2.12785e+002  1.37600e+003 -2.69610e+001  3.56529e+001  2.14667e+002
          1377  2.12876e+002  1.37700e+003 -2.69721e+001  3.56526e+001  2.14750e+002
          1378  2.12968e+002  1.37800e+003 -2.69827e+001  3.56523e+001  2.14833e+002
          1379  2.13049e+002  1.37900e+003 -2.69933e+001  3.56520e+001  2.14917e+002
          1380  2.13129e+002  1.38000e+003 -2.70033e+001  3.56519e+001  2.15000e+002
          1381  2.13208e+002  1.38100e+003 -2.70134e+001  3.56516e+001  2.15083e+002
          1382  2.13284e+002  1.38200e+003 -2.70239e+001  3.56514e+001  2.15167e+002
          1383  2.13389e+002  1.38300e+003 -2.70339e+001  3.56511e+001  2.15250e+002
          1384  2.13473e+002  1.38400e+003 -2.70425e+001  3.56509e+001  2.15333e+002
          1385  2.13540e+002  1.38500e+003 -2.70512e+001  3.56507e+001  2.15417e+002
          1386  2.13623e+002  1.38600e+003 -2.70602e+001  3.56504e+001  2.15500e+002
          1387  2.13709e+002  1.38700e+003 -2.70699e+001  3.56501e+001  2.15583e+002
          1388  2.13807e+002  1.38800e+003 -2.70797e+001  3.56499e+001  2.15667e+002
          1389  2.13897e+002  1.38900e+003 -2.70896e+001  3.56497e+001  2.15750e+002
          1390  2.13977e+002  1.39000e+003 -2.70998e+001  3.56494e+001  2.15833e+002
          1391  2.14056e+002  1.39100e+003 -2.71099e+001  3.56491e+001  2.15917e+002
          1392  2.14147e+002  1.39200e+003 -2.71189e+001  3.56488e+001  2.16000e+002
          1393  2.14230e+002  1.39300e+003 -2.71290e+001  3.56485e+001  2.16083e+002
          1394  2.14323e+002  1.39400e+003 -2.71393e+001  3.56482e+001  2.16167e+002
          1395  2.14407e+002  1.39500e+003 -2.71501e+001  3.56479e+001  2.16250e+002
          1396  2.14479e+002  1.39600e+003 -2.71618e+001  3.56475e+001  2.16333e+002
          1397  2.14569e+002  1.39700e+003 -2.71721e+001  3.56472e+001  2.16417e+002
          1398  2.14655e+002  1.39800e+003 -2.71818e+001  3.56469e+001  2.16500e+002
          1399  2.14738e+002  1.39900e+003 -2.71908e+001  3.56467e+001  2.16583e+002
          1400  2.14815e+002  1.40000e+003 -2.71998e+001  3.56464e+001  2.16667e+002
          1401  2.14908e+002  1.40100e+003 -2.72094e+001  3.56461e+001  2.16750e+002
          1402  2.14993e+002  1.40200e+003 -2.72188e+001  3.56458e+001  2.16833e+002
          1403  2.15076e+002  1.40300e+003 -2.72284e+001  3.56455e+001  2.16917e+002
          1404  2.15154e+002  1.40400e+003 -2.72384e+001  3.56452e+001  2.17000e+002
          1405  2.15248e+002  1.40500e+003 -2.72485e+001  3.56450e+001  2.17083e+002
          1406  2.15337e+002  1.40600e+003 -2.72585e+001  3.56447e+001  2.17167e+002
          1407  2.15409e+002  1.40700e+003 -2.72683e+001  3.56444e+001  2.17250e+002
          1408  2.15496e+002  1.40800e+003 -2.72771e+001  3.56440e+001  2.17333e+002
          1409  2.15574e+002  1.40900e+003 -2.72876e+001  3.56437e+001  2.17417e+002
          1410  2.15662e+002  1.41000e+003 -2.72985e+001  3.56433e+001  2.17500e+002
          1411  2.15757e+002  1.41100e+003 -2.73094e+001  3.56430e+001  2.17583e+002
          1412  2.15828e+002  1.41200e+003 -2.73213e+001  3.56426e+001  2.17667e+002
          1413  2.15911e+002  1.41300e+003 -2.73325e+001  3.56422e+001  2.17750e+002
          1414  2.16001e+002  1.41400e+003 -2.73441e+001  3.56419e+001  2.17833e+002
          1415  2.16072e+002  1.41500e+003 -2.73553e+001  3.56416e+001  2.17917e+002
          1416  2.16161e+002  1.41600e+003 -2.73653e+001  3.56413e+001  2.18000e+002
          1417  2.16242e+002  1.41700e+003 -2.73752e+001  3.56410e+001  2.18083e+002
          1418  2.16331e+002  1.41800e+003 -2.73859e+001  3.56407e+001  2.18167e+002
          1419  2.16419e+002  1.41900e+003 -2.73968e+001  3.56404e+001  2.18250e+002
          1420  2.16506e+002  1.42000e+003 -2.74057e+001  3.56401e+001  2.18333e+002
          1421  2.16590e+002  1.42100e+003 -2.74154e+001  3.56399e+001  2.18417e+002
          1422  2.16675e+002  1.42200e+003 -2.74259e+001  3.56396e+001  2.18500e+002
          1423  2.16753e+002  1.42300e+003 -2.74372e+001  3.56393e+001  2.18583e+002
          1424  2.16844e+002  1.42400e+003 -2.74460e+001  3.56390e+001  2.18667e+002
          1425  2.16920e+002  1.42500e+003 -2.74556e+001  3.56386e+001  2.18750e+002
          1426  2.17003e+002  1.42600e+003 -2.74654e+001  3.56383e+001  2.18833e+002
          1427  2.17087e+002  1.42700e+003 -2.74748e+001  3.56379e+001  2.18917e+002
          1428  2.17173e+002  1.42800e+003 -2.74837e+001  3.56376e+001  2.19000e+002
          1429  2.17252e+002  1.42900e+003 -2.74918e+001  3.56372e+001  2.19083e+002
          1430  2.17352e+002  1.43000e+003 -2.75011e+001  3.56368e+001  2.19167e+002
          1431  2.17431e+002  1.43100e+003 -2.75110e+001  3.56364e+001  2.19250e+002
          1432  2.17508e+002  1.43200e+003 -2.75201e+001  3.56361e+001  2.19333e+002
          1433  2.17600e+002  1.43300e+003 -2.75278e+001  3.56357e+001  2.19417e+002
          1434  2.17688e+002  1.43400e+003 -2.75350e+001  3.56354e+001  2.19500e+002
          1435  2.17763e+002  1.43500e+003 -2.75429e+001  3.56350e+001  2.19583e+002
          1436  2.17857e+002  1.43600e+003 -2.75494e+001  3.56347e+001  2.19667e+002
          1437  2.17933e+002  1.43700e+003 -2.75569e+001  3.56344e+001  2.19750e+002
          1438  2.18021e+002  1.43800e+003 -2.75643e+001  3.56340e+001  2.19833e+002
          1439  2.18111e+002  1.43900e+003 -2.75727e+001  3.56337e+001  2.19917e+002
          1440  2.18191e+002  1.44000e+003 -2.75839e+001  3.56333e+001  2.20000e+002
          1441  2.18279e+002  1.44100e+003 -2.75932e+001  3.56330e+001  2.20083e+002
          1442  2.18365e+002  1.44200e+003 -2.76020e+001  3.56326e+001  2.20167e+002
          1443  2.18450e+002  1.44300e+003 -2.76117e+001  3.56322e+001  2.20250e+002
          1444  2.18539e+002  1.44400e+003 -2.76200e+001  3.56318e+001  2.20333e+002
          1445  2.18612e+002  1.44500e+003 -2.76284e+001  3.56314e+001  2.20417e+002
          1446  2.18708e+002  1.44600e+003 -2.76362e+001  3.56310e+001  2.20500e+002
          1447  2.18784e+002  1.44700e+003 -2.76439e+001  3.56306e+001  2.20583e+002
          1448  2.18866e+002  1.44800e+003 -2.76554e+001  3.56302e+001  2.20667e+002
          1449  2.18952e+002  1.44900e+003 -2.76655e+001  3.56298e+001  2.20750e+002
          1450  2.19049e+002  1.45000e+003 -2.76748e+001  3.56294e+001  2.20833e+002
          1451  2.19123e+002  1.45100e+003 -2.76823e+001  3.56291e+001  2.20917e+002
          1452  2.19210e+002  1.45200e+003 -2.76888e+001  3.56287e+001  2.21000e+002
          1453  2.19298e+002  1.45300e+003 -2.76954e+001  3.56283e+001  2.21083e+002
          1454  2.19376e+002  1.45400e+003 -2.77032e+001  3.56279e+001  2.21167e+002
          1455  2.19462e+002  1.45500e+003 -2.77116e+001  3.56276e+001  2.21250e+002
          1456  2.19540e+002  1.45600e+003 -2.77199e+001  3.56272e+001  2.21333e+002
          1457  2.19627e+002  1.45700e+003 -2.77281e+001  3.56268e+001  2.21417e+002
          1458  2.19711e+002  1.45800e+003 -2.77361e+001  3.56264e+001  2.21500e+002
          1459  2.19802e+002  1.45900e+003 -2.77435e+001  3.56259e+001  2.21583e+002
          1460  2.19883e+002  1.46000e+003 -2.77484e+001  3.56256e+001  2.21667e+002
          1461  2.19972e+002  1.46100e+003 -2.77547e+001  3.56251e+001  2.21750e+002
          1462  2.20051e+002  1.46200e+003 -2.77611e+001  3.56247e+001  2.21833e+002
          1463  2.20142e+002  1.46300e+003 -2.77685e+001  3.56243e+001  2.21917e+002
          1464  2.20215e+002  1.46400e+003 -2.77767e+001  3.56239e+001  2.22000e+002
          1465  2.20302e+002  1.46500e+003 -2.77840e+001  3.56235e+001  2.22083e+002
          1466  2.20384e+002  1.46600e+003 -2.77925e+001  3.56230e+001  2.22167e+002
          1467  2.20468e+002  1.46700e+003 -2.78016e+001  3.56226e+001  2.22250e+002
          1468  2.20550e+002  1.46800e+003 -2.78062e+001  3.56222e+001  2.22333e+002
          1469  2.20643e+002  1.46900e+003 -2.78137e+001  3.56218e+001  2.22417e+002
          1470  2.20718e+002  1.47000e+003 -2.78219e+001  3.56214e+001  2.22500e+002
          1471  2.20810e+002  1.47100e+003 -2.78295e+001  3.56210e+001  2.22583e+002
          1472  2.20891e+002  1.47200e+003 -2.78388e+001  3.56206e+001  2.22667e+002
          1473  2.20982e+002  1.47300e+003 -2.78467e+001  3.56202e+001  2.22750e+002
          1474  2.21061e+002  1.47400e+003 -2.78540e+001  3.56198e+001  2.22833e+002
          1475  2.21135e+002  1.47500e+003 -2.78612e+001  3.56194e+001  2.22917e+002
          1476  2.21221e+002  1.47600e+003 -2.78701e+001  3.56190e+001  2.23000e+002
          1477  2.21310e+002  1.47700e+003 -2.78786e+001  3.56186e+001  2.23083e+002
          1478  2.21391e+002  1.47800e+003 -2.78874e+001  3.56181e+001  2.23167e+002
          1479  2.21485e+002  1.47900e+003 -2.78959e+001  3.56177e+001  2.23250e+002
          1480  2.21558e+002  1.48000e+003 -2.79033e+001  3.56172e+001  2.23333e+002
          1481  2.21646e+002  1.48100e+003 -2.79106e+001  3.56167e+001  2.23417e+002
          1482  2.21737e+002  1.48200e+003 -2.79184e+001  3.56162e+001  2.23500e+002
          1483  2.21814e+002  1.48300e+003 -2.79260e+001  3.56157e+001  2.23583e+002
          1484  2.21898e+002  1.48400e+003 -2.79357e+001  3.56153e+001  2.23667e+002
          1485  2.21976e+002  1.48500e+003 -2.79435e+001  3.56149e+001  2.23750e+002
          1486  2.22056e+002  1.48600e+003 -2.79513e+001  3.56144e+001  2.23833e+002
          1487  2.22149e+002  1.48700e+003 -2.79589e+001  3.56140e+001  2.23917e+002
          1488  2.22231e+002  1.48800e+003 -2.79631e+001  3.56136e+001  2.24000e+002
          1489  2.22313e+002  1.48900e+003 -2.79695e+001  3.56131e+001  2.24083e+002
          1490  2.22400e+002  1.49000e+003 -2.79765e+001  3.56127e+001  2.24167e+002
          1491  2.22490e+002  1.49100e+003 -2.79837e+001  3.56122e+001  2.24250e+002
          1492  2.22572e+002  1.49200e+003 -2.79885e+001  3.56117e+001  2.24333e+002
          1493  2.22665e+002  1.49300e+003 -2.79939e+001  3.56112e+001  2.24417e+002
          1494  2.22747e+002  1.49400e+003 -2.80000e+001  3.56108e+001  2.24500e+002
          1495  2.22822e+002  1.49500e+003 -2.80069e+001  3.56102e+001  2.24583e+002
          1496  2.22907e+002  1.49600e+003 -2.80111e+001  3.56098e+001  2.24667e+002
          1497  2.22997e+002  1.49700e+003 -2.80170e+001  3.56093e+001  2.24750e+002
          1498  2.23076e+002  1.49800e+003 -2.80239e+001  3.56088e+001  2.24833e+002
          1499  2.23165e+002  1.49900e+003 -2.80303e+001  3.56082e+001  2.24917e+002
          1500  2.23251e+002  1.50000e+003 -2.80378e+001  3.56078e+001  2.25000e+002
          1501  2.23332e+002  1.50100e+003 -2.80441e+001  3.56073e+001  2.25083e+002
          1502  2.23418e+002  1.50200e+003 -2.80506e+001  3.56068e+001  2.25167e+002
          1503  2.23503e+002  1.50300e+003 -2.80580e+001  3.56063e+001  2.25250e+002
          1504  2.23587e+002  1.50400e+003 -2.80658e+001  3.56058e+001  2.25333e+002
          1505  2.23668e+002  1.50500e+003 -2.80725e+001  3.56052e+001  2.25417e+002
          1506  2.23757e+002  1.50600e+003 -2.80790e+001  3.56047e+001  2.25500e+002
          1507  2.23831e+002  1.50700e+003 -2.80854e+001  3.56041e+001  2.25583e+002
          1508  2.23928e+002  1.50800e+003 -2.80928e+001  3.56036e+001  2.25667e+002
          1509  2.24011e+002  1.50900e+003 -2.81009e+001  3.56030e+001  2.25750e+002
          1510  2.24101e+002  1.51000e+003 -2.81080e+001  3.56024e+001  2.25833e+002
          1511  2.24182e+002  1.51100e+003 -2.81151e+001  3.56019e+001  2.25917e+002
          1512  2.24259e+002  1.51200e+003 -2.81215e+001  3.56013e+001  2.26000e+002
          1513  2.24339e+002  1.51300e+003 -2.81270e+001  3.56008e+001  2.26083e+002
          1514  2.24432e+002  1.51400e+003 -2.81334e+001  3.56003e+001  2.26167e+002
          1515  2.24521e+002  1.51500e+003 -2.81410e+001  3.55998e+001  2.26250e+002
          1516  2.24606e+002  1.51600e+003 -2.81467e+001  3.55992e+001  2.26333e+002
          1517  2.24686e+002  1.51700e+003 -2.81530e+001  3.55987e+001  2.26417e+002
          1518  2.24774e+002  1.51800e+003 -2.81599e+001  3.55981e+001  2.26500e+002
          1519  2.24870e+002  1.51900e+003 -2.81666e+001  3.55975e+001  2.26583e+002
          1520  2.24936e+002  1.52000e+003 -2.81716e+001  3.55969e+001  2.26667e+002
          1521  2.25024e+002  1.52100e+003 -2.81772e+001  3.55964e+001  2.26750e+002
          1522  2.25109e+002  1.52200e+003 -2.81831e+001  3.55958e+001  2.26833e+002
          1523  2.25187e+002  1.52300e+003 -2.81896e+001  3.55953e+001  2.26917e+002
          1524  2.25281e+002  1.52400e+003 -2.81981e+001  3.55948e+001  2.27000e+002
          1525  2.25369e+002  1.52500e+003 -2.82057e+001  3.55943e+001  2.27083e+002
          1526  2.25448e+002  1.52600e+003 -2.82133e+001  3.55938e+001  2.27167e+002
          1527  2.25537e+002  1.52700e+003 -2.82210e+001  3.55933e+001  2.27250e+002
          1528  2.25623e+002  1.52800e+003 -2.82272e+001  3.55927e+001  2.27333e+002
          1529  2.25704e+002  1.52900e+003 -2.82339e+001  3.55921e+001  2.27417e+002
          1530  2.25786e+002  1.53000e+003 -2.82414e+001  3.55916e+001  2.27500e+002
          1531  2.25867e+002  1.53100e+003 -2.82488e+001  3.55910e+001  2.27583e+002
          1532  2.25960e+002  1.53200e+003 -2.82568e+001  3.55904e+001  2.27667e+002
          1533  2.26032e+002  1.53300e+003 -2.82637e+001  3.55898e+001  2.27750e+002
          1534  2.26124e+002  1.53400e+003 -2.82695e+001  3.55892e+001  2.27833e+002
          1535  2.26209e+002  1.53500e+003 -2.82747e+001  3.55886e+001  2.27917e+002
          1536  2.26290e+002  1.53600e+003 -2.82795e+001  3.55880e+001  2.28000e+002
          1537  2.26368e+002  1.53700e+003 -2.82839e+001  3.55874e+001  2.28083e+002
          1538  2.26464e+002  1.53800e+003 -2.82884e+001  3.55868e+001  2.28167e+002
          1539  2.26539e+002  1.53900e+003 -2.82944e+001  3.55862e+001  2.28250e+002
          1540  2.26629e+002  1.54000e+003 -2.82968e+001  3.55856e+001  2.28333e+002
          1541  2.26711e+002  1.54100e+003 -2.83007e+001  3.55850e+001  2.28417e+002
          1542  2.26791e+002  1.54200e+003 -2.83049e+001  3.55844e+001  2.28500e+002
          1543  2.26887e+002  1.54300e+003 -2.83082e+001  3.55838e+001  2.28583e+002
          1544  2.26956e+002  1.54400e+003 -2.83113e+001  3.55832e+001  2.28667e+002
          1545  2.27057e+002  1.54500e+003 -2.83162e+001  3.55826e+001  2.28750e+002
          1546  2.27126e+002  1.54600e+003 -2.83217e+001  3.55819e+001  2.28833e+002
          1547  2.27222e+002  1.54700e+003 -2.83275e+001  3.55813e+001  2.28917e+002
          1548  2.27306e+002  1.54800e+003 -2.83366e+001  3.55807e+001  2.29000e+002
          1549  2.27381e+002  1.54900e+003 -2.83436e+001  3.55801e+001  2.29083e+002
          1550  2.27474e+002  1.55000e+003 -2.83496e+001  3.55795e+001  2.29167e+002
          1551  2.27559e+002  1.55100e+003 -2.83548e+001  3.55788e+001  2.29250e+002
          1552  2.27642e+002  1.55200e+003 -2.83603e+001  3.55782e+001  2.29333e+002
          1553  2.27729e+002  1.55300e+003 -2.83653e+001  3.55776e+001  2.29417e+002
          1554  2.27817e+002  1.55400e+003 -2.83709e+001  3.55769e+001  2.29500e+002
          1555  2.27896e+002  1.55500e+003 -2.83755e+001  3.55763e+001  2.29583e+002
          1556  2.27977e+002  1.55600e+003 -2.83835e+001  3.55757e+001  2.29667e+002
          1557  2.28061e+002  1.55700e+003 -2.83899e+001  3.55750e+001  2.29750e+002
          1558  2.28152e+002  1.55800e+003 -2.83951e+001  3.55744e+001  2.29833e+002
          1559  2.28226e+002  1.55900e+003 -2.84001e+001  3.55737e+001  2.29917e+002
          1560  2.28297e+002  1.56000e+003 -2.84008e+001  3.55730e+001  2.30000e+002
          1561  2.28400e+002  1.56100e+003 -2.84039e+001  3.55723e+001  2.30083e+002
          1562  2.28485e+002  1.56200e+003 -2.84081e+001  3.55717e+001  2.30167e+002
          1563  2.28563e+002  1.56300e+003 -2.84120e+001  3.55710e+001  2.30250e+002
          1564  2.28637e+002  1.56400e+003 -2.84153e+001  3.55703e+001  2.30333e+002
          1565  2.28723e+002  1.56500e+003 -2.84187e+001  3.55697e+001  2.30417e+002
          1566  2.28816e+002  1.56600e+003 -2.84223e+001  3.55690e+001  2.30500e+002
          1567  2.28906e+002  1.56700e+003 -2.84265e+001  3.55683e+001  2.30583e+002
          1568  2.28989e+002  1.56800e+003 -2.84283e+001  3.55677e+001  2.30667e+002
          1569  2.29086e+002  1.56900e+003 -2.84316e+001  3.55670e+001  2.30750e+002
          1570  2.29158e+002  1.57000e+003 -2.84357e+001  3.55663e+001  2.30833e+002
          1571  2.29252e+002  1.57100e+003 -2.84405e+001  3.55656e+001  2.30917e+002
          1572  2.29322e+002  1.57200e+003 -2.84448e+001  3.55648e+001  2.31000e+002
          1573  2.29411e+002  1.57300e+003 -2.84477e+001  3.55641e+001  2.31083e+002
          1574  2.29495e+002  1.57400e+003 -2.84506e+001  3.55634e+001  2.31167e+002
          1575  2.29572e+002  1.57500e+003 -2.84536e+001  3.55627e+001  2.31250e+002
          1576  2.29657e+002  1.57600e+003 -2.84585e+001  3.55620e+001  2.31333e+002
          1577  2.29746e+002  1.57700e+003 -2.84635e+001  3.55612e+001  2.31417e+002
          1578  2.29830e+002  1.57800e+003 -2.84690e+001  3.55605e+001  2.31500e+002
          1579  2.29913e+002  1.57900e+003 -2.84730e+001  3.55597e+001  2.31583e+002
          1580  2.30004e+002  1.58000e+003 -2.84755e+001  3.55589e+001  2.31667e+002
          1581  2.30090e+002  1.58100e+003 -2.84785e+001  3.55582e+001  2.31750e+002
          1582  2.30180e+002  1.58200e+003 -2.84809e+001  3.55575e+001  2.31833e+002
          1583  2.30262e+002  1.58300e+003 -2.84832e+001  3.55568e+001  2.31917e+002
          1584  2.30356e+002  1.58400e+003 -2.84872e+001  3.55560e+001  2.32000e+002
          1585  2.30431e+002  1.58500e+003 -2.84908e+001  3.55553e+001  2.32083e+002
          1586  2.30505e+002  1.58600e+003 -2.84934e+001  3.55546e+001  2.32167e+002
          1587  2.30601e+002  1.58700e+003 -2.84957e+001  3.55539e+001  2.32250e+002
          1588  2.30689e+002  1.58800e+003 -2.84977e+001  3.55531e+001  2.32333e+002
          1589  2.30768e+002  1.58900e+003 -2.85019e+001  3.55523e+001  2.32417e+002
          1590  2.30852e+002  1.59000e+003 -2.85065e+001  3.55516e+001  2.32500e+002
          1591  2.30944e+002  1.59100e+003 -2.85098e+001  3.55509e+001  2.32583e+002
          1592  2.31019e+002  1.59200e+003 -2.85140e+001  3.55501e+001  2.32667e+002
          1593  2.31104e+002  1.59300e+003 -2.85181e+001  3.55493e+001  2.32750e+002
          1594  2.31185e+002  1.59400e+003 -2.85221e+001  3.55485e+001  2.32833e+002
          1595  2.31271e+002  1.59500e+003 -2.85251e+001  3.55478e+001  2.32917e+002
          1596  2.31352e+002  1.59600e+003 -2.85317e+001  3.55470e+001  2.33000e+002
          1597  2.31445e+002  1.59700e+003 -2.85354e+001  3.55462e+001  2.33083e+002
          1598  2.31518e+002  1.59800e+003 -2.85388e+001  3.55454e+001  2.33167e+002
          1599  2.31611e+002  1.59900e+003 -2.85435e+001  3.55445e+001  2.33250e+002
          1600  2.31697e+002  1.60000e+003 -2.85469e+001  3.55438e+001  2.33333e+002
          1601  2.31791e+002  1.60100e+003 -2.85506e+001  3.55430e+001  2.33417e+002
          1602  2.31874e+002  1.60200e+003 -2.85537e+001  3.55422e+001  2.33500e+002
          1603  2.31952e+002  1.60300e+003 -2.85553e+001  3.55414e+001  2.33583e+002
          1604  2.32042e+002  1.60400e+003 -2.85586e+001  3.55406e+001  2.33667e+002
          1605  2.32129e+002  1.60500e+003 -2.85618e+001  3.55397e+001  2.33750e+002
          1606  2.32208e+002  1.60600e+003 -2.85643e+001  3.55390e+001  2.33833e+002
          1607  2.32299e+002  1.60700e+003 -2.85669e+001  3.55382e+001  2.33917e+002
          1608  2.32377e+002  1.60800e+003 -2.85708e+001  3.55373e+001  2.34000e+002
          1609  2.32466e+002  1.60900e+003 -2.85738e+001  3.55364e+001  2.34083e+002
          1610  2.32545e+002  1.61000e+003 -2.85762e+001  3.55356e+001  2.34167e+002
          1611  2.32638e+002  1.61100e+003 -2.85784e+001  3.55347e+001  2.34250e+002
          1612  2.32709e+002  1.61200e+003 -2.85769e+001  3.55338e+001  2.34333e+002
          1613  2.32800e+002  1.61300e+003 -2.85776e+001  3.55329e+001  2.34417e+002
          1614  2.32885e+002  1.61400e+003 -2.85788e+001  3.55320e+001  2.34500e+002
          1615  2.32969e+002  1.61500e+003 -2.85798e+001  3.55312e+001  2.34583e+002
          1616  2.33064e+002  1.61600e+003 -2.85838e+001  3.55303e+001  2.34667e+002
          1617  2.33145e+002  1.61700e+003 -2.85869e+001  3.55294e+001  2.34750e+002
          1618  2.33223e+002  1.61800e+003 -2.85892e+001  3.55286e+001  2.34833e+002
          1619  2.33316e+002  1.61900e+003 -2.85910e+001  3.55277e+001  2.34917e+002
          1620  2.33398e+002  1.62000e+003 -2.85921e+001  3.55268e+001  2.35000e+002
          1621  2.33478e+002  1.62100e+003 -2.85932e+001  3.55259e+001  2.35083e+002
          1622  2.33567e+002  1.62200e+003 -2.85942e+001  3.55249e+001  2.35167e+002
          1623  2.33656e+002  1.62300e+003 -2.85951e+001  3.55241e+001  2.35250e+002
          1624  2.33748e+002  1.62400e+003 -2.85972e+001  3.55232e+001  2.35333e+002
          1625  2.33824e+002  1.62500e+003 -2.85994e+001  3.55223e+001  2.35417e+002
          1626  2.33922e+002  1.62600e+003 -2.86007e+001  3.55214e+001  2.35500e+002
          1627  2.33992e+002  1.62700e+003 -2.86019e+001  3.55206e+001  2.35583e+002
          1628  2.34074e+002  1.62800e+003 -2.86024e+001  3.55197e+001  2.35667e+002
          1629  2.34163e+002  1.62900e+003 -2.86038e+001  3.55188e+001  2.35750e+002
          1630  2.34247e+002  1.63000e+003 -2.86058e+001  3.55179e+001  2.35833e+002
          1631  2.34329e+002  1.63100e+003 -2.86080e+001  3.55170e+001  2.35917e+002
          1632  2.34418e+002  1.63200e+003 -2.86104e+001  3.55159e+001  2.36000e+002
          1633  2.34494e+002  1.63300e+003 -2.86125e+001  3.55150e+001  2.36083e+002
          1634  2.34586e+002  1.63400e+003 -2.86149e+001  3.55140e+001  2.36167e+002
          1635  2.34675e+002  1.63500e+003 -2.86176e+001  3.55130e+001  2.36250e+002
          1636  2.34754e+002  1.63600e+003 -2.86207e+001  3.55120e+001  2.36333e+002
          1637  2.34838e+002  1.63700e+003 -2.86222e+001  3.55110e+001  2.36417e+002
          1638  2.34922e+002  1.63800e+003 -2.86232e+001  3.55100e+001  2.36500e+002
          1639  2.35005e+002  1.63900e+003 -2.86237e+001  3.55090e+001  2.36583e+002
          1640  2.35090e+002  1.64000e+003 -2.86268e+001  3.55080e+001  2.36667e+002
          1641  2.35190e+002  1.64100e+003 -2.86295e+001  3.55070e+001  2.36750e+002
          1642  2.35263e+002  1.64200e+003 -2.86305e+001  3.55060e+001  2.36833e+002
          1643  2.35355e+002  1.64300e+003 -2.86316e+001  3.55050e+001  2.36917e+002
          1644  2.35436e+002  1.64400e+003 -2.86312e+001  3.55040e+001  2.37000e+002
          1645  2.35524e+002  1.64500e+003 -2.86320e+001  3.55030e+001  2.37083e+002
          1646  2.35596e+002  1.64600e+003 -2.86332e+001  3.55020e+001  2.37167e+002
          1647  2.35698e+002  1.64700e+003 -2.86339e+001  3.55010e+001  2.37250e+002
          1648  2.35780e+002  1.64800e+003 -2.86336e+001  3.55000e+001  2.37333e+002
          1649  2.35858e+002  1.64900e+003 -2.86342e+001  3.54990e+001  2.37417e+002
          1650  2.35944e+002  1.65000e+003 -2.86355e+001  3.54980e+001  2.37500e+002
          1651  2.36028e+002  1.65100e+003 -2.86364e+001  3.54970e+001  2.37583e+002
          1652  2.36131e+002  1.65200e+003 -2.86359e+001  3.54960e+001  2.37667e+002
          1653  2.36215e+002  1.65300e+003 -2.86352e+001  3.54950e+001  2.37750e+002
          1654  2.36293e+002  1.65400e+003 -2.86341e+001  3.54940e+001  2.37833e+002
          1655  2.36376e+002  1.65500e+003 -2.86326e+001  3.54930e+001  2.37917e+002
          1656  2.36470e+002  1.65600e+003 -2.86329e+001  3.54920e+001  2.38000e+002
          1657  2.36549e+002  1.65700e+003 -2.86338e+001  3.54910e+001  2.38083e+002
          1658  2.36627e+002  1.65800e+003 -2.86339e+001  3.54900e+001  2.38167e+002
          1659  2.36715e+002  1.65900e+003 -2.86341e+001  3.54890e+001  2.38250e+002
          1660  2.36802e+002  1.66000e+003 -2.86322e+001  3.54880e+001  2.38333e+002
          1661  2.36895e+002  1.66100e+003 -2.86305e+001  3.54869e+001  2.38417e+002
          1662  2.36972e+002  1.66200e+003 -2.86286e+001  3.54858e+001  2.38500e+002
          1663  2.37061e+002  1.66300e+003 -2.86268e+001  3.54847e+001  2.38583e+002
          1664  2.37145e+002  1.66400e+003 -2.86256e+001  3.54835e+001  2.38667e+002
          1665  2.37219e+002  1.66500e+003 -2.86251e+001  3.54824e+001  2.38750e+002
          1666  2.37320e+002  1.66600e+003 -2.86247e+001  3.54813e+001  2.38833e+002
          1667  2.37404e+002  1.66700e+003 -2.86232e+001  3.54802e+001  2.38917e+002
          1668  2.37488e+002  1.66800e+003 -2.86200e+001  3.54791e+001  2.39000e+002
          1669  2.37579e+002  1.66900e+003 -2.86177e+001  3.54781e+001  2.39083e+002
          1670  2.37665e+002  1.67000e+003 -2.86160e+001  3.54769e+001  2.39167e+002
          1671  2.37748e+002  1.67100e+003 -2.86146e+001  3.54758e+001  2.39250e+002
          1672  2.37828e+002  1.67200e+003 -2.86126e+001  3.54747e+001  2.39333e+002
          1673  2.37912e+002  1.67300e+003 -2.86104e+001  3.54735e+001  2.39417e+002
          1674  2.37993e+002  1.67400e+003 -2.86091e+001  3.54724e+001  2.39500e+002
          1675  2.38085e+002  1.67500e+003 -2.86082e+001  3.54713e+001  2.39583e+002
          1676  2.38169e+002  1.67600e+003 -2.86063e+001  3.54701e+001  2.39667e+002
          1677  2.38242e+002  1.67700e+003 -2.86053e+001  3.54689e+001  2.39750e+002
          1678  2.38343e+002  1.67800e+003 -2.86044e+001  3.54678e+001  2.39833e+002
          1679  2.38437e+002  1.67900e+003 -2.86025e+001  3.54666e+001  2.39917e+002
          1680  2.38512e+002  1.68000e+003 -2.86018e+001  3.54654e+001  2.40000e+002
          1681  2.38600e+002  1.68100e+003 -2.86001e+001  3.54641e+001  2.40083e+002
          1682  2.38689e+002  1.68200e+003 -2.85984e+001  3.54629e+001  2.40167e+002
          1683  2.38761e+002  1.68300e+003 -2.85974e+001  3.54617e+001  2.40250e+002
          1684  2.38845e+002  1.68400e+003 -2.85958e+001  3.54606e+001  2.40333e+002
          1685  2.38931e+002  1.68500e+003 -2.85938e+001  3.54594e+001  2.40417e+002
          1686  2.39019e+002  1.68600e+003 -2.85926e+001  3.54582e+001  2.40500e+002
          1687  2.39113e+002  1.68700e+003 -2.85901e+001  3.54570e+001  2.40583e+002
          1688  2.39192e+002  1.68800e+003 -2.85849e+001  3.54558e+001  2.40667e+002
          1689  2.39286e+002  1.68900e+003 -2.85812e+001  3.54546e+001  2.40750e+002
          1690  2.39367e+002  1.69000e+003 -2.85784e+001  3.54534e+001  2.40833e+002
          1691  2.39447e+002  1.69100e+003 -2.85763e+001  3.54522e+001  2.40917e+002
          1692  2.39536e+002  1.69200e+003 -2.85732e+001  3.54510e+001  2.41000e+002
          1693  2.39615e+002  1.69300e+003 -2.85711e+001  3.54498e+001  2.41083e+002
          1694  2.39699e+002  1.69400e+003 -2.85684e+001  3.54485e+001  2.41167e+002
          1695  2.39786e+002  1.69500e+003 -2.85650e+001  3.54472e+001  2.41250e+002
          1696  2.39871e+002  1.69600e+003 -2.85611e+001  3.54459e+001  2.41333e+002
          1697  2.39959e+002  1.69700e+003 -2.85575e+001  3.54446e+001  2.41417e+002
          1698  2.40039e+002  1.69800e+003 -2.85537e+001  3.54433e+001  2.41500e+002
          1699  2.40116e+002  1.69900e+003 -2.85496e+001  3.54420e+001  2.41583e+002
          1700  2.40214e+002  1.70000e+003 -2.85474e+001  3.54408e+001  2.41667e+002
          1701  2.40294e+002  1.70100e+003 -2.85440e+001  3.54394e+001  2.41750e+002
          1702  2.40372e+002  1.70200e+003 -2.85400e+001  3.54382e+001  2.41833e+002
          1703  2.40469e+002  1.70300e+003 -2.85356e+001  3.54369e+001  2.41917e+002
          1704  2.40558e+002  1.70400e+003 -2.85316e+001  3.54356e+001  2.42000e+002
          1705  2.40629e+002  1.70500e+003 -2.85284e+001  3.54343e+001  2.42083e+002
          1706  2.40725e+002  1.70600e+003 -2.85255e+001  3.54330e+001  2.42167e+002
          1707  2.40816e+002  1.70700e+003 -2.85234e+001  3.54317e+001  2.42250e+002
          1708  2.40894e+002  1.70800e+003 -2.85200e+001  3.54303e+001  2.42333e+002
          1709  2.40976e+002  1.70900e+003 -2.85162e+001  3.54290e+001  2.42417e+002
          1710  2.41062e+002  1.71000e+003 -2.85136e+001  3.54276e+001  2.42500e+002
          1711  2.41146e+002  1.71100e+003 -2.85117e+001  3.54263e+001  2.42583e+002
          1712  2.41239e+002  1.71200e+003 -2.85103e+001  3.54249e+001  2.42667e+002
          1713  2.41323e+002  1.71300e+003 -2.85075e+001  3.54236e+001  2.42750e+002
          1714  2.41411e+002  1.71400e+003 -2.85052e+001  3.54222e+001  2.42833e+002
          1715  2.41496e+002  1.71500e+003 -2.85040e+001  3.54208e+001  2.42917e+002
          1716  2.41578e+002  1.71600e+003 -2.85026e+001  3.54194e+001  2.43000e+002
          1717  2.41670e+002  1.71700e+003 -2.84990e+001  3.54180e+001  2.43083e+002
          1718  2.41751e+002  1.71800e+003 -2.84945e+001  3.54166e+001  2.43167e+002
          1719  2.41833e+002  1.71900e+003 -2.84901e+001  3.54152e+001  2.43250e+002
          1720  2.41917e+002  1.72000e+003 -2.84854e+001  3.54138e+001  2.43333e+002
          1721  2.42002e+002  1.72100e+003 -2.84811e+001  3.54124e+001  2.43417e+002
          1722  2.42093e+002  1.72200e+003 -2.84760e+001  3.54110e+001  2.43500e+002
          1723  2.42171e+002  1.72300e+003 -2.84707e+001  3.54096e+001  2.43583e+002
          1724  2.42256e+002  1.72400e+003 -2.84648e+001  3.54081e+001  2.43667e+002
          1725  2.42345e+002  1.72500e+003 -2.84585e+001  3.54067e+001  2.43750e+002
          1726  2.42432e+002  1.72600e+003 -2.84529e+001  3.54052e+001  2.43833e+002
          1727  2.42521e+002  1.72700e+003 -2.84484e+001  3.54037e+001  2.43917e+002
          1728  2.42602e+002  1.72800e+003 -2.84413e+001  3.54022e+001  2.44000e+002
          1729  2.42692e+002  1.72900e+003 -2.84346e+001  3.54007e+001  2.44083e+002
          1730  2.42772e+002  1.73000e+003 -2.84292e+001  3.53992e+001  2.44167e+002
          1731  2.42855e+002  1.73100e+003 -2.84252e+001  3.53977e+001  2.44250e+002
          1732  2.42951e+002  1.73200e+003 -2.84217e+001  3.53962e+001  2.44333e+002
          1733  2.43038e+002  1.73300e+003 -2.84187e+001  3.53947e+001  2.44417e+002
          1734  2.43127e+002  1.73400e+003 -2.84154e+001  3.53932e+001  2.44500e+002
          1735  2.43207e+002  1.73500e+003 -2.84117e+001  3.53918e+001  2.44583e+002
          1736  2.43283e+002  1.73600e+003 -2.84100e+001  3.53902e+001  2.44667e+002
          1737  2.43377e+002  1.73700e+003 -2.84067e+001  3.53887e+001  2.44750e+002
          1738  2.43465e+002  1.73800e+003 -2.84033e+001  3.53872e+001  2.44833e+002
          1739  2.43553e+002  1.73900e+003 -2.83999e+001  3.53856e+001  2.44917e+002
          1740  2.43641e+002  1.74000e+003 -2.83968e+001  3.53841e+001  2.45000e+002
          1741  2.43721e+002  1.74100e+003 -2.83926e+001  3.53825e+001  2.45083e+002
          1742  2.43802e+002  1.74200e+003 -2.83872e+001  3.53810e+001  2.45167e+002
          1743  2.43890e+002  1.74300e+003 -2.83804e+001  3.53794e+001  2.45250e+002
          1744  2.43970e+002  1.74400e+003 -2.83711e+001  3.53778e+001  2.45333e+002
          1745  2.44065e+002  1.74500e+003 -2.83644e+001  3.53762e+001  2.45417e+002
          1746  2.44149e+002  1.74600e+003 -2.83586e+001  3.53746e+001  2.45500e+002
          1747  2.44238e+002  1.74700e+003 -2.83528e+001  3.53729e+001  2.45583e+002
          1748  2.44313e+002  1.74800e+003 -2.83445e+001  3.53713e+001  2.45667e+002
          1749  2.44403e+002  1.74900e+003 -2.83368e+001  3.53697e+001  2.45750e+002
          1750  2.44489e+002  1.75000e+003 -2.83300e+001  3.53680e+001  2.45833e+002
          1751  2.44580e+002  1.75100e+003 -2.83235e+001  3.53664e+001  2.45917e+002
          1752  2.44669e+002  1.75200e+003 -2.83153e+001  3.53648e+001  2.46000e+002
          1753  2.44752e+002  1.75300e+003 -2.83086e+001  3.53632e+001  2.46083e+002
          1754  2.44838e+002  1.75400e+003 -2.83025e+001  3.53616e+001  2.46167e+002
          1755  2.44918e+002  1.75500e+003 -2.82957e+001  3.53599e+001  2.46250e+002
          1756  2.45006e+002  1.75600e+003 -2.82911e+001  3.53583e+001  2.46333e+002
          1757  2.45089e+002  1.75700e+003 -2.82844e+001  3.53566e+001  2.46417e+002
          1758  2.45186e+002  1.75800e+003 -2.82771e+001  3.53549e+001  2.46500e+002
          1759  2.45266e+002  1.75900e+003 -2.82697e+001  3.53532e+001  2.46583e+002
          1760  2.45354e+002  1.76000e+003 -2.82621e+001  3.53516e+001  2.46667e+002
          1761  2.45437e+002  1.76100e+003 -2.82544e+001  3.53499e+001  2.46750e+002
          1762  2.45522e+002  1.76200e+003 -2.82465e+001  3.53481e+001  2.46833e+002
          1763  2.45599e+002  1.76300e+003 -2.82394e+001  3.53464e+001  2.46917e+002
          1764  2.45692e+002  1.76400e+003 -2.82294e+001  3.53446e+001  2.47000e+002
          1765  2.45776e+002  1.76500e+003 -2.82211e+001  3.53429e+001  2.47083e+002
          1766  2.45868e+002  1.76600e+003 -2.82136e+001  3.53412e+001  2.47167e+002
          1767  2.45947e+002  1.76700e+003 -2.82057e+001  3.53394e+001  2.47250e+002
          1768  2.46025e+002  1.76800e+003 -2.81987e+001  3.53376e+001  2.47333e+002
          1769  2.46122e+002  1.76900e+003 -2.81917e+001  3.53358e+001  2.47417e+002
          1770  2.46202e+002  1.77000e+003 -2.81844e+001  3.53341e+001  2.47500e+002
          1771  2.46291e+002  1.77100e+003 -2.81768e+001  3.53323e+001  2.47583e+002
          1772  2.46377e+002  1.77200e+003 -2.81688e+001  3.53304e+001  2.47667e+002
          1773  2.46463e+002  1.77300e+003 -2.81604e+001  3.53286e+001  2.47750e+002
          1774  2.46550e+002  1.77400e+003 -2.81518e+001  3.53268e+001  2.47833e+002
          1775  2.46628e+002  1.77500e+003 -2.81430e+001  3.53250e+001  2.47917e+002
          1776  2.46718e+002  1.77600e+003 -2.81345e+001  3.53232e+001  2.48000e+002
          1777  2.46813e+002  1.77700e+003 -2.81266e+001  3.53214e+001  2.48083e+002
          1778  2.46882e+002  1.77800e+003 -2.81179e+001  3.53195e+001  2.48167e+002
          1779  2.46979e+002  1.77900e+003 -2.81100e+001  3.53177e+001  2.48250e+002
          1780  2.47071e+002  1.78000e+003 -2.80981e+001  3.53158e+001  2.48333e+002
          1781  2.47144e+002  1.78100e+003 -2.80869e+001  3.53139e+001  2.48417e+002
          1782  2.47240e+002  1.78200e+003 -2.80759e+001  3.53120e+001  2.48500e+002
          1783  2.47322e+002  1.78300e+003 -2.80654e+001  3.53102e+001  2.48583e+002
          1784  2.47406e+002  1.78400e+003 -2.80541e+001  3.53083e+001  2.48667e+002
          1785  2.47488e+002  1.78500e+003 -2.80438e+001  3.53064e+001  2.48750e+002
          1786  2.47583e+002  1.78600e+003 -2.80339e+001  3.53046e+001  2.48833e+002
          1787  2.47666e+002  1.78700e+003 -2.80236e+001  3.53027e+001  2.48917e+002
          1788  2.47748e+002  1.78800e+003 -2.80105e+001  3.53008e+001  2.49000e+002
          1789  2.47832e+002  1.78900e+003 -2.79996e+001  3.52989e+001  2.49083e+002
          1790  2.47923e+002  1.79000e+003 -2.79891e+001  3.52969e+001  2.49167e+002
          1791  2.48008e+002  1.79100e+003 -2.79790e+001  3.52950e+001  2.49250e+002
          1792  2.48098e+002  1.79200e+003 -2.79676e+001  3.52930e+001  2.49333e+002
          1793  2.48173e+002  1.79300e+003 -2.79566e+001  3.52910e+001  2.49417e+002
          1794  2.48260e+002  1.79400e+003 -2.79462e+001  3.52890e+001  2.49500e+002
          1795  2.48341e+002  1.79500e+003 -2.79350e+001  3.52870e+001  2.49583e+002
          1796  2.48434e+002  1.79600e+003 -2.79248e+001  3.52850e+001  2.49667e+002
          1797  2.48517e+002  1.79700e+003 -2.79148e+001  3.52830e+001  2.49750e+002
          1798  2.48596e+002  1.79800e+003 -2.79044e+001  3.52809e+001  2.49833e+002
          1799  2.48687e+002  1.79900e+003 -2.78936e+001  3.52788e+001  2.49917e+002
          1800  2.48776e+002  1.80000e+003 -2.78819e+001  3.52766e+001  2.50000e+002
          1801  2.48872e+002  1.80100e+003 -2.78707e+001  3.52745e+001  2.50083e+002
          1802  2.48944e+002  1.80200e+003 -2.78595e+001  3.52724e+001  2.50167e+002
          1803  2.49029e+002  1.80300e+003 -2.78485e+001  3.52703e+001  2.50250e+002
          1804  2.49123e+002  1.80400e+003 -2.78378e+001  3.52682e+001  2.50333e+002
          1805  2.49211e+002  1.80500e+003 -2.78270e+001  3.52661e+001  2.50417e+002
          1806  2.49297e+002  1.80600e+003 -2.78167e+001  3.52641e+001  2.50500e+002
          1807  2.49383e+002  1.80700e+003 -2.78059e+001  3.52619e+001  2.50583e+002
          1808  2.49472e+002  1.80800e+003 -2.77946e+001  3.52598e+001  2.50667e+002
          1809  2.49550e+002  1.80900e+003 -2.77829e+001  3.52577e+001  2.50750e+002
          1810  2.49640e+002  1.81000e+003 -2.77704e+001  3.52556e+001  2.50833e+002
          1811  2.49718e+002  1.81100e+003 -2.77580e+001  3.52534e+001  2.50917e+002
          1812  2.49812e+002  1.81200e+003 -2.77468e+001  3.52513e+001  2.51000e+002
          1813  2.49888e+002  1.81300e+003 -2.77352e+001  3.52491e+001  2.51083e+002
          1814  2.49974e+002  1.81400e+003 -2.77235e+001  3.52469e+001  2.51167e+002
          1815  2.50058e+002  1.81500e+003 -2.77119e+001  3.52447e+001  2.51250e+002
          1816  2.50152e+002  1.81600e+003 -2.76962e+001  3.52425e+001  2.51333e+002
          1817  2.50236e+002  1.81700e+003 -2.76825e+001  3.52403e+001  2.51417e+002
          1818  2.50319e+002  1.81800e+003 -2.76699e+001  3.52381e+001  2.51500e+002
          1819  2.50410e+002  1.81900e+003 -2.76575e+001  3.52359e+001  2.51583e+002
          1820  2.50499e+002  1.82000e+003 -2.76449e+001  3.52336e+001  2.51667e+002
          1821  2.50581e+002  1.82100e+003 -2.76325e+001  3.52314e+001  2.51750e+002
          1822  2.50673e+002  1.82200e+003 -2.76197e+001  3.52291e+001  2.51833e+002
          1823  2.50750e+002  1.82300e+003 -2.76060e+001  3.52269e+001  2.51917e+002
          1824  2.50835e+002  1.82400e+003 -2.75922e+001  3.52246e+001  2.52000e+002
          1825  2.50932e+002  1.82500e+003 -2.75786e+001  3.52223e+001  2.52083e+002
          1826  2.51007e+002  1.82600e+003 -2.75644e+001  3.52200e+001  2.52167e+002
          1827  2.51098e+002  1.82700e+003 -2.75499e+001  3.52177e+001  2.52250e+002
          1828  2.51187e+002  1.82800e+003 -2.75369e+001  3.52153e+001  2.52333e+002
          1829  2.51273e+002  1.82900e+003 -2.75228e+001  3.52130e+001  2.52417e+002
          1830  2.51351e+002  1.83000e+003 -2.75082e+001  3.52106e+001  2.52500e+002
          1831  2.51441e+002  1.83100e+003 -2.74928e+001  3.52083e+001  2.52583e+002
          1832  2.51525e+002  1.83200e+003 -2.74763e+001  3.52059e+001  2.52667e+002
          1833  2.51614e+002  1.83300e+003 -2.74618e+001  3.52036e+001  2.52750e+002
          1834  2.51695e+002  1.83400e+003 -2.74468e+001  3.52012e+001  2.52833e+002
          1835  2.51788e+002  1.83500e+003 -2.74317e+001  3.51988e+001  2.52917e+002
          1836  2.51878e+002  1.83600e+003 -2.74186e+001  3.51964e+001  2.53000e+002
          1837  2.51954e+002  1.83700e+003 -2.74054e+001  3.51940e+001  2.53083e+002
          1838  2.52044e+002  1.83800e+003 -2.73920e+001  3.51915e+001  2.53167e+002
          1839  2.52134e+002  1.83900e+003 -2.73784e+001  3.51891e+001  2.53250e+002
          1840  2.52224e+002  1.84000e+003 -2.73655e+001  3.51866e+001  2.53333e+002
          1841  2.52305e+002  1.84100e+003 -2.73519e+001  3.51842e+001  2.53417e+002
          1842  2.52394e+002  1.84200e+003 -2.73376e+001  3.51817e+001  2.53500e+002
          1843  2.52471e+002  1.84300e+003 -2.73225e+001  3.51792e+001  2.53583e+002
          1844  2.52555e+002  1.84400e+003 -2.73096e+001  3.51767e+001  2.53667e+002
          1845  2.52637e+002  1.84500e+003 -2.72955e+001  3.51742e+001  2.53750e+002
          1846  2.52723e+002  1.84600e+003 -2.72813e+001  3.51718e+001  2.53833e+002
          1847  2.52807e+002  1.84700e+003 -2.72664e+001  3.51692e+001  2.53917e+002
          1848  2.52907e+002  1.84800e+003 -2.72509e+001  3.51667e+001  2.54000e+002
          1849  2.52991e+002  1.84900e+003 -2.72357e+001  3.51641e+001  2.54083e+002
          1850  2.53079e+002  1.85000e+003 -2.72208e+001  3.51616e+001  2.54167e+002
          1851  2.53172e+002  1.85100e+003 -2.72063e+001  3.51590e+001  2.54250e+002
          1852  2.53259e+002  1.85200e+003 -2.71887e+001  3.51564e+001  2.54333e+002
          1853  2.53335e+002  1.85300e+003 -2.71729e+001  3.51538e+001  2.54417e+002
          1854  2.53417e+002  1.85400e+003 -2.71580e+001  3.51512e+001  2.54500e+002
          1855  2.53509e+002  1.85500e+003 -2.71427e+001  3.51486e+001  2.54583e+002
          1856  2.53595e+002  1.85600e+003 -2.71281e+001  3.51459e+001  2.54667e+002
          1857  2.53683e+002  1.85700e+003 -2.71121e+001  3.51433e+001  2.54750e+002
          1858  2.53760e+002  1.85800e+003 -2.70956e+001  3.51406e+001  2.54833e+002
          1859  2.53851e+002  1.85900e+003 -2.70801e+001  3.51380e+001  2.54917e+002
          1860  2.53941e+002  1.86000e+003 -2.70643e+001  3.51352e+001  2.55000e+002
          1861  2.54027e+002  1.86100e+003 -2.70477e+001  3.51325e+001  2.55083e+002
          1862  2.54109e+002  1.86200e+003 -2.70303e+001  3.51298e+001  2.55167e+002
          1863  2.54199e+002  1.86300e+003 -2.70130e+001  3.51271e+001  2.55250e+002
          1864  2.54285e+002  1.86400e+003 -2.69964e+001  3.51243e+001  2.55333e+002
          1865  2.54359e+002  1.86500e+003 -2.69787e+001  3.51216e+001  2.55417e+002
          1866  2.54457e+002  1.86600e+003 -2.69604e+001  3.51189e+001  2.55500e+002
          1867  2.54550e+002  1.86700e+003 -2.69424e+001  3.51161e+001  2.55583e+002
          1868  2.54630e+002  1.86800e+003 -2.69229e+001  3.51133e+001  2.55667e+002
          1869  2.54717e+002  1.86900e+003 -2.69035e+001  3.51105e+001  2.55750e+002
          1870  2.54794e+002  1.87000e+003 -2.68841e+001  3.51078e+001  2.55833e+002
          1871  2.54885e+002  1.87100e+003 -2.68646e+001  3.51050e+001  2.55917e+002
          1872  2.54966e+002  1.87200e+003 -2.68442e+001  3.51022e+001  2.56000e+002
          1873  2.55059e+002  1.87300e+003 -2.68246e+001  3.50994e+001  2.56083e+002
          1874  2.55150e+002  1.87400e+003 -2.68045e+001  3.50965e+001  2.56167e+002
          1875  2.55229e+002  1.87500e+003 -2.67841e+001  3.50937e+001  2.56250e+002
          1876  2.55315e+002  1.87600e+003 -2.67626e+001  3.50908e+001  2.56333e+002
          1877  2.55399e+002  1.87700e+003 -2.67431e+001  3.50878e+001  2.56417e+002
          1878  2.55484e+002  1.87800e+003 -2.67236e+001  3.50849e+001  2.56500e+002
          1879  2.55568e+002  1.87900e+003 -2.67046e+001  3.50820e+001  2.56583e+002
          1880  2.55657e+002  1.88000e+003 -2.66860e+001  3.50790e+001  2.56667e+002
          1881  2.55746e+002  1.88100e+003 -2.66660e+001  3.50760e+001  2.56750e+002
          1882  2.55830e+002  1.88200e+003 -2.66465e+001  3.50730e+001  2.56833e+002
          1883  2.55923e+002  1.88300e+003 -2.66274e+001  3.50700e+001  2.56917e+002
          1884  2.56003e+002  1.88400e+003 -2.66088e+001  3.50670e+001  2.57000e+002
          1885  2.56093e+002  1.88500e+003 -2.65898e+001  3.50640e+001  2.57083e+002
          1886  2.56171e+002  1.88600e+003 -2.65707e+001  3.50610e+001  2.57167e+002
          1887  2.56261e+002  1.88700e+003 -2.65522e+001  3.50580e+001  2.57250e+002
          1888  2.56340e+002  1.88800e+003 -2.65325e+001  3.50550e+001  2.57333e+002
          1889  2.56438e+002  1.88900e+003 -2.65125e+001  3.50520e+001  2.57417e+002
          1890  2.56520e+002  1.89000e+003 -2.64915e+001  3.50489e+001  2.57500e+002
          1891  2.56603e+002  1.89100e+003 -2.64698e+001  3.50458e+001  2.57583e+002
          1892  2.56693e+002  1.89200e+003 -2.64499e+001  3.50426e+001  2.57667e+002
          1893  2.56766e+002  1.89300e+003 -2.64310e+001  3.50395e+001  2.57750e+002
          1894  2.56869e+002  1.89400e+003 -2.64120e+001  3.50364e+001  2.57833e+002
          1895  2.56949e+002  1.89500e+003 -2.63929e+001  3.50332e+001  2.57917e+002
          1896  2.57032e+002  1.89600e+003 -2.63719e+001  3.50300e+001  2.58000e+002
          1897  2.57119e+002  1.89700e+003 -2.63506e+001  3.50268e+001  2.58083e+002
          1898  2.57211e+002  1.89800e+003 -2.63290e+001  3.50236e+001  2.58167e+002
          1899  2.57295e+002  1.89900e+003 -2.63074e+001  3.50205e+001  2.58250e+002
          1900  2.57384e+002  1.90000e+003 -2.62865e+001  3.50172e+001  2.58333e+002
          1901  2.57460e+002  1.90100e+003 -2.62661e+001  3.50140e+001  2.58417e+002
          1902  2.57543e+002  1.90200e+003 -2.62453e+001  3.50108e+001  2.58500e+002
          1903  2.57638e+002  1.90300e+003 -2.62243e+001  3.50075e+001  2.58583e+002
          1904  2.57722e+002  1.90400e+003 -2.62021e+001  3.50042e+001  2.58667e+002
          1905  2.57814e+002  1.90500e+003 -2.61807e+001  3.50009e+001  2.58750e+002
          1906  2.57906e+002  1.90600e+003 -2.61591e+001  3.49976e+001  2.58833e+002
          1907  2.57980e+002  1.90700e+003 -2.61373e+001  3.49943e+001  2.58917e+002
          1908  2.58077e+002  1.90800e+003 -2.61159e+001  3.49910e+001  2.59000e+002
          1909  2.58159e+002  1.90900e+003 -2.60947e+001  3.49876e+001  2.59083e+002
          1910  2.58246e+002  1.91000e+003 -2.60734e+001  3.49843e+001  2.59167e+002
          1911  2.58329e+002  1.91100e+003 -2.60523e+001  3.49809e+001  2.59250e+002
          1912  2.58405e+002  1.91200e+003 -2.60314e+001  3.49775e+001  2.59333e+002
          1913  2.58499e+002  1.91300e+003 -2.60093e+001  3.49741e+001  2.59417e+002
          1914  2.58586e+002  1.91400e+003 -2.59877e+001  3.49707e+001  2.59500e+002
          1915  2.58685e+002  1.91500e+003 -2.59663e+001  3.49672e+001  2.59583e+002
          1916  2.58760e+002  1.91600e+003 -2.59443e+001  3.49637e+001  2.59667e+002
          1917  2.58855e+002  1.91700e+003 -2.59220e+001  3.49602e+001  2.59750e+002
          1918  2.58937e+002  1.91800e+003 -2.58993e+001  3.49567e+001  2.59833e+002
          1919  2.59018e+002  1.91900e+003 -2.58763e+001  3.49532e+001  2.59917e+002
          1920  2.59118e+002  1.92000e+003 -2.58517e+001  3.49498e+001  2.60000e+002
          1921  2.59199e+002  1.92100e+003 -2.58286e+001  3.49462e+001  2.60083e+002
          1922  2.59277e+002  1.92200e+003 -2.58053e+001  3.49427e+001  2.60167e+002
          1923  2.59375e+002  1.92300e+003 -2.57819e+001  3.49391e+001  2.60250e+002
          1924  2.59468e+002  1.92400e+003 -2.57568e+001  3.49356e+001  2.60333e+002
          1925  2.59550e+002  1.92500e+003 -2.57324e+001  3.49320e+001  2.60417e+002
          1926  2.59641e+002  1.92600e+003 -2.57076e+001  3.49284e+001  2.60500e+002
          1927  2.59723e+002  1.92700e+003 -2.56819e+001  3.49248e+001  2.60583e+002
          1928  2.59816e+002  1.92800e+003 -2.56563e+001  3.49211e+001  2.60667e+002
          1929  2.59889e+002  1.92900e+003 -2.56307e+001  3.49175e+001  2.60750e+002
          1930  2.59983e+002  1.93000e+003 -2.56053e+001  3.49138e+001  2.60833e+002
          1931  2.60073e+002  1.93100e+003 -2.55796e+001  3.49101e+001  2.60917e+002
          1932  2.60147e+002  1.93200e+003 -2.55527e+001  3.49063e+001  2.61000e+002
          1933  2.60242e+002  1.93300e+003 -2.55261e+001  3.49026e+001  2.61083e+002
          1934  2.60330e+002  1.93400e+003 -2.55000e+001  3.48989e+001  2.61167e+002
          1935  2.60420e+002  1.93500e+003 -2.54736e+001  3.48951e+001  2.61250e+002
          1936  2.60508e+002  1.93600e+003 -2.54469e+001  3.48913e+001  2.61333e+002
          1937  2.60594e+002  1.93700e+003 -2.54197e+001  3.48875e+001  2.61417e+002
          1938  2.60675e+002  1.93800e+003 -2.53936e+001  3.48837e+001  2.61500e+002
          1939  2.60769e+002  1.93900e+003 -2.53672e+001  3.48798e+001  2.61583e+002
          1940  2.60851e+002  1.94000e+003 -2.53409e+001  3.48758e+001  2.61667e+002
          1941  2.60934e+002  1.94100e+003 -2.53141e+001  3.48719e+001  2.61750e+002
          1942  2.61031e+002  1.94200e+003 -2.52873e+001  3.48679e+001  2.61833e+002
          1943  2.61130e+002  1.94300e+003 -2.52599e+001  3.48640e+001  2.61917e+002
          1944  2.61208e+002  1.94400e+003 -2.52325e+001  3.48601e+001  2.62000e+002
          1945  2.61290e+002  1.94500e+003 -2.52058e+001  3.48561e+001  2.62083e+002
          1946  2.61373e+002  1.94600e+003 -2.51787e+001  3.48521e+001  2.62167e+002
          1947  2.61469e+002  1.94700e+003 -2.51508e+001  3.48481e+001  2.62250e+002
          1948  2.61549e+002  1.94800e+003 -2.51229e+001  3.48441e+001  2.62333e+002
          1949  2.61632e+002  1.94900e+003 -2.50943e+001  3.48401e+001  2.62417e+002
          1950  2.61718e+002  1.95000e+003 -2.50655e+001  3.48361e+001  2.62500e+002
          1951  2.61815e+002  1.95100e+003 -2.50376e+001  3.48321e+001  2.62583e+002
          1952  2.61898e+002  1.95200e+003 -2.50084e+001  3.48281e+001  2.62667e+002
          1953  2.61983e+002  1.95300e+003 -2.49785e+001  3.48240e+001  2.62750e+002
          1954  2.62063e+002  1.95400e+003 -2.49497e+001  3.48200e+001  2.62833e+002
          1955  2.62160e+002  1.95500e+003 -2.49220e+001  3.48159e+001  2.62917e+002
          1956  2.62249e+002  1.95600e+003 -2.48926e+001  3.48118e+001  2.63000e+002
          1957  2.62328e+002  1.95700e+003 -2.48631e+001  3.48077e+001  2.63083e+002
          1958  2.62422e+002  1.95800e+003 -2.48335e+001  3.48035e+001  2.63167e+002
          1959  2.62506e+002  1.95900e+003 -2.48034e+001  3.47993e+001  2.63250e+002
          1960  2.62593e+002  1.96000e+003 -2.47747e+001  3.47951e+001  2.63333e+002
          1961  2.62682e+002  1.96100e+003 -2.47459e+001  3.47908e+001  2.63417e+002
          1962  2.62770e+002  1.96200e+003 -2.47162e+001  3.47866e+001  2.63500e+002
          1963  2.62840e+002  1.96300e+003 -2.46863e+001  3.47824e+001  2.63583e+002
          1964  2.62933e+002  1.96400e+003 -2.46567e+001  3.47781e+001  2.63667e+002
          1965  2.63020e+002  1.96500e+003 -2.46261e+001  3.47738e+001  2.63750e+002
          1966  2.63116e+002  1.96600e+003 -2.45957e+001  3.47696e+001  2.63833e+002
          1967  2.63204e+002  1.96700e+003 -2.45659e+001  3.47653e+001  2.63917e+002
          1968  2.63295e+002  1.96800e+003 -2.45347e+001  3.47609e+001  2.64000e+002
          1969  2.63371e+002  1.96900e+003 -2.45042e+001  3.47565e+001  2.64083e+002
          1970  2.63464e+002  1.97000e+003 -2.44746e+001  3.47521e+001  2.64167e+002
          1971  2.63550e+002  1.97100e+003 -2.44454e+001  3.47477e+001  2.64250e+002
          1972  2.63642e+002  1.97200e+003 -2.44166e+001  3.47432e+001  2.64333e+002
          1973  2.63733e+002  1.97300e+003 -2.43864e+001  3.47387e+001  2.64417e+002
          1974  2.63819e+002  1.97400e+003 -2.43547e+001  3.47342e+001  2.64500e+002
          1975  2.63903e+002  1.97500e+003 -2.43222e+001  3.47296e+001  2.64583e+002
          1976  2.63985e+002  1.97600e+003 -2.42931e+001  3.47251e+001  2.64667e+002
          1977  2.64075e+002  1.97700e+003 -2.42629e+001  3.47205e+001  2.64750e+002
          1978  2.64160e+002  1.97800e+003 -2.42324e+001  3.47160e+001  2.64833e+002
          1979  2.64237e+002  1.97900e+003 -2.42023e+001  3.47114e+001  2.64917e+002
          1980  2.64333e+002  1.98000e+003 -2.41697e+001  3.47068e+001  2.65000e+002
          1981  2.64419e+002  1.98100e+003 -2.41379e+001  3.47022e+001  2.65083e+002
          1982  2.64508e+002  1.98200e+003 -2.41054e+001  3.46976e+001  2.65167e+002
          1983  2.64598e+002  1.98300e+003 -2.40718e+001  3.46929e+001  2.65250e+002
          1984  2.64683e+002  1.98400e+003 -2.40378e+001  3.46882e+001  2.65333e+002
          1985  2.64772e+002  1.98500e+003 -2.40048e+001  3.46834e+001  2.65417e+002
          1986  2.64861e+002  1.98600e+003 -2.39728e+001  3.46786e+001  2.65500e+002
          1987  2.64944e+002  1.98700e+003 -2.39405e+001  3.46739e+001  2.65583e+002
          1988  2.65030e+002  1.98800e+003 -2.39085e+001  3.46690e+001  2.65667e+002
          1989  2.65115e+002  1.98900e+003 -2.38761e+001  3.46642e+001  2.65750e+002
          1990  2.65198e+002  1.99000e+003 -2.38428e+001  3.46594e+001  2.65833e+002
          1991  2.65296e+002  1.99100e+003 -2.38093e+001  3.46545e+001  2.65917e+002
          1992  2.65374e+002  1.99200e+003 -2.37745e+001  3.46497e+001  2.66000e+002
          1993  2.65463e+002  1.99300e+003 -2.37418e+001  3.46448e+001  2.66083e+002
          1994  2.65564e+002  1.99400e+003 -2.37094e+001  3.46399e+001  2.66167e+002
          1995  2.65649e+002  1.99500e+003 -2.36761e+001  3.46349e+001  2.66250e+002
          1996  2.65734e+002  1.99600e+003 -2.36444e+001  3.46299e+001  2.66333e+002
          1997  2.65820e+002  1.99700e+003 -2.36104e+001  3.46250e+001  2.66417e+002
          1998  2.65902e+002  1.99800e+003 -2.35764e+001  3.46200e+001  2.66500e+002
          1999  2.65994e+002  1.99900e+003 -2.35418e+001  3.46150e+001  2.66583e+002
          2000  2.66084e+002  2.00000e+003 -2.35067e+001  3.46100e+001  2.66667e+002
          2001  2.66175e+002  2.00100e+003 -2.34730e+001  3.46049e+001  2.66750e+002
          2002  2.66257e+002  2.00200e+003 -2.34389e+001  3.45998e+001  2.66833e+002
          2003  2.66352e+002  2.00300e+003 -2.34037e+001  3.45947e+001  2.66917e+002
          2004  2.66434e+002  2.00400e+003 -2.33647e+001  3.45895e+001  2.67000e+002
          2005  2.66534e+002  2.00500e+003 -2.33265e+001  3.45843e+001  2.67083e+002
          2006  2.66609e+002  2.00600e+003 -2.32893e+001  3.45792e+001  2.67167e+002
          2007  2.66695e+002  2.00700e+003 -2.32523e+001  3.45740e+001  2.67250e+002
          2008  2.66788e+002  2.00800e+003 -2.32141e+001  3.45687e+001  2.67333e+002
          2009  2.66872e+002  2.00900e+003 -2.31768e+001  3.45635e+001  2.67417e+002
          2010  2.66960e+002  2.01000e+003 -2.31396e+001  3.45582e+001  2.67500e+002
          2011  2.67046e+002  2.01100e+003 -2.31027e+001  3.45529e+001  2.67583e+002
          2012  2.67143e+002  2.01200e+003 -2.30625e+001  3.45475e+001  2.67667e+002
          2013  2.67234e+002  2.01300e+003 -2.30244e+001  3.45422e+001  2.67750e+002
          2014  2.67318e+002  2.01400e+003 -2.29868e+001  3.45368e+001  2.67833e+002
          2015  2.67400e+002  2.01500e+003 -2.29494e+001  3.45314e+001  2.67917e+002
          2016  2.67475e+002  2.01600e+003 -2.29140e+001  3.45260e+001  2.68000e+002
          2017  2.67570e+002  2.01700e+003 -2.28776e+001  3.45205e+001  2.68083e+002
          2018  2.67661e+002  2.01800e+003 -2.28406e+001  3.45150e+001  2.68167e+002
          2019  2.67754e+002  2.01900e+003 -2.28026e+001  3.45095e+001  2.68250e+002
          2020  2.67838e+002  2.02000e+003 -2.27637e+001  3.45039e+001  2.68333e+002
          2021  2.67930e+002  2.02100e+003 -2.27234e+001  3.44983e+001  2.68417e+002
          2022  2.68009e+002  2.02200e+003 -2.26830e+001  3.44928e+001  2.68500e+002
          2023  2.68105e+002  2.02300e+003 -2.26434e+001  3.44873e+001  2.68583e+002
          2024  2.68190e+002  2.02400e+003 -2.26037e+001  3.44817e+001  2.68667e+002
          2025  2.68277e+002  2.02500e+003 -2.25649e+001  3.44760e+001  2.68750e+002
          2026  2.68361e+002  2.02600e+003 -2.25257e+001  3.44704e+001  2.68833e+002
          2027  2.68463e+002  2.02700e+003 -2.24856e+001  3.44647e+001  2.68917e+002
          2028  2.68549e+002  2.02800e+003 -2.24426e+001  3.44589e+001  2.69000e+002
          2029  2.68635e+002  2.02900e+003 -2.24023e+001  3.44531e+001  2.69083e+002
          2030  2.68728e+002  2.03000e+003 -2.23616e+001  3.44473e+001  2.69167e+002
          2031  2.68813e+002  2.03100e+003 -2.23204e+001  3.44415e+001  2.69250e+002
          2032  2.68896e+002  2.03200e+003 -2.22828e+001  3.44356e+001  2.69333e+002
          2033  2.68984e+002  2.03300e+003 -2.22428e+001  3.44298e+001  2.69417e+002
          2034  2.69074e+002  2.03400e+003 -2.22021e+001  3.44239e+001  2.69500e+002
          2035  2.69171e+002  2.03500e+003 -2.21609e+001  3.44179e+001  2.69583e+002
          2036  2.69251e+002  2.03600e+003 -2.21169e+001  3.44119e+001  2.69667e+002
          2037  2.69335e+002  2.03700e+003 -2.20744e+001  3.44060e+001  2.69750e+002
          2038  2.69423e+002  2.03800e+003 -2.20321e+001  3.43999e+001  2.69833e+002
          2039  2.69506e+002  2.03900e+003 -2.19912e+001  3.43939e+001  2.69917e+002
          2040  2.69596e+002  2.04000e+003 -2.19485e+001  3.43879e+001  2.70000e+002
          2041  2.69673e+002  2.04100e+003 -2.19066e+001  3.43818e+001  2.70083e+002
          2042  2.69776e+002  2.04200e+003 -2.18637e+001  3.43758e+001  2.70167e+002
          2043  2.69862e+002  2.04300e+003 -2.18205e+001  3.43697e+001  2.70250e+002
          2044  2.69955e+002  2.04400e+003 -2.17763e+001  3.43636e+001  2.70333e+002
          2045  2.70035e+002  2.04500e+003 -2.17325e+001  3.43574e+001  2.70417e+002
          2046  2.70127e+002  2.04600e+003 -2.16893e+001  3.43513e+001  2.70500e+002
          2047  2.70218e+002  2.04700e+003 -2.16465e+001  3.43451e+001  2.70583e+002
          2048  2.70301e+002  2.04800e+003 -2.16027e+001  3.43388e+001  2.70667e+002
          2049  2.70398e+002  2.04900e+003 -2.15589e+001  3.43325e+001  2.70750e+002
          2050  2.70486e+002  2.05000e+003 -2.15158e+001  3.43262e+001  2.70833e+002
          2051  2.70576e+002  2.05100e+003 -2.14715e+001  3.43199e+001  2.70917e+002
          2052  2.70658e+002  2.05200e+003 -2.14255e+001  3.43135e+001  2.71000e+002
          2053  2.70757e+002  2.05300e+003 -2.13794e+001  3.43071e+001  2.71083e+002
          2054  2.70834e+002  2.05400e+003 -2.13338e+001  3.43007e+001  2.71167e+002
          2055  2.70924e+002  2.05500e+003 -2.12884e+001  3.42942e+001  2.71250e+002
          2056  2.71013e+002  2.05600e+003 -2.12432e+001  3.42876e+001  2.71333e+002
          2057  2.71100e+002  2.05700e+003 -2.11964e+001  3.42811e+001  2.71417e+002
          2058  2.71186e+002  2.05800e+003 -2.11501e+001  3.42745e+001  2.71500e+002
          2059  2.71270e+002  2.05900e+003 -2.11048e+001  3.42680e+001  2.71583e+002
          2060  2.71363e+002  2.06000e+003 -2.10572e+001  3.42614e+001  2.71667e+002
          2061  2.71457e+002  2.06100e+003 -2.10112e+001  3.42547e+001  2.71750e+002
          2062  2.71540e+002  2.06200e+003 -2.09648e+001  3.42481e+001  2.71833e+002
          2063  2.71631e+002  2.06300e+003 -2.09187e+001  3.42413e+001  2.71917e+002
          2064  2.71717e+002  2.06400e+003 -2.08719e+001  3.42346e+001  2.72000e+002
          2065  2.71811e+002  2.06500e+003 -2.08244e+001  3.42279e+001  2.72083e+002
          2066  2.71906e+002  2.06600e+003 -2.07772e+001  3.42211e+001  2.72167e+002
          2067  2.71985e+002  2.06700e+003 -2.07311e+001  3.42144e+001  2.72250e+002
          2068  2.72074e+002  2.06800e+003 -2.06856e+001  3.42074e+001  2.72333e+002
          2069  2.72164e+002  2.06900e+003 -2.06389e+001  3.42005e+001  2.72417e+002
          2070  2.72256e+002  2.07000e+003 -2.05915e+001  3.41935e+001  2.72500e+002
          2071  2.72340e+002  2.07100e+003 -2.05440e+001  3.41866e+001  2.72583e+002
          2072  2.72432e+002  2.07200e+003 -2.04938e+001  3.41795e+001  2.72667e+002
          2073  2.72521e+002  2.07300e+003 -2.04442e+001  3.41724e+001  2.72750e+002
          2074  2.72604e+002  2.07400e+003 -2.03944e+001  3.41653e+001  2.72833e+002
          2075  2.72682e+002  2.07500e+003 -2.03442e+001  3.41583e+001  2.72917e+002
          2076  2.72780e+002  2.07600e+003 -2.02964e+001  3.41513e+001  2.73000e+002
          2077  2.72876e+002  2.07700e+003 -2.02478e+001  3.41442e+001  2.73083e+002
          2078  2.72963e+002  2.07800e+003 -2.01990e+001  3.41371e+001  2.73167e+002
          2079  2.73054e+002  2.07900e+003 -2.01516e+001  3.41299e+001  2.73250e+002
          2080  2.73145e+002  2.08000e+003 -2.01006e+001  3.41227e+001  2.73333e+002
          2081  2.73234e+002  2.08100e+003 -2.00499e+001  3.41154e+001  2.73417e+002
          2082  2.73317e+002  2.08200e+003 -1.99978e+001  3.41081e+001  2.73500e+002
          2083  2.73411e+002  2.08300e+003 -1.99459e+001  3.41008e+001  2.73583e+002
          2084  2.73494e+002  2.08400e+003 -1.98947e+001  3.40933e+001  2.73667e+002
          2085  2.73586e+002  2.08500e+003 -1.98437e+001  3.40859e+001  2.73750e+002
          2086  2.73675e+002  2.08600e+003 -1.97929e+001  3.40784e+001  2.73833e+002
          2087  2.73762e+002  2.08700e+003 -1.97418e+001  3.40710e+001  2.73917e+002
          2088  2.73859e+002  2.08800e+003 -1.96895e+001  3.40635e+001  2.74000e+002
          2089  2.73945e+002  2.08900e+003 -1.96382e+001  3.40560e+001  2.74083e+002
          2090  2.74033e+002  2.09000e+003 -1.95870e+001  3.40485e+001  2.74167e+002
          2091  2.74122e+002  2.09100e+003 -1.95361e+001  3.40409e+001  2.74250e+002
          2092  2.74210e+002  2.09200e+003 -1.94823e+001  3.40333e+001  2.74333e+002
          2093  2.74300e+002  2.09300e+003 -1.94287e+001  3.40257e+001  2.74417e+002
          2094  2.74388e+002  2.09400e+003 -1.93755e+001  3.40180e+001  2.74500e+002
          2095  2.74469e+002  2.09500e+003 -1.93220e+001  3.40103e+001  2.74583e+002
          2096  2.74567e+002  2.09600e+003 -1.92692e+001  3.40025e+001  2.74667e+002
          2097  2.74648e+002  2.09700e+003 -1.92158e+001  3.39948e+001  2.74750e+002
          2098  2.74736e+002  2.09800e+003 -1.91620e+001  3.39869e+001  2.74833e+002
          2099  2.74829e+002  2.09900e+003 -1.91082e+001  3.39790e+001  2.74917e+002
          2100  2.74921e+002  2.10000e+003 -1.90524e+001  3.39710e+001  2.75000e+002
          2101  2.75006e+002  2.10100e+003 -1.89985e+001  3.39631e+001  2.75083e+002
          2102  2.75094e+002  2.10200e+003 -1.89444e+001  3.39551e+001  2.75167e+002
          2103  2.75189e+002  2.10300e+003 -1.88896e+001  3.39471e+001  2.75250e+002
          2104  2.75279e+002  2.10400e+003 -1.88342e+001  3.39389e+001  2.75333e+002
          2105  2.75366e+002  2.10500e+003 -1.87791e+001  3.39308e+001  2.75417e+002
          2106  2.75449e+002  2.10600e+003 -1.87242e+001  3.39227e+001  2.75500e+002
          2107  2.75543e+002  2.10700e+003 -1.86695e+001  3.39146e+001  2.75583e+002
          2108  2.75628e+002  2.10800e+003 -1.86143e+001  3.39063e+001  2.75667e+002
          2109  2.75719e+002  2.10900e+003 -1.85581e+001  3.38980e+001  2.75750e+002
          2110  2.75806e+002  2.11000e+003 -1.85012e+001  3.38898e+001  2.75833e+002
          2111  2.75897e+002  2.11100e+003 -1.84444e+001  3.38815e+001  2.75917e+002
          2112  2.75990e+002  2.11200e+003 -1.83849e+001  3.38732e+001  2.76000e+002
          2113  2.76085e+002  2.11300e+003 -1.83272e+001  3.38648e+001  2.76083e+002
          2114  2.76165e+002  2.11400e+003 -1.82692e+001  3.38565e+001  2.76167e+002
          2115  2.76255e+002  2.11500e+003 -1.82106e+001  3.38481e+001  2.76250e+002
          2116  2.76347e+002  2.11600e+003 -1.81506e+001  3.38396e+001  2.76333e+002
          2117  2.76424e+002  2.11700e+003 -1.80927e+001  3.38312e+001  2.76417e+002
          2118  2.76521e+002  2.11800e+003 -1.80346e+001  3.38227e+001  2.76500e+002
          2119  2.76608e+002  2.11900e+003 -1.79765e+001  3.38142e+001  2.76583e+002
          2120  2.76704e+002  2.12000e+003 -1.79175e+001  3.38056e+001  2.76667e+002
          2121  2.76792e+002  2.12100e+003 -1.78575e+001  3.37970e+001  2.76750e+002
          2122  2.76881e+002  2.12200e+003 -1.77975e+001  3.37883e+001  2.76833e+002
          2123  2.76974e+002  2.12300e+003 -1.77379e+001  3.37796e+001  2.76917e+002
          2124  2.77059e+002  2.12400e+003 -1.76781e+001  3.37706e+001  2.77000e+002
          2125  2.77144e+002  2.12500e+003 -1.76183e+001  3.37618e+001  2.77083e+002
          2126  2.77244e+002  2.12600e+003 -1.75587e+001  3.37529e+001  2.77167e+002
          2127  2.77330e+002  2.12700e+003 -1.74987e+001  3.37440e+001  2.77250e+002
          2128  2.77416e+002  2.12800e+003 -1.74371e+001  3.37349e+001  2.77333e+002
          2129  2.77501e+002  2.12900e+003 -1.73764e+001  3.37260e+001  2.77417e+002
          2130  2.77597e+002  2.13000e+003 -1.73151e+001  3.37170e+001  2.77500e+002
          2131  2.77671e+002  2.13100e+003 -1.72540e+001  3.37080e+001  2.77583e+002
          2132  2.77762e+002  2.13200e+003 -1.71926e+001  3.36989e+001  2.77667e+002
          2133  2.77858e+002  2.13300e+003 -1.71306e+001  3.36898e+001  2.77750e+002
          2134  2.77946e+002  2.13400e+003 -1.70681e+001  3.36807e+001  2.77833e+002
          2135  2.78041e+002  2.13500e+003 -1.70061e+001  3.36716e+001  2.77917e+002
          2136  2.78130e+002  2.13600e+003 -1.69434e+001  3.36622e+001  2.78000e+002
          2137  2.78220e+002  2.13700e+003 -1.68808e+001  3.36529e+001  2.78083e+002
          2138  2.78314e+002  2.13800e+003 -1.68176e+001  3.36436e+001  2.78167e+002
          2139  2.78398e+002  2.13900e+003 -1.67552e+001  3.36342e+001  2.78250e+002
          2140  2.78489e+002  2.14000e+003 -1.66894e+001  3.36247e+001  2.78333e+002
          2141  2.78579e+002  2.14100e+003 -1.66248e+001  3.36153e+001  2.78417e+002
          2142  2.78671e+002  2.14200e+003 -1.65613e+001  3.36058e+001  2.78500e+002
          2143  2.78755e+002  2.14300e+003 -1.64984e+001  3.35964e+001  2.78583e+002
          2144  2.78854e+002  2.14400e+003 -1.64336e+001  3.35868e+001  2.78667e+002
          2145  2.78957e+002  2.14500e+003 -1.63698e+001  3.35773e+001  2.78750e+002
          2146  2.79045e+002  2.14600e+003 -1.63064e+001  3.35677e+001  2.78833e+002
          2147  2.79120e+002  2.14700e+003 -1.62422e+001  3.35580e+001  2.78917e+002
          2148  2.79212e+002  2.14800e+003 -1.61739e+001  3.35482e+001  2.79000e+002
          2149  2.79303e+002  2.14900e+003 -1.61066e+001  3.35384e+001  2.79083e+002
          2150  2.79386e+002  2.15000e+003 -1.60401e+001  3.35286e+001  2.79167e+002
          2151  2.79471e+002  2.15100e+003 -1.59734e+001  3.35188e+001  2.79250e+002
          2152  2.79557e+002  2.15200e+003 -1.59085e+001  3.35088e+001  2.79333e+002
          2153  2.79651e+002  2.15300e+003 -1.58423e+001  3.34988e+001  2.79417e+002
          2154  2.79739e+002  2.15400e+003 -1.57751e+001  3.34888e+001  2.79500e+002
          2155  2.79834e+002  2.15500e+003 -1.57076e+001  3.34788e+001  2.79583e+002
          2156  2.79928e+002  2.15600e+003 -1.56335e+001  3.34686e+001  2.79667e+002
          2157  2.80021e+002  2.15700e+003 -1.55633e+001  3.34585e+001  2.79750e+002
          2158  2.80100e+002  2.15800e+003 -1.54941e+001  3.34482e+001  2.79833e+002
          2159  2.80194e+002  2.15900e+003 -1.54241e+001  3.34380e+001  2.79917e+002
          2160  2.80287e+002  2.16000e+003 -1.53568e+001  3.34276e+001  2.80000e+002
          2161  2.80378e+002  2.16100e+003 -1.52883e+001  3.34173e+001  2.80083e+002
          2162  2.80461e+002  2.16200e+003 -1.52194e+001  3.34069e+001  2.80167e+002
          2163  2.80557e+002  2.16300e+003 -1.51507e+001  3.33966e+001  2.80250e+002
          2164  2.80645e+002  2.16400e+003 -1.50794e+001  3.33860e+001  2.80333e+002
          2165  2.80740e+002  2.16500e+003 -1.50093e+001  3.33755e+001  2.80417e+002
          2166  2.80816e+002  2.16600e+003 -1.49396e+001  3.33649e+001  2.80500e+002
          2167  2.80917e+002  2.16700e+003 -1.48698e+001  3.33543e+001  2.80583e+002
          2168  2.81006e+002  2.16800e+003 -1.48014e+001  3.33434e+001  2.80667e+002
          2169  2.81097e+002  2.16900e+003 -1.47320e+001  3.33327e+001  2.80750e+002
          2170  2.81187e+002  2.17000e+003 -1.46622e+001  3.33219e+001  2.80833e+002
          2171  2.81280e+002  2.17100e+003 -1.45916e+001  3.33111e+001  2.80917e+002
          2172  2.81368e+002  2.17200e+003 -1.45197e+001  3.33003e+001  2.81000e+002
          2173  2.81452e+002  2.17300e+003 -1.44475e+001  3.32894e+001  2.81083e+002
          2174  2.81542e+002  2.17400e+003 -1.43743e+001  3.32785e+001  2.81167e+002
          2175  2.81637e+002  2.17500e+003 -1.43012e+001  3.32676e+001  2.81250e+002
          2176  2.81729e+002  2.17600e+003 -1.42244e+001  3.32565e+001  2.81333e+002
          2177  2.81808e+002  2.17700e+003 -1.41492e+001  3.32455e+001  2.81417e+002
          2178  2.81902e+002  2.17800e+003 -1.40750e+001  3.32344e+001  2.81500e+002
          2179  2.82005e+002  2.17900e+003 -1.40012e+001  3.32233e+001  2.81583e+002
          2180  2.82091e+002  2.18000e+003 -1.39219e+001  3.32120e+001  2.81667e+002
          2181  2.82179e+002  2.18100e+003 -1.38448e+001  3.32007e+001  2.81750e+002
          2182  2.82256e+002  2.18200e+003 -1.37680e+001  3.31894e+001  2.81833e+002
          2183  2.82350e+002  2.18300e+003 -1.36907e+001  3.31781e+001  2.81917e+002
          2184  2.82449e+002  2.18400e+003 -1.36117e+001  3.31667e+001  2.82000e+002
          2185  2.82544e+002  2.18500e+003 -1.35344e+001  3.31552e+001  2.82083e+002
          2186  2.82628e+002  2.18600e+003 -1.34575e+001  3.31437e+001  2.82167e+002
          2187  2.82717e+002  2.18700e+003 -1.33809e+001  3.31321e+001  2.82250e+002
          2188  2.82817e+002  2.18800e+003 -1.33021e+001  3.31204e+001  2.82333e+002
          2189  2.82906e+002  2.18900e+003 -1.32242e+001  3.31088e+001  2.82417e+002
          2190  2.82993e+002  2.19000e+003 -1.31460e+001  3.30971e+001  2.82500e+002
          2191  2.83085e+002  2.19100e+003 -1.30667e+001  3.30853e+001  2.82583e+002
          2192  2.83178e+002  2.19200e+003 -1.29845e+001  3.30735e+001  2.82667e+002
          2193  2.83271e+002  2.19300e+003 -1.29043e+001  3.30617e+001  2.82750e+002
          2194  2.83357e+002  2.19400e+003 -1.28248e+001  3.30498e+001  2.82833e+002
          2195  2.83445e+002  2.19500e+003 -1.27444e+001  3.30379e+001  2.82917e+002
          2196  2.83540e+002  2.19600e+003 -1.26628e+001  3.30258e+001  2.83000e+002
          2197  2.83636e+002  2.19700e+003 -1.25819e+001  3.30138e+001  2.83083e+002
          2198  2.83720e+002  2.19800e+003 -1.25010e+001  3.30017e+001  2.83167e+002
          2199  2.83809e+002  2.19900e+003 -1.24200e+001  3.29897e+001  2.83250e+002
          2200  2.83909e+002  2.20000e+003 -1.23344e+001  3.29774e+001  2.83333e+002
          2201  2.83997e+002  2.20100e+003 -1.22505e+001  3.29652e+001  2.83417e+002
          2202  2.84089e+002  2.20200e+003 -1.21672e+001  3.29530e+001  2.83500e+002
          2203  2.84178e+002  2.20300e+003 -1.20842e+001  3.29406e+001  2.83583e+002
          2204  2.84267e+002  2.20400e+003 -1.20016e+001  3.29281e+001  2.83667e+002
          2205  2.84361e+002  2.20500e+003 -1.19187e+001  3.29156e+001  2.83750e+002
          2206  2.84460e+002  2.20600e+003 -1.18353e+001  3.29031e+001  2.83833e+002
          2207  2.84547e+002  2.20700e+003 -1.17512e+001  3.28905e+001  2.83917e+002
          2208  2.84642e+002  2.20800e+003 -1.16658e+001  3.28777e+001  2.84000e+002
          2209  2.84730e+002  2.20900e+003 -1.15810e+001  3.28650e+001  2.84083e+002
          2210  2.84825e+002  2.21000e+003 -1.14967e+001  3.28523e+001  2.84167e+002
          2211  2.84907e+002  2.21100e+003 -1.14115e+001  3.28395e+001  2.84250e+002
          2212  2.84997e+002  2.21200e+003 -1.13264e+001  3.28266e+001  2.84333e+002
          2213  2.85095e+002  2.21300e+003 -1.12406e+001  3.28138e+001  2.84417e+002
          2214  2.85192e+002  2.21400e+003 -1.11545e+001  3.28008e+001  2.84500e+002
          2215  2.85284e+002  2.21500e+003 -1.10681e+001  3.27878e+001  2.84583e+002
          2216  2.85374e+002  2.21600e+003 -1.09786e+001  3.27748e+001  2.84667e+002
          2217  2.85465e+002  2.21700e+003 -1.08900e+001  3.27617e+001  2.84750e+002
          2218  2.85562e+002  2.21800e+003 -1.08021e+001  3.27485e+001  2.84833e+002
          2219  2.85653e+002  2.21900e+003 -1.07147e+001  3.27353e+001  2.84917e+002
          2220  2.85743e+002  2.22000e+003 -1.06255e+001  3.27219e+001  2.85000e+002
          2221  2.85834e+002  2.22100e+003 -1.05374e+001  3.27086e+001  2.85083e+002
          2222  2.85915e+002  2.22200e+003 -1.04488e+001  3.26952e+001  2.85167e+002
          2223  2.86014e+002  2.22300e+003 -1.03599e+001  3.26817e+001  2.85250e+002
          2224  2.86096e+002  2.22400e+003 -1.02695e+001  3.26681e+001  2.85333e+002
          2225  2.86196e+002  2.22500e+003 -1.01797e+001  3.26545e+001  2.85417e+002
          2226  2.86286e+002  2.22600e+003 -1.00897e+001  3.26409e+001  2.85500e+002
          2227  2.86383e+002  2.22700e+003 -9.99909e+000  3.26272e+001  2.85583e+002
          2228  2.86466e+002  2.22800e+003 -9.90744e+000  3.26134e+001  2.85667e+002
          2229  2.86560e+002  2.22900e+003 -9.81515e+000  3.25996e+001  2.85750e+002
          2230  2.86653e+002  2.23000e+003 -9.72245e+000  3.25858e+001  2.85833e+002
          2231  2.86747e+002  2.23100e+003 -9.62979e+000  3.25719e+001  2.85917e+002
          2232  2.86841e+002  2.23200e+003 -9.53380e+000  3.25578e+001  2.86000e+002
          2233  2.86943e+002  2.23300e+003 -9.43923e+000  3.25437e+001  2.86083e+002
          2234  2.87022e+002  2.23400e+003 -9.34540e+000  3.25296e+001  2.86167e+002
          2235  2.87111e+002  2.23500e+003 -9.25189e+000  3.25154e+001  2.86250e+002
          2236  2.87208e+002  2.23600e+003 -9.15245e+000  3.25011e+001  2.86333e+002
          2237  2.87304e+002  2.23700e+003 -9.05430e+000  3.24868e+001  2.86417e+002
          2238  2.87405e+002  2.23800e+003 -8.95690e+000  3.24724e+001  2.86500e+002
          2239  2.87484e+002  2.23900e+003 -8.86028e+000  3.24580e+001  2.86583e+002
          2240  2.87574e+002  2.24000e+003 -8.76364e+000  3.24436e+001  2.86667e+002
          2241  2.87672e+002  2.24100e+003 -8.66705e+000  3.24291e+001  2.86750e+002
          2242  2.87763e+002  2.24200e+003 -8.56947e+000  3.24146e+001  2.86833e+002
          2243  2.87850e+002  2.24300e+003 -8.47235e+000  3.24000e+001  2.86917e+002
          2244  2.87946e+002  2.24400e+003 -8.37198e+000  3.23853e+001  2.87000e+002
          2245  2.88038e+002  2.24500e+003 -8.27282e+000  3.23705e+001  2.87083e+002
          2246  2.88122e+002  2.24600e+003 -8.17374e+000  3.23557e+001  2.87167e+002
          2247  2.88215e+002  2.24700e+003 -8.07431e+000  3.23409e+001  2.87250e+002
          2248  2.88311e+002  2.24800e+003 -7.97753e+000  3.23259e+001  2.87333e+002
          2249  2.88410e+002  2.24900e+003 -7.87795e+000  3.23109e+001  2.87417e+002
          2250  2.88500e+002  2.25000e+003 -7.77704e+000  3.22958e+001  2.87500e+002
          2251  2.88602e+002  2.25100e+003 -7.67603e+000  3.22808e+001  2.87583e+002
          2252  2.88685e+002  2.25200e+003 -7.57390e+000  3.22656e+001  2.87667e+002
          2253  2.88781e+002  2.25300e+003 -7.47323e+000  3.22504e+001  2.87750e+002
          2254  2.88882e+002  2.25400e+003 -7.37175e+000  3.22351e+001  2.87833e+002
          2255  2.88965e+002  2.25500e+003 -7.26907e+000  3.22199e+001  2.87917e+002
          2256  2.89060e+002  2.25600e+003 -7.16385e+000  3.22043e+001  2.88000e+002
          2257  2.89152e+002  2.25700e+003 -7.05908e+000  3.21888e+001  2.88083e+002
          2258  2.89262e+002  2.25800e+003 -6.95362e+000  3.21733e+001  2.88167e+002
          2259  2.89340e+002  2.25900e+003 -6.84798e+000  3.21578e+001  2.88250e+002
          2260  2.89437e+002  2.26000e+003 -6.74158e+000  3.21420e+001  2.88333e+002
          2261  2.89526e+002  2.26100e+003 -6.63575e+000  3.21262e+001  2.88417e+002
          2262  2.89617e+002  2.26200e+003 -6.52927e+000  3.21104e+001  2.88500e+002
          2263  2.89706e+002  2.26300e+003 -6.42216e+000  3.20946e+001  2.88583e+002
          2264  2.89809e+002  2.26400e+003 -6.30955e+000  3.20787e+001  2.88667e+002
          2265  2.89902e+002  2.26500e+003 -6.20033e+000  3.20627e+001  2.88750e+002
          2266  2.89994e+002  2.26600e+003 -6.09146e+000  3.20466e+001  2.88833e+002
          2267  2.90087e+002  2.26700e+003 -5.98217e+000  3.20305e+001  2.88917e+002
          2268  2.90185e+002  2.26800e+003 -5.87181e+000  3.20142e+001  2.89000e+002
          2269  2.90268e+002  2.26900e+003 -5.76095e+000  3.19980e+001  2.89083e+002
          2270  2.90367e+002  2.27000e+003 -5.65037e+000  3.19817e+001  2.89167e+002
          2271  2.90463e+002  2.27100e+003 -5.53867e+000  3.19654e+001  2.89250e+002
          2272  2.90560e+002  2.27200e+003 -5.42219e+000  3.19489e+001  2.89333e+002
          2273  2.90653e+002  2.27300e+003 -5.30791e+000  3.19324e+001  2.89417e+002
          2274  2.90750e+002  2.27400e+003 -5.19428e+000  3.19159e+001  2.89500e+002
          2275  2.90845e+002  2.27500e+003 -5.08117e+000  3.18993e+001  2.89583e+002
          2276  2.90933e+002  2.27600e+003 -4.96703e+000  3.18824e+001  2.89667e+002
          2277  2.91029e+002  2.27700e+003 -4.85427e+000  3.18656e+001  2.89750e+002
          2278  2.91119e+002  2.27800e+003 -4.74130e+000  3.18488e+001  2.89833e+002
          2279  2.91214e+002  2.27900e+003 -4.62823e+000  3.18319e+001  2.89917e+002
          2280  2.91308e+002  2.28000e+003 -4.51290e+000  3.18149e+001  2.90000e+002
          2281  2.91398e+002  2.28100e+003 -4.39700e+000  3.17979e+001  2.90083e+002
          2282  2.91497e+002  2.28200e+003 -4.27940e+000  3.17808e+001  2.90167e+002
          2283  2.91587e+002  2.28300e+003 -4.16154e+000  3.17638e+001  2.90250e+002
          2284  2.91674e+002  2.28400e+003 -4.04920e+000  3.17465e+001  2.90333e+002
          2285  2.91768e+002  2.28500e+003 -3.93526e+000  3.17293e+001  2.90417e+002
          2286  2.91864e+002  2.28600e+003 -3.82126e+000  3.17119e+001  2.90500e+002
          2287  2.91965e+002  2.28700e+003 -3.70745e+000  3.16945e+001  2.90583e+002
          2288  2.92049e+002  2.28800e+003 -3.58761e+000  3.16769e+001  2.90667e+002
          2289  2.92147e+002  2.28900e+003 -3.47070e+000  3.16594e+001  2.90750e+002
          2290  2.92247e+002  2.29000e+003 -3.35382e+000  3.16418e+001  2.90833e+002
          2291  2.92347e+002  2.29100e+003 -3.23700e+000  3.16242e+001  2.90917e+002
          2292  2.92437e+002  2.29200e+003 -3.11966e+000  3.16064e+001  2.91000e+002
          2293  2.92531e+002  2.29300e+003 -3.00191e+000  3.15886e+001  2.91083e+002
          2294  2.92624e+002  2.29400e+003 -2.88451e+000  3.15708e+001  2.91167e+002
          2295  2.92713e+002  2.29500e+003 -2.76579e+000  3.15529e+001  2.91250e+002
          2296  2.92810e+002  2.29600e+003 -2.64772e+000  3.15349e+001  2.91333e+002
          2297  2.92912e+002  2.29700e+003 -2.52969e+000  3.15168e+001  2.91417e+002
          2298  2.92999e+002  2.29800e+003 -2.41172e+000  3.14987e+001  2.91500e+002
          2299  2.93097e+002  2.29900e+003 -2.29315e+000  3.14807e+001  2.91583e+002
          2300  2.93191e+002  2.30000e+003 -2.16943e+000  3.14623e+001  2.91667e+002
          2301  2.93282e+002  2.30100e+003 -2.04907e+000  3.14440e+001  2.91750e+002
          2302  2.93377e+002  2.30200e+003 -1.92917e+000  3.14257e+001  2.91833e+002
          2303  2.93480e+002  2.30300e+003 -1.80856e+000  3.14073e+001  2.91917e+002
          2304  2.93573e+002  2.30400e+003 -1.68721e+000  3.13886e+001  2.92000e+002
          2305  2.93665e+002  2.30500e+003 -1.56535e+000  3.13701e+001  2.92083e+002
          2306  2.93757e+002  2.30600e+003 -1.44341e+000  3.13515e+001  2.92167e+002
          2307  2.93845e+002  2.30700e+003 -1.32194e+000  3.13329e+001  2.92250e+002
          2308  2.93950e+002  2.30800e+003 -1.19676e+000  3.13141e+001  2.92333e+002
          2309  2.94035e+002  2.30900e+003 -1.07304e+000  3.12954e+001  2.92417e+002
          2310  2.94131e+002  2.31000e+003 -9.49346e-001  3.12765e+001  2.92500e+002
          2311  2.94232e+002  2.31100e+003 -8.24995e-001  3.12575e+001  2.92583e+002
          2312  2.94326e+002  2.31200e+003 -6.98555e-001  3.12384e+001  2.92667e+002
          2313  2.94428e+002  2.31300e+003 -5.72757e-001  3.12194e+001  2.92750e+002
          2314  2.94521e+002  2.31400e+003 -4.48099e-001  3.12002e+001  2.92833e+002
          2315  2.94612e+002  2.31500e+003 -3.23488e-001  3.11811e+001  2.92917e+002
          2316  2.94712e+002  2.31600e+003 -1.95885e-001  3.11617e+001  2.93000e+002
          2317  2.94813e+002  2.31700e+003 -6.82591e-002  3.11423e+001  2.93083e+002
          2318  2.94909e+002  2.31800e+003  5.97472e-002  3.11229e+001  2.93167e+002
          2319  2.95002e+002  2.31900e+003  1.87820e-001  3.11035e+001  2.93250e+002
          2320  2.95089e+002  2.32000e+003  3.17416e-001  3.10837e+001  2.93333e+002
          2321  2.95187e+002  2.32100e+003  4.45773e-001  3.10641e+001  2.93417e+002
          2322  2.95281e+002  2.32200e+003  5.73857e-001  3.10445e+001  2.93500e+002
          2323  2.95366e+002  2.32300e+003  7.01314e-001  3.10248e+001  2.93583e+002
          2324  2.95468e+002  2.32400e+003  8.28993e-001  3.10050e+001  2.93667e+002
          2325  2.95570e+002  2.32500e+003  9.57013e-001  3.09851e+001  2.93750e+002
          2326  2.95656e+002  2.32600e+003  1.08578e+000  3.09652e+001  2.93833e+002
          2327  2.95752e+002  2.32700e+003  1.21389e+000  3.09453e+001  2.93917e+002
          2328  2.95853e+002  2.32800e+003  1.34375e+000  3.09252e+001  2.94000e+002
          2329  2.95944e+002  2.32900e+003  1.47248e+000  3.09051e+001  2.94083e+002
          2330  2.96038e+002  2.33000e+003  1.60094e+000  3.08849e+001  2.94167e+002
          2331  2.96130e+002  2.33100e+003  1.72983e+000  3.08648e+001  2.94250e+002
          2332  2.96227e+002  2.33200e+003  1.85709e+000  3.08445e+001  2.94333e+002
          2333  2.96338e+002  2.33300e+003  1.98574e+000  3.08242e+001  2.94417e+002
          2334  2.96425e+002  2.33400e+003  2.11413e+000  3.08038e+001  2.94500e+002
          2335  2.96526e+002  2.33500e+003  2.24282e+000  3.07834e+001  2.94583e+002
          2336  2.96614e+002  2.33600e+003  2.37533e+000  3.07628e+001  2.94667e+002
          2337  2.96714e+002  2.33700e+003  2.50712e+000  3.07423e+001  2.94750e+002
          2338  2.96801e+002  2.33800e+003  2.63822e+000  3.07217e+001  2.94833e+002
          2339  2.96898e+002  2.33900e+003  2.76800e+000  3.07010e+001  2.94917e+002
          2340  2.97003e+002  2.34000e+003  2.90018e+000  3.06802e+001  2.95000e+002
          2341  2.97092e+002  2.34100e+003  3.03156e+000  3.06594e+001  2.95083e+002
          2342  2.97183e+002  2.34200e+003  3.16192e+000  3.06386e+001  2.95167e+002
          2343  2.97284e+002  2.34300e+003  3.29345e+000  3.06178e+001  2.95250e+002
          2344  2.97379e+002  2.34400e+003  3.42658e+000  3.05967e+001  2.95333e+002
          2345  2.97483e+002  2.34500e+003  3.55848e+000  3.05756e+001  2.95417e+002
          2346  2.97568e+002  2.34600e+003  3.69010e+000  3.05546e+001  2.95500e+002
          2347  2.97667e+002  2.34700e+003  3.82153e+000  3.05335e+001  2.95583e+002
          2348  2.97757e+002  2.34800e+003  3.95170e+000  3.05122e+001  2.95667e+002
          2349  2.97854e+002  2.34900e+003  4.08269e+000  3.04910e+001  2.95750e+002
          2350  2.97951e+002  2.35000e+003  4.21399e+000  3.04697e+001  2.95833e+002
          2351  2.98051e+002  2.35100e+003  4.34497e+000  3.04484e+001  2.95917e+002
          2352  2.98144e+002  2.35200e+003  4.47728e+000  3.04269e+001  2.96000e+002
          2353  2.98235e+002  2.35300e+003  4.60918e+000  3.04055e+001  2.96083e+002
          2354  2.98335e+002  2.35400e+003  4.74097e+000  3.03840e+001  2.96167e+002
          2355  2.98432e+002  2.35500e+003  4.87223e+000  3.03625e+001  2.96250e+002
          2356  2.98527e+002  2.35600e+003  5.00387e+000  3.03408e+001  2.96333e+002
          2357  2.98619e+002  2.35700e+003  5.13491e+000  3.03191e+001  2.96417e+002
          2358  2.98716e+002  2.35800e+003  5.26539e+000  3.02975e+001  2.96500e+002
          2359  2.98809e+002  2.35900e+003  5.39536e+000  3.02758e+001  2.96583e+002
          2360  2.98909e+002  2.36000e+003  5.52522e+000  3.02540e+001  2.96667e+002
          2361  2.99015e+002  2.36100e+003  5.65461e+000  3.02321e+001  2.96750e+002
          2362  2.99101e+002  2.36200e+003  5.78351e+000  3.02102e+001  2.96833e+002
          2363  2.99199e+002  2.36300e+003  5.91187e+000  3.01883e+001  2.96917e+002
          2364  2.99298e+002  2.36400e+003  6.03884e+000  3.01662e+001  2.97000e+002
          2365  2.99400e+002  2.36500e+003  6.16740e+000  3.01442e+001  2.97083e+002
          2366  2.99488e+002  2.36600e+003  6.29797e+000  3.01222e+001  2.97167e+002
          2367  2.99587e+002  2.36700e+003  6.42861e+000  3.01001e+001  2.97250e+002
          2368  2.99681e+002  2.36800e+003  6.55444e+000  3.00781e+001  2.97333e+002
          2369  2.99764e+002  2.36900e+003  6.68323e+000  3.00559e+001  2.97417e+002
          2370  2.99879e+002  2.37000e+003  6.81217e+000  3.00338e+001  2.97500e+002
          2371  2.99963e+002  2.37100e+003  6.94158e+000  3.00116e+001  2.97583e+002
          2372  3.00054e+002  2.37200e+003  7.07071e+000  2.99893e+001  2.97667e+002
          2373  3.00158e+002  2.37300e+003  7.19926e+000  2.99670e+001  2.97750e+002
          2374  3.00257e+002  2.37400e+003  7.32785e+000  2.99447e+001  2.97833e+002
          2375  3.00353e+002  2.37500e+003  7.45701e+000  2.99224e+001  2.97917e+002
          2376  3.00450e+002  2.37600e+003  7.58721e+000  2.99000e+001  2.98000e+002
          2377  3.00541e+002  2.37700e+003  7.71685e+000  2.98776e+001  2.98083e+002
          2378  3.00637e+002  2.37800e+003  7.84568e+000  2.98551e+001  2.98167e+002
          2379  3.00740e+002  2.37900e+003  7.97412e+000  2.98327e+001  2.98250e+002
          2380  3.00836e+002  2.38000e+003  8.10092e+000  2.98102e+001  2.98333e+002
          2381  3.00923e+002  2.38100e+003  8.22907e+000  2.97877e+001  2.98417e+002
          2382  3.01028e+002  2.38200e+003  8.35708e+000  2.97652e+001  2.98500e+002
          2383  3.01123e+002  2.38300e+003  8.48455e+000  2.97426e+001  2.98583e+002
          2384  3.01214e+002  2.38400e+003  8.61038e+000  2.97200e+001  2.98667e+002
          2385  3.01321e+002  2.38500e+003  8.73657e+000  2.96974e+001  2.98750e+002
          2386  3.01409e+002  2.38600e+003  8.86195e+000  2.96747e+001  2.98833e+002
          2387  3.01496e+002  2.38700e+003  8.98689e+000  2.96521e+001  2.98917e+002
          2388  3.01596e+002  2.38800e+003  9.10965e+000  2.96293e+001  2.99000e+002
          2389  3.01697e+002  2.38900e+003  9.23430e+000  2.96066e+001  2.99083e+002
          2390  3.01790e+002  2.39000e+003  9.35875e+000  2.95839e+001  2.99167e+002
          2391  3.01884e+002  2.39100e+003  9.48313e+000  2.95612e+001  2.99250e+002
          2392  3.01984e+002  2.39200e+003  9.60364e+000  2.95385e+001  2.99333e+002
          2393  3.02072e+002  2.39300e+003  9.72511e+000  2.95158e+001  2.99417e+002
          2394  3.02173e+002  2.39400e+003  9.84641e+000  2.94931e+001  2.99500e+002
          2395  3.02265e+002  2.39500e+003  9.96710e+000  2.94704e+001  2.99583e+002
          2396  3.02364e+002  2.39600e+003  1.00883e+001  2.94476e+001  2.99667e+002
          2397  3.02453e+002  2.39700e+003  1.02096e+001  2.94248e+001  2.99750e+002
          2398  3.02554e+002  2.39800e+003  1.03302e+001  2.94020e+001  2.99833e+002
          2399  3.02659e+002  2.39900e+003  1.04500e+001  2.93793e+001  2.99917e+002
          2400  3.02748e+002  2.40000e+003  1.05667e+001  2.93564e+001  3.00000e+002
          2401  3.02844e+002  2.40100e+003  1.06859e+001  2.93336e+001  3.00083e+002
          2402  3.02934e+002  2.40200e+003  1.08059e+001  2.93108e+001  3.00167e+002
          2403  3.03032e+002  2.40300e+003  1.09245e+001  2.92880e+001  3.00250e+002
          2404  3.03135e+002  2.40400e+003  1.10381e+001  2.92653e+001  3.00333e+002
          2405  3.03221e+002  2.40500e+003  1.11522e+001  2.92426e+001  3.00417e+002
          2406  3.03323e+002  2.40600e+003  1.12664e+001  2.92199e+001  3.00500e+002
          2407  3.03415e+002  2.40700e+003  1.13797e+001  2.91971e+001  3.00583e+002
          2408  3.03518e+002  2.40800e+003  1.14921e+001  2.91745e+001  3.00667e+002
          2409  3.03603e+002  2.40900e+003  1.16063e+001  2.91518e+001  3.00750e+002
          2410  3.03690e+002  2.41000e+003  1.17196e+001  2.91291e+001  3.00833e+002
          2411  3.03807e+002  2.41100e+003  1.18318e+001  2.91065e+001  3.00917e+002
          2412  3.03895e+002  2.41200e+003  1.19391e+001  2.90838e+001  3.01000e+002
          2413  3.03979e+002  2.41300e+003  1.20494e+001  2.90611e+001  3.01083e+002
          2414  3.04083e+002  2.41400e+003  1.21595e+001  2.90384e+001  3.01167e+002
          2415  3.04178e+002  2.41500e+003  1.22697e+001  2.90157e+001  3.01250e+002
          2416  3.04264e+002  2.41600e+003  1.23786e+001  2.89931e+001  3.01333e+002
          2417  3.04371e+002  2.41700e+003  1.24867e+001  2.89706e+001  3.01417e+002
          2418  3.04464e+002  2.41800e+003  1.25935e+001  2.89480e+001  3.01500e+002
          2419  3.04557e+002  2.41900e+003  1.26991e+001  2.89255e+001  3.01583e+002
          2420  3.04653e+002  2.42000e+003  1.28029e+001  2.89031e+001  3.01667e+002
          2421  3.04762e+002  2.42100e+003  1.29083e+001  2.88807e+001  3.01750e+002
          2422  3.04849e+002  2.42200e+003  1.30138e+001  2.88583e+001  3.01833e+002
          2423  3.04934e+002  2.42300e+003  1.31199e+001  2.88359e+001  3.01917e+002
          2424  3.05030e+002  2.42400e+003  1.32204e+001  2.88136e+001  3.02000e+002
          2425  3.05122e+002  2.42500e+003  1.33236e+001  2.87912e+001  3.02083e+002
          2426  3.05210e+002  2.42600e+003  1.34269e+001  2.87689e+001  3.02167e+002
          2427  3.05312e+002  2.42700e+003  1.35285e+001  2.87467e+001  3.02250e+002
          2428  3.05397e+002  2.42800e+003  1.36286e+001  2.87245e+001  3.02333e+002
          2429  3.05497e+002  2.42900e+003  1.37284e+001  2.87024e+001  3.02417e+002
          2430  3.05595e+002  2.43000e+003  1.38271e+001  2.86803e+001  3.02500e+002
          2431  3.05685e+002  2.43100e+003  1.39248e+001  2.86583e+001  3.02583e+002
          2432  3.05773e+002  2.43200e+003  1.40200e+001  2.86365e+001  3.02667e+002
          2433  3.05869e+002  2.43300e+003  1.41141e+001  2.86146e+001  3.02750e+002
          2434  3.05972e+002  2.43400e+003  1.42078e+001  2.85927e+001  3.02833e+002
          2435  3.06062e+002  2.43500e+003  1.43023e+001  2.85709e+001  3.02917e+002
          2436  3.06156e+002  2.43600e+003  1.43888e+001  2.85492e+001  3.03000e+002
          2437  3.06262e+002  2.43700e+003  1.44795e+001  2.85275e+001  3.03083e+002
          2438  3.06336e+002  2.43800e+003  1.45723e+001  2.85059e+001  3.03167e+002
          2439  3.06437e+002  2.43900e+003  1.46653e+001  2.84842e+001  3.03250e+002
          2440  3.06528e+002  2.44000e+003  1.47507e+001  2.84627e+001  3.03333e+002
          2441  3.06619e+002  2.44100e+003  1.48397e+001  2.84413e+001  3.03417e+002
          2442  3.06718e+002  2.44200e+003  1.49289e+001  2.84198e+001  3.03500e+002
          2443  3.06805e+002  2.44300e+003  1.50173e+001  2.83984e+001  3.03583e+002
          2444  3.06906e+002  2.44400e+003  1.51068e+001  2.83771e+001  3.03667e+002
          2445  3.06992e+002  2.44500e+003  1.51940e+001  2.83558e+001  3.03750e+002
          2446  3.07094e+002  2.44600e+003  1.52804e+001  2.83346e+001  3.03833e+002
          2447  3.07183e+002  2.44700e+003  1.53669e+001  2.83135e+001  3.03917e+002
          2448  3.07278e+002  2.44800e+003  1.54483e+001  2.82925e+001  3.04000e+002
          2449  3.07373e+002  2.44900e+003  1.55316e+001  2.82715e+001  3.04083e+002
          2450  3.07470e+002  2.45000e+003  1.56150e+001  2.82506e+001  3.04167e+002
          2451  3.07567e+002  2.45100e+003  1.56976e+001  2.82297e+001  3.04250e+002
          2452  3.07656e+002  2.45200e+003  1.57742e+001  2.82090e+001  3.04333e+002
          2453  3.07743e+002  2.45300e+003  1.58545e+001  2.81883e+001  3.04417e+002
          2454  3.07837e+002  2.45400e+003  1.59346e+001  2.81677e+001  3.04500e+002
          2455  3.07934e+002  2.45500e+003  1.60140e+001  2.81472e+001  3.04583e+002
          2456  3.08015e+002  2.45600e+003  1.60883e+001  2.81268e+001  3.04667e+002
          2457  3.08116e+002  2.45700e+003  1.61641e+001  2.81064e+001  3.04750e+002
          2458  3.08206e+002  2.45800e+003  1.62400e+001  2.80860e+001  3.04833e+002
          2459  3.08286e+002  2.45900e+003  1.63163e+001  2.80657e+001  3.04917e+002
          2460  3.08382e+002  2.46000e+003  1.63893e+001  2.80456e+001  3.05000e+002
          2461  3.08473e+002  2.46100e+003  1.64630e+001  2.80255e+001  3.05083e+002
          2462  3.08581e+002  2.46200e+003  1.65376e+001  2.80054e+001  3.05167e+002
          2463  3.08670e+002  2.46300e+003  1.66128e+001  2.79854e+001  3.05250e+002
          2464  3.08760e+002  2.46400e+003  1.66834e+001  2.79657e+001  3.05333e+002
          2465  3.08842e+002  2.46500e+003  1.67541e+001  2.79459e+001  3.05417e+002
          2466  3.08931e+002  2.46600e+003  1.68255e+001  2.79262e+001  3.05500e+002
          2467  3.09023e+002  2.46700e+003  1.68970e+001  2.79065e+001  3.05583e+002
          2468  3.09126e+002  2.46800e+003  1.69684e+001  2.78870e+001  3.05667e+002
          2469  3.09205e+002  2.46900e+003  1.70392e+001  2.78675e+001  3.05750e+002
          2470  3.09303e+002  2.47000e+003  1.71089e+001  2.78481e+001  3.05833e+002
          2471  3.09395e+002  2.47100e+003  1.71781e+001  2.78287e+001  3.05917e+002
          2472  3.09480e+002  2.47200e+003  1.72424e+001  2.78096e+001  3.06000e+002
          2473  3.09566e+002  2.47300e+003  1.73092e+001  2.77905e+001  3.06083e+002
          2474  3.09670e+002  2.47400e+003  1.73765e+001  2.77714e+001  3.06167e+002
          2475  3.09768e+002  2.47500e+003  1.74436e+001  2.77524e+001  3.06250e+002
          2476  3.09857e+002  2.47600e+003  1.75069e+001  2.77336e+001  3.06333e+002
          2477  3.09935e+002  2.47700e+003  1.75710e+001  2.77148e+001  3.06417e+002
          2478  3.10031e+002  2.47800e+003  1.76343e+001  2.76961e+001  3.06500e+002
          2479  3.10112e+002  2.47900e+003  1.76974e+001  2.76774e+001  3.06583e+002
          2480  3.10206e+002  2.48000e+003  1.77557e+001  2.76589e+001  3.06667e+002
          2481  3.10293e+002  2.48100e+003  1.78162e+001  2.76404e+001  3.06750e+002
          2482  3.10389e+002  2.48200e+003  1.78757e+001  2.76220e+001  3.06833e+002
          2483  3.10481e+002  2.48300e+003  1.79343e+001  2.76036e+001  3.06917e+002
          2484  3.10571e+002  2.48400e+003  1.79889e+001  2.75855e+001  3.07000e+002
          2485  3.10660e+002  2.48500e+003  1.80457e+001  2.75673e+001  3.07083e+002
          2486  3.10749e+002  2.48600e+003  1.81015e+001  2.75492e+001  3.07167e+002
          2487  3.10824e+002  2.48700e+003  1.81561e+001  2.75312e+001  3.07250e+002
          2488  3.10921e+002  2.48800e+003  1.82062e+001  2.75134e+001  3.07333e+002
          2489  3.11018e+002  2.48900e+003  1.82589e+001  2.74955e+001  3.07417e+002
          2490  3.11096e+002  2.49000e+003  1.83114e+001  2.74777e+001  3.07500e+002
          2491  3.11197e+002  2.49100e+003  1.83634e+001  2.74600e+001  3.07583e+002
          2492  3.11283e+002  2.49200e+003  1.84100e+001  2.74425e+001  3.07667e+002
          2493  3.11370e+002  2.49300e+003  1.84595e+001  2.74249e+001  3.07750e+002
          2494  3.11454e+002  2.49400e+003  1.85101e+001  2.74074e+001  3.07833e+002
          2495  3.11532e+002  2.49500e+003  1.85599e+001  2.73900e+001  3.07917e+002
          2496  3.11627e+002  2.49600e+003  1.86063e+001  2.73728e+001  3.08000e+002
          2497  3.11708e+002  2.49700e+003  1.86530e+001  2.73556e+001  3.08083e+002
          2498  3.11803e+002  2.49800e+003  1.86995e+001  2.73385e+001  3.08167e+002
          2499  3.11892e+002  2.49900e+003  1.87456e+001  2.73214e+001  3.08250e+002
          2500  3.11991e+002  2.50000e+003  1.87894e+001  2.73048e+001  3.08333e+002
          2501  3.12068e+002  2.50100e+003  1.88338e+001  2.72880e+001  3.08417e+002
          2502  3.12159e+002  2.50200e+003  1.88771e+001  2.72712e+001  3.08500e+002
          2503  3.12258e+002  2.50300e+003  1.89189e+001  2.72545e+001  3.08583e+002
          2504  3.12338e+002  2.50400e+003  1.89540e+001  2.72380e+001  3.08667e+002
          2505  3.12418e+002  2.50500e+003  1.89931e+001  2.72215e+001  3.08750e+002
          2506  3.12497e+002  2.50600e+003  1.90330e+001  2.72051e+001  3.08833e+002
          2507  3.12594e+002  2.50700e+003  1.90719e+001  2.71887e+001  3.08917e+002
          2508  3.12678e+002  2.50800e+003  1.91054e+001  2.71726e+001  3.09000e+002
          2509  3.12775e+002  2.50900e+003  1.91402e+001  2.71564e+001  3.09083e+002
          2510  3.12864e+002  2.51000e+003  1.91752e+001  2.71402e+001  3.09167e+002
          2511  3.12944e+002  2.51100e+003  1.92096e+001  2.71242e+001  3.09250e+002
          2512  3.13013e+002  2.51200e+003  1.92363e+001  2.71084e+001  3.09333e+002
          2513  3.13117e+002  2.51300e+003  1.92666e+001  2.70925e+001  3.09417e+002
          2514  3.13195e+002  2.51400e+003  1.92976e+001  2.70767e+001  3.09500e+002
          2515  3.13281e+002  2.51500e+003  1.93277e+001  2.70610e+001  3.09583e+002
          2516  3.13374e+002  2.51600e+003  1.93538e+001  2.70456e+001  3.09667e+002
          2517  3.13458e+002  2.51700e+003  1.93813e+001  2.70302e+001  3.09750e+002
          2518  3.13549e+002  2.51800e+003  1.94081e+001  2.70147e+001  3.09833e+002
          2519  3.13629e+002  2.51900e+003  1.94339e+001  2.69993e+001  3.09917e+002
          2520  3.13718e+002  2.52000e+003  1.94536e+001  2.69843e+001  3.10000e+002
          2521  3.13796e+002  2.52100e+003  1.94759e+001  2.69691e+001  3.10083e+002
          2522  3.13883e+002  2.52200e+003  1.94980e+001  2.69540e+001  3.10167e+002
          2523  3.13968e+002  2.52300e+003  1.95191e+001  2.69389e+001  3.10250e+002
          2524  3.14052e+002  2.52400e+003  1.95330e+001  2.69241e+001  3.10333e+002
          2525  3.14133e+002  2.52500e+003  1.95495e+001  2.69093e+001  3.10417e+002
          2526  3.14222e+002  2.52600e+003  1.95669e+001  2.68944e+001  3.10500e+002
          2527  3.14312e+002  2.52700e+003  1.95842e+001  2.68797e+001  3.10583e+002
          2528  3.14394e+002  2.52800e+003  1.95933e+001  2.68651e+001  3.10667e+002
          2529  3.14482e+002  2.52900e+003  1.96046e+001  2.68506e+001  3.10750e+002
          2530  3.14573e+002  2.53000e+003  1.96155e+001  2.68361e+001  3.10833e+002
          2531  3.14655e+002  2.53100e+003  1.96260e+001  2.68217e+001  3.10917e+002
          2532  3.14734e+002  2.53200e+003  1.96297e+001  2.68076e+001  3.11000e+002
          2533  3.14811e+002  2.53300e+003  1.96372e+001  2.67934e+001  3.11083e+002
          2534  3.14899e+002  2.53400e+003  1.96451e+001  2.67792e+001  3.11167e+002
          2535  3.14990e+002  2.53500e+003  1.96521e+001  2.67651e+001  3.11250e+002
          2536  3.15060e+002  2.53600e+003  1.96536e+001  2.67512e+001  3.11333e+002
          2537  3.15155e+002  2.53700e+003  1.96558e+001  2.67373e+001  3.11417e+002
          2538  3.15228e+002  2.53800e+003  1.96571e+001  2.67235e+001  3.11500e+002
          2539  3.15316e+002  2.53900e+003  1.96577e+001  2.67097e+001  3.11583e+002
          2540  3.15403e+002  2.54000e+003  1.96548e+001  2.66962e+001  3.11667e+002
          2541  3.15481e+002  2.54100e+003  1.96545e+001  2.66826e+001  3.11750e+002
          2542  3.15576e+002  2.54200e+003  1.96538e+001  2.66691e+001  3.11833e+002
          2543  3.15651e+002  2.54300e+003  1.96528e+001  2.66556e+001  3.11917e+002
          2544  3.15746e+002  2.54400e+003  1.96441e+001  2.66424e+001  3.12000e+002
          2545  3.15819e+002  2.54500e+003  1.96375e+001  2.66291e+001  3.12083e+002
          2546  3.15904e+002  2.54600e+003  1.96297e+001  2.66158e+001  3.12167e+002
          2547  3.15980e+002  2.54700e+003  1.96214e+001  2.66026e+001  3.12250e+002
          2548  3.16064e+002  2.54800e+003  1.96097e+001  2.65896e+001  3.12333e+002
          2549  3.16156e+002  2.54900e+003  1.95998e+001  2.65766e+001  3.12417e+002
          2550  3.16242e+002  2.55000e+003  1.95897e+001  2.65637e+001  3.12500e+002
          2551  3.16309e+002  2.55100e+003  1.95791e+001  2.65508e+001  3.12583e+002
          2552  3.16396e+002  2.55200e+003  1.95615e+001  2.65383e+001  3.12667e+002
          2553  3.16485e+002  2.55300e+003  1.95476e+001  2.65256e+001  3.12750e+002
          2554  3.16560e+002  2.55400e+003  1.95328e+001  2.65131e+001  3.12833e+002
          2555  3.16640e+002  2.55500e+003  1.95166e+001  2.65005e+001  3.12917e+002
          2556  3.16722e+002  2.55600e+003  1.94931e+001  2.64883e+001  3.13000e+002
          2557  3.16808e+002  2.55700e+003  1.94716e+001  2.64759e+001  3.13083e+002
          2558  3.16892e+002  2.55800e+003  1.94493e+001  2.64636e+001  3.13167e+002
          2559  3.16979e+002  2.55900e+003  1.94264e+001  2.64514e+001  3.13250e+002
          2560  3.17053e+002  2.56000e+003  1.93971e+001  2.64394e+001  3.13333e+002
          2561  3.17128e+002  2.56100e+003  1.93712e+001  2.64274e+001  3.13417e+002
          2562  3.17210e+002  2.56200e+003  1.93454e+001  2.64155e+001  3.13500e+002
          2563  3.17293e+002  2.56300e+003  1.93189e+001  2.64035e+001  3.13583e+002
          2564  3.17381e+002  2.56400e+003  1.92793e+001  2.63918e+001  3.13667e+002
          2565  3.17463e+002  2.56500e+003  1.92457e+001  2.63801e+001  3.13750e+002
          2566  3.17539e+002  2.56600e+003  1.92122e+001  2.63684e+001  3.13833e+002
          2567  3.17621e+002  2.56700e+003  1.91791e+001  2.63567e+001  3.13917e+002
          2568  3.17709e+002  2.56800e+003  1.91416e+001  2.63452e+001  3.14000e+002
          2569  3.17787e+002  2.56900e+003  1.91058e+001  2.63337e+001  3.14083e+002
          2570  3.17863e+002  2.57000e+003  1.90689e+001  2.63223e+001  3.14167e+002
          2571  3.17938e+002  2.57100e+003  1.90304e+001  2.63109e+001  3.14250e+002
          2572  3.18025e+002  2.57200e+003  1.89861e+001  2.62997e+001  3.14333e+002
          2573  3.18110e+002  2.57300e+003  1.89454e+001  2.62884e+001  3.14417e+002
          2574  3.18191e+002  2.57400e+003  1.89049e+001  2.62773e+001  3.14500e+002
          2575  3.18267e+002  2.57500e+003  1.88638e+001  2.62661e+001  3.14583e+002
          2576  3.18353e+002  2.57600e+003  1.88163e+001  2.62552e+001  3.14667e+002
          2577  3.18435e+002  2.57700e+003  1.87702e+001  2.62443e+001  3.14750e+002
          2578  3.18515e+002  2.57800e+003  1.87230e+001  2.62335e+001  3.14833e+002
          2579  3.18589e+002  2.57900e+003  1.86746e+001  2.62227e+001  3.14917e+002
          2580  3.18662e+002  2.58000e+003  1.86214e+001  2.62122e+001  3.15000e+002
          2581  3.18739e+002  2.58100e+003  1.85702e+001  2.62016e+001  3.15083e+002
          2582  3.18825e+002  2.58200e+003  1.85179e+001  2.61910e+001  3.15167e+002
          2583  3.18897e+002  2.58300e+003  1.84654e+001  2.61805e+001  3.15250e+002
          2584  3.18984e+002  2.58400e+003  1.84056e+001  2.61702e+001  3.15333e+002
          2585  3.19067e+002  2.58500e+003  1.83499e+001  2.61599e+001  3.15417e+002
          2586  3.19144e+002  2.58600e+003  1.82954e+001  2.61496e+001  3.15500e+002
          2587  3.19223e+002  2.58700e+003  1.82396e+001  2.61393e+001  3.15583e+002
          2588  3.19305e+002  2.58800e+003  1.81775e+001  2.61292e+001  3.15667e+002
          2589  3.19383e+002  2.58900e+003  1.81189e+001  2.61191e+001  3.15750e+002
          2590  3.19454e+002  2.59000e+003  1.80607e+001  2.61090e+001  3.15833e+002
          2591  3.19537e+002  2.59100e+003  1.80023e+001  2.60989e+001  3.15917e+002
          2592  3.19613e+002  2.59200e+003  1.79392e+001  2.60890e+001  3.16000e+002
          2593  3.19688e+002  2.59300e+003  1.78768e+001  2.60791e+001  3.16083e+002
          2594  3.19778e+002  2.59400e+003  1.78141e+001  2.60693e+001  3.16167e+002
          2595  3.19863e+002  2.59500e+003  1.77519e+001  2.60595e+001  3.16250e+002
          2596  3.19929e+002  2.59600e+003  1.76859e+001  2.60499e+001  3.16333e+002
          2597  3.20010e+002  2.59700e+003  1.76214e+001  2.60402e+001  3.16417e+002
          2598  3.20097e+002  2.59800e+003  1.75558e+001  2.60307e+001  3.16500e+002
          2599  3.20168e+002  2.59900e+003  1.74894e+001  2.60211e+001  3.16583e+002
          2600  3.20246e+002  2.60000e+003  1.74195e+001  2.60117e+001  3.16667e+002
          2601  3.20326e+002  2.60100e+003  1.73514e+001  2.60023e+001  3.16750e+002
          2602  3.20403e+002  2.60200e+003  1.72832e+001  2.59930e+001  3.16833e+002
          2603  3.20478e+002  2.60300e+003  1.72149e+001  2.59837e+001  3.16917e+002
          2604  3.20553e+002  2.60400e+003  1.71432e+001  2.59746e+001  3.17000e+002
          2605  3.20638e+002  2.60500e+003  1.70718e+001  2.59654e+001  3.17083e+002
          2606  3.20719e+002  2.60600e+003  1.69998e+001  2.59563e+001  3.17167e+002
          2607  3.20799e+002  2.60700e+003  1.69284e+001  2.59473e+001  3.17250e+002
          2608  3.20875e+002  2.60800e+003  1.68517e+001  2.59383e+001  3.17333e+002
          2609  3.20953e+002  2.60900e+003  1.67771e+001  2.59293e+001  3.17417e+002
          2610  3.21025e+002  2.61000e+003  1.67026e+001  2.59204e+001  3.17500e+002
          2611  3.21104e+002  2.61100e+003  1.66271e+001  2.59115e+001  3.17583e+002
          2612  3.21181e+002  2.61200e+003  1.65497e+001  2.59027e+001  3.17667e+002
          2613  3.21264e+002  2.61300e+003  1.64727e+001  2.58940e+001  3.17750e+002
          2614  3.21339e+002  2.61400e+003  1.63959e+001  2.58853e+001  3.17833e+002
          2615  3.21424e+002  2.61500e+003  1.63191e+001  2.58766e+001  3.17917e+002
          2616  3.21489e+002  2.61600e+003  1.62402e+001  2.58682e+001  3.18000e+002
          2617  3.21562e+002  2.61700e+003  1.61633e+001  2.58597e+001  3.18083e+002
          2618  3.21641e+002  2.61800e+003  1.60880e+001  2.58512e+001  3.18167e+002
          2619  3.21722e+002  2.61900e+003  1.60125e+001  2.58428e+001  3.18250e+002
          2620  3.21801e+002  2.62000e+003  1.59352e+001  2.58345e+001  3.18333e+002
          2621  3.21881e+002  2.62100e+003  1.58575e+001  2.58262e+001  3.18417e+002
          2622  3.21956e+002  2.62200e+003  1.57793e+001  2.58179e+001  3.18500e+002
          2623  3.22031e+002  2.62300e+003  1.57005e+001  2.58097e+001  3.18583e+002
          2624  3.22115e+002  2.62400e+003  1.56244e+001  2.58014e+001  3.18667e+002
          2625  3.22195e+002  2.62500e+003  1.55474e+001  2.57932e+001  3.18750e+002
          2626  3.22271e+002  2.62600e+003  1.54687e+001  2.57851e+001  3.18833e+002
          2627  3.22356e+002  2.62700e+003  1.53898e+001  2.57770e+001  3.18917e+002
          2628  3.22430e+002  2.62800e+003  1.53093e+001  2.57689e+001  3.19000e+002
          2629  3.22503e+002  2.62900e+003  1.52295e+001  2.57609e+001  3.19083e+002
          2630  3.22569e+002  2.63000e+003  1.51494e+001  2.57529e+001  3.19167e+002
          2631  3.22651e+002  2.63100e+003  1.50698e+001  2.57450e+001  3.19250e+002
          2632  3.22729e+002  2.63200e+003  1.49873e+001  2.57372e+001  3.19333e+002
          2633  3.22812e+002  2.63300e+003  1.49059e+001  2.57294e+001  3.19417e+002
          2634  3.22896e+002  2.63400e+003  1.48240e+001  2.57217e+001  3.19500e+002
          2635  3.22968e+002  2.63500e+003  1.47425e+001  2.57139e+001  3.19583e+002
          2636  3.23039e+002  2.63600e+003  1.46608e+001  2.57063e+001  3.19667e+002
          2637  3.23126e+002  2.63700e+003  1.45791e+001  2.56987e+001  3.19750e+002
          2638  3.23200e+002  2.63800e+003  1.44976e+001  2.56911e+001  3.19833e+002
          2639  3.23289e+002  2.63900e+003  1.44162e+001  2.56835e+001  3.19917e+002
          2640  3.23356e+002  2.64000e+003  1.43340e+001  2.56760e+001  3.20000e+002
          2641  3.23433e+002  2.64100e+003  1.42522e+001  2.56685e+001  3.20083e+002
          2642  3.23516e+002  2.64200e+003  1.41714e+001  2.56610e+001  3.20167e+002
          2643  3.23586e+002  2.64300e+003  1.40908e+001  2.56535e+001  3.20250e+002
          2644  3.23665e+002  2.64400e+003  1.40090e+001  2.56461e+001  3.20333e+002
          2645  3.23749e+002  2.64500e+003  1.39275e+001  2.56387e+001  3.20417e+002
          2646  3.23825e+002  2.64600e+003  1.38454e+001  2.56314e+001  3.20500e+002
          2647  3.23904e+002  2.64700e+003  1.37630e+001  2.56242e+001  3.20583e+002
          2648  3.23975e+002  2.64800e+003  1.36823e+001  2.56171e+001  3.20667e+002
          2649  3.24049e+002  2.64900e+003  1.36003e+001  2.56099e+001  3.20750e+002
          2650  3.24130e+002  2.65000e+003  1.35177e+001  2.56027e+001  3.20833e+002
          2651  3.24208e+002  2.65100e+003  1.34363e+001  2.55956e+001  3.20917e+002
          2652  3.24281e+002  2.65200e+003  1.33559e+001  2.55886e+001  3.21000e+002
          2653  3.24362e+002  2.65300e+003  1.32748e+001  2.55816e+001  3.21083e+002
          2654  3.24436e+002  2.65400e+003  1.31934e+001  2.55746e+001  3.21167e+002
          2655  3.24516e+002  2.65500e+003  1.31121e+001  2.55676e+001  3.21250e+002
          2656  3.24604e+002  2.65600e+003  1.30280e+001  2.55608e+001  3.21333e+002
          2657  3.24676e+002  2.65700e+003  1.29450e+001  2.55539e+001  3.21417e+002
          2658  3.24748e+002  2.65800e+003  1.28629e+001  2.55470e+001  3.21500e+002
          2659  3.24830e+002  2.65900e+003  1.27822e+001  2.55402e+001  3.21583e+002
          2660  3.24916e+002  2.66000e+003  1.27037e+001  2.55333e+001  3.21667e+002
          2661  3.24989e+002  2.66100e+003  1.26230e+001  2.55265e+001  3.21750e+002
          2662  3.25063e+002  2.66200e+003  1.25415e+001  2.55197e+001  3.21833e+002
          2663  3.25137e+002  2.66300e+003  1.24601e+001  2.55129e+001  3.21917e+002
          2664  3.25217e+002  2.66400e+003  1.23764e+001  2.55063e+001  3.22000e+002
          2665  3.25293e+002  2.66500e+003  1.22939e+001  2.54996e+001  3.22083e+002
          2666  3.25371e+002  2.66600e+003  1.22106e+001  2.54930e+001  3.22167e+002
          2667  3.25447e+002  2.66700e+003  1.21276e+001  2.54863e+001  3.22250e+002
          2668  3.25523e+002  2.66800e+003  1.20488e+001  2.54798e+001  3.22333e+002
          2669  3.25605e+002  2.66900e+003  1.19676e+001  2.54732e+001  3.22417e+002
          2670  3.25682e+002  2.67000e+003  1.18856e+001  2.54667e+001  3.22500e+002
          2671  3.25756e+002  2.67100e+003  1.18037e+001  2.54601e+001  3.22583e+002
          2672  3.25840e+002  2.67200e+003  1.17194e+001  2.54537e+001  3.22667e+002
          2673  3.25910e+002  2.67300e+003  1.16375e+001  2.54472e+001  3.22750e+002
          2674  3.25999e+002  2.67400e+003  1.15564e+001  2.54408e+001  3.22833e+002
          2675  3.26070e+002  2.67500e+003  1.14755e+001  2.54343e+001  3.22917e+002
          2676  3.26148e+002  2.67600e+003  1.13934e+001  2.54281e+001  3.23000e+002
          2677  3.26217e+002  2.67700e+003  1.13109e+001  2.54218e+001  3.23083e+002
          2678  3.26289e+002  2.67800e+003  1.12285e+001  2.54156e+001  3.23167e+002
          2679  3.26371e+002  2.67900e+003  1.11470e+001  2.54093e+001  3.23250e+002
          2680  3.26440e+002  2.68000e+003  1.10674e+001  2.54031e+001  3.23333e+002
          2681  3.26534e+002  2.68100e+003  1.09870e+001  2.53969e+001  3.23417e+002
          2682  3.26609e+002  2.68200e+003  1.09072e+001  2.53907e+001  3.23500e+002
          2683  3.26675e+002  2.68300e+003  1.08275e+001  2.53845e+001  3.23583e+002
          2684  3.26763e+002  2.68400e+003  1.07467e+001  2.53783e+001  3.23667e+002
          2685  3.26839e+002  2.68500e+003  1.06666e+001  2.53722e+001  3.23750e+002
          2686  3.26910e+002  2.68600e+003  1.05859e+001  2.53661e+001  3.23833e+002
          2687  3.26991e+002  2.68700e+003  1.05056e+001  2.53601e+001  3.23917e+002
          2688  3.27067e+002  2.68800e+003  1.04289e+001  2.53541e+001  3.24000e+002
          2689  3.27145e+002  2.68900e+003  1.03498e+001  2.53480e+001  3.24083e+002
          2690  3.27222e+002  2.69000e+003  1.02700e+001  2.53420e+001  3.24167e+002
          2691  3.27302e+002  2.69100e+003  1.01895e+001  2.53360e+001  3.24250e+002
          2692  3.27376e+002  2.69200e+003  1.01108e+001  2.53301e+001  3.24333e+002
          2693  3.27464e+002  2.69300e+003  1.00309e+001  2.53242e+001  3.24417e+002
          2694  3.27532e+002  2.69400e+003  9.95117e+000  2.53183e+001  3.24500e+002
          2695  3.27607e+002  2.69500e+003  9.87179e+000  2.53124e+001  3.24583e+002
          2696  3.27695e+002  2.69600e+003  9.79360e+000  2.53067e+001  3.24667e+002
          2697  3.27772e+002  2.69700e+003  9.71493e+000  2.53009e+001  3.24750e+002
          2698  3.27844e+002  2.69800e+003  9.63515e+000  2.52951e+001  3.24833e+002
          2699  3.27924e+002  2.69900e+003  9.55559e+000  2.52893e+001  3.24917e+002
          2700  3.27997e+002  2.70000e+003  9.47667e+000  2.52835e+001  3.25000e+002
          2701  3.28079e+002  2.70100e+003  9.39794e+000  2.52778e+001  3.25083e+002
          2702  3.28153e+002  2.70200e+003  9.31956e+000  2.52721e+001  3.25167e+002
          2703  3.28233e+002  2.70300e+003  9.24106e+000  2.52664e+001  3.25250e+002
          2704  3.28309e+002  2.70400e+003  9.16516e+000  2.52607e+001  3.25333e+002
          2705  3.28382e+002  2.70500e+003  9.08776e+000  2.52551e+001  3.25417e+002
          2706  3.28468e+002  2.70600e+003  9.01086e+000  2.52495e+001  3.25500e+002
          2707  3.28555e+002  2.70700e+003  8.93482e+000  2.52439e+001  3.25583e+002
          2708  3.28633e+002  2.70800e+003  8.86124e+000  2.52384e+001  3.25667e+002
          2709  3.28704e+002  2.70900e+003  8.78808e+000  2.52328e+001  3.25750e+002
          2710  3.28787e+002  2.71000e+003  8.71438e+000  2.52273e+001  3.25833e+002
          2711  3.28854e+002  2.71100e+003  8.64094e+000  2.52218e+001  3.25917e+002
          2712  3.28941e+002  2.71200e+003  8.57098e+000  2.52163e+001  3.26000e+002
          2713  3.29012e+002  2.71300e+003  8.49840e+000  2.52108e+001  3.26083e+002
          2714  3.29080e+002  2.71400e+003  8.42448e+000  2.52053e+001  3.26167e+002
          2715  3.29170e+002  2.71500e+003  8.34907e+000  2.51999e+001  3.26250e+002
          2716  3.29249e+002  2.71600e+003  8.27911e+000  2.51945e+001  3.26333e+002
          2717  3.29328e+002  2.71700e+003  8.20651e+000  2.51891e+001  3.26417e+002
          2718  3.29408e+002  2.71800e+003  8.13247e+000  2.51837e+001  3.26500e+002
          2719  3.29480e+002  2.71900e+003  8.05823e+000  2.51783e+001  3.26583e+002
          2720  3.29554e+002  2.72000e+003  7.98376e+000  2.51731e+001  3.26667e+002
          2721  3.29640e+002  2.72100e+003  7.91255e+000  2.51678e+001  3.26750e+002
          2722  3.29718e+002  2.72200e+003  7.84184e+000  2.51625e+001  3.26833e+002
          2723  3.29792e+002  2.72300e+003  7.77114e+000  2.51571e+001  3.26917e+002
          2724  3.29868e+002  2.72400e+003  7.70011e+000  2.51519e+001  3.27000e+002
          2725  3.29945e+002  2.72500e+003  7.62878e+000  2.51467e+001  3.27083e+002
          2726  3.30016e+002  2.72600e+003  7.55593e+000  2.51415e+001  3.27167e+002
          2727  3.30097e+002  2.72700e+003  7.48369e+000  2.51362e+001  3.27250e+002
          2728  3.30180e+002  2.72800e+003  7.41931e+000  2.51310e+001  3.27333e+002
          2729  3.30261e+002  2.72900e+003  7.35014e+000  2.51258e+001  3.27417e+002
          2730  3.30340e+002  2.73000e+003  7.27975e+000  2.51206e+001  3.27500e+002
          2731  3.30415e+002  2.73100e+003  7.21031e+000  2.51155e+001  3.27583e+002
          2732  3.30494e+002  2.73200e+003  7.14031e+000  2.51103e+001  3.27667e+002
          2733  3.30576e+002  2.73300e+003  7.07044e+000  2.51052e+001  3.27750e+002
          2734  3.30655e+002  2.73400e+003  7.00078e+000  2.51001e+001  3.27833e+002
          2735  3.30725e+002  2.73500e+003  6.93269e+000  2.50951e+001  3.27917e+002
          2736  3.30807e+002  2.73600e+003  6.86422e+000  2.50901e+001  3.28000e+002
          2737  3.30887e+002  2.73700e+003  6.79524e+000  2.50850e+001  3.28083e+002
          2738  3.30951e+002  2.73800e+003  6.72677e+000  2.50800e+001  3.28167e+002
          2739  3.31034e+002  2.73900e+003  6.65926e+000  2.50750e+001  3.28250e+002
          2740  3.31120e+002  2.74000e+003  6.59332e+000  2.50700e+001  3.28333e+002
          2741  3.31194e+002  2.74100e+003  6.52663e+000  2.50650e+001  3.28417e+002
          2742  3.31278e+002  2.74200e+003  6.46009e+000  2.50600e+001  3.28500e+002
          2743  3.31345e+002  2.74300e+003  6.39366e+000  2.50550e+001  3.28583e+002
          2744  3.31444e+002  2.74400e+003  6.33034e+000  2.50500e+001  3.28667e+002
          2745  3.31511e+002  2.74500e+003  6.26539e+000  2.50451e+001  3.28750e+002
          2746  3.31579e+002  2.74600e+003  6.19927e+000  2.50402e+001  3.28833e+002
          2747  3.31662e+002  2.74700e+003  6.13210e+000  2.50353e+001  3.28917e+002
          2748  3.31730e+002  2.74800e+003  6.06751e+000  2.50305e+001  3.29000e+002
          2749  3.31822e+002  2.74900e+003  6.00219e+000  2.50256e+001  3.29083e+002
          2750  3.31894e+002  2.75000e+003  5.93694e+000  2.50208e+001  3.29167e+002
          2751  3.31978e+002  2.75100e+003  5.87160e+000  2.50159e+001  3.29250e+002
          2752  3.32061e+002  2.75200e+003  5.80645e+000  2.50111e+001  3.29333e+002
          2753  3.32136e+002  2.75300e+003  5.74247e+000  2.50063e+001  3.29417e+002
          2754  3.32210e+002  2.75400e+003  5.67947e+000  2.50014e+001  3.29500e+002
          2755  3.32287e+002  2.75500e+003  5.61665e+000  2.49967e+001  3.29583e+002
          2756  3.32365e+002  2.75600e+003  5.55178e+000  2.49919e+001  3.29667e+002
          2757  3.32449e+002  2.75700e+003  5.49001e+000  2.49872e+001  3.29750e+002
          2758  3.32521e+002  2.75800e+003  5.42927e+000  2.49825e+001  3.29833e+002
          2759  3.32615e+002  2.75900e+003  5.36850e+000  2.49777e+001  3.29917e+002
          2760  3.32679e+002  2.76000e+003  5.31391e+000  2.49730e+001  3.30000e+002
          2761  3.32759e+002  2.76100e+003  5.25666e+000  2.49684e+001  3.30083e+002
          2762  3.32838e+002  2.76200e+003  5.19829e+000  2.49637e+001  3.30167e+002
          2763  3.32918e+002  2.76300e+003  5.13921e+000  2.49590e+001  3.30250e+002
          2764  3.32993e+002  2.76400e+003  5.08418e+000  2.49543e+001  3.30333e+002
          2765  3.33070e+002  2.76500e+003  5.02783e+000  2.49497e+001  3.30417e+002
          2766  3.33153e+002  2.76600e+003  4.97102e+000  2.49451e+001  3.30500e+002
          2767  3.33235e+002  2.76700e+003  4.91419e+000  2.49404e+001  3.30583e+002
          2768  3.33307e+002  2.76800e+003  4.86108e+000  2.49358e+001  3.30667e+002
          2769  3.33390e+002  2.76900e+003  4.80617e+000  2.49312e+001  3.30750e+002
          2770  3.33472e+002  2.77000e+003  4.75159e+000  2.49266e+001  3.30833e+002
          2771  3.33548e+002  2.77100e+003  4.69674e+000  2.49220e+001  3.30917e+002
          2772  3.33623e+002  2.77200e+003  4.64037e+000  2.49174e+001  3.31000e+002
          2773  3.33700e+002  2.77300e+003  4.58535e+000  2.49129e+001  3.31083e+002
          2774  3.33782e+002  2.77400e+003  4.53113e+000  2.49083e+001  3.31167e+002
          2775  3.33869e+002  2.77500e+003  4.47683e+000  2.49038e+001  3.31250e+002
          2776  3.33952e+002  2.77600e+003  4.42483e+000  2.48993e+001  3.31333e+002
          2777  3.34021e+002  2.77700e+003  4.37122e+000  2.48948e+001  3.31417e+002
          2778  3.34103e+002  2.77800e+003  4.31786e+000  2.48902e+001  3.31500e+002
          2779  3.34172e+002  2.77900e+003  4.26479e+000  2.48858e+001  3.31583e+002
          2780  3.34254e+002  2.78000e+003  4.21149e+000  2.48812e+001  3.31667e+002
          2781  3.34343e+002  2.78100e+003  4.15883e+000  2.48768e+001  3.31750e+002
          2782  3.34423e+002  2.78200e+003  4.10674e+000  2.48723e+001  3.31833e+002
          2783  3.34501e+002  2.78300e+003  4.05499e+000  2.48679e+001  3.31917e+002
          2784  3.34588e+002  2.78400e+003  4.00539e+000  2.48634e+001  3.32000e+002
          2785  3.34665e+002  2.78500e+003  3.95477e+000  2.48590e+001  3.32083e+002
          2786  3.34743e+002  2.78600e+003  3.90396e+000  2.48546e+001  3.32167e+002
          2787  3.34820e+002  2.78700e+003  3.85414e+000  2.48502e+001  3.32250e+002
          2788  3.34898e+002  2.78800e+003  3.80752e+000  2.48458e+001  3.32333e+002
          2789  3.34976e+002  2.78900e+003  3.75887e+000  2.48414e+001  3.32417e+002
          2790  3.35047e+002  2.79000e+003  3.71120e+000  2.48371e+001  3.32500e+002
          2791  3.35135e+002  2.79100e+003  3.66381e+000  2.48327e+001  3.32583e+002
          2792  3.35215e+002  2.79200e+003  3.61952e+000  2.48283e+001  3.32667e+002
          2793  3.35298e+002  2.79300e+003  3.57321e+000  2.48240e+001  3.32750e+002
          2794  3.35374e+002  2.79400e+003  3.52668e+000  2.48196e+001  3.32833e+002
          2795  3.35453e+002  2.79500e+003  3.47999e+000  2.48153e+001  3.32917e+002
          2796  3.35531e+002  2.79600e+003  3.43655e+000  2.48110e+001  3.33000e+002
          2797  3.35617e+002  2.79700e+003  3.39104e+000  2.48068e+001  3.33083e+002
          2798  3.35698e+002  2.79800e+003  3.34450e+000  2.48024e+001  3.33167e+002
          2799  3.35777e+002  2.79900e+003  3.29865e+000  2.47981e+001  3.33250e+002
          2800  3.35861e+002  2.80000e+003  3.25507e+000  2.47939e+001  3.33333e+002
          2801  3.35932e+002  2.80100e+003  3.21027e+000  2.47896e+001  3.33417e+002
          2802  3.36012e+002  2.80200e+003  3.16625e+000  2.47853e+001  3.33500e+002
          2803  3.36095e+002  2.80300e+003  3.12232e+000  2.47810e+001  3.33583e+002
          2804  3.36172e+002  2.80400e+003  3.07661e+000  2.47768e+001  3.33667e+002
          2805  3.36255e+002  2.80500e+003  3.03201e+000  2.47725e+001  3.33750e+002
          2806  3.36328e+002  2.80600e+003  2.98926e+000  2.47683e+001  3.33833e+002
          2807  3.36411e+002  2.80700e+003  2.94654e+000  2.47640e+001  3.33917e+002
          2808  3.36492e+002  2.80800e+003  2.90636e+000  2.47598e+001  3.34000e+002
          2809  3.36577e+002  2.80900e+003  2.86504e+000  2.47556e+001  3.34083e+002
          2810  3.36652e+002  2.81000e+003  2.82440e+000  2.47514e+001  3.34167e+002
          2811  3.36738e+002  2.81100e+003  2.78450e+000  2.47471e+001  3.34250e+002
          2812  3.36822e+002  2.81200e+003  2.74581e+000  2.47429e+001  3.34333e+002
          2813  3.36905e+002  2.81300e+003  2.70625e+000  2.47387e+001  3.34417e+002
          2814  3.36978e+002  2.81400e+003  2.66763e+000  2.47345e+001  3.34500e+002
          2815  3.37063e+002  2.81500e+003  2.63004e+000  2.47303e+001  3.34583e+002
          2816  3.37142e+002  2.81600e+003  2.59655e+000  2.47262e+001  3.34667e+002
          2817  3.37228e+002  2.81700e+003  2.56078e+000  2.47221e+001  3.34750e+002
          2818  3.37304e+002  2.81800e+003  2.52337e+000  2.47179e+001  3.34833e+002
          2819  3.37384e+002  2.81900e+003  2.48641e+000  2.47137e+001  3.34917e+002
          2820  3.37465e+002  2.82000e+003  2.45350e+000  2.47095e+001  3.35000e+002
          2821  3.37538e+002  2.82100e+003  2.41935e+000  2.47054e+001  3.35083e+002
          2822  3.37616e+002  2.82200e+003  2.38446e+000  2.47013e+001  3.35167e+002
          2823  3.37701e+002  2.82300e+003  2.34937e+000  2.46972e+001  3.35250e+002
          2824  3.37781e+002  2.82400e+003  2.31681e+000  2.46932e+001  3.35333e+002
          2825  3.37857e+002  2.82500e+003  2.28339e+000  2.46891e+001  3.35417e+002
          2826  3.37946e+002  2.82600e+003  2.25030e+000  2.46851e+001  3.35500e+002
          2827  3.38032e+002  2.82700e+003  2.21718e+000  2.46810e+001  3.35583e+002
          2828  3.38114e+002  2.82800e+003  2.18612e+000  2.46770e+001  3.35667e+002
          2829  3.38190e+002  2.82900e+003  2.15598e+000  2.46729e+001  3.35750e+002
          2830  3.38271e+002  2.83000e+003  2.12552e+000  2.46688e+001  3.35833e+002
          2831  3.38356e+002  2.83100e+003  2.09402e+000  2.46647e+001  3.35917e+002
          2832  3.38434e+002  2.83200e+003  2.06592e+000  2.46605e+001  3.36000e+002
          2833  3.38504e+002  2.83300e+003  2.03609e+000  2.46564e+001  3.36083e+002
          2834  3.38588e+002  2.83400e+003  2.00594e+000  2.46523e+001  3.36167e+002
          2835  3.38674e+002  2.83500e+003  1.97544e+000  2.46482e+001  3.36250e+002
          2836  3.38759e+002  2.83600e+003  1.94655e+000  2.46441e+001  3.36333e+002
          2837  3.38842e+002  2.83700e+003  1.91719e+000  2.46401e+001  3.36417e+002
          2838  3.38919e+002  2.83800e+003  1.88803e+000  2.46361e+001  3.36500e+002
          2839  3.39003e+002  2.83900e+003  1.85919e+000  2.46320e+001  3.36583e+002
          2840  3.39092e+002  2.84000e+003  1.83000e+000  2.46280e+001  3.36667e+002
          2841  3.39162e+002  2.84100e+003  1.80125e+000  2.46240e+001  3.36750e+002
          2842  3.39243e+002  2.84200e+003  1.77250e+000  2.46200e+001  3.36833e+002
          2843  3.39324e+002  2.84300e+003  1.74412e+000  2.46160e+001  3.36917e+002
          2844  3.39397e+002  2.84400e+003  1.71770e+000  2.46120e+001  3.37000e+002
          2845  3.39478e+002  2.84500e+003  1.69215e+000  2.46080e+001  3.37083e+002
          2846  3.39565e+002  2.84600e+003  1.66630e+000  2.46040e+001  3.37167e+002
          2847  3.39648e+002  2.84700e+003  1.64022e+000  2.46000e+001  3.37250e+002
          2848  3.39735e+002  2.84800e+003  1.61849e+000  2.45960e+001  3.37333e+002
          2849  3.39807e+002  2.84900e+003  1.59461e+000  2.45920e+001  3.37417e+002
          2850  3.39893e+002  2.85000e+003  1.57049e+000  2.45880e+001  3.37500e+002
          2851  3.39971e+002  2.85100e+003  1.54595e+000  2.45840e+001  3.37583e+002
          2852  3.40057e+002  2.85200e+003  1.52394e+000  2.45801e+001  3.37667e+002
          2853  3.40126e+002  2.85300e+003  1.50084e+000  2.45762e+001  3.37750e+002
          2854  3.40207e+002  2.85400e+003  1.47789e+000  2.45723e+001  3.37833e+002
          2855  3.40283e+002  2.85500e+003  1.45532e+000  2.45684e+001  3.37917e+002
          2856  3.40377e+002  2.85600e+003  1.43398e+000  2.45646e+001  3.38000e+002
          2857  3.40467e+002  2.85700e+003  1.41263e+000  2.45608e+001  3.38083e+002
          2858  3.40553e+002  2.85800e+003  1.39162e+000  2.45569e+001  3.38167e+002
          2859  3.40621e+002  2.85900e+003  1.37089e+000  2.45529e+001  3.38250e+002
          2860  3.40712e+002  2.86000e+003  1.35072e+000  2.45489e+001  3.38333e+002
          2861  3.40788e+002  2.86100e+003  1.33091e+000  2.45450e+001  3.38417e+002
          2862  3.40864e+002  2.86200e+003  1.31128e+000  2.45410e+001  3.38500e+002
          2863  3.40956e+002  2.86300e+003  1.29085e+000  2.45370e+001  3.38583e+002
          2864  3.41039e+002  2.86400e+003  1.27394e+000  2.45331e+001  3.38667e+002
          2865  3.41110e+002  2.86500e+003  1.25678e+000  2.45292e+001  3.38750e+002
          2866  3.41189e+002  2.86600e+003  1.23895e+000  2.45253e+001  3.38833e+002
          2867  3.41270e+002  2.86700e+003  1.21997e+000  2.45214e+001  3.38917e+002
          2868  3.41353e+002  2.86800e+003  1.20158e+000  2.45176e+001  3.39000e+002
          2869  3.41446e+002  2.86900e+003  1.18170e+000  2.45138e+001  3.39083e+002
          2870  3.41519e+002  2.87000e+003  1.16220e+000  2.45099e+001  3.39167e+002
          2871  3.41595e+002  2.87100e+003  1.14322e+000  2.45059e+001  3.39250e+002
          2872  3.41680e+002  2.87200e+003  1.12644e+000  2.45020e+001  3.39333e+002
          2873  3.41759e+002  2.87300e+003  1.10910e+000  2.44981e+001  3.39417e+002
          2874  3.41846e+002  2.87400e+003  1.09109e+000  2.44942e+001  3.39500e+002
          2875  3.41926e+002  2.87500e+003  1.07391e+000  2.44903e+001  3.39583e+002
          2876  3.42002e+002  2.87600e+003  1.05553e+000  2.44865e+001  3.39667e+002
          2877  3.42080e+002  2.87700e+003  1.03813e+000  2.44826e+001  3.39750e+002
          2878  3.42175e+002  2.87800e+003  1.02096e+000  2.44787e+001  3.39833e+002
          2879  3.42251e+002  2.87900e+003  1.00323e+000  2.44748e+001  3.39917e+002
          2880  3.42333e+002  2.88000e+003  9.90630e-001  2.44709e+001  3.40000e+002
          2881  3.42420e+002  2.88100e+003  9.74146e-001  2.44669e+001  3.40083e+002
          2882  3.42495e+002  2.88200e+003  9.56910e-001  2.44630e+001  3.40167e+002
          2883  3.42576e+002  2.88300e+003  9.40007e-001  2.44591e+001  3.40250e+002
          2884  3.42663e+002  2.88400e+003  9.26292e-001  2.44552e+001  3.40333e+002
          2885  3.42746e+002  2.88500e+003  9.11804e-001  2.44513e+001  3.40417e+002
          2886  3.42833e+002  2.88600e+003  8.95857e-001  2.44475e+001  3.40500e+002
          2887  3.42904e+002  2.88700e+003  8.80059e-001  2.44437e+001  3.40583e+002
          2888  3.42990e+002  2.88800e+003  8.65944e-001  2.44399e+001  3.40667e+002
          2889  3.43070e+002  2.88900e+003  8.51705e-001  2.44362e+001  3.40750e+002
          2890  3.43147e+002  2.89000e+003  8.37259e-001  2.44323e+001  3.40833e+002
          2891  3.43223e+002  2.89100e+003  8.23115e-001  2.44285e+001  3.40917e+002
          2892  3.43319e+002  2.89200e+003  8.13078e-001  2.44247e+001  3.41000e+002
          2893  3.43402e+002  2.89300e+003  8.02081e-001  2.44208e+001  3.41083e+002
          2894  3.43480e+002  2.89400e+003  7.90475e-001  2.44170e+001  3.41167e+002
          2895  3.43556e+002  2.89500e+003  7.79142e-001  2.44132e+001  3.41250e+002
          2896  3.43645e+002  2.89600e+003  7.66472e-001  2.44093e+001  3.41333e+002
          2897  3.43726e+002  2.89700e+003  7.54683e-001  2.44054e+001  3.41417e+002
          2898  3.43817e+002  2.89800e+003  7.43789e-001  2.44016e+001  3.41500e+002
          2899  3.43888e+002  2.89900e+003  7.32889e-001  2.43978e+001  3.41583e+002
          2900  3.43970e+002  2.90000e+003  7.26531e-001  2.43940e+001  3.41667e+002
          2901  3.44060e+002  2.90100e+003  7.18260e-001  2.43902e+001  3.41750e+002
          2902  3.44144e+002  2.90200e+003  7.09931e-001  2.43864e+001  3.41833e+002
          2903  3.44230e+002  2.90300e+003  7.01718e-001  2.43826e+001  3.41917e+002
          2904  3.44306e+002  2.90400e+003  6.94326e-001  2.43789e+001  3.42000e+002
          2905  3.44385e+002  2.90500e+003  6.86699e-001  2.43751e+001  3.42083e+002
          2906  3.44461e+002  2.90600e+003  6.79385e-001  2.43713e+001  3.42167e+002
          2907  3.44543e+002  2.90700e+003  6.72503e-001  2.43675e+001  3.42250e+002
          2908  3.44630e+002  2.90800e+003  6.70652e-001  2.43637e+001  3.42333e+002
          2909  3.44716e+002  2.90900e+003  6.66177e-001  2.43599e+001  3.42417e+002
          2910  3.44793e+002  2.91000e+003  6.60717e-001  2.43561e+001  3.42500e+002
          2911  3.44881e+002  2.91100e+003  6.54181e-001  2.43523e+001  3.42583e+002
          2912  3.44966e+002  2.91200e+003  6.49183e-001  2.43484e+001  3.42667e+002
          2913  3.45051e+002  2.91300e+003  6.44590e-001  2.43446e+001  3.42750e+002
          2914  3.45132e+002  2.91400e+003  6.39065e-001  2.43407e+001  3.42833e+002
          2915  3.45214e+002  2.91500e+003  6.33889e-001  2.43369e+001  3.42917e+002
          2916  3.45297e+002  2.91600e+003  6.31596e-001  2.43331e+001  3.43000e+002
          2917  3.45383e+002  2.91700e+003  6.27913e-001  2.43292e+001  3.43083e+002
          2918  3.45466e+002  2.91800e+003  6.24087e-001  2.43254e+001  3.43167e+002
          2919  3.45551e+002  2.91900e+003  6.20307e-001  2.43215e+001  3.43250e+002
          2920  3.45624e+002  2.92000e+003  6.15981e-001  2.43178e+001  3.43333e+002
          2921  3.45712e+002  2.92100e+003  6.12760e-001  2.43140e+001  3.43417e+002
          2922  3.45795e+002  2.92200e+003  6.10054e-001  2.43102e+001  3.43500e+002
          2923  3.45873e+002  2.92300e+003  6.08557e-001  2.43064e+001  3.43583e+002
          2924  3.45963e+002  2.92400e+003  6.08152e-001  2.43027e+001  3.43667e+002
          2925  3.46040e+002  2.92500e+003  6.06088e-001  2.42989e+001  3.43750e+002
          2926  3.46124e+002  2.92600e+003  6.03781e-001  2.42952e+001  3.43833e+002
          2927  3.46207e+002  2.92700e+003  6.01861e-001  2.42914e+001  3.43917e+002
          2928  3.46280e+002  2.92800e+003  6.01759e-001  2.42876e+001  3.44000e+002
          2929  3.46369e+002  2.92900e+003  6.01828e-001  2.42838e+001  3.44083e+002
          2930  3.46456e+002  2.93000e+003  6.01695e-001  2.42801e+001  3.44167e+002
          2931  3.46535e+002  2.93100e+003  6.01758e-001  2.42763e+001  3.44250e+002
          2932  3.46620e+002  2.93200e+003  6.03166e-001  2.42724e+001  3.44333e+002
          2933  3.46697e+002  2.93300e+003  6.04029e-001  2.42687e+001  3.44417e+002
          2934  3.46783e+002  2.93400e+003  6.04812e-001  2.42649e+001  3.44500e+002
          2935  3.46868e+002  2.93500e+003  6.05085e-001  2.42611e+001  3.44583e+002
          2936  3.46946e+002  2.93600e+003  6.05862e-001  2.42573e+001  3.44667e+002
          2937  3.47035e+002  2.93700e+003  6.07351e-001  2.42535e+001  3.44750e+002
          2938  3.47118e+002  2.93800e+003  6.09423e-001  2.42498e+001  3.44833e+002
          2939  3.47198e+002  2.93900e+003  6.10987e-001  2.42460e+001  3.44917e+002
          2940  3.47290e+002  2.94000e+003  6.10874e-001  2.42422e+001  3.45000e+002
          2941  3.47365e+002  2.94100e+003  6.12258e-001  2.42384e+001  3.45083e+002
          2942  3.47444e+002  2.94200e+003  6.14470e-001  2.42346e+001  3.45167e+002
          2943  3.47531e+002  2.94300e+003  6.16310e-001  2.42309e+001  3.45250e+002
          2944  3.47613e+002  2.94400e+003  6.17389e-001  2.42271e+001  3.45333e+002
          2945  3.47690e+002  2.94500e+003  6.20242e-001  2.42233e+001  3.45417e+002
          2946  3.47778e+002  2.94600e+003  6.24229e-001  2.42195e+001  3.45500e+002
          2947  3.47861e+002  2.94700e+003  6.27986e-001  2.42158e+001  3.45583e+002
          2948  3.47942e+002  2.94800e+003  6.31181e-001  2.42120e+001  3.45667e+002
          2949  3.48029e+002  2.94900e+003  6.35014e-001  2.42082e+001  3.45750e+002
          2950  3.48109e+002  2.95000e+003  6.39856e-001  2.42044e+001  3.45833e+002
          2951  3.48192e+002  2.95100e+003  6.45666e-001  2.42005e+001  3.45917e+002
          2952  3.48281e+002  2.95200e+003  6.53129e-001  2.41968e+001  3.46000e+002
          2953  3.48357e+002  2.95300e+003  6.58245e-001  2.41930e+001  3.46083e+002
          2954  3.48451e+002  2.95400e+003  6.63347e-001  2.41892e+001  3.46167e+002
          2955  3.48522e+002  2.95500e+003  6.68353e-001  2.41854e+001  3.46250e+002
          2956  3.48598e+002  2.95600e+003  6.75661e-001  2.41817e+001  3.46333e+002
          2957  3.48696e+002  2.95700e+003  6.82828e-001  2.41779e+001  3.46417e+002
          2958  3.48777e+002  2.95800e+003  6.90726e-001  2.41742e+001  3.46500e+002
          2959  3.48859e+002  2.95900e+003  6.98130e-001  2.41704e+001  3.46583e+002
          2960  3.48946e+002  2.96000e+003  7.08516e-001  2.41666e+001  3.46667e+002
          2961  3.49028e+002  2.96100e+003  7.16938e-001  2.41628e+001  3.46750e+002
          2962  3.49111e+002  2.96200e+003  7.23556e-001  2.41591e+001  3.46833e+002
          2963  3.49185e+002  2.96300e+003  7.30743e-001  2.41553e+001  3.46917e+002
          2964  3.49270e+002  2.96400e+003  7.40492e-001  2.41514e+001  3.47000e+002
          2965  3.49357e+002  2.96500e+003  7.49434e-001  2.41477e+001  3.47083e+002
          2966  3.49446e+002  2.96600e+003  7.58445e-001  2.41439e+001  3.47167e+002
          2967  3.49527e+002  2.96700e+003  7.66340e-001  2.41401e+001  3.47250e+002
          2968  3.49609e+002  2.96800e+003  7.74796e-001  2.41363e+001  3.47333e+002
          2969  3.49697e+002  2.96900e+003  7.82851e-001  2.41325e+001  3.47417e+002
          2970  3.49778e+002  2.97000e+003  7.91039e-001  2.41287e+001  3.47500e+002
          2971  3.49849e+002  2.97100e+003  7.99832e-001  2.41249e+001  3.47583e+002
          2972  3.49946e+002  2.97200e+003  8.09510e-001  2.41211e+001  3.47667e+002
          2973  3.50030e+002  2.97300e+003  8.19194e-001  2.41172e+001  3.47750e+002
          2974  3.50120e+002  2.97400e+003  8.28064e-001  2.41134e+001  3.47833e+002
          2975  3.50202e+002  2.97500e+003  8.37043e-001  2.41095e+001  3.47917e+002
          2976  3.50286e+002  2.97600e+003  8.45193e-001  2.41057e+001  3.48000e+002
          2977  3.50360e+002  2.97700e+003  8.54270e-001  2.41019e+001  3.48083e+002
          2978  3.50442e+002  2.97800e+003  8.63698e-001  2.40981e+001  3.48167e+002
          2979  3.50527e+002  2.97900e+003  8.73289e-001  2.40943e+001  3.48250e+002
          2980  3.50617e+002  2.98000e+003  8.84876e-001  2.40905e+001  3.48333e+002
          2981  3.50687e+002  2.98100e+003  8.94499e-001  2.40867e+001  3.48417e+002
          2982  3.50771e+002  2.98200e+003  9.04125e-001  2.40829e+001  3.48500e+002
          2983  3.50854e+002  2.98300e+003  9.13284e-001  2.40791e+001  3.48583e+002
          2984  3.50945e+002  2.98400e+003  9.21986e-001  2.40753e+001  3.48667e+002
          2985  3.51021e+002  2.98500e+003  9.31093e-001  2.40715e+001  3.48750e+002
          2986  3.51109e+002  2.98600e+003  9.41022e-001  2.40678e+001  3.48833e+002
          2987  3.51190e+002  2.98700e+003  9.51221e-001  2.40640e+001  3.48917e+002
          2988  3.51279e+002  2.98800e+003  9.62996e-001  2.40602e+001  3.49000e+002
          2989  3.51367e+002  2.98900e+003  9.75370e-001  2.40564e+001  3.49083e+002
          2990  3.51444e+002  2.99000e+003  9.86566e-001  2.40526e+001  3.49167e+002
          2991  3.51533e+002  2.99100e+003  9.97153e-001  2.40489e+001  3.49250e+002
          2992  3.51618e+002  2.99200e+003  1.00973e+000  2.40451e+001  3.49333e+002
          2993  3.51699e+002  2.99300e+003  1.02169e+000  2.40413e+001  3.49417e+002
          2994  3.51793e+002  2.99400e+003  1.03409e+000  2.40375e+001  3.49500e+002
          2995  3.51864e+002  2.99500e+003  1.04749e+000  2.40337e+001  3.49583e+002
          2996  3.51958e+002  2.99600e+003  1.06223e+000  2.40298e+001  3.49667e+002
          2997  3.52050e+002  2.99700e+003  1.07467e+000  2.40260e+001  3.49750e+002
          2998  3.52125e+002  2.99800e+003  1.08566e+000  2.40222e+001  3.49833e+002
          2999  3.52215e+002  2.99900e+003  1.09682e+000  2.40184e+001  3.49917e+002
          3000  3.52301e+002  3.00000e+003  1.10849e+000  2.40146e+001  3.50000e+002
          3001  3.52380e+002  3.00100e+003  1.12112e+000  2.40108e+001  3.50083e+002
          3002  3.52460e+002  3.00200e+003  1.13471e+000  2.40070e+001  3.50167e+002
          3003  3.52545e+002  3.00300e+003  1.14851e+000  2.40032e+001  3.50250e+002
          3004  3.52630e+002  3.00400e+003  1.16357e+000  2.39993e+001  3.50333e+002
          3005  3.52712e+002  3.00500e+003  1.17828e+000  2.39954e+001  3.50417e+002
          3006  3.52792e+002  3.00600e+003  1.19287e+000  2.39916e+001  3.50500e+002
          3007  3.52880e+002  3.00700e+003  1.20711e+000  2.39878e+001  3.50583e+002
          3008  3.52961e+002  3.00800e+003  1.22410e+000  2.39840e+001  3.50667e+002
          3009  3.53049e+002  3.00900e+003  1.24011e+000  2.39802e+001  3.50750e+002
          3010  3.53134e+002  3.01000e+003  1.25594e+000  2.39764e+001  3.50833e+002
          3011  3.53222e+002  3.01100e+003  1.27161e+000  2.39725e+001  3.50917e+002
          3012  3.53309e+002  3.01200e+003  1.29099e+000  2.39687e+001  3.51000e+002
          3013  3.53381e+002  3.01300e+003  1.30832e+000  2.39649e+001  3.51083e+002
          3014  3.53471e+002  3.01400e+003  1.32439e+000  2.39611e+001  3.51167e+002
          3015  3.53561e+002  3.01500e+003  1.34025e+000  2.39573e+001  3.51250e+002
          3016  3.53649e+002  3.01600e+003  1.35825e+000  2.39534e+001  3.51333e+002
          3017  3.53735e+002  3.01700e+003  1.37635e+000  2.39496e+001  3.51417e+002
          3018  3.53812e+002  3.01800e+003  1.39372e+000  2.39457e+001  3.51500e+002
          3019  3.53902e+002  3.01900e+003  1.41123e+000  2.39418e+001  3.51583e+002
          3020  3.53982e+002  3.02000e+003  1.42901e+000  2.39380e+001  3.51667e+002
          3021  3.54059e+002  3.02100e+003  1.44701e+000  2.39341e+001  3.51750e+002
          3022  3.54142e+002  3.02200e+003  1.46403e+000  2.39303e+001  3.51833e+002
          3023  3.54230e+002  3.02300e+003  1.48102e+000  2.39264e+001  3.51917e+002
          3024  3.54319e+002  3.02400e+003  1.49847e+000  2.39226e+001  3.52000e+002
          3025  3.54405e+002  3.02500e+003  1.51524e+000  2.39187e+001  3.52083e+002
          3026  3.54483e+002  3.02600e+003  1.53174e+000  2.39149e+001  3.52167e+002
          3027  3.54569e+002  3.02700e+003  1.54802e+000  2.39110e+001  3.52250e+002
          3028  3.54662e+002  3.02800e+003  1.56421e+000  2.39072e+001  3.52333e+002
          3029  3.54747e+002  3.02900e+003  1.57996e+000  2.39033e+001  3.52417e+002
          3030  3.54830e+002  3.03000e+003  1.59578e+000  2.38994e+001  3.52500e+002
          3031  3.54910e+002  3.03100e+003  1.61239e+000  2.38956e+001  3.52583e+002
          3032  3.54991e+002  3.03200e+003  1.62897e+000  2.38917e+001  3.52667e+002
          3033  3.55082e+002  3.03300e+003  1.64624e+000  2.38878e+001  3.52750e+002
          3034  3.55164e+002  3.03400e+003  1.66388e+000  2.38840e+001  3.52833e+002
          3035  3.55243e+002  3.03500e+003  1.68119e+000  2.38802e+001  3.52917e+002
          3036  3.55335e+002  3.03600e+003  1.69869e+000  2.38763e+001  3.53000e+002
          3037  3.55417e+002  3.03700e+003  1.71588e+000  2.38724e+001  3.53083e+002
          3038  3.55490e+002  3.03800e+003  1.73340e+000  2.38686e+001  3.53167e+002
          3039  3.55578e+002  3.03900e+003  1.75102e+000  2.38647e+001  3.53250e+002
          3040  3.55670e+002  3.04000e+003  1.77117e+000  2.38608e+001  3.53333e+002
          3041  3.55748e+002  3.04100e+003  1.79038e+000  2.38568e+001  3.53417e+002
          3042  3.55830e+002  3.04200e+003  1.80973e+000  2.38529e+001  3.53500e+002
          3043  3.55920e+002  3.04300e+003  1.82961e+000  2.38491e+001  3.53583e+002
          3044  3.56007e+002  3.04400e+003  1.84788e+000  2.38452e+001  3.53667e+002
          3045  3.56088e+002  3.04500e+003  1.86644e+000  2.38413e+001  3.53750e+002
          3046  3.56171e+002  3.04600e+003  1.88528e+000  2.38374e+001  3.53833e+002
          3047  3.56254e+002  3.04700e+003  1.90457e+000  2.38336e+001  3.53917e+002
          3048  3.56342e+002  3.04800e+003  1.92292e+000  2.38297e+001  3.54000e+002
          3049  3.56430e+002  3.04900e+003  1.94022e+000  2.38258e+001  3.54083e+002
          3050  3.56509e+002  3.05000e+003  1.95823e+000  2.38219e+001  3.54167e+002
          3051  3.56592e+002  3.05100e+003  1.97664e+000  2.38180e+001  3.54250e+002
          3052  3.56677e+002  3.05200e+003  1.99586e+000  2.38141e+001  3.54333e+002
          3053  3.56765e+002  3.05300e+003  2.01517e+000  2.38102e+001  3.54417e+002
          3054  3.56838e+002  3.05400e+003  2.03371e+000  2.38063e+001  3.54500e+002
          3055  3.56936e+002  3.05500e+003  2.05161e+000  2.38024e+001  3.54583e+002
          3056  3.57021e+002  3.05600e+003  2.06933e+000  2.37986e+001  3.54667e+002
          3057  3.57097e+002  3.05700e+003  2.08957e+000  2.37948e+001  3.54750e+002
          3058  3.57181e+002  3.05800e+003  2.10985e+000  2.37909e+001  3.54833e+002
          3059  3.57273e+002  3.05900e+003  2.13018e+000  2.37869e+001  3.54917e+002
          3060  3.57357e+002  3.06000e+003  2.15223e+000  2.37829e+001  3.55000e+002
          3061  3.57437e+002  3.06100e+003  2.17394e+000  2.37789e+001  3.55083e+002
          3062  3.57522e+002  3.06200e+003  2.19522e+000  2.37750e+001  3.55167e+002
          3063  3.57604e+002  3.06300e+003  2.21531e+000  2.37711e+001  3.55250e+002
          3064  3.57696e+002  3.06400e+003  2.23779e+000  2.37672e+001  3.55333e+002
          3065  3.57770e+002  3.06500e+003  2.25878e+000  2.37633e+001  3.55417e+002
          3066  3.57866e+002  3.06600e+003  2.27969e+000  2.37595e+001  3.55500e+002
          3067  3.57953e+002  3.06700e+003  2.30111e+000  2.37556e+001  3.55583e+002
          3068  3.58030e+002  3.06800e+003  2.32267e+000  2.37517e+001  3.55667e+002
          3069  3.58110e+002  3.06900e+003  2.34482e+000  2.37478e+001  3.55750e+002
          3070  3.58205e+002  3.07000e+003  2.36630e+000  2.37439e+001  3.55833e+002
          3071  3.58291e+002  3.07100e+003  2.38751e+000  2.37400e+001  3.55917e+002
          3072  3.58375e+002  3.07200e+003  2.40586e+000  2.37359e+001  3.56000e+002
          3073  3.58456e+002  3.07300e+003  2.42524e+000  2.37320e+001  3.56083e+002
          3074  3.58537e+002  3.07400e+003  2.44572e+000  2.37280e+001  3.56167e+002
          3075  3.58633e+002  3.07500e+003  2.46614e+000  2.37240e+001  3.56250e+002
          3076  3.58721e+002  3.07600e+003  2.48701e+000  2.37200e+001  3.56333e+002
          3077  3.58805e+002  3.07700e+003  2.50702e+000  2.37160e+001  3.56417e+002
          3078  3.58881e+002  3.07800e+003  2.52680e+000  2.37120e+001  3.56500e+002
          3079  3.58969e+002  3.07900e+003  2.54690e+000  2.37081e+001  3.56583e+002
          3080  3.59052e+002  3.08000e+003  2.56458e+000  2.37042e+001  3.56667e+002
          3081  3.59134e+002  3.08100e+003  2.58351e+000  2.37003e+001  3.56750e+002
          3082  3.59227e+002  3.08200e+003  2.60382e+000  2.36965e+001  3.56833e+002
          3083  3.59302e+002  3.08300e+003  2.62435e+000  2.36926e+001  3.56917e+002
          3084  3.59400e+002  3.08400e+003  2.64684e+000  2.36887e+001  3.57000e+002
          3085  3.59473e+002  3.08500e+003  2.66784e+000  2.36848e+001  3.57083e+002
          3086  3.59561e+002  3.08600e+003  2.68743e+000  2.36809e+001  3.57167e+002
          3087  3.59645e+002  3.08700e+003  2.70672e+000  2.36770e+001  3.57250e+002
          3088  3.59731e+002  3.08800e+003  2.72610e+000  2.36729e+001  3.57333e+002
          3089  3.59818e+002  3.08900e+003  2.74537e+000  2.36690e+001  3.57417e+002
          3090  3.59894e+002  3.09000e+003  2.76509e+000  2.36650e+001  3.57500e+002
          3091  3.59985e+002  3.09100e+003  2.78642e+000  2.36610e+001  3.57583e+002
          3092  3.60068e+002  3.09200e+003  2.80541e+000  2.36570e+001  3.57667e+002
          3093  3.60163e+002  3.09300e+003  2.82565e+000  2.36530e+001  3.57750e+002
          3094  3.60247e+002  3.09400e+003  2.84525e+000  2.36490e+001  3.57833e+002
          3095  3.60330e+002  3.09500e+003  2.86515e+000  2.36450e+001  3.57917e+002
          3096  3.60411e+002  3.09600e+003  2.88299e+000  2.36410e+001  3.58000e+002
          3097  3.60495e+002  3.09700e+003  2.90240e+000  2.36370e+001  3.58083e+002
          3098  3.60579e+002  3.09800e+003  2.92197e+000  2.36330e+001  3.58167e+002
          3099  3.60664e+002  3.09900e+003  2.94192e+000  2.36291e+001  3.58250e+002
          3100  3.60748e+002  3.10000e+003  2.96437e+000  2.36252e+001  3.58333e+002
          3101  3.60828e+002  3.10100e+003  2.98528e+000  2.36213e+001  3.58417e+002
          3102  3.60921e+002  3.10200e+003  3.00633e+000  2.36174e+001  3.58500e+002
          3103  3.61005e+002  3.10300e+003  3.02663e+000  2.36135e+001  3.58583e+002
          3104  3.61085e+002  3.10400e+003  3.04730e+000  2.36095e+001  3.58667e+002
          3105  3.61175e+002  3.10500e+003  3.06785e+000  2.36056e+001  3.58750e+002
          3106  3.61261e+002  3.10600e+003  3.08859e+000  2.36016e+001  3.58833e+002
          3107  3.61349e+002  3.10700e+003  3.10921e+000  2.35976e+001  3.58917e+002
          3108  3.61429e+002  3.10800e+003  3.12931e+000  2.35936e+001  3.59000e+002
          3109  3.61522e+002  3.10900e+003  3.14903e+000  2.35896e+001  3.59083e+002
          3110  3.61608e+002  3.11000e+003  3.16895e+000  2.35857e+001  3.59167e+002
          3111  3.61686e+002  3.11100e+003  3.18871e+000  2.35817e+001  3.59250e+002
          3112  3.61775e+002  3.11200e+003  3.20577e+000  2.35778e+001  3.59333e+002
          3113  3.61859e+002  3.11300e+003  3.22479e+000  2.35739e+001  3.59417e+002
          3114  3.61942e+002  3.11400e+003  3.24473e+000  2.35699e+001  3.59500e+002
          3115  3.62035e+002  3.11500e+003  3.26560e+000  2.35660e+001  3.59583e+002
          3116  3.62112e+002  3.11600e+003  3.28325e+000  2.35620e+001  3.59667e+002
          3117  3.62194e+002  3.11700e+003  3.30184e+000  2.35580e+001  3.59750e+002
          3118  3.62280e+002  3.11800e+003  3.32096e+000  2.35540e+001  3.59833e+002
          3119  3.62362e+002  3.11900e+003  3.34188e+000  2.35500e+001  3.59917e+002
          3120  3.62442e+002  3.12000e+003  3.36292e+000  2.35460e+001  3.60000e+002
          3121  3.62529e+002  3.12100e+003  3.38364e+000  2.35419e+001  3.60083e+002
          3122  3.62608e+002  3.12200e+003  3.40459e+000  2.35379e+001  3.60167e+002
          3123  3.62696e+002  3.12300e+003  3.42532e+000  2.35339e+001  3.60250e+002
          3124  3.62780e+002  3.12400e+003  3.44890e+000  2.35299e+001  3.60333e+002
          3125  3.62867e+002  3.12500e+003  3.46971e+000  2.35258e+001  3.60417e+002
          3126  3.62950e+002  3.12600e+003  3.48999e+000  2.35217e+001  3.60500e+002
          3127  3.63043e+002  3.12700e+003  3.51071e+000  2.35177e+001  3.60583e+002
          3128  3.63121e+002  3.12800e+003  3.53163e+000  2.35136e+001  3.60667e+002
          3129  3.63202e+002  3.12900e+003  3.55060e+000  2.35095e+001  3.60750e+002
          3130  3.63287e+002  3.13000e+003  3.56816e+000  2.35054e+001  3.60833e+002
          3131  3.63374e+002  3.13100e+003  3.58626e+000  2.35013e+001  3.60917e+002
          3132  3.63460e+002  3.13200e+003  3.60294e+000  2.34972e+001  3.61000e+002
          3133  3.63549e+002  3.13300e+003  3.62093e+000  2.34931e+001  3.61083e+002
          3134  3.63628e+002  3.13400e+003  3.63972e+000  2.34891e+001  3.61167e+002
          3135  3.63721e+002  3.13500e+003  3.65880e+000  2.34850e+001  3.61250e+002
          3136  3.63805e+002  3.13600e+003  3.67479e+000  2.34810e+001  3.61333e+002
          3137  3.63881e+002  3.13700e+003  3.69364e+000  2.34770e+001  3.61417e+002
          3138  3.63977e+002  3.13800e+003  3.71185e+000  2.34730e+001  3.61500e+002
          3139  3.64055e+002  3.13900e+003  3.72937e+000  2.34690e+001  3.61583e+002
          3140  3.64138e+002  3.14000e+003  3.74816e+000  2.34650e+001  3.61667e+002
          3141  3.64225e+002  3.14100e+003  3.76601e+000  2.34610e+001  3.61750e+002
          3142  3.64308e+002  3.14200e+003  3.78444e+000  2.34570e+001  3.61833e+002
          3143  3.64395e+002  3.14300e+003  3.80297e+000  2.34530e+001  3.61917e+002
          3144  3.64482e+002  3.14400e+003  3.82078e+000  2.34490e+001  3.62000e+002
          3145  3.64570e+002  3.14500e+003  3.83742e+000  2.34450e+001  3.62083e+002
          3146  3.64651e+002  3.14600e+003  3.85382e+000  2.34410e+001  3.62167e+002
          3147  3.64737e+002  3.14700e+003  3.87083e+000  2.34370e+001  3.62250e+002
          3148  3.64824e+002  3.14800e+003  3.88580e+000  2.34330e+001  3.62333e+002
          3149  3.64904e+002  3.14900e+003  3.90355e+000  2.34290e+001  3.62417e+002
          3150  3.64986e+002  3.15000e+003  3.92106e+000  2.34250e+001  3.62500e+002
          3151  3.65071e+002  3.15100e+003  3.93777e+000  2.34210e+001  3.62583e+002
          3152  3.65157e+002  3.15200e+003  3.95211e+000  2.34170e+001  3.62667e+002
          3153  3.65247e+002  3.15300e+003  3.96628e+000  2.34130e+001  3.62750e+002
          3154  3.65328e+002  3.15400e+003  3.98107e+000  2.34090e+001  3.62833e+002
          3155  3.65410e+002  3.15500e+003  3.99579e+000  2.34049e+001  3.62917e+002
          3156  3.65497e+002  3.15600e+003  4.00781e+000  2.34008e+001  3.63000e+002
          3157  3.65579e+002  3.15700e+003  4.02024e+000  2.33967e+001  3.63083e+002
          3158  3.65660e+002  3.15800e+003  4.03423e+000  2.33925e+001  3.63167e+002
          3159  3.65748e+002  3.15900e+003  4.04816e+000  2.33884e+001  3.63250e+002
          3160  3.65827e+002  3.16000e+003  4.05693e+000  2.33843e+001  3.63333e+002
          3161  3.65909e+002  3.16100e+003  4.06910e+000  2.33802e+001  3.63417e+002
          3162  3.65996e+002  3.16200e+003  4.08264e+000  2.33761e+001  3.63500e+002
          3163  3.66084e+002  3.16300e+003  4.09690e+000  2.33720e+001  3.63583e+002
          3164  3.66167e+002  3.16400e+003  4.10926e+000  2.33681e+001  3.63667e+002
          3165  3.66247e+002  3.16500e+003  4.12270e+000  2.33640e+001  3.63750e+002
          3166  3.66340e+002  3.16600e+003  4.13573e+000  2.33600e+001  3.63833e+002
          3167  3.66431e+002  3.16700e+003  4.14825e+000  2.33560e+001  3.63917e+002
          3168  3.66510e+002  3.16800e+003  4.16384e+000  2.33520e+001  3.64000e+002
          3169  3.66593e+002  3.16900e+003  4.17806e+000  2.33480e+001  3.64083e+002
          3170  3.66677e+002  3.17000e+003  4.19191e+000  2.33440e+001  3.64167e+002
          3171  3.66762e+002  3.17100e+003  4.20693e+000  2.33400e+001  3.64250e+002
          3172  3.66857e+002  3.17200e+003  4.22050e+000  2.33360e+001  3.64333e+002
          3173  3.66940e+002  3.17300e+003  4.23404e+000  2.33319e+001  3.64417e+002
          3174  3.67028e+002  3.17400e+003  4.24807e+000  2.33278e+001  3.64500e+002
          3175  3.67104e+002  3.17500e+003  4.26211e+000  2.33237e+001  3.64583e+002
          3176  3.67194e+002  3.17600e+003  4.27569e+000  2.33195e+001  3.64667e+002
          3177  3.67274e+002  3.17700e+003  4.28908e+000  2.33154e+001  3.64750e+002
          3178  3.67363e+002  3.17800e+003  4.30211e+000  2.33113e+001  3.64833e+002
          3179  3.67452e+002  3.17900e+003  4.31564e+000  2.33072e+001  3.64917e+002
          3180  3.67538e+002  3.18000e+003  4.32992e+000  2.33031e+001  3.65000e+002
          3181  3.67619e+002  3.18100e+003  4.34310e+000  2.32991e+001  3.65083e+002
          3182  3.67702e+002  3.18200e+003  4.35626e+000  2.32951e+001  3.65167e+002
          3183  3.67792e+002  3.18300e+003  4.36930e+000  2.32910e+001  3.65250e+002
          3184  3.67878e+002  3.18400e+003  4.37928e+000  2.32870e+001  3.65333e+002
          3185  3.67957e+002  3.18500e+003  4.39133e+000  2.32830e+001  3.65417e+002
          3186  3.68045e+002  3.18600e+003  4.40341e+000  2.32789e+001  3.65500e+002
          3187  3.68128e+002  3.18700e+003  4.41529e+000  2.32748e+001  3.65583e+002
          3188  3.68209e+002  3.18800e+003  4.42681e+000  2.32706e+001  3.65667e+002
          3189  3.68294e+002  3.18900e+003  4.43885e+000  2.32665e+001  3.65750e+002
          3190  3.68380e+002  3.19000e+003  4.45010e+000  2.32624e+001  3.65833e+002
          3191  3.68475e+002  3.19100e+003  4.46127e+000  2.32583e+001  3.65917e+002
          3192  3.68545e+002  3.19200e+003  4.47159e+000  2.32542e+001  3.66000e+002
          3193  3.68635e+002  3.19300e+003  4.48307e+000  2.32501e+001  3.66083e+002
          3194  3.68717e+002  3.19400e+003  4.49461e+000  2.32461e+001  3.66167e+002
          3195  3.68809e+002  3.19500e+003  4.50607e+000  2.32420e+001  3.66250e+002
          3196  3.68880e+002  3.19600e+003  4.51737e+000  2.32380e+001  3.66333e+002
          3197  3.68969e+002  3.19700e+003  4.52822e+000  2.32340e+001  3.66417e+002
          3198  3.69056e+002  3.19800e+003  4.53927e+000  2.32299e+001  3.66500e+002
          3199  3.69133e+002  3.19900e+003  4.55109e+000  2.32258e+001  3.66583e+002
          3200  3.69227e+002  3.20000e+003  4.56172e+000  2.32216e+001  3.66667e+002
          3201  3.69301e+002  3.20100e+003  4.57283e+000  2.32175e+001  3.66750e+002
          3202  3.69386e+002  3.20200e+003  4.58504e+000  2.32134e+001  3.66833e+002
          3203  3.69475e+002  3.20300e+003  4.59897e+000  2.32093e+001  3.66917e+002
          3204  3.69561e+002  3.20400e+003  4.60963e+000  2.32052e+001  3.67000e+002
          3205  3.69650e+002  3.20500e+003  4.61985e+000  2.32011e+001  3.67083e+002
          3206  3.69724e+002  3.20600e+003  4.63047e+000  2.31971e+001  3.67167e+002
          3207  3.69812e+002  3.20700e+003  4.64103e+000  2.31930e+001  3.67250e+002
          3208  3.69905e+002  3.20800e+003  4.65187e+000  2.31890e+001  3.67333e+002
          3209  3.69976e+002  3.20900e+003  4.66216e+000  2.31850e+001  3.67417e+002
          3210  3.70077e+002  3.21000e+003  4.67197e+000  2.31809e+001  3.67500e+002
          3211  3.70157e+002  3.21100e+003  4.68202e+000  2.31768e+001  3.67583e+002
          3212  3.70251e+002  3.21200e+003  4.69124e+000  2.31726e+001  3.67667e+002
          3213  3.70324e+002  3.21300e+003  4.69961e+000  2.31685e+001  3.67750e+002
          3214  3.70403e+002  3.21400e+003  4.70697e+000  2.31644e+001  3.67833e+002
          3215  3.70488e+002  3.21500e+003  4.71424e+000  2.31603e+001  3.67917e+002
          3216  3.70571e+002  3.21600e+003  4.71820e+000  2.31562e+001  3.68000e+002
          3217  3.70664e+002  3.21700e+003  4.72338e+000  2.31521e+001  3.68083e+002
          3218  3.70745e+002  3.21800e+003  4.72929e+000  2.31481e+001  3.68167e+002
          3219  3.70827e+002  3.21900e+003  4.73539e+000  2.31440e+001  3.68250e+002
          3220  3.70917e+002  3.22000e+003  4.74128e+000  2.31400e+001  3.68333e+002
          3221  3.71005e+002  3.22100e+003  4.74704e+000  2.31359e+001  3.68417e+002
          3222  3.71085e+002  3.22200e+003  4.75176e+000  2.31318e+001  3.68500e+002
          3223  3.71160e+002  3.22300e+003  4.75656e+000  2.31277e+001  3.68583e+002
          3224  3.71244e+002  3.22400e+003  4.76047e+000  2.31235e+001  3.68667e+002
          3225  3.71330e+002  3.22500e+003  4.76426e+000  2.31194e+001  3.68750e+002
          3226  3.71407e+002  3.22600e+003  4.76793e+000  2.31153e+001  3.68833e+002
          3227  3.71501e+002  3.22700e+003  4.77269e+000  2.31112e+001  3.68917e+002
          3228  3.71584e+002  3.22800e+003  4.77817e+000  2.31071e+001  3.69000e+002
          3229  3.71672e+002  3.22900e+003  4.78252e+000  2.31031e+001  3.69083e+002
          3230  3.71750e+002  3.23000e+003  4.78779e+000  2.30990e+001  3.69167e+002
          3231  3.71833e+002  3.23100e+003  4.79342e+000  2.30949e+001  3.69250e+002
          3232  3.71926e+002  3.23200e+003  4.79700e+000  2.30908e+001  3.69333e+002
          3233  3.72001e+002  3.23300e+003  4.80130e+000  2.30867e+001  3.69417e+002
          3234  3.72079e+002  3.23400e+003  4.80700e+000  2.30826e+001  3.69500e+002
          3235  3.72171e+002  3.23500e+003  4.81269e+000  2.30784e+001  3.69583e+002
          3236  3.72250e+002  3.23600e+003  4.81894e+000  2.30743e+001  3.69667e+002
          3237  3.72336e+002  3.23700e+003  4.82433e+000  2.30702e+001  3.69750e+002
          3238  3.72417e+002  3.23800e+003  4.82884e+000  2.30661e+001  3.69833e+002
          3239  3.72508e+002  3.23900e+003  4.83282e+000  2.30620e+001  3.69917e+002
          3240  3.72597e+002  3.24000e+003  4.83867e+000  2.30581e+001  3.70000e+002
          3241  3.72680e+002  3.24100e+003  4.84365e+000  2.30540e+001  3.70083e+002
          3242  3.72759e+002  3.24200e+003  4.84772e+000  2.30500e+001  3.70167e+002
          3243  3.72844e+002  3.24300e+003  4.85159e+000  2.30459e+001  3.70250e+002
          3244  3.72930e+002  3.24400e+003  4.85426e+000  2.30418e+001  3.70333e+002
          3245  3.73016e+002  3.24500e+003  4.85804e+000  2.30377e+001  3.70417e+002
          3246  3.73099e+002  3.24600e+003  4.86230e+000  2.30335e+001  3.70500e+002
          3247  3.73185e+002  3.24700e+003  4.86612e+000  2.30294e+001  3.70583e+002
          3248  3.73271e+002  3.24800e+003  4.86865e+000  2.30253e+001  3.70667e+002
          3249  3.73348e+002  3.24900e+003  4.87270e+000  2.30212e+001  3.70750e+002
          3250  3.73430e+002  3.25000e+003  4.87696e+000  2.30171e+001  3.70833e+002
          3251  3.73514e+002  3.25100e+003  4.88064e+000  2.30130e+001  3.70917e+002
          3252  3.73602e+002  3.25200e+003  4.88461e+000  2.30091e+001  3.71000e+002
          3253  3.73682e+002  3.25300e+003  4.88810e+000  2.30050e+001  3.71083e+002
          3254  3.73770e+002  3.25400e+003  4.89153e+000  2.30010e+001  3.71167e+002
          3255  3.73856e+002  3.25500e+003  4.89461e+000  2.29969e+001  3.71250e+002
          3256  3.73934e+002  3.25600e+003  4.89878e+000  2.29928e+001  3.71333e+002
          3257  3.74019e+002  3.25700e+003  4.90230e+000  2.29887e+001  3.71417e+002
          3258  3.74105e+002  3.25800e+003  4.90510e+000  2.29845e+001  3.71500e+002
          3259  3.74185e+002  3.25900e+003  4.90824e+000  2.29804e+001  3.71583e+002
          3260  3.74268e+002  3.26000e+003  4.91049e+000  2.29763e+001  3.71667e+002
          3261  3.74353e+002  3.26100e+003  4.91251e+000  2.29722e+001  3.71750e+002
          3262  3.74435e+002  3.26200e+003  4.91316e+000  2.29681e+001  3.71833e+002
          3263  3.74515e+002  3.26300e+003  4.91340e+000  2.29640e+001  3.71917e+002
          3264  3.74601e+002  3.26400e+003  4.91239e+000  2.29600e+001  3.72000e+002
          3265  3.74681e+002  3.26500e+003  4.91301e+000  2.29559e+001  3.72083e+002
          3266  3.74762e+002  3.26600e+003  4.91490e+000  2.29518e+001  3.72167e+002
          3267  3.74852e+002  3.26700e+003  4.91636e+000  2.29477e+001  3.72250e+002
          3268  3.74938e+002  3.26800e+003  4.91510e+000  2.29435e+001  3.72333e+002
          3269  3.75029e+002  3.26900e+003  4.91517e+000  2.29394e+001  3.72417e+002
          3270  3.75105e+002  3.27000e+003  4.91453e+000  2.29353e+001  3.72500e+002
          3271  3.75176e+002  3.27100e+003  4.91346e+000  2.29312e+001  3.72583e+002
          3272  3.75270e+002  3.27200e+003  4.91014e+000  2.29271e+001  3.72667e+002
          3273  3.75352e+002  3.27300e+003  4.90767e+000  2.29231e+001  3.72750e+002
          3274  3.75430e+002  3.27400e+003  4.90554e+000  2.29191e+001  3.72833e+002
          3275  3.75516e+002  3.27500e+003  4.90387e+000  2.29150e+001  3.72917e+002
          3276  3.75603e+002  3.27600e+003  4.90301e+000  2.29109e+001  3.73000e+002
          3277  3.75683e+002  3.27700e+003  4.90100e+000  2.29068e+001  3.73083e+002
          3278  3.75769e+002  3.27800e+003  4.89812e+000  2.29027e+001  3.73167e+002
          3279  3.75852e+002  3.27900e+003  4.89586e+000  2.28986e+001  3.73250e+002
          3280  3.75935e+002  3.28000e+003  4.89121e+000  2.28944e+001  3.73333e+002
          3281  3.76013e+002  3.28100e+003  4.88980e+000  2.28902e+001  3.73417e+002
          3282  3.76099e+002  3.28200e+003  4.88800e+000  2.28861e+001  3.73500e+002
          3283  3.76181e+002  3.28300e+003  4.88616e+000  2.28821e+001  3.73583e+002
          3284  3.76261e+002  3.28400e+003  4.88512e+000  2.28781e+001  3.73667e+002
          3285  3.76344e+002  3.28500e+003  4.88284e+000  2.28740e+001  3.73750e+002
          3286  3.76437e+002  3.28600e+003  4.88019e+000  2.28700e+001  3.73833e+002
          3287  3.76514e+002  3.28700e+003  4.87821e+000  2.28660e+001  3.73917e+002
          3288  3.76604e+002  3.28800e+003  4.87715e+000  2.28620e+001  3.74000e+002
          3289  3.76684e+002  3.28900e+003  4.87534e+000  2.28580e+001  3.74083e+002
          3290  3.76768e+002  3.29000e+003  4.87369e+000  2.28540e+001  3.74167e+002
          3291  3.76851e+002  3.29100e+003  4.87211e+000  2.28500e+001  3.74250e+002
          3292  3.76931e+002  3.29200e+003  4.86839e+000  2.28459e+001  3.74333e+002
          3293  3.77023e+002  3.29300e+003  4.86503e+000  2.28418e+001  3.74417e+002
          3294  3.77099e+002  3.29400e+003  4.86236e+000  2.28377e+001  3.74500e+002
          3295  3.77191e+002  3.29500e+003  4.86093e+000  2.28336e+001  3.74583e+002
          3296  3.77272e+002  3.29600e+003  4.85957e+000  2.28294e+001  3.74667e+002
          3297  3.77356e+002  3.29700e+003  4.85787e+000  2.28252e+001  3.74750e+002
          3298  3.77435e+002  3.29800e+003  4.85606e+000  2.28211e+001  3.74833e+002
          3299  3.77517e+002  3.29900e+003  4.85376e+000  2.28171e+001  3.74917e+002
          3300  3.77603e+002  3.30000e+003  4.84805e+000  2.28131e+001  3.75000e+002
          3301  3.77684e+002  3.30100e+003  4.84445e+000  2.28090e+001  3.75083e+002
          3302  3.77765e+002  3.30200e+003  4.84160e+000  2.28050e+001  3.75167e+002
          3303  3.77844e+002  3.30300e+003  4.83797e+000  2.28010e+001  3.75250e+002
          3304  3.77937e+002  3.30400e+003  4.83446e+000  2.27970e+001  3.75333e+002
          3305  3.78017e+002  3.30500e+003  4.83043e+000  2.27930e+001  3.75417e+002
          3306  3.78096e+002  3.30600e+003  4.82699e+000  2.27890e+001  3.75500e+002
          3307  3.78180e+002  3.30700e+003  4.82412e+000  2.27850e+001  3.75583e+002
          3308  3.78270e+002  3.30800e+003  4.81654e+000  2.27809e+001  3.75667e+002
          3309  3.78347e+002  3.30900e+003  4.80982e+000  2.27768e+001  3.75750e+002
          3310  3.78432e+002  3.31000e+003  4.80445e+000  2.27727e+001  3.75833e+002
          3311  3.78514e+002  3.31100e+003  4.79978e+000  2.27686e+001  3.75917e+002
          3312  3.78599e+002  3.31200e+003  4.79570e+000  2.27644e+001  3.76000e+002
          3313  3.78681e+002  3.31300e+003  4.79090e+000  2.27602e+001  3.76083e+002
          3314  3.78752e+002  3.31400e+003  4.78489e+000  2.27561e+001  3.76167e+002
          3315  3.78846e+002  3.31500e+003  4.77830e+000  2.27521e+001  3.76250e+002
          3316  3.78924e+002  3.31600e+003  4.77200e+000  2.27481e+001  3.76333e+002
          3317  3.79011e+002  3.31700e+003  4.76434e+000  2.27440e+001  3.76417e+002
          3318  3.79093e+002  3.31800e+003  4.75677e+000  2.27400e+001  3.76500e+002
          3319  3.79181e+002  3.31900e+003  4.75032e+000  2.27360e+001  3.76583e+002
          3320  3.79257e+002  3.32000e+003  4.74329e+000  2.27320e+001  3.76667e+002
          3321  3.79337e+002  3.32100e+003  4.73587e+000  2.27280e+001  3.76750e+002
          3322  3.79419e+002  3.32200e+003  4.72740e+000  2.27240e+001  3.76833e+002
          3323  3.79514e+002  3.32300e+003  4.71952e+000  2.27200e+001  3.76917e+002
          3324  3.79589e+002  3.32400e+003  4.70885e+000  2.27160e+001  3.77000e+002
          3325  3.79675e+002  3.32500e+003  4.70193e+000  2.27120e+001  3.77083e+002
          3326  3.79755e+002  3.32600e+003  4.69545e+000  2.27080e+001  3.77167e+002
          3327  3.79837e+002  3.32700e+003  4.68912e+000  2.27040e+001  3.77250e+002
          3328  3.79928e+002  3.32800e+003  4.68481e+000  2.26999e+001  3.77333e+002
          3329  3.79998e+002  3.32900e+003  4.67833e+000  2.26959e+001  3.77417e+002
          3330  3.80086e+002  3.33000e+003  4.67109e+000  2.26918e+001  3.77500e+002
          3331  3.80170e+002  3.33100e+003  4.66468e+000  2.26877e+001  3.77583e+002
          3332  3.80246e+002  3.33200e+003  4.66026e+000  2.26835e+001  3.77667e+002
          3333  3.80344e+002  3.33300e+003  4.65409e+000  2.26794e+001  3.77750e+002
          3334  3.80424e+002  3.33400e+003  4.64641e+000  2.26753e+001  3.77833e+002
          3335  3.80503e+002  3.33500e+003  4.63897e+000  2.26712e+001  3.77917e+002
          3336  3.80589e+002  3.33600e+003  4.63085e+000  2.26671e+001  3.78000e+002
          3337  3.80674e+002  3.33700e+003  4.62273e+000  2.26631e+001  3.78083e+002
          3338  3.80746e+002  3.33800e+003  4.61423e+000  2.26591e+001  3.78167e+002
          3339  3.80837e+002  3.33900e+003  4.60560e+000  2.26550e+001  3.78250e+002
          3340  3.80914e+002  3.34000e+003  4.59675e+000  2.26510e+001  3.78333e+002
          3341  3.81003e+002  3.34100e+003  4.58929e+000  2.26470e+001  3.78417e+002
          3342  3.81084e+002  3.34200e+003  4.58175e+000  2.26430e+001  3.78500e+002
          3343  3.81159e+002  3.34300e+003  4.57388e+000  2.26390e+001  3.78583e+002
          3344  3.81247e+002  3.34400e+003  4.56370e+000  2.26350e+001  3.78667e+002
          3345  3.81334e+002  3.34500e+003  4.55470e+000  2.26310e+001  3.78750e+002
          3346  3.81406e+002  3.34600e+003  4.54688e+000  2.26270e+001  3.78833e+002
          3347  3.81492e+002  3.34700e+003  4.53969e+000  2.26230e+001  3.78917e+002
          3348  3.81571e+002  3.34800e+003  4.53348e+000  2.26190e+001  3.79000e+002
          3349  3.81657e+002  3.34900e+003  4.52688e+000  2.26150e+001  3.79083e+002
          3350  3.81741e+002  3.35000e+003  4.52013e+000  2.26110e+001  3.79167e+002
          3351  3.81822e+002  3.35100e+003  4.51391e+000  2.26070e+001  3.79250e+002
          3352  3.81908e+002  3.35200e+003  4.50626e+000  2.26030e+001  3.79333e+002
          3353  3.81994e+002  3.35300e+003  4.49888e+000  2.25990e+001  3.79417e+002
          3354  3.82076e+002  3.35400e+003  4.49167e+000  2.25950e+001  3.79500e+002
          3355  3.82161e+002  3.35500e+003  4.48418e+000  2.25910e+001  3.79583e+002
          3356  3.82242e+002  3.35600e+003  4.47792e+000  2.25870e+001  3.79667e+002
          3357  3.82332e+002  3.35700e+003  4.47017e+000  2.25830e+001  3.79750e+002
          3358  3.82411e+002  3.35800e+003  4.46117e+000  2.25790e+001  3.79833e+002
          3359  3.82488e+002  3.35900e+003  4.45214e+000  2.25750e+001  3.79917e+002
          3360  3.82572e+002  3.36000e+003  4.44120e+000  2.25710e+001  3.80000e+002
          3361  3.82646e+002  3.36100e+003  4.43218e+000  2.25670e+001  3.80083e+002
          3362  3.82737e+002  3.36200e+003  4.42340e+000  2.25630e+001  3.80167e+002
          3363  3.82815e+002  3.36300e+003  4.41503e+000  2.25590e+001  3.80250e+002
          3364  3.82900e+002  3.36400e+003  4.40392e+000  2.25550e+001  3.80333e+002
          3365  3.82981e+002  3.36500e+003  4.39382e+000  2.25510e+001  3.80417e+002
          3366  3.83065e+002  3.36600e+003  4.38335e+000  2.25470e+001  3.80500e+002
          3367  3.83143e+002  3.36700e+003  4.37243e+000  2.25430e+001  3.80583e+002
          3368  3.83231e+002  3.36800e+003  4.36154e+000  2.25390e+001  3.80667e+002
          3369  3.83303e+002  3.36900e+003  4.35019e+000  2.25350e+001  3.80750e+002
          3370  3.83390e+002  3.37000e+003  4.33910e+000  2.25310e+001  3.80833e+002
          3371  3.83472e+002  3.37100e+003  4.32849e+000  2.25270e+001  3.80917e+002
          3372  3.83554e+002  3.37200e+003  4.31876e+000  2.25230e+001  3.81000e+002
          3373  3.83636e+002  3.37300e+003  4.31013e+000  2.25190e+001  3.81083e+002
          3374  3.83717e+002  3.37400e+003  4.30110e+000  2.25150e+001  3.81167e+002
          3375  3.83802e+002  3.37500e+003  4.29186e+000  2.25110e+001  3.81250e+002
          3376  3.83883e+002  3.37600e+003  4.28138e+000  2.25070e+001  3.81333e+002
          3377  3.83966e+002  3.37700e+003  4.27254e+000  2.25030e+001  3.81417e+002
          3378  3.84047e+002  3.37800e+003  4.26380e+000  2.24990e+001  3.81500e+002
          3379  3.84124e+002  3.37900e+003  4.25520e+000  2.24950e+001  3.81583e+002
          3380  3.84217e+002  3.38000e+003  4.24808e+000  2.24910e+001  3.81667e+002
          3381  3.84290e+002  3.38100e+003  4.23880e+000  2.24870e+001  3.81750e+002
          3382  3.84374e+002  3.38200e+003  4.22898e+000  2.24830e+001  3.81833e+002
          3383  3.84458e+002  3.38300e+003  4.22016e+000  2.24790e+001  3.81917e+002
          3384  3.84545e+002  3.38400e+003  4.20966e+000  2.24751e+001  3.82000e+002
          3385  3.84625e+002  3.38500e+003  4.20007e+000  2.24711e+001  3.82083e+002
          3386  3.84709e+002  3.38600e+003  4.19086e+000  2.24672e+001  3.82167e+002
          3387  3.84797e+002  3.38700e+003  4.18216e+000  2.24633e+001  3.82250e+002
          3388  3.84871e+002  3.38800e+003  4.17147e+000  2.24595e+001  3.82333e+002
          3389  3.84955e+002  3.38900e+003  4.16185e+000  2.24556e+001  3.82417e+002
          3390  3.85034e+002  3.39000e+003  4.15297e+000  2.24517e+001  3.82500e+002
          3391  3.85120e+002  3.39100e+003  4.14473e+000  2.24478e+001  3.82583e+002
          3392  3.85209e+002  3.39200e+003  4.13856e+000  2.24439e+001  3.82667e+002
          3393  3.85286e+002  3.39300e+003  4.13082e+000  2.24399e+001  3.82750e+002
          3394  3.85379e+002  3.39400e+003  4.12416e+000  2.24359e+001  3.82833e+002
          3395  3.85452e+002  3.39500e+003  4.11887e+000  2.24320e+001  3.82917e+002
          3396  3.85536e+002  3.39600e+003  4.11128e+000  2.24280e+001  3.83000e+002
          3397  3.85620e+002  3.39700e+003  4.10345e+000  2.24240e+001  3.83083e+002
          3398  3.85699e+002  3.39800e+003  4.09539e+000  2.24200e+001  3.83167e+002
          3399  3.85781e+002  3.39900e+003  4.08710e+000  2.24160e+001  3.83250e+002
          3400  3.85862e+002  3.40000e+003  4.07991e+000  2.24120e+001  3.83333e+002
          3401  3.85950e+002  3.40100e+003  4.07208e+000  2.24080e+001  3.83417e+002
          3402  3.86020e+002  3.40200e+003  4.06601e+000  2.24040e+001  3.83500e+002
          3403  3.86111e+002  3.40300e+003  4.06053e+000  2.24000e+001  3.83583e+002
          3404  3.86192e+002  3.40400e+003  4.05287e+000  2.23960e+001  3.83667e+002
          3405  3.86268e+002  3.40500e+003  4.04348e+000  2.23920e+001  3.83750e+002
          3406  3.86357e+002  3.40600e+003  4.03135e+000  2.23880e+001  3.83833e+002
          3407  3.86428e+002  3.40700e+003  4.01807e+000  2.23840e+001  3.83917e+002
          3408  3.86518e+002  3.40800e+003  3.99938e+000  2.23800e+001  3.84000e+002
          3409  3.86592e+002  3.40900e+003  3.98039e+000  2.23761e+001  3.84083e+002
          3410  3.86677e+002  3.41000e+003  3.96015e+000  2.23722e+001  3.84167e+002
          3411  3.86769e+002  3.41100e+003  3.93886e+000  2.23683e+001  3.84250e+002
          3412  3.86847e+002  3.41200e+003  3.91158e+000  2.23645e+001  3.84333e+002
          3413  3.86932e+002  3.41300e+003  3.88603e+000  2.23606e+001  3.84417e+002
          3414  3.87007e+002  3.41400e+003  3.85996e+000  2.23567e+001  3.84500e+002
          3415  3.87076e+002  3.41500e+003  3.83400e+000  2.23528e+001  3.84583e+002
          3416  3.87174e+002  3.41600e+003  3.79205e+000  2.23489e+001  3.84667e+002
          3417  3.87252e+002  3.41700e+003  3.75987e+000  2.23449e+001  3.84750e+002
          3418  3.87326e+002  3.41800e+003  3.73098e+000  2.23409e+001  3.84833e+002
          3419  3.87411e+002  3.41900e+003  3.70265e+000  2.23370e+001  3.84917e+002
          3420  3.87490e+002  3.42000e+003  3.67153e+000  2.23330e+001  3.85000e+002
          3421  3.87573e+002  3.42100e+003  3.64241e+000  2.23290e+001  3.85083e+002
          3422  3.87647e+002  3.42200e+003  3.61336e+000  2.23251e+001  3.85167e+002
          3423  3.87734e+002  3.42300e+003  3.58421e+000  2.23212e+001  3.85250e+002
          3424  3.87814e+002  3.42400e+003  3.55861e+000  2.23174e+001  3.85333e+002
          3425  3.87899e+002  3.42500e+003  3.53110e+000  2.23135e+001  3.85417e+002
          3426  3.87975e+002  3.42600e+003  3.50389e+000  2.23096e+001  3.85500e+002
          3427  3.88068e+002  3.42700e+003  3.47759e+000  2.23057e+001  3.85583e+002
          3428  3.88138e+002  3.42800e+003  3.45479e+000  2.23018e+001  3.85667e+002
          3429  3.88216e+002  3.42900e+003  3.43125e+000  2.22979e+001  3.85750e+002
          3430  3.88296e+002  3.43000e+003  3.40843e+000  2.22939e+001  3.85833e+002
          3431  3.88378e+002  3.43100e+003  3.38549e+000  2.22900e+001  3.85917e+002
          3432  3.88460e+002  3.43200e+003  3.36516e+000  2.22860e+001  3.86000e+002
          3433  3.88546e+002  3.43300e+003  3.34412e+000  2.22820e+001  3.86083e+002
          3434  3.88612e+002  3.43400e+003  3.32379e+000  2.22780e+001  3.86167e+002
          3435  3.88706e+002  3.43500e+003  3.30479e+000  2.22741e+001  3.86250e+002
          3436  3.88784e+002  3.43600e+003  3.28908e+000  2.22702e+001  3.86333e+002
          3437  3.88870e+002  3.43700e+003  3.27131e+000  2.22663e+001  3.86417e+002
          3438  3.88956e+002  3.43800e+003  3.25403e+000  2.22625e+001  3.86500e+002
          3439  3.89027e+002  3.43900e+003  3.23761e+000  2.22586e+001  3.86583e+002
          3440  3.89115e+002  3.44000e+003  3.22477e+000  2.22547e+001  3.86667e+002
          3441  3.89199e+002  3.44100e+003  3.21102e+000  2.22508e+001  3.86750e+002
          3442  3.89276e+002  3.44200e+003  3.19653e+000  2.22469e+001  3.86833e+002
          3443  3.89352e+002  3.44300e+003  3.18142e+000  2.22430e+001  3.86917e+002
          3444  3.89435e+002  3.44400e+003  3.17026e+000  2.22391e+001  3.87000e+002
          3445  3.89526e+002  3.44500e+003  3.15665e+000  2.22352e+001  3.87083e+002
          3446  3.89600e+002  3.44600e+003  3.14361e+000  2.22313e+001  3.87167e+002
          3447  3.89675e+002  3.44700e+003  3.13121e+000  2.22274e+001  3.87250e+002
          3448  3.89762e+002  3.44800e+003  3.12152e+000  2.22236e+001  3.87333e+002
          3449  3.89855e+002  3.44900e+003  3.10979e+000  2.22198e+001  3.87417e+002
          3450  3.89944e+002  3.45000e+003  3.09834e+000  2.22159e+001  3.87500e+002
          3451  3.90020e+002  3.45100e+003  3.08750e+000  2.22119e+001  3.87583e+002
          3452  3.90103e+002  3.45200e+003  3.07545e+000  2.22080e+001  3.87667e+002
          3453  3.90178e+002  3.45300e+003  3.06478e+000  2.22041e+001  3.87750e+002
          3454  3.90259e+002  3.45400e+003  3.05508e+000  2.22002e+001  3.87833e+002
          3455  3.90350e+002  3.45500e+003  3.04497e+000  2.21963e+001  3.87917e+002
          3456  3.90428e+002  3.45600e+003  3.03727e+000  2.21925e+001  3.88000e+002
          3457  3.90512e+002  3.45700e+003  3.02757e+000  2.21886e+001  3.88083e+002
          3458  3.90593e+002  3.45800e+003  3.01826e+000  2.21847e+001  3.88167e+002
          3459  3.90685e+002  3.45900e+003  3.01059e+000  2.21808e+001  3.88250e+002
          3460  3.90768e+002  3.46000e+003  3.00365e+000  2.21769e+001  3.88333e+002
          3461  3.90849e+002  3.46100e+003  2.99584e+000  2.21729e+001  3.88417e+002
          3462  3.90925e+002  3.46200e+003  2.98750e+000  2.21691e+001  3.88500e+002
          3463  3.91007e+002  3.46300e+003  2.97836e+000  2.21652e+001  3.88583e+002
          3464  3.91089e+002  3.46400e+003  2.96794e+000  2.21613e+001  3.88667e+002
          3465  3.91170e+002  3.46500e+003  2.95914e+000  2.21575e+001  3.88750e+002
          3466  3.91252e+002  3.46600e+003  2.95143e+000  2.21536e+001  3.88833e+002
          3467  3.91335e+002  3.46700e+003  2.94395e+000  2.21497e+001  3.88917e+002
          3468  3.91415e+002  3.46800e+003  2.93903e+000  2.21458e+001  3.89000e+002
          3469  3.91502e+002  3.46900e+003  2.93236e+000  2.21419e+001  3.89083e+002
          3470  3.91581e+002  3.47000e+003  2.92463e+000  2.21379e+001  3.89167e+002
          3471  3.91669e+002  3.47100e+003  2.91592e+000  2.21341e+001  3.89250e+002
          3472  3.91752e+002  3.47200e+003  2.90751e+000  2.21302e+001  3.89333e+002
          3473  3.91830e+002  3.47300e+003  2.90122e+000  2.21263e+001  3.89417e+002
          3474  3.91915e+002  3.47400e+003  2.89594e+000  2.21224e+001  3.89500e+002
          3475  3.92003e+002  3.47500e+003  2.89078e+000  2.21186e+001  3.89583e+002
          3476  3.92086e+002  3.47600e+003  2.88883e+000  2.21147e+001  3.89667e+002
          3477  3.92165e+002  3.47700e+003  2.88390e+000  2.21108e+001  3.89750e+002
          3478  3.92244e+002  3.47800e+003  2.87738e+000  2.21069e+001  3.89833e+002
          3479  3.92328e+002  3.47900e+003  2.87033e+000  2.21030e+001  3.89917e+002
          3480  3.92413e+002  3.48000e+003  2.86498e+000  2.20991e+001  3.90000e+002
          3481  3.92508e+002  3.48100e+003  2.85987e+000  2.20952e+001  3.90083e+002
          3482  3.92585e+002  3.48200e+003  2.85555e+000  2.20913e+001  3.90167e+002
          3483  3.92672e+002  3.48300e+003  2.85145e+000  2.20874e+001  3.90250e+002
          3484  3.92743e+002  3.48400e+003  2.84859e+000  2.20836e+001  3.90333e+002
          3485  3.92831e+002  3.48500e+003  2.84536e+000  2.20798e+001  3.90417e+002
          3486  3.92905e+002  3.48600e+003  2.84127e+000  2.20759e+001  3.90500e+002
          3487  3.92990e+002  3.48700e+003  2.83782e+000  2.20720e+001  3.90583e+002
          3488  3.93078e+002  3.48800e+003  2.83547e+000  2.20682e+001  3.90667e+002
          3489  3.93164e+002  3.48900e+003  2.83275e+000  2.20643e+001  3.90750e+002
          3490  3.93246e+002  3.49000e+003  2.83033e+000  2.20604e+001  3.90833e+002
          3491  3.93332e+002  3.49100e+003  2.82779e+000  2.20566e+001  3.90917e+002
          3492  3.93410e+002  3.49200e+003  2.82970e+000  2.20527e+001  3.91000e+002
          3493  3.93490e+002  3.49300e+003  2.82833e+000  2.20489e+001  3.91083e+002
          3494  3.93571e+002  3.49400e+003  2.82627e+000  2.20451e+001  3.91167e+002
          3495  3.93655e+002  3.49500e+003  2.82497e+000  2.20413e+001  3.91250e+002
          3496  3.93742e+002  3.49600e+003  2.82465e+000  2.20374e+001  3.91333e+002
          3497  3.93825e+002  3.49700e+003  2.82397e+000  2.20336e+001  3.91417e+002
          3498  3.93908e+002  3.49800e+003  2.82259e+000  2.20297e+001  3.91500e+002
          3499  3.93984e+002  3.49900e+003  2.82072e+000  2.20258e+001  3.91583e+002
          3500  3.94071e+002  3.50000e+003  2.81921e+000  2.20218e+001  3.91667e+002
          3501  3.94149e+002  3.50100e+003  2.81816e+000  2.20179e+001  3.91750e+002
          3502  3.94235e+002  3.50200e+003  2.81758e+000  2.20141e+001  3.91833e+002
          3503  3.94318e+002  3.50300e+003  2.81785e+000  2.20102e+001  3.91917e+002
          3504  3.94403e+002  3.50400e+003  2.81711e+000  2.20063e+001  3.92000e+002
          3505  3.94488e+002  3.50500e+003  2.81649e+000  2.20025e+001  3.92083e+002
          3506  3.94568e+002  3.50600e+003  2.81602e+000  2.19986e+001  3.92167e+002
          3507  3.94650e+002  3.50700e+003  2.81538e+000  2.19947e+001  3.92250e+002
          3508  3.94731e+002  3.50800e+003  2.81357e+000  2.19908e+001  3.92333e+002
          3509  3.94814e+002  3.50900e+003  2.81341e+000  2.19870e+001  3.92417e+002
          3510  3.94905e+002  3.51000e+003  2.81312e+000  2.19831e+001  3.92500e+002
          3511  3.94981e+002  3.51100e+003  2.81241e+000  2.19793e+001  3.92583e+002
          3512  3.95058e+002  3.51200e+003  2.81293e+000  2.19755e+001  3.92667e+002
          3513  3.95142e+002  3.51300e+003  2.81237e+000  2.19716e+001  3.92750e+002
          3514  3.95225e+002  3.51400e+003  2.81071e+000  2.19677e+001  3.92833e+002
          3515  3.95314e+002  3.51500e+003  2.80769e+000  2.19638e+001  3.92917e+002
          3516  3.95391e+002  3.51600e+003  2.80295e+000  2.19600e+001  3.93000e+002
          3517  3.95473e+002  3.51700e+003  2.79971e+000  2.19561e+001  3.93083e+002
          3518  3.95560e+002  3.51800e+003  2.79840e+000  2.19523e+001  3.93167e+002
          3519  3.95636e+002  3.51900e+003  2.79730e+000  2.19484e+001  3.93250e+002
          3520  3.95725e+002  3.52000e+003  2.79168e+000  2.19446e+001  3.93333e+002
          3521  3.95808e+002  3.52100e+003  2.78841e+000  2.19408e+001  3.93417e+002
          3522  3.95891e+002  3.52200e+003  2.78626e+000  2.19370e+001  3.93500e+002
          3523  3.95965e+002  3.52300e+003  2.78510e+000  2.19332e+001  3.93583e+002
          3524  3.96040e+002  3.52400e+003  2.78030e+000  2.19293e+001  3.93667e+002
          3525  3.96125e+002  3.52500e+003  2.77773e+000  2.19254e+001  3.93750e+002
          3526  3.96215e+002  3.52600e+003  2.77525e+000  2.19216e+001  3.93833e+002
          3527  3.96303e+002  3.52700e+003  2.77253e+000  2.19177e+001  3.93917e+002
          3528  3.96392e+002  3.52800e+003  2.77313e+000  2.19138e+001  3.94000e+002
          3529  3.96464e+002  3.52900e+003  2.77202e+000  2.19100e+001  3.94083e+002
          3530  3.96545e+002  3.53000e+003  2.77070e+000  2.19061e+001  3.94167e+002
          3531  3.96634e+002  3.53100e+003  2.76877e+000  2.19023e+001  3.94250e+002
          3532  3.96707e+002  3.53200e+003  2.76840e+000  2.18985e+001  3.94333e+002
          3533  3.96791e+002  3.53300e+003  2.76687e+000  2.18946e+001  3.94417e+002
          3534  3.96884e+002  3.53400e+003  2.76611e+000  2.18907e+001  3.94500e+002
          3535  3.96955e+002  3.53500e+003  2.76570e+000  2.18869e+001  3.94583e+002
          3536  3.97043e+002  3.53600e+003  2.76575e+000  2.18831e+001  3.94667e+002
          3537  3.97125e+002  3.53700e+003  2.76564e+000  2.18792e+001  3.94750e+002
          3538  3.97203e+002  3.53800e+003  2.76520e+000  2.18754e+001  3.94833e+002
          3539  3.97294e+002  3.53900e+003  2.76523e+000  2.18715e+001  3.94917e+002
          3540  3.97379e+002  3.54000e+003  2.76876e+000  2.18677e+001  3.95000e+002
          3541  3.97456e+002  3.54100e+003  2.77074e+000  2.18638e+001  3.95083e+002
          3542  3.97539e+002  3.54200e+003  2.77156e+000  2.18600e+001  3.95167e+002
          3543  3.97627e+002  3.54300e+003  2.77238e+000  2.18562e+001  3.95250e+002
          3544  3.97700e+002  3.54400e+003  2.77443e+000  2.18523e+001  3.95333e+002
          3545  3.97786e+002  3.54500e+003  2.77553e+000  2.18484e+001  3.95417e+002
          3546  3.97860e+002  3.54600e+003  2.77686e+000  2.18446e+001  3.95500e+002
          3547  3.97951e+002  3.54700e+003  2.77805e+000  2.18407e+001  3.95583e+002
          3548  3.98040e+002  3.54800e+003  2.77937e+000  2.18368e+001  3.95667e+002
          3549  3.98131e+002  3.54900e+003  2.78050e+000  2.18330e+001  3.95750e+002
          3550  3.98205e+002  3.55000e+003  2.78150e+000  2.18291e+001  3.95833e+002
          3551  3.98286e+002  3.55100e+003  2.78255e+000  2.18253e+001  3.95917e+002
          3552  3.98371e+002  3.55200e+003  2.78338e+000  2.18215e+001  3.96000e+002
          3553  3.98457e+002  3.55300e+003  2.78581e+000  2.18176e+001  3.96083e+002
          3554  3.98536e+002  3.55400e+003  2.78815e+000  2.18138e+001  3.96167e+002
          3555  3.98623e+002  3.55500e+003  2.79056e+000  2.18100e+001  3.96250e+002
          3556  3.98704e+002  3.55600e+003  2.79669e+000  2.18062e+001  3.96333e+002
          3557  3.98786e+002  3.55700e+003  2.80061e+000  2.18024e+001  3.96417e+002
          3558  3.98877e+002  3.55800e+003  2.80485e+000  2.17985e+001  3.96500e+002
          3559  3.98950e+002  3.55900e+003  2.80903e+000  2.17947e+001  3.96583e+002
          3560  3.99037e+002  3.56000e+003  2.81546e+000  2.17909e+001  3.96667e+002
          3561  3.99119e+002  3.56100e+003  2.81964e+000  2.17871e+001  3.96750e+002
          3562  3.99199e+002  3.56200e+003  2.82456e+000  2.17832e+001  3.96833e+002
          3563  3.99273e+002  3.56300e+003  2.82971e+000  2.17794e+001  3.96917e+002
          3564  3.99362e+002  3.56400e+003  2.83584e+000  2.17756e+001  3.97000e+002
          3565  3.99449e+002  3.56500e+003  2.84045e+000  2.17717e+001  3.97083e+002
          3566  3.99526e+002  3.56600e+003  2.84485e+000  2.17678e+001  3.97167e+002
          3567  3.99615e+002  3.56700e+003  2.84942e+000  2.17639e+001  3.97250e+002
          3568  3.99697e+002  3.56800e+003  2.85411e+000  2.17600e+001  3.97333e+002
          3569  3.99781e+002  3.56900e+003  2.85988e+000  2.17562e+001  3.97417e+002
          3570  3.99870e+002  3.57000e+003  2.86576e+000  2.17523e+001  3.97500e+002
          3571  3.99947e+002  3.57100e+003  2.87020e+000  2.17484e+001  3.97583e+002
          3572  4.00025e+002  3.57200e+003  2.87679e+000  2.17447e+001  3.97667e+002
          3573  4.00115e+002  3.57300e+003  2.88224e+000  2.17409e+001  3.97750e+002
          3574  4.00199e+002  3.57400e+003  2.88741e+000  2.17371e+001  3.97833e+002
          3575  4.00279e+002  3.57500e+003  2.89261e+000  2.17333e+001  3.97917e+002
          3576  4.00359e+002  3.57600e+003  2.89923e+000  2.17294e+001  3.98000e+002
          3577  4.00440e+002  3.57700e+003  2.90475e+000  2.17256e+001  3.98083e+002
          3578  4.00534e+002  3.57800e+003  2.91045e+000  2.17217e+001  3.98167e+002
          3579  4.00604e+002  3.57900e+003  2.91658e+000  2.17178e+001  3.98250e+002
          3580  4.00691e+002  3.58000e+003  2.91964e+000  2.17140e+001  3.98333e+002
          3581  4.00772e+002  3.58100e+003  2.92373e+000  2.17101e+001  3.98417e+002
          3582  4.00856e+002  3.58200e+003  2.92739e+000  2.17063e+001  3.98500e+002
          3583  4.00931e+002  3.58300e+003  2.93085e+000  2.17024e+001  3.98583e+002
          3584  4.01016e+002  3.58400e+003  2.93703e+000  2.16986e+001  3.98667e+002
          3585  4.01109e+002  3.58500e+003  2.94295e+000  2.16948e+001  3.98750e+002
          3586  4.01192e+002  3.58600e+003  2.94794e+000  2.16910e+001  3.98833e+002
          3587  4.01277e+002  3.58700e+003  2.95256e+000  2.16872e+001  3.98917e+002
          3588  4.01362e+002  3.58800e+003  2.95600e+000  2.16833e+001  3.99000e+002
          3589  4.01442e+002  3.58900e+003  2.96004e+000  2.16794e+001  3.99083e+002
          3590  4.01516e+002  3.59000e+003  2.96544e+000  2.16756e+001  3.99167e+002
          3591  4.01609e+002  3.59100e+003  2.97112e+000  2.16717e+001  3.99250e+002
          3592  4.01690e+002  3.59200e+003  2.97794e+000  2.16678e+001  3.99333e+002
          3593  4.01777e+002  3.59300e+003  2.98398e+000  2.16640e+001  3.99417e+002
          3594  4.01860e+002  3.59400e+003  2.98984e+000  2.16601e+001  3.99500e+002
          3595  4.01944e+002  3.59500e+003  2.99617e+000  2.16563e+001  3.99583e+002
          3596  4.02019e+002  3.59600e+003  3.00182e+000  2.16525e+001  3.99667e+002
          3597  4.02105e+002  3.59700e+003  3.00731e+000  2.16486e+001  3.99750e+002
          3598  4.02189e+002  3.59800e+003  3.01369e+000  2.16447e+001  3.99833e+002
          3599  4.02278e+002  3.59900e+003  3.02160e+000  2.16409e+001  3.99917e+002
          3600  4.02359e+002  3.60000e+003  3.03106e+000  2.16371e+001  4.00000e+002
          3601  4.02447e+002  3.60100e+003  3.03915e+000  2.16332e+001  4.00083e+002
          3602  4.02524e+002  3.60200e+003  3.04669e+000  2.16294e+001  4.00167e+002
          3603  4.02613e+002  3.60300e+003  3.05452e+000  2.16255e+001  4.00250e+002
          3604  4.02693e+002  3.60400e+003  3.06274e+000  2.16217e+001  4.00333e+002
          3605  4.02767e+002  3.60500e+003  3.07137e+000  2.16178e+001  4.00417e+002
          3606  4.02846e+002  3.60600e+003  3.08071e+000  2.16140e+001  4.00500e+002
          3607  4.02939e+002  3.60700e+003  3.08947e+000  2.16102e+001  4.00583e+002
          3608  4.03017e+002  3.60800e+003  3.10060e+000  2.16063e+001  4.00667e+002
          3609  4.03103e+002  3.60900e+003  3.11047e+000  2.16024e+001  4.00750e+002
          3610  4.03180e+002  3.61000e+003  3.11922e+000  2.15986e+001  4.00833e+002
          3611  4.03270e+002  3.61100e+003  3.12770e+000  2.15947e+001  4.00917e+002
          3612  4.03356e+002  3.61200e+003  3.13651e+000  2.15908e+001  4.01000e+002
          3613  4.03436e+002  3.61300e+003  3.14650e+000  2.15870e+001  4.01083e+002
          3614  4.03520e+002  3.61400e+003  3.15692e+000  2.15831e+001  4.01167e+002
          3615  4.03604e+002  3.61500e+003  3.16769e+000  2.15793e+001  4.01250e+002
          3616  4.03685e+002  3.61600e+003  3.17570e+000  2.15755e+001  4.01333e+002
          3617  4.03764e+002  3.61700e+003  3.18373e+000  2.15716e+001  4.01417e+002
          3618  4.03853e+002  3.61800e+003  3.19150e+000  2.15677e+001  4.01500e+002
          3619  4.03943e+002  3.61900e+003  3.19960e+000  2.15639e+001  4.01583e+002
          3620  4.04026e+002  3.62000e+003  3.20929e+000  2.15601e+001  4.01667e+002
          3621  4.04101e+002  3.62100e+003  3.21856e+000  2.15562e+001  4.01750e+002
          3622  4.04194e+002  3.62200e+003  3.22707e+000  2.15524e+001  4.01833e+002
          3623  4.04282e+002  3.62300e+003  3.23530e+000  2.15485e+001  4.01917e+002
          3624  4.04355e+002  3.62400e+003  3.24215e+000  2.15447e+001  4.02000e+002
          3625  4.04437e+002  3.62500e+003  3.25081e+000  2.15408e+001  4.02083e+002
          3626  4.04525e+002  3.62600e+003  3.26012e+000  2.15369e+001  4.02167e+002
          3627  4.04604e+002  3.62700e+003  3.26950e+000  2.15329e+001  4.02250e+002
          3628  4.04683e+002  3.62800e+003  3.27868e+000  2.15290e+001  4.02333e+002
          3629  4.04770e+002  3.62900e+003  3.28871e+000  2.15252e+001  4.02417e+002
          3630  4.04858e+002  3.63000e+003  3.29819e+000  2.15213e+001  4.02500e+002
          3631  4.04940e+002  3.63100e+003  3.30764e+000  2.15174e+001  4.02583e+002
          3632  4.05030e+002  3.63200e+003  3.31882e+000  2.15136e+001  4.02667e+002
          3633  4.05107e+002  3.63300e+003  3.32989e+000  2.15098e+001  4.02750e+002
          3634  4.05191e+002  3.63400e+003  3.34044e+000  2.15059e+001  4.02833e+002
          3635  4.05270e+002  3.63500e+003  3.35152e+000  2.15020e+001  4.02917e+002
          3636  4.05363e+002  3.63600e+003  3.36302e+000  2.14982e+001  4.03000e+002
          3637  4.05436e+002  3.63700e+003  3.37396e+000  2.14943e+001  4.03083e+002
          3638  4.05524e+002  3.63800e+003  3.38512e+000  2.14904e+001  4.03167e+002
          3639  4.05613e+002  3.63900e+003  3.39590e+000  2.14866e+001  4.03250e+002
          3640  4.05693e+002  3.64000e+003  3.40631e+000  2.14827e+001  4.03333e+002
          3641  4.05770e+002  3.64100e+003  3.41616e+000  2.14788e+001  4.03417e+002
          3642  4.05862e+002  3.64200e+003  3.42617e+000  2.14749e+001  4.03500e+002
          3643  4.05943e+002  3.64300e+003  3.43669e+000  2.14711e+001  4.03583e+002
          3644  4.06027e+002  3.64400e+003  3.44576e+000  2.14672e+001  4.03667e+002
          3645  4.06105e+002  3.64500e+003  3.45503e+000  2.14633e+001  4.03750e+002
          3646  4.06194e+002  3.64600e+003  3.46449e+000  2.14594e+001  4.03833e+002
          3647  4.06275e+002  3.64700e+003  3.47397e+000  2.14556e+001  4.03917e+002
          3648  4.06360e+002  3.64800e+003  3.48237e+000  2.14517e+001  4.04000e+002
          3649  4.06438e+002  3.64900e+003  3.49247e+000  2.14478e+001  4.04083e+002
          3650  4.06517e+002  3.65000e+003  3.50292e+000  2.14440e+001  4.04167e+002
          3651  4.06604e+002  3.65100e+003  3.51283e+000  2.14402e+001  4.04250e+002
          3652  4.06694e+002  3.65200e+003  3.52500e+000  2.14363e+001  4.04333e+002
          3653  4.06778e+002  3.65300e+003  3.53671e+000  2.14324e+001  4.04417e+002
          3654  4.06857e+002  3.65400e+003  3.54728e+000  2.14286e+001  4.04500e+002
          3655  4.06941e+002  3.65500e+003  3.55783e+000  2.14247e+001  4.04583e+002
          3656  4.07020e+002  3.65600e+003  3.56825e+000  2.14208e+001  4.04667e+002
          3657  4.07113e+002  3.65700e+003  3.57975e+000  2.14169e+001  4.04750e+002
          3658  4.07195e+002  3.65800e+003  3.59217e+000  2.14130e+001  4.04833e+002
          3659  4.07274e+002  3.65900e+003  3.60543e+000  2.14092e+001  4.04917e+002
          3660  4.07362e+002  3.66000e+003  3.61879e+000  2.14053e+001  4.05000e+002
          3661  4.07449e+002  3.66100e+003  3.63196e+000  2.14015e+001  4.05083e+002
          3662  4.07527e+002  3.66200e+003  3.64556e+000  2.13976e+001  4.05167e+002
          3663  4.07609e+002  3.66300e+003  3.65920e+000  2.13937e+001  4.05250e+002
          3664  4.07688e+002  3.66400e+003  3.67304e+000  2.13898e+001  4.05333e+002
          3665  4.07777e+002  3.66500e+003  3.68704e+000  2.13859e+001  4.05417e+002
          3666  4.07871e+002  3.66600e+003  3.70106e+000  2.13819e+001  4.05500e+002
          3667  4.07959e+002  3.66700e+003  3.71429e+000  2.13781e+001  4.05583e+002
          3668  4.08030e+002  3.66800e+003  3.73129e+000  2.13742e+001  4.05667e+002
          3669  4.08120e+002  3.66900e+003  3.74561e+000  2.13703e+001  4.05750e+002
          3670  4.08213e+002  3.67000e+003  3.75980e+000  2.13664e+001  4.05833e+002
          3671  4.08296e+002  3.67100e+003  3.77366e+000  2.13626e+001  4.05917e+002
          3672  4.08375e+002  3.67200e+003  3.78692e+000  2.13587e+001  4.06000e+002
          3673  4.08457e+002  3.67300e+003  3.80149e+000  2.13548e+001  4.06083e+002
          3674  4.08545e+002  3.67400e+003  3.81490e+000  2.13509e+001  4.06167e+002
          3675  4.08617e+002  3.67500e+003  3.82877e+000  2.13470e+001  4.06250e+002
          3676  4.08699e+002  3.67600e+003  3.84206e+000  2.13431e+001  4.06333e+002
          3677  4.08783e+002  3.67700e+003  3.85613e+000  2.13392e+001  4.06417e+002
          3678  4.08880e+002  3.67800e+003  3.87054e+000  2.13353e+001  4.06500e+002
          3679  4.08959e+002  3.67900e+003  3.88481e+000  2.13314e+001  4.06583e+002
          3680  4.09041e+002  3.68000e+003  3.89989e+000  2.13276e+001  4.06667e+002
          3681  4.09125e+002  3.68100e+003  3.91397e+000  2.13238e+001  4.06750e+002
          3682  4.09204e+002  3.68200e+003  3.92701e+000  2.13199e+001  4.06833e+002
          3683  4.09299e+002  3.68300e+003  3.94011e+000  2.13159e+001  4.06917e+002
          3684  4.09380e+002  3.68400e+003  3.95200e+000  2.13119e+001  4.07000e+002
          3685  4.09462e+002  3.68500e+003  3.96407e+000  2.13080e+001  4.07083e+002
          3686  4.09538e+002  3.68600e+003  3.97680e+000  2.13040e+001  4.07167e+002
          3687  4.09633e+002  3.68700e+003  3.98968e+000  2.13001e+001  4.07250e+002
          3688  4.09708e+002  3.68800e+003  4.00097e+000  2.12962e+001  4.07333e+002
          3689  4.09791e+002  3.68900e+003  4.01440e+000  2.12923e+001  4.07417e+002
          3690  4.09880e+002  3.69000e+003  4.02896e+000  2.12885e+001  4.07500e+002
          3691  4.09964e+002  3.69100e+003  4.04468e+000  2.12846e+001  4.07583e+002
          3692  4.10043e+002  3.69200e+003  4.05904e+000  2.12807e+001  4.07667e+002
          3693  4.10123e+002  3.69300e+003  4.07448e+000  2.12768e+001  4.07750e+002
          3694  4.10221e+002  3.69400e+003  4.08950e+000  2.12729e+001  4.07833e+002
          3695  4.10294e+002  3.69500e+003  4.10355e+000  2.12690e+001  4.07917e+002
          3696  4.10374e+002  3.69600e+003  4.12218e+000  2.12649e+001  4.08000e+002
          3697  4.10462e+002  3.69700e+003  4.13846e+000  2.12610e+001  4.08083e+002
          3698  4.10550e+002  3.69800e+003  4.15502e+000  2.12570e+001  4.08167e+002
          3699  4.10637e+002  3.69900e+003  4.17081e+000  2.12530e+001  4.08250e+002
          3700  4.10714e+002  3.70000e+003  4.18828e+000  2.12491e+001  4.08333e+002
          3701  4.10798e+002  3.70100e+003  4.20457e+000  2.12452e+001  4.08417e+002
          3702  4.10870e+002  3.70200e+003  4.22071e+000  2.12413e+001  4.08500e+002
          3703  4.10957e+002  3.70300e+003  4.23731e+000  2.12374e+001  4.08583e+002
          3704  4.11046e+002  3.70400e+003  4.25179e+000  2.12336e+001  4.08667e+002
          3705  4.11133e+002  3.70500e+003  4.26797e+000  2.12298e+001  4.08750e+002
          3706  4.11220e+002  3.70600e+003  4.28410e+000  2.12259e+001  4.08833e+002
          3707  4.11299e+002  3.70700e+003  4.30029e+000  2.12219e+001  4.08917e+002
          3708  4.11383e+002  3.70800e+003  4.31736e+000  2.12179e+001  4.09000e+002
          3709  4.11466e+002  3.70900e+003  4.33404e+000  2.12140e+001  4.09083e+002
          3710  4.11548e+002  3.71000e+003  4.35087e+000  2.12100e+001  4.09167e+002
          3711  4.11637e+002  3.71100e+003  4.36766e+000  2.12060e+001  4.09250e+002
          3712  4.11717e+002  3.71200e+003  4.38561e+000  2.12020e+001  4.09333e+002
          3713  4.11801e+002  3.71300e+003  4.40189e+000  2.11980e+001  4.09417e+002
          3714  4.11889e+002  3.71400e+003  4.41712e+000  2.11941e+001  4.09500e+002
          3715  4.11964e+002  3.71500e+003  4.43293e+000  2.11902e+001  4.09583e+002
          3716  4.12057e+002  3.71600e+003  4.44755e+000  2.11864e+001  4.09667e+002
          3717  4.12137e+002  3.71700e+003  4.46355e+000  2.11825e+001  4.09750e+002
          3718  4.12214e+002  3.71800e+003  4.47948e+000  2.11786e+001  4.09833e+002
          3719  4.12300e+002  3.71900e+003  4.49607e+000  2.11747e+001  4.09917e+002
          3720  4.12386e+002  3.72000e+003  4.51101e+000  2.11708e+001  4.10000e+002
          3721  4.12466e+002  3.72100e+003  4.52712e+000  2.11669e+001  4.10083e+002
          3722  4.12549e+002  3.72200e+003  4.54469e+000  2.11629e+001  4.10167e+002
          3723  4.12642e+002  3.72300e+003  4.56316e+000  2.11590e+001  4.10250e+002
          3724  4.12721e+002  3.72400e+003  4.58105e+000  2.11550e+001  4.10333e+002
          3725  4.12809e+002  3.72500e+003  4.59833e+000  2.11510e+001  4.10417e+002
          3726  4.12885e+002  3.72600e+003  4.61624e+000  2.11470e+001  4.10500e+002
          3727  4.12975e+002  3.72700e+003  4.63426e+000  2.11430e+001  4.10583e+002
          3728  4.13056e+002  3.72800e+003  4.65441e+000  2.11390e+001  4.10667e+002
          3729  4.13138e+002  3.72900e+003  4.67341e+000  2.11350e+001  4.10750e+002
          3730  4.13227e+002  3.73000e+003  4.69201e+000  2.11310e+001  4.10833e+002
          3731  4.13307e+002  3.73100e+003  4.71058e+000  2.11270e+001  4.10917e+002
          3732  4.13395e+002  3.73200e+003  4.73135e+000  2.11230e+001  4.11000e+002
          3733  4.13483e+002  3.73300e+003  4.75124e+000  2.11190e+001  4.11083e+002
          3734  4.13561e+002  3.73400e+003  4.77057e+000  2.11150e+001  4.11167e+002
          3735  4.13643e+002  3.73500e+003  4.78916e+000  2.11110e+001  4.11250e+002
          3736  4.13731e+002  3.73600e+003  4.80547e+000  2.11070e+001  4.11333e+002
          3737  4.13815e+002  3.73700e+003  4.82323e+000  2.11030e+001  4.11417e+002
          3738  4.13885e+002  3.73800e+003  4.84314e+000  2.10990e+001  4.11500e+002
          3739  4.13973e+002  3.73900e+003  4.86362e+000  2.10950e+001  4.11583e+002
          3740  4.14057e+002  3.74000e+003  4.88179e+000  2.10911e+001  4.11667e+002
          3741  4.14153e+002  3.74100e+003  4.90068e+000  2.10872e+001  4.11750e+002
          3742  4.14237e+002  3.74200e+003  4.91967e+000  2.10833e+001  4.11833e+002
          3743  4.14317e+002  3.74300e+003  4.93849e+000  2.10794e+001  4.11917e+002
          3744  4.14399e+002  3.74400e+003  4.95691e+000  2.10756e+001  4.12000e+002
          3745  4.14486e+002  3.74500e+003  4.97618e+000  2.10718e+001  4.12083e+002
          3746  4.14579e+002  3.74600e+003  4.99567e+000  2.10679e+001  4.12167e+002
          3747  4.14663e+002  3.74700e+003  5.01532e+000  2.10639e+001  4.12250e+002
          3748  4.14735e+002  3.74800e+003  5.03800e+000  2.10599e+001  4.12333e+002
          3749  4.14822e+002  3.74900e+003  5.05893e+000  2.10560e+001  4.12417e+002
          3750  4.14902e+002  3.75000e+003  5.07958e+000  2.10520e+001  4.12500e+002
          3751  4.14994e+002  3.75100e+003  5.10059e+000  2.10480e+001  4.12583e+002
          3752  4.15075e+002  3.75200e+003  5.12324e+000  2.10440e+001  4.12667e+002
          3753  4.15168e+002  3.75300e+003  5.14550e+000  2.10400e+001  4.12750e+002
          3754  4.15248e+002  3.75400e+003  5.16786e+000  2.10360e+001  4.12833e+002
          3755  4.15338e+002  3.75500e+003  5.19137e+000  2.10320e+001  4.12917e+002
          3756  4.15416e+002  3.75600e+003  5.21674e+000  2.10280e+001  4.13000e+002
          3757  4.15499e+002  3.75700e+003  5.24038e+000  2.10240e+001  4.13083e+002
          3758  4.15580e+002  3.75800e+003  5.26326e+000  2.10200e+001  4.13167e+002
          3759  4.15667e+002  3.75900e+003  5.28672e+000  2.10160e+001  4.13250e+002
          3760  4.15755e+002  3.76000e+003  5.31176e+000  2.10119e+001  4.13333e+002
          3761  4.15838e+002  3.76100e+003  5.33362e+000  2.10079e+001  4.13417e+002
          3762  4.15917e+002  3.76200e+003  5.35485e+000  2.10039e+001  4.13500e+002
          3763  4.16002e+002  3.76300e+003  5.37607e+000  2.09998e+001  4.13583e+002
          3764  4.16085e+002  3.76400e+003  5.39780e+000  2.09956e+001  4.13667e+002
          3765  4.16165e+002  3.76500e+003  5.41948e+000  2.09915e+001  4.13750e+002
          3766  4.16253e+002  3.76600e+003  5.44087e+000  2.09874e+001  4.13833e+002
          3767  4.16339e+002  3.76700e+003  5.46249e+000  2.09833e+001  4.13917e+002
          3768  4.16418e+002  3.76800e+003  5.48145e+000  2.09792e+001  4.14000e+002
          3769  4.16506e+002  3.76900e+003  5.50283e+000  2.09751e+001  4.14083e+002
          3770  4.16579e+002  3.77000e+003  5.52506e+000  2.09711e+001  4.14167e+002
          3771  4.16671e+002  3.77100e+003  5.54739e+000  2.09670e+001  4.14250e+002
          3772  4.16762e+002  3.77200e+003  5.56972e+000  2.09630e+001  4.14333e+002
          3773  4.16843e+002  3.77300e+003  5.59137e+000  2.09590e+001  4.14417e+002
          3774  4.16932e+002  3.77400e+003  5.61317e+000  2.09550e+001  4.14500e+002
          3775  4.17019e+002  3.77500e+003  5.63417e+000  2.09510e+001  4.14583e+002
          3776  4.17103e+002  3.77600e+003  5.65910e+000  2.09470e+001  4.14667e+002
          3777  4.17188e+002  3.77700e+003  5.68275e+000  2.09430e+001  4.14750e+002
          3778  4.17268e+002  3.77800e+003  5.70689e+000  2.09390e+001  4.14833e+002
          3779  4.17354e+002  3.77900e+003  5.73182e+000  2.09350e+001  4.14917e+002
          3780  4.17435e+002  3.78000e+003  5.75413e+000  2.09310e+001  4.15000e+002
          3781  4.17523e+002  3.78100e+003  5.77593e+000  2.09270e+001  4.15083e+002
          3782  4.17614e+002  3.78200e+003  5.79866e+000  2.09230e+001  4.15167e+002
          3783  4.17693e+002  3.78300e+003  5.82215e+000  2.09190e+001  4.15250e+002
          3784  4.17779e+002  3.78400e+003  5.84605e+000  2.09150e+001  4.15333e+002
          3785  4.17868e+002  3.78500e+003  5.86984e+000  2.09110e+001  4.15417e+002
          3786  4.17948e+002  3.78600e+003  5.89300e+000  2.09070e+001  4.15500e+002
          3787  4.18040e+002  3.78700e+003  5.91464e+000  2.09030e+001  4.15583e+002
          3788  4.18117e+002  3.78800e+003  5.93595e+000  2.08990e+001  4.15667e+002
          3789  4.18199e+002  3.78900e+003  5.95944e+000  2.08949e+001  4.15750e+002
          3790  4.18287e+002  3.79000e+003  5.98339e+000  2.08908e+001  4.15833e+002
          3791  4.18367e+002  3.79100e+003  6.00811e+000  2.08867e+001  4.15917e+002
          3792  4.18454e+002  3.79200e+003  6.03200e+000  2.08825e+001  4.16000e+002
          3793  4.18536e+002  3.79300e+003  6.05636e+000  2.08784e+001  4.16083e+002
          3794  4.18631e+002  3.79400e+003  6.08028e+000  2.08743e+001  4.16167e+002
          3795  4.18709e+002  3.79500e+003  6.10439e+000  2.08702e+001  4.16250e+002
          3796  4.18792e+002  3.79600e+003  6.12839e+000  2.08661e+001  4.16333e+002
          3797  4.18873e+002  3.79700e+003  6.15278e+000  2.08621e+001  4.16417e+002
          3798  4.18972e+002  3.79800e+003  6.17839e+000  2.08581e+001  4.16500e+002
          3799  4.19054e+002  3.79900e+003  6.20492e+000  2.08540e+001  4.16583e+002
          3800  4.19136e+002  3.80000e+003  6.23422e+000  2.08500e+001  4.16667e+002
          3801  4.19225e+002  3.80100e+003  6.26125e+000  2.08460e+001  4.16750e+002
          3802  4.19303e+002  3.80200e+003  6.28813e+000  2.08419e+001  4.16833e+002
          3803  4.19378e+002  3.80300e+003  6.31598e+000  2.08378e+001  4.16917e+002
          3804  4.19463e+002  3.80400e+003  6.34417e+000  2.08336e+001  4.17000e+002
          3805  4.19551e+002  3.80500e+003  6.37290e+000  2.08295e+001  4.17083e+002
          3806  4.19636e+002  3.80600e+003  6.40175e+000  2.08254e+001  4.17167e+002
          3807  4.19727e+002  3.80700e+003  6.42992e+000  2.08213e+001  4.17250e+002
          3808  4.19802e+002  3.80800e+003  6.45970e+000  2.08172e+001  4.17333e+002
          3809  4.19894e+002  3.80900e+003  6.48783e+000  2.08131e+001  4.17417e+002
          3810  4.19973e+002  3.81000e+003  6.51663e+000  2.08091e+001  4.17500e+002
          3811  4.20060e+002  3.81100e+003  6.54567e+000  2.08050e+001  4.17583e+002
          3812  4.20149e+002  3.81200e+003  6.57469e+000  2.08010e+001  4.17667e+002
          3813  4.20229e+002  3.81300e+003  6.60157e+000  2.07969e+001  4.17750e+002
          3814  4.20315e+002  3.81400e+003  6.62840e+000  2.07928e+001  4.17833e+002
          3815  4.20400e+002  3.81500e+003  6.65581e+000  2.07887e+001  4.17917e+002
          3816  4.20487e+002  3.81600e+003  6.67905e+000  2.07845e+001  4.18000e+002
          3817  4.20564e+002  3.81700e+003  6.70482e+000  2.07804e+001  4.18083e+002
          3818  4.20657e+002  3.81800e+003  6.73110e+000  2.07763e+001  4.18167e+002
          3819  4.20744e+002  3.81900e+003  6.75739e+000  2.07722e+001  4.18250e+002
          3820  4.20832e+002  3.82000e+003  6.78426e+000  2.07680e+001  4.18333e+002
          3821  4.20910e+002  3.82100e+003  6.81113e+000  2.07639e+001  4.18417e+002
          3822  4.20988e+002  3.82200e+003  6.83752e+000  2.07597e+001  4.18500e+002
          3823  4.21077e+002  3.82300e+003  6.86341e+000  2.07556e+001  4.18583e+002
          3824  4.21162e+002  3.82400e+003  6.88943e+000  2.07514e+001  4.18667e+002
          3825  4.21244e+002  3.82500e+003  6.91589e+000  2.07473e+001  4.18750e+002
          3826  4.21331e+002  3.82600e+003  6.94264e+000  2.07432e+001  4.18833e+002
          3827  4.21418e+002  3.82700e+003  6.96920e+000  2.07391e+001  4.18917e+002
          3828  4.21510e+002  3.82800e+003  6.99637e+000  2.07350e+001  4.19000e+002
          3829  4.21591e+002  3.82900e+003  7.02408e+000  2.07308e+001  4.19083e+002
          3830  4.21681e+002  3.83000e+003  7.05105e+000  2.07267e+001  4.19167e+002
          3831  4.21756e+002  3.83100e+003  7.07736e+000  2.07226e+001  4.19250e+002
          3832  4.21844e+002  3.83200e+003  7.10379e+000  2.07184e+001  4.19333e+002
          3833  4.21922e+002  3.83300e+003  7.13092e+000  2.07142e+001  4.19417e+002
          3834  4.22013e+002  3.83400e+003  7.15907e+000  2.07100e+001  4.19500e+002
          3835  4.22097e+002  3.83500e+003  7.18822e+000  2.07058e+001  4.19583e+002
          3836  4.22179e+002  3.83600e+003  7.21795e+000  2.07017e+001  4.19667e+002
          3837  4.22266e+002  3.83700e+003  7.24638e+000  2.06976e+001  4.19750e+002
          3838  4.22356e+002  3.83800e+003  7.27488e+000  2.06934e+001  4.19833e+002
          3839  4.22434e+002  3.83900e+003  7.30364e+000  2.06893e+001  4.19917e+002
          3840  4.22520e+002  3.84000e+003  7.33394e+000  2.06851e+001  4.20000e+002
          3841  4.22602e+002  3.84100e+003  7.36314e+000  2.06809e+001  4.20083e+002
          3842  4.22684e+002  3.84200e+003  7.39316e+000  2.06768e+001  4.20167e+002
          3843  4.22777e+002  3.84300e+003  7.42360e+000  2.06726e+001  4.20250e+002
          3844  4.22867e+002  3.84400e+003  7.45676e+000  2.06684e+001  4.20333e+002
          3845  4.22938e+002  3.84500e+003  7.48715e+000  2.06642e+001  4.20417e+002
          3846  4.23031e+002  3.84600e+003  7.51779e+000  2.06600e+001  4.20500e+002
          3847  4.23114e+002  3.84700e+003  7.54902e+000  2.06558e+001  4.20583e+002
          3848  4.23203e+002  3.84800e+003  7.58077e+000  2.06517e+001  4.20667e+002
          3849  4.23290e+002  3.84900e+003  7.61230e+000  2.06476e+001  4.20750e+002
          3850  4.23372e+002  3.85000e+003  7.64429e+000  2.06434e+001  4.20833e+002
          3851  4.23459e+002  3.85100e+003  7.67594e+000  2.06392e+001  4.20917e+002
          3852  4.23544e+002  3.85200e+003  7.70918e+000  2.06350e+001  4.21000e+002
          3853  4.23631e+002  3.85300e+003  7.74189e+000  2.06308e+001  4.21083e+002
          3854  4.23705e+002  3.85400e+003  7.77542e+000  2.06266e+001  4.21167e+002
          3855  4.23793e+002  3.85500e+003  7.80917e+000  2.06225e+001  4.21250e+002
          3856  4.23878e+002  3.85600e+003  7.84312e+000  2.06182e+001  4.21333e+002
          3857  4.23967e+002  3.85700e+003  7.87550e+000  2.06140e+001  4.21417e+002
          3858  4.24041e+002  3.85800e+003  7.90836e+000  2.06098e+001  4.21500e+002
          3859  4.24131e+002  3.85900e+003  7.94157e+000  2.06056e+001  4.21583e+002
          3860  4.24219e+002  3.86000e+003  7.97602e+000  2.06014e+001  4.21667e+002
          3861  4.24297e+002  3.86100e+003  8.00995e+000  2.05972e+001  4.21750e+002
          3862  4.24381e+002  3.86200e+003  8.04375e+000  2.05929e+001  4.21833e+002
          3863  4.24469e+002  3.86300e+003  8.07712e+000  2.05887e+001  4.21917e+002
          3864  4.24555e+002  3.86400e+003  8.11051e+000  2.05846e+001  4.22000e+002
          3865  4.24632e+002  3.86500e+003  8.14441e+000  2.05803e+001  4.22083e+002
          3866  4.24732e+002  3.86600e+003  8.17880e+000  2.05761e+001  4.22167e+002
          3867  4.24806e+002  3.86700e+003  8.21279e+000  2.05719e+001  4.22250e+002
          3868  4.24904e+002  3.86800e+003  8.24818e+000  2.05676e+001  4.22333e+002
          3869  4.24986e+002  3.86900e+003  8.28240e+000  2.05634e+001  4.22417e+002
          3870  4.25074e+002  3.87000e+003  8.31592e+000  2.05591e+001  4.22500e+002
          3871  4.25160e+002  3.87100e+003  8.34927e+000  2.05549e+001  4.22583e+002
          3872  4.25236e+002  3.87200e+003  8.38304e+000  2.05506e+001  4.22667e+002
          3873  4.25328e+002  3.87300e+003  8.41668e+000  2.05464e+001  4.22750e+002
          3874  4.25412e+002  3.87400e+003  8.45047e+000  2.05421e+001  4.22833e+002
          3875  4.25505e+002  3.87500e+003  8.48405e+000  2.05379e+001  4.22917e+002
          3876  4.25584e+002  3.87600e+003  8.51919e+000  2.05336e+001  4.23000e+002
          3877  4.25662e+002  3.87700e+003  8.55307e+000  2.05294e+001  4.23083e+002
          3878  4.25746e+002  3.87800e+003  8.58758e+000  2.05251e+001  4.23167e+002
          3879  4.25835e+002  3.87900e+003  8.62221e+000  2.05209e+001  4.23250e+002
          3880  4.25924e+002  3.88000e+003  8.65488e+000  2.05166e+001  4.23333e+002
          3881  4.26006e+002  3.88100e+003  8.68811e+000  2.05123e+001  4.23417e+002
          3882  4.26098e+002  3.88200e+003  8.72321e+000  2.05080e+001  4.23500e+002
          3883  4.26174e+002  3.88300e+003  8.75973e+000  2.05037e+001  4.23583e+002
          3884  4.26262e+002  3.88400e+003  8.79404e+000  2.04993e+001  4.23667e+002
          3885  4.26349e+002  3.88500e+003  8.82890e+000  2.04950e+001  4.23750e+002
          3886  4.26430e+002  3.88600e+003  8.86453e+000  2.04907e+001  4.23833e+002
          3887  4.26521e+002  3.88700e+003  8.90175e+000  2.04864e+001  4.23917e+002
          3888  4.26603e+002  3.88800e+003  8.93927e+000  2.04822e+001  4.24000e+002
          3889  4.26675e+002  3.88900e+003  8.97607e+000  2.04779e+001  4.24083e+002
          3890  4.26772e+002  3.89000e+003  9.01259e+000  2.04737e+001  4.24167e+002
          3891  4.26852e+002  3.89100e+003  9.04916e+000  2.04694e+001  4.24250e+002
          3892  4.26949e+002  3.89200e+003  9.08830e+000  2.04651e+001  4.24333e+002
          3893  4.27029e+002  3.89300e+003  9.12503e+000  2.04609e+001  4.24417e+002
          3894  4.27116e+002  3.89400e+003  9.16119e+000  2.04566e+001  4.24500e+002
          3895  4.27194e+002  3.89500e+003  9.19737e+000  2.04523e+001  4.24583e+002
          3896  4.27284e+002  3.89600e+003  9.23574e+000  2.04480e+001  4.24667e+002
          3897  4.27364e+002  3.89700e+003  9.27369e+000  2.04436e+001  4.24750e+002
          3898  4.27451e+002  3.89800e+003  9.31148e+000  2.04393e+001  4.24833e+002
          3899  4.27538e+002  3.89900e+003  9.34874e+000  2.04350e+001  4.24917e+002
          3900  4.27634e+002  3.90000e+003  9.38298e+000  2.04307e+001  4.25000e+002
          3901  4.27710e+002  3.90100e+003  9.41995e+000  2.04263e+001  4.25083e+002
          3902  4.27798e+002  3.90200e+003  9.45676e+000  2.04220e+001  4.25167e+002
          3903  4.27882e+002  3.90300e+003  9.49470e+000  2.04177e+001  4.25250e+002
          3904  4.27970e+002  3.90400e+003  9.53386e+000  2.04133e+001  4.25333e+002
          3905  4.28054e+002  3.90500e+003  9.56966e+000  2.04089e+001  4.25417e+002
          3906  4.28144e+002  3.90600e+003  9.60501e+000  2.04045e+001  4.25500e+002
          3907  4.28228e+002  3.90700e+003  9.64149e+000  2.04002e+001  4.25583e+002
          3908  4.28315e+002  3.90800e+003  9.67687e+000  2.03958e+001  4.25667e+002
          3909  4.28389e+002  3.90900e+003  9.71277e+000  2.03914e+001  4.25750e+002
          3910  4.28480e+002  3.91000e+003  9.74843e+000  2.03871e+001  4.25833e+002
          3911  4.28560e+002  3.91100e+003  9.78366e+000  2.03827e+001  4.25917e+002
          3912  4.28647e+002  3.91200e+003  9.81964e+000  2.03783e+001  4.26000e+002
          3913  4.28723e+002  3.91300e+003  9.85702e+000  2.03740e+001  4.26083e+002
          3914  4.28811e+002  3.91400e+003  9.89580e+000  2.03696e+001  4.26167e+002
          3915  4.28906e+002  3.91500e+003  9.93451e+000  2.03653e+001  4.26250e+002
          3916  4.28980e+002  3.91600e+003  9.97357e+000  2.03610e+001  4.26333e+002
          3917  4.29072e+002  3.91700e+003  1.00121e+001  2.03567e+001  4.26417e+002
          3918  4.29152e+002  3.91800e+003  1.00509e+001  2.03523e+001  4.26500e+002
          3919  4.29232e+002  3.91900e+003  1.00909e+001  2.03479e+001  4.26583e+002
          3920  4.29325e+002  3.92000e+003  1.01339e+001  2.03436e+001  4.26667e+002
          3921  4.29406e+002  3.92100e+003  1.01737e+001  2.03392e+001  4.26750e+002
          3922  4.29497e+002  3.92200e+003  1.02128e+001  2.03348e+001  4.26833e+002
          3923  4.29575e+002  3.92300e+003  1.02525e+001  2.03304e+001  4.26917e+002
          3924  4.29669e+002  3.92400e+003  1.02947e+001  2.03260e+001  4.27000e+002
          3925  4.29745e+002  3.92500e+003  1.03359e+001  2.03216e+001  4.27083e+002
          3926  4.29836e+002  3.92600e+003  1.03766e+001  2.03172e+001  4.27167e+002
          3927  4.29930e+002  3.92700e+003  1.04162e+001  2.03128e+001  4.27250e+002
          3928  4.30008e+002  3.92800e+003  1.04593e+001  2.03084e+001  4.27333e+002
          3929  4.30095e+002  3.92900e+003  1.05013e+001  2.03040e+001  4.27417e+002
          3930  4.30168e+002  3.93000e+003  1.05431e+001  2.02995e+001  4.27500e+002
          3931  4.30258e+002  3.93100e+003  1.05851e+001  2.02951e+001  4.27583e+002
          3932  4.30332e+002  3.93200e+003  1.06253e+001  2.02907e+001  4.27667e+002
          3933  4.30429e+002  3.93300e+003  1.06659e+001  2.02863e+001  4.27750e+002
          3934  4.30515e+002  3.93400e+003  1.07074e+001  2.02819e+001  4.27833e+002
          3935  4.30593e+002  3.93500e+003  1.07480e+001  2.02775e+001  4.27917e+002
          3936  4.30688e+002  3.93600e+003  1.07910e+001  2.02730e+001  4.28000e+002
          3937  4.30779e+002  3.93700e+003  1.08325e+001  2.02686e+001  4.28083e+002
          3938  4.30853e+002  3.93800e+003  1.08738e+001  2.02642e+001  4.28167e+002
          3939  4.30948e+002  3.93900e+003  1.09154e+001  2.02597e+001  4.28250e+002
          3940  4.31032e+002  3.94000e+003  1.09562e+001  2.02552e+001  4.28333e+002
          3941  4.31115e+002  3.94100e+003  1.09968e+001  2.02507e+001  4.28417e+002
          3942  4.31199e+002  3.94200e+003  1.10371e+001  2.02462e+001  4.28500e+002
          3943  4.31281e+002  3.94300e+003  1.10776e+001  2.02417e+001  4.28583e+002
          3944  4.31363e+002  3.94400e+003  1.11186e+001  2.02373e+001  4.28667e+002
          3945  4.31457e+002  3.94500e+003  1.11595e+001  2.02329e+001  4.28750e+002
          3946  4.31540e+002  3.94600e+003  1.12009e+001  2.02284e+001  4.28833e+002
          3947  4.31611e+002  3.94700e+003  1.12411e+001  2.02240e+001  4.28917e+002
          3948  4.31703e+002  3.94800e+003  1.12807e+001  2.02196e+001  4.29000e+002
          3949  4.31799e+002  3.94900e+003  1.13211e+001  2.02151e+001  4.29083e+002
          3950  4.31883e+002  3.95000e+003  1.13608e+001  2.02107e+001  4.29167e+002
          3951  4.31960e+002  3.95100e+003  1.14011e+001  2.02062e+001  4.29250e+002
          3952  4.32043e+002  3.95200e+003  1.14422e+001  2.02017e+001  4.29333e+002
          3953  4.32132e+002  3.95300e+003  1.14834e+001  2.01972e+001  4.29417e+002
          3954  4.32210e+002  3.95400e+003  1.15256e+001  2.01928e+001  4.29500e+002
          3955  4.32299e+002  3.95500e+003  1.15688e+001  2.01882e+001  4.29583e+002
          3956  4.32389e+002  3.95600e+003  1.16104e+001  2.01838e+001  4.29667e+002
          3957  4.32471e+002  3.95700e+003  1.16539e+001  2.01793e+001  4.29750e+002
          3958  4.32558e+002  3.95800e+003  1.16982e+001  2.01748e+001  4.29833e+002
          3959  4.32644e+002  3.95900e+003  1.17426e+001  2.01702e+001  4.29917e+002
          3960  4.32733e+002  3.96000e+003  1.17927e+001  2.01658e+001  4.30000e+002
          3961  4.32816e+002  3.96100e+003  1.18401e+001  2.01613e+001  4.30083e+002
          3962  4.32905e+002  3.96200e+003  1.18865e+001  2.01568e+001  4.30167e+002
          3963  4.32996e+002  3.96300e+003  1.19328e+001  2.01523e+001  4.30250e+002
          3964  4.33077e+002  3.96400e+003  1.19829e+001  2.01478e+001  4.30333e+002
          3965  4.33161e+002  3.96500e+003  1.20303e+001  2.01432e+001  4.30417e+002
          3966  4.33250e+002  3.96600e+003  1.20776e+001  2.01387e+001  4.30500e+002
          3967  4.33334e+002  3.96700e+003  1.21253e+001  2.01341e+001  4.30583e+002
          3968  4.33420e+002  3.96800e+003  1.21731e+001  2.01296e+001  4.30667e+002
          3969  4.33505e+002  3.96900e+003  1.22200e+001  2.01250e+001  4.30750e+002
          3970  4.33591e+002  3.97000e+003  1.22665e+001  2.01204e+001  4.30833e+002
          3971  4.33688e+002  3.97100e+003  1.23134e+001  2.01159e+001  4.30917e+002
          3972  4.33770e+002  3.97200e+003  1.23590e+001  2.01113e+001  4.31000e+002
          3973  4.33850e+002  3.97300e+003  1.24057e+001  2.01068e+001  4.31083e+002
          3974  4.33935e+002  3.97400e+003  1.24524e+001  2.01022e+001  4.31167e+002
          3975  4.34022e+002  3.97500e+003  1.24994e+001  2.00977e+001  4.31250e+002
          3976  4.34104e+002  3.97600e+003  1.25462e+001  2.00931e+001  4.31333e+002
          3977  4.34192e+002  3.97700e+003  1.25932e+001  2.00885e+001  4.31417e+002
          3978  4.34284e+002  3.97800e+003  1.26407e+001  2.00839e+001  4.31500e+002
          3979  4.34372e+002  3.97900e+003  1.26888e+001  2.00793e+001  4.31583e+002
          3980  4.34454e+002  3.98000e+003  1.27394e+001  2.00747e+001  4.31667e+002
          3981  4.34544e+002  3.98100e+003  1.27889e+001  2.00701e+001  4.31750e+002
          3982  4.34629e+002  3.98200e+003  1.28387e+001  2.00655e+001  4.31833e+002
          3983  4.34722e+002  3.98300e+003  1.28889e+001  2.00609e+001  4.31917e+002
          3984  4.34802e+002  3.98400e+003  1.29420e+001  2.00564e+001  4.32000e+002
          3985  4.34890e+002  3.98500e+003  1.29924e+001  2.00518e+001  4.32083e+002
          3986  4.34974e+002  3.98600e+003  1.30414e+001  2.00473e+001  4.32167e+002
          3987  4.35057e+002  3.98700e+003  1.30899e+001  2.00427e+001  4.32250e+002
          3988  4.35145e+002  3.98800e+003  1.31445e+001  2.00381e+001  4.32333e+002
          3989  4.35238e+002  3.98900e+003  1.31960e+001  2.00335e+001  4.32417e+002
          3990  4.35320e+002  3.99000e+003  1.32466e+001  2.00289e+001  4.32500e+002
          3991  4.35405e+002  3.99100e+003  1.32975e+001  2.00243e+001  4.32583e+002
          3992  4.35488e+002  3.99200e+003  1.33472e+001  2.00196e+001  4.32667e+002
          3993  4.35582e+002  3.99300e+003  1.33964e+001  2.00150e+001  4.32750e+002
          3994  4.35667e+002  3.99400e+003  1.34450e+001  2.00103e+001  4.32833e+002
          3995  4.35752e+002  3.99500e+003  1.34946e+001  2.00057e+001  4.32917e+002
          3996  4.35849e+002  3.99600e+003  1.35435e+001  2.00010e+001  4.33000e+002
          3997  4.35915e+002  3.99700e+003  1.35933e+001  1.99963e+001  4.33083e+002
          3998  4.36013e+002  3.99800e+003  1.36428e+001  1.99917e+001  4.33167e+002
          3999  4.36090e+002  3.99900e+003  1.36934e+001  1.99871e+001  4.33250e+002
          4000  4.36168e+002  4.00000e+003  1.37447e+001  1.99824e+001  4.33333e+002
          4001  4.36266e+002  4.00100e+003  1.37971e+001  1.99778e+001  4.33417e+002
          4002  4.36355e+002  4.00200e+003  1.38489e+001  1.99731e+001  4.33500e+002
          4003  4.36447e+002  4.00300e+003  1.38992e+001  1.99685e+001  4.33583e+002
          4004  4.36530e+002  4.00400e+003  1.39516e+001  1.99637e+001  4.33667e+002
          4005  4.36613e+002  4.00500e+003  1.40020e+001  1.99591e+001  4.33750e+002
          4006  4.36696e+002  4.00600e+003  1.40525e+001  1.99544e+001  4.33833e+002
          4007  4.36785e+002  4.00700e+003  1.41029e+001  1.99497e+001  4.33917e+002
          4008  4.36866e+002  4.00800e+003  1.41562e+001  1.99450e+001  4.34000e+002
          4009  4.36959e+002  4.00900e+003  1.42074e+001  1.99403e+001  4.34083e+002
          4010  4.37050e+002  4.01000e+003  1.42587e+001  1.99357e+001  4.34167e+002
          4011  4.37134e+002  4.01100e+003  1.43095e+001  1.99310e+001  4.34250e+002
          4012  4.37222e+002  4.01200e+003  1.43565e+001  1.99262e+001  4.34333e+002
          4013  4.37300e+002  4.01300e+003  1.44076e+001  1.99216e+001  4.34417e+002
          4014  4.37384e+002  4.01400e+003  1.44590e+001  1.99168e+001  4.34500e+002
          4015  4.37470e+002  4.01500e+003  1.45106e+001  1.99121e+001  4.34583e+002
          4016  4.37559e+002  4.01600e+003  1.45624e+001  1.99074e+001  4.34667e+002
          4017  4.37647e+002  4.01700e+003  1.46131e+001  1.99027e+001  4.34750e+002
          4018  4.37727e+002  4.01800e+003  1.46635e+001  1.98980e+001  4.34833e+002
          4019  4.37824e+002  4.01900e+003  1.47135e+001  1.98932e+001  4.34917e+002
          4020  4.37910e+002  4.02000e+003  1.47641e+001  1.98886e+001  4.35000e+002
          4021  4.37993e+002  4.02100e+003  1.48149e+001  1.98839e+001  4.35083e+002
          4022  4.38077e+002  4.02200e+003  1.48659e+001  1.98791e+001  4.35167e+002
          4023  4.38158e+002  4.02300e+003  1.49172e+001  1.98744e+001  4.35250e+002
          4024  4.38248e+002  4.02400e+003  1.49669e+001  1.98697e+001  4.35333e+002
          4025  4.38336e+002  4.02500e+003  1.50188e+001  1.98649e+001  4.35417e+002
          4026  4.38424e+002  4.02600e+003  1.50713e+001  1.98602e+001  4.35500e+002
          4027  4.38505e+002  4.02700e+003  1.51223e+001  1.98554e+001  4.35583e+002
          4028  4.38597e+002  4.02800e+003  1.51735e+001  1.98506e+001  4.35667e+002
          4029  4.38682e+002  4.02900e+003  1.52252e+001  1.98458e+001  4.35750e+002
          4030  4.38765e+002  4.03000e+003  1.52770e+001  1.98411e+001  4.35833e+002
          4031  4.38852e+002  4.03100e+003  1.53280e+001  1.98363e+001  4.35917e+002
          4032  4.38938e+002  4.03200e+003  1.53821e+001  1.98314e+001  4.36000e+002
          4033  4.39027e+002  4.03300e+003  1.54356e+001  1.98266e+001  4.36083e+002
          4034  4.39121e+002  4.03400e+003  1.54888e+001  1.98218e+001  4.36167e+002
          4035  4.39203e+002  4.03500e+003  1.55414e+001  1.98170e+001  4.36250e+002
          4036  4.39281e+002  4.03600e+003  1.55930e+001  1.98122e+001  4.36333e+002
          4037  4.39374e+002  4.03700e+003  1.56464e+001  1.98074e+001  4.36417e+002
          4038  4.39465e+002  4.03800e+003  1.57002e+001  1.98026e+001  4.36500e+002
          4039  4.39544e+002  4.03900e+003  1.57549e+001  1.97978e+001  4.36583e+002
          4040  4.39632e+002  4.04000e+003  1.58126e+001  1.97930e+001  4.36667e+002
          4041  4.39721e+002  4.04100e+003  1.58674e+001  1.97882e+001  4.36750e+002
          4042  4.39804e+002  4.04200e+003  1.59215e+001  1.97834e+001  4.36833e+002
          4043  4.39886e+002  4.04300e+003  1.59766e+001  1.97785e+001  4.36917e+002
          4044  4.39973e+002  4.04400e+003  1.60335e+001  1.97737e+001  4.37000e+002
          4045  4.40054e+002  4.04500e+003  1.60900e+001  1.97688e+001  4.37083e+002
          4046  4.40146e+002  4.04600e+003  1.61462e+001  1.97640e+001  4.37167e+002
          4047  4.40226e+002  4.04700e+003  1.62017e+001  1.97592e+001  4.37250e+002
          4048  4.40321e+002  4.04800e+003  1.62595e+001  1.97543e+001  4.37333e+002
          4049  4.40403e+002  4.04900e+003  1.63159e+001  1.97494e+001  4.37417e+002
          4050  4.40495e+002  4.05000e+003  1.63719e+001  1.97446e+001  4.37500e+002
          4051  4.40577e+002  4.05100e+003  1.64273e+001  1.97397e+001  4.37583e+002
          4052  4.40664e+002  4.05200e+003  1.64860e+001  1.97348e+001  4.37667e+002
          4053  4.40751e+002  4.05300e+003  1.65436e+001  1.97300e+001  4.37750e+002
          4054  4.40842e+002  4.05400e+003  1.66000e+001  1.97251e+001  4.37833e+002
          4055  4.40920e+002  4.05500e+003  1.66558e+001  1.97203e+001  4.37917e+002
          4056  4.41015e+002  4.05600e+003  1.67132e+001  1.97155e+001  4.38000e+002
          4057  4.41104e+002  4.05700e+003  1.67705e+001  1.97106e+001  4.38083e+002
          4058  4.41186e+002  4.05800e+003  1.68266e+001  1.97057e+001  4.38167e+002
          4059  4.41270e+002  4.05900e+003  1.68829e+001  1.97008e+001  4.38250e+002
          4060  4.41362e+002  4.06000e+003  1.69411e+001  1.96958e+001  4.38333e+002
          4061  4.41446e+002  4.06100e+003  1.69984e+001  1.96909e+001  4.38417e+002
          4062  4.41531e+002  4.06200e+003  1.70557e+001  1.96859e+001  4.38500e+002
          4063  4.41628e+002  4.06300e+003  1.71129e+001  1.96810e+001  4.38583e+002
          4064  4.41713e+002  4.06400e+003  1.71693e+001  1.96761e+001  4.38667e+002
          4065  4.41807e+002  4.06500e+003  1.72258e+001  1.96712e+001  4.38750e+002
          4066  4.41885e+002  4.06600e+003  1.72826e+001  1.96663e+001  4.38833e+002
          4067  4.41968e+002  4.06700e+003  1.73401e+001  1.96614e+001  4.38917e+002
          4068  4.42054e+002  4.06800e+003  1.73966e+001  1.96566e+001  4.39000e+002
          4069  4.42137e+002  4.06900e+003  1.74532e+001  1.96518e+001  4.39083e+002
          4070  4.42227e+002  4.07000e+003  1.75097e+001  1.96469e+001  4.39167e+002
          4071  4.42312e+002  4.07100e+003  1.75657e+001  1.96419e+001  4.39250e+002
          4072  4.42391e+002  4.07200e+003  1.76217e+001  1.96369e+001  4.39333e+002
          4073  4.42477e+002  4.07300e+003  1.76779e+001  1.96320e+001  4.39417e+002
          4074  4.42570e+002  4.07400e+003  1.77347e+001  1.96270e+001  4.39500e+002
          4075  4.42657e+002  4.07500e+003  1.77922e+001  1.96220e+001  4.39583e+002
          4076  4.42743e+002  4.07600e+003  1.78484e+001  1.96170e+001  4.39667e+002
          4077  4.42830e+002  4.07700e+003  1.79048e+001  1.96120e+001  4.39750e+002
          4078  4.42911e+002  4.07800e+003  1.79613e+001  1.96070e+001  4.39833e+002
          4079  4.43003e+002  4.07900e+003  1.80174e+001  1.96020e+001  4.39917e+002
          4080  4.43088e+002  4.08000e+003  1.80753e+001  1.95970e+001  4.40000e+002
          4081  4.43170e+002  4.08100e+003  1.81340e+001  1.95920e+001  4.40083e+002
          4082  4.43255e+002  4.08200e+003  1.81930e+001  1.95870e+001  4.40167e+002
          4083  4.43341e+002  4.08300e+003  1.82512e+001  1.95820e+001  4.40250e+002
          4084  4.43432e+002  4.08400e+003  1.83136e+001  1.95770e+001  4.40333e+002
          4085  4.43515e+002  4.08500e+003  1.83746e+001  1.95720e+001  4.40417e+002
          4086  4.43607e+002  4.08600e+003  1.84357e+001  1.95670e+001  4.40500e+002
          4087  4.43689e+002  4.08700e+003  1.84966e+001  1.95620e+001  4.40583e+002
          4088  4.43784e+002  4.08800e+003  1.85608e+001  1.95570e+001  4.40667e+002
          4089  4.43868e+002  4.08900e+003  1.86235e+001  1.95520e+001  4.40750e+002
          4090  4.43949e+002  4.09000e+003  1.86865e+001  1.95470e+001  4.40833e+002
          4091  4.44041e+002  4.09100e+003  1.87499e+001  1.95420e+001  4.40917e+002
          4092  4.44126e+002  4.09200e+003  1.88154e+001  1.95370e+001  4.41000e+002
          4093  4.44211e+002  4.09300e+003  1.88782e+001  1.95320e+001  4.41083e+002
          4094  4.44296e+002  4.09400e+003  1.89395e+001  1.95269e+001  4.41167e+002
          4095  4.44379e+002  4.09500e+003  1.90009e+001  1.95218e+001  4.41250e+002
          4096  4.44474e+002  4.09600e+003  1.90652e+001  1.95166e+001  4.41333e+002
          4097  4.44560e+002  4.09700e+003  1.91292e+001  1.95115e+001  4.41417e+002
          4098  4.44651e+002  4.09800e+003  1.91923e+001  1.95064e+001  4.41500e+002
          4099  4.44739e+002  4.09900e+003  1.92545e+001  1.95013e+001  4.41583e+002
          4100  4.44821e+002  4.10000e+003  1.93179e+001  1.94962e+001  4.41667e+002
          4101  4.44909e+002  4.10100e+003  1.93814e+001  1.94911e+001  4.41750e+002
          4102  4.44989e+002  4.10200e+003  1.94452e+001  1.94861e+001  4.41833e+002
          4103  4.45083e+002  4.10300e+003  1.95092e+001  1.94810e+001  4.41917e+002
          4104  4.45172e+002  4.10400e+003  1.95722e+001  1.94760e+001  4.42000e+002
          4105  4.45252e+002  4.10500e+003  1.96349e+001  1.94709e+001  4.42083e+002
          4106  4.45346e+002  4.10600e+003  1.96971e+001  1.94658e+001  4.42167e+002
          4107  4.45431e+002  4.10700e+003  1.97593e+001  1.94607e+001  4.42250e+002
          4108  4.45518e+002  4.10800e+003  1.98220e+001  1.94555e+001  4.42333e+002
          4109  4.45602e+002  4.10900e+003  1.98840e+001  1.94504e+001  4.42417e+002
          4110  4.45691e+002  4.11000e+003  1.99462e+001  1.94453e+001  4.42500e+002
          4111  4.45776e+002  4.11100e+003  2.00091e+001  1.94402e+001  4.42583e+002
          4112  4.45865e+002  4.11200e+003  2.00709e+001  1.94350e+001  4.42667e+002
          4113  4.45953e+002  4.11300e+003  2.01322e+001  1.94299e+001  4.42750e+002
          4114  4.46037e+002  4.11400e+003  2.01942e+001  1.94247e+001  4.42833e+002
          4115  4.46127e+002  4.11500e+003  2.02575e+001  1.94196e+001  4.42917e+002
          4116  4.46219e+002  4.11600e+003  2.03193e+001  1.94144e+001  4.43000e+002
          4117  4.46294e+002  4.11700e+003  2.03806e+001  1.94092e+001  4.43083e+002
          4118  4.46387e+002  4.11800e+003  2.04407e+001  1.94040e+001  4.43167e+002
          4119  4.46473e+002  4.11900e+003  2.05016e+001  1.93988e+001  4.43250e+002
          4120  4.46559e+002  4.12000e+003  2.05640e+001  1.93937e+001  4.43333e+002
          4121  4.46652e+002  4.12100e+003  2.06260e+001  1.93886e+001  4.43417e+002
          4122  4.46732e+002  4.12200e+003  2.06871e+001  1.93834e+001  4.43500e+002
          4123  4.46827e+002  4.12300e+003  2.07474e+001  1.93782e+001  4.43583e+002
          4124  4.46912e+002  4.12400e+003  2.08095e+001  1.93730e+001  4.43667e+002
          4125  4.47001e+002  4.12500e+003  2.08729e+001  1.93678e+001  4.43750e+002
          4126  4.47080e+002  4.12600e+003  2.09363e+001  1.93626e+001  4.43833e+002
          4127  4.47163e+002  4.12700e+003  2.09993e+001  1.93575e+001  4.43917e+002
          4128  4.47254e+002  4.12800e+003  2.10619e+001  1.93522e+001  4.44000e+002
          4129  4.47342e+002  4.12900e+003  2.11242e+001  1.93470e+001  4.44083e+002
          4130  4.47430e+002  4.13000e+003  2.11867e+001  1.93418e+001  4.44167e+002
          4131  4.47511e+002  4.13100e+003  2.12497e+001  1.93366e+001  4.44250e+002
          4132  4.47598e+002  4.13200e+003  2.13146e+001  1.93313e+001  4.44333e+002
          4133  4.47683e+002  4.13300e+003  2.13781e+001  1.93261e+001  4.44417e+002
          4134  4.47771e+002  4.13400e+003  2.14407e+001  1.93208e+001  4.44500e+002
          4135  4.47856e+002  4.13500e+003  2.15031e+001  1.93156e+001  4.44583e+002
          4136  4.47948e+002  4.13600e+003  2.15655e+001  1.93103e+001  4.44667e+002
          4137  4.48034e+002  4.13700e+003  2.16295e+001  1.93051e+001  4.44750e+002
          4138  4.48121e+002  4.13800e+003  2.16950e+001  1.92998e+001  4.44833e+002
          4139  4.48210e+002  4.13900e+003  2.17606e+001  1.92946e+001  4.44917e+002
          4140  4.48293e+002  4.14000e+003  2.18273e+001  1.92893e+001  4.45000e+002
          4141  4.48379e+002  4.14100e+003  2.18918e+001  1.92841e+001  4.45083e+002
          4142  4.48459e+002  4.14200e+003  2.19559e+001  1.92788e+001  4.45167e+002
          4143  4.48550e+002  4.14300e+003  2.20199e+001  1.92735e+001  4.45250e+002
          4144  4.48639e+002  4.14400e+003  2.20858e+001  1.92682e+001  4.45333e+002
          4145  4.48726e+002  4.14500e+003  2.21522e+001  1.92629e+001  4.45417e+002
          4146  4.48808e+002  4.14600e+003  2.22196e+001  1.92577e+001  4.45500e+002
          4147  4.48904e+002  4.14700e+003  2.22874e+001  1.92524e+001  4.45583e+002
          4148  4.48993e+002  4.14800e+003  2.23566e+001  1.92471e+001  4.45667e+002
          4149  4.49074e+002  4.14900e+003  2.24262e+001  1.92418e+001  4.45750e+002
          4150  4.49159e+002  4.15000e+003  2.24956e+001  1.92365e+001  4.45833e+002
          4151  4.49238e+002  4.15100e+003  2.25643e+001  1.92312e+001  4.45917e+002
          4152  4.49328e+002  4.15200e+003  2.26338e+001  1.92257e+001  4.46000e+002
          4153  4.49431e+002  4.15300e+003  2.27026e+001  1.92204e+001  4.46083e+002
          4154  4.49507e+002  4.15400e+003  2.27713e+001  1.92151e+001  4.46167e+002
          4155  4.49601e+002  4.15500e+003  2.28396e+001  1.92097e+001  4.46250e+002
          4156  4.49690e+002  4.15600e+003  2.29105e+001  1.92043e+001  4.46333e+002
          4157  4.49772e+002  4.15700e+003  2.29793e+001  1.91990e+001  4.46417e+002
          4158  4.49855e+002  4.15800e+003  2.30473e+001  1.91936e+001  4.46500e+002
          4159  4.49944e+002  4.15900e+003  2.31155e+001  1.91883e+001  4.46583e+002
          4160  4.50028e+002  4.16000e+003  2.31806e+001  1.91829e+001  4.46667e+002
          4161  4.50121e+002  4.16100e+003  2.32492e+001  1.91776e+001  4.46750e+002
          4162  4.50203e+002  4.16200e+003  2.33179e+001  1.91722e+001  4.46833e+002
          4163  4.50292e+002  4.16300e+003  2.33864e+001  1.91668e+001  4.46917e+002
          4164  4.50382e+002  4.16400e+003  2.34536e+001  1.91614e+001  4.47000e+002
          4165  4.50464e+002  4.16500e+003  2.35234e+001  1.91560e+001  4.47083e+002
          4166  4.50549e+002  4.16600e+003  2.35942e+001  1.91506e+001  4.47167e+002
          4167  4.50642e+002  4.16700e+003  2.36647e+001  1.91452e+001  4.47250e+002
          4168  4.50728e+002  4.16800e+003  2.37372e+001  1.91398e+001  4.47333e+002
          4169  4.50812e+002  4.16900e+003  2.38083e+001  1.91344e+001  4.47417e+002
          4170  4.50899e+002  4.17000e+003  2.38796e+001  1.91290e+001  4.47500e+002
          4171  4.50985e+002  4.17100e+003  2.39516e+001  1.91236e+001  4.47583e+002
          4172  4.51077e+002  4.17200e+003  2.40243e+001  1.91181e+001  4.47667e+002
          4173  4.51161e+002  4.17300e+003  2.40953e+001  1.91127e+001  4.47750e+002
          4174  4.51248e+002  4.17400e+003  2.41651e+001  1.91073e+001  4.47833e+002
          4175  4.51345e+002  4.17500e+003  2.42358e+001  1.91018e+001  4.47917e+002
          4176  4.51430e+002  4.17600e+003  2.43075e+001  1.90964e+001  4.48000e+002
          4177  4.51518e+002  4.17700e+003  2.43793e+001  1.90910e+001  4.48083e+002
          4178  4.51608e+002  4.17800e+003  2.44504e+001  1.90856e+001  4.48167e+002
          4179  4.51692e+002  4.17900e+003  2.45211e+001  1.90801e+001  4.48250e+002
          4180  4.51779e+002  4.18000e+003  2.45905e+001  1.90747e+001  4.48333e+002
          4181  4.51860e+002  4.18100e+003  2.46602e+001  1.90692e+001  4.48417e+002
          4182  4.51953e+002  4.18200e+003  2.47291e+001  1.90637e+001  4.48500e+002
          4183  4.52035e+002  4.18300e+003  2.47968e+001  1.90582e+001  4.48583e+002
          4184  4.52115e+002  4.18400e+003  2.48663e+001  1.90527e+001  4.48667e+002
          4185  4.52210e+002  4.18500e+003  2.49364e+001  1.90472e+001  4.48750e+002
          4186  4.52293e+002  4.18600e+003  2.50064e+001  1.90418e+001  4.48833e+002
          4187  4.52379e+002  4.18700e+003  2.50762e+001  1.90362e+001  4.48917e+002
          4188  4.52477e+002  4.18800e+003  2.51422e+001  1.90308e+001  4.49000e+002
          4189  4.52557e+002  4.18900e+003  2.52105e+001  1.90252e+001  4.49083e+002
          4190  4.52645e+002  4.19000e+003  2.52791e+001  1.90197e+001  4.49167e+002
          4191  4.52731e+002  4.19100e+003  2.53474e+001  1.90141e+001  4.49250e+002
          4192  4.52815e+002  4.19200e+003  2.54163e+001  1.90086e+001  4.49333e+002
          4193  4.52905e+002  4.19300e+003  2.54865e+001  1.90030e+001  4.49417e+002
          4194  4.53003e+002  4.19400e+003  2.55558e+001  1.89974e+001  4.49500e+002
          4195  4.53080e+002  4.19500e+003  2.56244e+001  1.89919e+001  4.49583e+002
          4196  4.53165e+002  4.19600e+003  2.56924e+001  1.89863e+001  4.49667e+002
          4197  4.53252e+002  4.19700e+003  2.57616e+001  1.89807e+001  4.49750e+002
          4198  4.53336e+002  4.19800e+003  2.58311e+001  1.89751e+001  4.49833e+002
          4199  4.53425e+002  4.19900e+003  2.59004e+001  1.89695e+001  4.49917e+002
          4200  4.53509e+002  4.20000e+003  2.59705e+001  1.89640e+001  4.50000e+002
          4201  4.53604e+002  4.20100e+003  2.60393e+001  1.89584e+001  4.50083e+002
          4202  4.53689e+002  4.20200e+003  2.61074e+001  1.89528e+001  4.50167e+002
          4203  4.53773e+002  4.20300e+003  2.61754e+001  1.89472e+001  4.50250e+002
          4204  4.53854e+002  4.20400e+003  2.62434e+001  1.89416e+001  4.50333e+002
          4205  4.53943e+002  4.20500e+003  2.63119e+001  1.89360e+001  4.50417e+002
          4206  4.54028e+002  4.20600e+003  2.63804e+001  1.89304e+001  4.50500e+002
          4207  4.54117e+002  4.20700e+003  2.64492e+001  1.89248e+001  4.50583e+002
          4208  4.54205e+002  4.20800e+003  2.65188e+001  1.89192e+001  4.50667e+002
          4209  4.54287e+002  4.20900e+003  2.65893e+001  1.89136e+001  4.50750e+002
          4210  4.54367e+002  4.21000e+003  2.66596e+001  1.89079e+001  4.50833e+002
          4211  4.54466e+002  4.21100e+003  2.67299e+001  1.89023e+001  4.50917e+002
          4212  4.54554e+002  4.21200e+003  2.68012e+001  1.88967e+001  4.51000e+002
          4213  4.54628e+002  4.21300e+003  2.68716e+001  1.88910e+001  4.51083e+002
          4214  4.54725e+002  4.21400e+003  2.69433e+001  1.88854e+001  4.51167e+002
          4215  4.54812e+002  4.21500e+003  2.70163e+001  1.88797e+001  4.51250e+002
          4216  4.54897e+002  4.21600e+003  2.70919e+001  1.88740e+001  4.51333e+002
          4217  4.54986e+002  4.21700e+003  2.71664e+001  1.88683e+001  4.51417e+002
          4218  4.55078e+002  4.21800e+003  2.72410e+001  1.88627e+001  4.51500e+002
          4219  4.55159e+002  4.21900e+003  2.73157e+001  1.88570e+001  4.51583e+002
          4220  4.55252e+002  4.22000e+003  2.73968e+001  1.88513e+001  4.51667e+002
          4221  4.55332e+002  4.22100e+003  2.74793e+001  1.88457e+001  4.51750e+002
          4222  4.55422e+002  4.22200e+003  2.75633e+001  1.88400e+001  4.51833e+002
          4223  4.55513e+002  4.22300e+003  2.76470e+001  1.88343e+001  4.51917e+002
          4224  4.55597e+002  4.22400e+003  2.77363e+001  1.88287e+001  4.52000e+002
          4225  4.55681e+002  4.22500e+003  2.78201e+001  1.88230e+001  4.52083e+002
          4226  4.55774e+002  4.22600e+003  2.79022e+001  1.88173e+001  4.52167e+002
          4227  4.55854e+002  4.22700e+003  2.79837e+001  1.88116e+001  4.52250e+002
          4228  4.55945e+002  4.22800e+003  2.80698e+001  1.88058e+001  4.52333e+002
          4229  4.56035e+002  4.22900e+003  2.81489e+001  1.88001e+001  4.52417e+002
          4230  4.56125e+002  4.23000e+003  2.82253e+001  1.87943e+001  4.52500e+002
          4231  4.56206e+002  4.23100e+003  2.83007e+001  1.87886e+001  4.52583e+002
          4232  4.56304e+002  4.23200e+003  2.83714e+001  1.87829e+001  4.52667e+002
          4233  4.56381e+002  4.23300e+003  2.84433e+001  1.87771e+001  4.52750e+002
          4234  4.56470e+002  4.23400e+003  2.85140e+001  1.87713e+001  4.52833e+002
          4235  4.56560e+002  4.23500e+003  2.85836e+001  1.87656e+001  4.52917e+002
          4236  4.56642e+002  4.23600e+003  2.86387e+001  1.87599e+001  4.53000e+002
          4237  4.56728e+002  4.23700e+003  2.87016e+001  1.87541e+001  4.53083e+002
          4238  4.56822e+002  4.23800e+003  2.87668e+001  1.87484e+001  4.53167e+002
          4239  4.56900e+002  4.23900e+003  2.88326e+001  1.87426e+001  4.53250e+002
          4240  4.56987e+002  4.24000e+003  2.88939e+001  1.87369e+001  4.53333e+002
          4241  4.57078e+002  4.24100e+003  2.89585e+001  1.87311e+001  4.53417e+002
          4242  4.57164e+002  4.24200e+003  2.90232e+001  1.87253e+001  4.53500e+002
          4243  4.57252e+002  4.24300e+003  2.90872e+001  1.87196e+001  4.53583e+002
          4244  4.57338e+002  4.24400e+003  2.91477e+001  1.87139e+001  4.53667e+002
          4245  4.57427e+002  4.24500e+003  2.92101e+001  1.87081e+001  4.53750e+002
          4246  4.57514e+002  4.24600e+003  2.92734e+001  1.87023e+001  4.53833e+002
          4247  4.57601e+002  4.24700e+003  2.93380e+001  1.86965e+001  4.53917e+002
          4248  4.57687e+002  4.24800e+003  2.94058e+001  1.86907e+001  4.54000e+002
          4249  4.57772e+002  4.24900e+003  2.94717e+001  1.86849e+001  4.54083e+002
          4250  4.57864e+002  4.25000e+003  2.95371e+001  1.86791e+001  4.54167e+002
          4251  4.57946e+002  4.25100e+003  2.96031e+001  1.86733e+001  4.54250e+002
          4252  4.58034e+002  4.25200e+003  2.96671e+001  1.86675e+001  4.54333e+002
          4253  4.58111e+002  4.25300e+003  2.97324e+001  1.86617e+001  4.54417e+002
          4254  4.58195e+002  4.25400e+003  2.97984e+001  1.86559e+001  4.54500e+002
          4255  4.58290e+002  4.25500e+003  2.98645e+001  1.86501e+001  4.54583e+002
          4256  4.58373e+002  4.25600e+003  2.99354e+001  1.86443e+001  4.54667e+002
          4257  4.58466e+002  4.25700e+003  3.00053e+001  1.86385e+001  4.54750e+002
          4258  4.58553e+002  4.25800e+003  3.00752e+001  1.86327e+001  4.54833e+002
          4259  4.58637e+002  4.25900e+003  3.01453e+001  1.86269e+001  4.54917e+002
          4260  4.58730e+002  4.26000e+003  3.02175e+001  1.86211e+001  4.55000e+002
          4261  4.58813e+002  4.26100e+003  3.02883e+001  1.86152e+001  4.55083e+002
          4262  4.58902e+002  4.26200e+003  3.03590e+001  1.86094e+001  4.55167e+002
          4263  4.58980e+002  4.26300e+003  3.04288e+001  1.86035e+001  4.55250e+002
          4264  4.59073e+002  4.26400e+003  3.05016e+001  1.85977e+001  4.55333e+002
          4265  4.59156e+002  4.26500e+003  3.05728e+001  1.85918e+001  4.55417e+002
          4266  4.59246e+002  4.26600e+003  3.06443e+001  1.85859e+001  4.55500e+002
          4267  4.59335e+002  4.26700e+003  3.07153e+001  1.85799e+001  4.55583e+002
          4268  4.59419e+002  4.26800e+003  3.07883e+001  1.85740e+001  4.55667e+002
          4269  4.59510e+002  4.26900e+003  3.08601e+001  1.85681e+001  4.55750e+002
          4270  4.59597e+002  4.27000e+003  3.09310e+001  1.85622e+001  4.55833e+002
          4271  4.59681e+002  4.27100e+003  3.10024e+001  1.85563e+001  4.55917e+002
          4272  4.59765e+002  4.27200e+003  3.10724e+001  1.85505e+001  4.56000e+002
          4273  4.59855e+002  4.27300e+003  3.11435e+001  1.85446e+001  4.56083e+002
          4274  4.59936e+002  4.27400e+003  3.12152e+001  1.85387e+001  4.56167e+002
          4275  4.60031e+002  4.27500e+003  3.12873e+001  1.85328e+001  4.56250e+002
          4276  4.60119e+002  4.27600e+003  3.13622e+001  1.85269e+001  4.56333e+002
          4277  4.60204e+002  4.27700e+003  3.14362e+001  1.85209e+001  4.56417e+002
          4278  4.60285e+002  4.27800e+003  3.15106e+001  1.85149e+001  4.56500e+002
          4279  4.60379e+002  4.27900e+003  3.15850e+001  1.85090e+001  4.56583e+002
          4280  4.60467e+002  4.28000e+003  3.16593e+001  1.85030e+001  4.56667e+002
          4281  4.60548e+002  4.28100e+003  3.17326e+001  1.84970e+001  4.56750e+002
          4282  4.60630e+002  4.28200e+003  3.18058e+001  1.84910e+001  4.56833e+002
          4283  4.60721e+002  4.28300e+003  3.18800e+001  1.84850e+001  4.56917e+002
          4284  4.60813e+002  4.28400e+003  3.19573e+001  1.84790e+001  4.57000e+002
          4285  4.60895e+002  4.28500e+003  3.20327e+001  1.84730e+001  4.57083e+002
          4286  4.60989e+002  4.28600e+003  3.21071e+001  1.84670e+001  4.57167e+002
          4287  4.61072e+002  4.28700e+003  3.21820e+001  1.84610e+001  4.57250e+002
          4288  4.61155e+002  4.28800e+003  3.22582e+001  1.84550e+001  4.57333e+002
          4289  4.61237e+002  4.28900e+003  3.23348e+001  1.84490e+001  4.57417e+002
          4290  4.61325e+002  4.29000e+003  3.24120e+001  1.84430e+001  4.57500e+002
          4291  4.61422e+002  4.29100e+003  3.24891e+001  1.84370e+001  4.57583e+002
          4292  4.61503e+002  4.29200e+003  3.25688e+001  1.84309e+001  4.57667e+002
          4293  4.61593e+002  4.29300e+003  3.26469e+001  1.84249e+001  4.57750e+002
          4294  4.61675e+002  4.29400e+003  3.27237e+001  1.84189e+001  4.57833e+002
          4295  4.61769e+002  4.29500e+003  3.28000e+001  1.84129e+001  4.57917e+002
          4296  4.61850e+002  4.29600e+003  3.28825e+001  1.84069e+001  4.58000e+002
          4297  4.61938e+002  4.29700e+003  3.29637e+001  1.84009e+001  4.58083e+002
          4298  4.62030e+002  4.29800e+003  3.30427e+001  1.83949e+001  4.58167e+002
          4299  4.62110e+002  4.29900e+003  3.31215e+001  1.83889e+001  4.58250e+002
          4300  4.62204e+002  4.30000e+003  3.31988e+001  1.83829e+001  4.58333e+002
          4301  4.62297e+002  4.30100e+003  3.32753e+001  1.83768e+001  4.58417e+002
          4302  4.62384e+002  4.30200e+003  3.33530e+001  1.83707e+001  4.58500e+002
          4303  4.62470e+002  4.30300e+003  3.34313e+001  1.83647e+001  4.58583e+002
          4304  4.62550e+002  4.30400e+003  3.35110e+001  1.83585e+001  4.58667e+002
          4305  4.62655e+002  4.30500e+003  3.35898e+001  1.83524e+001  4.58750e+002
          4306  4.62728e+002  4.30600e+003  3.36677e+001  1.83463e+001  4.58833e+002
          4307  4.62813e+002  4.30700e+003  3.37454e+001  1.83402e+001  4.58917e+002
          4308  4.62903e+002  4.30800e+003  3.38213e+001  1.83340e+001  4.59000e+002
          4309  4.62984e+002  4.30900e+003  3.38987e+001  1.83279e+001  4.59083e+002
          4310  4.63069e+002  4.31000e+003  3.39768e+001  1.83217e+001  4.59167e+002
          4311  4.63159e+002  4.31100e+003  3.40552e+001  1.83156e+001  4.59250e+002
          4312  4.63252e+002  4.31200e+003  3.41371e+001  1.83094e+001  4.59333e+002
          4313  4.63344e+002  4.31300e+003  3.42168e+001  1.83033e+001  4.59417e+002
          4314  4.63427e+002  4.31400e+003  3.42956e+001  1.82971e+001  4.59500e+002
          4315  4.63516e+002  4.31500e+003  3.43739e+001  1.82910e+001  4.59583e+002
          4316  4.63606e+002  4.31600e+003  3.44519e+001  1.82848e+001  4.59667e+002
          4317  4.63693e+002  4.31700e+003  3.45303e+001  1.82787e+001  4.59750e+002
          4318  4.63772e+002  4.31800e+003  3.46094e+001  1.82725e+001  4.59833e+002
          4319  4.63860e+002  4.31900e+003  3.46888e+001  1.82663e+001  4.59917e+002
          4320  4.63953e+002  4.32000e+003  3.47684e+001  1.82601e+001  4.60000e+002
          4321  4.64045e+002  4.32100e+003  3.48470e+001  1.82539e+001  4.60083e+002
          4322  4.64129e+002  4.32200e+003  3.49257e+001  1.82477e+001  4.60167e+002
          4323  4.64213e+002  4.32300e+003  3.50056e+001  1.82415e+001  4.60250e+002
          4324  4.64303e+002  4.32400e+003  3.50829e+001  1.82352e+001  4.60333e+002
          4325  4.64397e+002  4.32500e+003  3.51606e+001  1.82290e+001  4.60417e+002
          4326  4.64477e+002  4.32600e+003  3.52386e+001  1.82228e+001  4.60500e+002
          4327  4.64568e+002  4.32700e+003  3.53161e+001  1.82166e+001  4.60583e+002
          4328  4.64648e+002  4.32800e+003  3.53943e+001  1.82103e+001  4.60667e+002
          4329  4.64745e+002  4.32900e+003  3.54718e+001  1.82041e+001  4.60750e+002
          4330  4.64819e+002  4.33000e+003  3.55491e+001  1.81978e+001  4.60833e+002
          4331  4.64918e+002  4.33100e+003  3.56274e+001  1.81915e+001  4.60917e+002
          4332  4.64999e+002  4.33200e+003  3.57029e+001  1.81852e+001  4.61000e+002
          4333  4.65086e+002  4.33300e+003  3.57793e+001  1.81789e+001  4.61083e+002
          4334  4.65175e+002  4.33400e+003  3.58562e+001  1.81727e+001  4.61167e+002
          4335  4.65260e+002  4.33500e+003  3.59324e+001  1.81664e+001  4.61250e+002
          4336  4.65353e+002  4.33600e+003  3.60076e+001  1.81601e+001  4.61333e+002
          4337  4.65432e+002  4.33700e+003  3.60846e+001  1.81539e+001  4.61417e+002
          4338  4.65523e+002  4.33800e+003  3.61623e+001  1.81476e+001  4.61500e+002
          4339  4.65616e+002  4.33900e+003  3.62405e+001  1.81413e+001  4.61583e+002
          4340  4.65702e+002  4.34000e+003  3.63204e+001  1.81350e+001  4.61667e+002
          4341  4.65781e+002  4.34100e+003  3.64004e+001  1.81286e+001  4.61750e+002
          4342  4.65884e+002  4.34200e+003  3.64803e+001  1.81223e+001  4.61833e+002
          4343  4.65963e+002  4.34300e+003  3.65598e+001  1.81160e+001  4.61917e+002
          4344  4.66050e+002  4.34400e+003  3.66399e+001  1.81096e+001  4.62000e+002
          4345  4.66139e+002  4.34500e+003  3.67189e+001  1.81033e+001  4.62083e+002
          4346  4.66228e+002  4.34600e+003  3.67978e+001  1.80969e+001  4.62167e+002
          4347  4.66320e+002  4.34700e+003  3.68764e+001  1.80906e+001  4.62250e+002
          4348  4.66408e+002  4.34800e+003  3.69574e+001  1.80842e+001  4.62333e+002
          4349  4.66486e+002  4.34900e+003  3.70361e+001  1.80778e+001  4.62417e+002
          4350  4.66581e+002  4.35000e+003  3.71140e+001  1.80714e+001  4.62500e+002
          4351  4.66670e+002  4.35100e+003  3.71920e+001  1.80651e+001  4.62583e+002
          4352  4.66760e+002  4.35200e+003  3.72654e+001  1.80587e+001  4.62667e+002
          4353  4.66849e+002  4.35300e+003  3.73408e+001  1.80523e+001  4.62750e+002
          4354  4.66932e+002  4.35400e+003  3.74174e+001  1.80459e+001  4.62833e+002
          4355  4.67019e+002  4.35500e+003  3.74957e+001  1.80396e+001  4.62917e+002
          4356  4.67108e+002  4.35600e+003  3.75719e+001  1.80332e+001  4.63000e+002
          4357  4.67202e+002  4.35700e+003  3.76493e+001  1.80268e+001  4.63083e+002
          4358  4.67278e+002  4.35800e+003  3.77281e+001  1.80204e+001  4.63167e+002
          4359  4.67378e+002  4.35900e+003  3.78074e+001  1.80140e+001  4.63250e+002
          4360  4.67464e+002  4.36000e+003  3.78861e+001  1.80076e+001  4.63333e+002
          4361  4.67540e+002  4.36100e+003  3.79643e+001  1.80011e+001  4.63417e+002
          4362  4.67626e+002  4.36200e+003  3.80433e+001  1.79947e+001  4.63500e+002
          4363  4.67722e+002  4.36300e+003  3.81233e+001  1.79882e+001  4.63583e+002
          4364  4.67814e+002  4.36400e+003  3.82055e+001  1.79817e+001  4.63667e+002
          4365  4.67904e+002  4.36500e+003  3.82850e+001  1.79752e+001  4.63750e+002
          4366  4.67981e+002  4.36600e+003  3.83649e+001  1.79688e+001  4.63833e+002
          4367  4.68077e+002  4.36700e+003  3.84450e+001  1.79622e+001  4.63917e+002
          4368  4.68162e+002  4.36800e+003  3.85241e+001  1.79558e+001  4.64000e+002
          4369  4.68246e+002  4.36900e+003  3.86034e+001  1.79492e+001  4.64083e+002
          4370  4.68341e+002  4.37000e+003  3.86825e+001  1.79427e+001  4.64167e+002
          4371  4.68428e+002  4.37100e+003  3.87625e+001  1.79361e+001  4.64250e+002
          4372  4.68515e+002  4.37200e+003  3.88417e+001  1.79296e+001  4.64333e+002
          4373  4.68603e+002  4.37300e+003  3.89201e+001  1.79230e+001  4.64417e+002
          4374  4.68690e+002  4.37400e+003  3.89981e+001  1.79165e+001  4.64500e+002
          4375  4.68772e+002  4.37500e+003  3.90775e+001  1.79100e+001  4.64583e+002
          4376  4.68864e+002  4.37600e+003  3.91585e+001  1.79036e+001  4.64667e+002
          4377  4.68943e+002  4.37700e+003  3.92391e+001  1.78970e+001  4.64750e+002
          4378  4.69026e+002  4.37800e+003  3.93200e+001  1.78905e+001  4.64833e+002
          4379  4.69120e+002  4.37900e+003  3.94014e+001  1.78840e+001  4.64917e+002
          4380  4.69214e+002  4.38000e+003  3.94831e+001  1.78775e+001  4.65000e+002
          4381  4.69293e+002  4.38100e+003  3.95638e+001  1.78709e+001  4.65083e+002
          4382  4.69378e+002  4.38200e+003  3.96453e+001  1.78644e+001  4.65167e+002
          4383  4.69468e+002  4.38300e+003  3.97271e+001  1.78579e+001  4.65250e+002
          4384  4.69561e+002  4.38400e+003  3.98110e+001  1.78513e+001  4.65333e+002
          4385  4.69651e+002  4.38500e+003  3.98930e+001  1.78447e+001  4.65417e+002
          4386  4.69742e+002  4.38600e+003  3.99750e+001  1.78381e+001  4.65500e+002
          4387  4.69817e+002  4.38700e+003  4.00572e+001  1.78315e+001  4.65583e+002
          4388  4.69913e+002  4.38800e+003  4.01398e+001  1.78249e+001  4.65667e+002
          4389  4.69995e+002  4.38900e+003  4.02206e+001  1.78182e+001  4.65750e+002
          4390  4.70079e+002  4.39000e+003  4.03015e+001  1.78115e+001  4.65833e+002
          4391  4.70171e+002  4.39100e+003  4.03829e+001  1.78049e+001  4.65917e+002
          4392  4.70260e+002  4.39200e+003  4.04649e+001  1.77983e+001  4.66000e+002
          4393  4.70342e+002  4.39300e+003  4.05484e+001  1.77916e+001  4.66083e+002
          4394  4.70433e+002  4.39400e+003  4.06330e+001  1.77850e+001  4.66167e+002
          4395  4.70516e+002  4.39500e+003  4.07171e+001  1.77783e+001  4.66250e+002
          4396  4.70609e+002  4.39600e+003  4.08019e+001  1.77717e+001  4.66333e+002
          4397  4.70699e+002  4.39700e+003  4.08862e+001  1.77650e+001  4.66417e+002
          4398  4.70788e+002  4.39800e+003  4.09704e+001  1.77584e+001  4.66500e+002
          4399  4.70879e+002  4.39900e+003  4.10550e+001  1.77517e+001  4.66583e+002
          4400  4.70958e+002  4.40000e+003  4.11416e+001  1.77450e+001  4.66667e+002
          4401  4.71048e+002  4.40100e+003  4.12260e+001  1.77383e+001  4.66750e+002
          4402  4.71135e+002  4.40200e+003  4.13094e+001  1.77317e+001  4.66833e+002
          4403  4.71225e+002  4.40300e+003  4.13928e+001  1.77250e+001  4.66917e+002
          4404  4.71308e+002  4.40400e+003  4.14746e+001  1.77182e+001  4.67000e+002
          4405  4.71403e+002  4.40500e+003  4.15560e+001  1.77115e+001  4.67083e+002
          4406  4.71486e+002  4.40600e+003  4.16389e+001  1.77047e+001  4.67167e+002
          4407  4.71579e+002  4.40700e+003  4.17227e+001  1.76980e+001  4.67250e+002
          4408  4.71670e+002  4.40800e+003  4.18017e+001  1.76912e+001  4.67333e+002
          4409  4.71756e+002  4.40900e+003  4.18831e+001  1.76845e+001  4.67417e+002
          4410  4.71839e+002  4.41000e+003  4.19655e+001  1.76777e+001  4.67500e+002
          4411  4.71938e+002  4.41100e+003  4.20472e+001  1.76710e+001  4.67583e+002
          4412  4.72020e+002  4.41200e+003  4.21271e+001  1.76643e+001  4.67667e+002
          4413  4.72101e+002  4.41300e+003  4.22082e+001  1.76575e+001  4.67750e+002
          4414  4.72189e+002  4.41400e+003  4.22894e+001  1.76507e+001  4.67833e+002
          4415  4.72283e+002  4.41500e+003  4.23706e+001  1.76440e+001  4.67917e+002
          4416  4.72365e+002  4.41600e+003  4.24537e+001  1.76372e+001  4.68000e+002
          4417  4.72447e+002  4.41700e+003  4.25357e+001  1.76304e+001  4.68083e+002
          4418  4.72543e+002  4.41800e+003  4.26170e+001  1.76235e+001  4.68167e+002
          4419  4.72620e+002  4.41900e+003  4.26972e+001  1.76168e+001  4.68250e+002
          4420  4.72717e+002  4.42000e+003  4.27757e+001  1.76100e+001  4.68333e+002
          4421  4.72799e+002  4.42100e+003  4.28559e+001  1.76031e+001  4.68417e+002
          4422  4.72892e+002  4.42200e+003  4.29366e+001  1.75963e+001  4.68500e+002
          4423  4.72982e+002  4.42300e+003  4.30165e+001  1.75894e+001  4.68583e+002
          4424  4.73065e+002  4.42400e+003  4.30960e+001  1.75825e+001  4.68667e+002
          4425  4.73153e+002  4.42500e+003  4.31761e+001  1.75756e+001  4.68750e+002
          4426  4.73238e+002  4.42600e+003  4.32561e+001  1.75688e+001  4.68833e+002
          4427  4.73327e+002  4.42700e+003  4.33357e+001  1.75619e+001  4.68917e+002
          4428  4.73415e+002  4.42800e+003  4.34137e+001  1.75551e+001  4.69000e+002
          4429  4.73502e+002  4.42900e+003  4.34922e+001  1.75481e+001  4.69083e+002
          4430  4.73603e+002  4.43000e+003  4.35710e+001  1.75412e+001  4.69167e+002
          4431  4.73672e+002  4.43100e+003  4.36507e+001  1.75342e+001  4.69250e+002
          4432  4.73773e+002  4.43200e+003  4.37284e+001  1.75272e+001  4.69333e+002
          4433  4.73859e+002  4.43300e+003  4.38065e+001  1.75203e+001  4.69417e+002
          4434  4.73953e+002  4.43400e+003  4.38848e+001  1.75134e+001  4.69500e+002
          4435  4.74033e+002  4.43500e+003  4.39644e+001  1.75065e+001  4.69583e+002
          4436  4.74114e+002  4.43600e+003  4.40441e+001  1.74996e+001  4.69667e+002
          4437  4.74207e+002  4.43700e+003  4.41252e+001  1.74927e+001  4.69750e+002
          4438  4.74291e+002  4.43800e+003  4.42060e+001  1.74858e+001  4.69833e+002
          4439  4.74380e+002  4.43900e+003  4.42863e+001  1.74788e+001  4.69917e+002
          4440  4.74468e+002  4.44000e+003  4.43659e+001  1.74719e+001  4.70000e+002
          4441  4.74552e+002  4.44100e+003  4.44467e+001  1.74649e+001  4.70083e+002
          4442  4.74645e+002  4.44200e+003  4.45277e+001  1.74580e+001  4.70167e+002
          4443  4.74732e+002  4.44300e+003  4.46078e+001  1.74511e+001  4.70250e+002
          4444  4.74821e+002  4.44400e+003  4.46911e+001  1.74442e+001  4.70333e+002
          4445  4.74908e+002  4.44500e+003  4.47722e+001  1.74373e+001  4.70417e+002
          4446  4.75006e+002  4.44600e+003  4.48523e+001  1.74305e+001  4.70500e+002
          4447  4.75081e+002  4.44700e+003  4.49318e+001  1.74236e+001  4.70583e+002
          4448  4.75169e+002  4.44800e+003  4.50086e+001  1.74166e+001  4.70667e+002
          4449  4.75257e+002  4.44900e+003  4.50863e+001  1.74096e+001  4.70750e+002
          4450  4.75350e+002  4.45000e+003  4.51636e+001  1.74026e+001  4.70833e+002
          4451  4.75429e+002  4.45100e+003  4.52401e+001  1.73955e+001  4.70917e+002
          4452  4.75516e+002  4.45200e+003  4.53150e+001  1.73883e+001  4.71000e+002
          4453  4.75602e+002  4.45300e+003  4.53915e+001  1.73812e+001  4.71083e+002
          4454  4.75688e+002  4.45400e+003  4.54693e+001  1.73741e+001  4.71167e+002
          4455  4.75780e+002  4.45500e+003  4.55477e+001  1.73671e+001  4.71250e+002
          4456  4.75862e+002  4.45600e+003  4.56259e+001  1.73601e+001  4.71333e+002
          4457  4.75950e+002  4.45700e+003  4.57047e+001  1.73530e+001  4.71417e+002
          4458  4.76038e+002  4.45800e+003  4.57836e+001  1.73459e+001  4.71500e+002
          4459  4.76129e+002  4.45900e+003  4.58617e+001  1.73388e+001  4.71583e+002
          4460  4.76215e+002  4.46000e+003  4.59406e+001  1.73318e+001  4.71667e+002
          4461  4.76300e+002  4.46100e+003  4.60188e+001  1.73247e+001  4.71750e+002
          4462  4.76387e+002  4.46200e+003  4.60972e+001  1.73177e+001  4.71833e+002
          4463  4.76471e+002  4.46300e+003  4.61763e+001  1.73106e+001  4.71917e+002
          4464  4.76562e+002  4.46400e+003  4.62604e+001  1.73036e+001  4.72000e+002
          4465  4.76649e+002  4.46500e+003  4.63403e+001  1.72966e+001  4.72083e+002
          4466  4.76743e+002  4.46600e+003  4.64201e+001  1.72895e+001  4.72167e+002
          4467  4.76840e+002  4.46700e+003  4.65001e+001  1.72823e+001  4.72250e+002
          4468  4.76924e+002  4.46800e+003  4.65765e+001  1.72751e+001  4.72333e+002
          4469  4.77010e+002  4.46900e+003  4.66554e+001  1.72680e+001  4.72417e+002
          4470  4.77082e+002  4.47000e+003  4.67349e+001  1.72609e+001  4.72500e+002
          4471  4.77180e+002  4.47100e+003  4.68146e+001  1.72537e+001  4.72583e+002
          4472  4.77274e+002  4.47200e+003  4.68957e+001  1.72466e+001  4.72667e+002
          4473  4.77354e+002  4.47300e+003  4.69750e+001  1.72395e+001  4.72750e+002
          4474  4.77439e+002  4.47400e+003  4.70554e+001  1.72324e+001  4.72833e+002
          4475  4.77529e+002  4.47500e+003  4.71360e+001  1.72253e+001  4.72917e+002
          4476  4.77618e+002  4.47600e+003  4.72166e+001  1.72181e+001  4.73000e+002
          4477  4.77698e+002  4.47700e+003  4.72962e+001  1.72109e+001  4.73083e+002
          4478  4.77789e+002  4.47800e+003  4.73764e+001  1.72037e+001  4.73167e+002
          4479  4.77877e+002  4.47900e+003  4.74572e+001  1.71966e+001  4.73250e+002
          4480  4.77964e+002  4.48000e+003  4.75373e+001  1.71893e+001  4.73333e+002
          4481  4.78047e+002  4.48100e+003  4.76165e+001  1.71820e+001  4.73417e+002
          4482  4.78136e+002  4.48200e+003  4.76947e+001  1.71748e+001  4.73500e+002
          4483  4.78217e+002  4.48300e+003  4.77727e+001  1.71676e+001  4.73583e+002
          4484  4.78325e+002  4.48400e+003  4.78525e+001  1.71604e+001  4.73667e+002
          4485  4.78407e+002  4.48500e+003  4.79326e+001  1.71532e+001  4.73750e+002
          4486  4.78487e+002  4.48600e+003  4.80124e+001  1.71459e+001  4.73833e+002
          4487  4.78576e+002  4.48700e+003  4.80915e+001  1.71387e+001  4.73917e+002
          4488  4.78661e+002  4.48800e+003  4.81678e+001  1.71315e+001  4.74000e+002
          4489  4.78754e+002  4.48900e+003  4.82455e+001  1.71242e+001  4.74083e+002
          4490  4.78837e+002  4.49000e+003  4.83230e+001  1.71169e+001  4.74167e+002
          4491  4.78922e+002  4.49100e+003  4.84006e+001  1.71096e+001  4.74250e+002
          4492  4.79008e+002  4.49200e+003  4.84755e+001  1.71023e+001  4.74333e+002
          4493  4.79095e+002  4.49300e+003  4.85523e+001  1.70950e+001  4.74417e+002
          4494  4.79181e+002  4.49400e+003  4.86303e+001  1.70877e+001  4.74500e+002
          4495  4.79271e+002  4.49500e+003  4.87074e+001  1.70804e+001  4.74583e+002
          4496  4.79358e+002  4.49600e+003  4.87816e+001  1.70732e+001  4.74667e+002
          4497  4.79442e+002  4.49700e+003  4.88585e+001  1.70659e+001  4.74750e+002
          4498  4.79531e+002  4.49800e+003  4.89363e+001  1.70586e+001  4.74833e+002
          4499  4.79615e+002  4.49900e+003  4.90133e+001  1.70513e+001  4.74917e+002
          4500  4.79709e+002  4.50000e+003  4.90885e+001  1.70440e+001  4.75000e+002
          4501  4.79797e+002  4.50100e+003  4.91639e+001  1.70366e+001  4.75083e+002
          4502  4.79883e+002  4.50200e+003  4.92395e+001  1.70293e+001  4.75167e+002
          4503  4.79970e+002  4.50300e+003  4.93149e+001  1.70220e+001  4.75250e+002
          4504  4.80066e+002  4.50400e+003  4.93898e+001  1.70146e+001  4.75333e+002
          4505  4.80158e+002  4.50500e+003  4.94654e+001  1.70072e+001  4.75417e+002
          4506  4.80237e+002  4.50600e+003  4.95413e+001  1.69998e+001  4.75500e+002
          4507  4.80332e+002  4.50700e+003  4.96176e+001  1.69924e+001  4.75583e+002
          4508  4.80416e+002  4.50800e+003  4.96906e+001  1.69850e+001  4.75667e+002
          4509  4.80496e+002  4.50900e+003  4.97646e+001  1.69776e+001  4.75750e+002
          4510  4.80581e+002  4.51000e+003  4.98392e+001  1.69703e+001  4.75833e+002
          4511  4.80673e+002  4.51100e+003  4.99140e+001  1.69629e+001  4.75917e+002
          4512  4.80759e+002  4.51200e+003  4.99883e+001  1.69556e+001  4.76000e+002
          4513  4.80848e+002  4.51300e+003  5.00632e+001  1.69483e+001  4.76083e+002
          4514  4.80935e+002  4.51400e+003  5.01390e+001  1.69409e+001  4.76167e+002
          4515  4.81018e+002  4.51500e+003  5.02150e+001  1.69334e+001  4.76250e+002
          4516  4.81113e+002  4.51600e+003  5.02910e+001  1.69259e+001  4.76333e+002
          4517  4.81182e+002  4.51700e+003  5.03667e+001  1.69185e+001  4.76417e+002
          4518  4.81285e+002  4.51800e+003  5.04423e+001  1.69110e+001  4.76500e+002
          4519  4.81365e+002  4.51900e+003  5.05183e+001  1.69036e+001  4.76583e+002
          4520  4.81456e+002  4.52000e+003  5.05947e+001  1.68962e+001  4.76667e+002
          4521  4.81535e+002  4.52100e+003  5.06711e+001  1.68888e+001  4.76750e+002
          4522  4.81624e+002  4.52200e+003  5.07481e+001  1.68814e+001  4.76833e+002
          4523  4.81706e+002  4.52300e+003  5.08249e+001  1.68740e+001  4.76917e+002
          4524  4.81794e+002  4.52400e+003  5.09005e+001  1.68666e+001  4.77000e+002
          4525  4.81889e+002  4.52500e+003  5.09760e+001  1.68591e+001  4.77083e+002
          4526  4.81977e+002  4.52600e+003  5.10515e+001  1.68517e+001  4.77167e+002
          4527  4.82069e+002  4.52700e+003  5.11274e+001  1.68442e+001  4.77250e+002
          4528  4.82147e+002  4.52800e+003  5.12037e+001  1.68367e+001  4.77333e+002
          4529  4.82233e+002  4.52900e+003  5.12802e+001  1.68292e+001  4.77417e+002
          4530  4.82319e+002  4.53000e+003  5.13559e+001  1.68218e+001  4.77500e+002
          4531  4.82405e+002  4.53100e+003  5.14319e+001  1.68142e+001  4.77583e+002
          4532  4.82494e+002  4.53200e+003  5.15068e+001  1.68067e+001  4.77667e+002
          4533  4.82583e+002  4.53300e+003  5.15826e+001  1.67991e+001  4.77750e+002
          4534  4.82665e+002  4.53400e+003  5.16585e+001  1.67915e+001  4.77833e+002
          4535  4.82758e+002  4.53500e+003  5.17343e+001  1.67839e+001  4.77917e+002
          4536  4.82842e+002  4.53600e+003  5.18132e+001  1.67763e+001  4.78000e+002
          4537  4.82933e+002  4.53700e+003  5.18905e+001  1.67687e+001  4.78083e+002
          4538  4.83025e+002  4.53800e+003  5.19683e+001  1.67612e+001  4.78167e+002
          4539  4.83109e+002  4.53900e+003  5.20470e+001  1.67537e+001  4.78250e+002
          4540  4.83190e+002  4.54000e+003  5.21249e+001  1.67461e+001  4.78333e+002
          4541  4.83282e+002  4.54100e+003  5.22031e+001  1.67385e+001  4.78417e+002
          4542  4.83368e+002  4.54200e+003  5.22813e+001  1.67309e+001  4.78500e+002
          4543  4.83454e+002  4.54300e+003  5.23590e+001  1.67233e+001  4.78583e+002
          4544  4.83540e+002  4.54400e+003  5.24367e+001  1.67157e+001  4.78667e+002
          4545  4.83634e+002  4.54500e+003  5.25129e+001  1.67081e+001  4.78750e+002
          4546  4.83716e+002  4.54600e+003  5.25885e+001  1.67005e+001  4.78833e+002
          4547  4.83808e+002  4.54700e+003  5.26643e+001  1.66929e+001  4.78917e+002
          4548  4.83892e+002  4.54800e+003  5.27405e+001  1.66854e+001  4.79000e+002
          4549  4.83977e+002  4.54900e+003  5.28155e+001  1.66778e+001  4.79083e+002
          4550  4.84070e+002  4.55000e+003  5.28888e+001  1.66703e+001  4.79167e+002
          4551  4.84160e+002  4.55100e+003  5.29614e+001  1.66627e+001  4.79250e+002
          4552  4.84236e+002  4.55200e+003  5.30287e+001  1.66549e+001  4.79333e+002
          4553  4.84325e+002  4.55300e+003  5.30995e+001  1.66473e+001  4.79417e+002
          4554  4.84412e+002  4.55400e+003  5.31705e+001  1.66396e+001  4.79500e+002
          4555  4.84507e+002  4.55500e+003  5.32411e+001  1.66320e+001  4.79583e+002
          4556  4.84590e+002  4.55600e+003  5.33101e+001  1.66243e+001  4.79667e+002
          4557  4.84666e+002  4.55700e+003  5.33801e+001  1.66166e+001  4.79750e+002
          4558  4.84760e+002  4.55800e+003  5.34503e+001  1.66089e+001  4.79833e+002
          4559  4.84847e+002  4.55900e+003  5.35200e+001  1.66012e+001  4.79917e+002
          4560  4.84934e+002  4.56000e+003  5.35875e+001  1.65936e+001  4.80000e+002
          4561  4.85016e+002  4.56100e+003  5.36557e+001  1.65859e+001  4.80083e+002
          4562  4.85100e+002  4.56200e+003  5.37253e+001  1.65783e+001  4.80167e+002
          4563  4.85187e+002  4.56300e+003  5.37971e+001  1.65706e+001  4.80250e+002
          4564  4.85272e+002  4.56400e+003  5.38699e+001  1.65629e+001  4.80333e+002
          4565  4.85366e+002  4.56500e+003  5.39420e+001  1.65553e+001  4.80417e+002
          4566  4.85452e+002  4.56600e+003  5.40131e+001  1.65475e+001  4.80500e+002
          4567  4.85539e+002  4.56700e+003  5.40840e+001  1.65398e+001  4.80583e+002
          4568  4.85618e+002  4.56800e+003  5.41559e+001  1.65322e+001  4.80667e+002
          4569  4.85709e+002  4.56900e+003  5.42261e+001  1.65245e+001  4.80750e+002
          4570  4.85798e+002  4.57000e+003  5.42956e+001  1.65168e+001  4.80833e+002
          4571  4.85886e+002  4.57100e+003  5.43658e+001  1.65091e+001  4.80917e+002
          4572  4.85978e+002  4.57200e+003  5.44401e+001  1.65014e+001  4.81000e+002
          4573  4.86058e+002  4.57300e+003  5.45115e+001  1.64937e+001  4.81083e+002
          4574  4.86141e+002  4.57400e+003  5.45814e+001  1.64860e+001  4.81167e+002
          4575  4.86230e+002  4.57500e+003  5.46507e+001  1.64782e+001  4.81250e+002
          4576  4.86317e+002  4.57600e+003  5.47249e+001  1.64704e+001  4.81333e+002
          4577  4.86402e+002  4.57700e+003  5.48053e+001  1.64626e+001  4.81417e+002
          4578  4.86491e+002  4.57800e+003  5.48801e+001  1.64548e+001  4.81500e+002
          4579  4.86578e+002  4.57900e+003  5.49538e+001  1.64470e+001  4.81583e+002
          4580  4.86671e+002  4.58000e+003  5.50347e+001  1.64392e+001  4.81667e+002
          4581  4.86754e+002  4.58100e+003  5.51035e+001  1.64314e+001  4.81750e+002
          4582  4.86845e+002  4.58200e+003  5.51596e+001  1.64236e+001  4.81833e+002
          4583  4.86927e+002  4.58300e+003  5.52260e+001  1.64159e+001  4.81917e+002
          4584  4.87019e+002  4.58400e+003  5.53447e+001  1.64080e+001  4.82000e+002
          4585  4.87124e+002  4.58500e+003  5.55157e+001  1.64002e+001  4.82083e+002
          4586  4.87210e+002  4.58600e+003  5.56673e+001  1.63924e+001  4.82167e+002
          4587  4.87289e+002  4.58700e+003  5.58306e+001  1.63845e+001  4.82250e+002
          4588  4.87387e+002  4.58800e+003  5.58881e+001  1.63766e+001  4.82333e+002
          4589  4.87467e+002  4.58900e+003  5.59820e+001  1.63688e+001  4.82417e+002
          4590  4.87556e+002  4.59000e+003  5.60746e+001  1.63609e+001  4.82500e+002
          4591  4.87647e+002  4.59100e+003  5.61524e+001  1.63531e+001  4.82583e+002
          4592  4.87727e+002  4.59200e+003  5.62021e+001  1.63452e+001  4.82667e+002
          4593  4.87824e+002  4.59300e+003  5.62647e+001  1.63374e+001  4.82750e+002
          4594  4.87902e+002  4.59400e+003  5.63332e+001  1.63295e+001  4.82833e+002
          4595  4.87986e+002  4.59500e+003  5.64078e+001  1.63217e+001  4.82917e+002
          4596  4.88075e+002  4.59600e+003  5.64708e+001  1.63138e+001  4.83000e+002
          4597  4.88158e+002  4.59700e+003  5.65396e+001  1.63059e+001  4.83083e+002
          4598  4.88249e+002  4.59800e+003  5.66091e+001  1.62980e+001  4.83167e+002
          4599  4.88332e+002  4.59900e+003  5.66766e+001  1.62902e+001  4.83250e+002
          4600  4.88420e+002  4.60000e+003  5.67420e+001  1.62823e+001  4.83333e+002
          4601  4.88503e+002  4.60100e+003  5.68095e+001  1.62745e+001  4.83417e+002
          4602  4.88592e+002  4.60200e+003  5.68782e+001  1.62666e+001  4.83500e+002
          4603  4.88676e+002  4.60300e+003  5.69471e+001  1.62587e+001  4.83583e+002
          4604  4.88767e+002  4.60400e+003  5.70153e+001  1.62509e+001  4.83667e+002
          4605  4.88857e+002  4.60500e+003  5.70827e+001  1.62431e+001  4.83750e+002
          4606  4.88930e+002  4.60600e+003  5.71500e+001  1.62352e+001  4.83833e+002
          4607  4.89023e+002  4.60700e+003  5.72176e+001  1.62274e+001  4.83917e+002
          4608  4.89105e+002  4.60800e+003  5.72838e+001  1.62195e+001  4.84000e+002
          4609  4.89197e+002  4.60900e+003  5.73506e+001  1.62115e+001  4.84083e+002
          4610  4.89287e+002  4.61000e+003  5.74172e+001  1.62035e+001  4.84167e+002
          4611  4.89372e+002  4.61100e+003  5.74846e+001  1.61955e+001  4.84250e+002
          4612  4.89462e+002  4.61200e+003  5.75510e+001  1.61873e+001  4.84333e+002
          4613  4.89544e+002  4.61300e+003  5.76176e+001  1.61793e+001  4.84417e+002
          4614  4.89630e+002  4.61400e+003  5.76851e+001  1.61712e+001  4.84500e+002
          4615  4.89712e+002  4.61500e+003  5.77531e+001  1.61632e+001  4.84583e+002
          4616  4.89808e+002  4.61600e+003  5.78202e+001  1.61552e+001  4.84667e+002
          4617  4.89888e+002  4.61700e+003  5.78868e+001  1.61472e+001  4.84750e+002
          4618  4.89969e+002  4.61800e+003  5.79539e+001  1.61392e+001  4.84833e+002
          4619  4.90046e+002  4.61900e+003  5.80217e+001  1.61311e+001  4.84917e+002
          4620  4.90143e+002  4.62000e+003  5.80882e+001  1.61231e+001  4.85000e+002
          4621  4.90229e+002  4.62100e+003  5.81543e+001  1.61151e+001  4.85083e+002
          4622  4.90321e+002  4.62200e+003  5.82206e+001  1.61070e+001  4.85167e+002
          4623  4.90410e+002  4.62300e+003  5.82880e+001  1.60990e+001  4.85250e+002
          4624  4.90500e+002  4.62400e+003  5.83533e+001  1.60910e+001  4.85333e+002
          4625  4.90575e+002  4.62500e+003  5.84187e+001  1.60831e+001  4.85417e+002
          4626  4.90675e+002  4.62600e+003  5.84831e+001  1.60752e+001  4.85500e+002
          4627  4.90752e+002  4.62700e+003  5.85468e+001  1.60673e+001  4.85583e+002
          4628  4.90841e+002  4.62800e+003  5.86101e+001  1.60595e+001  4.85667e+002
          4629  4.90924e+002  4.62900e+003  5.86762e+001  1.60515e+001  4.85750e+002
          4630  4.91009e+002  4.63000e+003  5.87434e+001  1.60435e+001  4.85833e+002
          4631  4.91100e+002  4.63100e+003  5.88096e+001  1.60355e+001  4.85917e+002
          4632  4.91190e+002  4.63200e+003  5.88768e+001  1.60274e+001  4.86000e+002
          4633  4.91274e+002  4.63300e+003  5.89443e+001  1.60193e+001  4.86083e+002
          4634  4.91359e+002  4.63400e+003  5.90127e+001  1.60112e+001  4.86167e+002
          4635  4.91443e+002  4.63500e+003  5.90806e+001  1.60032e+001  4.86250e+002
          4636  4.91525e+002  4.63600e+003  5.91491e+001  1.59950e+001  4.86333e+002
          4637  4.91620e+002  4.63700e+003  5.92164e+001  1.59869e+001  4.86417e+002
          4638  4.91706e+002  4.63800e+003  5.92827e+001  1.59788e+001  4.86500e+002
          4639  4.91793e+002  4.63900e+003  5.93500e+001  1.59707e+001  4.86583e+002
          4640  4.91882e+002  4.64000e+003  5.94224e+001  1.59625e+001  4.86667e+002
          4641  4.91973e+002  4.64100e+003  5.94931e+001  1.59544e+001  4.86750e+002
          4642  4.92058e+002  4.64200e+003  5.95631e+001  1.59463e+001  4.86833e+002
          4643  4.92148e+002  4.64300e+003  5.96330e+001  1.59382e+001  4.86917e+002
          4644  4.92228e+002  4.64400e+003  5.97007e+001  1.59301e+001  4.87000e+002
          4645  4.92314e+002  4.64500e+003  5.97703e+001  1.59220e+001  4.87083e+002
          4646  4.92396e+002  4.64600e+003  5.98407e+001  1.59139e+001  4.87167e+002
          4647  4.92487e+002  4.64700e+003  5.99107e+001  1.59058e+001  4.87250e+002
          4648  4.92567e+002  4.64800e+003  5.99846e+001  1.58977e+001  4.87333e+002
          4649  4.92660e+002  4.64900e+003  6.00561e+001  1.58895e+001  4.87417e+002
          4650  4.92747e+002  4.65000e+003  6.01271e+001  1.58813e+001  4.87500e+002
          4651  4.92841e+002  4.65100e+003  6.01984e+001  1.58731e+001  4.87583e+002
          4652  4.92917e+002  4.65200e+003  6.02701e+001  1.58649e+001  4.87667e+002
          4653  4.93007e+002  4.65300e+003  6.03426e+001  1.58567e+001  4.87750e+002
          4654  4.93087e+002  4.65400e+003  6.04142e+001  1.58485e+001  4.87833e+002
          4655  4.93177e+002  4.65500e+003  6.04858e+001  1.58403e+001  4.87917e+002
          4656  4.93274e+002  4.65600e+003  6.05576e+001  1.58322e+001  4.88000e+002
          4657  4.93358e+002  4.65700e+003  6.06303e+001  1.58241e+001  4.88083e+002
          4658  4.93446e+002  4.65800e+003  6.07014e+001  1.58159e+001  4.88167e+002
          4659  4.93525e+002  4.65900e+003  6.07714e+001  1.58077e+001  4.88250e+002
          4660  4.93617e+002  4.66000e+003  6.08432e+001  1.57994e+001  4.88333e+002
          4661  4.93703e+002  4.66100e+003  6.09146e+001  1.57912e+001  4.88417e+002
          4662  4.93796e+002  4.66200e+003  6.09856e+001  1.57830e+001  4.88500e+002
          4663  4.93884e+002  4.66300e+003  6.10563e+001  1.57747e+001  4.88583e+002
          4664  4.93964e+002  4.66400e+003  6.11232e+001  1.57664e+001  4.88667e+002
          4665  4.94057e+002  4.66500e+003  6.11922e+001  1.57581e+001  4.88750e+002
          4666  4.94144e+002  4.66600e+003  6.12607e+001  1.57497e+001  4.88833e+002
          4667  4.94224e+002  4.66700e+003  6.13286e+001  1.57414e+001  4.88917e+002
          4668  4.94310e+002  4.66800e+003  6.13945e+001  1.57331e+001  4.89000e+002
          4669  4.94400e+002  4.66900e+003  6.14626e+001  1.57248e+001  4.89083e+002
          4670  4.94486e+002  4.67000e+003  6.15295e+001  1.57166e+001  4.89167e+002
          4671  4.94568e+002  4.67100e+003  6.15959e+001  1.57083e+001  4.89250e+002
          4672  4.94659e+002  4.67200e+003  6.16626e+001  1.57001e+001  4.89333e+002
          4673  4.94743e+002  4.67300e+003  6.17290e+001  1.56918e+001  4.89417e+002
          4674  4.94832e+002  4.67400e+003  6.17955e+001  1.56835e+001  4.89500e+002
          4675  4.94912e+002  4.67500e+003  6.18621e+001  1.56753e+001  4.89583e+002
          4676  4.95000e+002  4.67600e+003  6.19274e+001  1.56670e+001  4.89667e+002
          4677  4.95095e+002  4.67700e+003  6.19933e+001  1.56586e+001  4.89750e+002
          4678  4.95180e+002  4.67800e+003  6.20582e+001  1.56503e+001  4.89833e+002
          4679  4.95267e+002  4.67900e+003  6.21241e+001  1.56420e+001  4.89917e+002
          4680  4.95358e+002  4.68000e+003  6.21887e+001  1.56337e+001  4.90000e+002
          4681  4.95448e+002  4.68100e+003  6.22544e+001  1.56253e+001  4.90083e+002
          4682  4.95526e+002  4.68200e+003  6.23210e+001  1.56169e+001  4.90167e+002
          4683  4.95612e+002  4.68300e+003  6.23880e+001  1.56086e+001  4.90250e+002
          4684  4.95703e+002  4.68400e+003  6.24539e+001  1.56001e+001  4.90333e+002
          4685  4.95789e+002  4.68500e+003  6.25206e+001  1.55917e+001  4.90417e+002
          4686  4.95873e+002  4.68600e+003  6.25880e+001  1.55833e+001  4.90500e+002
          4687  4.95967e+002  4.68700e+003  6.26559e+001  1.55748e+001  4.90583e+002
          4688  4.96055e+002  4.68800e+003  6.27243e+001  1.55664e+001  4.90667e+002
          4689  4.96143e+002  4.68900e+003  6.27922e+001  1.55580e+001  4.90750e+002
          4690  4.96229e+002  4.69000e+003  6.28603e+001  1.55496e+001  4.90833e+002
          4691  4.96306e+002  4.69100e+003  6.29273e+001  1.55412e+001  4.90917e+002
          4692  4.96390e+002  4.69200e+003  6.29969e+001  1.55328e+001  4.91000e+002
          4693  4.96482e+002  4.69300e+003  6.30652e+001  1.55244e+001  4.91083e+002
          4694  4.96562e+002  4.69400e+003  6.31333e+001  1.55160e+001  4.91167e+002
          4695  4.96654e+002  4.69500e+003  6.32017e+001  1.55076e+001  4.91250e+002
          4696  4.96743e+002  4.69600e+003  6.32718e+001  1.54992e+001  4.91333e+002
          4697  4.96830e+002  4.69700e+003  6.33415e+001  1.54908e+001  4.91417e+002
          4698  4.96920e+002  4.69800e+003  6.34108e+001  1.54823e+001  4.91500e+002
          4699  4.96997e+002  4.69900e+003  6.34788e+001  1.54738e+001  4.91583e+002
          4700  4.97095e+002  4.70000e+003  6.35477e+001  1.54654e+001  4.91667e+002
          4701  4.97179e+002  4.70100e+003  6.36170e+001  1.54569e+001  4.91750e+002
          4702  4.97262e+002  4.70200e+003  6.36858e+001  1.54484e+001  4.91833e+002
          4703  4.97345e+002  4.70300e+003  6.37546e+001  1.54399e+001  4.91917e+002
          4704  4.97438e+002  4.70400e+003  6.38281e+001  1.54314e+001  4.92000e+002
          4705  4.97529e+002  4.70500e+003  6.38986e+001  1.54229e+001  4.92083e+002
          4706  4.97617e+002  4.70600e+003  6.39671e+001  1.54145e+001  4.92167e+002
          4707  4.97697e+002  4.70700e+003  6.40351e+001  1.54060e+001  4.92250e+002
          4708  4.97789e+002  4.70800e+003  6.40992e+001  1.53976e+001  4.92333e+002
          4709  4.97871e+002  4.70900e+003  6.41631e+001  1.53892e+001  4.92417e+002
          4710  4.97957e+002  4.71000e+003  6.42269e+001  1.53807e+001  4.92500e+002
          4711  4.98048e+002  4.71100e+003  6.42912e+001  1.53722e+001  4.92583e+002
          4712  4.98132e+002  4.71200e+003  6.43516e+001  1.53637e+001  4.92667e+002
          4713  4.98215e+002  4.71300e+003  6.44125e+001  1.53551e+001  4.92750e+002
          4714  4.98289e+002  4.71400e+003  6.44721e+001  1.53466e+001  4.92833e+002
          4715  4.98398e+002  4.71500e+003  6.45318e+001  1.53380e+001  4.92917e+002
          4716  4.98473e+002  4.71600e+003  6.45825e+001  1.53294e+001  4.93000e+002
          4717  4.98560e+002  4.71700e+003  6.46376e+001  1.53208e+001  4.93083e+002
          4718  4.98644e+002  4.71800e+003  6.46927e+001  1.53122e+001  4.93167e+002
          4719  4.98732e+002  4.71900e+003  6.47477e+001  1.53036e+001  4.93250e+002
          4720  4.98814e+002  4.72000e+003  6.47992e+001  1.52950e+001  4.93333e+002
          4721  4.98902e+002  4.72100e+003  6.48528e+001  1.52864e+001  4.93417e+002
          4722  4.98992e+002  4.72200e+003  6.49072e+001  1.52777e+001  4.93500e+002
          4723  4.99071e+002  4.72300e+003  6.49605e+001  1.52691e+001  4.93583e+002
          4724  4.99155e+002  4.72400e+003  6.50131e+001  1.52604e+001  4.93667e+002
          4725  4.99240e+002  4.72500e+003  6.50668e+001  1.52518e+001  4.93750e+002
          4726  4.99333e+002  4.72600e+003  6.51214e+001  1.52431e+001  4.93833e+002
          4727  4.99421e+002  4.72700e+003  6.51766e+001  1.52345e+001  4.93917e+002
          4728  4.99507e+002  4.72800e+003  6.52321e+001  1.52257e+001  4.94000e+002
          4729  4.99594e+002  4.72900e+003  6.52876e+001  1.52171e+001  4.94083e+002
          4730  4.99666e+002  4.73000e+003  6.53431e+001  1.52084e+001  4.94167e+002
          4731  4.99767e+002  4.73100e+003  6.53988e+001  1.51997e+001  4.94250e+002
          4732  4.99845e+002  4.73200e+003  6.54591e+001  1.51911e+001  4.94333e+002
          4733  4.99937e+002  4.73300e+003  6.55165e+001  1.51825e+001  4.94417e+002
          4734  5.00025e+002  4.73400e+003  6.55724e+001  1.51738e+001  4.94500e+002
          4735  5.00110e+002  4.73500e+003  6.56288e+001  1.51651e+001  4.94583e+002
          4736  5.00193e+002  4.73600e+003  6.56899e+001  1.51565e+001  4.94667e+002
          4737  5.00280e+002  4.73700e+003  6.57490e+001  1.51478e+001  4.94750e+002
          4738  5.00359e+002  4.73800e+003  6.58071e+001  1.51391e+001  4.94833e+002
          4739  5.00448e+002  4.73900e+003  6.58635e+001  1.51303e+001  4.94917e+002
          4740  5.00536e+002  4.74000e+003  6.59223e+001  1.51215e+001  4.95000e+002
          4741  5.00628e+002  4.74100e+003  6.59810e+001  1.51128e+001  4.95083e+002
          4742  5.00711e+002  4.74200e+003  6.60397e+001  1.51041e+001  4.95167e+002
          4743  5.00800e+002  4.74300e+003  6.60989e+001  1.50954e+001  4.95250e+002
          4744  5.00886e+002  4.74400e+003  6.61576e+001  1.50866e+001  4.95333e+002
          4745  5.00975e+002  4.74500e+003  6.62173e+001  1.50779e+001  4.95417e+002
          4746  5.01056e+002  4.74600e+003  6.62760e+001  1.50693e+001  4.95500e+002
          4747  5.01142e+002  4.74700e+003  6.63332e+001  1.50606e+001  4.95583e+002
          4748  5.01233e+002  4.74800e+003  6.63910e+001  1.50519e+001  4.95667e+002
          4749  5.01321e+002  4.74900e+003  6.64504e+001  1.50432e+001  4.95750e+002
          4750  5.01397e+002  4.75000e+003  6.65102e+001  1.50345e+001  4.95833e+002
          4751  5.01482e+002  4.75100e+003  6.65699e+001  1.50258e+001  4.95917e+002
          4752  5.01574e+002  4.75200e+003  6.66317e+001  1.50171e+001  4.96000e+002
          4753  5.01658e+002  4.75300e+003  6.66925e+001  1.50083e+001  4.96083e+002
          4754  5.01755e+002  4.75400e+003  6.67527e+001  1.49995e+001  4.96167e+002
          4755  5.01834e+002  4.75500e+003  6.68124e+001  1.49908e+001  4.96250e+002
          4756  5.01920e+002  4.75600e+003  6.68728e+001  1.49819e+001  4.96333e+002
          4757  5.02006e+002  4.75700e+003  6.69326e+001  1.49731e+001  4.96417e+002
          4758  5.02093e+002  4.75800e+003  6.69921e+001  1.49642e+001  4.96500e+002
          4759  5.02172e+002  4.75900e+003  6.70521e+001  1.49554e+001  4.96583e+002
          4760  5.02266e+002  4.76000e+003  6.71144e+001  1.49465e+001  4.96667e+002
          4761  5.02348e+002  4.76100e+003  6.71748e+001  1.49376e+001  4.96750e+002
          4762  5.02438e+002  4.76200e+003  6.72338e+001  1.49288e+001  4.96833e+002
          4763  5.02518e+002  4.76300e+003  6.72926e+001  1.49199e+001  4.96917e+002
          4764  5.02611e+002  4.76400e+003  6.73527e+001  1.49110e+001  4.97000e+002
          4765  5.02706e+002  4.76500e+003  6.74129e+001  1.49022e+001  4.97083e+002
          4766  5.02796e+002  4.76600e+003  6.74730e+001  1.48933e+001  4.97167e+002
          4767  5.02869e+002  4.76700e+003  6.75333e+001  1.48844e+001  4.97250e+002
          4768  5.02958e+002  4.76800e+003  6.75922e+001  1.48755e+001  4.97333e+002
          4769  5.03037e+002  4.76900e+003  6.76503e+001  1.48667e+001  4.97417e+002
          4770  5.03131e+002  4.77000e+003  6.77078e+001  1.48578e+001  4.97500e+002
          4771  5.03208e+002  4.77100e+003  6.77654e+001  1.48489e+001  4.97583e+002
          4772  5.03310e+002  4.77200e+003  6.78251e+001  1.48400e+001  4.97667e+002
          4773  5.03391e+002  4.77300e+003  6.78846e+001  1.48312e+001  4.97750e+002
          4774  5.03468e+002  4.77400e+003  6.79435e+001  1.48223e+001  4.97833e+002
          4775  5.03560e+002  4.77500e+003  6.80013e+001  1.48134e+001  4.97917e+002
          4776  5.03644e+002  4.77600e+003  6.80569e+001  1.48045e+001  4.98000e+002
          4777  5.03735e+002  4.77700e+003  6.81137e+001  1.47957e+001  4.98083e+002
          4778  5.03820e+002  4.77800e+003  6.81706e+001  1.47867e+001  4.98167e+002
          4779  5.03900e+002  4.77900e+003  6.82275e+001  1.47778e+001  4.98250e+002
          4780  5.03988e+002  4.78000e+003  6.82854e+001  1.47689e+001  4.98333e+002
          4781  5.04075e+002  4.78100e+003  6.83430e+001  1.47599e+001  4.98417e+002
          4782  5.04165e+002  4.78200e+003  6.83992e+001  1.47510e+001  4.98500e+002
          4783  5.04247e+002  4.78300e+003  6.84560e+001  1.47421e+001  4.98583e+002
          4784  5.04339e+002  4.78400e+003  6.85085e+001  1.47332e+001  4.98667e+002
          4785  5.04413e+002  4.78500e+003  6.85638e+001  1.47242e+001  4.98750e+002
          4786  5.04513e+002  4.78600e+003  6.86207e+001  1.47153e+001  4.98833e+002
          4787  5.04591e+002  4.78700e+003  6.86787e+001  1.47063e+001  4.98917e+002
          4788  5.04675e+002  4.78800e+003  6.87359e+001  1.46974e+001  4.99000e+002
          4789  5.04761e+002  4.78900e+003  6.87913e+001  1.46885e+001  4.99083e+002
          4790  5.04845e+002  4.79000e+003  6.88471e+001  1.46795e+001  4.99167e+002
          4791  5.04930e+002  4.79100e+003  6.89044e+001  1.46705e+001  4.99250e+002
          4792  5.05012e+002  4.79200e+003  6.89655e+001  1.46615e+001  4.99333e+002
          4793  5.05101e+002  4.79300e+003  6.90265e+001  1.46525e+001  4.99417e+002
          4794  5.05193e+002  4.79400e+003  6.90864e+001  1.46435e+001  4.99500e+002
          4795  5.05282e+002  4.79500e+003  6.91449e+001  1.46345e+001  4.99583e+002
          4796  5.05364e+002  4.79600e+003  6.92065e+001  1.46256e+001  4.99667e+002
          4797  5.05444e+002  4.79700e+003  6.92671e+001  1.46166e+001  4.99750e+002
          4798  5.05530e+002  4.79800e+003  6.93276e+001  1.46076e+001  4.99833e+002
          4799  5.05615e+002  4.79900e+003  6.93877e+001  1.45985e+001  4.99917e+002
          4800  5.05705e+002  4.80000e+003  6.94510e+001  1.45895e+001  5.00000e+002
          4801  5.05792e+002  4.80100e+003  6.95112e+001  1.45804e+001  5.00083e+002
          4802  5.05877e+002  4.80200e+003  6.95698e+001  1.45713e+001  5.00167e+002
          4803  5.05967e+002  4.80300e+003  6.96287e+001  1.45623e+001  5.00250e+002
          4804  5.06052e+002  4.80400e+003  6.96822e+001  1.45532e+001  5.00333e+002
          4805  5.06134e+002  4.80500e+003  6.97388e+001  1.45440e+001  5.00417e+002
          4806  5.06218e+002  4.80600e+003  6.97968e+001  1.45349e+001  5.00500e+002
          4807  5.06304e+002  4.80700e+003  6.98544e+001  1.45258e+001  5.00583e+002
          4808  5.06395e+002  4.80800e+003  6.99107e+001  1.45167e+001  5.00667e+002
          4809  5.06484e+002  4.80900e+003  6.99661e+001  1.45076e+001  5.00750e+002
          4810  5.06564e+002  4.81000e+003  7.00211e+001  1.44985e+001  5.00833e+002
          4811  5.06652e+002  4.81100e+003  7.00771e+001  1.44894e+001  5.00917e+002
          4812  5.06742e+002  4.81200e+003  7.01324e+001  1.44803e+001  5.01000e+002
          4813  5.06827e+002  4.81300e+003  7.01868e+001  1.44712e+001  5.01083e+002
          4814  5.06906e+002  4.81400e+003  7.02414e+001  1.44621e+001  5.01167e+002
          4815  5.06993e+002  4.81500e+003  7.02957e+001  1.44529e+001  5.01250e+002
          4816  5.07078e+002  4.81600e+003  7.03501e+001  1.44437e+001  5.01333e+002
          4817  5.07161e+002  4.81700e+003  7.04068e+001  1.44346e+001  5.01417e+002
          4818  5.07247e+002  4.81800e+003  7.04643e+001  1.44255e+001  5.01500e+002
          4819  5.07331e+002  4.81900e+003  7.05214e+001  1.44163e+001  5.01583e+002
          4820  5.07428e+002  4.82000e+003  7.05793e+001  1.44072e+001  5.01667e+002
          4821  5.07510e+002  4.82100e+003  7.06365e+001  1.43982e+001  5.01750e+002
          4822  5.07591e+002  4.82200e+003  7.06939e+001  1.43891e+001  5.01833e+002
          4823  5.07680e+002  4.82300e+003  7.07516e+001  1.43799e+001  5.01917e+002
          4824  5.07773e+002  4.82400e+003  7.08106e+001  1.43708e+001  5.02000e+002
          4825  5.07846e+002  4.82500e+003  7.08677e+001  1.43617e+001  5.02083e+002
          4826  5.07942e+002  4.82600e+003  7.09243e+001  1.43524e+001  5.02167e+002
          4827  5.08025e+002  4.82700e+003  7.09814e+001  1.43432e+001  5.02250e+002
          4828  5.08110e+002  4.82800e+003  7.10373e+001  1.43339e+001  5.02333e+002
          4829  5.08198e+002  4.82900e+003  7.10929e+001  1.43247e+001  5.02417e+002
          4830  5.08284e+002  4.83000e+003  7.11481e+001  1.43155e+001  5.02500e+002
          4831  5.08369e+002  4.83100e+003  7.12029e+001  1.43062e+001  5.02583e+002
          4832  5.08453e+002  4.83200e+003  7.12567e+001  1.42970e+001  5.02667e+002
          4833  5.08541e+002  4.83300e+003  7.13116e+001  1.42877e+001  5.02750e+002
          4834  5.08624e+002  4.83400e+003  7.13662e+001  1.42785e+001  5.02833e+002
          4835  5.08710e+002  4.83500e+003  7.14208e+001  1.42692e+001  5.02917e+002
          4836  5.08799e+002  4.83600e+003  7.14740e+001  1.42600e+001  5.03000e+002
          4837  5.08883e+002  4.83700e+003  7.15269e+001  1.42507e+001  5.03083e+002
          4838  5.08974e+002  4.83800e+003  7.15800e+001  1.42414e+001  5.03167e+002
          4839  5.09056e+002  4.83900e+003  7.16319e+001  1.42321e+001  5.03250e+002
          4840  5.09138e+002  4.84000e+003  7.16842e+001  1.42229e+001  5.03333e+002
          4841  5.09230e+002  4.84100e+003  7.17362e+001  1.42136e+001  5.03417e+002
          4842  5.09310e+002  4.84200e+003  7.17880e+001  1.42043e+001  5.03500e+002
          4843  5.09401e+002  4.84300e+003  7.18396e+001  1.41950e+001  5.03583e+002
          4844  5.09484e+002  4.84400e+003  7.18915e+001  1.41857e+001  5.03667e+002
          4845  5.09583e+002  4.84500e+003  7.19441e+001  1.41763e+001  5.03750e+002
          4846  5.09656e+002  4.84600e+003  7.19970e+001  1.41670e+001  5.03833e+002
          4847  5.09745e+002  4.84700e+003  7.20497e+001  1.41578e+001  5.03917e+002
          4848  5.09823e+002  4.84800e+003  7.21011e+001  1.41484e+001  5.04000e+002
          4849  5.09910e+002  4.84900e+003  7.21542e+001  1.41391e+001  5.04083e+002
          4850  5.09999e+002  4.85000e+003  7.22084e+001  1.41299e+001  5.04167e+002
          4851  5.10085e+002  4.85100e+003  7.22615e+001  1.41205e+001  5.04250e+002
          4852  5.10168e+002  4.85200e+003  7.23164e+001  1.41112e+001  5.04333e+002
          4853  5.10259e+002  4.85300e+003  7.23701e+001  1.41018e+001  5.04417e+002
          4854  5.10346e+002  4.85400e+003  7.24241e+001  1.40925e+001  5.04500e+002
          4855  5.10433e+002  4.85500e+003  7.24786e+001  1.40832e+001  5.04583e+002
          4856  5.10510e+002  4.85600e+003  7.25315e+001  1.40738e+001  5.04667e+002
          4857  5.10600e+002  4.85700e+003  7.25832e+001  1.40645e+001  5.04750e+002
          4858  5.10685e+002  4.85800e+003  7.26353e+001  1.40551e+001  5.04833e+002
          4859  5.10770e+002  4.85900e+003  7.26870e+001  1.40457e+001  5.04917e+002
          4860  5.10858e+002  4.86000e+003  7.27354e+001  1.40362e+001  5.05000e+002
          4861  5.10942e+002  4.86100e+003  7.27857e+001  1.40268e+001  5.05083e+002
          4862  5.11027e+002  4.86200e+003  7.28369e+001  1.40174e+001  5.05167e+002
          4863  5.11115e+002  4.86300e+003  7.28874e+001  1.40081e+001  5.05250e+002
          4864  5.11211e+002  4.86400e+003  7.29379e+001  1.39986e+001  5.05333e+002
          4865  5.11289e+002  4.86500e+003  7.29888e+001  1.39892e+001  5.05417e+002
          4866  5.11362e+002  4.86600e+003  7.30390e+001  1.39797e+001  5.05500e+002
          4867  5.11453e+002  4.86700e+003  7.30897e+001  1.39703e+001  5.05583e+002
          4868  5.11545e+002  4.86800e+003  7.31392e+001  1.39609e+001  5.05667e+002
          4869  5.11630e+002  4.86900e+003  7.31892e+001  1.39515e+001  5.05750e+002
          4870  5.11718e+002  4.87000e+003  7.32388e+001  1.39420e+001  5.05833e+002
          4871  5.11798e+002  4.87100e+003  7.32881e+001  1.39326e+001  5.05917e+002
          4872  5.11886e+002  4.87200e+003  7.33381e+001  1.39232e+001  5.06000e+002
          4873  5.11972e+002  4.87300e+003  7.33879e+001  1.39138e+001  5.06083e+002
          4874  5.12063e+002  4.87400e+003  7.34381e+001  1.39043e+001  5.06167e+002
          4875  5.12141e+002  4.87500e+003  7.34885e+001  1.38948e+001  5.06250e+002
          4876  5.12234e+002  4.87600e+003  7.35377e+001  1.38854e+001  5.06333e+002
          4877  5.12320e+002  4.87700e+003  7.35872e+001  1.38760e+001  5.06417e+002
          4878  5.12401e+002  4.87800e+003  7.36375e+001  1.38666e+001  5.06500e+002
          4879  5.12488e+002  4.87900e+003  7.36874e+001  1.38571e+001  5.06583e+002
          4880  5.12583e+002  4.88000e+003  7.37352e+001  1.38477e+001  5.06667e+002
          4881  5.12655e+002  4.88100e+003  7.37853e+001  1.38382e+001  5.06750e+002
          4882  5.12737e+002  4.88200e+003  7.38367e+001  1.38287e+001  5.06833e+002
          4883  5.12825e+002  4.88300e+003  7.38886e+001  1.38192e+001  5.06917e+002
          4884  5.12914e+002  4.88400e+003  7.39410e+001  1.38097e+001  5.07000e+002
          4885  5.12998e+002  4.88500e+003  7.39929e+001  1.38001e+001  5.07083e+002
          4886  5.13083e+002  4.88600e+003  7.40468e+001  1.37907e+001  5.07167e+002
          4887  5.13168e+002  4.88700e+003  7.41011e+001  1.37811e+001  5.07250e+002
          4888  5.13254e+002  4.88800e+003  7.41553e+001  1.37715e+001  5.07333e+002
          4889  5.13342e+002  4.88900e+003  7.42077e+001  1.37620e+001  5.07417e+002
          4890  5.13432e+002  4.89000e+003  7.42603e+001  1.37524e+001  5.07500e+002
          4891  5.13514e+002  4.89100e+003  7.43134e+001  1.37429e+001  5.07583e+002
          4892  5.13601e+002  4.89200e+003  7.43683e+001  1.37333e+001  5.07667e+002
          4893  5.13671e+002  4.89300e+003  7.44221e+001  1.37238e+001  5.07750e+002
          4894  5.13768e+002  4.89400e+003  7.44753e+001  1.37142e+001  5.07833e+002
          4895  5.13849e+002  4.89500e+003  7.45277e+001  1.37047e+001  5.07917e+002
          4896  5.13944e+002  4.89600e+003  7.45802e+001  1.36951e+001  5.08000e+002
          4897  5.14021e+002  4.89700e+003  7.46322e+001  1.36855e+001  5.08083e+002
          4898  5.14111e+002  4.89800e+003  7.46836e+001  1.36759e+001  5.08167e+002
          4899  5.14203e+002  4.89900e+003  7.47359e+001  1.36663e+001  5.08250e+002
          4900  5.14278e+002  4.90000e+003  7.47867e+001  1.36566e+001  5.08333e+002
          4901  5.14365e+002  4.90100e+003  7.48378e+001  1.36470e+001  5.08417e+002
          4902  5.14457e+002  4.90200e+003  7.48878e+001  1.36373e+001  5.08500e+002
          4903  5.14537e+002  4.90300e+003  7.49370e+001  1.36277e+001  5.08583e+002
          4904  5.14621e+002  4.90400e+003  7.49873e+001  1.36181e+001  5.08667e+002
          4905  5.14703e+002  4.90500e+003  7.50386e+001  1.36084e+001  5.08750e+002
          4906  5.14797e+002  4.90600e+003  7.50906e+001  1.35988e+001  5.08833e+002
          4907  5.14876e+002  4.90700e+003  7.51430e+001  1.35891e+001  5.08917e+002
          4908  5.14967e+002  4.90800e+003  7.51954e+001  1.35795e+001  5.09000e+002
          4909  5.15047e+002  4.90900e+003  7.52480e+001  1.35698e+001  5.09083e+002
          4910  5.15131e+002  4.91000e+003  7.53015e+001  1.35601e+001  5.09167e+002
          4911  5.15214e+002  4.91100e+003  7.53554e+001  1.35503e+001  5.09250e+002
          4912  5.15311e+002  4.91200e+003  7.54072e+001  1.35407e+001  5.09333e+002
          4913  5.15392e+002  4.91300e+003  7.54583e+001  1.35310e+001  5.09417e+002
          4914  5.15492e+002  4.91400e+003  7.55092e+001  1.35214e+001  5.09500e+002
          4915  5.15568e+002  4.91500e+003  7.55588e+001  1.35117e+001  5.09583e+002
          4916  5.15651e+002  4.91600e+003  7.56115e+001  1.35021e+001  5.09667e+002
          4917  5.15744e+002  4.91700e+003  7.56626e+001  1.34924e+001  5.09750e+002
          4918  5.15826e+002  4.91800e+003  7.57127e+001  1.34828e+001  5.09833e+002
          4919  5.15913e+002  4.91900e+003  7.57627e+001  1.34731e+001  5.09917e+002
          4920  5.15995e+002  4.92000e+003  7.58079e+001  1.34633e+001  5.10000e+002
          4921  5.16082e+002  4.92100e+003  7.58554e+001  1.34535e+001  5.10083e+002
          4922  5.16174e+002  4.92200e+003  7.59030e+001  1.34438e+001  5.10167e+002
          4923  5.16247e+002  4.92300e+003  7.59499e+001  1.34340e+001  5.10250e+002
          4924  5.16331e+002  4.92400e+003  7.59926e+001  1.34242e+001  5.10333e+002
          4925  5.16424e+002  4.92500e+003  7.60367e+001  1.34145e+001  5.10417e+002
          4926  5.16513e+002  4.92600e+003  7.60830e+001  1.34047e+001  5.10500e+002
          4927  5.16591e+002  4.92700e+003  7.61302e+001  1.33950e+001  5.10583e+002
          4928  5.16674e+002  4.92800e+003  7.61753e+001  1.33853e+001  5.10667e+002
          4929  5.16759e+002  4.92900e+003  7.62202e+001  1.33755e+001  5.10750e+002
          4930  5.16850e+002  4.93000e+003  7.62648e+001  1.33657e+001  5.10833e+002
          4931  5.16935e+002  4.93100e+003  7.63090e+001  1.33559e+001  5.10917e+002
          4932  5.17020e+002  4.93200e+003  7.63533e+001  1.33460e+001  5.11000e+002
          4933  5.17097e+002  4.93300e+003  7.63996e+001  1.33362e+001  5.11083e+002
          4934  5.17187e+002  4.93400e+003  7.64458e+001  1.33265e+001  5.11167e+002
          4935  5.17276e+002  4.93500e+003  7.64916e+001  1.33168e+001  5.11250e+002
          4936  5.17366e+002  4.93600e+003  7.65391e+001  1.33070e+001  5.11333e+002
          4937  5.17437e+002  4.93700e+003  7.65854e+001  1.32973e+001  5.11417e+002
          4938  5.17526e+002  4.93800e+003  7.66300e+001  1.32876e+001  5.11500e+002
          4939  5.17624e+002  4.93900e+003  7.66740e+001  1.32779e+001  5.11583e+002
          4940  5.17701e+002  4.94000e+003  7.67187e+001  1.32681e+001  5.11667e+002
          4941  5.17785e+002  4.94100e+003  7.67630e+001  1.32583e+001  5.11750e+002
          4942  5.17880e+002  4.94200e+003  7.68069e+001  1.32485e+001  5.11833e+002
          4943  5.17960e+002  4.94300e+003  7.68517e+001  1.32387e+001  5.11917e+002
          4944  5.18040e+002  4.94400e+003  7.68951e+001  1.32288e+001  5.12000e+002
          4945  5.18130e+002  4.94500e+003  7.69398e+001  1.32189e+001  5.12083e+002
          4946  5.18217e+002  4.94600e+003  7.69847e+001  1.32091e+001  5.12167e+002
          4947  5.18303e+002  4.94700e+003  7.70292e+001  1.31993e+001  5.12250e+002
          4948  5.18378e+002  4.94800e+003  7.70738e+001  1.31895e+001  5.12333e+002
          4949  5.18456e+002  4.94900e+003  7.71186e+001  1.31796e+001  5.12417e+002
          4950  5.18545e+002  4.95000e+003  7.71631e+001  1.31697e+001  5.12500e+002
          4951  5.18631e+002  4.95100e+003  7.72089e+001  1.31598e+001  5.12583e+002
          4952  5.18727e+002  4.95200e+003  7.72568e+001  1.31499e+001  5.12667e+002
          4953  5.18819e+002  4.95300e+003  7.73031e+001  1.31400e+001  5.12750e+002
          4954  5.18890e+002  4.95400e+003  7.73488e+001  1.31302e+001  5.12833e+002
          4955  5.18971e+002  4.95500e+003  7.73951e+001  1.31203e+001  5.12917e+002
          4956  5.19069e+002  4.95600e+003  7.74422e+001  1.31105e+001  5.13000e+002
          4957  5.19155e+002  4.95700e+003  7.74906e+001  1.31006e+001  5.13083e+002
          4958  5.19232e+002  4.95800e+003  7.75393e+001  1.30907e+001  5.13167e+002
          4959  5.19312e+002  4.95900e+003  7.75877e+001  1.30808e+001  5.13250e+002
          4960  5.19418e+002  4.96000e+003  7.76395e+001  1.30709e+001  5.13333e+002
          4961  5.19486e+002  4.96100e+003  7.76887e+001  1.30609e+001  5.13417e+002
          4962  5.19571e+002  4.96200e+003  7.77375e+001  1.30509e+001  5.13500e+002
          4963  5.19662e+002  4.96300e+003  7.77863e+001  1.30410e+001  5.13583e+002
          4964  5.19752e+002  4.96400e+003  7.78372e+001  1.30310e+001  5.13667e+002
          4965  5.19839e+002  4.96500e+003  7.78869e+001  1.30210e+001  5.13750e+002
          4966  5.19916e+002  4.96600e+003  7.79353e+001  1.30110e+001  5.13833e+002
          4967  5.20006e+002  4.96700e+003  7.79833e+001  1.30010e+001  5.13917e+002
          4968  5.20085e+002  4.96800e+003  7.80308e+001  1.29910e+001  5.14000e+002
          4969  5.20178e+002  4.96900e+003  7.80786e+001  1.29810e+001  5.14083e+002
          4970  5.20251e+002  4.97000e+003  7.81257e+001  1.29711e+001  5.14167e+002
          4971  5.20343e+002  4.97100e+003  7.81716e+001  1.29612e+001  5.14250e+002
          4972  5.20417e+002  4.97200e+003  7.82154e+001  1.29514e+001  5.14333e+002
          4973  5.20507e+002  4.97300e+003  7.82601e+001  1.29415e+001  5.14417e+002
          4974  5.20598e+002  4.97400e+003  7.83068e+001  1.29316e+001  5.14500e+002
          4975  5.20677e+002  4.97500e+003  7.83544e+001  1.29217e+001  5.14583e+002
          4976  5.20771e+002  4.97600e+003  7.83993e+001  1.29118e+001  5.14667e+002
          4977  5.20851e+002  4.97700e+003  7.84456e+001  1.29018e+001  5.14750e+002
          4978  5.20937e+002  4.97800e+003  7.84927e+001  1.28918e+001  5.14833e+002
          4979  5.21020e+002  4.97900e+003  7.85406e+001  1.28817e+001  5.14917e+002
          4980  5.21117e+002  4.98000e+003  7.85870e+001  1.28716e+001  5.15000e+002
          4981  5.21201e+002  4.98100e+003  7.86345e+001  1.28615e+001  5.15083e+002
          4982  5.21273e+002  4.98200e+003  7.86817e+001  1.28514e+001  5.15167e+002
          4983  5.21367e+002  4.98300e+003  7.87295e+001  1.28413e+001  5.15250e+002
          4984  5.21463e+002  4.98400e+003  7.87821e+001  1.28312e+001  5.15333e+002
          4985  5.21542e+002  4.98500e+003  7.88298e+001  1.28211e+001  5.15417e+002
          4986  5.21624e+002  4.98600e+003  7.88749e+001  1.28111e+001  5.15500e+002
          4987  5.21717e+002  4.98700e+003  7.89191e+001  1.28010e+001  5.15583e+002
          4988  5.21799e+002  4.98800e+003  7.89596e+001  1.27910e+001  5.15667e+002
          4989  5.21888e+002  4.98900e+003  7.90012e+001  1.27810e+001  5.15750e+002
          4990  5.21970e+002  4.99000e+003  7.90428e+001  1.27710e+001  5.15833e+002
          4991  5.22060e+002  4.99100e+003  7.90841e+001  1.27610e+001  5.15917e+002
          4992  5.22139e+002  4.99200e+003  7.91208e+001  1.27509e+001  5.16000e+002
          4993  5.22215e+002  4.99300e+003  7.91614e+001  1.27408e+001  5.16083e+002
          4994  5.22304e+002  4.99400e+003  7.92029e+001  1.27307e+001  5.16167e+002
          4995  5.22389e+002  4.99500e+003  7.92455e+001  1.27206e+001  5.16250e+002
          4996  5.22474e+002  4.99600e+003  7.92810e+001  1.27104e+001  5.16333e+002
          4997  5.22558e+002  4.99700e+003  7.93206e+001  1.27002e+001  5.16417e+002
          4998  5.22654e+002  4.99800e+003  7.93609e+001  1.26901e+001  5.16500e+002
          4999  5.22737e+002  4.99900e+003  7.94018e+001  1.26801e+001  5.16583e+002
          5000  5.22815e+002  5.00000e+003  7.94461e+001  1.26700e+001  5.16667e+002
          5001  5.22903e+002  5.00100e+003  7.94890e+001  1.26598e+001  5.16750e+002
          5002  5.22993e+002  5.00200e+003  7.95318e+001  1.26497e+001  5.16833e+002
          5003  5.23086e+002  5.00300e+003  7.95751e+001  1.26396e+001  5.16917e+002
          5004  5.23165e+002  5.00400e+003  7.96199e+001  1.26293e+001  5.17000e+002
          5005  5.23245e+002  5.00500e+003  7.96620e+001  1.26190e+001  5.17083e+002
          5006  5.23324e+002  5.00600e+003  7.97039e+001  1.26088e+001  5.17167e+002
          5007  5.23421e+002  5.00700e+003  7.97458e+001  1.25986e+001  5.17250e+002
          5008  5.23500e+002  5.00800e+003  7.97873e+001  1.25884e+001  5.17333e+002
          5009  5.23588e+002  5.00900e+003  7.98286e+001  1.25783e+001  5.17417e+002
          5010  5.23672e+002  5.01000e+003  7.98691e+001  1.25681e+001  5.17500e+002
          5011  5.23764e+002  5.01100e+003  7.99089e+001  1.25580e+001  5.17583e+002
          5012  5.23843e+002  5.01200e+003  7.99501e+001  1.25479e+001  5.17667e+002
          5013  5.23933e+002  5.01300e+003  7.99916e+001  1.25377e+001  5.17750e+002
          5014  5.24011e+002  5.01400e+003  8.00327e+001  1.25276e+001  5.17833e+002
          5015  5.24095e+002  5.01500e+003  8.00738e+001  1.25174e+001  5.17917e+002
          5016  5.24179e+002  5.01600e+003  8.01129e+001  1.25072e+001  5.18000e+002
          5017  5.24260e+002  5.01700e+003  8.01530e+001  1.24970e+001  5.18083e+002
          5018  5.24345e+002  5.01800e+003  8.01934e+001  1.24868e+001  5.18167e+002
          5019  5.24436e+002  5.01900e+003  8.02338e+001  1.24766e+001  5.18250e+002
          5020  5.24519e+002  5.02000e+003  8.02762e+001  1.24663e+001  5.18333e+002
          5021  5.24609e+002  5.02100e+003  8.03175e+001  1.24561e+001  5.18417e+002
          5022  5.24691e+002  5.02200e+003  8.03589e+001  1.24458e+001  5.18500e+002
          5023  5.24778e+002  5.02300e+003  8.03993e+001  1.24356e+001  5.18583e+002
          5024  5.24858e+002  5.02400e+003  8.04412e+001  1.24253e+001  5.18667e+002
          5025  5.24947e+002  5.02500e+003  8.04816e+001  1.24151e+001  5.18750e+002
          5026  5.25030e+002  5.02600e+003  8.05208e+001  1.24048e+001  5.18833e+002
          5027  5.25117e+002  5.02700e+003  8.05597e+001  1.23946e+001  5.18917e+002
          5028  5.25205e+002  5.02800e+003  8.05992e+001  1.23843e+001  5.19000e+002
          5029  5.25295e+002  5.02900e+003  8.06384e+001  1.23740e+001  5.19083e+002
          5030  5.25374e+002  5.03000e+003  8.06775e+001  1.23637e+001  5.19167e+002
          5031  5.25450e+002  5.03100e+003  8.07147e+001  1.23534e+001  5.19250e+002
          5032  5.25537e+002  5.03200e+003  8.07495e+001  1.23431e+001  5.19333e+002
          5033  5.25630e+002  5.03300e+003  8.07852e+001  1.23328e+001  5.19417e+002
          5034  5.25712e+002  5.03400e+003  8.08210e+001  1.23225e+001  5.19500e+002
          5035  5.25791e+002  5.03500e+003  8.08578e+001  1.23122e+001  5.19583e+002
          5036  5.25878e+002  5.03600e+003  8.08913e+001  1.23019e+001  5.19667e+002
          5037  5.25968e+002  5.03700e+003  8.09263e+001  1.22917e+001  5.19750e+002
          5038  5.26055e+002  5.03800e+003  8.09613e+001  1.22814e+001  5.19833e+002
          5039  5.26127e+002  5.03900e+003  8.09962e+001  1.22711e+001  5.19917e+002
          5040  5.26213e+002  5.04000e+003  8.10274e+001  1.22609e+001  5.20000e+002
          5041  5.26303e+002  5.04100e+003  8.10618e+001  1.22506e+001  5.20083e+002
          5042  5.26385e+002  5.04200e+003  8.10964e+001  1.22403e+001  5.20167e+002
          5043  5.26484e+002  5.04300e+003  8.11305e+001  1.22299e+001  5.20250e+002
          5044  5.26561e+002  5.04400e+003  8.11648e+001  1.22195e+001  5.20333e+002
          5045  5.26642e+002  5.04500e+003  8.11978e+001  1.22091e+001  5.20417e+002
          5046  5.26729e+002  5.04600e+003  8.12300e+001  1.21987e+001  5.20500e+002
          5047  5.26811e+002  5.04700e+003  8.12619e+001  1.21883e+001  5.20583e+002
          5048  5.26894e+002  5.04800e+003  8.12932e+001  1.21779e+001  5.20667e+002
          5049  5.26982e+002  5.04900e+003  8.13265e+001  1.21675e+001  5.20750e+002
          5050  5.27075e+002  5.05000e+003  8.13604e+001  1.21571e+001  5.20833e+002
          5051  5.27148e+002  5.05100e+003  8.13954e+001  1.21467e+001  5.20917e+002
          5052  5.27229e+002  5.05200e+003  8.14291e+001  1.21364e+001  5.21000e+002
          5053  5.27314e+002  5.05300e+003  8.14647e+001  1.21260e+001  5.21083e+002
          5054  5.27409e+002  5.05400e+003  8.15006e+001  1.21157e+001  5.21167e+002
          5055  5.27487e+002  5.05500e+003  8.15373e+001  1.21053e+001  5.21250e+002
          5056  5.27568e+002  5.05600e+003  8.15751e+001  1.20950e+001  5.21333e+002
          5057  5.27650e+002  5.05700e+003  8.16125e+001  1.20848e+001  5.21417e+002
          5058  5.27735e+002  5.05800e+003  8.16499e+001  1.20744e+001  5.21500e+002
          5059  5.27828e+002  5.05900e+003  8.16873e+001  1.20640e+001  5.21583e+002
          5060  5.27914e+002  5.06000e+003  8.17279e+001  1.20537e+001  5.21667e+002
          5061  5.27996e+002  5.06100e+003  8.17651e+001  1.20432e+001  5.21750e+002
          5062  5.28090e+002  5.06200e+003  8.18019e+001  1.20328e+001  5.21833e+002
          5063  5.28180e+002  5.06300e+003  8.18378e+001  1.20223e+001  5.21917e+002
          5064  5.28254e+002  5.06400e+003  8.18724e+001  1.20118e+001  5.22000e+002
          5065  5.28337e+002  5.06500e+003  8.19089e+001  1.20014e+001  5.22083e+002
          5066  5.28426e+002  5.06600e+003  8.19451e+001  1.19910e+001  5.22167e+002
          5067  5.28513e+002  5.06700e+003  8.19813e+001  1.19806e+001  5.22250e+002
          5068  5.28598e+002  5.06800e+003  8.20182e+001  1.19703e+001  5.22333e+002
          5069  5.28676e+002  5.06900e+003  8.20556e+001  1.19599e+001  5.22417e+002
          5070  5.28758e+002  5.07000e+003  8.20923e+001  1.19494e+001  5.22500e+002
          5071  5.28841e+002  5.07100e+003  8.21285e+001  1.19390e+001  5.22583e+002
          5072  5.28935e+002  5.07200e+003  8.21666e+001  1.19284e+001  5.22667e+002
          5073  5.29021e+002  5.07300e+003  8.22027e+001  1.19179e+001  5.22750e+002
          5074  5.29102e+002  5.07400e+003  8.22376e+001  1.19075e+001  5.22833e+002
          5075  5.29179e+002  5.07500e+003  8.22730e+001  1.18971e+001  5.22917e+002
          5076  5.29263e+002  5.07600e+003  8.23095e+001  1.18867e+001  5.23000e+002
          5077  5.29355e+002  5.07700e+003  8.23445e+001  1.18762e+001  5.23083e+002
          5078  5.29433e+002  5.07800e+003  8.23787e+001  1.18657e+001  5.23167e+002
          5079  5.29522e+002  5.07900e+003  8.24130e+001  1.18553e+001  5.23250e+002
          5080  5.29602e+002  5.08000e+003  8.24425e+001  1.18449e+001  5.23333e+002
          5081  5.29693e+002  5.08100e+003  8.24754e+001  1.18345e+001  5.23417e+002
          5082  5.29779e+002  5.08200e+003  8.25091e+001  1.18240e+001  5.23500e+002
          5083  5.29862e+002  5.08300e+003  8.25429e+001  1.18135e+001  5.23583e+002
          5084  5.29946e+002  5.08400e+003  8.25743e+001  1.18030e+001  5.23667e+002
          5085  5.30030e+002  5.08500e+003  8.26074e+001  1.17925e+001  5.23750e+002
          5086  5.30109e+002  5.08600e+003  8.26411e+001  1.17821e+001  5.23833e+002
          5087  5.30196e+002  5.08700e+003  8.26753e+001  1.17716e+001  5.23917e+002
          5088  5.30285e+002  5.08800e+003  8.27099e+001  1.17611e+001  5.24000e+002
          5089  5.30365e+002  5.08900e+003  8.27453e+001  1.17507e+001  5.24083e+002
          5090  5.30451e+002  5.09000e+003  8.27803e+001  1.17402e+001  5.24167e+002
          5091  5.30541e+002  5.09100e+003  8.28147e+001  1.17296e+001  5.24250e+002
          5092  5.30632e+002  5.09200e+003  8.28499e+001  1.17191e+001  5.24333e+002
          5093  5.30703e+002  5.09300e+003  8.28835e+001  1.17086e+001  5.24417e+002
          5094  5.30788e+002  5.09400e+003  8.29162e+001  1.16981e+001  5.24500e+002
          5095  5.30875e+002  5.09500e+003  8.29482e+001  1.16876e+001  5.24583e+002
          5096  5.30961e+002  5.09600e+003  8.29824e+001  1.16771e+001  5.24667e+002
          5097  5.31047e+002  5.09700e+003  8.30161e+001  1.16666e+001  5.24750e+002
          5098  5.31132e+002  5.09800e+003  8.30497e+001  1.16561e+001  5.24833e+002
          5099  5.31213e+002  5.09900e+003  8.30833e+001  1.16455e+001  5.24917e+002
          5100  5.31295e+002  5.10000e+003  8.31117e+001  1.16349e+001  5.25000e+002
          5101  5.31374e+002  5.10100e+003  8.31422e+001  1.16243e+001  5.25083e+002
          5102  5.31462e+002  5.10200e+003  8.31727e+001  1.16137e+001  5.25167e+002
          5103  5.31549e+002  5.10300e+003  8.32042e+001  1.16032e+001  5.25250e+002
          5104  5.31635e+002  5.10400e+003  8.32345e+001  1.15927e+001  5.25333e+002
          5105  5.31724e+002  5.10500e+003  8.32635e+001  1.15821e+001  5.25417e+002
          5106  5.31810e+002  5.10600e+003  8.32919e+001  1.15716e+001  5.25500e+002
          5107  5.31890e+002  5.10700e+003  8.33188e+001  1.15610e+001  5.25583e+002
          5108  5.31974e+002  5.10800e+003  8.33454e+001  1.15505e+001  5.25667e+002
          5109  5.32062e+002  5.10900e+003  8.33731e+001  1.15400e+001  5.25750e+002
          5110  5.32145e+002  5.11000e+003  8.34000e+001  1.15294e+001  5.25833e+002
          5111  5.32231e+002  5.11100e+003  8.34257e+001  1.15189e+001  5.25917e+002
          5112  5.32314e+002  5.11200e+003  8.34480e+001  1.15083e+001  5.26000e+002
          5113  5.32398e+002  5.11300e+003  8.34718e+001  1.14977e+001  5.26083e+002
          5114  5.32484e+002  5.11400e+003  8.34956e+001  1.14872e+001  5.26167e+002
          5115  5.32568e+002  5.11500e+003  8.35188e+001  1.14767e+001  5.26250e+002
          5116  5.32647e+002  5.11600e+003  8.35391e+001  1.14661e+001  5.26333e+002
          5117  5.32743e+002  5.11700e+003  8.35623e+001  1.14555e+001  5.26417e+002
          5118  5.32823e+002  5.11800e+003  8.35861e+001  1.14450e+001  5.26500e+002
          5119  5.32904e+002  5.11900e+003  8.36101e+001  1.14344e+001  5.26583e+002
          5120  5.32976e+002  5.12000e+003  8.36332e+001  1.14239e+001  5.26667e+002
          5121  5.33060e+002  5.12100e+003  8.36579e+001  1.14133e+001  5.26750e+002
          5122  5.33142e+002  5.12200e+003  8.36831e+001  1.14027e+001  5.26833e+002
          5123  5.33231e+002  5.12300e+003  8.37085e+001  1.13922e+001  5.26917e+002
          5124  5.33314e+002  5.12400e+003  8.37337e+001  1.13816e+001  5.27000e+002
          5125  5.33406e+002  5.12500e+003  8.37581e+001  1.13710e+001  5.27083e+002
          5126  5.33484e+002  5.12600e+003  8.37826e+001  1.13604e+001  5.27167e+002
          5127  5.33561e+002  5.12700e+003  8.38076e+001  1.13498e+001  5.27250e+002
          5128  5.33652e+002  5.12800e+003  8.38362e+001  1.13392e+001  5.27333e+002
          5129  5.33737e+002  5.12900e+003  8.38623e+001  1.13286e+001  5.27417e+002
          5130  5.33819e+002  5.13000e+003  8.38873e+001  1.13179e+001  5.27500e+002
          5131  5.33900e+002  5.13100e+003  8.39123e+001  1.13073e+001  5.27583e+002
          5132  5.33992e+002  5.13200e+003  8.39358e+001  1.12967e+001  5.27667e+002
          5133  5.34072e+002  5.13300e+003  8.39595e+001  1.12860e+001  5.27750e+002
          5134  5.34153e+002  5.13400e+003  8.39826e+001  1.12754e+001  5.27833e+002
          5135  5.34234e+002  5.13500e+003  8.40057e+001  1.12648e+001  5.27917e+002
          5136  5.34322e+002  5.13600e+003  8.40271e+001  1.12542e+001  5.28000e+002
          5137  5.34406e+002  5.13700e+003  8.40489e+001  1.12436e+001  5.28083e+002
          5138  5.34495e+002  5.13800e+003  8.40713e+001  1.12329e+001  5.28167e+002
          5139  5.34578e+002  5.13900e+003  8.40928e+001  1.12223e+001  5.28250e+002
          5140  5.34651e+002  5.14000e+003  8.41123e+001  1.12117e+001  5.28333e+002
          5141  5.34748e+002  5.14100e+003  8.41350e+001  1.12011e+001  5.28417e+002
          5142  5.34825e+002  5.14200e+003  8.41580e+001  1.11905e+001  5.28500e+002
          5143  5.34906e+002  5.14300e+003  8.41802e+001  1.11798e+001  5.28583e+002
          5144  5.34995e+002  5.14400e+003  8.42013e+001  1.11692e+001  5.28667e+002
          5145  5.35080e+002  5.14500e+003  8.42242e+001  1.11586e+001  5.28750e+002
          5146  5.35161e+002  5.14600e+003  8.42469e+001  1.11479e+001  5.28833e+002
          5147  5.35247e+002  5.14700e+003  8.42687e+001  1.11372e+001  5.28917e+002
          5148  5.35331e+002  5.14800e+003  8.42950e+001  1.11265e+001  5.29000e+002
          5149  5.35414e+002  5.14900e+003  8.43189e+001  1.11158e+001  5.29083e+002
          5150  5.35496e+002  5.15000e+003  8.43417e+001  1.11051e+001  5.29167e+002
          5151  5.35578e+002  5.15100e+003  8.43631e+001  1.10944e+001  5.29250e+002
          5152  5.35659e+002  5.15200e+003  8.43841e+001  1.10836e+001  5.29333e+002
          5153  5.35756e+002  5.15300e+003  8.44051e+001  1.10728e+001  5.29417e+002
          5154  5.35835e+002  5.15400e+003  8.44260e+001  1.10620e+001  5.29500e+002
          5155  5.35924e+002  5.15500e+003  8.44471e+001  1.10513e+001  5.29583e+002
          5156  5.36008e+002  5.15600e+003  8.44680e+001  1.10405e+001  5.29667e+002
          5157  5.36090e+002  5.15700e+003  8.44900e+001  1.10298e+001  5.29750e+002
          5158  5.36171e+002  5.15800e+003  8.45133e+001  1.10191e+001  5.29833e+002
          5159  5.36252e+002  5.15900e+003  8.45374e+001  1.10084e+001  5.29917e+002
          5160  5.36332e+002  5.16000e+003  8.45580e+001  1.09977e+001  5.30000e+002
          5161  5.36423e+002  5.16100e+003  8.45798e+001  1.09870e+001  5.30083e+002
          5162  5.36502e+002  5.16200e+003  8.46019e+001  1.09763e+001  5.30167e+002
          5163  5.36583e+002  5.16300e+003  8.46244e+001  1.09655e+001  5.30250e+002
          5164  5.36672e+002  5.16400e+003  8.46516e+001  1.09548e+001  5.30333e+002
          5165  5.36755e+002  5.16500e+003  8.46764e+001  1.09441e+001  5.30417e+002
          5166  5.36832e+002  5.16600e+003  8.47005e+001  1.09334e+001  5.30500e+002
          5167  5.36929e+002  5.16700e+003  8.47244e+001  1.09226e+001  5.30583e+002
          5168  5.37008e+002  5.16800e+003  8.47492e+001  1.09120e+001  5.30667e+002
          5169  5.37084e+002  5.16900e+003  8.47732e+001  1.09012e+001  5.30750e+002
          5170  5.37171e+002  5.17000e+003  8.47971e+001  1.08905e+001  5.30833e+002
          5171  5.37258e+002  5.17100e+003  8.48210e+001  1.08798e+001  5.30917e+002
          5172  5.37341e+002  5.17200e+003  8.48447e+001  1.08691e+001  5.31000e+002
          5173  5.37423e+002  5.17300e+003  8.48671e+001  1.08583e+001  5.31083e+002
          5174  5.37510e+002  5.17400e+003  8.48893e+001  1.08476e+001  5.31167e+002
          5175  5.37590e+002  5.17500e+003  8.49115e+001  1.08368e+001  5.31250e+002
          5176  5.37675e+002  5.17600e+003  8.49331e+001  1.08259e+001  5.31333e+002
          5177  5.37755e+002  5.17700e+003  8.49560e+001  1.08151e+001  5.31417e+002
          5178  5.37840e+002  5.17800e+003  8.49791e+001  1.08043e+001  5.31500e+002
          5179  5.37929e+002  5.17900e+003  8.50023e+001  1.07934e+001  5.31583e+002
          5180  5.38009e+002  5.18000e+003  8.50230e+001  1.07826e+001  5.31667e+002
          5181  5.38091e+002  5.18100e+003  8.50444e+001  1.07719e+001  5.31750e+002
          5182  5.38177e+002  5.18200e+003  8.50655e+001  1.07611e+001  5.31833e+002
          5183  5.38264e+002  5.18300e+003  8.50871e+001  1.07503e+001  5.31917e+002
          5184  5.38341e+002  5.18400e+003  8.51083e+001  1.07396e+001  5.32000e+002
          5185  5.38441e+002  5.18500e+003  8.51294e+001  1.07288e+001  5.32083e+002
          5186  5.38522e+002  5.18600e+003  8.51512e+001  1.07180e+001  5.32167e+002
          5187  5.38591e+002  5.18700e+003  8.51728e+001  1.07073e+001  5.32250e+002
          5188  5.38675e+002  5.18800e+003  8.51923e+001  1.06964e+001  5.32333e+002
          5189  5.38761e+002  5.18900e+003  8.52136e+001  1.06856e+001  5.32417e+002
          5190  5.38839e+002  5.19000e+003  8.52350e+001  1.06747e+001  5.32500e+002
          5191  5.38932e+002  5.19100e+003  8.52566e+001  1.06638e+001  5.32583e+002
          5192  5.39018e+002  5.19200e+003  8.52771e+001  1.06528e+001  5.32667e+002
          5193  5.39096e+002  5.19300e+003  8.52982e+001  1.06419e+001  5.32750e+002
          5194  5.39180e+002  5.19400e+003  8.53190e+001  1.06311e+001  5.32833e+002
          5195  5.39265e+002  5.19500e+003  8.53394e+001  1.06202e+001  5.32917e+002
          5196  5.39351e+002  5.19600e+003  8.53589e+001  1.06094e+001  5.33000e+002
          5197  5.39441e+002  5.19700e+003  8.53781e+001  1.05986e+001  5.33083e+002
          5198  5.39521e+002  5.19800e+003  8.53981e+001  1.05877e+001  5.33167e+002
          5199  5.39605e+002  5.19900e+003  8.54177e+001  1.05768e+001  5.33250e+002
          5200  5.39686e+002  5.20000e+003  8.54376e+001  1.05660e+001  5.33333e+002
          5201  5.39768e+002  5.20100e+003  8.54585e+001  1.05552e+001  5.33417e+002
          5202  5.39851e+002  5.20200e+003  8.54798e+001  1.05444e+001  5.33500e+002
          5203  5.39935e+002  5.20300e+003  8.55015e+001  1.05335e+001  5.33583e+002
          5204  5.40017e+002  5.20400e+003  8.55208e+001  1.05227e+001  5.33667e+002
          5205  5.40105e+002  5.20500e+003  8.55398e+001  1.05118e+001  5.33750e+002
          5206  5.40188e+002  5.20600e+003  8.55590e+001  1.05010e+001  5.33833e+002
          5207  5.40266e+002  5.20700e+003  8.55787e+001  1.04902e+001  5.33917e+002
          5208  5.40347e+002  5.20800e+003  8.55996e+001  1.04792e+001  5.34000e+002
          5209  5.40435e+002  5.20900e+003  8.56181e+001  1.04683e+001  5.34083e+002
          5210  5.40518e+002  5.21000e+003  8.56360e+001  1.04575e+001  5.34167e+002
          5211  5.40601e+002  5.21100e+003  8.56546e+001  1.04466e+001  5.34250e+002
          5212  5.40685e+002  5.21200e+003  8.56703e+001  1.04356e+001  5.34333e+002
          5213  5.40769e+002  5.21300e+003  8.56857e+001  1.04247e+001  5.34417e+002
          5214  5.40854e+002  5.21400e+003  8.57007e+001  1.04138e+001  5.34500e+002
          5215  5.40931e+002  5.21500e+003  8.57166e+001  1.04028e+001  5.34583e+002
          5216  5.41013e+002  5.21600e+003  8.57308e+001  1.03919e+001  5.34667e+002
          5217  5.41099e+002  5.21700e+003  8.57466e+001  1.03810e+001  5.34750e+002
          5218  5.41176e+002  5.21800e+003  8.57616e+001  1.03702e+001  5.34833e+002
          5219  5.41268e+002  5.21900e+003  8.57762e+001  1.03593e+001  5.34917e+002
          5220  5.41354e+002  5.22000e+003  8.57894e+001  1.03485e+001  5.35000e+002
          5221  5.41438e+002  5.22100e+003  8.58044e+001  1.03376e+001  5.35083e+002
          5222  5.41513e+002  5.22200e+003  8.58210e+001  1.03267e+001  5.35167e+002
          5223  5.41599e+002  5.22300e+003  8.58373e+001  1.03158e+001  5.35250e+002
          5224  5.41680e+002  5.22400e+003  8.58544e+001  1.03049e+001  5.35333e+002
          5225  5.41768e+002  5.22500e+003  8.58726e+001  1.02939e+001  5.35417e+002
          5226  5.41847e+002  5.22600e+003  8.58913e+001  1.02829e+001  5.35500e+002
          5227  5.41936e+002  5.22700e+003  8.59096e+001  1.02720e+001  5.35583e+002
          5228  5.42017e+002  5.22800e+003  8.59282e+001  1.02610e+001  5.35667e+002
          5229  5.42095e+002  5.22900e+003  8.59485e+001  1.02500e+001  5.35750e+002
          5230  5.42190e+002  5.23000e+003  8.59684e+001  1.02390e+001  5.35833e+002
          5231  5.42279e+002  5.23100e+003  8.59879e+001  1.02281e+001  5.35917e+002
          5232  5.42348e+002  5.23200e+003  8.60121e+001  1.02171e+001  5.36000e+002
          5233  5.42437e+002  5.23300e+003  8.60333e+001  1.02062e+001  5.36083e+002
          5234  5.42519e+002  5.23400e+003  8.60536e+001  1.01953e+001  5.36167e+002
          5235  5.42602e+002  5.23500e+003  8.60733e+001  1.01843e+001  5.36250e+002
          5236  5.42689e+002  5.23600e+003  8.60947e+001  1.01733e+001  5.36333e+002
          5237  5.42769e+002  5.23700e+003  8.61132e+001  1.01623e+001  5.36417e+002
          5238  5.42856e+002  5.23800e+003  8.61303e+001  1.01513e+001  5.36500e+002
          5239  5.42938e+002  5.23900e+003  8.61473e+001  1.01403e+001  5.36583e+002
          5240  5.43023e+002  5.24000e+003  8.61628e+001  1.01293e+001  5.36667e+002
          5241  5.43102e+002  5.24100e+003  8.61791e+001  1.01183e+001  5.36750e+002
          5242  5.43194e+002  5.24200e+003  8.61962e+001  1.01074e+001  5.36833e+002
          5243  5.43270e+002  5.24300e+003  8.62127e+001  1.00965e+001  5.36917e+002
          5244  5.43362e+002  5.24400e+003  8.62238e+001  1.00857e+001  5.37000e+002
          5245  5.43440e+002  5.24500e+003  8.62381e+001  1.00748e+001  5.37083e+002
          5246  5.43521e+002  5.24600e+003  8.62534e+001  1.00639e+001  5.37167e+002
          5247  5.43601e+002  5.24700e+003  8.62693e+001  1.00529e+001  5.37250e+002
          5248  5.43690e+002  5.24800e+003  8.62799e+001  1.00419e+001  5.37333e+002
          5249  5.43771e+002  5.24900e+003  8.62935e+001  1.00310e+001  5.37417e+002
          5250  5.43849e+002  5.25000e+003  8.63078e+001  1.00200e+001  5.37500e+002
          5251  5.43930e+002  5.25100e+003  8.63216e+001  1.00090e+001  5.37583e+002
          5252  5.44016e+002  5.25200e+003  8.63351e+001  9.99799e+000  5.37667e+002
          5253  5.44110e+002  5.25300e+003  8.63496e+001  9.98699e+000  5.37750e+002
          5254  5.44193e+002  5.25400e+003  8.63651e+001  9.97600e+000  5.37833e+002
          5255  5.44266e+002  5.25500e+003  8.63805e+001  9.96500e+000  5.37917e+002
          5256  5.44347e+002  5.25600e+003  8.63940e+001  9.95400e+000  5.38000e+002
          5257  5.44432e+002  5.25700e+003  8.64071e+001  9.94300e+000  5.38083e+002
          5258  5.44517e+002  5.25800e+003  8.64197e+001  9.93200e+000  5.38167e+002
          5259  5.44605e+002  5.25900e+003  8.64310e+001  9.92100e+000  5.38250e+002
          5260  5.44679e+002  5.26000e+003  8.64422e+001  9.91008e+000  5.38333e+002
          5261  5.44760e+002  5.26100e+003  8.64532e+001  9.89913e+000  5.38417e+002
          5262  5.44850e+002  5.26200e+003  8.64636e+001  9.88823e+000  5.38500e+002
          5263  5.44936e+002  5.26300e+003  8.64734e+001  9.87733e+000  5.38583e+002
          5264  5.45022e+002  5.26400e+003  8.64762e+001  9.86651e+000  5.38667e+002
          5265  5.45099e+002  5.26500e+003  8.64817e+001  9.85563e+000  5.38750e+002
          5266  5.45184e+002  5.26600e+003  8.64879e+001  9.84472e+000  5.38833e+002
          5267  5.45264e+002  5.26700e+003  8.64945e+001  9.83381e+000  5.38917e+002
          5268  5.45344e+002  5.26800e+003  8.65048e+001  9.82283e+000  5.39000e+002
          5269  5.45428e+002  5.26900e+003  8.65248e+001  9.81179e+000  5.39083e+002
          5270  5.45506e+002  5.27000e+003  8.65403e+001  9.80072e+000  5.39167e+002
          5271  5.45590e+002  5.27100e+003  8.65407e+001  9.78965e+000  5.39250e+002
          5272  5.45675e+002  5.27200e+003  8.65466e+001  9.77847e+000  5.39333e+002
          5273  5.45753e+002  5.27300e+003  8.65410e+001  9.76736e+000  5.39417e+002
          5274  5.45843e+002  5.27400e+003  8.65411e+001  9.75627e+000  5.39500e+002
          5275  5.45929e+002  5.27500e+003  8.65425e+001  9.74518e+000  5.39583e+002
          5276  5.46008e+002  5.27600e+003  8.66339e+001  9.73422e+000  5.39667e+002
          5277  5.46100e+002  5.27700e+003  8.67205e+001  9.72322e+000  5.39750e+002
          5278  5.46188e+002  5.27800e+003  8.67791e+001  9.71225e+000  5.39833e+002
          5279  5.46267e+002  5.27900e+003  8.68287e+001  9.70124e+000  5.39917e+002
          5280  5.46346e+002  5.28000e+003  8.68628e+001  9.69030e+000  5.40000e+002
          5281  5.46435e+002  5.28100e+003  8.69129e+001  9.67932e+000  5.40083e+002
          5282  5.46516e+002  5.28200e+003  8.69568e+001  9.66839e+000  5.40167e+002
          5283  5.46596e+002  5.28300e+003  8.69857e+001  9.65747e+000  5.40250e+002
          5284  5.46680e+002  5.28400e+003  8.69452e+001  9.64643e+000  5.40333e+002
          5285  5.46764e+002  5.28500e+003  8.69307e+001  9.63548e+000  5.40417e+002
          5286  5.46842e+002  5.28600e+003  8.69263e+001  9.62454e+000  5.40500e+002
          5287  5.46925e+002  5.28700e+003  8.69164e+001  9.61361e+000  5.40583e+002
          5288  5.47007e+002  5.28800e+003  8.68956e+001  9.60267e+000  5.40667e+002
          5289  5.47093e+002  5.28900e+003  8.68899e+001  9.59173e+000  5.40750e+002
          5290  5.47171e+002  5.29000e+003  8.68858e+001  9.58082e+000  5.40833e+002
          5291  5.47252e+002  5.29100e+003  8.68791e+001  9.56996e+000  5.40917e+002
          5292  5.47336e+002  5.29200e+003  8.68633e+001  9.55912e+000  5.41000e+002
          5293  5.47424e+002  5.29300e+003  8.68504e+001  9.54827e+000  5.41083e+002
          5294  5.47497e+002  5.29400e+003  8.68393e+001  9.53742e+000  5.41167e+002
          5295  5.47584e+002  5.29500e+003  8.68284e+001  9.52655e+000  5.41250e+002
          5296  5.47661e+002  5.29600e+003  8.68179e+001  9.51569e+000  5.41333e+002
          5297  5.47752e+002  5.29700e+003  8.68055e+001  9.50480e+000  5.41417e+002
          5298  5.47829e+002  5.29800e+003  8.67895e+001  9.49388e+000  5.41500e+002
          5299  5.47910e+002  5.29900e+003  8.67704e+001  9.48295e+000  5.41583e+002
          5300  5.47993e+002  5.30000e+003  8.67455e+001  9.47194e+000  5.41667e+002
          5301  5.48068e+002  5.30100e+003  8.67228e+001  9.46096e+000  5.41750e+002
          5302  5.48152e+002  5.30200e+003  8.67013e+001  9.44998e+000  5.41833e+002
          5303  5.48230e+002  5.30300e+003  8.66808e+001  9.43899e+000  5.41917e+002
          5304  5.48320e+002  5.30400e+003  8.66567e+001  9.42810e+000  5.42000e+002
          5305  5.48403e+002  5.30500e+003  8.66376e+001  9.41722e+000  5.42083e+002
          5306  5.48484e+002  5.30600e+003  8.66200e+001  9.40633e+000  5.42167e+002
          5307  5.48563e+002  5.30700e+003  8.66038e+001  9.39544e+000  5.42250e+002
          5308  5.48640e+002  5.30800e+003  8.65813e+001  9.38464e+000  5.42333e+002
          5309  5.48716e+002  5.30900e+003  8.65648e+001  9.37376e+000  5.42417e+002
          5310  5.48796e+002  5.31000e+003  8.65519e+001  9.36286e+000  5.42500e+002
          5311  5.48878e+002  5.31100e+003  8.65410e+001  9.35194e+000  5.42583e+002
          5312  5.48973e+002  5.31200e+003  8.65441e+001  9.34093e+000  5.42667e+002
          5313  5.49047e+002  5.31300e+003  8.65383e+001  9.32995e+000  5.42750e+002
          5314  5.49126e+002  5.31400e+003  8.65305e+001  9.31900e+000  5.42833e+002
          5315  5.49203e+002  5.31500e+003  8.65219e+001  9.30810e+000  5.42917e+002
          5316  5.49290e+002  5.31600e+003  8.65222e+001  9.29719e+000  5.43000e+002
          5317  5.49383e+002  5.31700e+003  8.65175e+001  9.28622e+000  5.43083e+002
          5318  5.49462e+002  5.31800e+003  8.65122e+001  9.27523e+000  5.43167e+002
          5319  5.49553e+002  5.31900e+003  8.65070e+001  9.26423e+000  5.43250e+002
          5320  5.49629e+002  5.32000e+003  8.65046e+001  9.25321e+000  5.43333e+002
          5321  5.49707e+002  5.32100e+003  8.65018e+001  9.24221e+000  5.43417e+002
          5322  5.49791e+002  5.32200e+003  8.64977e+001  9.23125e+000  5.43500e+002
          5323  5.49865e+002  5.32300e+003  8.64925e+001  9.22025e+000  5.43583e+002
          5324  5.49945e+002  5.32400e+003  8.64871e+001  9.20930e+000  5.43667e+002
          5325  5.50030e+002  5.32500e+003  8.64832e+001  9.19829e+000  5.43750e+002
          5326  5.50118e+002  5.32600e+003  8.64790e+001  9.18727e+000  5.43833e+002
          5327  5.50196e+002  5.32700e+003  8.64750e+001  9.17625e+000  5.43917e+002
          5328  5.50279e+002  5.32800e+003  8.64717e+001  9.16523e+000  5.44000e+002
          5329  5.50366e+002  5.32900e+003  8.64664e+001  9.15420e+000  5.44083e+002
          5330  5.50446e+002  5.33000e+003  8.64606e+001  9.14317e+000  5.44167e+002
          5331  5.50527e+002  5.33100e+003  8.64545e+001  9.13214e+000  5.44250e+002
          5332  5.50613e+002  5.33200e+003  8.64479e+001  9.12112e+000  5.44333e+002
          5333  5.50686e+002  5.33300e+003  8.64424e+001  9.11015e+000  5.44417e+002
          5334  5.50773e+002  5.33400e+003  8.64369e+001  9.09914e+000  5.44500e+002
          5335  5.50859e+002  5.33500e+003  8.64313e+001  9.08813e+000  5.44583e+002
          5336  5.50943e+002  5.33600e+003  8.64223e+001  9.07716e+000  5.44667e+002
          5337  5.51023e+002  5.33700e+003  8.64140e+001  9.06615e+000  5.44750e+002
          5338  5.51101e+002  5.33800e+003  8.64054e+001  9.05514e+000  5.44833e+002
          5339  5.51182e+002  5.33900e+003  8.63967e+001  9.04413e+000  5.44917e+002
          5340  5.51265e+002  5.34000e+003  8.63870e+001  9.03319e+000  5.45000e+002
          5341  5.51356e+002  5.34100e+003  8.63773e+001  9.02224e+000  5.45083e+002
          5342  5.51433e+002  5.34200e+003  8.63674e+001  9.01125e+000  5.45167e+002
          5343  5.51518e+002  5.34300e+003  8.63577e+001  9.00024e+000  5.45250e+002
          5344  5.51599e+002  5.34400e+003  8.63419e+001  8.98930e+000  5.45333e+002
          5345  5.51680e+002  5.34500e+003  8.63277e+001  8.97829e+000  5.45417e+002
          5346  5.51756e+002  5.34600e+003  8.63137e+001  8.96727e+000  5.45500e+002
          5347  5.51831e+002  5.34700e+003  8.63005e+001  8.95625e+000  5.45583e+002
          5348  5.51912e+002  5.34800e+003  8.62852e+001  8.94515e+000  5.45667e+002
          5349  5.52000e+002  5.34900e+003  8.62700e+001  8.93410e+000  5.45750e+002
          5350  5.52076e+002  5.35000e+003  8.62558e+001  8.92306e+000  5.45833e+002
          5351  5.52156e+002  5.35100e+003  8.62418e+001  8.91203e+000  5.45917e+002
          5352  5.52241e+002  5.35200e+003  8.62229e+001  8.90103e+000  5.46000e+002
          5353  5.52316e+002  5.35300e+003  8.62068e+001  8.89002e+000  5.46083e+002
          5354  5.52395e+002  5.35400e+003  8.61913e+001  8.87901e+000  5.46167e+002
          5355  5.52488e+002  5.35500e+003  8.61760e+001  8.86800e+000  5.46250e+002
          5356  5.52566e+002  5.35600e+003  8.61610e+001  8.85703e+000  5.46333e+002
          5357  5.52657e+002  5.35700e+003  8.61452e+001  8.84609e+000  5.46417e+002
          5358  5.52736e+002  5.35800e+003  8.61291e+001  8.83511e+000  5.46500e+002
          5359  5.52822e+002  5.35900e+003  8.61133e+001  8.82411e+000  5.46583e+002
          5360  5.52897e+002  5.36000e+003  8.60967e+001  8.81314e+000  5.46667e+002
          5361  5.52979e+002  5.36100e+003  8.60804e+001  8.80214e+000  5.46750e+002
          5362  5.53067e+002  5.36200e+003  8.60634e+001  8.79116e+000  5.46833e+002
          5363  5.53141e+002  5.36300e+003  8.60462e+001  8.78023e+000  5.46917e+002
          5364  5.53220e+002  5.36400e+003  8.60313e+001  8.76919e+000  5.47000e+002
          5365  5.53308e+002  5.36500e+003  8.60156e+001  8.75820e+000  5.47083e+002
          5366  5.53385e+002  5.36600e+003  8.59993e+001  8.74727e+000  5.47167e+002
          5367  5.53477e+002  5.36700e+003  8.59827e+001  8.73636e+000  5.47250e+002
          5368  5.53553e+002  5.36800e+003  8.59654e+001  8.72545e+000  5.47333e+002
          5369  5.53634e+002  5.36900e+003  8.59491e+001  8.71454e+000  5.47417e+002
          5370  5.53709e+002  5.37000e+003  8.59332e+001  8.70362e+000  5.47500e+002
          5371  5.53790e+002  5.37100e+003  8.59166e+001  8.69271e+000  5.47583e+002
          5372  5.53875e+002  5.37200e+003  8.59004e+001  8.68180e+000  5.47667e+002
          5373  5.53956e+002  5.37300e+003  8.58819e+001  8.67087e+000  5.47750e+002
          5374  5.54036e+002  5.37400e+003  8.58626e+001  8.65992e+000  5.47833e+002
          5375  5.54120e+002  5.37500e+003  8.58434e+001  8.64897e+000  5.47917e+002
          5376  5.54199e+002  5.37600e+003  8.58239e+001  8.63796e+000  5.48000e+002
          5377  5.54284e+002  5.37700e+003  8.58042e+001  8.62697e+000  5.48083e+002
          5378  5.54371e+002  5.37800e+003  8.57847e+001  8.61599e+000  5.48167e+002
          5379  5.54443e+002  5.37900e+003  8.57660e+001  8.60500e+000  5.48250e+002
          5380  5.54534e+002  5.38000e+003  8.57456e+001  8.59399e+000  5.48333e+002
          5381  5.54606e+002  5.38100e+003  8.57259e+001  8.58300e+000  5.48417e+002
          5382  5.54689e+002  5.38200e+003  8.57058e+001  8.57203e+000  5.48500e+002
          5383  5.54776e+002  5.38300e+003  8.56854e+001  8.56111e+000  5.48583e+002
          5384  5.54854e+002  5.38400e+003  8.56677e+001  8.55015e+000  5.48667e+002
          5385  5.54931e+002  5.38500e+003  8.56495e+001  8.53922e+000  5.48750e+002
          5386  5.55008e+002  5.38600e+003  8.56319e+001  8.52823e+000  5.48833e+002
          5387  5.55105e+002  5.38700e+003  8.56143e+001  8.51723e+000  5.48917e+002
          5388  5.55181e+002  5.38800e+003  8.55987e+001  8.50632e+000  5.49000e+002
          5389  5.55252e+002  5.38900e+003  8.55836e+001  8.49541e+000  5.49083e+002
          5390  5.55341e+002  5.39000e+003  8.55702e+001  8.48450e+000  5.49167e+002
          5391  5.55422e+002  5.39100e+003  8.55588e+001  8.47358e+000  5.49250e+002
          5392  5.55501e+002  5.39200e+003  8.55500e+001  8.46273e+000  5.49333e+002
          5393  5.55587e+002  5.39300e+003  8.55396e+001  8.45182e+000  5.49417e+002
          5394  5.55664e+002  5.39400e+003  8.55286e+001  8.44089e+000  5.49500e+002
          5395  5.55749e+002  5.39500e+003  8.55165e+001  8.42995e+000  5.49583e+002
          5396  5.55830e+002  5.39600e+003  8.55083e+001  8.41906e+000  5.49667e+002
          5397  5.55917e+002  5.39700e+003  8.54950e+001  8.40816e+000  5.49750e+002
          5398  5.55994e+002  5.39800e+003  8.54796e+001  8.39720e+000  5.49833e+002
          5399  5.56085e+002  5.39900e+003  8.54639e+001  8.38622e+000  5.49917e+002
          5400  5.56163e+002  5.40000e+003  8.54500e+001  8.37530e+000  5.50000e+002
          5401  5.56244e+002  5.40100e+003  8.54315e+001  8.36440e+000  5.50083e+002
          5402  5.56325e+002  5.40200e+003  8.54118e+001  8.35349e+000  5.50167e+002
          5403  5.56406e+002  5.40300e+003  8.53925e+001  8.34258e+000  5.50250e+002
          5404  5.56496e+002  5.40400e+003  8.53588e+001  8.33164e+000  5.50333e+002
          5405  5.56576e+002  5.40500e+003  8.53329e+001  8.32072e+000  5.50417e+002
          5406  5.56649e+002  5.40600e+003  8.53080e+001  8.30981e+000  5.50500e+002
          5407  5.56734e+002  5.40700e+003  8.52819e+001  8.29895e+000  5.50583e+002
          5408  5.56813e+002  5.40800e+003  8.52490e+001  8.28809e+000  5.50667e+002
          5409  5.56899e+002  5.40900e+003  8.52211e+001  8.27718e+000  5.50750e+002
          5410  5.56976e+002  5.41000e+003  8.51937e+001  8.26631e+000  5.50833e+002
          5411  5.57059e+002  5.41100e+003  8.51669e+001  8.25544e+000  5.50917e+002
          5412  5.57137e+002  5.41200e+003  8.51362e+001  8.24455e+000  5.51000e+002
          5413  5.57210e+002  5.41300e+003  8.51076e+001  8.23365e+000  5.51083e+002
          5414  5.57301e+002  5.41400e+003  8.50788e+001  8.22274e+000  5.51167e+002
          5415  5.57380e+002  5.41500e+003  8.50500e+001  8.21183e+000  5.51250e+002
          5416  5.57460e+002  5.41600e+003  8.50201e+001  8.20098e+000  5.51333e+002
          5417  5.57541e+002  5.41700e+003  8.49920e+001  8.19013e+000  5.51417e+002
          5418  5.57620e+002  5.41800e+003  8.49643e+001  8.17928e+000  5.51500e+002
          5419  5.57699e+002  5.41900e+003  8.49364e+001  8.16843e+000  5.51583e+002
          5420  5.57784e+002  5.42000e+003  8.49101e+001  8.15773e+000  5.51667e+002
          5421  5.57869e+002  5.42100e+003  8.48824e+001  8.14697e+000  5.51750e+002
          5422  5.57950e+002  5.42200e+003  8.48544e+001  8.13618e+000  5.51833e+002
          5423  5.58035e+002  5.42300e+003  8.48269e+001  8.12538e+000  5.51917e+002
          5424  5.58106e+002  5.42400e+003  8.48002e+001  8.11457e+000  5.52000e+002
          5425  5.58192e+002  5.42500e+003  8.47736e+001  8.10374e+000  5.52083e+002
          5426  5.58275e+002  5.42600e+003  8.47461e+001  8.09292e+000  5.52167e+002
          5427  5.58356e+002  5.42700e+003  8.47186e+001  8.08204e+000  5.52250e+002
          5428  5.58439e+002  5.42800e+003  8.46929e+001  8.07116e+000  5.52333e+002
          5429  5.58518e+002  5.42900e+003  8.46667e+001  8.06030e+000  5.52417e+002
          5430  5.58604e+002  5.43000e+003  8.46415e+001  8.04943e+000  5.52500e+002
          5431  5.58687e+002  5.43100e+003  8.46165e+001  8.03856e+000  5.52583e+002
          5432  5.58759e+002  5.43200e+003  8.45944e+001  8.02778e+000  5.52667e+002
          5433  5.58836e+002  5.43300e+003  8.45708e+001  8.01693e+000  5.52750e+002
          5434  5.58917e+002  5.43400e+003  8.45473e+001  8.00611e+000  5.52833e+002
          5435  5.59001e+002  5.43500e+003  8.45229e+001  7.99528e+000  5.52917e+002
          5436  5.59077e+002  5.43600e+003  8.45006e+001  7.98448e+000  5.53000e+002
          5437  5.59166e+002  5.43700e+003  8.44779e+001  7.97370e+000  5.53083e+002
          5438  5.59245e+002  5.43800e+003  8.44557e+001  7.96293e+000  5.53167e+002
          5439  5.59331e+002  5.43900e+003  8.44333e+001  7.95214e+000  5.53250e+002
          5440  5.59404e+002  5.44000e+003  8.44112e+001  7.94135e+000  5.53333e+002
          5441  5.59482e+002  5.44100e+003  8.43886e+001  7.93052e+000  5.53417e+002
          5442  5.59573e+002  5.44200e+003  8.43663e+001  7.91969e+000  5.53500e+002
          5443  5.59667e+002  5.44300e+003  8.43445e+001  7.90890e+000  5.53583e+002
          5444  5.59742e+002  5.44400e+003  8.43224e+001  7.89806e+000  5.53667e+002
          5445  5.59829e+002  5.44500e+003  8.43001e+001  7.88723e+000  5.53750e+002
          5446  5.59910e+002  5.44600e+003  8.42777e+001  7.87639e+000  5.53833e+002
          5447  5.59993e+002  5.44700e+003  8.42558e+001  7.86554e+000  5.53917e+002
          5448  5.60066e+002  5.44800e+003  8.42336e+001  7.85471e+000  5.54000e+002
          5449  5.60151e+002  5.44900e+003  8.42120e+001  7.84391e+000  5.54083e+002
          5450  5.60231e+002  5.45000e+003  8.41907e+001  7.83310e+000  5.54167e+002
          5451  5.60319e+002  5.45100e+003  8.41700e+001  7.82228e+000  5.54250e+002
          5452  5.60396e+002  5.45200e+003  8.41489e+001  7.81155e+000  5.54333e+002
          5453  5.60473e+002  5.45300e+003  8.41258e+001  7.80080e+000  5.54417e+002
          5454  5.60557e+002  5.45400e+003  8.41040e+001  7.79004e+000  5.54500e+002
          5455  5.60639e+002  5.45500e+003  8.40828e+001  7.77925e+000  5.54583e+002
          5456  5.60718e+002  5.45600e+003  8.40607e+001  7.76849e+000  5.54667e+002
          5457  5.60800e+002  5.45700e+003  8.40387e+001  7.75769e+000  5.54750e+002
          5458  5.60889e+002  5.45800e+003  8.40162e+001  7.74692e+000  5.54833e+002
          5459  5.60968e+002  5.45900e+003  8.39935e+001  7.73614e+000  5.54917e+002
          5460  5.61043e+002  5.46000e+003  8.39731e+001  7.72535e+000  5.55000e+002
          5461  5.61122e+002  5.46100e+003  8.39517e+001  7.71455e+000  5.55083e+002
          5462  5.61207e+002  5.46200e+003  8.39300e+001  7.70378e+000  5.55167e+002
          5463  5.61289e+002  5.46300e+003  8.39083e+001  7.69302e+000  5.55250e+002
          5464  5.61372e+002  5.46400e+003  8.38851e+001  7.68239e+000  5.55333e+002
          5465  5.61446e+002  5.46500e+003  8.38611e+001  7.67167e+000  5.55417e+002
          5466  5.61526e+002  5.46600e+003  8.38357e+001  7.66088e+000  5.55500e+002
          5467  5.61611e+002  5.46700e+003  8.38101e+001  7.65011e+000  5.55583e+002
          5468  5.61694e+002  5.46800e+003  8.37811e+001  7.63935e+000  5.55667e+002
          5469  5.61770e+002  5.46900e+003  8.37526e+001  7.62860e+000  5.55750e+002
          5470  5.61853e+002  5.47000e+003  8.37237e+001  7.61779e+000  5.55833e+002
          5471  5.61935e+002  5.47100e+003  8.36939e+001  7.60701e+000  5.55917e+002
          5472  5.62018e+002  5.47200e+003  8.36563e+001  7.59620e+000  5.56000e+002
          5473  5.62104e+002  5.47300e+003  8.36230e+001  7.58537e+000  5.56083e+002
          5474  5.62182e+002  5.47400e+003  8.35899e+001  7.57455e+000  5.56167e+002
          5475  5.62262e+002  5.47500e+003  8.35570e+001  7.56378e+000  5.56250e+002
          5476  5.62344e+002  5.47600e+003  8.35188e+001  7.55299e+000  5.56333e+002
          5477  5.62421e+002  5.47700e+003  8.34845e+001  7.54221e+000  5.56417e+002
          5478  5.62501e+002  5.47800e+003  8.34513e+001  7.53148e+000  5.56500e+002
          5479  5.62587e+002  5.47900e+003  8.34184e+001  7.52075e+000  5.56583e+002
          5480  5.62658e+002  5.48000e+003  8.33819e+001  7.51014e+000  5.56667e+002
          5481  5.62738e+002  5.48100e+003  8.33472e+001  7.49948e+000  5.56750e+002
          5482  5.62828e+002  5.48200e+003  8.33126e+001  7.48879e+000  5.56833e+002
          5483  5.62904e+002  5.48300e+003  8.32781e+001  7.47808e+000  5.56917e+002
          5484  5.62990e+002  5.48400e+003  8.32465e+001  7.46739e+000  5.57000e+002
          5485  5.63068e+002  5.48500e+003  8.32130e+001  7.45673e+000  5.57083e+002
          5486  5.63152e+002  5.48600e+003  8.31790e+001  7.44609e+000  5.57167e+002
          5487  5.63228e+002  5.48700e+003  8.31456e+001  7.43545e+000  5.57250e+002
          5488  5.63307e+002  5.48800e+003  8.31139e+001  7.42477e+000  5.57333e+002
          5489  5.63382e+002  5.48900e+003  8.30830e+001  7.41411e+000  5.57417e+002
          5490  5.63469e+002  5.49000e+003  8.30525e+001  7.40340e+000  5.57500e+002
          5491  5.63545e+002  5.49100e+003  8.30216e+001  7.39272e+000  5.57583e+002
          5492  5.63627e+002  5.49200e+003  8.29908e+001  7.38199e+000  5.57667e+002
          5493  5.63719e+002  5.49300e+003  8.29588e+001  7.37126e+000  5.57750e+002
          5494  5.63788e+002  5.49400e+003  8.29271e+001  7.36057e+000  5.57833e+002
          5495  5.63875e+002  5.49500e+003  8.28964e+001  7.34986e+000  5.57917e+002
          5496  5.63958e+002  5.49600e+003  8.28697e+001  7.33910e+000  5.58000e+002
          5497  5.64037e+002  5.49700e+003  8.28397e+001  7.32844e+000  5.58083e+002
          5498  5.64119e+002  5.49800e+003  8.28083e+001  7.31782e+000  5.58167e+002
          5499  5.64203e+002  5.49900e+003  8.27751e+001  7.30721e+000  5.58250e+002
          5500  5.64283e+002  5.50000e+003  8.27395e+001  7.29662e+000  5.58333e+002
          5501  5.64364e+002  5.50100e+003  8.27073e+001  7.28604e+000  5.58417e+002
          5502  5.64440e+002  5.50200e+003  8.26763e+001  7.27544e+000  5.58500e+002
          5503  5.64535e+002  5.50300e+003  8.26458e+001  7.26480e+000  5.58583e+002
          5504  5.64605e+002  5.50400e+003  8.26154e+001  7.25420e+000  5.58667e+002
          5505  5.64678e+002  5.50500e+003  8.25845e+001  7.24357e+000  5.58750e+002
          5506  5.64768e+002  5.50600e+003  8.25543e+001  7.23293e+000  5.58833e+002
          5507  5.64853e+002  5.50700e+003  8.25244e+001  7.22231e+000  5.58917e+002
          5508  5.64933e+002  5.50800e+003  8.24905e+001  7.21166e+000  5.59000e+002
          5509  5.65008e+002  5.50900e+003  8.24570e+001  7.20099e+000  5.59083e+002
          5510  5.65088e+002  5.51000e+003  8.24239e+001  7.19035e+000  5.59167e+002
          5511  5.65172e+002  5.51100e+003  8.23906e+001  7.17970e+000  5.59250e+002
          5512  5.65251e+002  5.51200e+003  8.23629e+001  7.16908e+000  5.59333e+002
          5513  5.65333e+002  5.51300e+003  8.23324e+001  7.15847e+000  5.59417e+002
          5514  5.65411e+002  5.51400e+003  8.23018e+001  7.14789e+000  5.59500e+002
          5515  5.65493e+002  5.51500e+003  8.22726e+001  7.13730e+000  5.59583e+002
          5516  5.65576e+002  5.51600e+003  8.22397e+001  7.12675e+000  5.59667e+002
          5517  5.65659e+002  5.51700e+003  8.22113e+001  7.11617e+000  5.59750e+002
          5518  5.65735e+002  5.51800e+003  8.21874e+001  7.10559e+000  5.59833e+002
          5519  5.65811e+002  5.51900e+003  8.21659e+001  7.09503e+000  5.59917e+002
          5520  5.65899e+002  5.52000e+003  8.21492e+001  7.08431e+000  5.60000e+002
          5521  5.65986e+002  5.52100e+003  8.21287e+001  7.07367e+000  5.60083e+002
          5522  5.66052e+002  5.52200e+003  8.21064e+001  7.06306e+000  5.60167e+002
          5523  5.66141e+002  5.52300e+003  8.20838e+001  7.05245e+000  5.60250e+002
          5524  5.66217e+002  5.52400e+003  8.20707e+001  7.04184e+000  5.60333e+002
          5525  5.66307e+002  5.52500e+003  8.20505e+001  7.03123e+000  5.60417e+002
          5526  5.66390e+002  5.52600e+003  8.20284e+001  7.02060e+000  5.60500e+002
          5527  5.66472e+002  5.52700e+003  8.20056e+001  7.00994e+000  5.60583e+002
          5528  5.66553e+002  5.52800e+003  8.19884e+001  6.99937e+000  5.60667e+002
          5529  5.66630e+002  5.52900e+003  8.19667e+001  6.98876e+000  5.60750e+002
          5530  5.66711e+002  5.53000e+003  8.19431e+001  6.97816e+000  5.60833e+002
          5531  5.66792e+002  5.53100e+003  8.19198e+001  6.96755e+000  5.60917e+002
          5532  5.66874e+002  5.53200e+003  8.18867e+001  6.95698e+000  5.61000e+002
          5533  5.66955e+002  5.53300e+003  8.18590e+001  6.94640e+000  5.61083e+002
          5534  5.67036e+002  5.53400e+003  8.18311e+001  6.93585e+000  5.61167e+002
          5535  5.67117e+002  5.53500e+003  8.18018e+001  6.92528e+000  5.61250e+002
          5536  5.67189e+002  5.53600e+003  8.17703e+001  6.91473e+000  5.61333e+002
          5537  5.67268e+002  5.53700e+003  8.17400e+001  6.90419e+000  5.61417e+002
          5538  5.67349e+002  5.53800e+003  8.17093e+001  6.89367e+000  5.61500e+002
          5539  5.67434e+002  5.53900e+003  8.16788e+001  6.88314e+000  5.61583e+002
          5540  5.67517e+002  5.54000e+003  8.16454e+001  6.87255e+000  5.61667e+002
          5541  5.67596e+002  5.54100e+003  8.16142e+001  6.86202e+000  5.61750e+002
          5542  5.67679e+002  5.54200e+003  8.15818e+001  6.85153e+000  5.61833e+002
          5543  5.67762e+002  5.54300e+003  8.15503e+001  6.84102e+000  5.61917e+002
          5544  5.67830e+002  5.54400e+003  8.15131e+001  6.83055e+000  5.62000e+002
          5545  5.67921e+002  5.54500e+003  8.14802e+001  6.82007e+000  5.62083e+002
          5546  5.67997e+002  5.54600e+003  8.14475e+001  6.80960e+000  5.62167e+002
          5547  5.68082e+002  5.54700e+003  8.14142e+001  6.79911e+000  5.62250e+002
          5548  5.68163e+002  5.54800e+003  8.13827e+001  6.78868e+000  5.62333e+002
          5549  5.68244e+002  5.54900e+003  8.13483e+001  6.77821e+000  5.62417e+002
          5550  5.68320e+002  5.55000e+003  8.13128e+001  6.76773e+000  5.62500e+002
          5551  5.68406e+002  5.55100e+003  8.12759e+001  6.75723e+000  5.62583e+002
          5552  5.68485e+002  5.55200e+003  8.12381e+001  6.74675e+000  5.62667e+002
          5553  5.68570e+002  5.55300e+003  8.12001e+001  6.73622e+000  5.62750e+002
          5554  5.68656e+002  5.55400e+003  8.11610e+001  6.72567e+000  5.62833e+002
          5555  5.68736e+002  5.55500e+003  8.11210e+001  6.71514e+000  5.62917e+002
          5556  5.68817e+002  5.55600e+003  8.10777e+001  6.70455e+000  5.63000e+002
          5557  5.68896e+002  5.55700e+003  8.10386e+001  6.69400e+000  5.63083e+002
          5558  5.68974e+002  5.55800e+003  8.10005e+001  6.68344e+000  5.63167e+002
          5559  5.69054e+002  5.55900e+003  8.09628e+001  6.67290e+000  5.63250e+002
          5560  5.69133e+002  5.56000e+003  8.09245e+001  6.66245e+000  5.63333e+002
          5561  5.69221e+002  5.56100e+003  8.08886e+001  6.65203e+000  5.63417e+002
          5562  5.69297e+002  5.56200e+003  8.08540e+001  6.64158e+000  5.63500e+002
          5563  5.69370e+002  5.56300e+003  8.08192e+001  6.63110e+000  5.63583e+002
          5564  5.69459e+002  5.56400e+003  8.07852e+001  6.62078e+000  5.63667e+002
          5565  5.69541e+002  5.56500e+003  8.07490e+001  6.61039e+000  5.63750e+002
          5566  5.69618e+002  5.56600e+003  8.07115e+001  6.59994e+000  5.63833e+002
          5567  5.69697e+002  5.56700e+003  8.06751e+001  6.58946e+000  5.63917e+002
          5568  5.69778e+002  5.56800e+003  8.06435e+001  6.57895e+000  5.64000e+002
          5569  5.69864e+002  5.56900e+003  8.06064e+001  6.56843e+000  5.64083e+002
          5570  5.69939e+002  5.57000e+003  8.05677e+001  6.55795e+000  5.64167e+002
          5571  5.70018e+002  5.57100e+003  8.05293e+001  6.54749e+000  5.64250e+002
          5572  5.70104e+002  5.57200e+003  8.04924e+001  6.53700e+000  5.64333e+002
          5573  5.70188e+002  5.57300e+003  8.04570e+001  6.52656e+000  5.64417e+002
          5574  5.70264e+002  5.57400e+003  8.04213e+001  6.51615e+000  5.64500e+002
          5575  5.70343e+002  5.57500e+003  8.03856e+001  6.50572e+000  5.64583e+002
          5576  5.70428e+002  5.57600e+003  8.03522e+001  6.49527e+000  5.64667e+002
          5577  5.70510e+002  5.57700e+003  8.03187e+001  6.48484e+000  5.64750e+002
          5578  5.70584e+002  5.57800e+003  8.02847e+001  6.47442e+000  5.64833e+002
          5579  5.70672e+002  5.57900e+003  8.02512e+001  6.46397e+000  5.64917e+002
          5580  5.70758e+002  5.58000e+003  8.02230e+001  6.45350e+000  5.65000e+002
          5581  5.70837e+002  5.58100e+003  8.01918e+001  6.44304e+000  5.65083e+002
          5582  5.70917e+002  5.58200e+003  8.01608e+001  6.43261e+000  5.65167e+002
          5583  5.70992e+002  5.58300e+003  8.01299e+001  6.42222e+000  5.65250e+002
          5584  5.71069e+002  5.58400e+003  8.01007e+001  6.41182e+000  5.65333e+002
          5585  5.71157e+002  5.58500e+003  8.00723e+001  6.40144e+000  5.65417e+002
          5586  5.71242e+002  5.58600e+003  8.00443e+001  6.39111e+000  5.65500e+002
          5587  5.71326e+002  5.58700e+003  8.00159e+001  6.38080e+000  5.65583e+002
          5588  5.71406e+002  5.58800e+003  7.99906e+001  6.37047e+000  5.65667e+002
          5589  5.71482e+002  5.58900e+003  7.99633e+001  6.36016e+000  5.65750e+002
          5590  5.71572e+002  5.59000e+003  7.99355e+001  6.34986e+000  5.65833e+002
          5591  5.71663e+002  5.59100e+003  7.99088e+001  6.33953e+000  5.65917e+002
          5592  5.71731e+002  5.59200e+003  7.98876e+001  6.32912e+000  5.66000e+002
          5593  5.71819e+002  5.59300e+003  7.98643e+001  6.31874e+000  5.66083e+002
          5594  5.71894e+002  5.59400e+003  7.98414e+001  6.30836e+000  5.66167e+002
          5595  5.71975e+002  5.59500e+003  7.98197e+001  6.29795e+000  5.66250e+002
          5596  5.72051e+002  5.59600e+003  7.97988e+001  6.28750e+000  5.66333e+002
          5597  5.72136e+002  5.59700e+003  7.97776e+001  6.27714e+000  5.66417e+002
          5598  5.72217e+002  5.59800e+003  7.97557e+001  6.26680e+000  5.66500e+002
          5599  5.72303e+002  5.59900e+003  7.97335e+001  6.25644e+000  5.66583e+002
          5600  5.72381e+002  5.60000e+003  7.97171e+001  6.24620e+000  5.66667e+002
          5601  5.72471e+002  5.60100e+003  7.96982e+001  6.23594e+000  5.66750e+002
          5602  5.72547e+002  5.60200e+003  7.96785e+001  6.22568e+000  5.66833e+002
          5603  5.72633e+002  5.60300e+003  7.96587e+001  6.21538e+000  5.66917e+002
          5604  5.72715e+002  5.60400e+003  7.96394e+001  6.20511e+000  5.67000e+002
          5605  5.72787e+002  5.60500e+003  7.96177e+001  6.19478e+000  5.67083e+002
          5606  5.72878e+002  5.60600e+003  7.95948e+001  6.18446e+000  5.67167e+002
          5607  5.72964e+002  5.60700e+003  7.95723e+001  6.17415e+000  5.67250e+002
          5608  5.73038e+002  5.60800e+003  7.95474e+001  6.16383e+000  5.67333e+002
          5609  5.73122e+002  5.60900e+003  7.95257e+001  6.15350e+000  5.67417e+002
          5610  5.73208e+002  5.61000e+003  7.95037e+001  6.14319e+000  5.67500e+002
          5611  5.73284e+002  5.61100e+003  7.94804e+001  6.13291e+000  5.67583e+002
          5612  5.73372e+002  5.61200e+003  7.94543e+001  6.12260e+000  5.67667e+002
          5613  5.73454e+002  5.61300e+003  7.94290e+001  6.11230e+000  5.67750e+002
          5614  5.73525e+002  5.61400e+003  7.94033e+001  6.10202e+000  5.67833e+002
          5615  5.73600e+002  5.61500e+003  7.93770e+001  6.09177e+000  5.67917e+002
          5616  5.73688e+002  5.61600e+003  7.93515e+001  6.08143e+000  5.68000e+002
          5617  5.73764e+002  5.61700e+003  7.93271e+001  6.07113e+000  5.68083e+002
          5618  5.73845e+002  5.61800e+003  7.93033e+001  6.06088e+000  5.68167e+002
          5619  5.73924e+002  5.61900e+003  7.92791e+001  6.05064e+000  5.68250e+002
          5620  5.74015e+002  5.62000e+003  7.92505e+001  6.04035e+000  5.68333e+002
          5621  5.74090e+002  5.62100e+003  7.92238e+001  6.03008e+000  5.68417e+002
          5622  5.74178e+002  5.62200e+003  7.91989e+001  6.01985e+000  5.68500e+002
          5623  5.74255e+002  5.62300e+003  7.91752e+001  6.00963e+000  5.68583e+002
          5624  5.74337e+002  5.62400e+003  7.91535e+001  5.99933e+000  5.68667e+002
          5625  5.74420e+002  5.62500e+003  7.91314e+001  5.98904e+000  5.68750e+002
          5626  5.74499e+002  5.62600e+003  7.91094e+001  5.97872e+000  5.68833e+002
          5627  5.74578e+002  5.62700e+003  7.90881e+001  5.96840e+000  5.68917e+002
          5628  5.74667e+002  5.62800e+003  7.90682e+001  5.95808e+000  5.69000e+002
          5629  5.74751e+002  5.62900e+003  7.90472e+001  5.94781e+000  5.69083e+002
          5630  5.74825e+002  5.63000e+003  7.90256e+001  5.93755e+000  5.69167e+002
          5631  5.74911e+002  5.63100e+003  7.90046e+001  5.92727e+000  5.69250e+002
          5632  5.74986e+002  5.63200e+003  7.89878e+001  5.91707e+000  5.69333e+002
          5633  5.75071e+002  5.63300e+003  7.89678e+001  5.90683e+000  5.69417e+002
          5634  5.75156e+002  5.63400e+003  7.89474e+001  5.89654e+000  5.69500e+002
          5635  5.75233e+002  5.63500e+003  7.89286e+001  5.88625e+000  5.69583e+002
          5636  5.75316e+002  5.63600e+003  7.89115e+001  5.87598e+000  5.69667e+002
          5637  5.75403e+002  5.63700e+003  7.88943e+001  5.86575e+000  5.69750e+002
          5638  5.75481e+002  5.63800e+003  7.88762e+001  5.85554e+000  5.69833e+002
          5639  5.75559e+002  5.63900e+003  7.88570e+001  5.84536e+000  5.69917e+002
          5640  5.75636e+002  5.64000e+003  7.88384e+001  5.83517e+000  5.70000e+002
          5641  5.75724e+002  5.64100e+003  7.88210e+001  5.82494e+000  5.70083e+002
          5642  5.75802e+002  5.64200e+003  7.88034e+001  5.81466e+000  5.70167e+002
          5643  5.75890e+002  5.64300e+003  7.87855e+001  5.80437e+000  5.70250e+002
          5644  5.75969e+002  5.64400e+003  7.87706e+001  5.79404e+000  5.70333e+002
          5645  5.76057e+002  5.64500e+003  7.87524e+001  5.78379e+000  5.70417e+002
          5646  5.76124e+002  5.64600e+003  7.87338e+001  5.77357e+000  5.70500e+002
          5647  5.76210e+002  5.64700e+003  7.87149e+001  5.76337e+000  5.70583e+002
          5648  5.76288e+002  5.64800e+003  7.86927e+001  5.75330e+000  5.70667e+002
          5649  5.76369e+002  5.64900e+003  7.86737e+001  5.74317e+000  5.70750e+002
          5650  5.76454e+002  5.65000e+003  7.86571e+001  5.73299e+000  5.70833e+002
          5651  5.76539e+002  5.65100e+003  7.86410e+001  5.72282e+000  5.70917e+002
          5652  5.76610e+002  5.65200e+003  7.86235e+001  5.71269e+000  5.71000e+002
          5653  5.76700e+002  5.65300e+003  7.86073e+001  5.70253e+000  5.71083e+002
          5654  5.76769e+002  5.65400e+003  7.85928e+001  5.69231e+000  5.71167e+002
          5655  5.76861e+002  5.65500e+003  7.85788e+001  5.68209e+000  5.71250e+002
          5656  5.76944e+002  5.65600e+003  7.85664e+001  5.67186e+000  5.71333e+002
          5657  5.77022e+002  5.65700e+003  7.85529e+001  5.66164e+000  5.71417e+002
          5658  5.77099e+002  5.65800e+003  7.85398e+001  5.65138e+000  5.71500e+002
          5659  5.77188e+002  5.65900e+003  7.85263e+001  5.64112e+000  5.71583e+002
          5660  5.77263e+002  5.66000e+003  7.85164e+001  5.63090e+000  5.71667e+002
          5661  5.77341e+002  5.66100e+003  7.85036e+001  5.62069e+000  5.71750e+002
          5662  5.77425e+002  5.66200e+003  7.84904e+001  5.61051e+000  5.71833e+002
          5663  5.77508e+002  5.66300e+003  7.84769e+001  5.60035e+000  5.71917e+002
          5664  5.77585e+002  5.66400e+003  7.84627e+001  5.59024e+000  5.72000e+002
          5665  5.77671e+002  5.66500e+003  7.84481e+001  5.58006e+000  5.72083e+002
          5666  5.77754e+002  5.66600e+003  7.84324e+001  5.56988e+000  5.72167e+002
          5667  5.77834e+002  5.66700e+003  7.84163e+001  5.55971e+000  5.72250e+002
          5668  5.77910e+002  5.66800e+003  7.83961e+001  5.54955e+000  5.72333e+002
          5669  5.77999e+002  5.66900e+003  7.83788e+001  5.53941e+000  5.72417e+002
          5670  5.78082e+002  5.67000e+003  7.83640e+001  5.52929e+000  5.72500e+002
          5671  5.78164e+002  5.67100e+003  7.83492e+001  5.51919e+000  5.72583e+002
          5672  5.78242e+002  5.67200e+003  7.83371e+001  5.50912e+000  5.72667e+002
          5673  5.78328e+002  5.67300e+003  7.83276e+001  5.49898e+000  5.72750e+002
          5674  5.78410e+002  5.67400e+003  7.83184e+001  5.48883e+000  5.72833e+002
          5675  5.78492e+002  5.67500e+003  7.83077e+001  5.47869e+000  5.72917e+002
          5676  5.78566e+002  5.67600e+003  7.82978e+001  5.46853e+000  5.73000e+002
          5677  5.78644e+002  5.67700e+003  7.82866e+001  5.45840e+000  5.73083e+002
          5678  5.78735e+002  5.67800e+003  7.82739e+001  5.44829e+000  5.73167e+002
          5679  5.78814e+002  5.67900e+003  7.82600e+001  5.43819e+000  5.73250e+002
          5680  5.78899e+002  5.68000e+003  7.82544e+001  5.42815e+000  5.73333e+002
          5681  5.78978e+002  5.68100e+003  7.82423e+001  5.41810e+000  5.73417e+002
          5682  5.79068e+002  5.68200e+003  7.82262e+001  5.40806e+000  5.73500e+002
          5683  5.79144e+002  5.68300e+003  7.82078e+001  5.39802e+000  5.73583e+002
          5684  5.79218e+002  5.68400e+003  7.81790e+001  5.38803e+000  5.73667e+002
          5685  5.79300e+002  5.68500e+003  7.81567e+001  5.37802e+000  5.73750e+002
          5686  5.79379e+002  5.68600e+003  7.81361e+001  5.36801e+000  5.73833e+002
          5687  5.79474e+002  5.68700e+003  7.81152e+001  5.35800e+000  5.73917e+002
          5688  5.79543e+002  5.68800e+003  7.80858e+001  5.34800e+000  5.74000e+002
          5689  5.79628e+002  5.68900e+003  7.80617e+001  5.33800e+000  5.74083e+002
          5690  5.79708e+002  5.69000e+003  7.80388e+001  5.32800e+000  5.74167e+002
          5691  5.79789e+002  5.69100e+003  7.80158e+001  5.31800e+000  5.74250e+002
          5692  5.79872e+002  5.69200e+003  7.79871e+001  5.30800e+000  5.74333e+002
          5693  5.79955e+002  5.69300e+003  7.79615e+001  5.29800e+000  5.74417e+002
          5694  5.80039e+002  5.69400e+003  7.79367e+001  5.28800e+000  5.74500e+002
          5695  5.80119e+002  5.69500e+003  7.79127e+001  5.27800e+000  5.74583e+002
          5696  5.80192e+002  5.69600e+003  7.78899e+001  5.26800e+000  5.74667e+002
          5697  5.80270e+002  5.69700e+003  7.78661e+001  5.25800e+000  5.74750e+002
          5698  5.80357e+002  5.69800e+003  7.78433e+001  5.24800e+000  5.74833e+002
          5699  5.80436e+002  5.69900e+003  7.78213e+001  5.23800e+000  5.74917e+002
          5700  5.80516e+002  5.70000e+003  7.78009e+001  5.22800e+000  5.75000e+002
          5701  5.80585e+002  5.70100e+003  7.77805e+001  5.21800e+000  5.75083e+002
          5702  5.80679e+002  5.70200e+003  7.77598e+001  5.20800e+000  5.75167e+002
          5703  5.80761e+002  5.70300e+003  7.77389e+001  5.19800e+000  5.75250e+002
          5704  5.80844e+002  5.70400e+003  7.77206e+001  5.18800e+000  5.75333e+002
          5705  5.80924e+002  5.70500e+003  7.77008e+001  5.17800e+000  5.75417e+002
          5706  5.81007e+002  5.70600e+003  7.76802e+001  5.16800e+000  5.75500e+002
          5707  5.81091e+002  5.70700e+003  7.76593e+001  5.15800e+000  5.75583e+002
          5708  5.81177e+002  5.70800e+003  7.76421e+001  5.14800e+000  5.75667e+002
          5709  5.81247e+002  5.70900e+003  7.76207e+001  5.13803e+000  5.75750e+002
          5710  5.81330e+002  5.71000e+003  7.75989e+001  5.12812e+000  5.75833e+002
          5711  5.81424e+002  5.71100e+003  7.75771e+001  5.11822e+000  5.75917e+002
          5712  5.81497e+002  5.71200e+003  7.75538e+001  5.10834e+000  5.76000e+002
          5713  5.81580e+002  5.71300e+003  7.75326e+001  5.09836e+000  5.76083e+002
          5714  5.81663e+002  5.71400e+003  7.75128e+001  5.08837e+000  5.76167e+002
          5715  5.81744e+002  5.71500e+003  7.74935e+001  5.07836e+000  5.76250e+002
          5716  5.81819e+002  5.71600e+003  7.74742e+001  5.06828e+000  5.76333e+002
          5717  5.81901e+002  5.71700e+003  7.74561e+001  5.05826e+000  5.76417e+002
          5718  5.81981e+002  5.71800e+003  7.74396e+001  5.04831e+000  5.76500e+002
          5719  5.82060e+002  5.71900e+003  7.74243e+001  5.03837e+000  5.76583e+002
          5720  5.82144e+002  5.72000e+003  7.74149e+001  5.02847e+000  5.76667e+002
          5721  5.82229e+002  5.72100e+003  7.74021e+001  5.01855e+000  5.76750e+002
          5722  5.82315e+002  5.72200e+003  7.73883e+001  5.00863e+000  5.76833e+002
          5723  5.82399e+002  5.72300e+003  7.73748e+001  4.99871e+000  5.76917e+002
          5724  5.82478e+002  5.72400e+003  7.73671e+001  4.98880e+000  5.77000e+002
          5725  5.82564e+002  5.72500e+003  7.73563e+001  4.97887e+000  5.77083e+002
          5726  5.82650e+002  5.72600e+003  7.73439e+001  4.96892e+000  5.77167e+002
          5727  5.82725e+002  5.72700e+003  7.73326e+001  4.95897e+000  5.77250e+002
          5728  5.82804e+002  5.72800e+003  7.73252e+001  4.94896e+000  5.77333e+002
          5729  5.82886e+002  5.72900e+003  7.73150e+001  4.93897e+000  5.77417e+002
          5730  5.82966e+002  5.73000e+003  7.73043e+001  4.92901e+000  5.77500e+002
          5731  5.83042e+002  5.73100e+003  7.72934e+001  4.91911e+000  5.77583e+002
          5732  5.83126e+002  5.73200e+003  7.72798e+001  4.90923e+000  5.77667e+002
          5733  5.83206e+002  5.73300e+003  7.72680e+001  4.89934e+000  5.77750e+002
          5734  5.83288e+002  5.73400e+003  7.72573e+001  4.88946e+000  5.77833e+002
          5735  5.83379e+002  5.73500e+003  7.72463e+001  4.87957e+000  5.77917e+002
          5736  5.83462e+002  5.73600e+003  7.72355e+001  4.86974e+000  5.78000e+002
          5737  5.83541e+002  5.73700e+003  7.72249e+001  4.85993e+000  5.78083e+002
          5738  5.83622e+002  5.73800e+003  7.72144e+001  4.85011e+000  5.78167e+002
          5739  5.83697e+002  5.73900e+003  7.72039e+001  4.84029e+000  5.78250e+002
          5740  5.83782e+002  5.74000e+003  7.71917e+001  4.83044e+000  5.78333e+002
          5741  5.83870e+002  5.74100e+003  7.71792e+001  4.82058e+000  5.78417e+002
          5742  5.83952e+002  5.74200e+003  7.71666e+001  4.81070e+000  5.78500e+002
          5743  5.84034e+002  5.74300e+003  7.71543e+001  4.80081e+000  5.78583e+002
          5744  5.84110e+002  5.74400e+003  7.71413e+001  4.79085e+000  5.78667e+002
          5745  5.84200e+002  5.74500e+003  7.71284e+001  4.78090e+000  5.78750e+002
          5746  5.84285e+002  5.74600e+003  7.71149e+001  4.77094e+000  5.78833e+002
          5747  5.84363e+002  5.74700e+003  7.71007e+001  4.76098e+000  5.78917e+002
          5748  5.84449e+002  5.74800e+003  7.70852e+001  4.75100e+000  5.79000e+002
          5749  5.84533e+002  5.74900e+003  7.70690e+001  4.74110e+000  5.79083e+002
          5750  5.84607e+002  5.75000e+003  7.70514e+001  4.73121e+000  5.79167e+002
          5751  5.84681e+002  5.75100e+003  7.70336e+001  4.72133e+000  5.79250e+002
          5752  5.84763e+002  5.75200e+003  7.70119e+001  4.71150e+000  5.79333e+002
          5753  5.84853e+002  5.75300e+003  7.69930e+001  4.70162e+000  5.79417e+002
          5754  5.84931e+002  5.75400e+003  7.69748e+001  4.69172e+000  5.79500e+002
          5755  5.85015e+002  5.75500e+003  7.69572e+001  4.68181e+000  5.79583e+002
          5756  5.85096e+002  5.75600e+003  7.69350e+001  4.67186e+000  5.79667e+002
          5757  5.85174e+002  5.75700e+003  7.69152e+001  4.66190e+000  5.79750e+002
          5758  5.85263e+002  5.75800e+003  7.68959e+001  4.65197e+000  5.79833e+002
          5759  5.85339e+002  5.75900e+003  7.68767e+001  4.64209e+000  5.79917e+002
          5760  5.85416e+002  5.76000e+003  7.68548e+001  4.63221e+000  5.80000e+002
          5761  5.85494e+002  5.76100e+003  7.68333e+001  4.62233e+000  5.80083e+002
          5762  5.85580e+002  5.76200e+003  7.68114e+001  4.61245e+000  5.80167e+002
          5763  5.85669e+002  5.76300e+003  7.67896e+001  4.60257e+000  5.80250e+002
          5764  5.85752e+002  5.76400e+003  7.67693e+001  4.59271e+000  5.80333e+002
          5765  5.85832e+002  5.76500e+003  7.67488e+001  4.58284e+000  5.80417e+002
          5766  5.85920e+002  5.76600e+003  7.67274e+001  4.57300e+000  5.80500e+002
          5767  5.85998e+002  5.76700e+003  7.67049e+001  4.56317e+000  5.80583e+002
          5768  5.86076e+002  5.76800e+003  7.66812e+001  4.55342e+000  5.80667e+002
          5769  5.86156e+002  5.76900e+003  7.66593e+001  4.54367e+000  5.80750e+002
          5770  5.86231e+002  5.77000e+003  7.66389e+001  4.53390e+000  5.80833e+002
          5771  5.86318e+002  5.77100e+003  7.66192e+001  4.52413e+000  5.80917e+002
          5772  5.86401e+002  5.77200e+003  7.65979e+001  4.51442e+000  5.81000e+002
          5773  5.86479e+002  5.77300e+003  7.65761e+001  4.50462e+000  5.81083e+002
          5774  5.86573e+002  5.77400e+003  7.65532e+001  4.49477e+000  5.81167e+002
          5775  5.86645e+002  5.77500e+003  7.65293e+001  4.48490e+000  5.81250e+002
          5776  5.86720e+002  5.77600e+003  7.65060e+001  4.47491e+000  5.81333e+002
          5777  5.86808e+002  5.77700e+003  7.64823e+001  4.46504e+000  5.81417e+002
          5778  5.86898e+002  5.77800e+003  7.64584e+001  4.45518e+000  5.81500e+002
          5779  5.86976e+002  5.77900e+003  7.64342e+001  4.44532e+000  5.81583e+002
          5780  5.87054e+002  5.78000e+003  7.64087e+001  4.43548e+000  5.81667e+002
          5781  5.87131e+002  5.78100e+003  7.63850e+001  4.42561e+000  5.81750e+002
          5782  5.87217e+002  5.78200e+003  7.63606e+001  4.41572e+000  5.81833e+002
          5783  5.87297e+002  5.78300e+003  7.63346e+001  4.40581e+000  5.81917e+002
          5784  5.87377e+002  5.78400e+003  7.63052e+001  4.39596e+000  5.82000e+002
          5785  5.87463e+002  5.78500e+003  7.62782e+001  4.38612e+000  5.82083e+002
          5786  5.87549e+002  5.78600e+003  7.62521e+001  4.37631e+000  5.82167e+002
          5787  5.87621e+002  5.78700e+003  7.62264e+001  4.36653e+000  5.82250e+002
          5788  5.87703e+002  5.78800e+003  7.62015e+001  4.35685e+000  5.82333e+002
          5789  5.87790e+002  5.78900e+003  7.61750e+001  4.34710e+000  5.82417e+002
          5790  5.87857e+002  5.79000e+003  7.61483e+001  4.33731e+000  5.82500e+002
          5791  5.87938e+002  5.79100e+003  7.61215e+001  4.32750e+000  5.82583e+002
          5792  5.88035e+002  5.79200e+003  7.60949e+001  4.31767e+000  5.82667e+002
          5793  5.88119e+002  5.79300e+003  7.60708e+001  4.30788e+000  5.82750e+002
          5794  5.88186e+002  5.79400e+003  7.60464e+001  4.29808e+000  5.82833e+002
          5795  5.88271e+002  5.79500e+003  7.60216e+001  4.28828e+000  5.82917e+002
          5796  5.88352e+002  5.79600e+003  7.59988e+001  4.27846e+000  5.83000e+002
          5797  5.88430e+002  5.79700e+003  7.59752e+001  4.26869e+000  5.83083e+002
          5798  5.88513e+002  5.79800e+003  7.59517e+001  4.25892e+000  5.83167e+002
          5799  5.88598e+002  5.79900e+003  7.59297e+001  4.24914e+000  5.83250e+002
          5800  5.88674e+002  5.80000e+003  7.59106e+001  4.23935e+000  5.83333e+002
          5801  5.88761e+002  5.80100e+003  7.58900e+001  4.22952e+000  5.83417e+002
          5802  5.88837e+002  5.80200e+003  7.58688e+001  4.21967e+000  5.83500e+002
          5803  5.88921e+002  5.80300e+003  7.58482e+001  4.20979e+000  5.83583e+002
          5804  5.89003e+002  5.80400e+003  7.58295e+001  4.19994e+000  5.83667e+002
          5805  5.89094e+002  5.80500e+003  7.58115e+001  4.19011e+000  5.83750e+002
          5806  5.89172e+002  5.80600e+003  7.57948e+001  4.18027e+000  5.83833e+002
          5807  5.89256e+002  5.80700e+003  7.57782e+001  4.17042e+000  5.83917e+002
          5808  5.89337e+002  5.80800e+003  7.57662e+001  4.16064e+000  5.84000e+002
          5809  5.89419e+002  5.80900e+003  7.57501e+001  4.15086e+000  5.84083e+002
          5810  5.89496e+002  5.81000e+003  7.57317e+001  4.14110e+000  5.84167e+002
          5811  5.89582e+002  5.81100e+003  7.57116e+001  4.13138e+000  5.84250e+002
          5812  5.89663e+002  5.81200e+003  7.56922e+001  4.12166e+000  5.84333e+002
          5813  5.89743e+002  5.81300e+003  7.56717e+001  4.11192e+000  5.84417e+002
          5814  5.89824e+002  5.81400e+003  7.56489e+001  4.10216e+000  5.84500e+002
          5815  5.89905e+002  5.81500e+003  7.56251e+001  4.09238e+000  5.84583e+002
          5816  5.89991e+002  5.81600e+003  7.55955e+001  4.08258e+000  5.84667e+002
          5817  5.90069e+002  5.81700e+003  7.55669e+001  4.07282e+000  5.84750e+002
          5818  5.90156e+002  5.81800e+003  7.55362e+001  4.06305e+000  5.84833e+002
          5819  5.90233e+002  5.81900e+003  7.55041e+001  4.05326e+000  5.84917e+002
          5820  5.90317e+002  5.82000e+003  7.54591e+001  4.04353e+000  5.85000e+002
          5821  5.90389e+002  5.82100e+003  7.54211e+001  4.03379e+000  5.85083e+002
          5822  5.90469e+002  5.82200e+003  7.53828e+001  4.02403e+000  5.85167e+002
          5823  5.90558e+002  5.82300e+003  7.53427e+001  4.01425e+000  5.85250e+002
          5824  5.90636e+002  5.82400e+003  7.52941e+001  4.00460e+000  5.85333e+002
          5825  5.90719e+002  5.82500e+003  7.52500e+001  3.99488e+000  5.85417e+002
          5826  5.90792e+002  5.82600e+003  7.52066e+001  3.98513e+000  5.85500e+002
          5827  5.90877e+002  5.82700e+003  7.51631e+001  3.97536e+000  5.85583e+002
          5828  5.90964e+002  5.82800e+003  7.51115e+001  3.96565e+000  5.85667e+002
          5829  5.91037e+002  5.82900e+003  7.50668e+001  3.95592e+000  5.85750e+002
          5830  5.91125e+002  5.83000e+003  7.50246e+001  3.94616e+000  5.85833e+002
          5831  5.91202e+002  5.83100e+003  7.49835e+001  3.93637e+000  5.85917e+002
          5832  5.91275e+002  5.83200e+003  7.49385e+001  3.92667e+000  5.86000e+002
          5833  5.91360e+002  5.83300e+003  7.48959e+001  3.91693e+000  5.86083e+002
          5834  5.91442e+002  5.83400e+003  7.48551e+001  3.90716e+000  5.86167e+002
          5835  5.91517e+002  5.83500e+003  7.48153e+001  3.89737e+000  5.86250e+002
          5836  5.91592e+002  5.83600e+003  7.47814e+001  3.88767e+000  5.86333e+002
          5837  5.91674e+002  5.83700e+003  7.47443e+001  3.87793e+000  5.86417e+002
          5838  5.91758e+002  5.83800e+003  7.47068e+001  3.86819e+000  5.86500e+002
          5839  5.91841e+002  5.83900e+003  7.46700e+001  3.85849e+000  5.86583e+002
          5840  5.91920e+002  5.84000e+003  7.46394e+001  3.84879e+000  5.86667e+002
          5841  5.92006e+002  5.84100e+003  7.46059e+001  3.83906e+000  5.86750e+002
          5842  5.92086e+002  5.84200e+003  7.45718e+001  3.82931e+000  5.86833e+002
          5843  5.92162e+002  5.84300e+003  7.45389e+001  3.81961e+000  5.86917e+002
          5844  5.92249e+002  5.84400e+003  7.45126e+001  3.80986e+000  5.87000e+002
          5845  5.92322e+002  5.84500e+003  7.44837e+001  3.80013e+000  5.87083e+002
          5846  5.92404e+002  5.84600e+003  7.44533e+001  3.79043e+000  5.87167e+002
          5847  5.92487e+002  5.84700e+003  7.44230e+001  3.78073e+000  5.87250e+002
          5848  5.92563e+002  5.84800e+003  7.43969e+001  3.77103e+000  5.87333e+002
          5849  5.92645e+002  5.84900e+003  7.43687e+001  3.76136e+000  5.87417e+002
          5850  5.92725e+002  5.85000e+003  7.43406e+001  3.75168e+000  5.87500e+002
          5851  5.92813e+002  5.85100e+003  7.43125e+001  3.74197e+000  5.87583e+002
          5852  5.92893e+002  5.85200e+003  7.42876e+001  3.73225e+000  5.87667e+002
          5853  5.92982e+002  5.85300e+003  7.42605e+001  3.72255e+000  5.87750e+002
          5854  5.93060e+002  5.85400e+003  7.42336e+001  3.71284e+000  5.87833e+002
          5855  5.93134e+002  5.85500e+003  7.42068e+001  3.70311e+000  5.87917e+002
          5856  5.93212e+002  5.85600e+003  7.41774e+001  3.69342e+000  5.88000e+002
          5857  5.93291e+002  5.85700e+003  7.41492e+001  3.68374e+000  5.88083e+002
          5858  5.93375e+002  5.85800e+003  7.41210e+001  3.67410e+000  5.88167e+002
          5859  5.93457e+002  5.85900e+003  7.40928e+001  3.66446e+000  5.88250e+002
          5860  5.93540e+002  5.86000e+003  7.40652e+001  3.65483e+000  5.88333e+002
          5861  5.93624e+002  5.86100e+003  7.40367e+001  3.64516e+000  5.88417e+002
          5862  5.93706e+002  5.86200e+003  7.40094e+001  3.63550e+000  5.88500e+002
          5863  5.93790e+002  5.86300e+003  7.39831e+001  3.62583e+000  5.88583e+002
          5864  5.93870e+002  5.86400e+003  7.39549e+001  3.61607e+000  5.88667e+002
          5865  5.93956e+002  5.86500e+003  7.39252e+001  3.60639e+000  5.88750e+002
          5866  5.94033e+002  5.86600e+003  7.38960e+001  3.59672e+000  5.88833e+002
          5867  5.94108e+002  5.86700e+003  7.38677e+001  3.58709e+000  5.88917e+002
          5868  5.94198e+002  5.86800e+003  7.38418e+001  3.57746e+000  5.89000e+002
          5869  5.94272e+002  5.86900e+003  7.38162e+001  3.56782e+000  5.89083e+002
          5870  5.94355e+002  5.87000e+003  7.37896e+001  3.55820e+000  5.89167e+002
          5871  5.94439e+002  5.87100e+003  7.37625e+001  3.54857e+000  5.89250e+002
          5872  5.94521e+002  5.87200e+003  7.37356e+001  3.53891e+000  5.89333e+002
          5873  5.94599e+002  5.87300e+003  7.37081e+001  3.52931e+000  5.89417e+002
          5874  5.94688e+002  5.87400e+003  7.36807e+001  3.51975e+000  5.89500e+002
          5875  5.94764e+002  5.87500e+003  7.36528e+001  3.51017e+000  5.89583e+002
          5876  5.94841e+002  5.87600e+003  7.36267e+001  3.50059e+000  5.89667e+002
          5877  5.94931e+002  5.87700e+003  7.35991e+001  3.49102e+000  5.89750e+002
          5878  5.95010e+002  5.87800e+003  7.35715e+001  3.48145e+000  5.89833e+002
          5879  5.95079e+002  5.87900e+003  7.35433e+001  3.47191e+000  5.89917e+002
          5880  5.95163e+002  5.88000e+003  7.35101e+001  3.46232e+000  5.90000e+002
          5881  5.95239e+002  5.88100e+003  7.34786e+001  3.45272e+000  5.90083e+002
          5882  5.95327e+002  5.88200e+003  7.34464e+001  3.44314e+000  5.90167e+002
          5883  5.95405e+002  5.88300e+003  7.34148e+001  3.43355e+000  5.90250e+002
          5884  5.95489e+002  5.88400e+003  7.33817e+001  3.42397e+000  5.90333e+002
          5885  5.95564e+002  5.88500e+003  7.33483e+001  3.41437e+000  5.90417e+002
          5886  5.95654e+002  5.88600e+003  7.33145e+001  3.40476e+000  5.90500e+002
          5887  5.95741e+002  5.88700e+003  7.32811e+001  3.39517e+000  5.90583e+002
          5888  5.95816e+002  5.88800e+003  7.32423e+001  3.38559e+000  5.90667e+002
          5889  5.95898e+002  5.88900e+003  7.32047e+001  3.37602e+000  5.90750e+002
          5890  5.95974e+002  5.89000e+003  7.31666e+001  3.36645e+000  5.90833e+002
          5891  5.96055e+002  5.89100e+003  7.31288e+001  3.35691e+000  5.90917e+002
          5892  5.96140e+002  5.89200e+003  7.30892e+001  3.34735e+000  5.91000e+002
          5893  5.96214e+002  5.89300e+003  7.30516e+001  3.33781e+000  5.91083e+002
          5894  5.96298e+002  5.89400e+003  7.30157e+001  3.32828e+000  5.91167e+002
          5895  5.96380e+002  5.89500e+003  7.29812e+001  3.31877e+000  5.91250e+002
          5896  5.96457e+002  5.89600e+003  7.29442e+001  3.30923e+000  5.91333e+002
          5897  5.96538e+002  5.89700e+003  7.29085e+001  3.29966e+000  5.91417e+002
          5898  5.96618e+002  5.89800e+003  7.28735e+001  3.29011e+000  5.91500e+002
          5899  5.96694e+002  5.89900e+003  7.28397e+001  3.28053e+000  5.91583e+002
          5900  5.96778e+002  5.90000e+003  7.28098e+001  3.27098e+000  5.91667e+002
          5901  5.96862e+002  5.90100e+003  7.27797e+001  3.26147e+000  5.91750e+002
          5902  5.96936e+002  5.90200e+003  7.27493e+001  3.25195e+000  5.91833e+002
          5903  5.97024e+002  5.90300e+003  7.27180e+001  3.24239e+000  5.91917e+002
          5904  5.97101e+002  5.90400e+003  7.26949e+001  3.23294e+000  5.92000e+002
          5905  5.97180e+002  5.90500e+003  7.26680e+001  3.22343e+000  5.92083e+002
          5906  5.97262e+002  5.90600e+003  7.26397e+001  3.21394e+000  5.92167e+002
          5907  5.97343e+002  5.90700e+003  7.26111e+001  3.20449e+000  5.92250e+002
          5908  5.97421e+002  5.90800e+003  7.25880e+001  3.19497e+000  5.92333e+002
          5909  5.97515e+002  5.90900e+003  7.25629e+001  3.18544e+000  5.92417e+002
          5910  5.97592e+002  5.91000e+003  7.25358e+001  3.17595e+000  5.92500e+002
          5911  5.97674e+002  5.91100e+003  7.25075e+001  3.16650e+000  5.92583e+002
          5912  5.97751e+002  5.91200e+003  7.24777e+001  3.15698e+000  5.92667e+002
          5913  5.97828e+002  5.91300e+003  7.24463e+001  3.14744e+000  5.92750e+002
          5914  5.97911e+002  5.91400e+003  7.24158e+001  3.13796e+000  5.92833e+002
          5915  5.97992e+002  5.91500e+003  7.23862e+001  3.12850e+000  5.92917e+002
          5916  5.98072e+002  5.91600e+003  7.23558e+001  3.11909e+000  5.93000e+002
          5917  5.98155e+002  5.91700e+003  7.23252e+001  3.10964e+000  5.93083e+002
          5918  5.98239e+002  5.91800e+003  7.22935e+001  3.10017e+000  5.93167e+002
          5919  5.98318e+002  5.91900e+003  7.22627e+001  3.09072e+000  5.93250e+002
          5920  5.98406e+002  5.92000e+003  7.22229e+001  3.08129e+000  5.93333e+002
          5921  5.98477e+002  5.92100e+003  7.21866e+001  3.07182e+000  5.93417e+002
          5922  5.98563e+002  5.92200e+003  7.21526e+001  3.06233e+000  5.93500e+002
          5923  5.98648e+002  5.92300e+003  7.21198e+001  3.05286e+000  5.93583e+002
          5924  5.98728e+002  5.92400e+003  7.20876e+001  3.04340e+000  5.93667e+002
          5925  5.98806e+002  5.92500e+003  7.20533e+001  3.03399e+000  5.93750e+002
          5926  5.98888e+002  5.92600e+003  7.20178e+001  3.02459e+000  5.93833e+002
          5927  5.98968e+002  5.92700e+003  7.19821e+001  3.01521e+000  5.93917e+002
          5928  5.99045e+002  5.92800e+003  7.19450e+001  3.00589e+000  5.94000e+002
          5929  5.99125e+002  5.92900e+003  7.19083e+001  2.99651e+000  5.94083e+002
          5930  5.99197e+002  5.93000e+003  7.18721e+001  2.98709e+000  5.94167e+002
          5931  5.99284e+002  5.93100e+003  7.18360e+001  2.97769e+000  5.94250e+002
          5932  5.99363e+002  5.93200e+003  7.18039e+001  2.96825e+000  5.94333e+002
          5933  5.99444e+002  5.93300e+003  7.17709e+001  2.95882e+000  5.94417e+002
          5934  5.99526e+002  5.93400e+003  7.17367e+001  2.94943e+000  5.94500e+002
          5935  5.99605e+002  5.93500e+003  7.17011e+001  2.94008e+000  5.94583e+002
          5936  5.99693e+002  5.93600e+003  7.16667e+001  2.93073e+000  5.94667e+002
          5937  5.99774e+002  5.93700e+003  7.16327e+001  2.92135e+000  5.94750e+002
          5938  5.99850e+002  5.93800e+003  7.15988e+001  2.91195e+000  5.94833e+002
          5939  5.99929e+002  5.93900e+003  7.15647e+001  2.90256e+000  5.94917e+002
          5940  6.00007e+002  5.94000e+003  7.15318e+001  2.89320e+000  5.95000e+002
          5941  6.00088e+002  5.94100e+003  7.14988e+001  2.88386e+000  5.95083e+002
          5942  6.00175e+002  5.94200e+003  7.14650e+001  2.87451e+000  5.95167e+002
          5943  6.00253e+002  5.94300e+003  7.14312e+001  2.86517e+000  5.95250e+002
          5944  6.00329e+002  5.94400e+003  7.13933e+001  2.85585e+000  5.95333e+002
          5945  6.00405e+002  5.94500e+003  7.13564e+001  2.84651e+000  5.95417e+002
          5946  6.00500e+002  5.94600e+003  7.13194e+001  2.83720e+000  5.95500e+002
          5947  6.00582e+002  5.94700e+003  7.12834e+001  2.82791e+000  5.95583e+002
          5948  6.00664e+002  5.94800e+003  7.12454e+001  2.81852e+000  5.95667e+002
          5949  6.00745e+002  5.94900e+003  7.12071e+001  2.80917e+000  5.95750e+002
          5950  6.00820e+002  5.95000e+003  7.11694e+001  2.79980e+000  5.95833e+002
          5951  6.00901e+002  5.95100e+003  7.11324e+001  2.79043e+000  5.95917e+002
          5952  6.00980e+002  5.95200e+003  7.10926e+001  2.78112e+000  5.96000e+002
          5953  6.01060e+002  5.95300e+003  7.10549e+001  2.77181e+000  5.96083e+002
          5954  6.01138e+002  5.95400e+003  7.10184e+001  2.76248e+000  5.96167e+002
          5955  6.01223e+002  5.95500e+003  7.09811e+001  2.75316e+000  5.96250e+002
          5956  6.01302e+002  5.95600e+003  7.09414e+001  2.74394e+000  5.96333e+002
          5957  6.01378e+002  5.95700e+003  7.09017e+001  2.73469e+000  5.96417e+002
          5958  6.01462e+002  5.95800e+003  7.08621e+001  2.72541e+000  5.96500e+002
          5959  6.01538e+002  5.95900e+003  7.08215e+001  2.71613e+000  5.96583e+002
          5960  6.01615e+002  5.96000e+003  7.07831e+001  2.70688e+000  5.96667e+002
          5961  6.01697e+002  5.96100e+003  7.07429e+001  2.69761e+000  5.96750e+002
          5962  6.01786e+002  5.96200e+003  7.07018e+001  2.68838e+000  5.96833e+002
          5963  6.01871e+002  5.96300e+003  7.06596e+001  2.67913e+000  5.96917e+002
          5964  6.01945e+002  5.96400e+003  7.06131e+001  2.66990e+000  5.97000e+002
          5965  6.02016e+002  5.96500e+003  7.05693e+001  2.66069e+000  5.97083e+002
          5966  6.02106e+002  5.96600e+003  7.05259e+001  2.65148e+000  5.97167e+002
          5967  6.02185e+002  5.96700e+003  7.04825e+001  2.64224e+000  5.97250e+002
          5968  6.02255e+002  5.96800e+003  7.04362e+001  2.63303e+000  5.97333e+002
          5969  6.02351e+002  5.96900e+003  7.03904e+001  2.62380e+000  5.97417e+002
          5970  6.02422e+002  5.97000e+003  7.03447e+001  2.61452e+000  5.97500e+002
          5971  6.02501e+002  5.97100e+003  7.02981e+001  2.60525e+000  5.97583e+002
          5972  6.02587e+002  5.97200e+003  7.02474e+001  2.59597e+000  5.97667e+002
          5973  6.02662e+002  5.97300e+003  7.01978e+001  2.58674e+000  5.97750e+002
          5974  6.02741e+002  5.97400e+003  7.01490e+001  2.57751e+000  5.97833e+002
          5975  6.02821e+002  5.97500e+003  7.00994e+001  2.56825e+000  5.97917e+002
          5976  6.02902e+002  5.97600e+003  7.00462e+001  2.55905e+000  5.98000e+002
          5977  6.02971e+002  5.97700e+003  6.99939e+001  2.54984e+000  5.98083e+002
          5978  6.03066e+002  5.97800e+003  6.99430e+001  2.54065e+000  5.98167e+002
          5979  6.03140e+002  5.97900e+003  6.98917e+001  2.53147e+000  5.98250e+002
          5980  6.03219e+002  5.98000e+003  6.98335e+001  2.52226e+000  5.98333e+002
          5981  6.03293e+002  5.98100e+003  6.97782e+001  2.51309e+000  5.98417e+002
          5982  6.03372e+002  5.98200e+003  6.97234e+001  2.50390e+000  5.98500e+002
          5983  6.03456e+002  5.98300e+003  6.96685e+001  2.49472e+000  5.98583e+002
          5984  6.03538e+002  5.98400e+003  6.96106e+001  2.48556e+000  5.98667e+002
          5985  6.03609e+002  5.98500e+003  6.95534e+001  2.47642e+000  5.98750e+002
          5986  6.03692e+002  5.98600e+003  6.94957e+001  2.46730e+000  5.98833e+002
          5987  6.03777e+002  5.98700e+003  6.94393e+001  2.45819e+000  5.98917e+002
          5988  6.03856e+002  5.98800e+003  6.93811e+001  2.44904e+000  5.99000e+002
          5989  6.03941e+002  5.98900e+003  6.93236e+001  2.43988e+000  5.99083e+002
          5990  6.04014e+002  5.99000e+003  6.92649e+001  2.43075e+000  5.99167e+002
          5991  6.04097e+002  5.99100e+003  6.92060e+001  2.42169e+000  5.99250e+002
          5992  6.04173e+002  5.99200e+003  6.91431e+001  2.41251e+000  5.99333e+002
          5993  6.04246e+002  5.99300e+003  6.90816e+001  2.40338e+000  5.99417e+002
          5994  6.04327e+002  5.99400e+003  6.90212e+001  2.39428e+000  5.99500e+002
          5995  6.04410e+002  5.99500e+003  6.89611e+001  2.38519e+000  5.99583e+002
          5996  6.04490e+002  5.99600e+003  6.89000e+001  2.37615e+000  5.99667e+002
          5997  6.04567e+002  5.99700e+003  6.88387e+001  2.36710e+000  5.99750e+002
          5998  6.04644e+002  5.99800e+003  6.87806e+001  2.35806e+000  5.99833e+002
          5999  6.04722e+002  5.99900e+003  6.87258e+001  2.34902e+000  5.99917e+002
          6000  6.04796e+002  6.00000e+003  6.86714e+001  2.34003e+000  6.00000e+002
          6001  6.04871e+002  6.00100e+003  6.86203e+001  2.33102e+000  6.00083e+002
          6002  6.04960e+002  6.00200e+003  6.85702e+001  2.32201e+000  6.00167e+002
          6003  6.05041e+002  6.00300e+003  6.85204e+001  2.31300e+000  6.00250e+002
          6004  6.05115e+002  6.00400e+003  6.84769e+001  2.30400e+000  6.00333e+002
          6005  6.05192e+002  6.00500e+003  6.84286e+001  2.29500e+000  6.00417e+002
          6006  6.05268e+002  6.00600e+003  6.83792e+001  2.28600e+000  6.00500e+002
          6007  6.05365e+002  6.00700e+003  6.83294e+001  2.27700e+000  6.00583e+002
          6008  6.05449e+002  6.00800e+003  6.82915e+001  2.26800e+000  6.00667e+002
          6009  6.05520e+002  6.00900e+003  6.82435e+001  2.25900e+000  6.00750e+002
          6010  6.05600e+002  6.01000e+003  6.81914e+001  2.25000e+000  6.00833e+002
          6011  6.05681e+002  6.01100e+003  6.81374e+001  2.24100e+000  6.00917e+002
          6012  6.05749e+002  6.01200e+003  6.80747e+001  2.23200e+000  6.01000e+002
          6013  6.05840e+002  6.01300e+003  6.80166e+001  2.22300e+000  6.01083e+002
          6014  6.05916e+002  6.01400e+003  6.79586e+001  2.21400e+000  6.01167e+002
          6015  6.05995e+002  6.01500e+003  6.79000e+001  2.20500e+000  6.01250e+002
          6016  6.06077e+002  6.01600e+003  6.78327e+001  2.19603e+000  6.01333e+002
          6017  6.06153e+002  6.01700e+003  6.77709e+001  2.18709e+000  6.01417e+002
          6018  6.06234e+002  6.01800e+003  6.77095e+001  2.17811e+000  6.01500e+002
          6019  6.06312e+002  6.01900e+003  6.76463e+001  2.16911e+000  6.01583e+002
          6020  6.06388e+002  6.02000e+003  6.75758e+001  2.16017e+000  6.01667e+002
          6021  6.06470e+002  6.02100e+003  6.75085e+001  2.15126e+000  6.01750e+002
          6022  6.06554e+002  6.02200e+003  6.74413e+001  2.14236e+000  6.01833e+002
          6023  6.06629e+002  6.02300e+003  6.73751e+001  2.13346e+000  6.01917e+002
          6024  6.06711e+002  6.02400e+003  6.73048e+001  2.12466e+000  6.02000e+002
          6025  6.06786e+002  6.02500e+003  6.72346e+001  2.11580e+000  6.02083e+002
          6026  6.06868e+002  6.02600e+003  6.71631e+001  2.10698e+000  6.02167e+002
          6027  6.06948e+002  6.02700e+003  6.70903e+001  2.09816e+000  6.02250e+002
          6028  6.07024e+002  6.02800e+003  6.70126e+001  2.08938e+000  6.02333e+002
          6029  6.07101e+002  6.02900e+003  6.69370e+001  2.08054e+000  6.02417e+002
          6030  6.07177e+002  6.03000e+003  6.68602e+001  2.07168e+000  6.02500e+002
          6031  6.07258e+002  6.03100e+003  6.67820e+001  2.06280e+000  6.02583e+002
          6032  6.07339e+002  6.03200e+003  6.67008e+001  2.05394e+000  6.02667e+002
          6033  6.07414e+002  6.03300e+003  6.66206e+001  2.04511e+000  6.02750e+002
          6034  6.07489e+002  6.03400e+003  6.65401e+001  2.03630e+000  6.02833e+002
          6035  6.07564e+002  6.03500e+003  6.64597e+001  2.02753e+000  6.02917e+002
          6036  6.07650e+002  6.03600e+003  6.63700e+001  2.01876e+000  6.03000e+002
          6037  6.07729e+002  6.03700e+003  6.62839e+001  2.00999e+000  6.03083e+002
          6038  6.07809e+002  6.03800e+003  6.61991e+001  2.00122e+000  6.03167e+002
          6039  6.07883e+002  6.03900e+003  6.61145e+001  1.99250e+000  6.03250e+002
          6040  6.07956e+002  6.04000e+003  6.60258e+001  1.98373e+000  6.03333e+002
          6041  6.08038e+002  6.04100e+003  6.59382e+001  1.97496e+000  6.03417e+002
          6042  6.08119e+002  6.04200e+003  6.58500e+001  1.96621e+000  6.03500e+002
          6043  6.08199e+002  6.04300e+003  6.57622e+001  1.95750e+000  6.03583e+002
          6044  6.08275e+002  6.04400e+003  6.56713e+001  1.94881e+000  6.03667e+002
          6045  6.08353e+002  6.04500e+003  6.55803e+001  1.94006e+000  6.03750e+002
          6046  6.08438e+002  6.04600e+003  6.54880e+001  1.93132e+000  6.03833e+002
          6047  6.08511e+002  6.04700e+003  6.53944e+001  1.92261e+000  6.03917e+002
          6048  6.08592e+002  6.04800e+003  6.52962e+001  1.91386e+000  6.04000e+002
          6049  6.08670e+002  6.04900e+003  6.51977e+001  1.90513e+000  6.04083e+002
          6050  6.08753e+002  6.05000e+003  6.50970e+001  1.89643e+000  6.04167e+002
          6051  6.08826e+002  6.05100e+003  6.49950e+001  1.88773e+000  6.04250e+002
          6052  6.08900e+002  6.05200e+003  6.48840e+001  1.87903e+000  6.04333e+002
          6053  6.08980e+002  6.05300e+003  6.47753e+001  1.87039e+000  6.04417e+002
          6054  6.09053e+002  6.05400e+003  6.46654e+001  1.86177e+000  6.04500e+002
          6055  6.09138e+002  6.05500e+003  6.45549e+001  1.85308e+000  6.04583e+002
          6056  6.09214e+002  6.05600e+003  6.44293e+001  1.84446e+000  6.04667e+002
          6057  6.09287e+002  6.05700e+003  6.43113e+001  1.83582e+000  6.04750e+002
          6058  6.09362e+002  6.05800e+003  6.41947e+001  1.82723e+000  6.04833e+002
          6059  6.09445e+002  6.05900e+003  6.40771e+001  1.81868e+000  6.04917e+002
          6060  6.09516e+002  6.06000e+003  6.39510e+001  1.81012e+000  6.05000e+002
          6061  6.09594e+002  6.06100e+003  6.38375e+001  1.80154e+000  6.05083e+002
          6062  6.09664e+002  6.06200e+003  6.37278e+001  1.79298e+000  6.05167e+002
          6063  6.09743e+002  6.06300e+003  6.36192e+001  1.78441e+000  6.05250e+002
          6064  6.09822e+002  6.06400e+003  6.35074e+001  1.77588e+000  6.05333e+002
          6065  6.09902e+002  6.06500e+003  6.33950e+001  1.76734e+000  6.05417e+002
          6066  6.09974e+002  6.06600e+003  6.32816e+001  1.75881e+000  6.05500e+002
          6067  6.10047e+002  6.06700e+003  6.31665e+001  1.75027e+000  6.05583e+002
          6068  6.10126e+002  6.06800e+003  6.30585e+001  1.74179e+000  6.05667e+002
          6069  6.10208e+002  6.06900e+003  6.29432e+001  1.73328e+000  6.05750e+002
          6070  6.10286e+002  6.07000e+003  6.28331e+001  1.72480e+000  6.05833e+002
          6071  6.10367e+002  6.07100e+003  6.27287e+001  1.71636e+000  6.05917e+002
          6072  6.10441e+002  6.07200e+003  6.25973e+001  1.70789e+000  6.06000e+002
          6073  6.10511e+002  6.07300e+003  6.24781e+001  1.69939e+000  6.06083e+002
          6074  6.10590e+002  6.07400e+003  6.23560e+001  1.69092e+000  6.06167e+002
          6075  6.10661e+002  6.07500e+003  6.22232e+001  1.68248e+000  6.06250e+002
          6076  6.10737e+002  6.07600e+003  6.20177e+001  1.67399e+000  6.06333e+002
          6077  6.10814e+002  6.07700e+003  6.18566e+001  1.66555e+000  6.06417e+002
          6078  6.10881e+002  6.07800e+003  6.17038e+001  1.65715e+000  6.06500e+002
          6079  6.10954e+002  6.07900e+003  6.15508e+001  1.64872e+000  6.06583e+002
          6080  6.11038e+002  6.08000e+003  6.13787e+001  1.64038e+000  6.06667e+002
          6081  6.11107e+002  6.08100e+003  6.12121e+001  1.63206e+000  6.06750e+002
          6082  6.11186e+002  6.08200e+003  6.10436e+001  1.62375e+000  6.06833e+002
          6083  6.11260e+002  6.08300e+003  6.08730e+001  1.61541e+000  6.06917e+002
          6084  6.11334e+002  6.08400e+003  6.06867e+001  1.60717e+000  6.07000e+002
          6085  6.11416e+002  6.08500e+003  6.05057e+001  1.59892e+000  6.07083e+002
          6086  6.11479e+002  6.08600e+003  6.03248e+001  1.59070e+000  6.07167e+002
          6087  6.11555e+002  6.08700e+003  6.01422e+001  1.58249e+000  6.07250e+002
          6088  6.11631e+002  6.08800e+003  5.99393e+001  1.57428e+000  6.07333e+002
          6089  6.11705e+002  6.08900e+003  5.97431e+001  1.56611e+000  6.07417e+002
          6090  6.11772e+002  6.09000e+003  5.95493e+001  1.55791e+000  6.07500e+002
          6091  6.11836e+002  6.09100e+003  5.93606e+001  1.54972e+000  6.07583e+002
          6092  6.11923e+002  6.09200e+003  5.91364e+001  1.54156e+000  6.07667e+002
          6093  6.11995e+002  6.09300e+003  5.89262e+001  1.53342e+000  6.07750e+002
          6094  6.12062e+002  6.09400e+003  5.87188e+001  1.52527e+000  6.07833e+002
          6095  6.12136e+002  6.09500e+003  5.85102e+001  1.51708e+000  6.07917e+002
          6096  6.12205e+002  6.09600e+003  5.82823e+001  1.50892e+000  6.08000e+002
          6097  6.12269e+002  6.09700e+003  5.80641e+001  1.50078e+000  6.08083e+002
          6098  6.12342e+002  6.09800e+003  5.78464e+001  1.49272e+000  6.08167e+002
          6099  6.12420e+002  6.09900e+003  5.76268e+001  1.48468e+000  6.08250e+002
          6100  6.12491e+002  6.10000e+003  5.73950e+001  1.47668e+000  6.08333e+002
          6101  6.12570e+002  6.10100e+003  5.71673e+001  1.46869e+000  6.08417e+002
          6102  6.12635e+002  6.10200e+003  5.69390e+001  1.46071e+000  6.08500e+002
          6103  6.12711e+002  6.10300e+003  5.67093e+001  1.45274e+000  6.08583e+002
          6104  6.12781e+002  6.10400e+003  5.64685e+001  1.44482e+000  6.08667e+002
          6105  6.12854e+002  6.10500e+003  5.62308e+001  1.43678e+000  6.08750e+002
          6106  6.12928e+002  6.10600e+003  5.59928e+001  1.42871e+000  6.08833e+002
          6107  6.12986e+002  6.10700e+003  5.57538e+001  1.42064e+000  6.08917e+002
          6108  6.13069e+002  6.10800e+003  5.54986e+001  1.41249e+000  6.09000e+002
          6109  6.13143e+002  6.10900e+003  5.52496e+001  1.40447e+000  6.09083e+002
          6110  6.13207e+002  6.11000e+003  5.50017e+001  1.39649e+000  6.09167e+002
          6111  6.13276e+002  6.11100e+003  5.47529e+001  1.38852e+000  6.09250e+002
          6112  6.13350e+002  6.11200e+003  5.44906e+001  1.38067e+000  6.09333e+002
          6113  6.13416e+002  6.11300e+003  5.42340e+001  1.37280e+000  6.09417e+002
          6114  6.13490e+002  6.11400e+003  5.39781e+001  1.36491e+000  6.09500e+002
          6115  6.13549e+002  6.11500e+003  5.37211e+001  1.35706e+000  6.09583e+002
          6116  6.13624e+002  6.11600e+003  5.34480e+001  1.34925e+000  6.09667e+002
          6117  6.13694e+002  6.11700e+003  5.31800e+001  1.34144e+000  6.09750e+002
          6118  6.13771e+002  6.11800e+003  5.29111e+001  1.33367e+000  6.09833e+002
          6119  6.13841e+002  6.11900e+003  5.26411e+001  1.32590e+000  6.09917e+002
          6120  6.13913e+002  6.12000e+003  5.23602e+001  1.31815e+000  6.10000e+002
          6121  6.13982e+002  6.12100e+003  5.20831e+001  1.31044e+000  6.10083e+002
          6122  6.14050e+002  6.12200e+003  5.18045e+001  1.30272e+000  6.10167e+002
          6123  6.14111e+002  6.12300e+003  5.15248e+001  1.29499e+000  6.10250e+002
          6124  6.14181e+002  6.12400e+003  5.12306e+001  1.28735e+000  6.10333e+002
          6125  6.14251e+002  6.12500e+003  5.09449e+001  1.27967e+000  6.10417e+002
          6126  6.14317e+002  6.12600e+003  5.06611e+001  1.27196e+000  6.10500e+002
          6127  6.14393e+002  6.12700e+003  5.03768e+001  1.26422e+000  6.10583e+002
          6128  6.14457e+002  6.12800e+003  5.00800e+001  1.25659e+000  6.10667e+002
          6129  6.14531e+002  6.12900e+003  4.97900e+001  1.24898e+000  6.10750e+002
          6130  6.14594e+002  6.13000e+003  4.94994e+001  1.24134e+000  6.10833e+002
          6131  6.14661e+002  6.13100e+003  4.92072e+001  1.23369e+000  6.10917e+002
          6132  6.14733e+002  6.13200e+003  4.89086e+001  1.22615e+000  6.11000e+002
          6133  6.14803e+002  6.13300e+003  4.86107e+001  1.21857e+000  6.11083e+002
          6134  6.14872e+002  6.13400e+003  4.83114e+001  1.21102e+000  6.11167e+002
          6135  6.14939e+002  6.13500e+003  4.80104e+001  1.20352e+000  6.11250e+002
          6136  6.15006e+002  6.13600e+003  4.77009e+001  1.19612e+000  6.11333e+002
          6137  6.15073e+002  6.13700e+003  4.73922e+001  1.18869e+000  6.11417e+002
          6138  6.15141e+002  6.13800e+003  4.70821e+001  1.18130e+000  6.11500e+002
          6139  6.15210e+002  6.13900e+003  4.67702e+001  1.17395e+000  6.11583e+002
          6140  6.15278e+002  6.14000e+003  4.64431e+001  1.16665e+000  6.11667e+002
          6141  6.15349e+002  6.14100e+003  4.61239e+001  1.15933e+000  6.11750e+002
          6142  6.15408e+002  6.14200e+003  4.58052e+001  1.15201e+000  6.11833e+002
          6143  6.15483e+002  6.14300e+003  4.54866e+001  1.14466e+000  6.11917e+002
          6144  6.15550e+002  6.14400e+003  4.51507e+001  1.13731e+000  6.12000e+002
          6145  6.15611e+002  6.14500e+003  4.48214e+001  1.12999e+000  6.12083e+002
          6146  6.15682e+002  6.14600e+003  4.44904e+001  1.12266e+000  6.12167e+002
          6147  6.15754e+002  6.14700e+003  4.41571e+001  1.11541e+000  6.12250e+002
          6148  6.15816e+002  6.14800e+003  4.38100e+001  1.10823e+000  6.12333e+002
          6149  6.15869e+002  6.14900e+003  4.34659e+001  1.10101e+000  6.12417e+002
          6150  6.15941e+002  6.15000e+003  4.31234e+001  1.09380e+000  6.12500e+002
          6151  6.16018e+002  6.15100e+003  4.27862e+001  1.08660e+000  6.12583e+002
          6152  6.16087e+002  6.15200e+003  4.24151e+001  1.07950e+000  6.12667e+002
          6153  6.16146e+002  6.15300e+003  4.20645e+001  1.07238e+000  6.12750e+002
          6154  6.16207e+002  6.15400e+003  4.17169e+001  1.06527e+000  6.12833e+002
          6155  6.16272e+002  6.15500e+003  4.13685e+001  1.05818e+000  6.12917e+002
          6156  6.16340e+002  6.15600e+003  4.09511e+001  1.05114e+000  6.13000e+002
          6157  6.16400e+002  6.15700e+003  4.05696e+001  1.04409e+000  6.13083e+002
          6158  6.16469e+002  6.15800e+003  4.01980e+001  1.03705e+000  6.13167e+002
          6159  6.16539e+002  6.15900e+003  3.98196e+001  1.03002e+000  6.13250e+002
          6160  6.16602e+002  6.16000e+003  3.94071e+001  1.02303e+000  6.13333e+002
          6161  6.16667e+002  6.16100e+003  3.90121e+001  1.01602e+000  6.13417e+002
          6162  6.16724e+002  6.16200e+003  3.86260e+001  1.00904e+000  6.13500e+002
          6163  6.16794e+002  6.16300e+003  3.82381e+001  1.00211e+000  6.13583e+002
          6164  6.16862e+002  6.16400e+003  3.78063e+001  9.95155e-001  6.13667e+002
          6165  6.16920e+002  6.16500e+003  3.74002e+001  9.88247e-001  6.13750e+002
          6166  6.16990e+002  6.16600e+003  3.69920e+001  9.81379e-001  6.13833e+002
          6167  6.17051e+002  6.16700e+003  3.65737e+001  9.74568e-001  6.13917e+002
          6168  6.17111e+002  6.16800e+003  3.61228e+001  9.67806e-001  6.14000e+002
          6169  6.17177e+002  6.16900e+003  3.56801e+001  9.61044e-001  6.14083e+002
          6170  6.17241e+002  6.17000e+003  3.52347e+001  9.54329e-001  6.14167e+002
          6171  6.17307e+002  6.17100e+003  3.47871e+001  9.47619e-001  6.14250e+002
          6172  6.17365e+002  6.17200e+003  3.42948e+001  9.40977e-001  6.14333e+002
          6173  6.17417e+002  6.17300e+003  3.38347e+001  9.34326e-001  6.14417e+002
          6174  6.17483e+002  6.17400e+003  3.33805e+001  9.27679e-001  6.14500e+002
          6175  6.17546e+002  6.17500e+003  3.29256e+001  9.21069e-001  6.14583e+002
          6176  6.17609e+002  6.17600e+003  3.24527e+001  9.14439e-001  6.14667e+002
          6177  6.17668e+002  6.17700e+003  3.19839e+001  9.07801e-001  6.14750e+002
          6178  6.17725e+002  6.17800e+003  3.15151e+001  9.01216e-001  6.14833e+002
          6179  6.17792e+002  6.17900e+003  3.10460e+001  8.94674e-001  6.14917e+002
          6180  6.17856e+002  6.18000e+003  3.05756e+001  8.88223e-001  6.15000e+002
          6181  6.17916e+002  6.18100e+003  3.01042e+001  8.81758e-001  6.15083e+002
          6182  6.17972e+002  6.18200e+003  2.96307e+001  8.75341e-001  6.15167e+002
          6183  6.18031e+002  6.18300e+003  2.91539e+001  8.68964e-001  6.15250e+002
          6184  6.18091e+002  6.18400e+003  2.86580e+001  8.62675e-001  6.15333e+002
          6185  6.18148e+002  6.18500e+003  2.81774e+001  8.56320e-001  6.15417e+002
          6186  6.18207e+002  6.18600e+003  2.76993e+001  8.49929e-001  6.15500e+002
          6187  6.18273e+002  6.18700e+003  2.72208e+001  8.43552e-001  6.15583e+002
          6188  6.18337e+002  6.18800e+003  2.67370e+001  8.37187e-001  6.15667e+002
          6189  6.18395e+002  6.18900e+003  2.62712e+001  8.30854e-001  6.15750e+002
          6190  6.18455e+002  6.19000e+003  2.57836e+001  8.24506e-001  6.15833e+002
          6191  6.18511e+002  6.19100e+003  2.52638e+001  8.18172e-001  6.15917e+002
          6192  6.18569e+002  6.19200e+003  2.46450e+001  8.11959e-001  6.16000e+002
          6193  6.18616e+002  6.19300e+003  2.40100e+001  8.05733e-001  6.16083e+002
          6194  6.18664e+002  6.19400e+003  2.33635e+001  7.99531e-001  6.16167e+002
          6195  6.18725e+002  6.19500e+003  2.26876e+001  7.93352e-001  6.16250e+002
          6196  6.18772e+002  6.19600e+003  2.19683e+001  7.87276e-001  6.16333e+002
          6197  6.18820e+002  6.19700e+003  2.12655e+001  7.81183e-001  6.16417e+002
          6198  6.18872e+002  6.19800e+003  2.05714e+001  7.75105e-001  6.16500e+002
          6199  6.18925e+002  6.19900e+003  1.98784e+001  7.69039e-001  6.16583e+002
          6200  6.18974e+002  6.20000e+003  1.91737e+001  7.63164e-001  6.16667e+002
          6201  6.19022e+002  6.20100e+003  1.84787e+001  7.57285e-001  6.16750e+002
          6202  6.19072e+002  6.20200e+003  1.77787e+001  7.51469e-001  6.16833e+002
          6203  6.19132e+002  6.20300e+003  1.70723e+001  7.45671e-001  6.16917e+002
          6204  6.19182e+002  6.20400e+003  1.63745e+001  7.40129e-001  6.17000e+002
          6205  6.19232e+002  6.20500e+003  1.56756e+001  7.34476e-001  6.17083e+002
          6206  6.19286e+002  6.20600e+003  1.49759e+001  7.28812e-001  6.17167e+002
          6207  6.19342e+002  6.20700e+003  1.42760e+001  7.23186e-001  6.17250e+002
          6208  6.19387e+002  6.20800e+003  1.35640e+001  7.17704e-001  6.17333e+002
          6209  6.19441e+002  6.20900e+003  1.28556e+001  7.12175e-001  6.17417e+002
          6210  6.19489e+002  6.21000e+003  1.20880e+001  7.06660e-001  6.17500e+002
          6211  6.19531e+002  6.21100e+003  1.12987e+001  7.01132e-001  6.17583e+002
          6212  6.19574e+002  6.21200e+003  1.04804e+001  6.95736e-001  6.17667e+002
          6213  6.19627e+002  6.21300e+003  9.67125e+000  6.90343e-001  6.17750e+002
          6214  6.19661e+002  6.21400e+003  8.85013e+000  6.84967e-001  6.17833e+002
          6215  6.19713e+002  6.21500e+003  7.99410e+000  6.79570e-001  6.17917e+002
          6216  6.19754e+002  6.21600e+003  7.10401e+000  6.74285e-001  6.18000e+002
          6217  6.19802e+002  6.21700e+003  6.21593e+000  6.68996e-001  6.18083e+002
          6218  6.19840e+002  6.21800e+003  5.31278e+000  6.63767e-001  6.18167e+002
          6219  6.19890e+002  6.21900e+003  4.41196e+000  6.58619e-001  6.18250e+002
          6220  6.19928e+002  6.22000e+003  3.46007e+000  6.53619e-001  6.18333e+002
          6221  6.19973e+002  6.22100e+003  2.54066e+000  6.48603e-001  6.18417e+002
          6222  6.20009e+002  6.22200e+003  1.61395e+000  6.43606e-001  6.18500e+002
          6223  6.20045e+002  6.22300e+003  6.67669e-001  6.38624e-001  6.18583e+002
          6224  6.20091e+002  6.22400e+003 -3.08615e-001  6.33899e-001  6.18667e+002
          6225  6.20124e+002  6.22500e+003 -1.30033e+000  6.29111e-001  6.18750e+002
          6226  6.20169e+002  6.22600e+003 -2.30901e+000  6.24363e-001  6.18833e+002
          6227  6.20207e+002  6.22700e+003 -3.31976e+000  6.19625e-001  6.18917e+002
          6228  6.20231e+002  6.22800e+003 -4.43920e+000  6.15076e-001  6.19000e+002
          6229  6.20265e+002  6.22900e+003 -5.57387e+000  6.10469e-001  6.19083e+002
          6230  6.20292e+002  6.23000e+003 -6.75283e+000  6.05912e-001  6.19167e+002
          6231  6.20328e+002  6.23100e+003 -7.94349e+000  6.01403e-001  6.19250e+002
          6232  6.20357e+002  6.23200e+003 -9.17808e+000  5.97087e-001  6.19333e+002
          6233  6.20374e+002  6.23300e+003 -1.04430e+001  5.92768e-001  6.19417e+002
          6234  6.20398e+002  6.23400e+003 -1.17551e+001  5.88499e-001  6.19500e+002
          6235  6.20433e+002  6.23500e+003 -1.31088e+001  5.84267e-001  6.19583e+002
          6236  6.20457e+002  6.23600e+003 -1.45541e+001  5.80255e-001  6.19667e+002
          6237  6.20472e+002  6.23700e+003 -1.60247e+001  5.76198e-001  6.19750e+002
          6238  6.20484e+002  6.23800e+003 -1.75512e+001  5.72211e-001  6.19833e+002
          6239  6.20505e+002  6.23900e+003 -1.91209e+001  5.68252e-001  6.19917e+002
          6240  6.20513e+002  6.24000e+003 -2.07752e+001  5.64549e-001  6.20000e+002
          6241  6.20518e+002  6.24100e+003 -2.25130e+001  5.60881e-001  6.20083e+002
          6242  6.20517e+002  6.24200e+003 -2.43453e+001  5.57281e-001  6.20167e+002
          6243  6.20523e+002  6.24300e+003 -2.62030e+001  5.53695e-001  6.20250e+002
          6244  6.20528e+002  6.24400e+003 -2.81644e+001  5.50470e-001  6.20333e+002
          6245  6.20519e+002  6.24500e+003 -3.01444e+001  5.47220e-001  6.20417e+002
          6246  6.20519e+002  6.24600e+003 -3.21644e+001  5.44017e-001  6.20500e+002
          6247  6.20513e+002  6.24700e+003 -3.42019e+001  5.40855e-001  6.20583e+002
          6248  6.20504e+002  6.24800e+003 -3.64062e+001  5.38053e-001  6.20667e+002
          6249  6.20488e+002  6.24900e+003 -3.86713e+001  5.35265e-001  6.20750e+002
          6250  6.20463e+002  6.25000e+003 -4.09557e+001  5.32583e-001  6.20833e+002
          6251  6.20454e+002  6.25100e+003 -4.32273e+001  5.29984e-001  6.20917e+002
          6252  6.20436e+002  6.25200e+003 -4.55135e+001  5.27818e-001  6.21000e+002
          6253  6.20431e+002  6.25300e+003 -4.77793e+001  5.25544e-001  6.21083e+002
          6254  6.20419e+002  6.25400e+003 -5.00019e+001  5.23334e-001  6.21167e+002
          6255  6.20413e+002  6.25500e+003 -5.22052e+001  5.21220e-001  6.21250e+002
          6256  6.20405e+002  6.25600e+003 -5.42432e+001  5.19525e-001  6.21333e+002
          6257  6.20399e+002  6.25700e+003 -5.62127e+001  5.17791e-001  6.21417e+002
          6258  6.20405e+002  6.25800e+003 -5.80832e+001  5.16096e-001  6.21500e+002
          6259  6.20419e+002  6.25900e+003 -5.98897e+001  5.14469e-001  6.21583e+002
          6260  6.20418e+002  6.26000e+003 -6.15557e+001  5.13287e-001  6.21667e+002
          6261  6.20431e+002  6.26100e+003 -6.31555e+001  5.12052e-001  6.21750e+002
          6262  6.20450e+002  6.26200e+003 -6.46725e+001  5.10863e-001  6.21833e+002
          6263  6.20460e+002  6.26300e+003 -6.61854e+001  5.09719e-001  6.21917e+002
          6264  6.20477e+002  6.26400e+003 -6.75341e+001  5.08860e-001  6.22000e+002
          6265  6.20495e+002  6.26500e+003 -6.88082e+001  5.07961e-001  6.22083e+002
          6266  6.20522e+002  6.26600e+003 -6.99869e+001  5.07098e-001  6.22167e+002
          6267  6.20556e+002  6.26700e+003 -7.11321e+001  5.06302e-001  6.22250e+002
          6268  6.20583e+002  6.26800e+003 -7.21598e+001  5.05653e-001  6.22333e+002
          6269  6.20613e+002  6.26900e+003 -7.31642e+001  5.04945e-001  6.22417e+002
          6270  6.20653e+002  6.27000e+003 -7.41145e+001  5.04295e-001  6.22500e+002
          6271  6.20690e+002  6.27100e+003 -7.50236e+001  5.03700e-001  6.22583e+002
          6272  6.20736e+002  6.27200e+003 -7.58323e+001  5.03178e-001  6.22667e+002
          6273  6.20773e+002  6.27300e+003 -7.66222e+001  5.02652e-001  6.22750e+002
          6274  6.20807e+002  6.27400e+003 -7.73641e+001  5.02127e-001  6.22833e+002
          6275  6.20850e+002  6.27500e+003 -7.80717e+001  5.01633e-001  6.22917e+002
          6276  6.20911e+002  6.27600e+003 -7.86775e+001  5.01175e-001  6.23000e+002
          6277  6.20956e+002  6.27700e+003 -7.92743e+001  5.00727e-001  6.23083e+002
          6278  6.20998e+002  6.27800e+003 -7.98560e+001  5.00297e-001  6.23167e+002
          6279  6.21046e+002  6.27900e+003 -8.03769e+001  4.99848e-001  6.23250e+002
          6280  6.21098e+002  6.28000e+003 -8.08554e+001  4.99433e-001  6.23333e+002
          6281  6.21155e+002  6.28100e+003 -8.13262e+001  4.98994e-001  6.23417e+002
          6282  6.21209e+002  6.28200e+003 -8.17732e+001  4.98586e-001  6.23500e+002
          6283  6.21260e+002  6.28300e+003 -8.22048e+001  4.98205e-001  6.23583e+002
          6284  6.21318e+002  6.28400e+003 -8.25633e+001  4.97808e-001  6.23667e+002
          6285  6.21374e+002  6.28500e+003 -8.29291e+001  4.97406e-001  6.23750e+002
          6286  6.21434e+002  6.28600e+003 -8.32703e+001  4.96985e-001  6.23833e+002
          6287  6.21497e+002  6.28700e+003 -8.35801e+001  4.96578e-001  6.23917e+002
          6288  6.21558e+002  6.28800e+003 -8.38631e+001  4.96104e-001  6.24000e+002
          6289  6.21623e+002  6.28900e+003 -8.41512e+001  4.95679e-001  6.24083e+002
          6290  6.21673e+002  6.29000e+003 -8.44263e+001  4.95273e-001  6.24167e+002
          6291  6.21748e+002  6.29100e+003 -8.46905e+001  4.94842e-001  6.24250e+002
          6292  6.21800e+002  6.29200e+003 -8.49071e+001  4.94421e-001  6.24333e+002
          6293  6.21867e+002  6.29300e+003 -8.51297e+001  4.93986e-001  6.24417e+002
          6294  6.21927e+002  6.29400e+003 -8.53434e+001  4.93582e-001  6.24500e+002
          6295  6.21998e+002  6.29500e+003 -8.55493e+001  4.93205e-001  6.24583e+002
          6296  6.22059e+002  6.29600e+003 -8.56950e+001  4.92806e-001  6.24667e+002
          6297  6.22134e+002  6.29700e+003 -8.58565e+001  4.92433e-001  6.24750e+002
          6298  6.22198e+002  6.29800e+003 -8.60099e+001  4.92074e-001  6.24833e+002
          6299  6.22263e+002  6.29900e+003 -8.61661e+001  4.91689e-001  6.24917e+002
          6300  6.22332e+002  6.30000e+003 -8.62829e+001  4.91233e-001  6.25000e+002
          6301  6.22398e+002  6.30100e+003 -8.64236e+001  4.90813e-001  6.25083e+002
          6302  6.22477e+002  6.30200e+003 -8.65548e+001  4.90404e-001  6.25167e+002
          6303  6.22539e+002  6.30300e+003 -8.66835e+001  4.89965e-001  6.25250e+002
          6304  6.22616e+002  6.30400e+003 -8.67551e+001  4.89520e-001  6.25333e+002
          6305  6.22682e+002  6.30500e+003 -8.68621e+001  4.89122e-001  6.25417e+002
          6306  6.22757e+002  6.30600e+003 -8.69781e+001  4.88717e-001  6.25500e+002
          6307  6.22821e+002  6.30700e+003 -8.70856e+001  4.88329e-001  6.25583e+002
          6308  6.22894e+002  6.30800e+003 -8.71566e+001  4.88042e-001  6.25667e+002
          6309  6.22965e+002  6.30900e+003 -8.72481e+001  4.87688e-001  6.25750e+002
          6310  6.23036e+002  6.31000e+003 -8.73445e+001  4.87350e-001  6.25833e+002
          6311  6.23106e+002  6.31100e+003 -8.74332e+001  4.87037e-001  6.25917e+002
          6312  6.23182e+002  6.31200e+003 -8.74856e+001  4.86768e-001  6.26000e+002
          6313  6.23254e+002  6.31300e+003 -8.75559e+001  4.86457e-001  6.26083e+002
          6314  6.23330e+002  6.31400e+003 -8.76314e+001  4.86165e-001  6.26167e+002
          6315  6.23401e+002  6.31500e+003 -8.77122e+001  4.85893e-001  6.26250e+002
          6316  6.23471e+002  6.31600e+003 -8.77528e+001  4.85587e-001  6.26333e+002
          6317  6.23554e+002  6.31700e+003 -8.78093e+001  4.85288e-001  6.26417e+002
          6318  6.23622e+002  6.31800e+003 -8.78672e+001  4.85017e-001  6.26500e+002
          6319  6.23703e+002  6.31900e+003 -8.79244e+001  4.84766e-001  6.26583e+002
          6320  6.23779e+002  6.32000e+003 -8.79638e+001  4.84424e-001  6.26667e+002
          6321  6.23847e+002  6.32100e+003 -8.80111e+001  4.84132e-001  6.26750e+002
          6322  6.23923e+002  6.32200e+003 -8.80600e+001  4.83875e-001  6.26833e+002
          6323  6.24000e+002  6.32300e+003 -8.81087e+001  4.83641e-001  6.26917e+002
          6324  6.24089e+002  6.32400e+003 -8.81452e+001  4.83432e-001  6.27000e+002
          6325  6.24159e+002  6.32500e+003 -8.81874e+001  4.83186e-001  6.27083e+002
          6326  6.24233e+002  6.32600e+003 -8.82298e+001  4.82954e-001  6.27167e+002
          6327  6.24301e+002  6.32700e+003 -8.82710e+001  4.82738e-001  6.27250e+002
          6328  6.24384e+002  6.32800e+003 -8.83024e+001  4.82559e-001  6.27333e+002
          6329  6.24459e+002  6.32900e+003 -8.83383e+001  4.82319e-001  6.27417e+002
          6330  6.24541e+002  6.33000e+003 -8.83746e+001  4.82083e-001  6.27500e+002
          6331  6.24615e+002  6.33100e+003 -8.84102e+001  4.81860e-001  6.27583e+002
          6332  6.24689e+002  6.33200e+003 -8.84428e+001  4.81657e-001  6.27667e+002
          6333  6.24765e+002  6.33300e+003 -8.84758e+001  4.81455e-001  6.27750e+002
          6334  6.24843e+002  6.33400e+003 -8.85086e+001  4.81218e-001  6.27833e+002
          6335  6.24922e+002  6.33500e+003 -8.85402e+001  4.80984e-001  6.27917e+002
          6336  6.25001e+002  6.33600e+003 -8.85638e+001  4.80810e-001  6.28000e+002
          6337  6.25082e+002  6.33700e+003 -8.85926e+001  4.80633e-001  6.28083e+002
          6338  6.25162e+002  6.33800e+003 -8.86221e+001  4.80447e-001  6.28167e+002
          6339  6.25232e+002  6.33900e+003 -8.86513e+001  4.80220e-001  6.28250e+002
          6340  6.25308e+002  6.34000e+003 -8.86779e+001  4.80014e-001  6.28333e+002
          6341  6.25385e+002  6.34100e+003 -8.87061e+001  4.79817e-001  6.28417e+002
          6342  6.25472e+002  6.34200e+003 -8.87334e+001  4.79636e-001  6.28500e+002
          6343  6.25544e+002  6.34300e+003 -8.87599e+001  4.79469e-001  6.28583e+002
          6344  6.25627e+002  6.34400e+003 -8.87818e+001  4.79306e-001  6.28667e+002
          6345  6.25699e+002  6.34500e+003 -8.88056e+001  4.79103e-001  6.28750e+002
          6346  6.25783e+002  6.34600e+003 -8.88320e+001  4.78878e-001  6.28833e+002
          6347  6.25860e+002  6.34700e+003 -8.88592e+001  4.78608e-001  6.28917e+002
          6348  6.25946e+002  6.34800e+003 -8.88853e+001  4.78329e-001  6.29000e+002
          6349  6.26022e+002  6.34900e+003 -8.89093e+001  4.78073e-001  6.29083e+002
          6350  6.26096e+002  6.35000e+003 -8.89346e+001  4.77840e-001  6.29167e+002
          6351  6.26178e+002  6.35100e+003 -8.89606e+001  4.77623e-001  6.29250e+002
          6352  6.26260e+002  6.35200e+003 -8.89835e+001  4.77441e-001  6.29333e+002
          6353  6.26342e+002  6.35300e+003 -8.90073e+001  4.77264e-001  6.29417e+002
          6354  6.26421e+002  6.35400e+003 -8.90318e+001  4.77053e-001  6.29500e+002
          6355  6.26495e+002  6.35500e+003 -8.90560e+001  4.76847e-001  6.29583e+002
          6356  6.26580e+002  6.35600e+003 -8.90808e+001  4.76722e-001  6.29667e+002
          6357  6.26651e+002  6.35700e+003 -8.91031e+001  4.76576e-001  6.29750e+002
          6358  6.26732e+002  6.35800e+003 -8.91256e+001  4.76440e-001  6.29833e+002
          6359  6.26815e+002  6.35900e+003 -8.91491e+001  4.76316e-001  6.29917e+002
          6360  6.26896e+002  6.36000e+003 -8.91676e+001  4.76119e-001  6.30000e+002
          6361  6.26984e+002  6.36100e+003 -8.91869e+001  4.75930e-001  6.30083e+002
          6362  6.27059e+002  6.36200e+003 -8.92067e+001  4.75756e-001  6.30167e+002
          6363  6.27143e+002  6.36300e+003 -8.92279e+001  4.75591e-001  6.30250e+002
          6364  6.27222e+002  6.36400e+003 -8.92444e+001  4.75400e-001  6.30333e+002
          6365  6.27297e+002  6.36500e+003 -8.92641e+001  4.75264e-001  6.30417e+002
          6366  6.27381e+002  6.36600e+003 -8.92844e+001  4.75157e-001  6.30500e+002
          6367  6.27461e+002  6.36700e+003 -8.93040e+001  4.75066e-001  6.30583e+002
          6368  6.27545e+002  6.36800e+003 -8.93234e+001  4.74968e-001  6.30667e+002
          6369  6.27631e+002  6.36900e+003 -8.93412e+001  4.74831e-001  6.30750e+002
          6370  6.27712e+002  6.37000e+003 -8.93592e+001  4.74694e-001  6.30833e+002
          6371  6.27788e+002  6.37100e+003 -8.93779e+001  4.74563e-001  6.30917e+002
          6372  6.27862e+002  6.37200e+003 -8.93984e+001  4.74368e-001  6.31000e+002
          6373  6.27944e+002  6.37300e+003 -8.94192e+001  4.74243e-001  6.31083e+002
          6374  6.28022e+002  6.37400e+003 -8.94406e+001  4.74146e-001  6.31167e+002
          6375  6.28110e+002  6.37500e+003 -8.94633e+001  4.74063e-001  6.31250e+002
          6376  6.28184e+002  6.37600e+003 -8.94817e+001  4.73963e-001  6.31333e+002
          6377  6.28270e+002  6.37700e+003 -8.95018e+001  4.73827e-001  6.31417e+002
          6378  6.28349e+002  6.37800e+003 -8.95212e+001  4.73692e-001  6.31500e+002
          6379  6.28431e+002  6.37900e+003 -8.95403e+001  4.73563e-001  6.31583e+002
          6380  6.28512e+002  6.38000e+003 -8.95646e+001  4.73368e-001  6.31667e+002
          6381  6.28594e+002  6.38100e+003 -8.95867e+001  4.73242e-001  6.31750e+002
          6382  6.28676e+002  6.38200e+003 -8.96075e+001  4.73146e-001  6.31833e+002
          6383  6.28759e+002  6.38300e+003 -8.96283e+001  4.73062e-001  6.31917e+002
          6384  6.28837e+002  6.38400e+003 -8.96493e+001  4.73074e-001  6.32000e+002
          6385  6.28921e+002  6.38500e+003 -8.96707e+001  4.73021e-001  6.32083e+002
          6386  6.29005e+002  6.38600e+003 -8.96919e+001  4.72908e-001  6.32167e+002
          6387  6.29082e+002  6.38700e+003 -8.97135e+001  4.72785e-001  6.32250e+002
          6388  6.29169e+002  6.38800e+003 -8.97318e+001  4.72649e-001  6.32333e+002
          6389  6.29246e+002  6.38900e+003 -8.97517e+001  4.72527e-001  6.32417e+002
          6390  6.29319e+002  6.39000e+003 -8.97734e+001  4.72414e-001  6.32500e+002
          6391  6.29407e+002  6.39100e+003 -8.97957e+001  4.72309e-001  6.32583e+002
          6392  6.29482e+002  6.39200e+003 -8.98187e+001  4.72218e-001  6.32667e+002
          6393  6.29570e+002  6.39300e+003 -8.98398e+001  4.72144e-001  6.32750e+002
          6394  6.29650e+002  6.39400e+003 -8.98600e+001  4.72085e-001  6.32833e+002
          6395  6.29727e+002  6.39500e+003 -8.98804e+001  4.72034e-001  6.32917e+002
          6396  6.29811e+002  6.39600e+003 -8.99022e+001  4.72043e-001  6.33000e+002
          6397  6.29895e+002  6.39700e+003 -8.99234e+001  4.72001e-001  6.33083e+002
          6398  6.29975e+002  6.39800e+003 -8.99444e+001  4.71897e-001  6.33167e+002
          6399  6.30059e+002  6.39900e+003 -8.99656e+001  4.71782e-001  6.33250e+002
          6400  6.30135e+002  6.40000e+003 -8.99877e+001  4.71615e-001  6.33333e+002
          6401  6.30223e+002  6.40100e+003 -9.00093e+001  4.71405e-001  6.33417e+002
          6402  6.30300e+002  6.40200e+003 -9.00312e+001  4.71188e-001  6.33500e+002
          6403  6.30388e+002  6.40300e+003 -9.00531e+001  4.70976e-001  6.33583e+002
          6404  6.30462e+002  6.40400e+003 -9.00762e+001  4.70714e-001  6.33667e+002
          6405  6.30550e+002  6.40500e+003 -9.00993e+001  4.70520e-001  6.33750e+002
          6406  6.30623e+002  6.40600e+003 -9.01222e+001  4.70361e-001  6.33833e+002
          6407  6.30716e+002  6.40700e+003 -9.01449e+001  4.70220e-001  6.33917e+002
          6408  6.30793e+002  6.40800e+003 -9.01699e+001  4.70186e-001  6.34000e+002
          6409  6.30873e+002  6.40900e+003 -9.01934e+001  4.70124e-001  6.34083e+002
          6410  6.30958e+002  6.41000e+003 -9.02155e+001  4.70069e-001  6.34167e+002
          6411  6.31039e+002  6.41100e+003 -9.02379e+001  4.70024e-001  6.34250e+002
          6412  6.31117e+002  6.41200e+003 -9.02611e+001  4.69923e-001  6.34333e+002
          6413  6.31202e+002  6.41300e+003 -9.02833e+001  4.69801e-001  6.34417e+002
          6414  6.31289e+002  6.41400e+003 -9.03053e+001  4.69678e-001  6.34500e+002
          6415  6.31368e+002  6.41500e+003 -9.03278e+001  4.69558e-001  6.34583e+002
          6416  6.31448e+002  6.41600e+003 -9.03505e+001  4.69361e-001  6.34667e+002
          6417  6.31530e+002  6.41700e+003 -9.03744e+001  4.69238e-001  6.34750e+002
          6418  6.31607e+002  6.41800e+003 -9.03970e+001  4.69144e-001  6.34833e+002
          6419  6.31695e+002  6.41900e+003 -9.04190e+001  4.69062e-001  6.34917e+002
          6420  6.31780e+002  6.42000e+003 -9.04429e+001  4.69073e-001  6.35000e+002
          6421  6.31864e+002  6.42100e+003 -9.04669e+001  4.69048e-001  6.35083e+002
          6422  6.31939e+002  6.42200e+003 -9.04899e+001  4.69025e-001  6.35167e+002
          6423  6.32017e+002  6.42300e+003 -9.05129e+001  4.69007e-001  6.35250e+002
          6424  6.32104e+002  6.42400e+003 -9.05406e+001  4.69012e-001  6.35333e+002
          6425  6.32188e+002  6.42500e+003 -9.05654e+001  4.69009e-001  6.35417e+002
          6426  6.32268e+002  6.42600e+003 -9.05898e+001  4.69004e-001  6.35500e+002
          6427  6.32351e+002  6.42700e+003 -9.06131e+001  4.69001e-001  6.35583e+002
          6428  6.32431e+002  6.42800e+003 -9.06353e+001  4.68891e-001  6.35667e+002
          6429  6.32507e+002  6.42900e+003 -9.06591e+001  4.68779e-001  6.35750e+002
          6430  6.32587e+002  6.43000e+003 -9.06821e+001  4.68667e-001  6.35833e+002
          6431  6.32672e+002  6.43100e+003 -9.07057e+001  4.68556e-001  6.35917e+002
          6432  6.32753e+002  6.43200e+003 -9.07295e+001  4.68355e-001  6.36000e+002
          6433  6.32846e+002  6.43300e+003 -9.07528e+001  4.68234e-001  6.36083e+002
          6434  6.32919e+002  6.43400e+003 -9.07758e+001  4.68142e-001  6.36167e+002
          6435  6.33008e+002  6.43500e+003 -9.07989e+001  4.68062e-001  6.36250e+002
          6436  6.33099e+002  6.43600e+003 -9.08181e+001  4.68072e-001  6.36333e+002
          6437  6.33171e+002  6.43700e+003 -9.08395e+001  4.68048e-001  6.36417e+002
          6438  6.33259e+002  6.43800e+003 -9.08605e+001  4.68025e-001  6.36500e+002
          6439  6.33341e+002  6.43900e+003 -9.08814e+001  4.68007e-001  6.36583e+002
          6440  6.33411e+002  6.44000e+003 -9.09032e+001  4.68012e-001  6.36667e+002
          6441  6.33500e+002  6.44100e+003 -9.09240e+001  4.68008e-001  6.36750e+002
          6442  6.33584e+002  6.44200e+003 -9.09443e+001  4.68004e-001  6.36833e+002
          6443  6.33663e+002  6.44300e+003 -9.09641e+001  4.68001e-001  6.36917e+002
          6444  6.33745e+002  6.44400e+003 -9.09821e+001  4.68002e-001  6.37000e+002
          6445  6.33830e+002  6.44500e+003 -9.10009e+001  4.68001e-001  6.37083e+002
          6446  6.33906e+002  6.44600e+003 -9.10179e+001  4.68001e-001  6.37167e+002
          6447  6.33995e+002  6.44700e+003 -9.10342e+001  4.68000e-001  6.37250e+002
          6448  6.34068e+002  6.44800e+003 -9.10509e+001  4.68000e-001  6.37333e+002
          6449  6.34157e+002  6.44900e+003 -9.10686e+001  4.67972e-001  6.37417e+002
          6450  6.34228e+002  6.45000e+003 -9.10852e+001  4.67882e-001  6.37500e+002
          6451  6.34314e+002  6.45100e+003 -9.11024e+001  4.67778e-001  6.37583e+002
          6452  6.34395e+002  6.45200e+003 -9.11178e+001  4.67636e-001  6.37667e+002
          6453  6.34481e+002  6.45300e+003 -9.11348e+001  4.67518e-001  6.37750e+002
          6454  6.34561e+002  6.45400e+003 -9.11515e+001  4.67410e-001  6.37833e+002
          6455  6.34650e+002  6.45500e+003 -9.11670e+001  4.67309e-001  6.37917e+002
          6456  6.34731e+002  6.45600e+003 -9.11810e+001  4.67216e-001  6.38000e+002
          6457  6.34817e+002  6.45700e+003 -9.11962e+001  4.67115e-001  6.38083e+002
          6458  6.34900e+002  6.45800e+003 -9.12113e+001  4.66966e-001  6.38167e+002
          6459  6.34984e+002  6.45900e+003 -9.12258e+001  4.66812e-001  6.38250e+002
          6460  6.35052e+002  6.46000e+003 -9.12438e+001  4.66678e-001  6.38333e+002
          6461  6.35136e+002  6.46100e+003 -9.12592e+001  4.66546e-001  6.38417e+002
          6462  6.35217e+002  6.46200e+003 -9.12743e+001  4.66425e-001  6.38500e+002
          6463  6.35309e+002  6.46300e+003 -9.12886e+001  4.66312e-001  6.38583e+002
          6464  6.35392e+002  6.46400e+003 -9.12991e+001  4.66223e-001  6.38667e+002
          6465  6.35471e+002  6.46500e+003 -9.13105e+001  4.66147e-001  6.38750e+002
          6466  6.35557e+002  6.46600e+003 -9.13223e+001  4.66087e-001  6.38833e+002
          6467  6.35638e+002  6.46700e+003 -9.13345e+001  4.66035e-001  6.38917e+002
          6468  6.35720e+002  6.46800e+003 -9.13448e+001  4.66043e-001  6.39000e+002
          6469  6.35792e+002  6.46900e+003 -9.13558e+001  4.66029e-001  6.39083e+002
          6470  6.35877e+002  6.47000e+003 -9.13667e+001  4.66015e-001  6.39167e+002
          6471  6.35965e+002  6.47100e+003 -9.13778e+001  4.66004e-001  6.39250e+002
          6472  6.36045e+002  6.47200e+003 -9.13868e+001  4.66007e-001  6.39333e+002
          6473  6.36131e+002  6.47300e+003 -9.13971e+001  4.66005e-001  6.39417e+002
          6474  6.36214e+002  6.47400e+003 -9.14081e+001  4.66002e-001  6.39500e+002
          6475  6.36302e+002  6.47500e+003 -9.14186e+001  4.66000e-001  6.39583e+002
          6476  6.36389e+002  6.47600e+003 -9.14315e+001  4.66001e-001  6.39667e+002
          6477  6.36470e+002  6.47700e+003 -9.14436e+001  4.66001e-001  6.39750e+002
          6478  6.36547e+002  6.47800e+003 -9.14540e+001  4.66000e-001  6.39833e+002
          6479  6.36633e+002  6.47900e+003 -9.14638e+001  4.66000e-001  6.39917e+002
          6480  6.36711e+002  6.48000e+003 -9.14763e+001  4.66000e-001  6.40000e+002
          6481  6.36791e+002  6.48100e+003 -9.14868e+001  4.66000e-001  6.40083e+002
          6482  6.36874e+002  6.48200e+003 -9.14962e+001  4.65972e-001  6.40167e+002
          6483  6.36955e+002  6.48300e+003 -9.15055e+001  4.65889e-001  6.40250e+002
          6484  6.37036e+002  6.48400e+003 -9.15141e+001  4.65766e-001  6.40333e+002
          6485  6.37119e+002  6.48500e+003 -9.15243e+001  4.65652e-001  6.40417e+002
          6486  6.37197e+002  6.48600e+003 -9.15347e+001  4.65541e-001  6.40500e+002
          6487  6.37286e+002  6.48700e+003 -9.15445e+001  4.65432e-001  6.40583e+002
          6488  6.37370e+002  6.48800e+003 -9.15520e+001  4.65286e-001  6.40667e+002
          6489  6.37457e+002  6.48900e+003 -9.15608e+001  4.65189e-001  6.40750e+002
          6490  6.37540e+002  6.49000e+003 -9.15695e+001  4.65113e-001  6.40833e+002
          6491  6.37624e+002  6.49100e+003 -9.15776e+001  4.65048e-001  6.40917e+002
          6492  6.37702e+002  6.49200e+003 -9.15874e+001  4.65057e-001  6.41000e+002
          6493  6.37783e+002  6.49300e+003 -9.15965e+001  4.65038e-001  6.41083e+002
          6494  6.37868e+002  6.49400e+003 -9.16064e+001  4.65020e-001  6.41167e+002
          6495  6.37955e+002  6.49500e+003 -9.16160e+001  4.65005e-001  6.41250e+002
          6496  6.38033e+002  6.49600e+003 -9.16222e+001  4.65010e-001  6.41333e+002
          6497  6.38122e+002  6.49700e+003 -9.16295e+001  4.65007e-001  6.41417e+002
          6498  6.38206e+002  6.49800e+003 -9.16370e+001  4.65003e-001  6.41500e+002
          6499  6.38287e+002  6.49900e+003 -9.16444e+001  4.65001e-001  6.41583e+002
          6500  6.38372e+002  6.50000e+003 -9.16521e+001  4.65002e-001  6.41667e+002
          6501  6.38458e+002  6.50100e+003 -9.16604e+001  4.65001e-001  6.41750e+002
          6502  6.38533e+002  6.50200e+003 -9.16686e+001  4.65000e-001  6.41833e+002
          6503  6.38620e+002  6.50300e+003 -9.16773e+001  4.65000e-001  6.41917e+002
          6504  6.38699e+002  6.50400e+003 -9.16844e+001  4.65000e-001  6.42000e+002
          6505  6.38790e+002  6.50500e+003 -9.16928e+001  4.65000e-001  6.42083e+002
          6506  6.38873e+002  6.50600e+003 -9.17018e+001  4.65000e-001  6.42167e+002
          6507  6.38952e+002  6.50700e+003 -9.17106e+001  4.65000e-001  6.42250e+002
          6508  6.39038e+002  6.50800e+003 -9.17181e+001  4.65000e-001  6.42333e+002
          6509  6.39112e+002  6.50900e+003 -9.17260e+001  4.65000e-001  6.42417e+002
          6510  6.39192e+002  6.51000e+003 -9.17344e+001  4.65000e-001  6.42500e+002
          6511  6.39280e+002  6.51100e+003 -9.17424e+001  4.65000e-001  6.42583e+002
          6512  6.39374e+002  6.51200e+003 -9.17521e+001  4.65000e-001  6.42667e+002
          6513  6.39447e+002  6.51300e+003 -9.17613e+001  4.65000e-001  6.42750e+002
          6514  6.39524e+002  6.51400e+003 -9.17702e+001  4.65000e-001  6.42833e+002
          6515  6.39608e+002  6.51500e+003 -9.17785e+001  4.65000e-001  6.42917e+002
          6516  6.39696e+002  6.51600e+003 -9.17847e+001  4.64972e-001  6.43000e+002
          6517  6.39778e+002  6.51700e+003 -9.17910e+001  4.64882e-001  6.43083e+002
          6518  6.39865e+002  6.51800e+003 -9.17992e+001  4.64776e-001  6.43167e+002
          6519  6.39947e+002  6.51900e+003 -9.18099e+001  4.64667e-001  6.43250e+002
          6520  6.40033e+002  6.52000e+003 -9.18209e+001  4.64498e-001  6.43333e+002
          6521  6.40110e+002  6.52100e+003 -9.18315e+001  4.64377e-001  6.43417e+002
          6522  6.40199e+002  6.52200e+003 -9.18408e+001  4.64276e-001  6.43500e+002
          6523  6.40281e+002  6.52300e+003 -9.18491e+001  4.64185e-001  6.43583e+002
          6524  6.40362e+002  6.52400e+003 -9.18584e+001  4.64116e-001  6.43667e+002
          6525  6.40451e+002  6.52500e+003 -9.18681e+001  4.63977e-001  6.43750e+002
          6526  6.40526e+002  6.52600e+003 -9.18773e+001  4.63831e-001  6.43833e+002
          6527  6.40601e+002  6.52700e+003 -9.18873e+001  4.63687e-001  6.43917e+002
          6528  6.40686e+002  6.52800e+003 -9.19032e+001  4.63525e-001  6.44000e+002
          6529  6.40774e+002  6.52900e+003 -9.19157e+001  4.63395e-001  6.44083e+002
          6530  6.40852e+002  6.53000e+003 -9.19265e+001  4.63286e-001  6.44167e+002
          6531  6.40939e+002  6.53100e+003 -9.19364e+001  4.63187e-001  6.44250e+002
          6532  6.41022e+002  6.53200e+003 -9.19418e+001  4.63148e-001  6.44333e+002
          6533  6.41091e+002  6.53300e+003 -9.19505e+001  4.63098e-001  6.44417e+002
          6534  6.41190e+002  6.53400e+003 -9.19610e+001  4.63056e-001  6.44500e+002
          6535  6.41265e+002  6.53500e+003 -9.19703e+001  4.63021e-001  6.44583e+002
          6536  6.41347e+002  6.53600e+003 -9.19780e+001  4.63028e-001  6.44667e+002
          6537  6.41431e+002  6.53700e+003 -9.19855e+001  4.63019e-001  6.44750e+002
          6538  6.41513e+002  6.53800e+003 -9.19946e+001  4.63010e-001  6.44833e+002
          6539  6.41598e+002  6.53900e+003 -9.20044e+001  4.63002e-001  6.44917e+002
          6540  6.41687e+002  6.54000e+003 -9.20108e+001  4.63005e-001  6.45000e+002
          6541  6.41771e+002  6.54100e+003 -9.20193e+001  4.63003e-001  6.45083e+002
          6542  6.41845e+002  6.54200e+003 -9.20277e+001  4.63002e-001  6.45167e+002
          6543  6.41926e+002  6.54300e+003 -9.20363e+001  4.63000e-001  6.45250e+002
          6544  6.42010e+002  6.54400e+003 -9.20438e+001  4.63001e-001  6.45333e+002
          6545  6.42094e+002  6.54500e+003 -9.20511e+001  4.63001e-001  6.45417e+002
          6546  6.42178e+002  6.54600e+003 -9.20591e+001  4.63000e-001  6.45500e+002
          6547  6.42251e+002  6.54700e+003 -9.20671e+001  4.63000e-001  6.45583e+002
          6548  6.42341e+002  6.54800e+003 -9.20785e+001  4.63000e-001  6.45667e+002
          6549  6.42412e+002  6.54900e+003 -9.20874e+001  4.63000e-001  6.45750e+002
          6550  6.42510e+002  6.55000e+003 -9.20952e+001  4.63000e-001  6.45833e+002
          6551  6.42593e+002  6.55100e+003 -9.21035e+001  4.63000e-001  6.45917e+002
          6552  6.42672e+002  6.55200e+003 -9.21107e+001  4.63000e-001  6.46000e+002
          6553  6.42751e+002  6.55300e+003 -9.21196e+001  4.63000e-001  6.46083e+002
          6554  6.42842e+002  6.55400e+003 -9.21281e+001  4.63000e-001  6.46167e+002
          6555  6.42920e+002  6.55500e+003 -9.21372e+001  4.63000e-001  6.46250e+002
          6556  6.43000e+002  6.55600e+003 -9.21451e+001  4.63000e-001  6.46333e+002
          6557  6.43084e+002  6.55700e+003 -9.21523e+001  4.63000e-001  6.46417e+002
          6558  6.43169e+002  6.55800e+003 -9.21606e+001  4.63000e-001  6.46500e+002
          6559  6.43251e+002  6.55900e+003 -9.21700e+001  4.63000e-001  6.46583e+002
          6560  6.43327e+002  6.56000e+003 -9.21801e+001  4.63000e-001  6.46667e+002
          6561  6.43404e+002  6.56100e+003 -9.21888e+001  4.63000e-001  6.46750e+002
          6562  6.43493e+002  6.56200e+003 -9.21973e+001  4.63000e-001  6.46833e+002
          6563  6.43583e+002  6.56300e+003 -9.22064e+001  4.63000e-001  6.46917e+002
          6564  6.43658e+002  6.56400e+003 -9.22139e+001  4.63000e-001  6.47000e+002
          6565  6.43747e+002  6.56500e+003 -9.22226e+001  4.63000e-001  6.47083e+002
          6566  6.43831e+002  6.56600e+003 -9.22314e+001  4.63000e-001  6.47167e+002
          6567  6.43913e+002  6.56700e+003 -9.22412e+001  4.63000e-001  6.47250e+002
          6568  6.43992e+002  6.56800e+003 -9.22527e+001  4.63000e-001  6.47333e+002
          6569  6.44072e+002  6.56900e+003 -9.22627e+001  4.62972e-001  6.47417e+002
          6570  6.44156e+002  6.57000e+003 -9.22717e+001  4.62882e-001  6.47500e+002
          6571  6.44233e+002  6.57100e+003 -9.22802e+001  4.62778e-001  6.47583e+002
          6572  6.44323e+002  6.57200e+003 -9.22882e+001  4.62636e-001  6.47667e+002
          6573  6.44411e+002  6.57300e+003 -9.22956e+001  4.62518e-001  6.47750e+002
          6574  6.44492e+002  6.57400e+003 -9.23019e+001  4.62410e-001  6.47833e+002
          6575  6.44570e+002  6.57500e+003 -9.23092e+001  4.62309e-001  6.47917e+002
          6576  6.44658e+002  6.57600e+003 -9.23162e+001  4.62104e-001  6.48000e+002
          6577  6.44739e+002  6.57700e+003 -9.23232e+001  4.61920e-001  6.48083e+002
          6578  6.44816e+002  6.57800e+003 -9.23306e+001  4.61751e-001  6.48167e+002
          6579  6.44897e+002  6.57900e+003 -9.23375e+001  4.61590e-001  6.48250e+002
          6580  6.44979e+002  6.58000e+003 -9.23415e+001  4.61397e-001  6.48333e+002
          6581  6.45068e+002  6.58100e+003 -9.23468e+001  4.61262e-001  6.48417e+002
          6582  6.45150e+002  6.58200e+003 -9.23531e+001  4.61156e-001  6.48500e+002
          6583  6.45230e+002  6.58300e+003 -9.23604e+001  4.61066e-001  6.48583e+002
          6584  6.45312e+002  6.58400e+003 -9.23714e+001  4.61079e-001  6.48667e+002
          6585  6.45397e+002  6.58500e+003 -9.23811e+001  4.61053e-001  6.48750e+002
          6586  6.45477e+002  6.58600e+003 -9.23901e+001  4.61027e-001  6.48833e+002
          6587  6.45559e+002  6.58700e+003 -9.23982e+001  4.61007e-001  6.48917e+002
          6588  6.45644e+002  6.58800e+003 -9.24079e+001  4.61013e-001  6.49000e+002
          6589  6.45732e+002  6.58900e+003 -9.24164e+001  4.61009e-001  6.49083e+002
          6590  6.45820e+002  6.59000e+003 -9.24247e+001  4.61004e-001  6.49167e+002
          6591  6.45892e+002  6.59100e+003 -9.24343e+001  4.61001e-001  6.49250e+002
          6592  6.45979e+002  6.59200e+003 -9.24459e+001  4.61002e-001  6.49333e+002
          6593  6.46060e+002  6.59300e+003 -9.24557e+001  4.61001e-001  6.49417e+002
          6594  6.46134e+002  6.59400e+003 -9.24657e+001  4.61001e-001  6.49500e+002
          6595  6.46224e+002  6.59500e+003 -9.24753e+001  4.61000e-001  6.49583e+002
          6596  6.46305e+002  6.59600e+003 -9.24804e+001  4.61000e-001  6.49667e+002
          6597  6.46395e+002  6.59700e+003 -9.24870e+001  4.61000e-001  6.49750e+002
          6598  6.46478e+002  6.59800e+003 -9.24950e+001  4.61000e-001  6.49833e+002
          6599  6.46561e+002  6.59900e+003 -9.25024e+001  4.61000e-001  6.49917e+002
          6600  6.46640e+002  6.60000e+003 -9.25104e+001  4.61000e-001  6.50000e+002
          6601  6.46727e+002  6.60100e+003 -9.25181e+001  4.61000e-001  6.50083e+002
          6602  6.46801e+002  6.60200e+003 -9.25255e+001  4.61000e-001  6.50167e+002
          6603  6.46890e+002  6.60300e+003 -9.25325e+001  4.61000e-001  6.50250e+002
          6604  6.46971e+002  6.60400e+003 -9.25386e+001  4.61000e-001  6.50333e+002
          6605  6.47061e+002  6.60500e+003 -9.25467e+001  4.61000e-001  6.50417e+002
          6606  6.47138e+002  6.60600e+003 -9.25554e+001  4.61000e-001  6.50500e+002
          6607  6.47228e+002  6.60700e+003 -9.25643e+001  4.61000e-001  6.50583e+002
          6608  6.47312e+002  6.60800e+003 -9.25726e+001  4.60972e-001  6.50667e+002
          6609  6.47394e+002  6.60900e+003 -9.25804e+001  4.60882e-001  6.50750e+002
          6610  6.47471e+002  6.61000e+003 -9.25881e+001  4.60776e-001  6.50833e+002
          6611  6.47552e+002  6.61100e+003 -9.25963e+001  4.60667e-001  6.50917e+002
          6612  6.47635e+002  6.61200e+003 -9.26080e+001  4.60498e-001  6.51000e+002
          6613  6.47715e+002  6.61300e+003 -9.26183e+001  4.60377e-001  6.51083e+002
          6614  6.47804e+002  6.61400e+003 -9.26280e+001  4.60276e-001  6.51167e+002
          6615  6.47886e+002  6.61500e+003 -9.26376e+001  4.60185e-001  6.51250e+002
          6616  6.47963e+002  6.61600e+003 -9.26463e+001  4.60144e-001  6.51333e+002
          6617  6.48053e+002  6.61700e+003 -9.26554e+001  4.60095e-001  6.51417e+002
          6618  6.48137e+002  6.61800e+003 -9.26646e+001  4.60055e-001  6.51500e+002
          6619  6.48213e+002  6.61900e+003 -9.26738e+001  4.60021e-001  6.51583e+002
          6620  6.48297e+002  6.62000e+003 -9.26854e+001  4.60027e-001  6.51667e+002
          6621  6.48385e+002  6.62100e+003 -9.26953e+001  4.60018e-001  6.51750e+002
          6622  6.48457e+002  6.62200e+003 -9.27039e+001  4.60009e-001  6.51833e+002
          6623  6.48544e+002  6.62300e+003 -9.27116e+001  4.60002e-001  6.51917e+002
          6624  6.48623e+002  6.62400e+003 -9.27183e+001  4.60005e-001  6.52000e+002
          6625  6.48706e+002  6.62500e+003 -9.27273e+001  4.60003e-001  6.52083e+002
          6626  6.48789e+002  6.62600e+003 -9.27364e+001  4.60001e-001  6.52167e+002
          6627  6.48876e+002  6.62700e+003 -9.27449e+001  4.60000e-001  6.52250e+002
          6628  6.48961e+002  6.62800e+003 -9.27521e+001  4.60001e-001  6.52333e+002
          6629  6.49041e+002  6.62900e+003 -9.27598e+001  4.60001e-001  6.52417e+002
          6630  6.49128e+002  6.63000e+003 -9.27683e+001  4.60000e-001  6.52500e+002
          6631  6.49205e+002  6.63100e+003 -9.27776e+001  4.60000e-001  6.52583e+002
          6632  6.49287e+002  6.63200e+003 -9.27847e+001  4.60000e-001  6.52667e+002
          6633  6.49364e+002  6.63300e+003 -9.27933e+001  4.60000e-001  6.52750e+002
          6634  6.49443e+002  6.63400e+003 -9.28022e+001  4.60000e-001  6.52833e+002
          6635  6.49535e+002  6.63500e+003 -9.28107e+001  4.60000e-001  6.52917e+002
          6636  6.49610e+002  6.63600e+003 -9.28196e+001  4.59889e-001  6.53000e+002
          6637  6.49699e+002  6.63700e+003 -9.28286e+001  4.59778e-001  6.53083e+002
          6638  6.49782e+002  6.63800e+003 -9.28372e+001  4.59667e-001  6.53167e+002
          6639  6.49865e+002  6.63900e+003 -9.28470e+001  4.59556e-001  6.53250e+002
          6640  6.49949e+002  6.64000e+003 -9.28574e+001  4.59355e-001  6.53333e+002
          6641  6.50032e+002  6.64100e+003 -9.28665e+001  4.59234e-001  6.53417e+002
          6642  6.50109e+002  6.64200e+003 -9.28746e+001  4.59142e-001  6.53500e+002
          6643  6.50195e+002  6.64300e+003 -9.28822e+001  4.59062e-001  6.53583e+002
          6644  6.50278e+002  6.64400e+003 -9.28892e+001  4.59072e-001  6.53667e+002
          6645  6.50358e+002  6.64500e+003 -9.28981e+001  4.59048e-001  6.53750e+002
          6646  6.50440e+002  6.64600e+003 -9.29078e+001  4.59025e-001  6.53833e+002
          6647  6.50523e+002  6.64700e+003 -9.29184e+001  4.59007e-001  6.53917e+002
          6648  6.50602e+002  6.64800e+003 -9.29291e+001  4.59012e-001  6.54000e+002
          6649  6.50687e+002  6.64900e+003 -9.29391e+001  4.59008e-001  6.54083e+002
          6650  6.50769e+002  6.65000e+003 -9.29491e+001  4.59004e-001  6.54167e+002
          6651  6.50857e+002  6.65100e+003 -9.29588e+001  4.59001e-001  6.54250e+002
          6652  6.50938e+002  6.65200e+003 -9.29699e+001  4.59002e-001  6.54333e+002
          6653  6.51016e+002  6.65300e+003 -9.29813e+001  4.58974e-001  6.54417e+002
          6654  6.51101e+002  6.65400e+003 -9.29940e+001  4.58883e-001  6.54500e+002
          6655  6.51188e+002  6.65500e+003 -9.30077e+001  4.58778e-001  6.54583e+002
          6656  6.51269e+002  6.65600e+003 -9.30222e+001  4.58636e-001  6.54667e+002
          6657  6.51352e+002  6.65700e+003 -9.30350e+001  4.58518e-001  6.54750e+002
          6658  6.51428e+002  6.65800e+003 -9.30484e+001  4.58410e-001  6.54833e+002
          6659  6.51514e+002  6.65900e+003 -9.30615e+001  4.58309e-001  6.54917e+002
          6660  6.51595e+002  6.66000e+003 -9.30734e+001  4.58216e-001  6.55000e+002
          6661  6.51681e+002  6.66100e+003 -9.30854e+001  4.58143e-001  6.55083e+002
          6662  6.51764e+002  6.66200e+003 -9.30963e+001  4.58084e-001  6.55167e+002
          6663  6.51846e+002  6.66300e+003 -9.31070e+001  4.58034e-001  6.55250e+002
          6664  6.51929e+002  6.66400e+003 -9.31184e+001  4.58042e-001  6.55333e+002
          6665  6.52007e+002  6.66500e+003 -9.31294e+001  4.58028e-001  6.55417e+002
          6666  6.52096e+002  6.66600e+003 -9.31400e+001  4.58015e-001  6.55500e+002
          6667  6.52172e+002  6.66700e+003 -9.31505e+001  4.58004e-001  6.55583e+002
          6668  6.52265e+002  6.66800e+003 -9.31562e+001  4.58007e-001  6.55667e+002
          6669  6.52344e+002  6.66900e+003 -9.31655e+001  4.58005e-001  6.55750e+002
          6670  6.52425e+002  6.67000e+003 -9.31752e+001  4.58002e-001  6.55833e+002
          6671  6.52510e+002  6.67100e+003 -9.31854e+001  4.58000e-001  6.55917e+002
          6672  6.52592e+002  6.67200e+003 -9.31964e+001  4.58001e-001  6.56000e+002
          6673  6.52670e+002  6.67300e+003 -9.32083e+001  4.58001e-001  6.56083e+002
          6674  6.52759e+002  6.67400e+003 -9.32204e+001  4.58000e-001  6.56167e+002
          6675  6.52837e+002  6.67500e+003 -9.32322e+001  4.58000e-001  6.56250e+002
          6676  6.52923e+002  6.67600e+003 -9.32440e+001  4.58000e-001  6.56333e+002
          6677  6.53003e+002  6.67700e+003 -9.32550e+001  4.58000e-001  6.56417e+002
          6678  6.53087e+002  6.67800e+003 -9.32660e+001  4.58000e-001  6.56500e+002
          6679  6.53166e+002  6.67900e+003 -9.32768e+001  4.58000e-001  6.56583e+002
          6680  6.53258e+002  6.68000e+003 -9.32896e+001  4.58000e-001  6.56667e+002
          6681  6.53338e+002  6.68100e+003 -9.33002e+001  4.58000e-001  6.56750e+002
          6682  6.53420e+002  6.68200e+003 -9.33107e+001  4.58000e-001  6.56833e+002
          6683  6.53490e+002  6.68300e+003 -9.33207e+001  4.58000e-001  6.56917e+002
          6684  6.53579e+002  6.68400e+003 -9.33256e+001  4.58000e-001  6.57000e+002
          6685  6.53671e+002  6.68500e+003 -9.33349e+001  4.58000e-001  6.57083e+002
          6686  6.53757e+002  6.68600e+003 -9.33452e+001  4.58000e-001  6.57167e+002
          6687  6.53836e+002  6.68700e+003 -9.33544e+001  4.58000e-001  6.57250e+002
          6688  6.53923e+002  6.68800e+003 -9.33621e+001  4.58000e-001  6.57333e+002
          6689  6.54001e+002  6.68900e+003 -9.33708e+001  4.58000e-001  6.57417e+002
          6690  6.54084e+002  6.69000e+003 -9.33802e+001  4.58000e-001  6.57500e+002
          6691  6.54169e+002  6.69100e+003 -9.33903e+001  4.58000e-001  6.57583e+002
          6692  6.54253e+002  6.69200e+003 -9.34006e+001  4.58000e-001  6.57667e+002
          6693  6.54334e+002  6.69300e+003 -9.34113e+001  4.58000e-001  6.57750e+002
          6694  6.54417e+002  6.69400e+003 -9.34225e+001  4.58000e-001  6.57833e+002
          6695  6.54498e+002  6.69500e+003 -9.34336e+001  4.58000e-001  6.57917e+002
          6696  6.54579e+002  6.69600e+003 -9.34442e+001  4.58000e-001  6.58000e+002
          6697  6.54670e+002  6.69700e+003 -9.34553e+001  4.57972e-001  6.58083e+002
          6698  6.54751e+002  6.69800e+003 -9.34661e+001  4.57882e-001  6.58167e+002
          6699  6.54832e+002  6.69900e+003 -9.34765e+001  4.57778e-001  6.58250e+002
          6700  6.54917e+002  6.70000e+003 -9.34902e+001  4.57636e-001  6.58333e+002
          6701  6.54995e+002  6.70100e+003 -9.35021e+001  4.57518e-001  6.58417e+002
          6702  6.55074e+002  6.70200e+003 -9.35131e+001  4.57410e-001  6.58500e+002
          6703  6.55159e+002  6.70300e+003 -9.35234e+001  4.57309e-001  6.58583e+002
          6704  6.55239e+002  6.70400e+003 -9.35313e+001  4.57216e-001  6.58667e+002
          6705  6.55323e+002  6.70500e+003 -9.35411e+001  4.57143e-001  6.58750e+002
          6706  6.55401e+002  6.70600e+003 -9.35514e+001  4.57084e-001  6.58833e+002
          6707  6.55489e+002  6.70700e+003 -9.35624e+001  4.57034e-001  6.58917e+002
          6708  6.55581e+002  6.70800e+003 -9.35736e+001  4.57042e-001  6.59000e+002
          6709  6.55655e+002  6.70900e+003 -9.35850e+001  4.57028e-001  6.59083e+002
          6710  6.55732e+002  6.71000e+003 -9.35956e+001  4.57015e-001  6.59167e+002
          6711  6.55824e+002  6.71100e+003 -9.36048e+001  4.57004e-001  6.59250e+002
          6712  6.55904e+002  6.71200e+003 -9.36158e+001  4.57007e-001  6.59333e+002
          6713  6.55986e+002  6.71300e+003 -9.36263e+001  4.57005e-001  6.59417e+002
          6714  6.56065e+002  6.71400e+003 -9.36355e+001  4.57002e-001  6.59500e+002
          6715  6.56145e+002  6.71500e+003 -9.36449e+001  4.57000e-001  6.59583e+002
          6716  6.56232e+002  6.71600e+003 -9.36594e+001  4.57001e-001  6.59667e+002
          6717  6.56320e+002  6.71700e+003 -9.36723e+001  4.57001e-001  6.59750e+002
          6718  6.56401e+002  6.71800e+003 -9.36849e+001  4.56973e-001  6.59833e+002
          6719  6.56489e+002  6.71900e+003 -9.36978e+001  4.56889e-001  6.59917e+002
          6720  6.56567e+002  6.72000e+003 -9.37082e+001  4.56766e-001  6.60000e+002
          6721  6.56650e+002  6.72100e+003 -9.37198e+001  4.56652e-001  6.60083e+002
          6722  6.56736e+002  6.72200e+003 -9.37310e+001  4.56541e-001  6.60167e+002
          6723  6.56818e+002  6.72300e+003 -9.37416e+001  4.56432e-001  6.60250e+002
          6724  6.56900e+002  6.72400e+003 -9.37564e+001  4.56286e-001  6.60333e+002
          6725  6.56981e+002  6.72500e+003 -9.37681e+001  4.56189e-001  6.60417e+002
          6726  6.57060e+002  6.72600e+003 -9.37793e+001  4.56113e-001  6.60500e+002
          6727  6.57150e+002  6.72700e+003 -9.37909e+001  4.56048e-001  6.60583e+002
          6728  6.57230e+002  6.72800e+003 -9.38020e+001  4.56057e-001  6.60667e+002
          6729  6.57317e+002  6.72900e+003 -9.38136e+001  4.56038e-001  6.60750e+002
          6730  6.57395e+002  6.73000e+003 -9.38252e+001  4.56020e-001  6.60833e+002
          6731  6.57476e+002  6.73100e+003 -9.38364e+001  4.56005e-001  6.60917e+002
          6732  6.57571e+002  6.73200e+003 -9.38465e+001  4.56010e-001  6.61000e+002
          6733  6.57650e+002  6.73300e+003 -9.38580e+001  4.56007e-001  6.61083e+002
          6734  6.57729e+002  6.73400e+003 -9.38694e+001  4.56003e-001  6.61167e+002
          6735  6.57809e+002  6.73500e+003 -9.38808e+001  4.56001e-001  6.61250e+002
          6736  6.57899e+002  6.73600e+003 -9.38962e+001  4.56002e-001  6.61333e+002
          6737  6.57982e+002  6.73700e+003 -9.39078e+001  4.56001e-001  6.61417e+002
          6738  6.58063e+002  6.73800e+003 -9.39191e+001  4.56001e-001  6.61500e+002
          6739  6.58137e+002  6.73900e+003 -9.39315e+001  4.56000e-001  6.61583e+002
          6740  6.58233e+002  6.74000e+003 -9.39436e+001  4.56000e-001  6.61667e+002
          6741  6.58309e+002  6.74100e+003 -9.39554e+001  4.56000e-001  6.61750e+002
          6742  6.58390e+002  6.74200e+003 -9.39684e+001  4.56000e-001  6.61833e+002
          6743  6.58471e+002  6.74300e+003 -9.39825e+001  4.56000e-001  6.61917e+002
          6744  6.58561e+002  6.74400e+003 -9.39961e+001  4.56000e-001  6.62000e+002
          6745  6.58638e+002  6.74500e+003 -9.40103e+001  4.56000e-001  6.62083e+002
          6746  6.58720e+002  6.74600e+003 -9.40239e+001  4.56000e-001  6.62167e+002
          6747  6.58810e+002  6.74700e+003 -9.40368e+001  4.56000e-001  6.62250e+002
          6748  6.58887e+002  6.74800e+003 -9.40514e+001  4.56000e-001  6.62333e+002
          6749  6.58971e+002  6.74900e+003 -9.40648e+001  4.56000e-001  6.62417e+002
          6750  6.59056e+002  6.75000e+003 -9.40768e+001  4.56000e-001  6.62500e+002
          6751  6.59136e+002  6.75100e+003 -9.40897e+001  4.56000e-001  6.62583e+002
          6752  6.59218e+002  6.75200e+003 -9.41026e+001  4.56000e-001  6.62667e+002
          6753  6.59305e+002  6.75300e+003 -9.41154e+001  4.56000e-001  6.62750e+002
          6754  6.59386e+002  6.75400e+003 -9.41273e+001  4.56000e-001  6.62833e+002
          6755  6.59473e+002  6.75500e+003 -9.41386e+001  4.56000e-001  6.62917e+002
          6756  6.59549e+002  6.75600e+003 -9.41451e+001  4.56000e-001  6.63000e+002
          6757  6.59630e+002  6.75700e+003 -9.41540e+001  4.56000e-001  6.63083e+002
          6758  6.59720e+002  6.75800e+003 -9.41642e+001  4.56000e-001  6.63167e+002
          6759  6.59801e+002  6.75900e+003 -9.41753e+001  4.56000e-001  6.63250e+002
          6760  6.59881e+002  6.76000e+003 -9.41857e+001  4.55889e-001  6.63333e+002
          6761  6.59972e+002  6.76100e+003 -9.41971e+001  4.55778e-001  6.63417e+002
          6762  6.60050e+002  6.76200e+003 -9.42082e+001  4.55667e-001  6.63500e+002
          6763  6.60141e+002  6.76300e+003 -9.42186e+001  4.55556e-001  6.63583e+002
          6764  6.60219e+002  6.76400e+003 -9.42288e+001  4.55355e-001  6.63667e+002
          6765  6.60298e+002  6.76500e+003 -9.42399e+001  4.55234e-001  6.63750e+002
          6766  6.60385e+002  6.76600e+003 -9.42506e+001  4.55142e-001  6.63833e+002
          6767  6.60463e+002  6.76700e+003 -9.42610e+001  4.55062e-001  6.63917e+002
          6768  6.60545e+002  6.76800e+003 -9.42741e+001  4.55072e-001  6.64000e+002
          6769  6.60629e+002  6.76900e+003 -9.42839e+001  4.55048e-001  6.64083e+002
          6770  6.60708e+002  6.77000e+003 -9.42939e+001  4.55025e-001  6.64167e+002
          6771  6.60793e+002  6.77100e+003 -9.43048e+001  4.55007e-001  6.64250e+002
          6772  6.60872e+002  6.77200e+003 -9.43132e+001  4.55012e-001  6.64333e+002
          6773  6.60958e+002  6.77300e+003 -9.43211e+001  4.55008e-001  6.64417e+002
          6774  6.61042e+002  6.77400e+003 -9.43291e+001  4.55004e-001  6.64500e+002
          6775  6.61126e+002  6.77500e+003 -9.43373e+001  4.55001e-001  6.64583e+002
          6776  6.61208e+002  6.77600e+003 -9.43441e+001  4.55002e-001  6.64667e+002
          6777  6.61286e+002  6.77700e+003 -9.43540e+001  4.55001e-001  6.64750e+002
          6778  6.61375e+002  6.77800e+003 -9.43645e+001  4.55001e-001  6.64833e+002
          6779  6.61459e+002  6.77900e+003 -9.43743e+001  4.55000e-001  6.64917e+002
          6780  6.61535e+002  6.78000e+003 -9.43846e+001  4.55000e-001  6.65000e+002
          6781  6.61618e+002  6.78100e+003 -9.43942e+001  4.55000e-001  6.65083e+002
          6782  6.61708e+002  6.78200e+003 -9.44036e+001  4.55000e-001  6.65167e+002
          6783  6.61786e+002  6.78300e+003 -9.44131e+001  4.55000e-001  6.65250e+002
          6784  6.61861e+002  6.78400e+003 -9.44246e+001  4.55000e-001  6.65333e+002
          6785  6.61947e+002  6.78500e+003 -9.44369e+001  4.55000e-001  6.65417e+002
          6786  6.62034e+002  6.78600e+003 -9.44488e+001  4.55000e-001  6.65500e+002
          6787  6.62117e+002  6.78700e+003 -9.44592e+001  4.55000e-001  6.65583e+002
          6788  6.62194e+002  6.78800e+003 -9.44705e+001  4.55000e-001  6.65667e+002
          6789  6.62272e+002  6.78900e+003 -9.44818e+001  4.55000e-001  6.65750e+002
          6790  6.62363e+002  6.79000e+003 -9.44936e+001  4.55000e-001  6.65833e+002
          6791  6.62439e+002  6.79100e+003 -9.45050e+001  4.55000e-001  6.65917e+002
          6792  6.62524e+002  6.79200e+003 -9.45187e+001  4.55000e-001  6.66000e+002
          6793  6.62606e+002  6.79300e+003 -9.45319e+001  4.55000e-001  6.66083e+002
          6794  6.62686e+002  6.79400e+003 -9.45435e+001  4.55000e-001  6.66167e+002
          6795  6.62767e+002  6.79500e+003 -9.45545e+001  4.55000e-001  6.66250e+002
          6796  6.62858e+002  6.79600e+003 -9.45644e+001  4.55000e-001  6.66333e+002
          6797  6.62942e+002  6.79700e+003 -9.45750e+001  4.55000e-001  6.66417e+002
          6798  6.63024e+002  6.79800e+003 -9.45864e+001  4.55000e-001  6.66500e+002
          6799  6.63104e+002  6.79900e+003 -9.45979e+001  4.55000e-001  6.66583e+002
          6800  6.63189e+002  6.80000e+003 -9.46102e+001  4.55000e-001  6.66667e+002
          6801  6.63275e+002  6.80100e+003 -9.46204e+001  4.55000e-001  6.66750e+002
          6802  6.63350e+002  6.80200e+003 -9.46304e+001  4.55000e-001  6.66833e+002
          6803  6.63438e+002  6.80300e+003 -9.46420e+001  4.55000e-001  6.66917e+002
          6804  6.63517e+002  6.80400e+003 -9.46521e+001  4.55000e-001  6.67000e+002
          6805  6.63600e+002  6.80500e+003 -9.46610e+001  4.55000e-001  6.67083e+002
          6806  6.63688e+002  6.80600e+003 -9.46704e+001  4.55000e-001  6.67167e+002
          6807  6.63762e+002  6.80700e+003 -9.46804e+001  4.55000e-001  6.67250e+002
          6808  6.63845e+002  6.80800e+003 -9.46911e+001  4.55000e-001  6.67333e+002
          6809  6.63933e+002  6.80900e+003 -9.47001e+001  4.55000e-001  6.67417e+002
          6810  6.64012e+002  6.81000e+003 -9.47092e+001  4.55000e-001  6.67500e+002
          6811  6.64097e+002  6.81100e+003 -9.47186e+001  4.55000e-001  6.67583e+002
          6812  6.64172e+002  6.81200e+003 -9.47272e+001  4.55000e-001  6.67667e+002
          6813  6.64257e+002  6.81300e+003 -9.47367e+001  4.55000e-001  6.67750e+002
          6814  6.64348e+002  6.81400e+003 -9.47467e+001  4.55000e-001  6.67833e+002
          6815  6.64423e+002  6.81500e+003 -9.47568e+001  4.55000e-001  6.67917e+002
          6816  6.64505e+002  6.81600e+003 -9.47649e+001  4.55000e-001  6.68000e+002
          6817  6.64579e+002  6.81700e+003 -9.47739e+001  4.55000e-001  6.68083e+002
          6818  6.64665e+002  6.81800e+003 -9.47836e+001  4.55000e-001  6.68167e+002
          6819  6.64745e+002  6.81900e+003 -9.47936e+001  4.55000e-001  6.68250e+002
          6820  6.64840e+002  6.82000e+003 -9.48040e+001  4.55000e-001  6.68333e+002
          6821  6.64923e+002  6.82100e+003 -9.48149e+001  4.54972e-001  6.68417e+002
          6822  6.65006e+002  6.82200e+003 -9.48263e+001  4.54882e-001  6.68500e+002
          6823  6.65080e+002  6.82300e+003 -9.48373e+001  4.54778e-001  6.68583e+002
          6824  6.65161e+002  6.82400e+003 -9.48475e+001  4.54636e-001  6.68667e+002
          6825  6.65258e+002  6.82500e+003 -9.48582e+001  4.54518e-001  6.68750e+002
          6826  6.65332e+002  6.82600e+003 -9.48685e+001  4.54410e-001  6.68833e+002
          6827  6.65413e+002  6.82700e+003 -9.48786e+001  4.54309e-001  6.68917e+002
          6828  6.65499e+002  6.82800e+003 -9.48883e+001  4.54216e-001  6.69000e+002
          6829  6.65581e+002  6.82900e+003 -9.48983e+001  4.54143e-001  6.69083e+002
          6830  6.65660e+002  6.83000e+003 -9.49086e+001  4.54084e-001  6.69167e+002
          6831  6.65737e+002  6.83100e+003 -9.49195e+001  4.54034e-001  6.69250e+002
          6832  6.65822e+002  6.83200e+003 -9.49270e+001  4.54042e-001  6.69333e+002
          6833  6.65916e+002  6.83300e+003 -9.49357e+001  4.54028e-001  6.69417e+002
          6834  6.65990e+002  6.83400e+003 -9.49453e+001  4.54015e-001  6.69500e+002
          6835  6.66072e+002  6.83500e+003 -9.49556e+001  4.54004e-001  6.69583e+002
          6836  6.66154e+002  6.83600e+003 -9.49651e+001  4.54007e-001  6.69667e+002
          6837  6.66239e+002  6.83700e+003 -9.49738e+001  4.54005e-001  6.69750e+002
          6838  6.66323e+002  6.83800e+003 -9.49833e+001  4.54002e-001  6.69833e+002
          6839  6.66406e+002  6.83900e+003 -9.49937e+001  4.54000e-001  6.69917e+002
          6840  6.66490e+002  6.84000e+003 -9.50027e+001  4.54001e-001  6.70000e+002
          6841  6.66566e+002  6.84100e+003 -9.50105e+001  4.54001e-001  6.70083e+002
          6842  6.66659e+002  6.84200e+003 -9.50183e+001  4.54000e-001  6.70167e+002
          6843  6.66738e+002  6.84300e+003 -9.50257e+001  4.54000e-001  6.70250e+002
          6844  6.66817e+002  6.84400e+003 -9.50346e+001  4.54000e-001  6.70333e+002
          6845  6.66907e+002  6.84500e+003 -9.50448e+001  4.54000e-001  6.70417e+002
          6846  6.66990e+002  6.84600e+003 -9.50553e+001  4.54000e-001  6.70500e+002
          6847  6.67060e+002  6.84700e+003 -9.50650e+001  4.54000e-001  6.70583e+002
          6848  6.67143e+002  6.84800e+003 -9.50716e+001  4.54000e-001  6.70667e+002
          6849  6.67234e+002  6.84900e+003 -9.50806e+001  4.54000e-001  6.70750e+002
          6850  6.67311e+002  6.85000e+003 -9.50893e+001  4.54000e-001  6.70833e+002
          6851  6.67393e+002  6.85100e+003 -9.50984e+001  4.54000e-001  6.70917e+002
          6852  6.67483e+002  6.85200e+003 -9.51080e+001  4.54000e-001  6.71000e+002
          6853  6.67568e+002  6.85300e+003 -9.51171e+001  4.54000e-001  6.71083e+002
          6854  6.67644e+002  6.85400e+003 -9.51259e+001  4.54000e-001  6.71167e+002
          6855  6.67729e+002  6.85500e+003 -9.51349e+001  4.54000e-001  6.71250e+002
          6856  6.67805e+002  6.85600e+003 -9.51433e+001  4.54000e-001  6.71333e+002
          6857  6.67890e+002  6.85700e+003 -9.51527e+001  4.54000e-001  6.71417e+002
          6858  6.67971e+002  6.85800e+003 -9.51615e+001  4.54000e-001  6.71500e+002
          6859  6.68057e+002  6.85900e+003 -9.51698e+001  4.54000e-001  6.71583e+002
          6860  6.68138e+002  6.86000e+003 -9.51779e+001  4.54000e-001  6.71667e+002
          6861  6.68225e+002  6.86100e+003 -9.51861e+001  4.54000e-001  6.71750e+002
          6862  6.68303e+002  6.86200e+003 -9.51945e+001  4.54000e-001  6.71833e+002
          6863  6.68388e+002  6.86300e+003 -9.52027e+001  4.54000e-001  6.71917e+002
          6864  6.68469e+002  6.86400e+003 -9.52114e+001  4.54000e-001  6.72000e+002
          6865  6.68547e+002  6.86500e+003 -9.52197e+001  4.54000e-001  6.72083e+002
          6866  6.68629e+002  6.86600e+003 -9.52288e+001  4.54000e-001  6.72167e+002
          6867  6.68723e+002  6.86700e+003 -9.52377e+001  4.54000e-001  6.72250e+002
          6868  6.68805e+002  6.86800e+003 -9.52443e+001  4.54000e-001  6.72333e+002
          6869  6.68887e+002  6.86900e+003 -9.52526e+001  4.54000e-001  6.72417e+002
          6870  6.68967e+002  6.87000e+003 -9.52610e+001  4.54000e-001  6.72500e+002
          6871  6.69054e+002  6.87100e+003 -9.52684e+001  4.54000e-001  6.72583e+002
          6872  6.69137e+002  6.87200e+003 -9.52770e+001  4.54000e-001  6.72667e+002
          6873  6.69221e+002  6.87300e+003 -9.52851e+001  4.54000e-001  6.72750e+002
          6874  6.69303e+002  6.87400e+003 -9.52944e+001  4.54000e-001  6.72833e+002
          6875  6.69380e+002  6.87500e+003 -9.53041e+001  4.54000e-001  6.72917e+002
          6876  6.69463e+002  6.87600e+003 -9.53140e+001  4.54000e-001  6.73000e+002
          6877  6.69546e+002  6.87700e+003 -9.53233e+001  4.54000e-001  6.73083e+002
          6878  6.69626e+002  6.87800e+003 -9.53318e+001  4.54000e-001  6.73167e+002
          6879  6.69714e+002  6.87900e+003 -9.53398e+001  4.54000e-001  6.73250e+002
          6880  6.69795e+002  6.88000e+003 -9.53474e+001  4.54000e-001  6.73333e+002
          6881  6.69878e+002  6.88100e+003 -9.53566e+001  4.54000e-001  6.73417e+002
          6882  6.69958e+002  6.88200e+003 -9.53665e+001  4.54000e-001  6.73500e+002
          6883  6.70034e+002  6.88300e+003 -9.53765e+001  4.54000e-001  6.73583e+002
          6884  6.70122e+002  6.88400e+003 -9.53893e+001  4.54000e-001  6.73667e+002
          6885  6.70199e+002  6.88500e+003 -9.54006e+001  4.53972e-001  6.73750e+002
          6886  6.70289e+002  6.88600e+003 -9.54109e+001  4.53882e-001  6.73833e+002
          6887  6.70369e+002  6.88700e+003 -9.54206e+001  4.53778e-001  6.73917e+002
          6888  6.70454e+002  6.88800e+003 -9.54283e+001  4.53636e-001  6.74000e+002
          6889  6.70530e+002  6.88900e+003 -9.54361e+001  4.53518e-001  6.74083e+002
          6890  6.70620e+002  6.89000e+003 -9.54442e+001  4.53410e-001  6.74167e+002
          6891  6.70704e+002  6.89100e+003 -9.54526e+001  4.53309e-001  6.74250e+002
          6892  6.70785e+002  6.89200e+003 -9.54611e+001  4.53216e-001  6.74333e+002
          6893  6.70877e+002  6.89300e+003 -9.54702e+001  4.53143e-001  6.74417e+002
          6894  6.70953e+002  6.89400e+003 -9.54795e+001  4.53084e-001  6.74500e+002
          6895  6.71033e+002  6.89500e+003 -9.54893e+001  4.53034e-001  6.74583e+002
          6896  6.71117e+002  6.89600e+003 -9.54941e+001  4.53042e-001  6.74667e+002
          6897  6.71203e+002  6.89700e+003 -9.55018e+001  4.53028e-001  6.74750e+002
          6898  6.71283e+002  6.89800e+003 -9.55097e+001  4.53015e-001  6.74833e+002
          6899  6.71365e+002  6.89900e+003 -9.55182e+001  4.53004e-001  6.74917e+002
          6900  6.71450e+002  6.90000e+003 -9.55285e+001  4.53007e-001  6.75000e+002
          6901  6.71533e+002  6.90100e+003 -9.55373e+001  4.53005e-001  6.75083e+002
          6902  6.71611e+002  6.90200e+003 -9.55446e+001  4.53002e-001  6.75167e+002
          6903  6.71696e+002  6.90300e+003 -9.55512e+001  4.53000e-001  6.75250e+002
          6904  6.71778e+002  6.90400e+003 -9.55600e+001  4.53001e-001  6.75333e+002
          6905  6.71863e+002  6.90500e+003 -9.55672e+001  4.53001e-001  6.75417e+002
          6906  6.71950e+002  6.90600e+003 -9.55738e+001  4.53000e-001  6.75500e+002
          6907  6.72030e+002  6.90700e+003 -9.55795e+001  4.53000e-001  6.75583e+002
          6908  6.72108e+002  6.90800e+003 -9.55850e+001  4.53000e-001  6.75667e+002
          6909  6.72188e+002  6.90900e+003 -9.55925e+001  4.53000e-001  6.75750e+002
          6910  6.72273e+002  6.91000e+003 -9.56011e+001  4.53000e-001  6.75833e+002
          6911  6.72362e+002  6.91100e+003 -9.56098e+001  4.53000e-001  6.75917e+002
          6912  6.72441e+002  6.91200e+003 -9.56160e+001  4.53000e-001  6.76000e+002
          6913  6.72527e+002  6.91300e+003 -9.56238e+001  4.53000e-001  6.76083e+002
          6914  6.72614e+002  6.91400e+003 -9.56316e+001  4.53000e-001  6.76167e+002
          6915  6.72687e+002  6.91500e+003 -9.56403e+001  4.53000e-001  6.76250e+002
          6916  6.72779e+002  6.91600e+003 -9.56515e+001  4.53000e-001  6.76333e+002
          6917  6.72852e+002  6.91700e+003 -9.56605e+001  4.53000e-001  6.76417e+002
          6918  6.72939e+002  6.91800e+003 -9.56689e+001  4.53000e-001  6.76500e+002
          6919  6.73018e+002  6.91900e+003 -9.56776e+001  4.53000e-001  6.76583e+002
          6920  6.73105e+002  6.92000e+003 -9.56886e+001  4.52889e-001  6.76667e+002
          6921  6.73181e+002  6.92100e+003 -9.56980e+001  4.52778e-001  6.76750e+002
          6922  6.73271e+002  6.92200e+003 -9.57056e+001  4.52667e-001  6.76833e+002
          6923  6.73354e+002  6.92300e+003 -9.57132e+001  4.52556e-001  6.76917e+002
          6924  6.73427e+002  6.92400e+003 -9.57200e+001  4.52355e-001  6.77000e+002
          6925  6.73522e+002  6.92500e+003 -9.57266e+001  4.52234e-001  6.77083e+002
          6926  6.73603e+002  6.92600e+003 -9.57337e+001  4.52142e-001  6.77167e+002
          6927  6.73683e+002  6.92700e+003 -9.57415e+001  4.52062e-001  6.77250e+002
          6928  6.73773e+002  6.92800e+003 -9.57491e+001  4.52072e-001  6.77333e+002
          6929  6.73849e+002  6.92900e+003 -9.57573e+001  4.52048e-001  6.77417e+002
          6930  6.73929e+002  6.93000e+003 -9.57656e+001  4.52025e-001  6.77500e+002
          6931  6.74013e+002  6.93100e+003 -9.57743e+001  4.52007e-001  6.77583e+002
          6932  6.74094e+002  6.93200e+003 -9.57820e+001  4.52012e-001  6.77667e+002
          6933  6.74175e+002  6.93300e+003 -9.57909e+001  4.52008e-001  6.77750e+002
          6934  6.74267e+002  6.93400e+003 -9.57995e+001  4.52004e-001  6.77833e+002
          6935  6.74344e+002  6.93500e+003 -9.58074e+001  4.52001e-001  6.77917e+002
          6936  6.74431e+002  6.93600e+003 -9.58187e+001  4.52002e-001  6.78000e+002
          6937  6.74517e+002  6.93700e+003 -9.58280e+001  4.52001e-001  6.78083e+002
          6938  6.74599e+002  6.93800e+003 -9.58372e+001  4.52001e-001  6.78167e+002
          6939  6.74690e+002  6.93900e+003 -9.58470e+001  4.52000e-001  6.78250e+002
          6940  6.74766e+002  6.94000e+003 -9.58557e+001  4.52000e-001  6.78333e+002
          6941  6.74847e+002  6.94100e+003 -9.58659e+001  4.52000e-001  6.78417e+002
          6942  6.74926e+002  6.94200e+003 -9.58764e+001  4.52000e-001  6.78500e+002
          6943  6.75005e+002  6.94300e+003 -9.58858e+001  4.52000e-001  6.78583e+002
          6944  6.75103e+002  6.94400e+003 -9.58954e+001  4.52000e-001  6.78667e+002
          6945  6.75184e+002  6.94500e+003 -9.59061e+001  4.52000e-001  6.78750e+002
          6946  6.75261e+002  6.94600e+003 -9.59170e+001  4.52000e-001  6.78833e+002
          6947  6.75343e+002  6.94700e+003 -9.59282e+001  4.52000e-001  6.78917e+002
          6948  6.75428e+002  6.94800e+003 -9.59436e+001  4.52000e-001  6.79000e+002
          6949  6.75512e+002  6.94900e+003 -9.59549e+001  4.52000e-001  6.79083e+002
          6950  6.75591e+002  6.95000e+003 -9.59647e+001  4.51972e-001  6.79167e+002
          6951  6.75678e+002  6.95100e+003 -9.59742e+001  4.51889e-001  6.79250e+002
          6952  6.75758e+002  6.95200e+003 -9.59828e+001  4.51766e-001  6.79333e+002
          6953  6.75845e+002  6.95300e+003 -9.59915e+001  4.51652e-001  6.79417e+002
          6954  6.75921e+002  6.95400e+003 -9.59997e+001  4.51541e-001  6.79500e+002
          6955  6.76011e+002  6.95500e+003 -9.60071e+001  4.51432e-001  6.79583e+002
          6956  6.76090e+002  6.95600e+003 -9.60160e+001  4.51286e-001  6.79667e+002
          6957  6.76172e+002  6.95700e+003 -9.60255e+001  4.51189e-001  6.79750e+002
          6958  6.76260e+002  6.95800e+003 -9.60346e+001  4.51113e-001  6.79833e+002
          6959  6.76341e+002  6.95900e+003 -9.60437e+001  4.51048e-001  6.79917e+002
          6960  6.76420e+002  6.96000e+003 -9.60500e+001  4.51057e-001  6.80000e+002
          6961  6.76504e+002  6.96100e+003 -9.60580e+001  4.51038e-001  6.80083e+002
          6962  6.76593e+002  6.96200e+003 -9.60652e+001  4.51020e-001  6.80167e+002
          6963  6.76675e+002  6.96300e+003 -9.60734e+001  4.51005e-001  6.80250e+002
          6964  6.76758e+002  6.96400e+003 -9.60819e+001  4.51010e-001  6.80333e+002
          6965  6.76832e+002  6.96500e+003 -9.60894e+001  4.51007e-001  6.80417e+002
          6966  6.76919e+002  6.96600e+003 -9.60978e+001  4.51003e-001  6.80500e+002
          6967  6.76995e+002  6.96700e+003 -9.61064e+001  4.51001e-001  6.80583e+002
          6968  6.77086e+002  6.96800e+003 -9.61141e+001  4.51002e-001  6.80667e+002
          6969  6.77162e+002  6.96900e+003 -9.61220e+001  4.51001e-001  6.80750e+002
          6970  6.77254e+002  6.97000e+003 -9.61292e+001  4.51001e-001  6.80833e+002
          6971  6.77335e+002  6.97100e+003 -9.61367e+001  4.51000e-001  6.80917e+002
          6972  6.77415e+002  6.97200e+003 -9.61427e+001  4.51000e-001  6.81000e+002
          6973  6.77501e+002  6.97300e+003 -9.61493e+001  4.51000e-001  6.81083e+002
          6974  6.77584e+002  6.97400e+003 -9.61564e+001  4.51000e-001  6.81167e+002
          6975  6.77656e+002  6.97500e+003 -9.61633e+001  4.51000e-001  6.81250e+002
          6976  6.77747e+002  6.97600e+003 -9.61709e+001  4.51000e-001  6.81333e+002
          6977  6.77828e+002  6.97700e+003 -9.61795e+001  4.51000e-001  6.81417e+002
          6978  6.77903e+002  6.97800e+003 -9.61874e+001  4.51000e-001  6.81500e+002
          6979  6.77993e+002  6.97900e+003 -9.61929e+001  4.51000e-001  6.81583e+002
          6980  6.78082e+002  6.98000e+003 -9.61992e+001  4.51000e-001  6.81667e+002
          6981  6.78156e+002  6.98100e+003 -9.62070e+001  4.51000e-001  6.81750e+002
          6982  6.78237e+002  6.98200e+003 -9.62151e+001  4.51000e-001  6.81833e+002
          6983  6.78328e+002  6.98300e+003 -9.62242e+001  4.51000e-001  6.81917e+002
          6984  6.78406e+002  6.98400e+003 -9.62352e+001  4.51000e-001  6.82000e+002
          6985  6.78487e+002  6.98500e+003 -9.62448e+001  4.51000e-001  6.82083e+002
          6986  6.78569e+002  6.98600e+003 -9.62541e+001  4.51000e-001  6.82167e+002
          6987  6.78655e+002  6.98700e+003 -9.62626e+001  4.51000e-001  6.82250e+002
          6988  6.78740e+002  6.98800e+003 -9.62691e+001  4.51000e-001  6.82333e+002
          6989  6.78821e+002  6.98900e+003 -9.62766e+001  4.51000e-001  6.82417e+002
          6990  6.78907e+002  6.99000e+003 -9.62844e+001  4.51000e-001  6.82500e+002
          6991  6.78988e+002  6.99100e+003 -9.62931e+001  4.51000e-001  6.82583e+002
          6992  6.79067e+002  6.99200e+003 -9.63061e+001  4.51000e-001  6.82667e+002
          6993  6.79148e+002  6.99300e+003 -9.63181e+001  4.51000e-001  6.82750e+002
          6994  6.79233e+002  6.99400e+003 -9.63281e+001  4.51000e-001  6.82833e+002
          6995  6.79314e+002  6.99500e+003 -9.63365e+001  4.51000e-001  6.82917e+002
          6996  6.79392e+002  6.99600e+003 -9.63423e+001  4.51000e-001  6.83000e+002
          6997  6.79473e+002  6.99700e+003 -9.63511e+001  4.51000e-001  6.83083e+002
          6998  6.79562e+002  6.99800e+003 -9.63607e+001  4.51000e-001  6.83167e+002
          6999  6.79644e+002  6.99900e+003 -9.63696e+001  4.51000e-001  6.83250e+002
          7000  6.79723e+002  7.00000e+003 -9.63857e+001  4.51000e-001  6.83333e+002
          7001  6.79812e+002  7.00100e+003 -9.63991e+001  4.51000e-001  6.83417e+002
          7002  6.79895e+002  7.00200e+003 -9.64116e+001  4.51000e-001  6.83500e+002
          7003  6.79981e+002  7.00300e+003 -9.64231e+001  4.51000e-001  6.83583e+002
          7004  6.80061e+002  7.00400e+003 -9.64353e+001  4.51000e-001  6.83667e+002
          7005  6.80145e+002  7.00500e+003 -9.64479e+001  4.51000e-001  6.83750e+002
          7006  6.80220e+002  7.00600e+003 -9.64596e+001  4.51000e-001  6.83833e+002
          7007  6.80308e+002  7.00700e+003 -9.64709e+001  4.51000e-001  6.83917e+002
          7008  6.80394e+002  7.00800e+003 -9.64839e+001  4.51000e-001  6.84000e+002
          7009  6.80468e+002  7.00900e+003 -9.64953e+001  4.51000e-001  6.84083e+002
          7010  6.80548e+002  7.01000e+003 -9.65064e+001  4.51000e-001  6.84167e+002
          7011  6.80638e+002  7.01100e+003 -9.65175e+001  4.51000e-001  6.84250e+002
          7012  6.80721e+002  7.01200e+003 -9.65277e+001  4.51000e-001  6.84333e+002
          7013  6.80807e+002  7.01300e+003 -9.65376e+001  4.51000e-001  6.84417e+002
          7014  6.80885e+002  7.01400e+003 -9.65463e+001  4.51000e-001  6.84500e+002
          7015  6.80964e+002  7.01500e+003 -9.65547e+001  4.51000e-001  6.84583e+002
          7016  6.81055e+002  7.01600e+003 -9.65594e+001  4.50889e-001  6.84667e+002
          7017  6.81133e+002  7.01700e+003 -9.65673e+001  4.50778e-001  6.84750e+002
          7018  6.81221e+002  7.01800e+003 -9.65767e+001  4.50667e-001  6.84833e+002
          7019  6.81299e+002  7.01900e+003 -9.65857e+001  4.50556e-001  6.84917e+002
          7020  6.81374e+002  7.02000e+003 -9.65951e+001  4.50355e-001  6.85000e+002
          7021  6.81461e+002  7.02100e+003 -9.66029e+001  4.50234e-001  6.85083e+002
          7022  6.81543e+002  7.02200e+003 -9.66102e+001  4.50142e-001  6.85167e+002
          7023  6.81632e+002  7.02300e+003 -9.66170e+001  4.50062e-001  6.85250e+002
          7024  6.81717e+002  7.02400e+003 -9.66227e+001  4.50072e-001  6.85333e+002
          7025  6.81796e+002  7.02500e+003 -9.66297e+001  4.50048e-001  6.85417e+002
          7026  6.81872e+002  7.02600e+003 -9.66359e+001  4.50025e-001  6.85500e+002
          7027  6.81949e+002  7.02700e+003 -9.66417e+001  4.50007e-001  6.85583e+002
          7028  6.82040e+002  7.02800e+003 -9.66480e+001  4.50012e-001  6.85667e+002
          7029  6.82115e+002  7.02900e+003 -9.66551e+001  4.50008e-001  6.85750e+002
          7030  6.82194e+002  7.03000e+003 -9.66645e+001  4.50004e-001  6.85833e+002
          7031  6.82279e+002  7.03100e+003 -9.66758e+001  4.50001e-001  6.85917e+002
          7032  6.82363e+002  7.03200e+003 -9.66825e+001  4.50002e-001  6.86000e+002
          7033  6.82446e+002  7.03300e+003 -9.66903e+001  4.50001e-001  6.86083e+002
          7034  6.82537e+002  7.03400e+003 -9.66986e+001  4.50001e-001  6.86167e+002
          7035  6.82616e+002  7.03500e+003 -9.67071e+001  4.50000e-001  6.86250e+002
          7036  6.82694e+002  7.03600e+003 -9.67171e+001  4.50000e-001  6.86333e+002
          7037  6.82785e+002  7.03700e+003 -9.67272e+001  4.50000e-001  6.86417e+002
          7038  6.82862e+002  7.03800e+003 -9.67383e+001  4.50000e-001  6.86500e+002
          7039  6.82942e+002  7.03900e+003 -9.67488e+001  4.50000e-001  6.86583e+002
          7040  6.83018e+002  7.04000e+003 -9.67592e+001  4.50000e-001  6.86667e+002
          7041  6.83109e+002  7.04100e+003 -9.67676e+001  4.50000e-001  6.86750e+002
          7042  6.83189e+002  7.04200e+003 -9.67758e+001  4.50000e-001  6.86833e+002
          7043  6.83275e+002  7.04300e+003 -9.67847e+001  4.50000e-001  6.86917e+002
          7044  6.83355e+002  7.04400e+003 -9.67931e+001  4.50000e-001  6.87000e+002
          7045  6.83435e+002  7.04500e+003 -9.68024e+001  4.50000e-001  6.87083e+002
          7046  6.83515e+002  7.04600e+003 -9.68109e+001  4.50000e-001  6.87167e+002
          7047  6.83592e+002  7.04700e+003 -9.68204e+001  4.50000e-001  6.87250e+002
          7048  6.83685e+002  7.04800e+003 -9.68261e+001  4.50000e-001  6.87333e+002
          7049  6.83776e+002  7.04900e+003 -9.68324e+001  4.50000e-001  6.87417e+002
          7050  6.83853e+002  7.05000e+003 -9.68393e+001  4.50000e-001  6.87500e+002
          7051  6.83939e+002  7.05100e+003 -9.68482e+001  4.50000e-001  6.87583e+002
          7052  6.84022e+002  7.05200e+003 -9.68595e+001  4.50000e-001  6.87667e+002
          7053  6.84107e+002  7.05300e+003 -9.68678e+001  4.50000e-001  6.87750e+002
          7054  6.84189e+002  7.05400e+003 -9.68741e+001  4.50000e-001  6.87833e+002
          7055  6.84261e+002  7.05500e+003 -9.68794e+001  4.50000e-001  6.87917e+002
          7056  6.84341e+002  7.05600e+003 -9.68843e+001  4.50000e-001  6.88000e+002
          7057  6.84429e+002  7.05700e+003 -9.68922e+001  4.50000e-001  6.88083e+002
          7058  6.84522e+002  7.05800e+003 -9.69012e+001  4.50000e-001  6.88167e+002
          7059  6.84599e+002  7.05900e+003 -9.69111e+001  4.50000e-001  6.88250e+002
          7060  6.84673e+002  7.06000e+003 -9.69233e+001  4.50000e-001  6.88333e+002
          7061  6.84764e+002  7.06100e+003 -9.69332e+001  4.50000e-001  6.88417e+002
          7062  6.84833e+002  7.06200e+003 -9.69431e+001  4.50000e-001  6.88500e+002
          7063  6.84926e+002  7.06300e+003 -9.69534e+001  4.50000e-001  6.88583e+002
          7064  6.85008e+002  7.06400e+003 -9.69628e+001  4.50000e-001  6.88667e+002
          7065  6.85082e+002  7.06500e+003 -9.69717e+001  4.50000e-001  6.88750e+002
          7066  6.85172e+002  7.06600e+003 -9.69805e+001  4.50000e-001  6.88833e+002
          7067  6.85253e+002  7.06700e+003 -9.69889e+001  4.50000e-001  6.88917e+002
          7068  6.85332e+002  7.06800e+003 -9.70021e+001  4.50000e-001  6.89000e+002
          7069  6.85411e+002  7.06900e+003 -9.70130e+001  4.50000e-001  6.89083e+002
          7070  6.85493e+002  7.07000e+003 -9.70234e+001  4.50000e-001  6.89167e+002
          7071  6.85580e+002  7.07100e+003 -9.70336e+001  4.50000e-001  6.89250e+002
          7072  6.85662e+002  7.07200e+003 -9.70399e+001  4.50000e-001  6.89333e+002
          7073  6.85746e+002  7.07300e+003 -9.70474e+001  4.50000e-001  6.89417e+002
          7074  6.85833e+002  7.07400e+003 -9.70552e+001  4.50000e-001  6.89500e+002
          7075  6.85918e+002  7.07500e+003 -9.70632e+001  4.50000e-001  6.89583e+002
          7076  6.86000e+002  7.07600e+003 -9.70711e+001  4.50000e-001  6.89667e+002
          7077  6.86083e+002  7.07700e+003 -9.70787e+001  4.50000e-001  6.89750e+002
          7078  6.86171e+002  7.07800e+003 -9.70861e+001  4.50000e-001  6.89833e+002
          7079  6.86256e+002  7.07900e+003 -9.70942e+001  4.50000e-001  6.89917e+002
          7080  6.86335e+002  7.08000e+003 -9.71018e+001  4.50000e-001  6.90000e+002
          7081  6.86413e+002  7.08100e+003 -9.71089e+001  4.49972e-001  6.90083e+002
          7082  6.86500e+002  7.08200e+003 -9.71167e+001  4.49882e-001  6.90167e+002
          7083  6.86578e+002  7.08300e+003 -9.71244e+001  4.49778e-001  6.90250e+002
          7084  6.86662e+002  7.08400e+003 -9.71339e+001  4.49636e-001  6.90333e+002
          7085  6.86744e+002  7.08500e+003 -9.71430e+001  4.49518e-001  6.90417e+002
          7086  6.86822e+002  7.08600e+003 -9.71511e+001  4.49410e-001  6.90500e+002
          7087  6.86901e+002  7.08700e+003 -9.71596e+001  4.49309e-001  6.90583e+002
          7088  6.86988e+002  7.08800e+003 -9.71695e+001  4.49216e-001  6.90667e+002
          7089  6.87070e+002  7.08900e+003 -9.71776e+001  4.49143e-001  6.90750e+002
          7090  6.87158e+002  7.09000e+003 -9.71862e+001  4.49084e-001  6.90833e+002
          7091  6.87237e+002  7.09100e+003 -9.71953e+001  4.49034e-001  6.90917e+002
          7092  6.87315e+002  7.09200e+003 -9.72061e+001  4.49042e-001  6.91000e+002
          7093  6.87393e+002  7.09300e+003 -9.72166e+001  4.49028e-001  6.91083e+002
          7094  6.87481e+002  7.09400e+003 -9.72260e+001  4.49015e-001  6.91167e+002
          7095  6.87566e+002  7.09500e+003 -9.72355e+001  4.49004e-001  6.91250e+002
          7096  6.87650e+002  7.09600e+003 -9.72449e+001  4.49007e-001  6.91333e+002
          7097  6.87732e+002  7.09700e+003 -9.72533e+001  4.49005e-001  6.91417e+002
          7098  6.87818e+002  7.09800e+003 -9.72607e+001  4.49002e-001  6.91500e+002
          7099  6.87896e+002  7.09900e+003 -9.72676e+001  4.49000e-001  6.91583e+002
          7100  6.87981e+002  7.10000e+003 -9.72778e+001  4.49001e-001  6.91667e+002
          7101  6.88059e+002  7.10100e+003 -9.72867e+001  4.49001e-001  6.91750e+002
          7102  6.88144e+002  7.10200e+003 -9.72948e+001  4.49000e-001  6.91833e+002
          7103  6.88225e+002  7.10300e+003 -9.73027e+001  4.49000e-001  6.91917e+002
          7104  6.88305e+002  7.10400e+003 -9.73080e+001  4.49000e-001  6.92000e+002
          7105  6.88384e+002  7.10500e+003 -9.73171e+001  4.49000e-001  6.92083e+002
          7106  6.88472e+002  7.10600e+003 -9.73257e+001  4.49000e-001  6.92167e+002
          7107  6.88554e+002  7.10700e+003 -9.73329e+001  4.49000e-001  6.92250e+002
          7108  6.88641e+002  7.10800e+003 -9.73397e+001  4.49000e-001  6.92333e+002
          7109  6.88719e+002  7.10900e+003 -9.73462e+001  4.49000e-001  6.92417e+002
          7110  6.88813e+002  7.11000e+003 -9.73518e+001  4.49000e-001  6.92500e+002
          7111  6.88888e+002  7.11100e+003 -9.73578e+001  4.49000e-001  6.92583e+002
          7112  6.88963e+002  7.11200e+003 -9.73661e+001  4.49000e-001  6.92667e+002
          7113  6.89054e+002  7.11300e+003 -9.73727e+001  4.49000e-001  6.92750e+002
          7114  6.89140e+002  7.11400e+003 -9.73797e+001  4.49000e-001  6.92833e+002
          7115  6.89219e+002  7.11500e+003 -9.73872e+001  4.49000e-001  6.92917e+002
          7116  6.89302e+002  7.11600e+003 -9.73904e+001  4.49000e-001  6.93000e+002
          7117  6.89385e+002  7.11700e+003 -9.73966e+001  4.49000e-001  6.93083e+002
          7118  6.89472e+002  7.11800e+003 -9.74019e+001  4.49000e-001  6.93167e+002
          7119  6.89548e+002  7.11900e+003 -9.74066e+001  4.49000e-001  6.93250e+002
          7120  6.89631e+002  7.12000e+003 -9.74165e+001  4.49000e-001  6.93333e+002
          7121  6.89712e+002  7.12100e+003 -9.74248e+001  4.49000e-001  6.93417e+002
          7122  6.89795e+002  7.12200e+003 -9.74331e+001  4.49000e-001  6.93500e+002
          7123  6.89874e+002  7.12300e+003 -9.74410e+001  4.49000e-001  6.93583e+002
          7124  6.89957e+002  7.12400e+003 -9.74478e+001  4.49000e-001  6.93667e+002
          7125  6.90037e+002  7.12500e+003 -9.74542e+001  4.49000e-001  6.93750e+002
          7126  6.90126e+002  7.12600e+003 -9.74615e+001  4.49000e-001  6.93833e+002
          7127  6.90215e+002  7.12700e+003 -9.74693e+001  4.49000e-001  6.93917e+002
          7128  6.90294e+002  7.12800e+003 -9.74785e+001  4.49000e-001  6.94000e+002
          7129  6.90375e+002  7.12900e+003 -9.74872e+001  4.49000e-001  6.94083e+002
          7130  6.90451e+002  7.13000e+003 -9.74959e+001  4.49000e-001  6.94167e+002
          7131  6.90533e+002  7.13100e+003 -9.75036e+001  4.49000e-001  6.94250e+002
          7132  6.90616e+002  7.13200e+003 -9.75128e+001  4.49000e-001  6.94333e+002
          7133  6.90705e+002  7.13300e+003 -9.75224e+001  4.49000e-001  6.94417e+002
          7134  6.90790e+002  7.13400e+003 -9.75319e+001  4.49000e-001  6.94500e+002
          7135  6.90860e+002  7.13500e+003 -9.75421e+001  4.49000e-001  6.94583e+002
          7136  6.90948e+002  7.13600e+003 -9.75565e+001  4.49000e-001  6.94667e+002
          7137  6.91036e+002  7.13700e+003 -9.75689e+001  4.49000e-001  6.94750e+002
          7138  6.91111e+002  7.13800e+003 -9.75808e+001  4.49000e-001  6.94833e+002
          7139  6.91198e+002  7.13900e+003 -9.75911e+001  4.49000e-001  6.94917e+002
          7140  6.91280e+002  7.14000e+003 -9.75997e+001  4.49000e-001  6.95000e+002
          7141  6.91366e+002  7.14100e+003 -9.76093e+001  4.49000e-001  6.95083e+002
          7142  6.91455e+002  7.14200e+003 -9.76197e+001  4.49000e-001  6.95167e+002
          7143  6.91522e+002  7.14300e+003 -9.76303e+001  4.49000e-001  6.95250e+002
          7144  6.91606e+002  7.14400e+003 -9.76422e+001  4.49000e-001  6.95333e+002
          7145  6.91688e+002  7.14500e+003 -9.76525e+001  4.49000e-001  6.95417e+002
          7146  6.91773e+002  7.14600e+003 -9.76625e+001  4.49000e-001  6.95500e+002
          7147  6.91854e+002  7.14700e+003 -9.76724e+001  4.49000e-001  6.95583e+002
          7148  6.91947e+002  7.14800e+003 -9.76753e+001  4.48972e-001  6.95667e+002
          7149  6.92023e+002  7.14900e+003 -9.76822e+001  4.48882e-001  6.95750e+002
          7150  6.92105e+002  7.15000e+003 -9.76911e+001  4.48776e-001  6.95833e+002
          7151  6.92190e+002  7.15100e+003 -9.77000e+001  4.48667e-001  6.95917e+002
          7152  6.92265e+002  7.15200e+003 -9.77083e+001  4.48498e-001  6.96000e+002
          7153  6.92353e+002  7.15300e+003 -9.77161e+001  4.48377e-001  6.96083e+002
          7154  6.92440e+002  7.15400e+003 -9.77242e+001  4.48276e-001  6.96167e+002
          7155  6.92520e+002  7.15500e+003 -9.77329e+001  4.48185e-001  6.96250e+002
          7156  6.92600e+002  7.15600e+003 -9.77422e+001  4.48144e-001  6.96333e+002
          7157  6.92683e+002  7.15700e+003 -9.77528e+001  4.48095e-001  6.96417e+002
          7158  6.92770e+002  7.15800e+003 -9.77630e+001  4.48055e-001  6.96500e+002
          7159  6.92847e+002  7.15900e+003 -9.77713e+001  4.48021e-001  6.96583e+002
          7160  6.92932e+002  7.16000e+003 -9.77814e+001  4.48027e-001  6.96667e+002
          7161  6.93018e+002  7.16100e+003 -9.77909e+001  4.48018e-001  6.96750e+002
          7162  6.93097e+002  7.16200e+003 -9.78010e+001  4.48009e-001  6.96833e+002
          7163  6.93178e+002  7.16300e+003 -9.78110e+001  4.48002e-001  6.96917e+002
          7164  6.93262e+002  7.16400e+003 -9.78241e+001  4.48005e-001  6.97000e+002
          7165  6.93342e+002  7.16500e+003 -9.78347e+001  4.48003e-001  6.97083e+002
          7166  6.93421e+002  7.16600e+003 -9.78451e+001  4.48002e-001  6.97167e+002
          7167  6.93505e+002  7.16700e+003 -9.78556e+001  4.48000e-001  6.97250e+002
          7168  6.93595e+002  7.16800e+003 -9.78607e+001  4.48001e-001  6.97333e+002
          7169  6.93674e+002  7.16900e+003 -9.78673e+001  4.48000e-001  6.97417e+002
          7170  6.93755e+002  7.17000e+003 -9.78736e+001  4.48000e-001  6.97500e+002
          7171  6.93839e+002  7.17100e+003 -9.78808e+001  4.48000e-001  6.97583e+002
          7172  6.93917e+002  7.17200e+003 -9.78882e+001  4.48000e-001  6.97667e+002
          7173  6.94001e+002  7.17300e+003 -9.78942e+001  4.48000e-001  6.97750e+002
          7174  6.94079e+002  7.17400e+003 -9.79003e+001  4.48000e-001  6.97833e+002
          7175  6.94164e+002  7.17500e+003 -9.79064e+001  4.48000e-001  6.97917e+002
          7176  6.94247e+002  7.17600e+003 -9.79077e+001  4.48000e-001  6.98000e+002
          7177  6.94333e+002  7.17700e+003 -9.79109e+001  4.48000e-001  6.98083e+002
          7178  6.94419e+002  7.17800e+003 -9.79152e+001  4.48000e-001  6.98167e+002
          7179  6.94502e+002  7.17900e+003 -9.79197e+001  4.48000e-001  6.98250e+002
          7180  6.94580e+002  7.18000e+003 -9.79237e+001  4.48000e-001  6.98333e+002
          7181  6.94666e+002  7.18100e+003 -9.79305e+001  4.48000e-001  6.98417e+002
          7182  6.94748e+002  7.18200e+003 -9.79390e+001  4.48000e-001  6.98500e+002
          7183  6.94831e+002  7.18300e+003 -9.79476e+001  4.48000e-001  6.98583e+002
          7184  6.94906e+002  7.18400e+003 -9.79552e+001  4.48000e-001  6.98667e+002
          7185  6.94991e+002  7.18500e+003 -9.79631e+001  4.48000e-001  6.98750e+002
          7186  6.95079e+002  7.18600e+003 -9.79715e+001  4.48000e-001  6.98833e+002
          7187  6.95158e+002  7.18700e+003 -9.79803e+001  4.48000e-001  6.98917e+002
          7188  6.95238e+002  7.18800e+003 -9.79938e+001  4.48000e-001  6.99000e+002
          7189  6.95325e+002  7.18900e+003 -9.80032e+001  4.48000e-001  6.99083e+002
          7190  6.95404e+002  7.19000e+003 -9.80111e+001  4.48000e-001  6.99167e+002
          7191  6.95487e+002  7.19100e+003 -9.80189e+001  4.48000e-001  6.99250e+002
          7192  6.95574e+002  7.19200e+003 -9.80286e+001  4.48000e-001  6.99333e+002
          7193  6.95663e+002  7.19300e+003 -9.80364e+001  4.48000e-001  6.99417e+002
          7194  6.95739e+002  7.19400e+003 -9.80430e+001  4.48000e-001  6.99500e+002
          7195  6.95818e+002  7.19500e+003 -9.80500e+001  4.48000e-001  6.99583e+002
          7196  6.95901e+002  7.19600e+003 -9.80558e+001  4.48000e-001  6.99667e+002
          7197  6.95981e+002  7.19700e+003 -9.80635e+001  4.48000e-001  6.99750e+002
          7198  6.96066e+002  7.19800e+003 -9.80714e+001  4.48000e-001  6.99833e+002
          7199  6.96144e+002  7.19900e+003 -9.80793e+001  4.48000e-001  6.99917e+002
          7200  6.96233e+002  7.20000e+003 -9.80853e+001  4.48000e-001  7.00000e+002
          7201  6.96316e+002  7.20100e+003 -9.80916e+001  4.48000e-001  7.00083e+002
          7202  6.96402e+002  7.20200e+003 -9.80983e+001  4.48000e-001  7.00167e+002
          7203  6.96488e+002  7.20300e+003 -9.81050e+001  4.48000e-001  7.00250e+002
          7204  6.96564e+002  7.20400e+003 -9.81126e+001  4.48000e-001  7.00333e+002
          7205  6.96651e+002  7.20500e+003 -9.81205e+001  4.48000e-001  7.00417e+002
          7206  6.96732e+002  7.20600e+003 -9.81296e+001  4.48000e-001  7.00500e+002
          7207  6.96817e+002  7.20700e+003 -9.81395e+001  4.48000e-001  7.00583e+002
          7208  6.96900e+002  7.20800e+003 -9.81484e+001  4.48000e-001  7.00667e+002
          7209  6.96978e+002  7.20900e+003 -9.81573e+001  4.48000e-001  7.00750e+002
          7210  6.97061e+002  7.21000e+003 -9.81671e+001  4.48000e-001  7.00833e+002
          7211  6.97149e+002  7.21100e+003 -9.81763e+001  4.48000e-001  7.00917e+002
          7212  6.97231e+002  7.21200e+003 -9.81877e+001  4.48000e-001  7.01000e+002
          7213  6.97320e+002  7.21300e+003 -9.81973e+001  4.48000e-001  7.01083e+002
          7214  6.97395e+002  7.21400e+003 -9.82067e+001  4.48000e-001  7.01167e+002
          7215  6.97476e+002  7.21500e+003 -9.82149e+001  4.48000e-001  7.01250e+002
          7216  6.97557e+002  7.21600e+003 -9.82246e+001  4.48000e-001  7.01333e+002
          7217  6.97642e+002  7.21700e+003 -9.82331e+001  4.47972e-001  7.01417e+002
          7218  6.97719e+002  7.21800e+003 -9.82419e+001  4.47882e-001  7.01500e+002
          7219  6.97803e+002  7.21900e+003 -9.82493e+001  4.47778e-001  7.01583e+002
          7220  6.97891e+002  7.22000e+003 -9.82571e+001  4.47636e-001  7.01667e+002
          7221  6.97970e+002  7.22100e+003 -9.82666e+001  4.47518e-001  7.01750e+002
          7222  6.98051e+002  7.22200e+003 -9.82759e+001  4.47410e-001  7.01833e+002
          7223  6.98141e+002  7.22300e+003 -9.82852e+001  4.47309e-001  7.01917e+002
          7224  6.98221e+002  7.22400e+003 -9.82914e+001  4.47216e-001  7.02000e+002
          7225  6.98304e+002  7.22500e+003 -9.82988e+001  4.47143e-001  7.02083e+002
          7226  6.98392e+002  7.22600e+003 -9.83059e+001  4.47084e-001  7.02167e+002
          7227  6.98470e+002  7.22700e+003 -9.83137e+001  4.47034e-001  7.02250e+002
          7228  6.98554e+002  7.22800e+003 -9.83239e+001  4.47042e-001  7.02333e+002
          7229  6.98634e+002  7.22900e+003 -9.83328e+001  4.47028e-001  7.02417e+002
          7230  6.98718e+002  7.23000e+003 -9.83418e+001  4.47015e-001  7.02500e+002
          7231  6.98794e+002  7.23100e+003 -9.83513e+001  4.47004e-001  7.02583e+002
          7232  6.98885e+002  7.23200e+003 -9.83574e+001  4.47007e-001  7.02667e+002
          7233  6.98968e+002  7.23300e+003 -9.83640e+001  4.47005e-001  7.02750e+002
          7234  6.99048e+002  7.23400e+003 -9.83714e+001  4.47002e-001  7.02833e+002
          7235  6.99135e+002  7.23500e+003 -9.83784e+001  4.47000e-001  7.02917e+002
          7236  6.99210e+002  7.23600e+003 -9.83874e+001  4.47001e-001  7.03000e+002
          7237  6.99301e+002  7.23700e+003 -9.83963e+001  4.47001e-001  7.03083e+002
          7238  6.99381e+002  7.23800e+003 -9.84055e+001  4.47000e-001  7.03167e+002
          7239  6.99460e+002  7.23900e+003 -9.84154e+001  4.47000e-001  7.03250e+002
          7240  6.99540e+002  7.24000e+003 -9.84222e+001  4.47000e-001  7.03333e+002
          7241  6.99628e+002  7.24100e+003 -9.84298e+001  4.47000e-001  7.03417e+002
          7242  6.99708e+002  7.24200e+003 -9.84372e+001  4.47000e-001  7.03500e+002
          7243  6.99786e+002  7.24300e+003 -9.84451e+001  4.47000e-001  7.03583e+002
          7244  6.99875e+002  7.24400e+003 -9.84538e+001  4.47000e-001  7.03667e+002
          7245  6.99964e+002  7.24500e+003 -9.84618e+001  4.47000e-001  7.03750e+002
          7246  7.00038e+002  7.24600e+003 -9.84700e+001  4.47000e-001  7.03833e+002
          7247  7.00115e+002  7.24700e+003 -9.84775e+001  4.47000e-001  7.03917e+002
          7248  7.00203e+002  7.24800e+003 -9.84874e+001  4.47000e-001  7.04000e+002
          7249  7.00286e+002  7.24900e+003 -9.84972e+001  4.47000e-001  7.04083e+002
          7250  7.00372e+002  7.25000e+003 -9.85062e+001  4.47000e-001  7.04167e+002
          7251  7.00451e+002  7.25100e+003 -9.85145e+001  4.47000e-001  7.04250e+002
          7252  7.00538e+002  7.25200e+003 -9.85231e+001  4.47000e-001  7.04333e+002
          7253  7.00624e+002  7.25300e+003 -9.85316e+001  4.47000e-001  7.04417e+002
          7254  7.00697e+002  7.25400e+003 -9.85405e+001  4.47000e-001  7.04500e+002
          7255  7.00788e+002  7.25500e+003 -9.85487e+001  4.47000e-001  7.04583e+002
          7256  7.00866e+002  7.25600e+003 -9.85562e+001  4.47000e-001  7.04667e+002
          7257  7.00947e+002  7.25700e+003 -9.85635e+001  4.47000e-001  7.04750e+002
          7258  7.01040e+002  7.25800e+003 -9.85705e+001  4.47000e-001  7.04833e+002
          7259  7.01115e+002  7.25900e+003 -9.85776e+001  4.47000e-001  7.04917e+002
          7260  7.01197e+002  7.26000e+003 -9.85827e+001  4.47000e-001  7.05000e+002
          7261  7.01283e+002  7.26100e+003 -9.85891e+001  4.47000e-001  7.05083e+002
          7262  7.01367e+002  7.26200e+003 -9.85962e+001  4.47000e-001  7.05167e+002
          7263  7.01439e+002  7.26300e+003 -9.86041e+001  4.47000e-001  7.05250e+002
          7264  7.01527e+002  7.26400e+003 -9.86111e+001  4.47000e-001  7.05333e+002
          7265  7.01612e+002  7.26500e+003 -9.86183e+001  4.47000e-001  7.05417e+002
          7266  7.01700e+002  7.26600e+003 -9.86254e+001  4.47000e-001  7.05500e+002
          7267  7.01779e+002  7.26700e+003 -9.86328e+001  4.47000e-001  7.05583e+002
          7268  7.01857e+002  7.26800e+003 -9.86402e+001  4.47000e-001  7.05667e+002
          7269  7.01934e+002  7.26900e+003 -9.86473e+001  4.47000e-001  7.05750e+002
          7270  7.02024e+002  7.27000e+003 -9.86560e+001  4.47000e-001  7.05833e+002
          7271  7.02103e+002  7.27100e+003 -9.86647e+001  4.47000e-001  7.05917e+002
          7272  7.02186e+002  7.27200e+003 -9.86769e+001  4.47000e-001  7.06000e+002
          7273  7.02274e+002  7.27300e+003 -9.86883e+001  4.47000e-001  7.06083e+002
          7274  7.02357e+002  7.27400e+003 -9.86982e+001  4.47000e-001  7.06167e+002
          7275  7.02445e+002  7.27500e+003 -9.87062e+001  4.47000e-001  7.06250e+002
          7276  7.02526e+002  7.27600e+003 -9.87150e+001  4.47000e-001  7.06333e+002
          7277  7.02608e+002  7.27700e+003 -9.87240e+001  4.47000e-001  7.06417e+002
          7278  7.02686e+002  7.27800e+003 -9.87339e+001  4.47000e-001  7.06500e+002
          7279  7.02771e+002  7.27900e+003 -9.87452e+001  4.47000e-001  7.06583e+002
          7280  7.02851e+002  7.28000e+003 -9.87576e+001  4.47000e-001  7.06667e+002
          7281  7.02925e+002  7.28100e+003 -9.87661e+001  4.46972e-001  7.06750e+002
          7282  7.03015e+002  7.28200e+003 -9.87740e+001  4.46882e-001  7.06833e+002
          7283  7.03095e+002  7.28300e+003 -9.87817e+001  4.46778e-001  7.06917e+002
          7284  7.03185e+002  7.28400e+003 -9.87851e+001  4.46636e-001  7.07000e+002
          7285  7.03255e+002  7.28500e+003 -9.87923e+001  4.46518e-001  7.07083e+002
          7286  7.03335e+002  7.28600e+003 -9.88005e+001  4.46382e-001  7.07167e+002
          7287  7.03424e+002  7.28700e+003 -9.88097e+001  4.46198e-001  7.07250e+002
          7288  7.03507e+002  7.28800e+003 -9.88203e+001  4.45982e-001  7.07333e+002
          7289  7.03596e+002  7.28900e+003 -9.88298e+001  4.45795e-001  7.07417e+002
          7290  7.03679e+002  7.29000e+003 -9.88389e+001  4.45625e-001  7.07500e+002
          7291  7.03760e+002  7.29100e+003 -9.88471e+001  4.45466e-001  7.07583e+002
          7292  7.03845e+002  7.29200e+003 -9.88537e+001  4.45328e-001  7.07667e+002
          7293  7.03920e+002  7.29300e+003 -9.88609e+001  4.45217e-001  7.07750e+002
          7294  7.04010e+002  7.29400e+003 -9.88689e+001  4.45128e-001  7.07833e+002
          7295  7.04093e+002  7.29500e+003 -9.88767e+001  4.45052e-001  7.07917e+002
          7296  7.04178e+002  7.29600e+003 -9.88859e+001  4.45064e-001  7.08000e+002
          7297  7.04254e+002  7.29700e+003 -9.88942e+001  4.45043e-001  7.08083e+002
          7298  7.04338e+002  7.29800e+003 -9.89027e+001  4.45022e-001  7.08167e+002
          7299  7.04419e+002  7.29900e+003 -9.89107e+001  4.45006e-001  7.08250e+002
          7300  7.04504e+002  7.30000e+003 -9.89159e+001  4.45011e-001  7.08333e+002
          7301  7.04586e+002  7.30100e+003 -9.89239e+001  4.45007e-001  7.08417e+002
          7302  7.04666e+002  7.30200e+003 -9.89313e+001  4.45004e-001  7.08500e+002
          7303  7.04754e+002  7.30300e+003 -9.89391e+001  4.45001e-001  7.08583e+002
          7304  7.04831e+002  7.30400e+003 -9.89475e+001  4.45002e-001  7.08667e+002
          7305  7.04926e+002  7.30500e+003 -9.89533e+001  4.45001e-001  7.08750e+002
          7306  7.05002e+002  7.30600e+003 -9.89603e+001  4.45001e-001  7.08833e+002
          7307  7.05080e+002  7.30700e+003 -9.89690e+001  4.45000e-001  7.08917e+002
          7308  7.05166e+002  7.30800e+003 -9.89792e+001  4.45000e-001  7.09000e+002
          7309  7.05244e+002  7.30900e+003 -9.89884e+001  4.45000e-001  7.09083e+002
          7310  7.05333e+002  7.31000e+003 -9.89971e+001  4.45000e-001  7.09167e+002
          7311  7.05410e+002  7.31100e+003 -9.90061e+001  4.45000e-001  7.09250e+002
          7312  7.05493e+002  7.31200e+003 -9.90110e+001  4.45000e-001  7.09333e+002
          7313  7.05575e+002  7.31300e+003 -9.90185e+001  4.45000e-001  7.09417e+002
          7314  7.05665e+002  7.31400e+003 -9.90272e+001  4.45000e-001  7.09500e+002
          7315  7.05738e+002  7.31500e+003 -9.90366e+001  4.45000e-001  7.09583e+002
          7316  7.05820e+002  7.31600e+003 -9.90500e+001  4.45000e-001  7.09667e+002
          7317  7.05906e+002  7.31700e+003 -9.90619e+001  4.45000e-001  7.09750e+002
          7318  7.05993e+002  7.31800e+003 -9.90728e+001  4.45000e-001  7.09833e+002
          7319  7.06067e+002  7.31900e+003 -9.90839e+001  4.45000e-001  7.09917e+002
          7320  7.06148e+002  7.32000e+003 -9.90907e+001  4.45000e-001  7.10000e+002
          7321  7.06240e+002  7.32100e+003 -9.90999e+001  4.45000e-001  7.10083e+002
          7322  7.06320e+002  7.32200e+003 -9.91090e+001  4.45000e-001  7.10167e+002
          7323  7.06400e+002  7.32300e+003 -9.91173e+001  4.45000e-001  7.10250e+002
          7324  7.06483e+002  7.32400e+003 -9.91287e+001  4.45000e-001  7.10333e+002
          7325  7.06566e+002  7.32500e+003 -9.91384e+001  4.45000e-001  7.10417e+002
          7326  7.06641e+002  7.32600e+003 -9.91474e+001  4.45000e-001  7.10500e+002
          7327  7.06729e+002  7.32700e+003 -9.91555e+001  4.45000e-001  7.10583e+002
          7328  7.06818e+002  7.32800e+003 -9.91612e+001  4.45000e-001  7.10667e+002
          7329  7.06898e+002  7.32900e+003 -9.91682e+001  4.45000e-001  7.10750e+002
          7330  7.06979e+002  7.33000e+003 -9.91750e+001  4.45000e-001  7.10833e+002
          7331  7.07059e+002  7.33100e+003 -9.91810e+001  4.45000e-001  7.10917e+002
          7332  7.07143e+002  7.33200e+003 -9.91857e+001  4.45000e-001  7.11000e+002
          7333  7.07223e+002  7.33300e+003 -9.91923e+001  4.45000e-001  7.11083e+002
          7334  7.07305e+002  7.33400e+003 -9.91999e+001  4.45000e-001  7.11167e+002
          7335  7.07392e+002  7.33500e+003 -9.92087e+001  4.45000e-001  7.11250e+002
          7336  7.07469e+002  7.33600e+003 -9.92171e+001  4.45000e-001  7.11333e+002
          7337  7.07556e+002  7.33700e+003 -9.92260e+001  4.45000e-001  7.11417e+002
          7338  7.07638e+002  7.33800e+003 -9.92348e+001  4.45000e-001  7.11500e+002
          7339  7.07723e+002  7.33900e+003 -9.92429e+001  4.45000e-001  7.11583e+002
          7340  7.07811e+002  7.34000e+003 -9.92524e+001  4.45000e-001  7.11667e+002
          7341  7.07884e+002  7.34100e+003 -9.92618e+001  4.45000e-001  7.11750e+002
          7342  7.07968e+002  7.34200e+003 -9.92726e+001  4.45000e-001  7.11833e+002
          7343  7.08049e+002  7.34300e+003 -9.92828e+001  4.45000e-001  7.11917e+002
          7344  7.08130e+002  7.34400e+003 -9.92963e+001  4.45000e-001  7.12000e+002
          7345  7.08219e+002  7.34500e+003 -9.93070e+001  4.45000e-001  7.12083e+002
          7346  7.08298e+002  7.34600e+003 -9.93160e+001  4.45000e-001  7.12167e+002
          7347  7.08386e+002  7.34700e+003 -9.93247e+001  4.45000e-001  7.12250e+002
          7348  7.08462e+002  7.34800e+003 -9.93349e+001  4.45000e-001  7.12333e+002
          7349  7.08542e+002  7.34900e+003 -9.93450e+001  4.45000e-001  7.12417e+002
          7350  7.08624e+002  7.35000e+003 -9.93553e+001  4.45000e-001  7.12500e+002
          7351  7.08712e+002  7.35100e+003 -9.93657e+001  4.45000e-001  7.12583e+002
          7352  7.08796e+002  7.35200e+003 -9.93724e+001  4.45000e-001  7.12667e+002
          7353  7.08875e+002  7.35300e+003 -9.93801e+001  4.45000e-001  7.12750e+002
          7354  7.08965e+002  7.35400e+003 -9.93893e+001  4.45000e-001  7.12833e+002
          7355  7.09049e+002  7.35500e+003 -9.93986e+001  4.45000e-001  7.12917e+002
          7356  7.09129e+002  7.35600e+003 -9.94067e+001  4.44972e-001  7.13000e+002
          7357  7.09206e+002  7.35700e+003 -9.94152e+001  4.44882e-001  7.13083e+002
          7358  7.09292e+002  7.35800e+003 -9.94237e+001  4.44776e-001  7.13167e+002
          7359  7.09368e+002  7.35900e+003 -9.94310e+001  4.44667e-001  7.13250e+002
          7360  7.09460e+002  7.36000e+003 -9.94355e+001  4.44498e-001  7.13333e+002
          7361  7.09538e+002  7.36100e+003 -9.94429e+001  4.44377e-001  7.13417e+002
          7362  7.09621e+002  7.36200e+003 -9.94515e+001  4.44276e-001  7.13500e+002
          7363  7.09700e+002  7.36300e+003 -9.94596e+001  4.44185e-001  7.13583e+002
          7364  7.09780e+002  7.36400e+003 -9.94685e+001  4.44144e-001  7.13667e+002
          7365  7.09860e+002  7.36500e+003 -9.94766e+001  4.44095e-001  7.13750e+002
          7366  7.09944e+002  7.36600e+003 -9.94833e+001  4.44055e-001  7.13833e+002
          7367  7.10031e+002  7.36700e+003 -9.94891e+001  4.44021e-001  7.13917e+002
          7368  7.10114e+002  7.36800e+003 -9.94932e+001  4.44027e-001  7.14000e+002
          7369  7.10196e+002  7.36900e+003 -9.94974e+001  4.44018e-001  7.14083e+002
          7370  7.10272e+002  7.37000e+003 -9.95016e+001  4.44009e-001  7.14167e+002
          7371  7.10350e+002  7.37100e+003 -9.95069e+001  4.44002e-001  7.14250e+002
          7372  7.10439e+002  7.37200e+003 -9.95109e+001  4.44005e-001  7.14333e+002
          7373  7.10526e+002  7.37300e+003 -9.95162e+001  4.44003e-001  7.14417e+002
          7374  7.10604e+002  7.37400e+003 -9.95232e+001  4.44001e-001  7.14500e+002
          7375  7.10681e+002  7.37500e+003 -9.95314e+001  4.44000e-001  7.14583e+002
          7376  7.10763e+002  7.37600e+003 -9.95340e+001  4.44001e-001  7.14667e+002
          7377  7.10853e+002  7.37700e+003 -9.95392e+001  4.44001e-001  7.14750e+002
          7378  7.10934e+002  7.37800e+003 -9.95457e+001  4.44000e-001  7.14833e+002
          7379  7.11018e+002  7.37900e+003 -9.95536e+001  4.44000e-001  7.14917e+002
          7380  7.11105e+002  7.38000e+003 -9.95663e+001  4.44000e-001  7.15000e+002
          7381  7.11183e+002  7.38100e+003 -9.95757e+001  4.44000e-001  7.15083e+002
          7382  7.11267e+002  7.38200e+003 -9.95844e+001  4.43972e-001  7.15167e+002
          7383  7.11343e+002  7.38300e+003 -9.95934e+001  4.43889e-001  7.15250e+002
          7384  7.11428e+002  7.38400e+003 -9.96058e+001  4.43766e-001  7.15333e+002
          7385  7.11514e+002  7.38500e+003 -9.96172e+001  4.43652e-001  7.15417e+002
          7386  7.11592e+002  7.38600e+003 -9.96305e+001  4.43541e-001  7.15500e+002
          7387  7.11677e+002  7.38700e+003 -9.96450e+001  4.43432e-001  7.15583e+002
          7388  7.11757e+002  7.38800e+003 -9.96605e+001  4.43286e-001  7.15667e+002
          7389  7.11842e+002  7.38900e+003 -9.96741e+001  4.43189e-001  7.15750e+002
          7390  7.11934e+002  7.39000e+003 -9.96869e+001  4.43113e-001  7.15833e+002
          7391  7.12013e+002  7.39100e+003 -9.96982e+001  4.43048e-001  7.15917e+002
          7392  7.12090e+002  7.39200e+003 -9.97114e+001  4.43057e-001  7.16000e+002
          7393  7.12176e+002  7.39300e+003 -9.97229e+001  4.43038e-001  7.16083e+002
          7394  7.12252e+002  7.39400e+003 -9.97335e+001  4.43020e-001  7.16167e+002
          7395  7.12328e+002  7.39500e+003 -9.97436e+001  4.43005e-001  7.16250e+002
          7396  7.12412e+002  7.39600e+003 -9.97542e+001  4.43010e-001  7.16333e+002
          7397  7.12504e+002  7.39700e+003 -9.97634e+001  4.43007e-001  7.16417e+002
          7398  7.12587e+002  7.39800e+003 -9.97712e+001  4.43003e-001  7.16500e+002
          7399  7.12662e+002  7.39900e+003 -9.97798e+001  4.43001e-001  7.16583e+002
          7400  7.12746e+002  7.40000e+003 -9.97799e+001  4.43002e-001  7.16667e+002
          7401  7.12831e+002  7.40100e+003 -9.97862e+001  4.43001e-001  7.16750e+002
          7402  7.12915e+002  7.40200e+003 -9.97939e+001  4.43000e-001  7.16833e+002
          7403  7.12994e+002  7.40300e+003 -9.98023e+001  4.43000e-001  7.16917e+002
          7404  7.13072e+002  7.40400e+003 -9.98114e+001  4.43000e-001  7.17000e+002
          7405  7.13157e+002  7.40500e+003 -9.98211e+001  4.43000e-001  7.17083e+002
          7406  7.13242e+002  7.40600e+003 -9.98307e+001  4.43000e-001  7.17167e+002
          7407  7.13328e+002  7.40700e+003 -9.98408e+001  4.43000e-001  7.17250e+002
          7408  7.13409e+002  7.40800e+003 -9.98521e+001  4.43000e-001  7.17333e+002
          7409  7.13490e+002  7.40900e+003 -9.98613e+001  4.43000e-001  7.17417e+002
          7410  7.13572e+002  7.41000e+003 -9.98706e+001  4.43000e-001  7.17500e+002
          7411  7.13658e+002  7.41100e+003 -9.98803e+001  4.43000e-001  7.17583e+002
          7412  7.13737e+002  7.41200e+003 -9.98911e+001  4.43000e-001  7.17667e+002
          7413  7.13822e+002  7.41300e+003 -9.99003e+001  4.43000e-001  7.17750e+002
          7414  7.13904e+002  7.41400e+003 -9.99092e+001  4.43000e-001  7.17833e+002
          7415  7.13988e+002  7.41500e+003 -9.99166e+001  4.43000e-001  7.17917e+002
          7416  7.14068e+002  7.41600e+003 -9.99237e+001  4.43000e-001  7.18000e+002
          7417  7.14153e+002  7.41700e+003 -9.99318e+001  4.43000e-001  7.18083e+002
          7418  7.14241e+002  7.41800e+003 -9.99407e+001  4.43000e-001  7.18167e+002
          7419  7.14316e+002  7.41900e+003 -9.99501e+001  4.43000e-001  7.18250e+002
          7420  7.14405e+002  7.42000e+003 -9.99573e+001  4.43000e-001  7.18333e+002
          7421  7.14495e+002  7.42100e+003 -9.99656e+001  4.43000e-001  7.18417e+002
          7422  7.14568e+002  7.42200e+003 -9.99748e+001  4.43000e-001  7.18500e+002
          7423  7.14653e+002  7.42300e+003 -9.99838e+001  4.43000e-001  7.18583e+002
          7424  7.14735e+002  7.42400e+003 -9.99930e+001  4.43000e-001  7.18667e+002
          7425  7.14817e+002  7.42500e+003 -1.00002e+002  4.43000e-001  7.18750e+002
          7426  7.14898e+002  7.42600e+003 -1.00012e+002  4.43000e-001  7.18833e+002
          7427  7.14986e+002  7.42700e+003 -1.00023e+002  4.43000e-001  7.18917e+002
          7428  7.15065e+002  7.42800e+003 -1.00035e+002  4.42889e-001  7.19000e+002
          7429  7.15152e+002  7.42900e+003 -1.00046e+002  4.42778e-001  7.19083e+002
          7430  7.15226e+002  7.43000e+003 -1.00056e+002  4.42667e-001  7.19167e+002
          7431  7.15311e+002  7.43100e+003 -1.00066e+002  4.42556e-001  7.19250e+002
          7432  7.15397e+002  7.43200e+003 -1.00077e+002  4.42355e-001  7.19333e+002
          7433  7.15475e+002  7.43300e+003 -1.00088e+002  4.42234e-001  7.19417e+002
          7434  7.15560e+002  7.43400e+003 -1.00099e+002  4.42142e-001  7.19500e+002
          7435  7.15639e+002  7.43500e+003 -1.00109e+002  4.42062e-001  7.19583e+002
          7436  7.15725e+002  7.43600e+003 -1.00121e+002  4.42072e-001  7.19667e+002
          7437  7.15812e+002  7.43700e+003 -1.00131e+002  4.42048e-001  7.19750e+002
          7438  7.15893e+002  7.43800e+003 -1.00140e+002  4.42025e-001  7.19833e+002
          7439  7.15972e+002  7.43900e+003 -1.00149e+002  4.42007e-001  7.19917e+002
          7440  7.16053e+002  7.44000e+003 -1.00158e+002  4.41901e-001  7.20000e+002
          7441  7.16135e+002  7.44100e+003 -1.00168e+002  4.41786e-001  7.20083e+002
          7442  7.16213e+002  7.44200e+003 -1.00177e+002  4.41671e-001  7.20167e+002
          7443  7.16297e+002  7.44300e+003 -1.00186e+002  4.41556e-001  7.20250e+002
          7444  7.16386e+002  7.44400e+003 -1.00192e+002  4.41357e-001  7.20333e+002
          7445  7.16469e+002  7.44500e+003 -1.00200e+002  4.41235e-001  7.20417e+002
          7446  7.16549e+002  7.44600e+003 -1.00209e+002  4.41142e-001  7.20500e+002
          7447  7.16630e+002  7.44700e+003 -1.00218e+002  4.41062e-001  7.20583e+002
          7448  7.16712e+002  7.44800e+003 -1.00228e+002  4.41072e-001  7.20667e+002
          7449  7.16782e+002  7.44900e+003 -1.00238e+002  4.41048e-001  7.20750e+002
          7450  7.16876e+002  7.45000e+003 -1.00249e+002  4.41025e-001  7.20833e+002
          7451  7.16954e+002  7.45100e+003 -1.00260e+002  4.41007e-001  7.20917e+002
          7452  7.17042e+002  7.45200e+003 -1.00269e+002  4.41012e-001  7.21000e+002
          7453  7.17124e+002  7.45300e+003 -1.00278e+002  4.41008e-001  7.21083e+002
          7454  7.17214e+002  7.45400e+003 -1.00288e+002  4.41004e-001  7.21167e+002
          7455  7.17294e+002  7.45500e+003 -1.00298e+002  4.41001e-001  7.21250e+002
          7456  7.17372e+002  7.45600e+003 -1.00313e+002  4.41002e-001  7.21333e+002
          7457  7.17461e+002  7.45700e+003 -1.00326e+002  4.41001e-001  7.21417e+002
          7458  7.17543e+002  7.45800e+003 -1.00338e+002  4.41001e-001  7.21500e+002
          7459  7.17622e+002  7.45900e+003 -1.00348e+002  4.41000e-001  7.21583e+002
          7460  7.17705e+002  7.46000e+003 -1.00359e+002  4.41000e-001  7.21667e+002
          7461  7.17796e+002  7.46100e+003 -1.00369e+002  4.41000e-001  7.21750e+002
          7462  7.17867e+002  7.46200e+003 -1.00380e+002  4.41000e-001  7.21833e+002
          7463  7.17953e+002  7.46300e+003 -1.00390e+002  4.41000e-001  7.21917e+002
          7464  7.18033e+002  7.46400e+003 -1.00399e+002  4.41000e-001  7.22000e+002
          7465  7.18121e+002  7.46500e+003 -1.00407e+002  4.41000e-001  7.22083e+002
          7466  7.18194e+002  7.46600e+003 -1.00415e+002  4.41000e-001  7.22167e+002
          7467  7.18275e+002  7.46700e+003 -1.00423e+002  4.41000e-001  7.22250e+002
          7468  7.18363e+002  7.46800e+003 -1.00428e+002  4.41000e-001  7.22333e+002
          7469  7.18442e+002  7.46900e+003 -1.00435e+002  4.41000e-001  7.22417e+002
          7470  7.18524e+002  7.47000e+003 -1.00442e+002  4.41000e-001  7.22500e+002
          7471  7.18609e+002  7.47100e+003 -1.00450e+002  4.41000e-001  7.22583e+002
          7472  7.18684e+002  7.47200e+003 -1.00455e+002  4.41000e-001  7.22667e+002
          7473  7.18768e+002  7.47300e+003 -1.00463e+002  4.41000e-001  7.22750e+002
          7474  7.18857e+002  7.47400e+003 -1.00471e+002  4.41000e-001  7.22833e+002
          7475  7.18942e+002  7.47500e+003 -1.00479e+002  4.41000e-001  7.22917e+002
          7476  7.19021e+002  7.47600e+003 -1.00488e+002  4.41000e-001  7.23000e+002
          7477  7.19107e+002  7.47700e+003 -1.00497e+002  4.41000e-001  7.23083e+002
          7478  7.19192e+002  7.47800e+003 -1.00506e+002  4.41000e-001  7.23167e+002
          7479  7.19276e+002  7.47900e+003 -1.00514e+002  4.41000e-001  7.23250e+002
          7480  7.19348e+002  7.48000e+003 -1.00524e+002  4.41000e-001  7.23333e+002
          7481  7.19434e+002  7.48100e+003 -1.00535e+002  4.41000e-001  7.23417e+002
          7482  7.19520e+002  7.48200e+003 -1.00544e+002  4.40972e-001  7.23500e+002
          7483  7.19601e+002  7.48300e+003 -1.00553e+002  4.40889e-001  7.23583e+002
          7484  7.19685e+002  7.48400e+003 -1.00564e+002  4.40766e-001  7.23667e+002
          7485  7.19771e+002  7.48500e+003 -1.00574e+002  4.40652e-001  7.23750e+002
          7486  7.19849e+002  7.48600e+003 -1.00582e+002  4.40541e-001  7.23833e+002
          7487  7.19927e+002  7.48700e+003 -1.00591e+002  4.40432e-001  7.23917e+002
          7488  7.20012e+002  7.48800e+003 -1.00601e+002  4.40286e-001  7.24000e+002
          7489  7.20098e+002  7.48900e+003 -1.00611e+002  4.40189e-001  7.24083e+002
          7490  7.20181e+002  7.49000e+003 -1.00622e+002  4.40113e-001  7.24167e+002
          7491  7.20267e+002  7.49100e+003 -1.00632e+002  4.40048e-001  7.24250e+002
          7492  7.20348e+002  7.49200e+003 -1.00642e+002  4.40057e-001  7.24333e+002
          7493  7.20429e+002  7.49300e+003 -1.00653e+002  4.40038e-001  7.24417e+002
          7494  7.20512e+002  7.49400e+003 -1.00664e+002  4.40020e-001  7.24500e+002
          7495  7.20597e+002  7.49500e+003 -1.00675e+002  4.40005e-001  7.24583e+002
          7496  7.20672e+002  7.49600e+003 -1.00688e+002  4.40010e-001  7.24667e+002
          7497  7.20757e+002  7.49700e+003 -1.00700e+002  4.40007e-001  7.24750e+002
          7498  7.20840e+002  7.49800e+003 -1.00711e+002  4.40003e-001  7.24833e+002
          7499  7.20923e+002  7.49900e+003 -1.00722e+002  4.40001e-001  7.24917e+002
          7500  7.21013e+002  7.50000e+003 -1.00735e+002  4.39890e-001  7.25000e+002
          7501  7.21089e+002  7.50100e+003 -1.00746e+002  4.39779e-001  7.25083e+002
          7502  7.21169e+002  7.50200e+003 -1.00757e+002  4.39667e-001  7.25167e+002
          7503  7.21253e+002  7.50300e+003 -1.00767e+002  4.39556e-001  7.25250e+002
          7504  7.21339e+002  7.50400e+003 -1.00776e+002  4.39355e-001  7.25333e+002
          7505  7.21422e+002  7.50500e+003 -1.00785e+002  4.39234e-001  7.25417e+002
          7506  7.21501e+002  7.50600e+003 -1.00796e+002  4.39142e-001  7.25500e+002
          7507  7.21589e+002  7.50700e+003 -1.00806e+002  4.39062e-001  7.25583e+002
          7508  7.21663e+002  7.50800e+003 -1.00815e+002  4.39072e-001  7.25667e+002
          7509  7.21750e+002  7.50900e+003 -1.00825e+002  4.39048e-001  7.25750e+002
          7510  7.21829e+002  7.51000e+003 -1.00834e+002  4.39025e-001  7.25833e+002
          7511  7.21916e+002  7.51100e+003 -1.00844e+002  4.39007e-001  7.25917e+002
          7512  7.22000e+002  7.51200e+003 -1.00852e+002  4.39012e-001  7.26000e+002
          7513  7.22080e+002  7.51300e+003 -1.00861e+002  4.39008e-001  7.26083e+002
          7514  7.22162e+002  7.51400e+003 -1.00871e+002  4.39004e-001  7.26167e+002
          7515  7.22241e+002  7.51500e+003 -1.00882e+002  4.39001e-001  7.26250e+002
          7516  7.22326e+002  7.51600e+003 -1.00895e+002  4.38891e-001  7.26333e+002
          7517  7.22411e+002  7.51700e+003 -1.00906e+002  4.38779e-001  7.26417e+002
          7518  7.22489e+002  7.51800e+003 -1.00916e+002  4.38667e-001  7.26500e+002
          7519  7.22575e+002  7.51900e+003 -1.00926e+002  4.38556e-001  7.26583e+002
          7520  7.22663e+002  7.52000e+003 -1.00936e+002  4.38355e-001  7.26667e+002
          7521  7.22741e+002  7.52100e+003 -1.00946e+002  4.38234e-001  7.26750e+002
          7522  7.22820e+002  7.52200e+003 -1.00956e+002  4.38142e-001  7.26833e+002
          7523  7.22900e+002  7.52300e+003 -1.00966e+002  4.38062e-001  7.26917e+002
          7524  7.22978e+002  7.52400e+003 -1.00975e+002  4.38072e-001  7.27000e+002
          7525  7.23073e+002  7.52500e+003 -1.00986e+002  4.38048e-001  7.27083e+002
          7526  7.23151e+002  7.52600e+003 -1.00995e+002  4.38025e-001  7.27167e+002
          7527  7.23230e+002  7.52700e+003 -1.01004e+002  4.38007e-001  7.27250e+002
          7528  7.23312e+002  7.52800e+003 -1.01011e+002  4.38012e-001  7.27333e+002
          7529  7.23396e+002  7.52900e+003 -1.01020e+002  4.38008e-001  7.27417e+002
          7530  7.23481e+002  7.53000e+003 -1.01029e+002  4.38004e-001  7.27500e+002
          7531  7.23561e+002  7.53100e+003 -1.01039e+002  4.38001e-001  7.27583e+002
          7532  7.23647e+002  7.53200e+003 -1.01050e+002  4.38002e-001  7.27667e+002
          7533  7.23729e+002  7.53300e+003 -1.01062e+002  4.38001e-001  7.27750e+002
          7534  7.23803e+002  7.53400e+003 -1.01074e+002  4.38001e-001  7.27833e+002
          7535  7.23896e+002  7.53500e+003 -1.01086e+002  4.38000e-001  7.27917e+002
          7536  7.23970e+002  7.53600e+003 -1.01098e+002  4.38000e-001  7.28000e+002
          7537  7.24066e+002  7.53700e+003 -1.01108e+002  4.38000e-001  7.28083e+002
          7538  7.24140e+002  7.53800e+003 -1.01118e+002  4.38000e-001  7.28167e+002
          7539  7.24234e+002  7.53900e+003 -1.01128e+002  4.38000e-001  7.28250e+002
          7540  7.24311e+002  7.54000e+003 -1.01139e+002  4.38000e-001  7.28333e+002
          7541  7.24391e+002  7.54100e+003 -1.01151e+002  4.38000e-001  7.28417e+002
          7542  7.24474e+002  7.54200e+003 -1.01162e+002  4.38000e-001  7.28500e+002
          7543  7.24556e+002  7.54300e+003 -1.01173e+002  4.38000e-001  7.28583e+002
          7544  7.24635e+002  7.54400e+003 -1.01180e+002  4.38000e-001  7.28667e+002
          7545  7.24722e+002  7.54500e+003 -1.01190e+002  4.38000e-001  7.28750e+002
          7546  7.24811e+002  7.54600e+003 -1.01199e+002  4.38000e-001  7.28833e+002
          7547  7.24896e+002  7.54700e+003 -1.01210e+002  4.38000e-001  7.28917e+002
          7548  7.24980e+002  7.54800e+003 -1.01219e+002  4.37889e-001  7.29000e+002
          7549  7.25066e+002  7.54900e+003 -1.01229e+002  4.37778e-001  7.29083e+002
          7550  7.25142e+002  7.55000e+003 -1.01238e+002  4.37667e-001  7.29167e+002
          7551  7.25226e+002  7.55100e+003 -1.01247e+002  4.37556e-001  7.29250e+002
          7552  7.25308e+002  7.55200e+003 -1.01257e+002  4.37355e-001  7.29333e+002
          7553  7.25392e+002  7.55300e+003 -1.01266e+002  4.37234e-001  7.29417e+002
          7554  7.25476e+002  7.55400e+003 -1.01275e+002  4.37142e-001  7.29500e+002
          7555  7.25556e+002  7.55500e+003 -1.01286e+002  4.37062e-001  7.29583e+002
          7556  7.25635e+002  7.55600e+003 -1.01298e+002  4.37072e-001  7.29667e+002
          7557  7.25717e+002  7.55700e+003 -1.01308e+002  4.37048e-001  7.29750e+002
          7558  7.25802e+002  7.55800e+003 -1.01318e+002  4.37025e-001  7.29833e+002
          7559  7.25881e+002  7.55900e+003 -1.01326e+002  4.37007e-001  7.29917e+002
          7560  7.25969e+002  7.56000e+003 -1.01335e+002  4.37012e-001  7.30000e+002
          7561  7.26048e+002  7.56100e+003 -1.01345e+002  4.37008e-001  7.30083e+002
          7562  7.26129e+002  7.56200e+003 -1.01354e+002  4.37004e-001  7.30167e+002
          7563  7.26213e+002  7.56300e+003 -1.01363e+002  4.37001e-001  7.30250e+002
          7564  7.26287e+002  7.56400e+003 -1.01375e+002  4.37002e-001  7.30333e+002
          7565  7.26376e+002  7.56500e+003 -1.01385e+002  4.37001e-001  7.30417e+002
          7566  7.26461e+002  7.56600e+003 -1.01393e+002  4.37001e-001  7.30500e+002
          7567  7.26540e+002  7.56700e+003 -1.01402e+002  4.37000e-001  7.30583e+002
          7568  7.26620e+002  7.56800e+003 -1.01411e+002  4.37000e-001  7.30667e+002
          7569  7.26709e+002  7.56900e+003 -1.01421e+002  4.37000e-001  7.30750e+002
          7570  7.26782e+002  7.57000e+003 -1.01431e+002  4.37000e-001  7.30833e+002
          7571  7.26869e+002  7.57100e+003 -1.01440e+002  4.37000e-001  7.30917e+002
          7572  7.26952e+002  7.57200e+003 -1.01451e+002  4.37000e-001  7.31000e+002
          7573  7.27026e+002  7.57300e+003 -1.01462e+002  4.36972e-001  7.31083e+002
          7574  7.27110e+002  7.57400e+003 -1.01471e+002  4.36882e-001  7.31167e+002
          7575  7.27195e+002  7.57500e+003 -1.01481e+002  4.36778e-001  7.31250e+002
          7576  7.27276e+002  7.57600e+003 -1.01492e+002  4.36525e-001  7.31333e+002
          7577  7.27358e+002  7.57700e+003 -1.01503e+002  4.36296e-001  7.31417e+002
          7578  7.27443e+002  7.57800e+003 -1.01515e+002  4.36077e-001  7.31500e+002
          7579  7.27528e+002  7.57900e+003 -1.01527e+002  4.35864e-001  7.31583e+002
          7580  7.27600e+002  7.58000e+003 -1.01536e+002  4.35570e-001  7.31667e+002
          7581  7.27692e+002  7.58100e+003 -1.01547e+002  4.35376e-001  7.31750e+002
          7582  7.27770e+002  7.58200e+003 -1.01557e+002  4.35226e-001  7.31833e+002
          7583  7.27851e+002  7.58300e+003 -1.01567e+002  4.35096e-001  7.31917e+002
          7584  7.27933e+002  7.58400e+003 -1.01576e+002  4.35114e-001  7.32000e+002
          7585  7.28023e+002  7.58500e+003 -1.01585e+002  4.35076e-001  7.32083e+002
          7586  7.28101e+002  7.58600e+003 -1.01595e+002  4.35040e-001  7.32167e+002
          7587  7.28176e+002  7.58700e+003 -1.01605e+002  4.35011e-001  7.32250e+002
          7588  7.28266e+002  7.58800e+003 -1.01612e+002  4.35020e-001  7.32333e+002
          7589  7.28350e+002  7.58900e+003 -1.01619e+002  4.35013e-001  7.32417e+002
          7590  7.28430e+002  7.59000e+003 -1.01627e+002  4.35006e-001  7.32500e+002
          7591  7.28512e+002  7.59100e+003 -1.01635e+002  4.35001e-001  7.32583e+002
          7592  7.28593e+002  7.59200e+003 -1.01641e+002  4.35003e-001  7.32667e+002
          7593  7.28675e+002  7.59300e+003 -1.01649e+002  4.35002e-001  7.32750e+002
          7594  7.28762e+002  7.59400e+003 -1.01657e+002  4.35001e-001  7.32833e+002
          7595  7.28835e+002  7.59500e+003 -1.01665e+002  4.35000e-001  7.32917e+002
          7596  7.28925e+002  7.59600e+003 -1.01675e+002  4.35000e-001  7.33000e+002
          7597  7.29001e+002  7.59700e+003 -1.01685e+002  4.35000e-001  7.33083e+002
          7598  7.29086e+002  7.59800e+003 -1.01694e+002  4.35000e-001  7.33167e+002
          7599  7.29167e+002  7.59900e+003 -1.01703e+002  4.35000e-001  7.33250e+002
          7600  7.29243e+002  7.60000e+003 -1.01715e+002  4.34889e-001  7.33333e+002
          7601  7.29339e+002  7.60100e+003 -1.01726e+002  4.34778e-001  7.33417e+002
          7602  7.29415e+002  7.60200e+003 -1.01738e+002  4.34667e-001  7.33500e+002
          7603  7.29498e+002  7.60300e+003 -1.01752e+002  4.34556e-001  7.33583e+002
          7604  7.29579e+002  7.60400e+003 -1.01764e+002  4.34355e-001  7.33667e+002
          7605  7.29663e+002  7.60500e+003 -1.01775e+002  4.34234e-001  7.33750e+002
          7606  7.29738e+002  7.60600e+003 -1.01787e+002  4.34142e-001  7.33833e+002
          7607  7.29836e+002  7.60700e+003 -1.01798e+002  4.34062e-001  7.33917e+002
          7608  7.29918e+002  7.60800e+003 -1.01812e+002  4.34072e-001  7.34000e+002
          7609  7.29995e+002  7.60900e+003 -1.01825e+002  4.34048e-001  7.34083e+002
          7610  7.30073e+002  7.61000e+003 -1.01836e+002  4.34025e-001  7.34167e+002
          7611  7.30162e+002  7.61100e+003 -1.01845e+002  4.34007e-001  7.34250e+002
          7612  7.30247e+002  7.61200e+003 -1.01857e+002  4.34012e-001  7.34333e+002
          7613  7.30324e+002  7.61300e+003 -1.01868e+002  4.34008e-001  7.34417e+002
          7614  7.30417e+002  7.61400e+003 -1.01878e+002  4.34004e-001  7.34500e+002
          7615  7.30496e+002  7.61500e+003 -1.01888e+002  4.34001e-001  7.34583e+002
          7616  7.30578e+002  7.61600e+003 -1.01897e+002  4.34002e-001  7.34667e+002
          7617  7.30651e+002  7.61700e+003 -1.01907e+002  4.34001e-001  7.34750e+002
          7618  7.30733e+002  7.61800e+003 -1.01916e+002  4.34001e-001  7.34833e+002
          7619  7.30823e+002  7.61900e+003 -1.01926e+002  4.34000e-001  7.34917e+002
          7620  7.30909e+002  7.62000e+003 -1.01933e+002  4.34000e-001  7.35000e+002
          7621  7.30989e+002  7.62100e+003 -1.01941e+002  4.34000e-001  7.35083e+002
          7622  7.31066e+002  7.62200e+003 -1.01950e+002  4.33972e-001  7.35167e+002
          7623  7.31149e+002  7.62300e+003 -1.01958e+002  4.33889e-001  7.35250e+002
          7624  7.31231e+002  7.62400e+003 -1.01968e+002  4.33766e-001  7.35333e+002
          7625  7.31309e+002  7.62500e+003 -1.01979e+002  4.33652e-001  7.35417e+002
          7626  7.31401e+002  7.62600e+003 -1.01989e+002  4.33541e-001  7.35500e+002
          7627  7.31483e+002  7.62700e+003 -1.02001e+002  4.33432e-001  7.35583e+002
          7628  7.31561e+002  7.62800e+003 -1.02011e+002  4.33286e-001  7.35667e+002
          7629  7.31654e+002  7.62900e+003 -1.02020e+002  4.33189e-001  7.35750e+002
          7630  7.31733e+002  7.63000e+003 -1.02030e+002  4.33113e-001  7.35833e+002
          7631  7.31809e+002  7.63100e+003 -1.02040e+002  4.33048e-001  7.35917e+002
          7632  7.31891e+002  7.63200e+003 -1.02050e+002  4.33057e-001  7.36000e+002
          7633  7.31975e+002  7.63300e+003 -1.02060e+002  4.33038e-001  7.36083e+002
          7634  7.32051e+002  7.63400e+003 -1.02069e+002  4.33020e-001  7.36167e+002
          7635  7.32137e+002  7.63500e+003 -1.02078e+002  4.33005e-001  7.36250e+002
          7636  7.32225e+002  7.63600e+003 -1.02089e+002  4.33010e-001  7.36333e+002
          7637  7.32312e+002  7.63700e+003 -1.02099e+002  4.33007e-001  7.36417e+002
          7638  7.32394e+002  7.63800e+003 -1.02109e+002  4.33003e-001  7.36500e+002
          7639  7.32473e+002  7.63900e+003 -1.02118e+002  4.33001e-001  7.36583e+002
          7640  7.32558e+002  7.64000e+003 -1.02128e+002  4.33002e-001  7.36667e+002
          7641  7.32635e+002  7.64100e+003 -1.02139e+002  4.32973e-001  7.36750e+002
          7642  7.32729e+002  7.64200e+003 -1.02150e+002  4.32882e-001  7.36833e+002
          7643  7.32802e+002  7.64300e+003 -1.02163e+002  4.32778e-001  7.36917e+002
          7644  7.32889e+002  7.64400e+003 -1.02173e+002  4.32636e-001  7.37000e+002
          7645  7.32983e+002  7.64500e+003 -1.02183e+002  4.32518e-001  7.37083e+002
          7646  7.33052e+002  7.64600e+003 -1.02193e+002  4.32410e-001  7.37167e+002
          7647  7.33145e+002  7.64700e+003 -1.02204e+002  4.32309e-001  7.37250e+002
          7648  7.33225e+002  7.64800e+003 -1.02217e+002  4.32104e-001  7.37333e+002
          7649  7.33303e+002  7.64900e+003 -1.02228e+002  4.31920e-001  7.37417e+002
          7650  7.33388e+002  7.65000e+003 -1.02240e+002  4.31751e-001  7.37500e+002
          7651  7.33465e+002  7.65100e+003 -1.02252e+002  4.31590e-001  7.37583e+002
          7652  7.33551e+002  7.65200e+003 -1.02264e+002  4.31397e-001  7.37667e+002
          7653  7.33637e+002  7.65300e+003 -1.02276e+002  4.31262e-001  7.37750e+002
          7654  7.33723e+002  7.65400e+003 -1.02287e+002  4.31156e-001  7.37833e+002
          7655  7.33798e+002  7.65500e+003 -1.02297e+002  4.31066e-001  7.37917e+002
          7656  7.33878e+002  7.65600e+003 -1.02307e+002  4.31079e-001  7.38000e+002
          7657  7.33963e+002  7.65700e+003 -1.02317e+002  4.31053e-001  7.38083e+002
          7658  7.34047e+002  7.65800e+003 -1.02327e+002  4.31027e-001  7.38167e+002
          7659  7.34131e+002  7.65900e+003 -1.02336e+002  4.31007e-001  7.38250e+002
          7660  7.34209e+002  7.66000e+003 -1.02344e+002  4.31013e-001  7.38333e+002
          7661  7.34291e+002  7.66100e+003 -1.02354e+002  4.31009e-001  7.38417e+002
          7662  7.34377e+002  7.66200e+003 -1.02363e+002  4.31004e-001  7.38500e+002
          7663  7.34458e+002  7.66300e+003 -1.02372e+002  4.31001e-001  7.38583e+002
          7664  7.34548e+002  7.66400e+003 -1.02377e+002  4.30891e-001  7.38667e+002
          7665  7.34629e+002  7.66500e+003 -1.02385e+002  4.30779e-001  7.38750e+002
          7666  7.34709e+002  7.66600e+003 -1.02393e+002  4.30667e-001  7.38833e+002
          7667  7.34790e+002  7.66700e+003 -1.02399e+002  4.30556e-001  7.38917e+002
          7668  7.34872e+002  7.66800e+003 -1.02408e+002  4.30355e-001  7.39000e+002
          7669  7.34955e+002  7.66900e+003 -1.02418e+002  4.30234e-001  7.39083e+002
          7670  7.35035e+002  7.67000e+003 -1.02426e+002  4.30142e-001  7.39167e+002
          7671  7.35116e+002  7.67100e+003 -1.02434e+002  4.30062e-001  7.39250e+002
          7672  7.35201e+002  7.67200e+003 -1.02443e+002  4.30072e-001  7.39333e+002
          7673  7.35286e+002  7.67300e+003 -1.02452e+002  4.30048e-001  7.39417e+002
          7674  7.35365e+002  7.67400e+003 -1.02463e+002  4.30025e-001  7.39500e+002
          7675  7.35448e+002  7.67500e+003 -1.02473e+002  4.30007e-001  7.39583e+002
          7676  7.35530e+002  7.67600e+003 -1.02482e+002  4.30012e-001  7.39667e+002
          7677  7.35611e+002  7.67700e+003 -1.02491e+002  4.30008e-001  7.39750e+002
          7678  7.35696e+002  7.67800e+003 -1.02500e+002  4.30004e-001  7.39833e+002
          7679  7.35770e+002  7.67900e+003 -1.02509e+002  4.30001e-001  7.39917e+002
          7680  7.35852e+002  7.68000e+003 -1.02522e+002  4.29974e-001  7.40000e+002
          7681  7.35935e+002  7.68100e+003 -1.02530e+002  4.29883e-001  7.40083e+002
          7682  7.36025e+002  7.68200e+003 -1.02539e+002  4.29777e-001  7.40167e+002
          7683  7.36104e+002  7.68300e+003 -1.02548e+002  4.29667e-001  7.40250e+002
          7684  7.36189e+002  7.68400e+003 -1.02554e+002  4.29498e-001  7.40333e+002
          7685  7.36265e+002  7.68500e+003 -1.02564e+002  4.29377e-001  7.40417e+002
          7686  7.36360e+002  7.68600e+003 -1.02573e+002  4.29276e-001  7.40500e+002
          7687  7.36442e+002  7.68700e+003 -1.02582e+002  4.29185e-001  7.40583e+002
          7688  7.36520e+002  7.68800e+003 -1.02592e+002  4.29144e-001  7.40667e+002
          7689  7.36606e+002  7.68900e+003 -1.02601e+002  4.29095e-001  7.40750e+002
          7690  7.36686e+002  7.69000e+003 -1.02611e+002  4.29055e-001  7.40833e+002
          7691  7.36765e+002  7.69100e+003 -1.02620e+002  4.29021e-001  7.40917e+002
          7692  7.36854e+002  7.69200e+003 -1.02631e+002  4.29027e-001  7.41000e+002
          7693  7.36936e+002  7.69300e+003 -1.02640e+002  4.29018e-001  7.41083e+002
          7694  7.37023e+002  7.69400e+003 -1.02651e+002  4.29009e-001  7.41167e+002
          7695  7.37096e+002  7.69500e+003 -1.02661e+002  4.29002e-001  7.41250e+002
          7696  7.37176e+002  7.69600e+003 -1.02671e+002  4.28893e-001  7.41333e+002
          7697  7.37267e+002  7.69700e+003 -1.02681e+002  4.28781e-001  7.41417e+002
          7698  7.37350e+002  7.69800e+003 -1.02690e+002  4.28668e-001  7.41500e+002
          7699  7.37433e+002  7.69900e+003 -1.02698e+002  4.28556e-001  7.41583e+002
          7700  7.37514e+002  7.70000e+003 -1.02706e+002  4.28356e-001  7.41667e+002
          7701  7.37594e+002  7.70100e+003 -1.02716e+002  4.28234e-001  7.41750e+002
          7702  7.37679e+002  7.70200e+003 -1.02725e+002  4.28142e-001  7.41833e+002
          7703  7.37756e+002  7.70300e+003 -1.02733e+002  4.28062e-001  7.41917e+002
          7704  7.37841e+002  7.70400e+003 -1.02741e+002  4.28072e-001  7.42000e+002
          7705  7.37925e+002  7.70500e+003 -1.02748e+002  4.28048e-001  7.42083e+002
          7706  7.38009e+002  7.70600e+003 -1.02753e+002  4.28025e-001  7.42167e+002
          7707  7.38090e+002  7.70700e+003 -1.02757e+002  4.28007e-001  7.42250e+002
          7708  7.38176e+002  7.70800e+003 -1.02756e+002  4.28012e-001  7.42333e+002
          7709  7.38251e+002  7.70900e+003 -1.02758e+002  4.28008e-001  7.42417e+002
          7710  7.38333e+002  7.71000e+003 -1.02761e+002  4.28004e-001  7.42500e+002
          7711  7.38422e+002  7.71100e+003 -1.02764e+002  4.28001e-001  7.42583e+002
          7712  7.38503e+002  7.71200e+003 -1.02764e+002  4.27974e-001  7.42667e+002
          7713  7.38585e+002  7.71300e+003 -1.02767e+002  4.27883e-001  7.42750e+002
          7714  7.38671e+002  7.71400e+003 -1.02771e+002  4.27777e-001  7.42833e+002
          7715  7.38752e+002  7.71500e+003 -1.02775e+002  4.27667e-001  7.42917e+002
          7716  7.38828e+002  7.71600e+003 -1.02776e+002  4.27498e-001  7.43000e+002
          7717  7.38918e+002  7.71700e+003 -1.02781e+002  4.27377e-001  7.43083e+002
          7718  7.39000e+002  7.71800e+003 -1.02787e+002  4.27276e-001  7.43167e+002
          7719  7.39082e+002  7.71900e+003 -1.02794e+002  4.27185e-001  7.43250e+002
          7720  7.39166e+002  7.72000e+003 -1.02805e+002  4.27144e-001  7.43333e+002
          7721  7.39247e+002  7.72100e+003 -1.02813e+002  4.27095e-001  7.43417e+002
          7722  7.39336e+002  7.72200e+003 -1.02820e+002  4.27055e-001  7.43500e+002
          7723  7.39416e+002  7.72300e+003 -1.02828e+002  4.27021e-001  7.43583e+002
          7724  7.39495e+002  7.72400e+003 -1.02839e+002  4.26916e-001  7.43667e+002
          7725  7.39579e+002  7.72500e+003 -1.02848e+002  4.26796e-001  7.43750e+002
          7726  7.39661e+002  7.72600e+003 -1.02856e+002  4.26676e-001  7.43833e+002
          7727  7.39746e+002  7.72700e+003 -1.02863e+002  4.26558e-001  7.43917e+002
          7728  7.39828e+002  7.72800e+003 -1.02870e+002  4.26332e-001  7.44000e+002
          7729  7.39906e+002  7.72900e+003 -1.02876e+002  4.26119e-001  7.44083e+002
          7730  7.39992e+002  7.73000e+003 -1.02883e+002  4.25919e-001  7.44167e+002
          7731  7.40066e+002  7.73100e+003 -1.02890e+002  4.25729e-001  7.44250e+002
          7732  7.40156e+002  7.73200e+003 -1.02894e+002  4.25570e-001  7.44333e+002
          7733  7.40233e+002  7.73300e+003 -1.02900e+002  4.25425e-001  7.44417e+002
          7734  7.40313e+002  7.73400e+003 -1.02906e+002  4.25301e-001  7.44500e+002
          7735  7.40403e+002  7.73500e+003 -1.02914e+002  4.25192e-001  7.44583e+002
          7736  7.40490e+002  7.73600e+003 -1.02919e+002  4.25156e-001  7.44667e+002
          7737  7.40572e+002  7.73700e+003 -1.02926e+002  4.25104e-001  7.44750e+002
          7738  7.40646e+002  7.73800e+003 -1.02934e+002  4.25059e-001  7.44833e+002
          7739  7.40737e+002  7.73900e+003 -1.02943e+002  4.25021e-001  7.44917e+002
          7740  7.40810e+002  7.74000e+003 -1.02952e+002  4.25029e-001  7.45000e+002
          7741  7.40898e+002  7.74100e+003 -1.02960e+002  4.25020e-001  7.45083e+002
          7742  7.40980e+002  7.74200e+003 -1.02968e+002  4.25010e-001  7.45167e+002
          7743  7.41053e+002  7.74300e+003 -1.02976e+002  4.25002e-001  7.45250e+002
          7744  7.41136e+002  7.74400e+003 -1.02987e+002  4.24977e-001  7.45333e+002
          7745  7.41225e+002  7.74500e+003 -1.02996e+002  4.24885e-001  7.45417e+002
          7746  7.41309e+002  7.74600e+003 -1.03006e+002  4.24778e-001  7.45500e+002
          7747  7.41388e+002  7.74700e+003 -1.03017e+002  4.24667e-001  7.45583e+002
          7748  7.41469e+002  7.74800e+003 -1.03023e+002  4.24498e-001  7.45667e+002
          7749  7.41559e+002  7.74900e+003 -1.03032e+002  4.24378e-001  7.45750e+002
          7750  7.41635e+002  7.75000e+003 -1.03041e+002  4.24276e-001  7.45833e+002
          7751  7.41720e+002  7.75100e+003 -1.03049e+002  4.24185e-001  7.45917e+002
          7752  7.41802e+002  7.75200e+003 -1.03056e+002  4.24144e-001  7.46000e+002
          7753  7.41885e+002  7.75300e+003 -1.03064e+002  4.24095e-001  7.46083e+002
          7754  7.41970e+002  7.75400e+003 -1.03071e+002  4.24055e-001  7.46167e+002
          7755  7.42050e+002  7.75500e+003 -1.03078e+002  4.24021e-001  7.46250e+002
          7756  7.42140e+002  7.75600e+003 -1.03087e+002  4.24027e-001  7.46333e+002
          7757  7.42216e+002  7.75700e+003 -1.03096e+002  4.24018e-001  7.46417e+002
          7758  7.42298e+002  7.75800e+003 -1.03105e+002  4.23982e-001  7.46500e+002
          7759  7.42383e+002  7.75900e+003 -1.03114e+002  4.23891e-001  7.46583e+002
          7760  7.42466e+002  7.76000e+003 -1.03121e+002  4.23771e-001  7.46667e+002
          7761  7.42549e+002  7.76100e+003 -1.03131e+002  4.23655e-001  7.46750e+002
          7762  7.42631e+002  7.76200e+003 -1.03139e+002  4.23543e-001  7.46833e+002
          7763  7.42704e+002  7.76300e+003 -1.03149e+002  4.23432e-001  7.46917e+002
          7764  7.42793e+002  7.76400e+003 -1.03163e+002  4.23287e-001  7.47000e+002
          7765  7.42879e+002  7.76500e+003 -1.03174e+002  4.23189e-001  7.47083e+002
          7766  7.42960e+002  7.76600e+003 -1.03184e+002  4.23114e-001  7.47167e+002
          7767  7.43040e+002  7.76700e+003 -1.03194e+002  4.23048e-001  7.47250e+002
          7768  7.43130e+002  7.76800e+003 -1.03206e+002  4.23057e-001  7.47333e+002
          7769  7.43204e+002  7.76900e+003 -1.03215e+002  4.23038e-001  7.47417e+002
          7770  7.43292e+002  7.77000e+003 -1.03225e+002  4.23020e-001  7.47500e+002
          7771  7.43373e+002  7.77100e+003 -1.03235e+002  4.23005e-001  7.47583e+002
          7772  7.43455e+002  7.77200e+003 -1.03242e+002  4.22982e-001  7.47667e+002
          7773  7.43540e+002  7.77300e+003 -1.03251e+002  4.22889e-001  7.47750e+002
          7774  7.43616e+002  7.77400e+003 -1.03260e+002  4.22779e-001  7.47833e+002
          7775  7.43710e+002  7.77500e+003 -1.03269e+002  4.22667e-001  7.47917e+002
          7776  7.43784e+002  7.77600e+003 -1.03276e+002  4.22499e-001  7.48000e+002
          7777  7.43869e+002  7.77700e+003 -1.03286e+002  4.22378e-001  7.48083e+002
          7778  7.43956e+002  7.77800e+003 -1.03296e+002  4.22277e-001  7.48167e+002
          7779  7.44030e+002  7.77900e+003 -1.03304e+002  4.22185e-001  7.48250e+002
          7780  7.44113e+002  7.78000e+003 -1.03314e+002  4.22144e-001  7.48333e+002
          7781  7.44197e+002  7.78100e+003 -1.03322e+002  4.22096e-001  7.48417e+002
          7782  7.44282e+002  7.78200e+003 -1.03330e+002  4.22055e-001  7.48500e+002
          7783  7.44368e+002  7.78300e+003 -1.03338e+002  4.22021e-001  7.48583e+002
          7784  7.44445e+002  7.78400e+003 -1.03346e+002  4.22027e-001  7.48667e+002
          7785  7.44530e+002  7.78500e+003 -1.03353e+002  4.21991e-001  7.48750e+002
          7786  7.44605e+002  7.78600e+003 -1.03361e+002  4.21891e-001  7.48833e+002
          7787  7.44700e+002  7.78700e+003 -1.03370e+002  4.21780e-001  7.48917e+002
          7788  7.44780e+002  7.78800e+003 -1.03375e+002  4.21641e-001  7.49000e+002
          7789  7.44856e+002  7.78900e+003 -1.03384e+002  4.21521e-001  7.49083e+002
          7790  7.44939e+002  7.79000e+003 -1.03393e+002  4.21411e-001  7.49167e+002
          7791  7.45021e+002  7.79100e+003 -1.03400e+002  4.21309e-001  7.49250e+002
          7792  7.45106e+002  7.79200e+003 -1.03412e+002  4.21216e-001  7.49333e+002
          7793  7.45186e+002  7.79300e+003 -1.03421e+002  4.21143e-001  7.49417e+002
          7794  7.45270e+002  7.79400e+003 -1.03430e+002  4.21084e-001  7.49500e+002
          7795  7.45347e+002  7.79500e+003 -1.03439e+002  4.21034e-001  7.49583e+002
          7796  7.45431e+002  7.79600e+003 -1.03448e+002  4.21042e-001  7.49667e+002
          7797  7.45513e+002  7.79700e+003 -1.03456e+002  4.21028e-001  7.49750e+002
          7798  7.45592e+002  7.79800e+003 -1.03466e+002  4.20987e-001  7.49833e+002
          7799  7.45683e+002  7.79900e+003 -1.03477e+002  4.20893e-001  7.49917e+002
          7800  7.45760e+002  7.80000e+003 -1.03483e+002  4.20746e-001  7.50000e+002
          7801  7.45841e+002  7.80100e+003 -1.03490e+002  4.20539e-001  7.50083e+002
          7802  7.45923e+002  7.80200e+003 -1.03498e+002  4.20320e-001  7.50167e+002
          7803  7.46010e+002  7.80300e+003 -1.03506e+002  4.20099e-001  7.50250e+002
          7804  7.46087e+002  7.80400e+003 -1.03514e+002  4.19785e-001  7.50333e+002
          7805  7.46176e+002  7.80500e+003 -1.03523e+002  4.19567e-001  7.50417e+002
          7806  7.46263e+002  7.80600e+003 -1.03532e+002  4.19390e-001  7.50500e+002
          7807  7.46348e+002  7.80700e+003 -1.03539e+002  4.19233e-001  7.50583e+002
          7808  7.46424e+002  7.80800e+003 -1.03543e+002  4.19201e-001  7.50667e+002
          7809  7.46510e+002  7.80900e+003 -1.03549e+002  4.19134e-001  7.50750e+002
          7810  7.46593e+002  7.81000e+003 -1.03556e+002  4.19075e-001  7.50833e+002
          7811  7.46669e+002  7.81100e+003 -1.03565e+002  4.19026e-001  7.50917e+002
          7812  7.46754e+002  7.81200e+003 -1.03573e+002  4.19037e-001  7.51000e+002
          7813  7.46841e+002  7.81300e+003 -1.03581e+002  4.19025e-001  7.51083e+002
          7814  7.46926e+002  7.81400e+003 -1.03590e+002  4.18985e-001  7.51167e+002
          7815  7.47007e+002  7.81500e+003 -1.03598e+002  4.18892e-001  7.51250e+002
          7816  7.47091e+002  7.81600e+003 -1.03602e+002  4.18772e-001  7.51333e+002
          7817  7.47168e+002  7.81700e+003 -1.03606e+002  4.18656e-001  7.51417e+002
          7818  7.47249e+002  7.81800e+003 -1.03610e+002  4.18543e-001  7.51500e+002
          7819  7.47337e+002  7.81900e+003 -1.03615e+002  4.18432e-001  7.51583e+002
          7820  7.47418e+002  7.82000e+003 -1.03626e+002  4.18287e-001  7.51667e+002
          7821  7.47497e+002  7.82100e+003 -1.03633e+002  4.18190e-001  7.51750e+002
          7822  7.47583e+002  7.82200e+003 -1.03638e+002  4.18114e-001  7.51833e+002
          7823  7.47669e+002  7.82300e+003 -1.03642e+002  4.18048e-001  7.51917e+002
          7824  7.47753e+002  7.82400e+003 -1.03640e+002  4.18057e-001  7.52000e+002
          7825  7.47828e+002  7.82500e+003 -1.03643e+002  4.18038e-001  7.52083e+002
          7826  7.47918e+002  7.82600e+003 -1.03646e+002  4.17992e-001  7.52167e+002
          7827  7.48005e+002  7.82700e+003 -1.03649e+002  4.17894e-001  7.52250e+002
          7828  7.48082e+002  7.82800e+003 -1.03652e+002  4.17776e-001  7.52333e+002
          7829  7.48159e+002  7.82900e+003 -1.03655e+002  4.17659e-001  7.52417e+002
          7830  7.48256e+002  7.83000e+003 -1.03658e+002  4.17544e-001  7.52500e+002
          7831  7.48335e+002  7.83100e+003 -1.03661e+002  4.17433e-001  7.52583e+002
          7832  7.48412e+002  7.83200e+003 -1.03661e+002  4.17288e-001  7.52667e+002
          7833  7.48492e+002  7.83300e+003 -1.03663e+002  4.17190e-001  7.52750e+002
          7834  7.48585e+002  7.83400e+003 -1.03665e+002  4.17114e-001  7.52833e+002
          7835  7.48671e+002  7.83500e+003 -1.03667e+002  4.17048e-001  7.52917e+002
          7836  7.48751e+002  7.83600e+003 -1.03670e+002  4.17057e-001  7.53000e+002
          7837  7.48832e+002  7.83700e+003 -1.03673e+002  4.17038e-001  7.53083e+002
          7838  7.48911e+002  7.83800e+003 -1.03677e+002  4.17020e-001  7.53167e+002
          7839  7.48986e+002  7.83900e+003 -1.03680e+002  4.17005e-001  7.53250e+002
          7840  7.49071e+002  7.84000e+003 -1.03685e+002  4.16899e-001  7.53333e+002
          7841  7.49167e+002  7.84100e+003 -1.03690e+002  4.16784e-001  7.53417e+002
          7842  7.49247e+002  7.84200e+003 -1.03696e+002  4.16670e-001  7.53500e+002
          7843  7.49328e+002  7.84300e+003 -1.03702e+002  4.16556e-001  7.53583e+002
          7844  7.49408e+002  7.84400e+003 -1.03709e+002  4.16357e-001  7.53667e+002
          7845  7.49488e+002  7.84500e+003 -1.03715e+002  4.16235e-001  7.53750e+002
          7846  7.49576e+002  7.84600e+003 -1.03723e+002  4.16142e-001  7.53833e+002
          7847  7.49660e+002  7.84700e+003 -1.03732e+002  4.16062e-001  7.53917e+002
          7848  7.49737e+002  7.84800e+003 -1.03742e+002  4.16072e-001  7.54000e+002
          7849  7.49818e+002  7.84900e+003 -1.03749e+002  4.16048e-001  7.54083e+002
          7850  7.49899e+002  7.85000e+003 -1.03756e+002  4.15997e-001  7.54167e+002
          7851  7.49982e+002  7.85100e+003 -1.03762e+002  4.15896e-001  7.54250e+002
          7852  7.50065e+002  7.85200e+003 -1.03772e+002  4.15779e-001  7.54333e+002
          7853  7.50147e+002  7.85300e+003 -1.03780e+002  4.15661e-001  7.54417e+002
          7854  7.50233e+002  7.85400e+003 -1.03788e+002  4.15545e-001  7.54500e+002
          7855  7.50317e+002  7.85500e+003 -1.03797e+002  4.15433e-001  7.54583e+002
          7856  7.50398e+002  7.85600e+003 -1.03808e+002  4.15288e-001  7.54667e+002
          7857  7.50480e+002  7.85700e+003 -1.03818e+002  4.15190e-001  7.54750e+002
          7858  7.50562e+002  7.85800e+003 -1.03826e+002  4.15114e-001  7.54833e+002
          7859  7.50647e+002  7.85900e+003 -1.03833e+002  4.15048e-001  7.54917e+002
          7860  7.50740e+002  7.86000e+003 -1.03840e+002  4.15057e-001  7.55000e+002
          7861  7.50816e+002  7.86100e+003 -1.03848e+002  4.15038e-001  7.55083e+002
          7862  7.50891e+002  7.86200e+003 -1.03856e+002  4.14992e-001  7.55167e+002
          7863  7.50976e+002  7.86300e+003 -1.03864e+002  4.14894e-001  7.55250e+002
          7864  7.51054e+002  7.86400e+003 -1.03875e+002  4.14776e-001  7.55333e+002
          7865  7.51138e+002  7.86500e+003 -1.03885e+002  4.14659e-001  7.55417e+002
          7866  7.51222e+002  7.86600e+003 -1.03894e+002  4.14544e-001  7.55500e+002
          7867  7.51313e+002  7.86700e+003 -1.03903e+002  4.14433e-001  7.55583e+002
          7868  7.51397e+002  7.86800e+003 -1.03907e+002  4.14288e-001  7.55667e+002
          7869  7.51476e+002  7.86900e+003 -1.03913e+002  4.14190e-001  7.55750e+002
          7870  7.51565e+002  7.87000e+003 -1.03919e+002  4.14114e-001  7.55833e+002
          7871  7.51641e+002  7.87100e+003 -1.03927e+002  4.14048e-001  7.55917e+002
          7872  7.51728e+002  7.87200e+003 -1.03937e+002  4.14057e-001  7.56000e+002
          7873  7.51802e+002  7.87300e+003 -1.03945e+002  4.14038e-001  7.56083e+002
          7874  7.51890e+002  7.87400e+003 -1.03953e+002  4.13992e-001  7.56167e+002
          7875  7.51975e+002  7.87500e+003 -1.03960e+002  4.13894e-001  7.56250e+002
          7876  7.52051e+002  7.87600e+003 -1.03969e+002  4.13776e-001  7.56333e+002
          7877  7.52148e+002  7.87700e+003 -1.03976e+002  4.13659e-001  7.56417e+002
          7878  7.52225e+002  7.87800e+003 -1.03983e+002  4.13517e-001  7.56500e+002
          7879  7.52307e+002  7.87900e+003 -1.03991e+002  4.13322e-001  7.56583e+002
          7880  7.52389e+002  7.88000e+003 -1.03999e+002  4.13054e-001  7.56667e+002
          7881  7.52470e+002  7.88100e+003 -1.04007e+002  4.12842e-001  7.56750e+002
          7882  7.52560e+002  7.88200e+003 -1.04014e+002  4.12655e-001  7.56833e+002
          7883  7.52637e+002  7.88300e+003 -1.04021e+002  4.12480e-001  7.56917e+002
          7884  7.52712e+002  7.88400e+003 -1.04028e+002  4.12343e-001  7.57000e+002
          7885  7.52799e+002  7.88500e+003 -1.04036e+002  4.12227e-001  7.57083e+002
          7886  7.52883e+002  7.88600e+003 -1.04045e+002  4.12105e-001  7.57167e+002
          7887  7.52967e+002  7.88700e+003 -1.04053e+002  4.11942e-001  7.57250e+002
          7888  7.53050e+002  7.88800e+003 -1.04063e+002  4.11833e-001  7.57333e+002
          7889  7.53137e+002  7.88900e+003 -1.04072e+002  4.11697e-001  7.57417e+002
          7890  7.53221e+002  7.89000e+003 -1.04080e+002  4.11564e-001  7.57500e+002
          7891  7.53307e+002  7.89100e+003 -1.04090e+002  4.11438e-001  7.57583e+002
          7892  7.53383e+002  7.89200e+003 -1.04100e+002  4.11297e-001  7.57667e+002
          7893  7.53471e+002  7.89300e+003 -1.04107e+002  4.11197e-001  7.57750e+002
          7894  7.53553e+002  7.89400e+003 -1.04114e+002  4.11117e-001  7.57833e+002
          7895  7.53631e+002  7.89500e+003 -1.04122e+002  4.11049e-001  7.57917e+002
          7896  7.53712e+002  7.89600e+003 -1.04131e+002  4.11059e-001  7.58000e+002
          7897  7.53792e+002  7.89700e+003 -1.04139e+002  4.11012e-001  7.58083e+002
          7898  7.53880e+002  7.89800e+003 -1.04147e+002  4.10902e-001  7.58167e+002
          7899  7.53962e+002  7.89900e+003 -1.04155e+002  4.10783e-001  7.58250e+002
          7900  7.54042e+002  7.90000e+003 -1.04163e+002  4.10646e-001  7.58333e+002
          7901  7.54128e+002  7.90100e+003 -1.04172e+002  4.10525e-001  7.58417e+002
          7902  7.54204e+002  7.90200e+003 -1.04181e+002  4.10413e-001  7.58500e+002
          7903  7.54295e+002  7.90300e+003 -1.04190e+002  4.10309e-001  7.58583e+002
          7904  7.54371e+002  7.90400e+003 -1.04200e+002  4.10217e-001  7.58667e+002
          7905  7.54454e+002  7.90500e+003 -1.04209e+002  4.10144e-001  7.58750e+002
          7906  7.54542e+002  7.90600e+003 -1.04219e+002  4.10085e-001  7.58833e+002
          7907  7.54624e+002  7.90700e+003 -1.04231e+002  4.10034e-001  7.58917e+002
          7908  7.54705e+002  7.90800e+003 -1.04242e+002  4.10015e-001  7.59000e+002
          7909  7.54784e+002  7.90900e+003 -1.04251e+002  4.09910e-001  7.59083e+002
          7910  7.54868e+002  7.91000e+003 -1.04260e+002  4.09791e-001  7.59167e+002
          7911  7.54952e+002  7.91100e+003 -1.04268e+002  4.09670e-001  7.59250e+002
          7912  7.55041e+002  7.91200e+003 -1.04277e+002  4.09505e-001  7.59333e+002
          7913  7.55114e+002  7.91300e+003 -1.04285e+002  4.09382e-001  7.59417e+002
          7914  7.55195e+002  7.91400e+003 -1.04292e+002  4.09279e-001  7.59500e+002
          7915  7.55273e+002  7.91500e+003 -1.04299e+002  4.09186e-001  7.59583e+002
          7916  7.55358e+002  7.91600e+003 -1.04307e+002  4.09117e-001  7.59667e+002
          7917  7.55449e+002  7.91700e+003 -1.04315e+002  4.08978e-001  7.59750e+002
          7918  7.55524e+002  7.91800e+003 -1.04323e+002  4.08831e-001  7.59833e+002
          7919  7.55610e+002  7.91900e+003 -1.04333e+002  4.08687e-001  7.59917e+002
          7920  7.55688e+002  7.92000e+003 -1.04337e+002  4.08525e-001  7.60000e+002
          7921  7.55769e+002  7.92100e+003 -1.04345e+002  4.08395e-001  7.60083e+002
          7922  7.55851e+002  7.92200e+003 -1.04352e+002  4.08286e-001  7.60167e+002
          7923  7.55942e+002  7.92300e+003 -1.04358e+002  4.08187e-001  7.60250e+002
          7924  7.56018e+002  7.92400e+003 -1.04364e+002  4.08148e-001  7.60333e+002
          7925  7.56102e+002  7.92500e+003 -1.04369e+002  4.08099e-001  7.60417e+002
          7926  7.56185e+002  7.92600e+003 -1.04374e+002  4.08056e-001  7.60500e+002
          7927  7.56273e+002  7.92700e+003 -1.04377e+002  4.08021e-001  7.60583e+002
          7928  7.56362e+002  7.92800e+003 -1.04384e+002  4.08000e-001  7.60667e+002
          7929  7.56432e+002  7.92900e+003 -1.04389e+002  4.07901e-001  7.60750e+002
          7930  7.56517e+002  7.93000e+003 -1.04395e+002  4.07786e-001  7.60833e+002
          7931  7.56599e+002  7.93100e+003 -1.04402e+002  4.07669e-001  7.60917e+002
          7932  7.56679e+002  7.93200e+003 -1.04402e+002  4.07502e-001  7.61000e+002
          7933  7.56761e+002  7.93300e+003 -1.04406e+002  4.07380e-001  7.61083e+002
          7934  7.56846e+002  7.93400e+003 -1.04411e+002  4.07278e-001  7.61167e+002
          7935  7.56932e+002  7.93500e+003 -1.04417e+002  4.07185e-001  7.61250e+002
          7936  7.57010e+002  7.93600e+003 -1.04426e+002  4.07145e-001  7.61333e+002
          7937  7.57093e+002  7.93700e+003 -1.04433e+002  4.07096e-001  7.61417e+002
          7938  7.57180e+002  7.93800e+003 -1.04439e+002  4.07027e-001  7.61500e+002
          7939  7.57263e+002  7.93900e+003 -1.04447e+002  4.06909e-001  7.61583e+002
          7940  7.57350e+002  7.94000e+003 -1.04456e+002  4.06794e-001  7.61667e+002
          7941  7.57424e+002  7.94100e+003 -1.04463e+002  4.06671e-001  7.61750e+002
          7942  7.57513e+002  7.94200e+003 -1.04470e+002  4.06551e-001  7.61833e+002
          7943  7.57596e+002  7.94300e+003 -1.04478e+002  4.06434e-001  7.61917e+002
          7944  7.57678e+002  7.94400e+003 -1.04483e+002  4.06291e-001  7.62000e+002
          7945  7.57762e+002  7.94500e+003 -1.04489e+002  4.06192e-001  7.62083e+002
          7946  7.57834e+002  7.94600e+003 -1.04495e+002  4.06115e-001  7.62167e+002
          7947  7.57922e+002  7.94700e+003 -1.04503e+002  4.06048e-001  7.62250e+002
          7948  7.58001e+002  7.94800e+003 -1.04510e+002  4.05947e-001  7.62333e+002
          7949  7.58082e+002  7.94900e+003 -1.04516e+002  4.05816e-001  7.62417e+002
          7950  7.58168e+002  7.95000e+003 -1.04522e+002  4.05687e-001  7.62500e+002
          7951  7.58251e+002  7.95100e+003 -1.04528e+002  4.05561e-001  7.62583e+002
          7952  7.58338e+002  7.95200e+003 -1.04531e+002  4.05365e-001  7.62667e+002
          7953  7.58424e+002  7.95300e+003 -1.04535e+002  4.05241e-001  7.62750e+002
          7954  7.58500e+002  7.95400e+003 -1.04541e+002  4.05145e-001  7.62833e+002
          7955  7.58580e+002  7.95500e+003 -1.04548e+002  4.05062e-001  7.62917e+002
          7956  7.58663e+002  7.95600e+003 -1.04554e+002  4.05073e-001  7.63000e+002
          7957  7.58744e+002  7.95700e+003 -1.04560e+002  4.05021e-001  7.63083e+002
          7958  7.58833e+002  7.95800e+003 -1.04567e+002  4.04907e-001  7.63167e+002
          7959  7.58914e+002  7.95900e+003 -1.04574e+002  4.04785e-001  7.63250e+002
          7960  7.58997e+002  7.96000e+003 -1.04579e+002  4.04537e-001  7.63333e+002
          7961  7.59073e+002  7.96100e+003 -1.04585e+002  4.04304e-001  7.63417e+002
          7962  7.59158e+002  7.96200e+003 -1.04591e+002  4.04081e-001  7.63500e+002
          7963  7.59244e+002  7.96300e+003 -1.04599e+002  4.03865e-001  7.63583e+002
          7964  7.59328e+002  7.96400e+003 -1.04605e+002  4.03572e-001  7.63667e+002
          7965  7.59409e+002  7.96500e+003 -1.04610e+002  4.03378e-001  7.63750e+002
          7966  7.59486e+002  7.96600e+003 -1.04615e+002  4.03227e-001  7.63833e+002
          7967  7.59572e+002  7.96700e+003 -1.04621e+002  4.03096e-001  7.63917e+002
          7968  7.59654e+002  7.96800e+003 -1.04626e+002  4.03086e-001  7.64000e+002
          7969  7.59738e+002  7.96900e+003 -1.04634e+002  4.02958e-001  7.64083e+002
          7970  7.59818e+002  7.97000e+003 -1.04642e+002  4.02816e-001  7.64167e+002
          7971  7.59906e+002  7.97100e+003 -1.04649e+002  4.02677e-001  7.64250e+002
          7972  7.59991e+002  7.97200e+003 -1.04654e+002  4.02517e-001  7.64333e+002
          7973  7.60079e+002  7.97300e+003 -1.04659e+002  4.02390e-001  7.64417e+002
          7974  7.60156e+002  7.97400e+003 -1.04665e+002  4.02283e-001  7.64500e+002
          7975  7.60235e+002  7.97500e+003 -1.04671e+002  4.02186e-001  7.64583e+002
          7976  7.60322e+002  7.97600e+003 -1.04681e+002  4.02147e-001  7.64667e+002
          7977  7.60404e+002  7.97700e+003 -1.04691e+002  4.02070e-001  7.64750e+002
          7978  7.60487e+002  7.97800e+003 -1.04699e+002  4.01938e-001  7.64833e+002
          7979  7.60564e+002  7.97900e+003 -1.04705e+002  4.01798e-001  7.64917e+002
          7980  7.60648e+002  7.98000e+003 -1.04712e+002  4.01664e-001  7.65000e+002
          7981  7.60732e+002  7.98100e+003 -1.04719e+002  4.01537e-001  7.65083e+002
          7982  7.60815e+002  7.98200e+003 -1.04727e+002  4.01419e-001  7.65167e+002
          7983  7.60900e+002  7.98300e+003 -1.04734e+002  4.01311e-001  7.65250e+002
          7984  7.60980e+002  7.98400e+003 -1.04744e+002  4.01220e-001  7.65333e+002
          7985  7.61061e+002  7.98500e+003 -1.04753e+002  4.01146e-001  7.65417e+002
          7986  7.61141e+002  7.98600e+003 -1.04760e+002  4.01058e-001  7.65500e+002
          7987  7.61229e+002  7.98700e+003 -1.04766e+002  4.00923e-001  7.65583e+002
          7988  7.61312e+002  7.98800e+003 -1.04772e+002  4.00809e-001  7.65667e+002
          7989  7.61394e+002  7.98900e+003 -1.04779e+002  4.00681e-001  7.65750e+002
          7990  7.61482e+002  7.99000e+003 -1.04786e+002  4.00556e-001  7.65833e+002
          7991  7.61563e+002  7.99100e+003 -1.04794e+002  4.00436e-001  7.65917e+002
          7992  7.61641e+002  7.99200e+003 -1.04803e+002  4.00293e-001  7.66000e+002
          7993  7.61727e+002  7.99300e+003 -1.04811e+002  4.00194e-001  7.66083e+002
          7994  7.61809e+002  7.99400e+003 -1.04819e+002  4.00116e-001  7.66167e+002
          7995  7.61891e+002  7.99500e+003 -1.04826e+002  4.00048e-001  7.66250e+002
          7996  7.61969e+002  7.99600e+003 -1.04833e+002  3.99947e-001  7.66333e+002
          7997  7.62047e+002  7.99700e+003 -1.04840e+002  3.99817e-001  7.66417e+002
          7998  7.62137e+002  7.99800e+003 -1.04845e+002  3.99687e-001  7.66500e+002
          7999  7.62222e+002  7.99900e+003 -1.04852e+002  3.99561e-001  7.66583e+002
          8000  7.62302e+002  8.00000e+003 -1.04860e+002  3.99365e-001  7.66667e+002
          8001  7.62373e+002  8.00100e+003 -1.04869e+002  3.99241e-001  7.66750e+002
          8002  7.62470e+002  8.00200e+003 -1.04877e+002  3.99145e-001  7.66833e+002
          8003  7.62550e+002  8.00300e+003 -1.04883e+002  3.99062e-001  7.66917e+002
          8004  7.62639e+002  8.00400e+003 -1.04889e+002  3.98962e-001  7.67000e+002
          8005  7.62709e+002  8.00500e+003 -1.04897e+002  3.98827e-001  7.67083e+002
          8006  7.62798e+002  8.00600e+003 -1.04904e+002  3.98692e-001  7.67167e+002
          8007  7.62881e+002  8.00700e+003 -1.04913e+002  3.98562e-001  7.67250e+002
          8008  7.62966e+002  8.00800e+003 -1.04922e+002  3.98367e-001  7.67333e+002
          8009  7.63047e+002  8.00900e+003 -1.04929e+002  3.98242e-001  7.67417e+002
          8010  7.63122e+002  8.01000e+003 -1.04937e+002  3.98146e-001  7.67500e+002
          8011  7.63206e+002  8.01100e+003 -1.04944e+002  3.98062e-001  7.67583e+002
          8012  7.63293e+002  8.01200e+003 -1.04952e+002  3.98074e-001  7.67667e+002
          8013  7.63378e+002  8.01300e+003 -1.04958e+002  3.98021e-001  7.67750e+002
          8014  7.63459e+002  8.01400e+003 -1.04966e+002  3.97908e-001  7.67833e+002
          8015  7.63539e+002  8.01500e+003 -1.04973e+002  3.97785e-001  7.67917e+002
          8016  7.63618e+002  8.01600e+003 -1.04981e+002  3.97649e-001  7.68000e+002
          8017  7.63703e+002  8.01700e+003 -1.04988e+002  3.97527e-001  7.68083e+002
          8018  7.63791e+002  8.01800e+003 -1.04994e+002  3.97414e-001  7.68167e+002
          8019  7.63871e+002  8.01900e+003 -1.05001e+002  3.97309e-001  7.68250e+002
          8020  7.63959e+002  8.02000e+003 -1.05004e+002  3.97218e-001  7.68333e+002
          8021  7.64039e+002  8.02100e+003 -1.05010e+002  3.97116e-001  7.68417e+002
          8022  7.64122e+002  8.02200e+003 -1.05015e+002  3.96967e-001  7.68500e+002
          8023  7.64201e+002  8.02300e+003 -1.05022e+002  3.96812e-001  7.68583e+002
          8024  7.64285e+002  8.02400e+003 -1.05027e+002  3.96679e-001  7.68667e+002
          8025  7.64369e+002  8.02500e+003 -1.05035e+002  3.96547e-001  7.68750e+002
          8026  7.64442e+002  8.02600e+003 -1.05043e+002  3.96425e-001  7.68833e+002
          8027  7.64536e+002  8.02700e+003 -1.05051e+002  3.96312e-001  7.68917e+002
          8028  7.64613e+002  8.02800e+003 -1.05056e+002  3.96223e-001  7.69000e+002
          8029  7.64695e+002  8.02900e+003 -1.05062e+002  3.96120e-001  7.69083e+002
          8030  7.64785e+002  8.03000e+003 -1.05070e+002  3.95968e-001  7.69167e+002
          8031  7.64863e+002  8.03100e+003 -1.05078e+002  3.95813e-001  7.69250e+002
          8032  7.64950e+002  8.03200e+003 -1.05089e+002  3.95679e-001  7.69333e+002
          8033  7.65031e+002  8.03300e+003 -1.05097e+002  3.95547e-001  7.69417e+002
          8034  7.65105e+002  8.03400e+003 -1.05105e+002  3.95425e-001  7.69500e+002
          8035  7.65193e+002  8.03500e+003 -1.05111e+002  3.95313e-001  7.69583e+002
          8036  7.65269e+002  8.03600e+003 -1.05117e+002  3.95223e-001  7.69667e+002
          8037  7.65360e+002  8.03700e+003 -1.05122e+002  3.95120e-001  7.69750e+002
          8038  7.65441e+002  8.03800e+003 -1.05126e+002  3.94968e-001  7.69833e+002
          8039  7.65518e+002  8.03900e+003 -1.05131e+002  3.94812e-001  7.69917e+002
          8040  7.65598e+002  8.04000e+003 -1.05137e+002  3.94568e-001  7.70000e+002
          8041  7.65683e+002  8.04100e+003 -1.05143e+002  3.94325e-001  7.70083e+002
          8042  7.65763e+002  8.04200e+003 -1.05149e+002  3.94092e-001  7.70167e+002
          8043  7.65848e+002  8.04300e+003 -1.05154e+002  3.93868e-001  7.70250e+002
          8044  7.65929e+002  8.04400e+003 -1.05153e+002  3.93578e-001  7.70333e+002
          8045  7.66016e+002  8.04500e+003 -1.05157e+002  3.93381e-001  7.70417e+002
          8046  7.66101e+002  8.04600e+003 -1.05162e+002  3.93228e-001  7.70500e+002
          8047  7.66180e+002  8.04700e+003 -1.05168e+002  3.93096e-001  7.70583e+002
          8048  7.66260e+002  8.04800e+003 -1.05172e+002  3.93004e-001  7.70667e+002
          8049  7.66346e+002  8.04900e+003 -1.05174e+002  3.92855e-001  7.70750e+002
          8050  7.66424e+002  8.05000e+003 -1.05173e+002  3.92707e-001  7.70833e+002
          8051  7.66512e+002  8.05100e+003 -1.05172e+002  3.92566e-001  7.70917e+002
          8052  7.66596e+002  8.05200e+003 -1.05169e+002  3.92375e-001  7.71000e+002
          8053  7.66680e+002  8.05300e+003 -1.05167e+002  3.92247e-001  7.71083e+002
          8054  7.66760e+002  8.05400e+003 -1.05167e+002  3.92148e-001  7.71167e+002
          8055  7.66834e+002  8.05500e+003 -1.05168e+002  3.92063e-001  7.71250e+002
          8056  7.66916e+002  8.05600e+003 -1.05165e+002  3.91964e-001  7.71333e+002
          8057  7.67008e+002  8.05700e+003 -1.05164e+002  3.91828e-001  7.71417e+002
          8058  7.67092e+002  8.05800e+003 -1.05163e+002  3.91693e-001  7.71500e+002
          8059  7.67174e+002  8.05900e+003 -1.05164e+002  3.91563e-001  7.71583e+002
          8060  7.67254e+002  8.06000e+003 -1.05163e+002  3.91368e-001  7.71667e+002
          8061  7.67336e+002  8.06100e+003 -1.05167e+002  3.91243e-001  7.71750e+002
          8062  7.67420e+002  8.06200e+003 -1.05172e+002  3.91146e-001  7.71833e+002
          8063  7.67502e+002  8.06300e+003 -1.05176e+002  3.91062e-001  7.71917e+002
          8064  7.67584e+002  8.06400e+003 -1.05187e+002  3.90963e-001  7.72000e+002
          8065  7.67669e+002  8.06500e+003 -1.05192e+002  3.90827e-001  7.72083e+002
          8066  7.67752e+002  8.06600e+003 -1.05196e+002  3.90692e-001  7.72167e+002
          8067  7.67835e+002  8.06700e+003 -1.05200e+002  3.90563e-001  7.72250e+002
          8068  7.67919e+002  8.06800e+003 -1.05209e+002  3.90368e-001  7.72333e+002
          8069  7.67999e+002  8.06900e+003 -1.05216e+002  3.90242e-001  7.72417e+002
          8070  7.68088e+002  8.07000e+003 -1.05222e+002  3.90146e-001  7.72500e+002
          8071  7.68165e+002  8.07100e+003 -1.05228e+002  3.90062e-001  7.72583e+002
          8072  7.68246e+002  8.07200e+003 -1.05232e+002  3.89962e-001  7.72667e+002
          8073  7.68330e+002  8.07300e+003 -1.05237e+002  3.89827e-001  7.72750e+002
          8074  7.68410e+002  8.07400e+003 -1.05242e+002  3.89692e-001  7.72833e+002
          8075  7.68497e+002  8.07500e+003 -1.05247e+002  3.89562e-001  7.72917e+002
          8076  7.68583e+002  8.07600e+003 -1.05252e+002  3.89368e-001  7.73000e+002
          8077  7.68663e+002  8.07700e+003 -1.05257e+002  3.89242e-001  7.73083e+002
          8078  7.68745e+002  8.07800e+003 -1.05263e+002  3.89118e-001  7.73167e+002
          8079  7.68821e+002  8.07900e+003 -1.05269e+002  3.88951e-001  7.73250e+002
          8080  7.68913e+002  8.08000e+003 -1.05274e+002  3.88840e-001  7.73333e+002
          8081  7.68997e+002  8.08100e+003 -1.05281e+002  3.88701e-001  7.73417e+002
          8082  7.69076e+002  8.08200e+003 -1.05287e+002  3.88567e-001  7.73500e+002
          8083  7.69153e+002  8.08300e+003 -1.05292e+002  3.88439e-001  7.73583e+002
          8084  7.69245e+002  8.08400e+003 -1.05298e+002  3.88299e-001  7.73667e+002
          8085  7.69331e+002  8.08500e+003 -1.05304e+002  3.88197e-001  7.73750e+002
          8086  7.69409e+002  8.08600e+003 -1.05310e+002  3.88117e-001  7.73833e+002
          8087  7.69499e+002  8.08700e+003 -1.05316e+002  3.88049e-001  7.73917e+002
          8088  7.69575e+002  8.08800e+003 -1.05323e+002  3.87948e-001  7.74000e+002
          8089  7.69659e+002  8.08900e+003 -1.05330e+002  3.87817e-001  7.74083e+002
          8090  7.69744e+002  8.09000e+003 -1.05338e+002  3.87687e-001  7.74167e+002
          8091  7.69826e+002  8.09100e+003 -1.05346e+002  3.87561e-001  7.74250e+002
          8092  7.69906e+002  8.09200e+003 -1.05352e+002  3.87365e-001  7.74333e+002
          8093  7.69985e+002  8.09300e+003 -1.05359e+002  3.87241e-001  7.74417e+002
          8094  7.70073e+002  8.09400e+003 -1.05367e+002  3.87117e-001  7.74500e+002
          8095  7.70155e+002  8.09500e+003 -1.05375e+002  3.86951e-001  7.74583e+002
          8096  7.70242e+002  8.09600e+003 -1.05385e+002  3.86839e-001  7.74667e+002
          8097  7.70320e+002  8.09700e+003 -1.05394e+002  3.86701e-001  7.74750e+002
          8098  7.70406e+002  8.09800e+003 -1.05403e+002  3.86567e-001  7.74833e+002
          8099  7.70490e+002  8.09900e+003 -1.05411e+002  3.86439e-001  7.74917e+002
          8100  7.70572e+002  8.10000e+003 -1.05422e+002  3.86299e-001  7.75000e+002
          8101  7.70655e+002  8.10100e+003 -1.05429e+002  3.86170e-001  7.75083e+002
          8102  7.70738e+002  8.10200e+003 -1.05435e+002  3.85999e-001  7.75167e+002
          8103  7.70823e+002  8.10300e+003 -1.05442e+002  3.85827e-001  7.75250e+002
          8104  7.70898e+002  8.10400e+003 -1.05449e+002  3.85695e-001  7.75333e+002
          8105  7.70990e+002  8.10500e+003 -1.05457e+002  3.85558e-001  7.75417e+002
          8106  7.71071e+002  8.10600e+003 -1.05464e+002  3.85430e-001  7.75500e+002
          8107  7.71157e+002  8.10700e+003 -1.05471e+002  3.85314e-001  7.75583e+002
          8108  7.71240e+002  8.10800e+003 -1.05478e+002  3.85226e-001  7.75667e+002
          8109  7.71315e+002  8.10900e+003 -1.05485e+002  3.85122e-001  7.75750e+002
          8110  7.71408e+002  8.11000e+003 -1.05492e+002  3.84969e-001  7.75833e+002
          8111  7.71483e+002  8.11100e+003 -1.05500e+002  3.84813e-001  7.75917e+002
          8112  7.71573e+002  8.11200e+003 -1.05509e+002  3.84680e-001  7.76000e+002
          8113  7.71647e+002  8.11300e+003 -1.05517e+002  3.84547e-001  7.76083e+002
          8114  7.71731e+002  8.11400e+003 -1.05526e+002  3.84425e-001  7.76167e+002
          8115  7.71815e+002  8.11500e+003 -1.05535e+002  3.84313e-001  7.76250e+002
          8116  7.71896e+002  8.11600e+003 -1.05545e+002  3.84195e-001  7.76333e+002
          8117  7.71987e+002  8.11700e+003 -1.05554e+002  3.84030e-001  7.76417e+002
          8118  7.72070e+002  8.11800e+003 -1.05563e+002  3.83863e-001  7.76500e+002
          8119  7.72148e+002  8.11900e+003 -1.05571e+002  3.83701e-001  7.76583e+002
          8120  7.72237e+002  8.12000e+003 -1.05579e+002  3.83541e-001  7.76667e+002
          8121  7.72319e+002  8.12100e+003 -1.05588e+002  3.83406e-001  7.76750e+002
          8122  7.72395e+002  8.12200e+003 -1.05596e+002  3.83263e-001  7.76833e+002
          8123  7.72486e+002  8.12300e+003 -1.05604e+002  3.83078e-001  7.76917e+002
          8124  7.72566e+002  8.12400e+003 -1.05612e+002  3.82917e-001  7.77000e+002
          8125  7.72643e+002  8.12500e+003 -1.05620e+002  3.82753e-001  7.77083e+002
          8126  7.72724e+002  8.12600e+003 -1.05628e+002  3.82570e-001  7.77167e+002
          8127  7.72808e+002  8.12700e+003 -1.05634e+002  3.82342e-001  7.77250e+002
          8128  7.72888e+002  8.12800e+003 -1.05641e+002  3.82081e-001  7.77333e+002
          8129  7.72972e+002  8.12900e+003 -1.05648e+002  3.81860e-001  7.77417e+002
          8130  7.73058e+002  8.13000e+003 -1.05658e+002  3.81664e-001  7.77500e+002
          8131  7.73142e+002  8.13100e+003 -1.05668e+002  3.81482e-001  7.77583e+002
          8132  7.73223e+002  8.13200e+003 -1.05676e+002  3.81320e-001  7.77667e+002
          8133  7.73303e+002  8.13300e+003 -1.05685e+002  3.81112e-001  7.77750e+002
          8134  7.73392e+002  8.13400e+003 -1.05694e+002  3.80911e-001  7.77833e+002
          8135  7.73469e+002  8.13500e+003 -1.05703e+002  3.80720e-001  7.77917e+002
          8136  7.73555e+002  8.13600e+003 -1.05712e+002  3.80565e-001  7.78000e+002
          8137  7.73641e+002  8.13700e+003 -1.05719e+002  3.80422e-001  7.78083e+002
          8138  7.73715e+002  8.13800e+003 -1.05728e+002  3.80272e-001  7.78167e+002
          8139  7.73800e+002  8.13900e+003 -1.05736e+002  3.80080e-001  7.78250e+002
          8140  7.73887e+002  8.14000e+003 -1.05743e+002  3.79921e-001  7.78333e+002
          8141  7.73969e+002  8.14100e+003 -1.05751e+002  3.79755e-001  7.78417e+002
          8142  7.74049e+002  8.14200e+003 -1.05758e+002  3.79600e-001  7.78500e+002
          8143  7.74134e+002  8.14300e+003 -1.05766e+002  3.79453e-001  7.78583e+002
          8144  7.74213e+002  8.14400e+003 -1.05771e+002  3.79315e-001  7.78667e+002
          8145  7.74301e+002  8.14500e+003 -1.05778e+002  3.79209e-001  7.78750e+002
          8146  7.74392e+002  8.14600e+003 -1.05785e+002  3.79095e-001  7.78833e+002
          8147  7.74464e+002  8.14700e+003 -1.05792e+002  3.78939e-001  7.78917e+002
          8148  7.74553e+002  8.14800e+003 -1.05798e+002  3.78828e-001  7.79000e+002
          8149  7.74631e+002  8.14900e+003 -1.05804e+002  3.78694e-001  7.79083e+002
          8150  7.74718e+002  8.15000e+003 -1.05812e+002  3.78563e-001  7.79167e+002
          8151  7.74799e+002  8.15100e+003 -1.05821e+002  3.78438e-001  7.79250e+002
          8152  7.74880e+002  8.15200e+003 -1.05832e+002  3.78269e-001  7.79333e+002
          8153  7.74957e+002  8.15300e+003 -1.05840e+002  3.78078e-001  7.79417e+002
          8154  7.75043e+002  8.15400e+003 -1.05849e+002  3.77893e-001  7.79500e+002
          8155  7.75129e+002  8.15500e+003 -1.05857e+002  3.77715e-001  7.79583e+002
          8156  7.75208e+002  8.15600e+003 -1.05863e+002  3.77556e-001  7.79667e+002
          8157  7.75291e+002  8.15700e+003 -1.05871e+002  3.77416e-001  7.79750e+002
          8158  7.75369e+002  8.15800e+003 -1.05880e+002  3.77297e-001  7.79833e+002
          8159  7.75461e+002  8.15900e+003 -1.05887e+002  3.77191e-001  7.79917e+002
          8160  7.75543e+002  8.16000e+003 -1.05896e+002  3.77126e-001  7.80000e+002
          8161  7.75625e+002  8.16100e+003 -1.05903e+002  3.76984e-001  7.80083e+002
          8162  7.75702e+002  8.16200e+003 -1.05911e+002  3.76834e-001  7.80167e+002
          8163  7.75784e+002  8.16300e+003 -1.05917e+002  3.76688e-001  7.80250e+002
          8164  7.75876e+002  8.16400e+003 -1.05922e+002  3.76527e-001  7.80333e+002
          8165  7.75956e+002  8.16500e+003 -1.05928e+002  3.76396e-001  7.80417e+002
          8166  7.76038e+002  8.16600e+003 -1.05934e+002  3.76258e-001  7.80500e+002
          8167  7.76128e+002  8.16700e+003 -1.05942e+002  3.76076e-001  7.80583e+002
          8168  7.76203e+002  8.16800e+003 -1.05946e+002  3.75915e-001  7.80667e+002
          8169  7.76292e+002  8.16900e+003 -1.05952e+002  3.75751e-001  7.80750e+002
          8170  7.76370e+002  8.17000e+003 -1.05958e+002  3.75597e-001  7.80833e+002
          8171  7.76449e+002  8.17100e+003 -1.05965e+002  3.75453e-001  7.80917e+002
          8172  7.76540e+002  8.17200e+003 -1.05973e+002  3.75314e-001  7.81000e+002
          8173  7.76618e+002  8.17300e+003 -1.05981e+002  3.75180e-001  7.81083e+002
          8174  7.76707e+002  8.17400e+003 -1.05991e+002  3.75005e-001  7.81167e+002
          8175  7.76784e+002  8.17500e+003 -1.06000e+002  3.74828e-001  7.81250e+002
          8176  7.76860e+002  8.17600e+003 -1.06010e+002  3.74698e-001  7.81333e+002
          8177  7.76941e+002  8.17700e+003 -1.06018e+002  3.74559e-001  7.81417e+002
          8178  7.77037e+002  8.17800e+003 -1.06026e+002  3.74431e-001  7.81500e+002
          8179  7.77111e+002  8.17900e+003 -1.06033e+002  3.74314e-001  7.81583e+002
          8180  7.77197e+002  8.18000e+003 -1.06042e+002  3.74115e-001  7.81667e+002
          8181  7.77273e+002  8.18100e+003 -1.06049e+002  3.73928e-001  7.81750e+002
          8182  7.77355e+002  8.18200e+003 -1.06056e+002  3.73754e-001  7.81833e+002
          8183  7.77443e+002  8.18300e+003 -1.06062e+002  3.73590e-001  7.81917e+002
          8184  7.77525e+002  8.18400e+003 -1.06067e+002  3.73399e-001  7.82000e+002
          8185  7.77612e+002  8.18500e+003 -1.06074e+002  3.73263e-001  7.82083e+002
          8186  7.77689e+002  8.18600e+003 -1.06081e+002  3.73129e-001  7.82167e+002
          8187  7.77780e+002  8.18700e+003 -1.06088e+002  3.72954e-001  7.82250e+002
          8188  7.77857e+002  8.18800e+003 -1.06095e+002  3.72845e-001  7.82333e+002
          8189  7.77939e+002  8.18900e+003 -1.06101e+002  3.72705e-001  7.82417e+002
          8190  7.78022e+002  8.19000e+003 -1.06107e+002  3.72569e-001  7.82500e+002
          8191  7.78103e+002  8.19100e+003 -1.06115e+002  3.72439e-001  7.82583e+002
          8192  7.78183e+002  8.19200e+003 -1.06123e+002  3.72300e-001  7.82667e+002
          8193  7.78268e+002  8.19300e+003 -1.06131e+002  3.72170e-001  7.82750e+002
          8194  7.78342e+002  8.19400e+003 -1.06139e+002  3.72000e-001  7.82833e+002
          8195  7.78430e+002  8.19500e+003 -1.06148e+002  3.71827e-001  7.82917e+002
          8196  7.78520e+002  8.19600e+003 -1.06156e+002  3.71695e-001  7.83000e+002
          8197  7.78602e+002  8.19700e+003 -1.06164e+002  3.71558e-001  7.83083e+002
          8198  7.78693e+002  8.19800e+003 -1.06172e+002  3.71431e-001  7.83167e+002
          8199  7.78769e+002  8.19900e+003 -1.06179e+002  3.71314e-001  7.83250e+002
          8200  7.78842e+002  8.20000e+003 -1.06190e+002  3.71198e-001  7.83333e+002
          8201  7.78932e+002  8.20100e+003 -1.06197e+002  3.71031e-001  7.83417e+002
          8202  7.79016e+002  8.20200e+003 -1.06204e+002  3.70863e-001  7.83500e+002
          8203  7.79095e+002  8.20300e+003 -1.06211e+002  3.70702e-001  7.83583e+002
          8204  7.79187e+002  8.20400e+003 -1.06216e+002  3.70542e-001  7.83667e+002
          8205  7.79262e+002  8.20500e+003 -1.06223e+002  3.70379e-001  7.83750e+002
          8206  7.79344e+002  8.20600e+003 -1.06229e+002  3.70173e-001  7.83833e+002
          8207  7.79427e+002  8.20700e+003 -1.06236e+002  3.69967e-001  7.83917e+002
          8208  7.79506e+002  8.20800e+003 -1.06241e+002  3.69759e-001  7.84000e+002
          8209  7.79593e+002  8.20900e+003 -1.06248e+002  3.69500e-001  7.84083e+002
          8210  7.79681e+002  8.21000e+003 -1.06256e+002  3.69243e-001  7.84167e+002
          8211  7.79756e+002  8.21100e+003 -1.06264e+002  3.68996e-001  7.84250e+002
          8212  7.79836e+002  8.21200e+003 -1.06273e+002  3.68742e-001  7.84333e+002
          8213  7.79917e+002  8.21300e+003 -1.06281e+002  3.68539e-001  7.84417e+002
          8214  7.80001e+002  8.21400e+003 -1.06287e+002  3.68342e-001  7.84500e+002
          8215  7.80086e+002  8.21500e+003 -1.06294e+002  3.68111e-001  7.84583e+002
          8216  7.80165e+002  8.21600e+003 -1.06304e+002  3.67957e-001  7.84667e+002
          8217  7.80247e+002  8.21700e+003 -1.06312e+002  3.67779e-001  7.84750e+002
          8218  7.80332e+002  8.21800e+003 -1.06320e+002  3.67612e-001  7.84833e+002
          8219  7.80412e+002  8.21900e+003 -1.06327e+002  3.67457e-001  7.84917e+002
          8220  7.80491e+002  8.22000e+003 -1.06336e+002  3.67321e-001  7.85000e+002
          8221  7.80576e+002  8.22100e+003 -1.06345e+002  3.67185e-001  7.85083e+002
          8222  7.80662e+002  8.22200e+003 -1.06353e+002  3.67007e-001  7.85167e+002
          8223  7.80746e+002  8.22300e+003 -1.06361e+002  3.66829e-001  7.85250e+002
          8224  7.80824e+002  8.22400e+003 -1.06372e+002  3.66699e-001  7.85333e+002
          8225  7.80913e+002  8.22500e+003 -1.06381e+002  3.66560e-001  7.85417e+002
          8226  7.80983e+002  8.22600e+003 -1.06390e+002  3.66432e-001  7.85500e+002
          8227  7.81068e+002  8.22700e+003 -1.06399e+002  3.66314e-001  7.85583e+002
          8228  7.81151e+002  8.22800e+003 -1.06407e+002  3.66115e-001  7.85667e+002
          8229  7.81237e+002  8.22900e+003 -1.06415e+002  3.65928e-001  7.85750e+002
          8230  7.81315e+002  8.23000e+003 -1.06423e+002  3.65754e-001  7.85833e+002
          8231  7.81405e+002  8.23100e+003 -1.06431e+002  3.65590e-001  7.85917e+002
          8232  7.81486e+002  8.23200e+003 -1.06440e+002  3.65399e-001  7.86000e+002
          8233  7.81566e+002  8.23300e+003 -1.06448e+002  3.65236e-001  7.86083e+002
          8234  7.81645e+002  8.23400e+003 -1.06456e+002  3.65039e-001  7.86167e+002
          8235  7.81738e+002  8.23500e+003 -1.06464e+002  3.64843e-001  7.86250e+002
          8236  7.81815e+002  8.23600e+003 -1.06470e+002  3.64715e-001  7.86333e+002
          8237  7.81900e+002  8.23700e+003 -1.06476e+002  3.64571e-001  7.86417e+002
          8238  7.81987e+002  8.23800e+003 -1.06484e+002  3.64437e-001  7.86500e+002
          8239  7.82067e+002  8.23900e+003 -1.06493e+002  3.64316e-001  7.86583e+002
          8240  7.82145e+002  8.24000e+003 -1.06500e+002  3.64118e-001  7.86667e+002
          8241  7.82231e+002  8.24100e+003 -1.06508e+002  3.63930e-001  7.86750e+002
          8242  7.82313e+002  8.24200e+003 -1.06515e+002  3.63755e-001  7.86833e+002
          8243  7.82397e+002  8.24300e+003 -1.06523e+002  3.63591e-001  7.86917e+002
          8244  7.82481e+002  8.24400e+003 -1.06531e+002  3.63399e-001  7.87000e+002
          8245  7.82565e+002  8.24500e+003 -1.06539e+002  3.63264e-001  7.87083e+002
          8246  7.82646e+002  8.24600e+003 -1.06548e+002  3.63129e-001  7.87167e+002
          8247  7.82727e+002  8.24700e+003 -1.06558e+002  3.62955e-001  7.87250e+002
          8248  7.82809e+002  8.24800e+003 -1.06567e+002  3.62845e-001  7.87333e+002
          8249  7.82890e+002  8.24900e+003 -1.06576e+002  3.62705e-001  7.87417e+002
          8250  7.82972e+002  8.25000e+003 -1.06586e+002  3.62569e-001  7.87500e+002
          8251  7.83049e+002  8.25100e+003 -1.06595e+002  3.62439e-001  7.87583e+002
          8252  7.83140e+002  8.25200e+003 -1.06604e+002  3.62272e-001  7.87667e+002
          8253  7.83215e+002  8.25300e+003 -1.06610e+002  3.62080e-001  7.87750e+002
          8254  7.83309e+002  8.25400e+003 -1.06618e+002  3.61894e-001  7.87833e+002
          8255  7.83387e+002  8.25500e+003 -1.06625e+002  3.61715e-001  7.87917e+002
          8256  7.83466e+002  8.25600e+003 -1.06632e+002  3.61557e-001  7.88000e+002
          8257  7.83550e+002  8.25700e+003 -1.06639e+002  3.61417e-001  7.88083e+002
          8258  7.83635e+002  8.25800e+003 -1.06646e+002  3.61269e-001  7.88167e+002
          8259  7.83718e+002  8.25900e+003 -1.06655e+002  3.61080e-001  7.88250e+002
          8260  7.83805e+002  8.26000e+003 -1.06660e+002  3.60920e-001  7.88333e+002
          8261  7.83888e+002  8.26100e+003 -1.06668e+002  3.60754e-001  7.88417e+002
          8262  7.83969e+002  8.26200e+003 -1.06676e+002  3.60599e-001  7.88500e+002
          8263  7.84041e+002  8.26300e+003 -1.06684e+002  3.60453e-001  7.88583e+002
          8264  7.84134e+002  8.26400e+003 -1.06692e+002  3.60315e-001  7.88667e+002
          8265  7.84209e+002  8.26500e+003 -1.06700e+002  3.60181e-001  7.88750e+002
          8266  7.84290e+002  8.26600e+003 -1.06708e+002  3.60005e-001  7.88833e+002
          8267  7.84376e+002  8.26700e+003 -1.06716e+002  3.59828e-001  7.88917e+002
          8268  7.84452e+002  8.26800e+003 -1.06727e+002  3.59698e-001  7.89000e+002
          8269  7.84540e+002  8.26900e+003 -1.06736e+002  3.59560e-001  7.89083e+002
          8270  7.84625e+002  8.27000e+003 -1.06745e+002  3.59431e-001  7.89167e+002
          8271  7.84705e+002  8.27100e+003 -1.06755e+002  3.59314e-001  7.89250e+002
          8272  7.84789e+002  8.27200e+003 -1.06760e+002  3.59115e-001  7.89333e+002
          8273  7.84865e+002  8.27300e+003 -1.06767e+002  3.58928e-001  7.89417e+002
          8274  7.84951e+002  8.27400e+003 -1.06774e+002  3.58754e-001  7.89500e+002
          8275  7.85027e+002  8.27500e+003 -1.06781e+002  3.58590e-001  7.89583e+002
          8276  7.85118e+002  8.27600e+003 -1.06788e+002  3.58399e-001  7.89667e+002
          8277  7.85199e+002  8.27700e+003 -1.06795e+002  3.58236e-001  7.89750e+002
          8278  7.85279e+002  8.27800e+003 -1.06802e+002  3.58039e-001  7.89833e+002
          8279  7.85361e+002  8.27900e+003 -1.06809e+002  3.57843e-001  7.89917e+002
          8280  7.85445e+002  8.28000e+003 -1.06817e+002  3.57715e-001  7.90000e+002
          8281  7.85531e+002  8.28100e+003 -1.06824e+002  3.57571e-001  7.90083e+002
          8282  7.85606e+002  8.28200e+003 -1.06832e+002  3.57410e-001  7.90167e+002
          8283  7.85690e+002  8.28300e+003 -1.06841e+002  3.57205e-001  7.90250e+002
          8284  7.85768e+002  8.28400e+003 -1.06847e+002  3.56995e-001  7.90333e+002
          8285  7.85852e+002  8.28500e+003 -1.06854e+002  3.56804e-001  7.90417e+002
          8286  7.85945e+002  8.28600e+003 -1.06862e+002  3.56630e-001  7.90500e+002
          8287  7.86016e+002  8.28700e+003 -1.06870e+002  3.56467e-001  7.90583e+002
          8288  7.86106e+002  8.28800e+003 -1.06879e+002  3.56303e-001  7.90667e+002
          8289  7.86186e+002  8.28900e+003 -1.06887e+002  3.56101e-001  7.90750e+002
          8290  7.86261e+002  8.29000e+003 -1.06895e+002  3.55905e-001  7.90833e+002
          8291  7.86342e+002  8.29100e+003 -1.06904e+002  3.55719e-001  7.90917e+002
          8292  7.86436e+002  8.29200e+003 -1.06913e+002  3.55451e-001  7.91000e+002
          8293  7.86513e+002  8.29300e+003 -1.06922e+002  3.55198e-001  7.91083e+002
          8294  7.86598e+002  8.29400e+003 -1.06929e+002  3.54965e-001  7.91167e+002
          8295  7.86678e+002  8.29500e+003 -1.06936e+002  3.54747e-001  7.91250e+002
          8296  7.86762e+002  8.29600e+003 -1.06944e+002  3.54510e-001  7.91333e+002
          8297  7.86843e+002  8.29700e+003 -1.06951e+002  3.54309e-001  7.91417e+002
          8298  7.86927e+002  8.29800e+003 -1.06958e+002  3.54082e-001  7.91500e+002
          8299  7.87010e+002  8.29900e+003 -1.06965e+002  3.53861e-001  7.91583e+002
          8300  7.87099e+002  8.30000e+003 -1.06972e+002  3.53737e-001  7.91667e+002
          8301  7.87171e+002  8.30100e+003 -1.06981e+002  3.53585e-001  7.91750e+002
          8302  7.87261e+002  8.30200e+003 -1.06988e+002  3.53445e-001  7.91833e+002
          8303  7.87338e+002  8.30300e+003 -1.06996e+002  3.53318e-001  7.91917e+002
          8304  7.87423e+002  8.30400e+003 -1.06999e+002  3.53122e-001  7.92000e+002
          8305  7.87504e+002  8.30500e+003 -1.07003e+002  3.52932e-001  7.92083e+002
          8306  7.87580e+002  8.30600e+003 -1.07009e+002  3.52756e-001  7.92167e+002
          8307  7.87670e+002  8.30700e+003 -1.07016e+002  3.52591e-001  7.92250e+002
          8308  7.87756e+002  8.30800e+003 -1.07024e+002  3.52400e-001  7.92333e+002
          8309  7.87834e+002  8.30900e+003 -1.07031e+002  3.52236e-001  7.92417e+002
          8310  7.87916e+002  8.31000e+003 -1.07037e+002  3.52039e-001  7.92500e+002
          8311  7.88004e+002  8.31100e+003 -1.07042e+002  3.51843e-001  7.92583e+002
          8312  7.88092e+002  8.31200e+003 -1.07044e+002  3.51715e-001  7.92667e+002
          8313  7.88172e+002  8.31300e+003 -1.07049e+002  3.51571e-001  7.92750e+002
          8314  7.88257e+002  8.31400e+003 -1.07055e+002  3.51437e-001  7.92833e+002
          8315  7.88331e+002  8.31500e+003 -1.07061e+002  3.51316e-001  7.92917e+002
          8316  7.88409e+002  8.31600e+003 -1.07069e+002  3.51118e-001  7.93000e+002
          8317  7.88500e+002  8.31700e+003 -1.07075e+002  3.50930e-001  7.93083e+002
          8318  7.88586e+002  8.31800e+003 -1.07081e+002  3.50755e-001  7.93167e+002
          8319  7.88667e+002  8.31900e+003 -1.07088e+002  3.50591e-001  7.93250e+002
          8320  7.88738e+002  8.32000e+003 -1.07094e+002  3.50399e-001  7.93333e+002
          8321  7.88831e+002  8.32100e+003 -1.07100e+002  3.50236e-001  7.93417e+002
          8322  7.88912e+002  8.32200e+003 -1.07107e+002  3.50039e-001  7.93500e+002
          8323  7.88993e+002  8.32300e+003 -1.07114e+002  3.49843e-001  7.93583e+002
          8324  7.89079e+002  8.32400e+003 -1.07125e+002  3.49715e-001  7.93667e+002
          8325  7.89156e+002  8.32500e+003 -1.07133e+002  3.49571e-001  7.93750e+002
          8326  7.89239e+002  8.32600e+003 -1.07141e+002  3.49410e-001  7.93833e+002
          8327  7.89320e+002  8.32700e+003 -1.07151e+002  3.49205e-001  7.93917e+002
          8328  7.89405e+002  8.32800e+003 -1.07160e+002  3.48995e-001  7.94000e+002
          8329  7.89483e+002  8.32900e+003 -1.07167e+002  3.48804e-001  7.94083e+002
          8330  7.89576e+002  8.33000e+003 -1.07174e+002  3.48630e-001  7.94167e+002
          8331  7.89659e+002  8.33100e+003 -1.07181e+002  3.48467e-001  7.94250e+002
          8332  7.89745e+002  8.33200e+003 -1.07189e+002  3.48330e-001  7.94333e+002
          8333  7.89823e+002  8.33300e+003 -1.07195e+002  3.48191e-001  7.94417e+002
          8334  7.89911e+002  8.33400e+003 -1.07202e+002  3.48011e-001  7.94500e+002
          8335  7.89986e+002  8.33500e+003 -1.07208e+002  3.47830e-001  7.94583e+002
          8336  7.90075e+002  8.33600e+003 -1.07215e+002  3.47701e-001  7.94667e+002
          8337  7.90154e+002  8.33700e+003 -1.07222e+002  3.47561e-001  7.94750e+002
          8338  7.90241e+002  8.33800e+003 -1.07229e+002  3.47432e-001  7.94833e+002
          8339  7.90324e+002  8.33900e+003 -1.07236e+002  3.47314e-001  7.94917e+002
          8340  7.90403e+002  8.34000e+003 -1.07241e+002  3.47115e-001  7.95000e+002
          8341  7.90490e+002  8.34100e+003 -1.07247e+002  3.46928e-001  7.95083e+002
          8342  7.90569e+002  8.34200e+003 -1.07255e+002  3.46754e-001  7.95167e+002
          8343  7.90649e+002  8.34300e+003 -1.07262e+002  3.46590e-001  7.95250e+002
          8344  7.90732e+002  8.34400e+003 -1.07270e+002  3.46371e-001  7.95333e+002
          8345  7.90813e+002  8.34500e+003 -1.07278e+002  3.46145e-001  7.95417e+002
          8346  7.90893e+002  8.34600e+003 -1.07284e+002  3.45933e-001  7.95500e+002
          8347  7.90981e+002  8.34700e+003 -1.07291e+002  3.45732e-001  7.95583e+002
          8348  7.91062e+002  8.34800e+003 -1.07297e+002  3.45577e-001  7.95667e+002
          8349  7.91148e+002  8.34900e+003 -1.07303e+002  3.45430e-001  7.95750e+002
          8350  7.91222e+002  8.35000e+003 -1.07310e+002  3.45276e-001  7.95833e+002
          8351  7.91308e+002  8.35100e+003 -1.07316e+002  3.45081e-001  7.95917e+002
          8352  7.91394e+002  8.35200e+003 -1.07324e+002  3.44924e-001  7.96000e+002
          8353  7.91472e+002  8.35300e+003 -1.07331e+002  3.44757e-001  7.96083e+002
          8354  7.91556e+002  8.35400e+003 -1.07338e+002  3.44600e-001  7.96167e+002
          8355  7.91643e+002  8.35500e+003 -1.07346e+002  3.44453e-001  7.96250e+002
          8356  7.91722e+002  8.35600e+003 -1.07351e+002  3.44288e-001  7.96333e+002
          8357  7.91796e+002  8.35700e+003 -1.07358e+002  3.44091e-001  7.96417e+002
          8358  7.91878e+002  8.35800e+003 -1.07365e+002  3.43899e-001  7.96500e+002
          8359  7.91972e+002  8.35900e+003 -1.07371e+002  3.43717e-001  7.96583e+002
          8360  7.92054e+002  8.36000e+003 -1.07379e+002  3.43560e-001  7.96667e+002
          8361  7.92138e+002  8.36100e+003 -1.07385e+002  3.43419e-001  7.96750e+002
          8362  7.92216e+002  8.36200e+003 -1.07391e+002  3.43270e-001  7.96833e+002
          8363  7.92301e+002  8.36300e+003 -1.07396e+002  3.43080e-001  7.96917e+002
          8364  7.92383e+002  8.36400e+003 -1.07418e+002  3.42921e-001  7.97000e+002
          8365  7.92467e+002  8.36500e+003 -1.07433e+002  3.42755e-001  7.97083e+002
          8366  7.92543e+002  8.36600e+003 -1.07436e+002  3.42599e-001  7.97167e+002
          8367  7.92623e+002  8.36700e+003 -1.07443e+002  3.42453e-001  7.97250e+002
          8368  7.92703e+002  8.36800e+003 -1.07447e+002  3.42287e-001  7.97333e+002
          8369  7.92789e+002  8.36900e+003 -1.07435e+002  3.42090e-001  7.97417e+002
          8370  7.92875e+002  8.37000e+003 -1.07430e+002  3.41899e-001  7.97500e+002
          8371  7.92953e+002  8.37100e+003 -1.07429e+002  3.41717e-001  7.97583e+002
          8372  7.93037e+002  8.37200e+003 -1.07493e+002  3.41560e-001  7.97667e+002
          8373  7.93140e+002  8.37300e+003 -1.07633e+002  3.41391e-001  7.97750e+002
          8374  7.93227e+002  8.37400e+003 -1.07721e+002  3.41180e-001  7.97833e+002
          8375  7.93315e+002  8.37500e+003 -1.07789e+002  3.40969e-001  7.97917e+002
          8376  7.93396e+002  8.37600e+003 -1.07830e+002  3.40790e-001  7.98000e+002
          8377  7.93471e+002  8.37700e+003 -1.07876e+002  3.40621e-001  7.98083e+002
          8378  7.93552e+002  8.37800e+003 -1.07929e+002  3.40440e-001  7.98167e+002
          8379  7.93622e+002  8.37900e+003 -1.07991e+002  3.40219e-001  7.98250e+002
          8380  7.93685e+002  8.38000e+003 -1.08004e+002  3.40011e-001  7.98333e+002
          8381  7.93745e+002  8.38100e+003 -1.08040e+002  3.39814e-001  7.98417e+002
          8382  7.93801e+002  8.38200e+003 -1.08081e+002  3.39635e-001  7.98500e+002
          8383  7.93851e+002  8.38300e+003 -1.08118e+002  3.39469e-001  7.98583e+002
          8384  7.93910e+002  8.38400e+003 -1.08134e+002  3.39222e-001  7.98667e+002
          8385  7.93952e+002  8.38500e+003 -1.08159e+002  3.38998e-001  7.98750e+002
          8386  7.93986e+002  8.38600e+003 -1.08184e+002  3.38796e-001  7.98833e+002
          8387  7.94036e+002  8.38700e+003 -1.08207e+002  3.38608e-001  7.98917e+002
          8388  7.94075e+002  8.38800e+003 -1.08213e+002  3.38392e-001  7.99000e+002
          8389  7.94121e+002  8.38900e+003 -1.08224e+002  3.38159e-001  7.99083e+002
          8390  7.94165e+002  8.39000e+003 -1.08234e+002  3.37940e-001  7.99167e+002
          8391  7.94192e+002  8.39100e+003 -1.08244e+002  3.37734e-001  7.99250e+002
          8392  7.94224e+002  8.39200e+003 -1.08238e+002  3.37580e-001  7.99333e+002
          8393  7.94251e+002  8.39300e+003 -1.08240e+002  3.37405e-001  7.99417e+002
          8394  7.94289e+002  8.39400e+003 -1.08242e+002  3.37187e-001  7.99500e+002
          8395  7.94314e+002  8.39500e+003 -1.08244e+002  3.36970e-001  7.99583e+002
          8396  7.94340e+002  8.39600e+003 -1.08227e+002  3.36794e-001  7.99667e+002
          8397  7.94372e+002  8.39700e+003 -1.08217e+002  3.36623e-001  7.99750e+002
          8398  7.94400e+002  8.39800e+003 -1.08208e+002  3.36441e-001  7.99833e+002
          8399  7.94434e+002  8.39900e+003 -1.08199e+002  3.36219e-001  7.99917e+002
          8400  7.94455e+002  8.40000e+003 -1.08180e+002  3.36011e-001  8.00000e+002
          8401  7.94465e+002  8.40100e+003 -1.08166e+002  3.35815e-001  8.00000e+002
          8402  7.94493e+002  8.40200e+003 -1.08154e+002  3.35635e-001  8.00000e+002
          8403  7.94509e+002  8.40300e+003 -1.08141e+002  3.35469e-001  8.00000e+002
          8404  7.94535e+002  8.40400e+003 -1.08118e+002  3.35222e-001  8.00000e+002
          8405  7.94558e+002  8.40500e+003 -1.08100e+002  3.34998e-001  8.00000e+002
          8406  7.94588e+002  8.40600e+003 -1.08084e+002  3.34796e-001  8.00000e+002
          8407  7.94589e+002  8.40700e+003 -1.08067e+002  3.34608e-001  8.00000e+002
          8408  7.94608e+002  8.40800e+003 -1.08045e+002  3.34392e-001  8.00000e+002
          8409  7.94629e+002  8.40900e+003 -1.08023e+002  3.34159e-001  8.00000e+002
          8410  7.94639e+002  8.41000e+003 -1.08001e+002  3.33940e-001  8.00000e+002
          8411  7.94665e+002  8.41100e+003 -1.07980e+002  3.33734e-001  8.00000e+002
          8412  7.94691e+002  8.41200e+003 -1.07955e+002  3.33580e-001  8.00000e+002
          8413  7.94698e+002  8.41300e+003 -1.07932e+002  3.33432e-001  8.00000e+002
          8414  7.94710e+002  8.41400e+003 -1.07911e+002  3.33277e-001  8.00000e+002
          8415  7.94726e+002  8.41500e+003 -1.07890e+002  3.33082e-001  8.00000e+002
          8416  7.94739e+002  8.41600e+003 -1.07865e+002  3.32924e-001  8.00000e+002
          8417  7.94762e+002  8.41700e+003 -1.07842e+002  3.32757e-001  8.00000e+002
          8418  7.94780e+002  8.41800e+003 -1.07820e+002  3.32600e-001  8.00000e+002
          8419  7.94789e+002  8.41900e+003 -1.07799e+002  3.32453e-001  8.00000e+002
          8420  7.94804e+002  8.42000e+003 -1.07775e+002  3.32205e-001  8.00000e+002
          8421  7.94816e+002  8.42100e+003 -1.07752e+002  3.31987e-001  8.00000e+002
          8422  7.94828e+002  8.42200e+003 -1.07730e+002  3.31790e-001  8.00000e+002
          8423  7.94846e+002  8.42300e+003 -1.07709e+002  3.31606e-001  8.00000e+002
          8424  7.94851e+002  8.42400e+003 -1.07690e+002  3.31417e-001  8.00000e+002
          8425  7.94864e+002  8.42500e+003 -1.07670e+002  3.31248e-001  8.00000e+002
          8426  7.94879e+002  8.42600e+003 -1.07651e+002  3.31045e-001  8.00000e+002
          8427  7.94887e+002  8.42700e+003 -1.07630e+002  3.30845e-001  8.00000e+002
          8428  7.94901e+002  8.42800e+003 -1.07611e+002  3.30718e-001  8.00000e+002
          8429  7.94912e+002  8.42900e+003 -1.07591e+002  3.30573e-001  8.00000e+002
          8430  7.94921e+002  8.43000e+003 -1.07570e+002  3.30411e-001  8.00000e+002
          8431  7.94930e+002  8.43100e+003 -1.07551e+002  3.30205e-001  8.00000e+002
          8432  7.94938e+002  8.43200e+003 -1.07534e+002  3.29996e-001  8.00000e+002
          8433  7.94949e+002  8.43300e+003 -1.07516e+002  3.29804e-001  8.00000e+002
          8434  7.94958e+002  8.43400e+003 -1.07497e+002  3.29630e-001  8.00000e+002
          8435  7.94972e+002  8.43500e+003 -1.07478e+002  3.29467e-001  8.00000e+002
          8436  7.94977e+002  8.43600e+003 -1.07457e+002  3.29303e-001  8.00000e+002
          8437  7.94984e+002  8.43700e+003 -1.07436e+002  3.29101e-001  8.00000e+002
          8438  7.94991e+002  8.43800e+003 -1.07416e+002  3.28905e-001  8.00000e+002
          8439  7.94999e+002  8.43900e+003 -1.07396e+002  3.28719e-001  8.00000e+002
          8440  7.95007e+002  8.44000e+003 -1.07380e+002  3.28562e-001  8.00000e+002
          8441  7.95020e+002  8.44100e+003 -1.07362e+002  3.28420e-001  8.00000e+002
          8442  7.95024e+002  8.44200e+003 -1.07346e+002  3.28271e-001  8.00000e+002
          8443  7.95031e+002  8.44300e+003 -1.07330e+002  3.28080e-001  8.00000e+002
          8444  7.95037e+002  8.44400e+003 -1.07313e+002  3.27921e-001  8.00000e+002
          8445  7.95045e+002  8.44500e+003 -1.07296e+002  3.27755e-001  8.00000e+002
          8446  7.95051e+002  8.44600e+003 -1.07281e+002  3.27599e-001  8.00000e+002
          8447  7.95064e+002  8.44700e+003 -1.07266e+002  3.27453e-001  8.00000e+002
          8448  7.95065e+002  8.44800e+003 -1.07255e+002  3.27287e-001  8.00000e+002
          8449  7.95076e+002  8.44900e+003 -1.07241e+002  3.27090e-001  8.00000e+002
          8450  7.95078e+002  8.45000e+003 -1.07228e+002  3.26899e-001  8.00000e+002
          8451  7.95086e+002  8.45100e+003 -1.07215e+002  3.26717e-001  8.00000e+002
          8452  7.95096e+002  8.45200e+003 -1.07203e+002  3.26560e-001  8.00000e+002
          8453  7.95093e+002  8.45300e+003 -1.07190e+002  3.26419e-001  8.00000e+002
          8454  7.95099e+002  8.45400e+003 -1.07176e+002  3.26270e-001  8.00000e+002
          8455  7.95111e+002  8.45500e+003 -1.07162e+002  3.26080e-001  8.00000e+002
          8456  7.95115e+002  8.45600e+003 -1.07149e+002  3.25921e-001  8.00000e+002
          8457  7.95119e+002  8.45700e+003 -1.07137e+002  3.25755e-001  8.00000e+002
          8458  7.95121e+002  8.45800e+003 -1.07126e+002  3.25599e-001  8.00000e+002
          8459  7.95127e+002  8.45900e+003 -1.07116e+002  3.25453e-001  8.00000e+002
          8460  7.95131e+002  8.46000e+003 -1.07108e+002  3.25287e-001  8.00000e+002
          8461  7.95140e+002  8.46100e+003 -1.07098e+002  3.25090e-001  8.00000e+002
          8462  7.95140e+002  8.46200e+003 -1.07088e+002  3.24899e-001  8.00000e+002
          8463  7.95147e+002  8.46300e+003 -1.07078e+002  3.24717e-001  8.00000e+002
          8464  7.95152e+002  8.46400e+003 -1.07070e+002  3.24560e-001  8.00000e+002
          8465  7.95159e+002  8.46500e+003 -1.07060e+002  3.24391e-001  8.00000e+002
          8466  7.95163e+002  8.46600e+003 -1.07052e+002  3.24180e-001  8.00000e+002
          8467  7.95165e+002  8.46700e+003 -1.07042e+002  3.23969e-001  8.00000e+002
          8468  7.95169e+002  8.46800e+003 -1.07037e+002  3.23790e-001  8.00000e+002
          8469  7.95180e+002  8.46900e+003 -1.07030e+002  3.23621e-001  8.00000e+002
          8470  7.95181e+002  8.47000e+003 -1.07023e+002  3.23468e-001  8.00000e+002
          8471  7.95183e+002  8.47100e+003 -1.07014e+002  3.23330e-001  8.00000e+002
          8472  7.95182e+002  8.47200e+003 -1.07004e+002  3.23133e-001  8.00000e+002
          8473  7.95196e+002  8.47300e+003 -1.06996e+002  3.22940e-001  8.00000e+002
          8474  7.95199e+002  8.47400e+003 -1.06989e+002  3.22761e-001  8.00000e+002
          8475  7.95196e+002  8.47500e+003 -1.06982e+002  3.22592e-001  8.00000e+002
          8476  7.95201e+002  8.47600e+003 -1.06979e+002  3.22402e-001  8.00000e+002
          8477  7.95203e+002  8.47700e+003 -1.06974e+002  3.22238e-001  8.00000e+002
          8478  7.95202e+002  8.47800e+003 -1.06967e+002  3.22040e-001  8.00000e+002
          8479  7.95207e+002  8.47900e+003 -1.06961e+002  3.21844e-001  8.00000e+002
          8480  7.95214e+002  8.48000e+003 -1.06954e+002  3.21716e-001  8.00000e+002
          8481  7.95215e+002  8.48100e+003 -1.06947e+002  3.21571e-001  8.00000e+002
          8482  7.95220e+002  8.48200e+003 -1.06939e+002  3.21438e-001  8.00000e+002
          8483  7.95224e+002  8.48300e+003 -1.06932e+002  3.21316e-001  8.00000e+002
          8484  7.95228e+002  8.48400e+003 -1.06926e+002  3.21118e-001  8.00000e+002
          8485  7.95227e+002  8.48500e+003 -1.06921e+002  3.20930e-001  8.00000e+002
          8486  7.95230e+002  8.48600e+003 -1.06916e+002  3.20755e-001  8.00000e+002
          8487  7.95227e+002  8.48700e+003 -1.06911e+002  3.20591e-001  8.00000e+002
          8488  7.95231e+002  8.48800e+003 -1.06905e+002  3.20399e-001  8.00000e+002
          8489  7.95241e+002  8.48900e+003 -1.06901e+002  3.20236e-001  8.00000e+002
          8490  7.95239e+002  8.49000e+003 -1.06897e+002  3.20039e-001  8.00000e+002
          8491  7.95236e+002  8.49100e+003 -1.06894e+002  3.19843e-001  8.00000e+002
          8492  7.95242e+002  8.49200e+003 -1.06895e+002  3.19715e-001  8.00000e+002
          8493  7.95246e+002  8.49300e+003 -1.06895e+002  3.19571e-001  8.00000e+002
          8494  7.95253e+002  8.49400e+003 -1.06894e+002  3.19437e-001  8.00000e+002
          8495  7.95258e+002  8.49500e+003 -1.06893e+002  3.19316e-001  8.00000e+002
          8496  7.95254e+002  8.49600e+003 -1.06896e+002  3.19118e-001  8.00000e+002
          8497  7.95245e+002  8.49700e+003 -1.06893e+002  3.18930e-001  8.00000e+002
          8498  7.95255e+002  8.49800e+003 -1.06891e+002  3.18755e-001  8.00000e+002
          8499  7.95257e+002  8.49900e+003 -1.06890e+002  3.18591e-001  8.00000e+002
          8500  7.95253e+002  8.50000e+003 -1.06888e+002  3.18399e-001  8.00000e+002
          8501  7.95256e+002  8.50100e+003 -1.06886e+002  3.18236e-001  8.00000e+002
          8502  7.95270e+002  8.50200e+003 -1.06884e+002  3.18039e-001  8.00000e+002
          8503  7.95260e+002  8.50300e+003 -1.06881e+002  3.17843e-001  8.00000e+002
          8504  7.95263e+002  8.50400e+003 -1.06877e+002  3.17715e-001  8.00000e+002
          8505  7.95267e+002  8.50500e+003 -1.06874e+002  3.17571e-001  8.00000e+002
          8506  7.95272e+002  8.50600e+003 -1.06871e+002  3.17437e-001  8.00000e+002
          8507  7.95275e+002  8.50700e+003 -1.06867e+002  3.17316e-001  8.00000e+002
          8508  7.95276e+002  8.50800e+003 -1.06864e+002  3.17118e-001  8.00000e+002
          8509  7.95280e+002  8.50900e+003 -1.06862e+002  3.16930e-001  8.00000e+002
          8510  7.95288e+002  8.51000e+003 -1.06861e+002  3.16755e-001  8.00000e+002
          8511  7.95280e+002  8.51100e+003 -1.06859e+002  3.16591e-001  8.00000e+002
          8512  7.95280e+002  8.51200e+003 -1.06855e+002  3.16399e-001  8.00000e+002
          8513  7.95279e+002  8.51300e+003 -1.06853e+002  3.16264e-001  8.00000e+002
          8514  7.95286e+002  8.51400e+003 -1.06851e+002  3.16129e-001  8.00000e+002
          8515  7.95288e+002  8.51500e+003 -1.06848e+002  3.15955e-001  8.00000e+002
          8516  7.95288e+002  8.51600e+003 -1.06846e+002  3.15845e-001  8.00000e+002
          8517  7.95298e+002  8.51700e+003 -1.06845e+002  3.15705e-001  8.00000e+002
          8518  7.95298e+002  8.51800e+003 -1.06846e+002  3.15569e-001  8.00000e+002
          8519  7.95300e+002  8.51900e+003 -1.06846e+002  3.15439e-001  8.00000e+002
          8520  7.95299e+002  8.52000e+003 -1.06846e+002  3.15272e-001  8.00000e+002
          8521  7.95305e+002  8.52100e+003 -1.06847e+002  3.15080e-001  8.00000e+002
          8522  7.95304e+002  8.52200e+003 -1.06847e+002  3.14894e-001  8.00000e+002
          8523  7.95303e+002  8.52300e+003 -1.06848e+002  3.14716e-001  8.00000e+002
          8524  7.95314e+002  8.52400e+003 -1.06850e+002  3.14557e-001  8.00000e+002
          8525  7.95314e+002  8.52500e+003 -1.06851e+002  3.14417e-001  8.00000e+002
          8526  7.95309e+002  8.52600e+003 -1.06851e+002  3.14269e-001  8.00000e+002
          8527  7.95312e+002  8.52700e+003 -1.06851e+002  3.14079e-001  8.00000e+002
          8528  7.95314e+002  8.52800e+003 -1.06853e+002  3.13920e-001  8.00000e+002
          8529  7.95317e+002  8.52900e+003 -1.06853e+002  3.13754e-001  8.00000e+002
          8530  7.95314e+002  8.53000e+003 -1.06853e+002  3.13599e-001  8.00000e+002
          8531  7.95318e+002  8.53100e+003 -1.06853e+002  3.13453e-001  8.00000e+002
          8532  7.95326e+002  8.53200e+003 -1.06855e+002  3.13315e-001  8.00000e+002
          8533  7.95320e+002  8.53300e+003 -1.06858e+002  3.13181e-001  8.00000e+002
          8534  7.95324e+002  8.53400e+003 -1.06861e+002  3.13005e-001  8.00000e+002
          8535  7.95322e+002  8.53500e+003 -1.06864e+002  3.12828e-001  8.00000e+002
          8536  7.95319e+002  8.53600e+003 -1.06866e+002  3.12698e-001  8.00000e+002
          8537  7.95322e+002  8.53700e+003 -1.06868e+002  3.12559e-001  8.00000e+002
          8538  7.95331e+002  8.53800e+003 -1.06870e+002  3.12431e-001  8.00000e+002
          8539  7.95329e+002  8.53900e+003 -1.06872e+002  3.12314e-001  8.00000e+002
          8540  7.95328e+002  8.54000e+003 -1.06880e+002  3.12198e-001  8.00000e+002
          8541  7.95330e+002  8.54100e+003 -1.06884e+002  3.12032e-001  8.00000e+002
          8542  7.95328e+002  8.54200e+003 -1.06886e+002  3.11864e-001  8.00000e+002
          8543  7.95326e+002  8.54300e+003 -1.06887e+002  3.11702e-001  8.00000e+002
          8544  7.95329e+002  8.54400e+003 -1.06887e+002  3.11542e-001  8.00000e+002
          8545  7.95334e+002  8.54500e+003 -1.06890e+002  3.11406e-001  8.00000e+002
          8546  7.95335e+002  8.54600e+003 -1.06893e+002  3.11264e-001  8.00000e+002
          8547  7.95334e+002  8.54700e+003 -1.06897e+002  3.11078e-001  8.00000e+002
          8548  7.95334e+002  8.54800e+003 -1.06900e+002  3.10917e-001  8.00000e+002
          8549  7.95331e+002  8.54900e+003 -1.06903e+002  3.10753e-001  8.00000e+002
          8550  7.95332e+002  8.55000e+003 -1.06907e+002  3.10598e-001  8.00000e+002
          8551  7.95338e+002  8.55100e+003 -1.06912e+002  3.10453e-001  8.00000e+002
          8552  7.95335e+002  8.55200e+003 -1.06917e+002  3.10315e-001  8.00000e+002
          8553  7.95341e+002  8.55300e+003 -1.06922e+002  3.10180e-001  8.00000e+002
          8554  7.95335e+002  8.55400e+003 -1.06927e+002  3.10005e-001  8.00000e+002
          8555  7.95345e+002  8.55500e+003 -1.06932e+002  3.09828e-001  8.00000e+002
          8556  7.95341e+002  8.55600e+003 -1.06936e+002  3.09698e-001  8.00000e+002
          8557  7.95343e+002  8.55700e+003 -1.06939e+002  3.09559e-001  8.00000e+002
          8558  7.95346e+002  8.55800e+003 -1.06943e+002  3.09431e-001  8.00000e+002
          8559  7.95337e+002  8.55900e+003 -1.06947e+002  3.09314e-001  8.00000e+002
          8560  7.95347e+002  8.56000e+003 -1.06951e+002  3.09115e-001  8.00000e+002
          8561  7.95342e+002  8.56100e+003 -1.06954e+002  3.08927e-001  8.00000e+002
          8562  7.95344e+002  8.56200e+003 -1.06957e+002  3.08754e-001  8.00000e+002
          8563  7.95349e+002  8.56300e+003 -1.06960e+002  3.08590e-001  8.00000e+002
          8564  7.95354e+002  8.56400e+003 -1.06959e+002  3.08399e-001  8.00000e+002
          8565  7.95351e+002  8.56500e+003 -1.06961e+002  3.08263e-001  8.00000e+002
          8566  7.95347e+002  8.56600e+003 -1.06964e+002  3.08129e-001  8.00000e+002
          8567  7.95346e+002  8.56700e+003 -1.06966e+002  3.07954e-001  8.00000e+002
          8568  7.95351e+002  8.56800e+003 -1.06969e+002  3.07845e-001  8.00000e+002
          8569  7.95342e+002  8.56900e+003 -1.06972e+002  3.07705e-001  8.00000e+002
          8570  7.95355e+002  8.57000e+003 -1.06975e+002  3.07569e-001  8.00000e+002
          8571  7.95352e+002  8.57100e+003 -1.06978e+002  3.07439e-001  8.00000e+002
          8572  7.95349e+002  8.57200e+003 -1.06981e+002  3.07300e-001  8.00000e+002
          8573  7.95350e+002  8.57300e+003 -1.06983e+002  3.07170e-001  8.00000e+002
          8574  7.95346e+002  8.57400e+003 -1.06985e+002  3.07000e-001  8.00000e+002
          8575  7.95353e+002  8.57500e+003 -1.06987e+002  3.06827e-001  8.00000e+002
          8576  7.95354e+002  8.57600e+003 -1.06991e+002  3.06695e-001  8.00000e+002
          8577  7.95355e+002  8.57700e+003 -1.06994e+002  3.06558e-001  8.00000e+002
          8578  7.95353e+002  8.57800e+003 -1.06998e+002  3.06431e-001  8.00000e+002
          8579  7.95357e+002  8.57900e+003 -1.07003e+002  3.06314e-001  8.00000e+002
          8580  7.95352e+002  8.58000e+003 -1.07009e+002  3.06198e-001  8.00000e+002
          8581  7.95355e+002  8.58100e+003 -1.07014e+002  3.06031e-001  8.00000e+002
          8582  7.95357e+002  8.58200e+003 -1.07017e+002  3.05863e-001  8.00000e+002
          8583  7.95360e+002  8.58300e+003 -1.07021e+002  3.05702e-001  8.00000e+002
          8584  7.95350e+002  8.58400e+003 -1.07027e+002  3.05542e-001  8.00000e+002
          8585  7.95354e+002  8.58500e+003 -1.07032e+002  3.05406e-001  8.00000e+002
          8586  7.95351e+002  8.58600e+003 -1.07037e+002  3.05264e-001  8.00000e+002
          8587  7.95355e+002  8.58700e+003 -1.07042e+002  3.05078e-001  8.00000e+002
          8588  7.95357e+002  8.58800e+003 -1.07045e+002  3.04917e-001  8.00000e+002
          8589  7.95359e+002  8.58900e+003 -1.07048e+002  3.04753e-001  8.00000e+002
          8590  7.95354e+002  8.59000e+003 -1.07049e+002  3.04598e-001  8.00000e+002
          8591  7.95362e+002  8.59100e+003 -1.07052e+002  3.04453e-001  8.00000e+002
          8592  7.95358e+002  8.59200e+003 -1.07052e+002  3.04315e-001  8.00000e+002
          8593  7.95356e+002  8.59300e+003 -1.07055e+002  3.04208e-001  8.00000e+002
          8594  7.95351e+002  8.59400e+003 -1.07058e+002  3.04095e-001  8.00000e+002
          8595  7.95353e+002  8.59500e+003 -1.07061e+002  3.03939e-001  8.00000e+002
          8596  7.95351e+002  8.59600e+003 -1.07063e+002  3.03828e-001  8.00000e+002
          8597  7.95358e+002  8.59700e+003 -1.07067e+002  3.03694e-001  8.00000e+002
          8598  7.95354e+002  8.59800e+003 -1.07071e+002  3.03563e-001  8.00000e+002
          8599  7.95365e+002  8.59900e+003 -1.07075e+002  3.03438e-001  8.00000e+002
          8600  7.95356e+002  8.60000e+003 -1.07080e+002  3.03297e-001  8.00000e+002
          8601  7.95360e+002  8.60100e+003 -1.07084e+002  3.03168e-001  8.00000e+002
          8602  7.95355e+002  8.60200e+003 -1.07088e+002  3.02999e-001  8.00000e+002
          8603  7.95358e+002  8.60300e+003 -1.07092e+002  3.02826e-001  8.00000e+002
          8604  7.95365e+002  8.60400e+003 -1.07097e+002  3.02695e-001  8.00000e+002
          8605  7.95364e+002  8.60500e+003 -1.07101e+002  3.02557e-001  8.00000e+002
          8606  7.95363e+002  8.60600e+003 -1.07106e+002  3.02430e-001  8.00000e+002
          8607  7.95364e+002  8.60700e+003 -1.07111e+002  3.02314e-001  8.00000e+002
          8608  7.95368e+002  8.60800e+003 -1.07116e+002  3.02198e-001  8.00000e+002
          8609  7.95364e+002  8.60900e+003 -1.07121e+002  3.02031e-001  8.00000e+002
          8610  7.95366e+002  8.61000e+003 -1.07126e+002  3.01863e-001  8.00000e+002
          8611  7.95359e+002  8.61100e+003 -1.07131e+002  3.01702e-001  8.00000e+002
          8612  7.95359e+002  8.61200e+003 -1.07138e+002  3.01542e-001  8.00000e+002
          8613  7.95363e+002  8.61300e+003 -1.07143e+002  3.01406e-001  8.00000e+002
          8614  7.95371e+002  8.61400e+003 -1.07147e+002  3.01291e-001  8.00000e+002
          8615  7.95364e+002  8.61500e+003 -1.07153e+002  3.01189e-001  8.00000e+002
          8616  7.95367e+002  8.61600e+003 -1.07160e+002  3.01040e-001  8.00000e+002
          8617  7.95366e+002  8.61700e+003 -1.07166e+002  3.00878e-001  8.00000e+002
          8618  7.95369e+002  8.61800e+003 -1.07170e+002  3.00724e-001  8.00000e+002
          8619  7.95365e+002  8.61900e+003 -1.07173e+002  3.00577e-001  8.00000e+002
          8620  7.95369e+002  8.62000e+003 -1.07177e+002  3.00383e-001  8.00000e+002
          8621  7.95373e+002  8.62100e+003 -1.07181e+002  3.00253e-001  8.00000e+002
          8622  7.95376e+002  8.62200e+003 -1.07184e+002  3.00152e-001  8.00000e+002
          8623  7.95368e+002  8.62300e+003 -1.07187e+002  3.00064e-001  8.00000e+002
          8624  7.95365e+002  8.62400e+003 -1.07192e+002  2.99965e-001  8.00000e+002
          8625  7.95364e+002  8.62500e+003 -1.07196e+002  2.99829e-001  8.00000e+002
          8626  7.95367e+002  8.62600e+003 -1.07200e+002  2.99693e-001  8.00000e+002
          8627  7.95367e+002  8.62700e+003 -1.07202e+002  2.99563e-001  8.00000e+002
          8628  7.95368e+002  8.62800e+003 -1.07202e+002  2.99368e-001  8.00000e+002
          8629  7.95373e+002  8.62900e+003 -1.07203e+002  2.99243e-001  8.00000e+002
          8630  7.95371e+002  8.63000e+003 -1.07206e+002  2.99118e-001  8.00000e+002
          8631  7.95366e+002  8.63100e+003 -1.07210e+002  2.98951e-001  8.00000e+002
          8632  7.95378e+002  8.63200e+003 -1.07215e+002  2.98840e-001  8.00000e+002
          8633  7.95364e+002  8.63300e+003 -1.07218e+002  2.98701e-001  8.00000e+002
          8634  7.95368e+002  8.63400e+003 -1.07221e+002  2.98567e-001  8.00000e+002
          8635  7.95367e+002  8.63500e+003 -1.07224e+002  2.98439e-001  8.00000e+002
          8636  7.95374e+002  8.63600e+003 -1.07225e+002  2.98299e-001  8.00000e+002
          8637  7.95371e+002  8.63700e+003 -1.07229e+002  2.98197e-001  8.00000e+002
          8638  7.95371e+002  8.63800e+003 -1.07233e+002  2.98090e-001  8.00000e+002
          8639  7.95370e+002  8.63900e+003 -1.07237e+002  2.97938e-001  8.00000e+002
          8640  7.95371e+002  8.64000e+003 -1.07242e+002  2.97825e-001  8.00000e+002
          8641  7.95371e+002  8.64100e+003 -1.07248e+002  2.97692e-001  8.00000e+002
          8642  7.95371e+002  8.64200e+003 -1.07253e+002  2.97562e-001  8.00000e+002
          8643  7.95375e+002  8.64300e+003 -1.07258e+002  2.97438e-001  8.00000e+002
          8644  7.95369e+002  8.64400e+003 -1.07260e+002  2.97296e-001  8.00000e+002
          8645  7.95373e+002  8.64500e+003 -1.07263e+002  2.97168e-001  8.00000e+002
          8646  7.95368e+002  8.64600e+003 -1.07266e+002  2.96999e-001  8.00000e+002
          8647  7.95373e+002  8.64700e+003 -1.07271e+002  2.96826e-001  8.00000e+002
          8648  7.95374e+002  8.64800e+003 -1.07277e+002  2.96695e-001  8.00000e+002
          8649  7.95375e+002  8.64900e+003 -1.07282e+002  2.96557e-001  8.00000e+002
          8650  7.95374e+002  8.65000e+003 -1.07286e+002  2.96430e-001  8.00000e+002
          8651  7.95371e+002  8.65100e+003 -1.07289e+002  2.96314e-001  8.00000e+002
          8652  7.95375e+002  8.65200e+003 -1.07291e+002  2.96226e-001  8.00000e+002
          8653  7.95379e+002  8.65300e+003 -1.07296e+002  2.96122e-001  8.00000e+002
          8654  7.95377e+002  8.65400e+003 -1.07301e+002  2.95969e-001  8.00000e+002
          8655  7.95372e+002  8.65500e+003 -1.07306e+002  2.95813e-001  8.00000e+002
          8656  7.95380e+002  8.65600e+003 -1.07312e+002  2.95680e-001  8.00000e+002
          8657  7.95373e+002  8.65700e+003 -1.07315e+002  2.95547e-001  8.00000e+002
          8658  7.95376e+002  8.65800e+003 -1.07319e+002  2.95425e-001  8.00000e+002
          8659  7.95375e+002  8.65900e+003 -1.07323e+002  2.95313e-001  8.00000e+002
          8660  7.95374e+002  8.66000e+003 -1.07325e+002  2.95195e-001  8.00000e+002
          8661  7.95383e+002  8.66100e+003 -1.07328e+002  2.95030e-001  8.00000e+002
          8662  7.95375e+002  8.66200e+003 -1.07331e+002  2.94863e-001  8.00000e+002
          8663  7.95382e+002  8.66300e+003 -1.07334e+002  2.94701e-001  8.00000e+002
          8664  7.95377e+002  8.66400e+003 -1.07337e+002  2.94541e-001  8.00000e+002
          8665  7.95385e+002  8.66500e+003 -1.07339e+002  2.94406e-001  8.00000e+002
          8666  7.95382e+002  8.66600e+003 -1.07341e+002  2.94291e-001  8.00000e+002
          8667  7.95381e+002  8.66700e+003 -1.07343e+002  2.94189e-001  8.00000e+002
          8668  7.95381e+002  8.66800e+003 -1.07348e+002  2.94123e-001  8.00000e+002
          8669  7.95381e+002  8.66900e+003 -1.07351e+002  2.93982e-001  8.00000e+002
          8670  7.95386e+002  8.67000e+003 -1.07353e+002  2.93833e-001  8.00000e+002
          8671  7.95383e+002  8.67100e+003 -1.07355e+002  2.93688e-001  8.00000e+002
          8672  7.95378e+002  8.67200e+003 -1.07357e+002  2.93526e-001  8.00000e+002
          8673  7.95390e+002  8.67300e+003 -1.07359e+002  2.93396e-001  8.00000e+002
          8674  7.95384e+002  8.67400e+003 -1.07362e+002  2.93286e-001  8.00000e+002
          8675  7.95382e+002  8.67500e+003 -1.07366e+002  2.93188e-001  8.00000e+002
          8676  7.95383e+002  8.67600e+003 -1.07373e+002  2.93038e-001  8.00000e+002
          8677  7.95385e+002  8.67700e+003 -1.07378e+002  2.92876e-001  8.00000e+002
          8678  7.95392e+002  8.67800e+003 -1.07381e+002  2.92723e-001  8.00000e+002
          8679  7.95386e+002  8.67900e+003 -1.07384e+002  2.92576e-001  8.00000e+002
          8680  7.95380e+002  8.68000e+003 -1.07389e+002  2.92383e-001  8.00000e+002
          8681  7.95383e+002  8.68100e+003 -1.07392e+002  2.92253e-001  8.00000e+002
          8682  7.95385e+002  8.68200e+003 -1.07395e+002  2.92151e-001  8.00000e+002
          8683  7.95384e+002  8.68300e+003 -1.07399e+002  2.92064e-001  8.00000e+002
          8684  7.95379e+002  8.68400e+003 -1.07405e+002  2.91965e-001  8.00000e+002
          8685  7.95387e+002  8.68500e+003 -1.07409e+002  2.91829e-001  8.00000e+002
          8686  7.95389e+002  8.68600e+003 -1.07412e+002  2.91693e-001  8.00000e+002
          8687  7.95390e+002  8.68700e+003 -1.07415e+002  2.91563e-001  8.00000e+002
          8688  7.95388e+002  8.68800e+003 -1.07416e+002  2.91368e-001  8.00000e+002
          8689  7.95382e+002  8.68900e+003 -1.07419e+002  2.91243e-001  8.00000e+002
          8690  7.95382e+002  8.69000e+003 -1.07424e+002  2.91146e-001  8.00000e+002
          8691  7.95385e+002  8.69100e+003 -1.07428e+002  2.91063e-001  8.00000e+002
          8692  7.95389e+002  8.69200e+003 -1.07435e+002  2.90963e-001  8.00000e+002
          8693  7.95389e+002  8.69300e+003 -1.07439e+002  2.90827e-001  8.00000e+002
          8694  7.95385e+002  8.69400e+003 -1.07443e+002  2.90692e-001  8.00000e+002
          8695  7.95385e+002  8.69500e+003 -1.07446e+002  2.90563e-001  8.00000e+002
          8696  7.95381e+002  8.69600e+003 -1.07449e+002  2.90368e-001  8.00000e+002
          8697  7.95383e+002  8.69700e+003 -1.07453e+002  2.90242e-001  8.00000e+002
          8698  7.95388e+002  8.69800e+003 -1.07456e+002  2.90146e-001  8.00000e+002
          8699  7.95386e+002  8.69900e+003 -1.07460e+002  2.90062e-001  8.00000e+002
          8700  7.95382e+002  8.70000e+003 -1.07465e+002  2.89963e-001  8.00000e+002
          8701  7.95380e+002  8.70100e+003 -1.07470e+002  2.89827e-001  8.00000e+002
          8702  7.95385e+002  8.70200e+003 -1.07473e+002  2.89692e-001  8.00000e+002
          8703  7.95388e+002  8.70300e+003 -1.07475e+002  2.89562e-001  8.00000e+002
          8704  7.95388e+002  8.70400e+003 -1.07477e+002  2.89368e-001  8.00000e+002
          8705  7.95390e+002  8.70500e+003 -1.07478e+002  2.89242e-001  8.00000e+002
          8706  7.95388e+002  8.70600e+003 -1.07480e+002  2.89118e-001  8.00000e+002
          8707  7.95386e+002  8.70700e+003 -1.07483e+002  2.88951e-001  8.00000e+002
          8708  7.95386e+002  8.70800e+003 -1.07487e+002  2.88840e-001  8.00000e+002
          8709  7.95383e+002  8.70900e+003 -1.07491e+002  2.88701e-001  8.00000e+002
          8710  7.95385e+002  8.71000e+003 -1.07495e+002  2.88567e-001  8.00000e+002
          8711  7.95391e+002  8.71100e+003 -1.07498e+002  2.88439e-001  8.00000e+002
          8712  7.95384e+002  8.71200e+003 -1.07501e+002  2.88299e-001  8.00000e+002
          8713  7.95384e+002  8.71300e+003 -1.07505e+002  2.88197e-001  8.00000e+002
          8714  7.95385e+002  8.71400e+003 -1.07509e+002  2.88117e-001  8.00000e+002
          8715  7.95387e+002  8.71500e+003 -1.07514e+002  2.88049e-001  8.00000e+002
          8716  7.95391e+002  8.71600e+003 -1.07521e+002  2.87948e-001  8.00000e+002
          8717  7.95385e+002  8.71700e+003 -1.07526e+002  2.87817e-001  8.00000e+002
          8718  7.95393e+002  8.71800e+003 -1.07530e+002  2.87687e-001  8.00000e+002
          8719  7.95391e+002  8.71900e+003 -1.07534e+002  2.87561e-001  8.00000e+002
          8720  7.95389e+002  8.72000e+003 -1.07537e+002  2.87365e-001  8.00000e+002
          8721  7.95385e+002  8.72100e+003 -1.07539e+002  2.87241e-001  8.00000e+002
          8722  7.95387e+002  8.72200e+003 -1.07540e+002  2.87145e-001  8.00000e+002
          8723  7.95389e+002  8.72300e+003 -1.07543e+002  2.87062e-001  8.00000e+002
          8724  7.95391e+002  8.72400e+003 -1.07545e+002  2.86962e-001  8.00000e+002
          8725  7.95385e+002  8.72500e+003 -1.07546e+002  2.86827e-001  8.00000e+002
          8726  7.95389e+002  8.72600e+003 -1.07548e+002  2.86692e-001  8.00000e+002
          8727  7.95392e+002  8.72700e+003 -1.07550e+002  2.86562e-001  8.00000e+002
          8728  7.95382e+002  8.72800e+003 -1.07551e+002  2.86368e-001  8.00000e+002
          8729  7.95380e+002  8.72900e+003 -1.07554e+002  2.86242e-001  8.00000e+002
          8730  7.95393e+002  8.73000e+003 -1.07555e+002  2.86146e-001  8.00000e+002
          8731  7.95394e+002  8.73100e+003 -1.07556e+002  2.86063e-001  8.00000e+002
          8732  7.95392e+002  8.73200e+003 -1.07560e+002  2.86046e-001  8.00000e+002
          8733  7.95389e+002  8.73300e+003 -1.07562e+002  2.85931e-001  8.00000e+002
          8734  7.95389e+002  8.73400e+003 -1.07563e+002  2.85802e-001  8.00000e+002
          8735  7.95388e+002  8.73500e+003 -1.07564e+002  2.85674e-001  8.00000e+002
          8736  7.95389e+002  8.73600e+003 -1.07567e+002  2.85510e-001  8.00000e+002
          8737  7.95383e+002  8.73700e+003 -1.07569e+002  2.85386e-001  8.00000e+002
          8738  7.95379e+002  8.73800e+003 -1.07572e+002  2.85280e-001  8.00000e+002
          8739  7.95384e+002  8.73900e+003 -1.07576e+002  2.85186e-001  8.00000e+002
          8740  7.95384e+002  8.74000e+003 -1.07576e+002  2.85118e-001  8.00000e+002
          8741  7.95388e+002  8.74100e+003 -1.07576e+002  2.84979e-001  8.00000e+002
          8742  7.95385e+002  8.74200e+003 -1.07577e+002  2.84831e-001  8.00000e+002
          8743  7.95380e+002  8.74300e+003 -1.07578e+002  2.84687e-001  8.00000e+002
          8744  7.95384e+002  8.74400e+003 -1.07581e+002  2.84525e-001  8.00000e+002
          8745  7.95380e+002  8.74500e+003 -1.07582e+002  2.84396e-001  8.00000e+002
          8746  7.95384e+002  8.74600e+003 -1.07585e+002  2.84286e-001  8.00000e+002
          8747  7.95384e+002  8.74700e+003 -1.07588e+002  2.84187e-001  8.00000e+002
          8748  7.95383e+002  8.74800e+003 -1.07591e+002  2.84121e-001  8.00000e+002
          8749  7.95389e+002  8.74900e+003 -1.07592e+002  2.83980e-001  8.00000e+002
          8750  7.95384e+002  8.75000e+003 -1.07594e+002  2.83832e-001  8.00000e+002
          8751  7.95383e+002  8.75100e+003 -1.07596e+002  2.83688e-001  8.00000e+002
          8752  7.95385e+002  8.75200e+003 -1.07601e+002  2.83526e-001  8.00000e+002
          8753  7.95385e+002  8.75300e+003 -1.07607e+002  2.83396e-001  8.00000e+002
          8754  7.95392e+002  8.75400e+003 -1.07612e+002  2.83286e-001  8.00000e+002
          8755  7.95378e+002  8.75500e+003 -1.07617e+002  2.83188e-001  8.00000e+002
          8756  7.95387e+002  8.75600e+003 -1.07624e+002  2.83121e-001  8.00000e+002
          8757  7.95384e+002  8.75700e+003 -1.07629e+002  2.82981e-001  8.00000e+002
          8758  7.95384e+002  8.75800e+003 -1.07632e+002  2.82832e-001  8.00000e+002
          8759  7.95392e+002  8.75900e+003 -1.07634e+002  2.82687e-001  8.00000e+002
          8760  7.95391e+002  8.76000e+003 -1.07637e+002  2.82526e-001  8.00000e+002
          8761  7.95381e+002  8.76100e+003 -1.07639e+002  2.82396e-001  8.00000e+002
          8762  7.95384e+002  8.76200e+003 -1.07640e+002  2.82286e-001  8.00000e+002
          8763  7.95386e+002  8.76300e+003 -1.07640e+002  2.82187e-001  8.00000e+002
          8764  7.95388e+002  8.76400e+003 -1.07639e+002  2.82121e-001  8.00000e+002
          8765  7.95392e+002  8.76500e+003 -1.07640e+002  2.81981e-001  8.00000e+002
          8766  7.95392e+002  8.76600e+003 -1.07642e+002  2.81832e-001  8.00000e+002
          8767  7.95396e+002  8.76700e+003 -1.07643e+002  2.81687e-001  8.00000e+002
          8768  7.95391e+002  8.76800e+003 -1.07641e+002  2.81526e-001  8.00000e+002
          8769  7.95392e+002  8.76900e+003 -1.07642e+002  2.81396e-001  8.00000e+002
          8770  7.95395e+002  8.77000e+003 -1.07644e+002  2.81286e-001  8.00000e+002
          8771  7.95397e+002  8.77100e+003 -1.07645e+002  2.81188e-001  8.00000e+002
          8772  7.95400e+002  8.77200e+003 -1.07647e+002  2.81149e-001  8.00000e+002
          8773  7.95390e+002  8.77300e+003 -1.07648e+002  2.81071e-001  8.00000e+002
          8774  7.95390e+002  8.77400e+003 -1.07649e+002  2.80938e-001  8.00000e+002
          8775  7.95393e+002  8.77500e+003 -1.07650e+002  2.80799e-001  8.00000e+002
          8776  7.95393e+002  8.77600e+003 -1.07649e+002  2.80664e-001  8.00000e+002
          8777  7.95398e+002  8.77700e+003 -1.07649e+002  2.80537e-001  8.00000e+002
          8778  7.95392e+002  8.77800e+003 -1.07652e+002  2.80420e-001  8.00000e+002
          8779  7.95397e+002  8.77900e+003 -1.07654e+002  2.80311e-001  8.00000e+002
          8780  7.95399e+002  8.78000e+003 -1.07653e+002  2.80220e-001  8.00000e+002
          8781  7.95401e+002  8.78100e+003 -1.07655e+002  2.80146e-001  8.00000e+002
          8782  7.95394e+002  8.78200e+003 -1.07657e+002  2.80058e-001  8.00000e+002
          8783  7.95396e+002  8.78300e+003 -1.07659e+002  2.79923e-001  8.00000e+002
          8784  7.95399e+002  8.78400e+003 -1.07661e+002  2.79809e-001  8.00000e+002
          8785  7.95405e+002  8.78500e+003 -1.07664e+002  2.79681e-001  8.00000e+002
          8786  7.95401e+002  8.78600e+003 -1.07666e+002  2.79556e-001  8.00000e+002
          8787  7.95395e+002  8.78700e+003 -1.07667e+002  2.79436e-001  8.00000e+002
          8788  7.95405e+002  8.78800e+003 -1.07672e+002  2.79293e-001  8.00000e+002
          8789  7.95406e+002  8.78900e+003 -1.07676e+002  2.79194e-001  8.00000e+002
          8790  7.95402e+002  8.79000e+003 -1.07680e+002  2.79088e-001  8.00000e+002
          8791  7.95399e+002  8.79100e+003 -1.07686e+002  2.78937e-001  8.00000e+002
          8792  7.95405e+002  8.79200e+003 -1.07687e+002  2.78824e-001  8.00000e+002
          8793  7.95401e+002  8.79300e+003 -1.07689e+002  2.78691e-001  8.00000e+002
          8794  7.95402e+002  8.79400e+003 -1.07691e+002  2.78561e-001  8.00000e+002
          8795  7.95399e+002  8.79500e+003 -1.07693e+002  2.78437e-001  8.00000e+002
          8796  7.95402e+002  8.79600e+003 -1.07700e+002  2.78296e-001  8.00000e+002
          8797  7.95401e+002  8.79700e+003 -1.07703e+002  2.78196e-001  8.00000e+002
          8798  7.95407e+002  8.79800e+003 -1.07705e+002  2.78117e-001  8.00000e+002
          8799  7.95404e+002  8.79900e+003 -1.07707e+002  2.78049e-001  8.00000e+002
          8800  7.95399e+002  8.80000e+003 -1.07708e+002  2.77948e-001  8.00000e+002
          8801  7.95401e+002  8.80100e+003 -1.07708e+002  2.77817e-001  8.00000e+002
          8802  7.95401e+002  8.80200e+003 -1.07709e+002  2.77687e-001  8.00000e+002
          8803  7.95400e+002  8.80300e+003 -1.07712e+002  2.77561e-001  8.00000e+002
          8804  7.95402e+002  8.80400e+003 -1.07711e+002  2.77365e-001  8.00000e+002
          8805  7.95397e+002  8.80500e+003 -1.07711e+002  2.77241e-001  8.00000e+002
          8806  7.95407e+002  8.80600e+003 -1.07711e+002  2.77145e-001  8.00000e+002
          8807  7.95406e+002  8.80700e+003 -1.07712e+002  2.77062e-001  8.00000e+002
          8808  7.95396e+002  8.80800e+003 -1.07711e+002  2.77073e-001  8.00000e+002
          8809  7.95401e+002  8.80900e+003 -1.07711e+002  2.77021e-001  8.00000e+002
          8810  7.95407e+002  8.81000e+003 -1.07711e+002  2.76907e-001  8.00000e+002
          8811  7.95404e+002  8.81100e+003 -1.07710e+002  2.76785e-001  8.00000e+002
          8812  7.95400e+002  8.81200e+003 -1.07711e+002  2.76649e-001  8.00000e+002
          8813  7.95403e+002  8.81300e+003 -1.07711e+002  2.76527e-001  8.00000e+002
          8814  7.95407e+002  8.81400e+003 -1.07712e+002  2.76414e-001  8.00000e+002
          8815  7.95409e+002  8.81500e+003 -1.07712e+002  2.76309e-001  8.00000e+002
          8816  7.95410e+002  8.81600e+003 -1.07710e+002  2.76218e-001  8.00000e+002
          8817  7.95403e+002  8.81700e+003 -1.07709e+002  2.76116e-001  8.00000e+002
          8818  7.95408e+002  8.81800e+003 -1.07708e+002  2.75967e-001  8.00000e+002
          8819  7.95402e+002  8.81900e+003 -1.07708e+002  2.75812e-001  8.00000e+002
          8820  7.95408e+002  8.82000e+003 -1.07707e+002  2.75679e-001  8.00000e+002
          8821  7.95416e+002  8.82100e+003 -1.07707e+002  2.75547e-001  8.00000e+002
          8822  7.95420e+002  8.82200e+003 -1.07706e+002  2.75425e-001  8.00000e+002
          8823  7.95410e+002  8.82300e+003 -1.07705e+002  2.75312e-001  8.00000e+002
          8824  7.95410e+002  8.82400e+003 -1.07705e+002  2.75223e-001  8.00000e+002
          8825  7.95405e+002  8.82500e+003 -1.07705e+002  2.75147e-001  8.00000e+002
          8826  7.95411e+002  8.82600e+003 -1.07705e+002  2.75059e-001  8.00000e+002
          8827  7.95404e+002  8.82700e+003 -1.07704e+002  2.74924e-001  8.00000e+002
          8828  7.95402e+002  8.82800e+003 -1.07705e+002  2.74810e-001  8.00000e+002
          8829  7.95406e+002  8.82900e+003 -1.07705e+002  2.74681e-001  8.00000e+002
          8830  7.95410e+002  8.83000e+003 -1.07705e+002  2.74556e-001  8.00000e+002
          8831  7.95406e+002  8.83100e+003 -1.07705e+002  2.74436e-001  8.00000e+002
          8832  7.95408e+002  8.83200e+003 -1.07704e+002  2.74293e-001  8.00000e+002
          8833  7.95404e+002  8.83300e+003 -1.07706e+002  2.74194e-001  8.00000e+002
          8834  7.95401e+002  8.83400e+003 -1.07707e+002  2.74116e-001  8.00000e+002
          8835  7.95409e+002  8.83500e+003 -1.07707e+002  2.74048e-001  8.00000e+002
          8836  7.95403e+002  8.83600e+003 -1.07707e+002  2.73947e-001  8.00000e+002
          8837  7.95419e+002  8.83700e+003 -1.07710e+002  2.73817e-001  8.00000e+002
          8838  7.95412e+002  8.83800e+003 -1.07712e+002  2.73687e-001  8.00000e+002
          8839  7.95406e+002  8.83900e+003 -1.07715e+002  2.73561e-001  8.00000e+002
          8840  7.95405e+002  8.84000e+003 -1.07717e+002  2.73365e-001  8.00000e+002
          8841  7.95413e+002  8.84100e+003 -1.07718e+002  2.73241e-001  8.00000e+002
          8842  7.95405e+002  8.84200e+003 -1.07718e+002  2.73145e-001  8.00000e+002
          8843  7.95409e+002  8.84300e+003 -1.07718e+002  2.73062e-001  8.00000e+002
          8844  7.95411e+002  8.84400e+003 -1.07720e+002  2.73045e-001  8.00000e+002
          8845  7.95413e+002  8.84500e+003 -1.07721e+002  2.72931e-001  8.00000e+002
          8846  7.95410e+002  8.84600e+003 -1.07721e+002  2.72802e-001  8.00000e+002
          8847  7.95411e+002  8.84700e+003 -1.07720e+002  2.72674e-001  8.00000e+002
          8848  7.95410e+002  8.84800e+003 -1.07720e+002  2.72510e-001  8.00000e+002
          8849  7.95407e+002  8.84900e+003 -1.07720e+002  2.72386e-001  8.00000e+002
          8850  7.95409e+002  8.85000e+003 -1.07720e+002  2.72280e-001  8.00000e+002
          8851  7.95410e+002  8.85100e+003 -1.07719e+002  2.72186e-001  8.00000e+002
          8852  7.95411e+002  8.85200e+003 -1.07718e+002  2.72146e-001  8.00000e+002
          8853  7.95406e+002  8.85300e+003 -1.07717e+002  2.72097e-001  8.00000e+002
          8854  7.95404e+002  8.85400e+003 -1.07716e+002  2.72027e-001  8.00000e+002
          8855  7.95402e+002  8.85500e+003 -1.07714e+002  2.71910e-001  8.00000e+002
          8856  7.95411e+002  8.85600e+003 -1.07713e+002  2.71794e-001  8.00000e+002
          8857  7.95407e+002  8.85700e+003 -1.07713e+002  2.71671e-001  8.00000e+002
          8858  7.95407e+002  8.85800e+003 -1.07714e+002  2.71551e-001  8.00000e+002
          8859  7.95413e+002  8.85900e+003 -1.07714e+002  2.71434e-001  8.00000e+002
          8860  7.95411e+002  8.86000e+003 -1.07713e+002  2.71291e-001  8.00000e+002
          8861  7.95402e+002  8.86100e+003 -1.07713e+002  2.71192e-001  8.00000e+002
          8862  7.95411e+002  8.86200e+003 -1.07713e+002  2.71115e-001  8.00000e+002
          8863  7.95413e+002  8.86300e+003 -1.07712e+002  2.71048e-001  8.00000e+002
          8864  7.95403e+002  8.86400e+003 -1.07715e+002  2.70947e-001  8.00000e+002
          8865  7.95414e+002  8.86500e+003 -1.07716e+002  2.70816e-001  8.00000e+002
          8866  7.95414e+002  8.86600e+003 -1.07715e+002  2.70687e-001  8.00000e+002
          8867  7.95410e+002  8.86700e+003 -1.07714e+002  2.70561e-001  8.00000e+002
          8868  7.95404e+002  8.86800e+003 -1.07713e+002  2.70365e-001  8.00000e+002
          8869  7.95410e+002  8.86900e+003 -1.07713e+002  2.70241e-001  8.00000e+002
          8870  7.95416e+002  8.87000e+003 -1.07714e+002  2.70145e-001  8.00000e+002
          8871  7.95407e+002  8.87100e+003 -1.07714e+002  2.70062e-001  8.00000e+002
          8872  7.95409e+002  8.87200e+003 -1.07714e+002  2.70045e-001  8.00000e+002
          8873  7.95407e+002  8.87300e+003 -1.07715e+002  2.69931e-001  8.00000e+002
          8874  7.95411e+002  8.87400e+003 -1.07716e+002  2.69802e-001  8.00000e+002
          8875  7.95423e+002  8.87500e+003 -1.07716e+002  2.69674e-001  8.00000e+002
          8876  7.95413e+002  8.87600e+003 -1.07715e+002  2.69510e-001  8.00000e+002
          8877  7.95405e+002  8.87700e+003 -1.07715e+002  2.69386e-001  8.00000e+002
          8878  7.95407e+002  8.87800e+003 -1.07716e+002  2.69280e-001  8.00000e+002
          8879  7.95411e+002  8.87900e+003 -1.07717e+002  2.69186e-001  8.00000e+002
          8880  7.95418e+002  8.88000e+003 -1.07719e+002  2.69146e-001  8.00000e+002
          8881  7.95412e+002  8.88100e+003 -1.07719e+002  2.69097e-001  8.00000e+002
          8882  7.95419e+002  8.88200e+003 -1.07719e+002  2.69055e-001  8.00000e+002
          8883  7.95414e+002  8.88300e+003 -1.07718e+002  2.69021e-001  8.00000e+002
          8884  7.95416e+002  8.88400e+003 -1.07718e+002  2.68917e-001  8.00000e+002
          8885  7.95411e+002  8.88500e+003 -1.07718e+002  2.68796e-001  8.00000e+002
          8886  7.95418e+002  8.88600e+003 -1.07718e+002  2.68676e-001  8.00000e+002
          8887  7.95413e+002  8.88700e+003 -1.07717e+002  2.68558e-001  8.00000e+002
          8888  7.95411e+002  8.88800e+003 -1.07721e+002  2.68360e-001  8.00000e+002
          8889  7.95407e+002  8.88900e+003 -1.07721e+002  2.68237e-001  8.00000e+002
          8890  7.95413e+002  8.89000e+003 -1.07720e+002  2.68143e-001  8.00000e+002
          8891  7.95420e+002  8.89100e+003 -1.07719e+002  2.68062e-001  8.00000e+002
          8892  7.95410e+002  8.89200e+003 -1.07719e+002  2.68045e-001  8.00000e+002
          8893  7.95407e+002  8.89300e+003 -1.07719e+002  2.67930e-001  8.00000e+002
          8894  7.95411e+002  8.89400e+003 -1.07719e+002  2.67801e-001  8.00000e+002
          8895  7.95418e+002  8.89500e+003 -1.07718e+002  2.67674e-001  8.00000e+002
          8896  7.95415e+002  8.89600e+003 -1.07719e+002  2.67510e-001  8.00000e+002
          8897  7.95417e+002  8.89700e+003 -1.07720e+002  2.67385e-001  8.00000e+002
          8898  7.95415e+002  8.89800e+003 -1.07720e+002  2.67280e-001  8.00000e+002
          8899  7.95417e+002  8.89900e+003 -1.07721e+002  2.67186e-001  8.00000e+002
          8900  7.95406e+002  8.90000e+003 -1.07721e+002  2.67146e-001  8.00000e+002
          8901  7.95423e+002  8.90100e+003 -1.07723e+002  2.67097e-001  8.00000e+002
          8902  7.95424e+002  8.90200e+003 -1.07724e+002  2.67027e-001  8.00000e+002
          8903  7.95418e+002  8.90300e+003 -1.07725e+002  2.66910e-001  8.00000e+002
          8904  7.95421e+002  8.90400e+003 -1.07725e+002  2.66794e-001  8.00000e+002
          8905  7.95423e+002  8.90500e+003 -1.07726e+002  2.66671e-001  8.00000e+002
          8906  7.95422e+002  8.90600e+003 -1.07728e+002  2.66551e-001  8.00000e+002
          8907  7.95419e+002  8.90700e+003 -1.07731e+002  2.66434e-001  8.00000e+002
          8908  7.95421e+002  8.90800e+003 -1.07733e+002  2.66291e-001  8.00000e+002
          8909  7.95423e+002  8.90900e+003 -1.07733e+002  2.66192e-001  8.00000e+002
          8910  7.95427e+002  8.91000e+003 -1.07733e+002  2.66115e-001  8.00000e+002
          8911  7.95423e+002  8.91100e+003 -1.07733e+002  2.66048e-001  8.00000e+002
          8912  7.95430e+002  8.91200e+003 -1.07733e+002  2.65947e-001  8.00000e+002
          8913  7.95428e+002  8.91300e+003 -1.07734e+002  2.65816e-001  8.00000e+002
          8914  7.95418e+002  8.91400e+003 -1.07734e+002  2.65687e-001  8.00000e+002
          8915  7.95423e+002  8.91500e+003 -1.07733e+002  2.65561e-001  8.00000e+002
          8916  7.95421e+002  8.91600e+003 -1.07731e+002  2.65365e-001  8.00000e+002
          8917  7.95427e+002  8.91700e+003 -1.07729e+002  2.65241e-001  8.00000e+002
          8918  7.95422e+002  8.91800e+003 -1.07728e+002  2.65145e-001  8.00000e+002
          8919  7.95422e+002  8.91900e+003 -1.07725e+002  2.65062e-001  8.00000e+002
          8920  7.95417e+002  8.92000e+003 -1.07724e+002  2.65073e-001  8.00000e+002
          8921  7.95416e+002  8.92100e+003 -1.07724e+002  2.65021e-001  8.00000e+002
          8922  7.95418e+002  8.92200e+003 -1.07723e+002  2.64907e-001  8.00000e+002
          8923  7.95419e+002  8.92300e+003 -1.07722e+002  2.64785e-001  8.00000e+002
          8924  7.95426e+002  8.92400e+003 -1.07721e+002  2.64649e-001  8.00000e+002
          8925  7.95434e+002  8.92500e+003 -1.07722e+002  2.64527e-001  8.00000e+002
          8926  7.95420e+002  8.92600e+003 -1.07723e+002  2.64414e-001  8.00000e+002
          8927  7.95418e+002  8.92700e+003 -1.07724e+002  2.64309e-001  8.00000e+002
          8928  7.95420e+002  8.92800e+003 -1.07727e+002  2.64218e-001  8.00000e+002
          8929  7.95417e+002  8.92900e+003 -1.07728e+002  2.64144e-001  8.00000e+002
          8930  7.95424e+002  8.93000e+003 -1.07728e+002  2.64085e-001  8.00000e+002
          8931  7.95414e+002  8.93100e+003 -1.07729e+002  2.64034e-001  8.00000e+002
          8932  7.95424e+002  8.93200e+003 -1.07729e+002  2.63932e-001  8.00000e+002
          8933  7.95417e+002  8.93300e+003 -1.07728e+002  2.63806e-001  8.00000e+002
          8934  7.95419e+002  8.93400e+003 -1.07728e+002  2.63681e-001  8.00000e+002
          8935  7.95429e+002  8.93500e+003 -1.07728e+002  2.63559e-001  8.00000e+002
          8936  7.95426e+002  8.93600e+003 -1.07726e+002  2.63362e-001  8.00000e+002
          8937  7.95425e+002  8.93700e+003 -1.07725e+002  2.63239e-001  8.00000e+002
          8938  7.95421e+002  8.93800e+003 -1.07723e+002  2.63144e-001  8.00000e+002
          8939  7.95421e+002  8.93900e+003 -1.07721e+002  2.63062e-001  8.00000e+002
          8940  7.95422e+002  8.94000e+003 -1.07716e+002  2.63073e-001  8.00000e+002
          8941  7.95425e+002  8.94100e+003 -1.07713e+002  2.63021e-001  8.00000e+002
          8942  7.95424e+002  8.94200e+003 -1.07711e+002  2.62907e-001  8.00000e+002
          8943  7.95427e+002  8.94300e+003 -1.07710e+002  2.62785e-001  8.00000e+002
          8944  7.95423e+002  8.94400e+003 -1.07707e+002  2.62649e-001  8.00000e+002
          8945  7.95429e+002  8.94500e+003 -1.07706e+002  2.62527e-001  8.00000e+002
          8946  7.95418e+002  8.94600e+003 -1.07706e+002  2.62414e-001  8.00000e+002
          8947  7.95420e+002  8.94700e+003 -1.07705e+002  2.62309e-001  8.00000e+002
          8948  7.95424e+002  8.94800e+003 -1.07703e+002  2.62218e-001  8.00000e+002
          8949  7.95426e+002  8.94900e+003 -1.07702e+002  2.62144e-001  8.00000e+002
          8950  7.95420e+002  8.95000e+003 -1.07699e+002  2.62085e-001  8.00000e+002
          8951  7.95423e+002  8.95100e+003 -1.07696e+002  2.62034e-001  8.00000e+002
          8952  7.95426e+002  8.95200e+003 -1.07697e+002  2.62043e-001  8.00000e+002
          8953  7.95423e+002  8.95300e+003 -1.07697e+002  2.62001e-001  8.00000e+002
          8954  7.95427e+002  8.95400e+003 -1.07697e+002  2.61897e-001  8.00000e+002
          8955  7.95431e+002  8.95500e+003 -1.07698e+002  2.61782e-001  8.00000e+002
          8956  7.95424e+002  8.95600e+003 -1.07698e+002  2.61643e-001  8.00000e+002
          8957  7.95429e+002  8.95700e+003 -1.07697e+002  2.61523e-001  8.00000e+002
          8958  7.95422e+002  8.95800e+003 -1.07697e+002  2.61412e-001  8.00000e+002
          8959  7.95429e+002  8.95900e+003 -1.07697e+002  2.61309e-001  8.00000e+002
          8960  7.95427e+002  8.96000e+003 -1.07696e+002  2.61217e-001  8.00000e+002
          8961  7.95426e+002  8.96100e+003 -1.07695e+002  2.61143e-001  8.00000e+002
          8962  7.95425e+002  8.96200e+003 -1.07694e+002  2.61085e-001  8.00000e+002
          8963  7.95426e+002  8.96300e+003 -1.07691e+002  2.61034e-001  8.00000e+002
          8964  7.95423e+002  8.96400e+003 -1.07692e+002  2.60931e-001  8.00000e+002
          8965  7.95422e+002  8.96500e+003 -1.07691e+002  2.60806e-001  8.00000e+002
          8966  7.95420e+002  8.96600e+003 -1.07691e+002  2.60681e-001  8.00000e+002
          8967  7.95419e+002  8.96700e+003 -1.07692e+002  2.60559e-001  8.00000e+002
          8968  7.95424e+002  8.96800e+003 -1.07689e+002  2.60362e-001  8.00000e+002
          8969  7.95427e+002  8.96900e+003 -1.07688e+002  2.60239e-001  8.00000e+002
          8970  7.95420e+002  8.97000e+003 -1.07687e+002  2.60144e-001  8.00000e+002
          8971  7.95417e+002  8.97100e+003 -1.07686e+002  2.60062e-001  8.00000e+002
          8972  7.95422e+002  8.97200e+003 -1.07685e+002  2.60073e-001  8.00000e+002
          8973  7.95417e+002  8.97300e+003 -1.07684e+002  2.60049e-001  8.00000e+002
          8974  7.95418e+002  8.97400e+003 -1.07684e+002  2.59998e-001  8.00000e+002
          8975  7.95420e+002  8.97500e+003 -1.07686e+002  2.59896e-001  8.00000e+002
          8976  7.95416e+002  8.97600e+003 -1.07688e+002  2.59779e-001  8.00000e+002
          8977  7.95419e+002  8.97700e+003 -1.07688e+002  2.59661e-001  8.00000e+002
          8978  7.95421e+002  8.97800e+003 -1.07688e+002  2.59545e-001  8.00000e+002
          8979  7.95428e+002  8.97900e+003 -1.07686e+002  2.59433e-001  8.00000e+002
          8980  7.95432e+002  8.98000e+003 -1.07686e+002  2.59288e-001  8.00000e+002
          8981  7.95429e+002  8.98100e+003 -1.07687e+002  2.59190e-001  8.00000e+002
          8982  7.95428e+002  8.98200e+003 -1.07687e+002  2.59114e-001  8.00000e+002
          8983  7.95423e+002  8.98300e+003 -1.07686e+002  2.59048e-001  8.00000e+002
          8984  7.95421e+002  8.98400e+003 -1.07687e+002  2.59057e-001  8.00000e+002
          8985  7.95420e+002  8.98500e+003 -1.07687e+002  2.59011e-001  8.00000e+002
          8986  7.95428e+002  8.98600e+003 -1.07684e+002  2.58902e-001  8.00000e+002
          8987  7.95428e+002  8.98700e+003 -1.07681e+002  2.58783e-001  8.00000e+002
          8988  7.95424e+002  8.98800e+003 -1.07677e+002  2.58646e-001  8.00000e+002
          8989  7.95430e+002  8.98900e+003 -1.07674e+002  2.58525e-001  8.00000e+002
          8990  7.95428e+002  8.99000e+003 -1.07672e+002  2.58413e-001  8.00000e+002
          8991  7.95424e+002  8.99100e+003 -1.07671e+002  2.58309e-001  8.00000e+002
          8992  7.95432e+002  8.99200e+003 -1.07665e+002  2.58217e-001  8.00000e+002
          8993  7.95424e+002  8.99300e+003 -1.07662e+002  2.58144e-001  8.00000e+002
          8994  7.95424e+002  8.99400e+003 -1.07660e+002  2.58085e-001  8.00000e+002
          8995  7.95427e+002  8.99500e+003 -1.07657e+002  2.58034e-001  8.00000e+002
          8996  7.95424e+002  8.99600e+003 -1.07655e+002  2.58043e-001  8.00000e+002
          8997  7.95427e+002  8.99700e+003 -1.07653e+002  2.58001e-001  8.00000e+002
          8998  7.95429e+002  8.99800e+003 -1.07652e+002  2.57897e-001  8.00000e+002
          8999  7.95425e+002  8.99900e+003 -1.07652e+002  2.57782e-001  8.00000e+002
          9000  7.95419e+002  9.00000e+003 -1.07652e+002  2.57643e-001  8.00000e+002
          9001  7.95425e+002  9.00100e+003 -1.07651e+002  2.57523e-001  8.00000e+002
          9002  7.95429e+002  9.00200e+003 -1.07650e+002  2.57412e-001  8.00000e+002
          9003  7.95422e+002  9.00300e+003 -1.07649e+002  2.57309e-001  8.00000e+002
          9004  7.95427e+002  9.00400e+003 -1.07648e+002  2.57217e-001  8.00000e+002
          9005  7.95419e+002  9.00500e+003 -1.07647e+002  2.57143e-001  8.00000e+002
          9006  7.95422e+002  9.00600e+003 -1.07648e+002  2.57084e-001  8.00000e+002
          9007  7.95414e+002  9.00700e+003 -1.07649e+002  2.57034e-001  8.00000e+002
          9008  7.95413e+002  9.00800e+003 -1.07647e+002  2.57015e-001  8.00000e+002
          9009  7.95422e+002  9.00900e+003 -1.07646e+002  2.56910e-001  8.00000e+002
          9010  7.95420e+002  9.01000e+003 -1.07645e+002  2.56791e-001  8.00000e+002
          9011  7.95424e+002  9.01100e+003 -1.07644e+002  2.56670e-001  8.00000e+002
          9012  7.95423e+002  9.01200e+003 -1.07645e+002  2.56505e-001  8.00000e+002
          9013  7.95424e+002  9.01300e+003 -1.07646e+002  2.56382e-001  8.00000e+002
          9014  7.95423e+002  9.01400e+003 -1.07647e+002  2.56279e-001  8.00000e+002
          9015  7.95429e+002  9.01500e+003 -1.07648e+002  2.56186e-001  8.00000e+002
          9016  7.95430e+002  9.01600e+003 -1.07649e+002  2.56145e-001  8.00000e+002
          9017  7.95423e+002  9.01700e+003 -1.07647e+002  2.56096e-001  8.00000e+002
          9018  7.95423e+002  9.01800e+003 -1.07644e+002  2.56055e-001  8.00000e+002
          9019  7.95425e+002  9.01900e+003 -1.07641e+002  2.56021e-001  8.00000e+002
          9020  7.95423e+002  9.02000e+003 -1.07642e+002  2.55916e-001  8.00000e+002
          9021  7.95425e+002  9.02100e+003 -1.07641e+002  2.55796e-001  8.00000e+002
          9022  7.95423e+002  9.02200e+003 -1.07640e+002  2.55676e-001  8.00000e+002
          9023  7.95424e+002  9.02300e+003 -1.07639e+002  2.55558e-001  8.00000e+002
          9024  7.95415e+002  9.02400e+003 -1.07635e+002  2.55360e-001  8.00000e+002
          9025  7.95416e+002  9.02500e+003 -1.07633e+002  2.55237e-001  8.00000e+002
          9026  7.95412e+002  9.02600e+003 -1.07631e+002  2.55143e-001  8.00000e+002
          9027  7.95424e+002  9.02700e+003 -1.07629e+002  2.55062e-001  8.00000e+002
          9028  7.95424e+002  9.02800e+003 -1.07626e+002  2.55072e-001  8.00000e+002
          9029  7.95419e+002  9.02900e+003 -1.07624e+002  2.55048e-001  8.00000e+002
          9030  7.95418e+002  9.03000e+003 -1.07622e+002  2.55025e-001  8.00000e+002
          9031  7.95418e+002  9.03100e+003 -1.07619e+002  2.55007e-001  8.00000e+002
          9032  7.95413e+002  9.03200e+003 -1.07616e+002  2.54985e-001  8.00000e+002
          9033  7.95419e+002  9.03300e+003 -1.07614e+002  2.54890e-001  8.00000e+002
          9034  7.95421e+002  9.03400e+003 -1.07611e+002  2.54780e-001  8.00000e+002
          9035  7.95415e+002  9.03500e+003 -1.07609e+002  2.54667e-001  8.00000e+002
          9036  7.95418e+002  9.03600e+003 -1.07603e+002  2.54500e-001  8.00000e+002
          9037  7.95411e+002  9.03700e+003 -1.07601e+002  2.54378e-001  8.00000e+002
          9038  7.95403e+002  9.03800e+003 -1.07600e+002  2.54277e-001  8.00000e+002
          9039  7.95411e+002  9.03900e+003 -1.07598e+002  2.54185e-001  8.00000e+002
          9040  7.95414e+002  9.04000e+003 -1.07596e+002  2.54144e-001  8.00000e+002
          9041  7.95411e+002  9.04100e+003 -1.07594e+002  2.54096e-001  8.00000e+002
          9042  7.95410e+002  9.04200e+003 -1.07591e+002  2.54055e-001  8.00000e+002
          9043  7.95414e+002  9.04300e+003 -1.07589e+002  2.54021e-001  8.00000e+002
          9044  7.95417e+002  9.04400e+003 -1.07590e+002  2.53916e-001  8.00000e+002
          9045  7.95413e+002  9.04500e+003 -1.07589e+002  2.53796e-001  8.00000e+002
          9046  7.95411e+002  9.04600e+003 -1.07586e+002  2.53676e-001  8.00000e+002
          9047  7.95414e+002  9.04700e+003 -1.07582e+002  2.53558e-001  8.00000e+002
          9048  7.95419e+002  9.04800e+003 -1.07580e+002  2.53360e-001  8.00000e+002
          9049  7.95413e+002  9.04900e+003 -1.07577e+002  2.53237e-001  8.00000e+002
          9050  7.95417e+002  9.05000e+003 -1.07575e+002  2.53143e-001  8.00000e+002
          9051  7.95412e+002  9.05100e+003 -1.07572e+002  2.53062e-001  8.00000e+002
          9052  7.95406e+002  9.05200e+003 -1.07567e+002  2.53072e-001  8.00000e+002
          9053  7.95406e+002  9.05300e+003 -1.07563e+002  2.53048e-001  8.00000e+002
          9054  7.95411e+002  9.05400e+003 -1.07561e+002  2.53025e-001  8.00000e+002
          9055  7.95416e+002  9.05500e+003 -1.07558e+002  2.53007e-001  8.00000e+002
          9056  7.95412e+002  9.05600e+003 -1.07555e+002  2.52985e-001  8.00000e+002
          9057  7.95412e+002  9.05700e+003 -1.07552e+002  2.52890e-001  8.00000e+002
          9058  7.95411e+002  9.05800e+003 -1.07550e+002  2.52780e-001  8.00000e+002
          9059  7.95413e+002  9.05900e+003 -1.07550e+002  2.52667e-001  8.00000e+002
          9060  7.95411e+002  9.06000e+003 -1.07550e+002  2.52500e-001  8.00000e+002
          9061  7.95411e+002  9.06100e+003 -1.07550e+002  2.52378e-001  8.00000e+002
          9062  7.95411e+002  9.06200e+003 -1.07550e+002  2.52277e-001  8.00000e+002
          9063  7.95409e+002  9.06300e+003 -1.07551e+002  2.52185e-001  8.00000e+002
          9064  7.95414e+002  9.06400e+003 -1.07552e+002  2.52144e-001  8.00000e+002
          9065  7.95409e+002  9.06500e+003 -1.07551e+002  2.52096e-001  8.00000e+002
          9066  7.95415e+002  9.06600e+003 -1.07551e+002  2.52055e-001  8.00000e+002
          9067  7.95416e+002  9.06700e+003 -1.07551e+002  2.52021e-001  8.00000e+002
          9068  7.95405e+002  9.06800e+003 -1.07556e+002  2.52000e-001  8.00000e+002
          9069  7.95411e+002  9.06900e+003 -1.07556e+002  2.51900e-001  8.00000e+002
          9070  7.95411e+002  9.07000e+003 -1.07556e+002  2.51785e-001  8.00000e+002
          9071  7.95406e+002  9.07100e+003 -1.07555e+002  2.51669e-001  8.00000e+002
          9072  7.95409e+002  9.07200e+003 -1.07551e+002  2.51502e-001  8.00000e+002
          9073  7.95412e+002  9.07300e+003 -1.07548e+002  2.51380e-001  8.00000e+002
          9074  7.95404e+002  9.07400e+003 -1.07547e+002  2.51278e-001  8.00000e+002
          9075  7.95408e+002  9.07500e+003 -1.07545e+002  2.51185e-001  8.00000e+002
          9076  7.95413e+002  9.07600e+003 -1.07545e+002  2.51145e-001  8.00000e+002
          9077  7.95406e+002  9.07700e+003 -1.07543e+002  2.51096e-001  8.00000e+002
          9078  7.95418e+002  9.07800e+003 -1.07542e+002  2.51055e-001  8.00000e+002
          9079  7.95416e+002  9.07900e+003 -1.07541e+002  2.51021e-001  8.00000e+002
          9080  7.95416e+002  9.08000e+003 -1.07536e+002  2.51027e-001  8.00000e+002
          9081  7.95409e+002  9.08100e+003 -1.07533e+002  2.51018e-001  8.00000e+002
          9082  7.95411e+002  9.08200e+003 -1.07529e+002  2.51009e-001  8.00000e+002
          9083  7.95409e+002  9.08300e+003 -1.07525e+002  2.51002e-001  8.00000e+002
          9084  7.95408e+002  9.08400e+003 -1.07524e+002  2.50893e-001  8.00000e+002
          9085  7.95404e+002  9.08500e+003 -1.07524e+002  2.50781e-001  8.00000e+002
          9086  7.95408e+002  9.08600e+003 -1.07523e+002  2.50668e-001  8.00000e+002
          9087  7.95412e+002  9.08700e+003 -1.07522e+002  2.50556e-001  8.00000e+002
          9088  7.95412e+002  9.08800e+003 -1.07519e+002  2.50356e-001  8.00000e+002
          9089  7.95409e+002  9.08900e+003 -1.07517e+002  2.50234e-001  8.00000e+002
          9090  7.95416e+002  9.09000e+003 -1.07516e+002  2.50142e-001  8.00000e+002
          9091  7.95420e+002  9.09100e+003 -1.07515e+002  2.50062e-001  8.00000e+002
          9092  7.95421e+002  9.09200e+003 -1.07517e+002  2.50072e-001  8.00000e+002
          9093  7.95425e+002  9.09300e+003 -1.07518e+002  2.50048e-001  8.00000e+002
          9094  7.95417e+002  9.09400e+003 -1.07518e+002  2.50025e-001  8.00000e+002
          9095  7.95426e+002  9.09500e+003 -1.07517e+002  2.50007e-001  8.00000e+002
          9096  7.95421e+002  9.09600e+003 -1.07516e+002  2.49985e-001  8.00000e+002
          9097  7.95418e+002  9.09700e+003 -1.07514e+002  2.49890e-001  8.00000e+002
          9098  7.95417e+002  9.09800e+003 -1.07513e+002  2.49780e-001  8.00000e+002
          9099  7.95416e+002  9.09900e+003 -1.07511e+002  2.49667e-001  8.00000e+002
          9100  7.95416e+002  9.10000e+003 -1.07509e+002  2.49500e-001  8.00000e+002
          9101  7.95411e+002  9.10100e+003 -1.07508e+002  2.49378e-001  8.00000e+002
          9102  7.95414e+002  9.10200e+003 -1.07508e+002  2.49277e-001  8.00000e+002
          9103  7.95416e+002  9.10300e+003 -1.07508e+002  2.49185e-001  8.00000e+002
          9104  7.95419e+002  9.10400e+003 -1.07503e+002  2.49144e-001  8.00000e+002
          9105  7.95421e+002  9.10500e+003 -1.07501e+002  2.49096e-001  8.00000e+002
          9106  7.95416e+002  9.10600e+003 -1.07500e+002  2.49055e-001  8.00000e+002
          9107  7.95412e+002  9.10700e+003 -1.07499e+002  2.49021e-001  8.00000e+002
          9108  7.95417e+002  9.10800e+003 -1.07500e+002  2.49027e-001  8.00000e+002
          9109  7.95421e+002  9.10900e+003 -1.07500e+002  2.49018e-001  8.00000e+002
          9110  7.95424e+002  9.11000e+003 -1.07498e+002  2.48982e-001  8.00000e+002
          9111  7.95419e+002  9.11100e+003 -1.07496e+002  2.48891e-001  8.00000e+002
          9112  7.95411e+002  9.11200e+003 -1.07495e+002  2.48771e-001  8.00000e+002
          9113  7.95408e+002  9.11300e+003 -1.07494e+002  2.48655e-001  8.00000e+002
          9114  7.95416e+002  9.11400e+003 -1.07492e+002  2.48543e-001  8.00000e+002
          9115  7.95414e+002  9.11500e+003 -1.07489e+002  2.48432e-001  8.00000e+002
          9116  7.95417e+002  9.11600e+003 -1.07488e+002  2.48287e-001  8.00000e+002
          9117  7.95420e+002  9.11700e+003 -1.07486e+002  2.48189e-001  8.00000e+002
          9118  7.95421e+002  9.11800e+003 -1.07485e+002  2.48114e-001  8.00000e+002
          9119  7.95416e+002  9.11900e+003 -1.07484e+002  2.48048e-001  8.00000e+002
          9120  7.95417e+002  9.12000e+003 -1.07483e+002  2.48057e-001  8.00000e+002
          9121  7.95412e+002  9.12100e+003 -1.07482e+002  2.48038e-001  8.00000e+002
          9122  7.95414e+002  9.12200e+003 -1.07481e+002  2.48020e-001  8.00000e+002
          9123  7.95415e+002  9.12300e+003 -1.07479e+002  2.48005e-001  8.00000e+002
          9124  7.95421e+002  9.12400e+003 -1.07481e+002  2.47982e-001  8.00000e+002
          9125  7.95415e+002  9.12500e+003 -1.07481e+002  2.47889e-001  8.00000e+002
          9126  7.95420e+002  9.12600e+003 -1.07480e+002  2.47779e-001  8.00000e+002
          9127  7.95422e+002  9.12700e+003 -1.07478e+002  2.47667e-001  8.00000e+002
          9128  7.95419e+002  9.12800e+003 -1.07478e+002  2.47499e-001  8.00000e+002
          9129  7.95414e+002  9.12900e+003 -1.07479e+002  2.47378e-001  8.00000e+002
          9130  7.95414e+002  9.13000e+003 -1.07478e+002  2.47277e-001  8.00000e+002
          9131  7.95430e+002  9.13100e+003 -1.07477e+002  2.47185e-001  8.00000e+002
          9132  7.95417e+002  9.13200e+003 -1.07476e+002  2.47144e-001  8.00000e+002
          9133  7.95415e+002  9.13300e+003 -1.07474e+002  2.47096e-001  8.00000e+002
          9134  7.95415e+002  9.13400e+003 -1.07472e+002  2.47055e-001  8.00000e+002
          9135  7.95415e+002  9.13500e+003 -1.07469e+002  2.47021e-001  8.00000e+002
          9136  7.95414e+002  9.13600e+003 -1.07467e+002  2.47027e-001  8.00000e+002
          9137  7.95407e+002  9.13700e+003 -1.07465e+002  2.47018e-001  8.00000e+002
          9138  7.95416e+002  9.13800e+003 -1.07463e+002  2.47009e-001  8.00000e+002
          9139  7.95415e+002  9.13900e+003 -1.07460e+002  2.47002e-001  8.00000e+002
          9140  7.95417e+002  9.14000e+003 -1.07458e+002  2.46977e-001  8.00000e+002
          9141  7.95416e+002  9.14100e+003 -1.07457e+002  2.46885e-001  8.00000e+002
          9142  7.95418e+002  9.14200e+003 -1.07456e+002  2.46778e-001  8.00000e+002
          9143  7.95416e+002  9.14300e+003 -1.07455e+002  2.46667e-001  8.00000e+002
          9144  7.95416e+002  9.14400e+003 -1.07455e+002  2.46498e-001  8.00000e+002
          9145  7.95418e+002  9.14500e+003 -1.07454e+002  2.46377e-001  8.00000e+002
          9146  7.95415e+002  9.14600e+003 -1.07452e+002  2.46276e-001  8.00000e+002
          9147  7.95420e+002  9.14700e+003 -1.07450e+002  2.46185e-001  8.00000e+002
          9148  7.95414e+002  9.14800e+003 -1.07451e+002  2.46144e-001  8.00000e+002
          9149  7.95415e+002  9.14900e+003 -1.07451e+002  2.46095e-001  8.00000e+002
          9150  7.95417e+002  9.15000e+003 -1.07452e+002  2.46055e-001  8.00000e+002
          9151  7.95419e+002  9.15100e+003 -1.07452e+002  2.46021e-001  8.00000e+002
          9152  7.95423e+002  9.15200e+003 -1.07452e+002  2.46027e-001  8.00000e+002
          9153  7.95413e+002  9.15300e+003 -1.07452e+002  2.46018e-001  8.00000e+002
          9154  7.95421e+002  9.15400e+003 -1.07450e+002  2.46009e-001  8.00000e+002
          9155  7.95420e+002  9.15500e+003 -1.07449e+002  2.46002e-001  8.00000e+002
          9156  7.95420e+002  9.15600e+003 -1.07448e+002  2.45893e-001  8.00000e+002
          9157  7.95420e+002  9.15700e+003 -1.07446e+002  2.45781e-001  8.00000e+002
          9158  7.95413e+002  9.15800e+003 -1.07442e+002  2.45668e-001  8.00000e+002
          9159  7.95417e+002  9.15900e+003 -1.07439e+002  2.45556e-001  8.00000e+002
          9160  7.95420e+002  9.16000e+003 -1.07431e+002  2.45356e-001  8.00000e+002
          9161  7.95415e+002  9.16100e+003 -1.07425e+002  2.45234e-001  8.00000e+002
          9162  7.95424e+002  9.16200e+003 -1.07421e+002  2.45142e-001  8.00000e+002
          9163  7.95416e+002  9.16300e+003 -1.07419e+002  2.45062e-001  8.00000e+002
          9164  7.95418e+002  9.16400e+003 -1.07411e+002  2.45072e-001  8.00000e+002
          9165  7.95418e+002  9.16500e+003 -1.07408e+002  2.45048e-001  8.00000e+002
          9166  7.95417e+002  9.16600e+003 -1.07406e+002  2.45025e-001  8.00000e+002
          9167  7.95409e+002  9.16700e+003 -1.07403e+002  2.45007e-001  8.00000e+002
          9168  7.95410e+002  9.16800e+003 -1.07400e+002  2.45012e-001  8.00000e+002
          9169  7.95424e+002  9.16900e+003 -1.07397e+002  2.45008e-001  8.00000e+002
          9170  7.95427e+002  9.17000e+003 -1.07394e+002  2.45004e-001  8.00000e+002
          9171  7.95415e+002  9.17100e+003 -1.07392e+002  2.45001e-001  8.00000e+002
          9172  7.95414e+002  9.17200e+003 -1.07392e+002  2.44974e-001  8.00000e+002
          9173  7.95417e+002  9.17300e+003 -1.07391e+002  2.44883e-001  8.00000e+002
          9174  7.95418e+002  9.17400e+003 -1.07390e+002  2.44777e-001  8.00000e+002
          9175  7.95418e+002  9.17500e+003 -1.07388e+002  2.44667e-001  8.00000e+002
          9176  7.95424e+002  9.17600e+003 -1.07384e+002  2.44498e-001  8.00000e+002
          9177  7.95419e+002  9.17700e+003 -1.07383e+002  2.44377e-001  8.00000e+002
          9178  7.95412e+002  9.17800e+003 -1.07383e+002  2.44276e-001  8.00000e+002
          9179  7.95408e+002  9.17900e+003 -1.07382e+002  2.44185e-001  8.00000e+002
          9180  7.95419e+002  9.18000e+003 -1.07381e+002  2.44144e-001  8.00000e+002
          9181  7.95422e+002  9.18100e+003 -1.07379e+002  2.44095e-001  8.00000e+002
          9182  7.95417e+002  9.18200e+003 -1.07378e+002  2.44055e-001  8.00000e+002
          9183  7.95419e+002  9.18300e+003 -1.07377e+002  2.44021e-001  8.00000e+002
          9184  7.95421e+002  9.18400e+003 -1.07379e+002  2.44027e-001  8.00000e+002
          9185  7.95421e+002  9.18500e+003 -1.07380e+002  2.44018e-001  8.00000e+002
          9186  7.95418e+002  9.18600e+003 -1.07380e+002  2.44009e-001  8.00000e+002
          9187  7.95411e+002  9.18700e+003 -1.07380e+002  2.44002e-001  8.00000e+002
          9188  7.95414e+002  9.18800e+003 -1.07378e+002  2.44005e-001  8.00000e+002
          9189  7.95412e+002  9.18900e+003 -1.07377e+002  2.43975e-001  8.00000e+002
          9190  7.95418e+002  9.19000e+003 -1.07375e+002  2.43883e-001  8.00000e+002
          9191  7.95419e+002  9.19100e+003 -1.07372e+002  2.43778e-001  8.00000e+002
          9192  7.95419e+002  9.19200e+003 -1.07372e+002  2.43637e-001  8.00000e+002
          9193  7.95424e+002  9.19300e+003 -1.07371e+002  2.43518e-001  8.00000e+002
          9194  7.95422e+002  9.19400e+003 -1.07370e+002  2.43410e-001  8.00000e+002
          9195  7.95418e+002  9.19500e+003 -1.07369e+002  2.43309e-001  8.00000e+002
          9196  7.95414e+002  9.19600e+003 -1.07366e+002  2.43216e-001  8.00000e+002
          9197  7.95418e+002  9.19700e+003 -1.07365e+002  2.43143e-001  8.00000e+002
          9198  7.95418e+002  9.19800e+003 -1.07361e+002  2.43084e-001  8.00000e+002
          9199  7.95424e+002  9.19900e+003 -1.07357e+002  2.43034e-001  8.00000e+002
          9200  7.95418e+002  9.20000e+003 -1.07352e+002  2.43042e-001  8.00000e+002
          9201  7.95416e+002  9.20100e+003 -1.07347e+002  2.43028e-001  8.00000e+002
          9202  7.95417e+002  9.20200e+003 -1.07343e+002  2.43015e-001  8.00000e+002
          9203  7.95420e+002  9.20300e+003 -1.07338e+002  2.43004e-001  8.00000e+002
          9204  7.95423e+002  9.20400e+003 -1.07335e+002  2.43007e-001  8.00000e+002
          9205  7.95415e+002  9.20500e+003 -1.07332e+002  2.43005e-001  8.00000e+002
          9206  7.95418e+002  9.20600e+003 -1.07328e+002  2.43002e-001  8.00000e+002
          9207  7.95418e+002  9.20700e+003 -1.07325e+002  2.43000e-001  8.00000e+002
          9208  7.95418e+002  9.20800e+003 -1.07317e+002  2.43001e-001  8.00000e+002
          9209  7.95413e+002  9.20900e+003 -1.07313e+002  2.43001e-001  8.00000e+002
          9210  7.95418e+002  9.21000e+003 -1.07311e+002  2.43000e-001  8.00000e+002
          9211  7.95415e+002  9.21100e+003 -1.07309e+002  2.43000e-001  8.00000e+002
          9212  7.95412e+002  9.21200e+003 -1.07312e+002  2.42889e-001  8.00000e+002
          9213  7.95422e+002  9.21300e+003 -1.07315e+002  2.42778e-001  8.00000e+002
          9214  7.95420e+002  9.21400e+003 -1.07316e+002  2.42667e-001  8.00000e+002
          9215  7.95420e+002  9.21500e+003 -1.07317e+002  2.42556e-001  8.00000e+002
          9216  7.95429e+002  9.21600e+003 -1.07319e+002  2.42355e-001  8.00000e+002
          9217  7.95422e+002  9.21700e+003 -1.07319e+002  2.42234e-001  8.00000e+002
          9218  7.95421e+002  9.21800e+003 -1.07318e+002  2.42142e-001  8.00000e+002
          9219  7.95416e+002  9.21900e+003 -1.07318e+002  2.42062e-001  8.00000e+002
          9220  7.95419e+002  9.22000e+003 -1.07320e+002  2.42072e-001  8.00000e+002
          9221  7.95413e+002  9.22100e+003 -1.07320e+002  2.42048e-001  8.00000e+002
          9222  7.95418e+002  9.22200e+003 -1.07318e+002  2.42025e-001  8.00000e+002
          9223  7.95426e+002  9.22300e+003 -1.07316e+002  2.42007e-001  8.00000e+002
          9224  7.95424e+002  9.22400e+003 -1.07310e+002  2.42012e-001  8.00000e+002
          9225  7.95416e+002  9.22500e+003 -1.07308e+002  2.42008e-001  8.00000e+002
          9226  7.95416e+002  9.22600e+003 -1.07306e+002  2.41976e-001  8.00000e+002
          9227  7.95417e+002  9.22700e+003 -1.07305e+002  2.41890e-001  8.00000e+002
          9228  7.95425e+002  9.22800e+003 -1.07304e+002  2.41768e-001  8.00000e+002
          9229  7.95422e+002  9.22900e+003 -1.07303e+002  2.41654e-001  8.00000e+002
          9230  7.95420e+002  9.23000e+003 -1.07300e+002  2.41542e-001  8.00000e+002
          9231  7.95419e+002  9.23100e+003 -1.07297e+002  2.41432e-001  8.00000e+002
          9232  7.95421e+002  9.23200e+003 -1.07296e+002  2.41286e-001  8.00000e+002
          9233  7.95422e+002  9.23300e+003 -1.07296e+002  2.41189e-001  8.00000e+002
          9234  7.95422e+002  9.23400e+003 -1.07295e+002  2.41113e-001  8.00000e+002
          9235  7.95419e+002  9.23500e+003 -1.07295e+002  2.41048e-001  8.00000e+002
          9236  7.95419e+002  9.23600e+003 -1.07296e+002  2.41057e-001  8.00000e+002
          9237  7.95421e+002  9.23700e+003 -1.07296e+002  2.41038e-001  8.00000e+002
          9238  7.95420e+002  9.23800e+003 -1.07295e+002  2.41020e-001  8.00000e+002
          9239  7.95423e+002  9.23900e+003 -1.07293e+002  2.41005e-001  8.00000e+002
          9240  7.95420e+002  9.24000e+003 -1.07290e+002  2.41010e-001  8.00000e+002
          9241  7.95422e+002  9.24100e+003 -1.07287e+002  2.41007e-001  8.00000e+002
          9242  7.95418e+002  9.24200e+003 -1.07287e+002  2.41003e-001  8.00000e+002
          9243  7.95420e+002  9.24300e+003 -1.07286e+002  2.41001e-001  8.00000e+002
          9244  7.95424e+002  9.24400e+003 -1.07285e+002  2.41002e-001  8.00000e+002
          9245  7.95425e+002  9.24500e+003 -1.07284e+002  2.41001e-001  8.00000e+002
          9246  7.95421e+002  9.24600e+003 -1.07282e+002  2.41000e-001  8.00000e+002
          9247  7.95424e+002  9.24700e+003 -1.07281e+002  2.41000e-001  8.00000e+002
          9248  7.95420e+002  9.24800e+003 -1.07277e+002  2.40972e-001  8.00000e+002
          9249  7.95417e+002  9.24900e+003 -1.07275e+002  2.40882e-001  8.00000e+002
          9250  7.95421e+002  9.25000e+003 -1.07274e+002  2.40776e-001  8.00000e+002
          9251  7.95422e+002  9.25100e+003 -1.07273e+002  2.40667e-001  8.00000e+002
          9252  7.95427e+002  9.25200e+003 -1.07272e+002  2.40498e-001  8.00000e+002
          9253  7.95415e+002  9.25300e+003 -1.07271e+002  2.40377e-001  8.00000e+002
          9254  7.95418e+002  9.25400e+003 -1.07269e+002  2.40276e-001  8.00000e+002
          9255  7.95415e+002  9.25500e+003 -1.07267e+002  2.40185e-001  8.00000e+002
          9256  7.95419e+002  9.25600e+003 -1.07266e+002  2.40144e-001  8.00000e+002
          9257  7.95423e+002  9.25700e+003 -1.07264e+002  2.40095e-001  8.00000e+002
          9258  7.95418e+002  9.25800e+003 -1.07261e+002  2.40055e-001  8.00000e+002
          9259  7.95421e+002  9.25900e+003 -1.07260e+002  2.40021e-001  8.00000e+002
          9260  7.95417e+002  9.26000e+003 -1.07258e+002  2.40027e-001  8.00000e+002
          9261  7.95423e+002  9.26100e+003 -1.07256e+002  2.40018e-001  8.00000e+002
          9262  7.95415e+002  9.26200e+003 -1.07255e+002  2.40009e-001  8.00000e+002
          9263  7.95417e+002  9.26300e+003 -1.07252e+002  2.40002e-001  8.00000e+002
          9264  7.95423e+002  9.26400e+003 -1.07250e+002  2.40005e-001  8.00000e+002
          9265  7.95418e+002  9.26500e+003 -1.07248e+002  2.40003e-001  8.00000e+002
          9266  7.95419e+002  9.26600e+003 -1.07247e+002  2.40001e-001  8.00000e+002
          9267  7.95418e+002  9.26700e+003 -1.07244e+002  2.40000e-001  8.00000e+002
          9268  7.95411e+002  9.26800e+003 -1.07244e+002  2.40001e-001  8.00000e+002
          9269  7.95414e+002  9.26900e+003 -1.07242e+002  2.40001e-001  8.00000e+002
          9270  7.95416e+002  9.27000e+003 -1.07239e+002  2.40000e-001  8.00000e+002
          9271  7.95418e+002  9.27100e+003 -1.07235e+002  2.40000e-001  8.00000e+002
          9272  7.95420e+002  9.27200e+003 -1.07230e+002  2.39972e-001  8.00000e+002
          9273  7.95422e+002  9.27300e+003 -1.07228e+002  2.39882e-001  8.00000e+002
          9274  7.95419e+002  9.27400e+003 -1.07225e+002  2.39776e-001  8.00000e+002
          9275  7.95418e+002  9.27500e+003 -1.07222e+002  2.39667e-001  8.00000e+002
          9276  7.95416e+002  9.27600e+003 -1.07218e+002  2.39498e-001  8.00000e+002
          9277  7.95414e+002  9.27700e+003 -1.07214e+002  2.39377e-001  8.00000e+002
          9278  7.95414e+002  9.27800e+003 -1.07210e+002  2.39276e-001  8.00000e+002
          9279  7.95411e+002  9.27900e+003 -1.07207e+002  2.39185e-001  8.00000e+002
          9280  7.95417e+002  9.28000e+003 -1.07203e+002  2.39144e-001  8.00000e+002
          9281  7.95415e+002  9.28100e+003 -1.07199e+002  2.39095e-001  8.00000e+002
          9282  7.95412e+002  9.28200e+003 -1.07196e+002  2.39055e-001  8.00000e+002
          9283  7.95405e+002  9.28300e+003 -1.07194e+002  2.39021e-001  8.00000e+002
          9284  7.95413e+002  9.28400e+003 -1.07192e+002  2.39027e-001  8.00000e+002
          9285  7.95415e+002  9.28500e+003 -1.07191e+002  2.39018e-001  8.00000e+002
          9286  7.95416e+002  9.28600e+003 -1.07189e+002  2.39009e-001  8.00000e+002
          9287  7.95417e+002  9.28700e+003 -1.07186e+002  2.39002e-001  8.00000e+002
          9288  7.95418e+002  9.28800e+003 -1.07186e+002  2.39005e-001  8.00000e+002
          9289  7.95414e+002  9.28900e+003 -1.07184e+002  2.39003e-001  8.00000e+002
          9290  7.95415e+002  9.29000e+003 -1.07183e+002  2.39001e-001  8.00000e+002
          9291  7.95414e+002  9.29100e+003 -1.07182e+002  2.39000e-001  8.00000e+002
          9292  7.95418e+002  9.29200e+003 -1.07181e+002  2.39001e-001  8.00000e+002
          9293  7.95418e+002  9.29300e+003 -1.07179e+002  2.39000e-001  8.00000e+002
          9294  7.95422e+002  9.29400e+003 -1.07179e+002  2.39000e-001  8.00000e+002
          9295  7.95419e+002  9.29500e+003 -1.07178e+002  2.39000e-001  8.00000e+002
          9296  7.95416e+002  9.29600e+003 -1.07172e+002  2.39000e-001  8.00000e+002
          9297  7.95422e+002  9.29700e+003 -1.07168e+002  2.39000e-001  8.00000e+002
          9298  7.95416e+002  9.29800e+003 -1.07165e+002  2.39000e-001  8.00000e+002
          9299  7.95419e+002  9.29900e+003 -1.07160e+002  2.39000e-001  8.00000e+002
          9300  7.95423e+002  9.30000e+003 -1.07160e+002  2.38972e-001  8.00000e+002
          9301  7.95419e+002  9.30100e+003 -1.07158e+002  2.38882e-001  8.00000e+002
          9302  7.95409e+002  9.30200e+003 -1.07156e+002  2.38776e-001  8.00000e+002
          9303  7.95420e+002  9.30300e+003 -1.07155e+002  2.38667e-001  8.00000e+002
          9304  7.95408e+002  9.30400e+003 -1.07150e+002  2.38498e-001  8.00000e+002
          9305  7.95407e+002  9.30500e+003 -1.07147e+002  2.38377e-001  8.00000e+002
          9306  7.95414e+002  9.30600e+003 -1.07144e+002  2.38276e-001  8.00000e+002
          9307  7.95414e+002  9.30700e+003 -1.07141e+002  2.38185e-001  8.00000e+002
          9308  7.95417e+002  9.30800e+003 -1.07141e+002  2.38144e-001  8.00000e+002
          9309  7.95414e+002  9.30900e+003 -1.07140e+002  2.38095e-001  8.00000e+002
          9310  7.95410e+002  9.31000e+003 -1.07139e+002  2.38055e-001  8.00000e+002
          9311  7.95404e+002  9.31100e+003 -1.07138e+002  2.38021e-001  8.00000e+002
          9312  7.95412e+002  9.31200e+003 -1.07137e+002  2.38027e-001  8.00000e+002
          9313  7.95406e+002  9.31300e+003 -1.07134e+002  2.38018e-001  8.00000e+002
          9314  7.95409e+002  9.31400e+003 -1.07130e+002  2.38009e-001  8.00000e+002
          9315  7.95410e+002  9.31500e+003 -1.07127e+002  2.38002e-001  8.00000e+002
          9316  7.95412e+002  9.31600e+003 -1.07126e+002  2.38005e-001  8.00000e+002
          9317  7.95407e+002  9.31700e+003 -1.07124e+002  2.38003e-001  8.00000e+002
          9318  7.95410e+002  9.31800e+003 -1.07123e+002  2.38002e-001  8.00000e+002
          9319  7.95413e+002  9.31900e+003 -1.07123e+002  2.38000e-001  8.00000e+002
          9320  7.95417e+002  9.32000e+003 -1.07120e+002  2.38001e-001  8.00000e+002
          9321  7.95412e+002  9.32100e+003 -1.07118e+002  2.38001e-001  8.00000e+002
          9322  7.95415e+002  9.32200e+003 -1.07117e+002  2.38000e-001  8.00000e+002
          9323  7.95419e+002  9.32300e+003 -1.07115e+002  2.38000e-001  8.00000e+002
          9324  7.95413e+002  9.32400e+003 -1.07115e+002  2.38000e-001  8.00000e+002
          9325  7.95411e+002  9.32500e+003 -1.07114e+002  2.38000e-001  8.00000e+002
          9326  7.95412e+002  9.32600e+003 -1.07112e+002  2.38000e-001  8.00000e+002
          9327  7.95407e+002  9.32700e+003 -1.07111e+002  2.38000e-001  8.00000e+002
          9328  7.95413e+002  9.32800e+003 -1.07109e+002  2.38000e-001  8.00000e+002
          9329  7.95412e+002  9.32900e+003 -1.07107e+002  2.38000e-001  8.00000e+002
          9330  7.95412e+002  9.33000e+003 -1.07105e+002  2.38000e-001  8.00000e+002
          9331  7.95410e+002  9.33100e+003 -1.07102e+002  2.38000e-001  8.00000e+002
          9332  7.95416e+002  9.33200e+003 -1.07100e+002  2.37889e-001  8.00000e+002
          9333  7.95409e+002  9.33300e+003 -1.07097e+002  2.37778e-001  8.00000e+002
          9334  7.95414e+002  9.33400e+003 -1.07094e+002  2.37667e-001  8.00000e+002
          9335  7.95414e+002  9.33500e+003 -1.07092e+002  2.37556e-001  8.00000e+002
          9336  7.95407e+002  9.33600e+003 -1.07089e+002  2.37355e-001  8.00000e+002
          9337  7.95416e+002  9.33700e+003 -1.07086e+002  2.37234e-001  8.00000e+002
          9338  7.95409e+002  9.33800e+003 -1.07083e+002  2.37142e-001  8.00000e+002
          9339  7.95415e+002  9.33900e+003 -1.07080e+002  2.37062e-001  8.00000e+002
          9340  7.95413e+002  9.34000e+003 -1.07077e+002  2.37072e-001  8.00000e+002
          9341  7.95411e+002  9.34100e+003 -1.07074e+002  2.37048e-001  8.00000e+002
          9342  7.95415e+002  9.34200e+003 -1.07070e+002  2.37025e-001  8.00000e+002
          9343  7.95414e+002  9.34300e+003 -1.07066e+002  2.37007e-001  8.00000e+002
          9344  7.95415e+002  9.34400e+003 -1.07062e+002  2.37012e-001  8.00000e+002
          9345  7.95408e+002  9.34500e+003 -1.07058e+002  2.37008e-001  8.00000e+002
          9346  7.95407e+002  9.34600e+003 -1.07053e+002  2.37004e-001  8.00000e+002
          9347  7.95417e+002  9.34700e+003 -1.07049e+002  2.37001e-001  8.00000e+002
          9348  7.95419e+002  9.34800e+003 -1.07043e+002  2.37002e-001  8.00000e+002
          9349  7.95406e+002  9.34900e+003 -1.07037e+002  2.37001e-001  8.00000e+002
          9350  7.95413e+002  9.35000e+003 -1.07032e+002  2.37001e-001  8.00000e+002
          9351  7.95409e+002  9.35100e+003 -1.07028e+002  2.37000e-001  8.00000e+002
          9352  7.95411e+002  9.35200e+003 -1.07024e+002  2.37000e-001  8.00000e+002
          9353  7.95412e+002  9.35300e+003 -1.07022e+002  2.37000e-001  8.00000e+002
          9354  7.95414e+002  9.35400e+003 -1.07021e+002  2.37000e-001  8.00000e+002
          9355  7.95411e+002  9.35500e+003 -1.07021e+002  2.37000e-001  8.00000e+002
          9356  7.95417e+002  9.35600e+003 -1.07022e+002  2.37000e-001  8.00000e+002
          9357  7.95414e+002  9.35700e+003 -1.07021e+002  2.37000e-001  8.00000e+002
          9358  7.95416e+002  9.35800e+003 -1.07019e+002  2.37000e-001  8.00000e+002
          9359  7.95417e+002  9.35900e+003 -1.07017e+002  2.37000e-001  8.00000e+002
          9360  7.95410e+002  9.36000e+003 -1.07024e+002  2.37000e-001  8.00000e+002
          9361  7.95410e+002  9.36100e+003 -1.07026e+002  2.37000e-001  8.00000e+002
          9362  7.95411e+002  9.36200e+003 -1.07025e+002  2.37000e-001  8.00000e+002
          9363  7.95410e+002  9.36300e+003 -1.07024e+002  2.37000e-001  8.00000e+002
          9364  7.95408e+002  9.36400e+003 -1.07024e+002  2.36972e-001  8.00000e+002
          9365  7.95411e+002  9.36500e+003 -1.07026e+002  2.36882e-001  8.00000e+002
          9366  7.95412e+002  9.36600e+003 -1.07028e+002  2.36776e-001  8.00000e+002
          9367  7.95414e+002  9.36700e+003 -1.07029e+002  2.36667e-001  8.00000e+002
          9368  7.95415e+002  9.36800e+003 -1.07028e+002  2.36498e-001  8.00000e+002
          9369  7.95413e+002  9.36900e+003 -1.07028e+002  2.36377e-001  8.00000e+002
          9370  7.95407e+002  9.37000e+003 -1.07029e+002  2.36276e-001  8.00000e+002
          9371  7.95409e+002  9.37100e+003 -1.07028e+002  2.36185e-001  8.00000e+002
          9372  7.95414e+002  9.37200e+003 -1.07027e+002  2.36144e-001  8.00000e+002
          9373  7.95410e+002  9.37300e+003 -1.07026e+002  2.36095e-001  8.00000e+002
          9374  7.95408e+002  9.37400e+003 -1.07023e+002  2.36055e-001  8.00000e+002
          9375  7.95411e+002  9.37500e+003 -1.07022e+002  2.36021e-001  8.00000e+002
          9376  7.95406e+002  9.37600e+003 -1.07019e+002  2.36027e-001  8.00000e+002
          9377  7.95408e+002  9.37700e+003 -1.07018e+002  2.36018e-001  8.00000e+002
          9378  7.95411e+002  9.37800e+003 -1.07016e+002  2.36009e-001  8.00000e+002
          9379  7.95407e+002  9.37900e+003 -1.07014e+002  2.36002e-001  8.00000e+002
          9380  7.95416e+002  9.38000e+003 -1.07008e+002  2.36005e-001  8.00000e+002
          9381  7.95411e+002  9.38100e+003 -1.07003e+002  2.36003e-001  8.00000e+002
          9382  7.95413e+002  9.38200e+003 -1.06999e+002  2.36001e-001  8.00000e+002
          9383  7.95418e+002  9.38300e+003 -1.06994e+002  2.36000e-001  8.00000e+002
          9384  7.95411e+002  9.38400e+003 -1.06992e+002  2.36001e-001  8.00000e+002
          9385  7.95415e+002  9.38500e+003 -1.06989e+002  2.36000e-001  8.00000e+002
          9386  7.95414e+002  9.38600e+003 -1.06986e+002  2.36000e-001  8.00000e+002
          9387  7.95418e+002  9.38700e+003 -1.06982e+002  2.36000e-001  8.00000e+002
          9388  7.95407e+002  9.38800e+003 -1.06976e+002  2.36000e-001  8.00000e+002
          9389  7.95410e+002  9.38900e+003 -1.06971e+002  2.36000e-001  8.00000e+002
          9390  7.95408e+002  9.39000e+003 -1.06969e+002  2.36000e-001  8.00000e+002
          9391  7.95415e+002  9.39100e+003 -1.06966e+002  2.36000e-001  8.00000e+002
          9392  7.95415e+002  9.39200e+003 -1.06965e+002  2.36000e-001  8.00000e+002
          9393  7.95409e+002  9.39300e+003 -1.06962e+002  2.36000e-001  8.00000e+002
          9394  7.95413e+002  9.39400e+003 -1.06959e+002  2.36000e-001  8.00000e+002
          9395  7.95414e+002  9.39500e+003 -1.06955e+002  2.36000e-001  8.00000e+002
          9396  7.95410e+002  9.39600e+003 -1.06954e+002  2.36000e-001  8.00000e+002
          9397  7.95414e+002  9.39700e+003 -1.06951e+002  2.36000e-001  8.00000e+002
          9398  7.95411e+002  9.39800e+003 -1.06948e+002  2.36000e-001  8.00000e+002
          9399  7.95414e+002  9.39900e+003 -1.06947e+002  2.36000e-001  8.00000e+002
          9400  7.95407e+002  9.40000e+003 -1.06944e+002  2.36000e-001  8.00000e+002
          9401  7.95409e+002  9.40100e+003 -1.06941e+002  2.36000e-001  8.00000e+002
          9402  7.95410e+002  9.40200e+003 -1.06938e+002  2.36000e-001  8.00000e+002
          9403  7.95409e+002  9.40300e+003 -1.06935e+002  2.36000e-001  8.00000e+002
          9404  7.95408e+002  9.40400e+003 -1.06932e+002  2.36000e-001  8.00000e+002
          9405  7.95410e+002  9.40500e+003 -1.06929e+002  2.36000e-001  8.00000e+002
          9406  7.95412e+002  9.40600e+003 -1.06927e+002  2.36000e-001  8.00000e+002
          9407  7.95404e+002  9.40700e+003 -1.06924e+002  2.36000e-001  8.00000e+002
          9408  7.95413e+002  9.40800e+003 -1.06920e+002  2.35889e-001  8.00000e+002
          9409  7.95418e+002  9.40900e+003 -1.06917e+002  2.35778e-001  8.00000e+002
          9410  7.95421e+002  9.41000e+003 -1.06915e+002  2.35667e-001  8.00000e+002
          9411  7.95413e+002  9.41100e+003 -1.06914e+002  2.35556e-001  8.00000e+002
          9412  7.95417e+002  9.41200e+003 -1.06911e+002  2.35355e-001  8.00000e+002
          9413  7.95421e+002  9.41300e+003 -1.06907e+002  2.35234e-001  8.00000e+002
          9414  7.95416e+002  9.41400e+003 -1.06905e+002  2.35142e-001  8.00000e+002
          9415  7.95413e+002  9.41500e+003 -1.06902e+002  2.35062e-001  8.00000e+002
          9416  7.95421e+002  9.41600e+003 -1.06899e+002  2.35072e-001  8.00000e+002
          9417  7.95417e+002  9.41700e+003 -1.06895e+002  2.35048e-001  8.00000e+002
          9418  7.95421e+002  9.41800e+003 -1.06892e+002  2.35025e-001  8.00000e+002
          9419  7.95417e+002  9.41900e+003 -1.06890e+002  2.35007e-001  8.00000e+002
          9420  7.95420e+002  9.42000e+003 -1.06889e+002  2.35012e-001  8.00000e+002
          9421  7.95420e+002  9.42100e+003 -1.06886e+002  2.35008e-001  8.00000e+002
          9422  7.95425e+002  9.42200e+003 -1.06885e+002  2.35004e-001  8.00000e+002
          9423  7.95421e+002  9.42300e+003 -1.06884e+002  2.35001e-001  8.00000e+002
          9424  7.95419e+002  9.42400e+003 -1.06882e+002  2.35002e-001  8.00000e+002
          9425  7.95422e+002  9.42500e+003 -1.06880e+002  2.35001e-001  8.00000e+002
          9426  7.95422e+002  9.42600e+003 -1.06879e+002  2.35001e-001  8.00000e+002
          9427  7.95421e+002  9.42700e+003 -1.06878e+002  2.35000e-001  8.00000e+002
          9428  7.95425e+002  9.42800e+003 -1.06881e+002  2.35000e-001  8.00000e+002
          9429  7.95422e+002  9.42900e+003 -1.06882e+002  2.35000e-001  8.00000e+002
          9430  7.95420e+002  9.43000e+003 -1.06883e+002  2.35000e-001  8.00000e+002
          9431  7.95422e+002  9.43100e+003 -1.06884e+002  2.35000e-001  8.00000e+002
          9432  7.95424e+002  9.43200e+003 -1.06884e+002  2.35000e-001  8.00000e+002
          9433  7.95427e+002  9.43300e+003 -1.06883e+002  2.35000e-001  8.00000e+002
          9434  7.95429e+002  9.43400e+003 -1.06882e+002  2.35000e-001  8.00000e+002
          9435  7.95427e+002  9.43500e+003 -1.06882e+002  2.35000e-001  8.00000e+002
          9436  7.95426e+002  9.43600e+003 -1.06883e+002  2.35000e-001  8.00000e+002
          9437  7.95427e+002  9.43700e+003 -1.06885e+002  2.35000e-001  8.00000e+002
          9438  7.95423e+002  9.43800e+003 -1.06885e+002  2.35000e-001  8.00000e+002
          9439  7.95422e+002  9.43900e+003 -1.06884e+002  2.35000e-001  8.00000e+002
          9440  7.95427e+002  9.44000e+003 -1.06881e+002  2.35000e-001  8.00000e+002
          9441  7.95422e+002  9.44100e+003 -1.06880e+002  2.35000e-001  8.00000e+002
          9442  7.95420e+002  9.44200e+003 -1.06879e+002  2.35000e-001  8.00000e+002
          9443  7.95423e+002  9.44300e+003 -1.06877e+002  2.35000e-001  8.00000e+002
          9444  7.95426e+002  9.44400e+003 -1.06877e+002  2.35000e-001  8.00000e+002
          9445  7.95421e+002  9.44500e+003 -1.06876e+002  2.35000e-001  8.00000e+002
          9446  7.95421e+002  9.44600e+003 -1.06874e+002  2.35000e-001  8.00000e+002
          9447  7.95428e+002  9.44700e+003 -1.06872e+002  2.35000e-001  8.00000e+002
          9448  7.95425e+002  9.44800e+003 -1.06865e+002  2.35000e-001  8.00000e+002
          9449  7.95430e+002  9.44900e+003 -1.06862e+002  2.35000e-001  8.00000e+002
          9450  7.95419e+002  9.45000e+003 -1.06859e+002  2.35000e-001  8.00000e+002
          9451  7.95425e+002  9.45100e+003 -1.06857e+002  2.35000e-001  8.00000e+002
          9452  7.95422e+002  9.45200e+003 -1.06856e+002  2.35000e-001  8.00000e+002
          9453  7.95424e+002  9.45300e+003 -1.06854e+002  2.35000e-001  8.00000e+002
          9454  7.95423e+002  9.45400e+003 -1.06850e+002  2.35000e-001  8.00000e+002
          9455  7.95425e+002  9.45500e+003 -1.06846e+002  2.35000e-001  8.00000e+002
          9456  7.95426e+002  9.45600e+003 -1.06841e+002  2.35000e-001  8.00000e+002
          9457  7.95419e+002  9.45700e+003 -1.06837e+002  2.35000e-001  8.00000e+002
          9458  7.95420e+002  9.45800e+003 -1.06833e+002  2.35000e-001  8.00000e+002
          9459  7.95420e+002  9.45900e+003 -1.06829e+002  2.35000e-001  8.00000e+002
          9460  7.95419e+002  9.46000e+003 -1.06826e+002  2.35000e-001  8.00000e+002
          9461  7.95420e+002  9.46100e+003 -1.06822e+002  2.35000e-001  8.00000e+002
          9462  7.95428e+002  9.46200e+003 -1.06819e+002  2.35000e-001  8.00000e+002
          9463  7.95422e+002  9.46300e+003 -1.06815e+002  2.35000e-001  8.00000e+002
          9464  7.95423e+002  9.46400e+003 -1.06810e+002  2.35000e-001  8.00000e+002
          9465  7.95426e+002  9.46500e+003 -1.06806e+002  2.35000e-001  8.00000e+002
          9466  7.95415e+002  9.46600e+003 -1.06803e+002  2.35000e-001  8.00000e+002
          9467  7.95427e+002  9.46700e+003 -1.06799e+002  2.35000e-001  8.00000e+002
          9468  7.95422e+002  9.46800e+003 -1.06798e+002  2.35000e-001  8.00000e+002
          9469  7.95424e+002  9.46900e+003 -1.06796e+002  2.35000e-001  8.00000e+002
          9470  7.95424e+002  9.47000e+003 -1.06794e+002  2.35000e-001  8.00000e+002
          9471  7.95427e+002  9.47100e+003 -1.06790e+002  2.35000e-001  8.00000e+002
          9472  7.95424e+002  9.47200e+003 -1.06792e+002  2.35000e-001  8.00000e+002
          9473  7.95422e+002  9.47300e+003 -1.06791e+002  2.35000e-001  8.00000e+002
          9474  7.95420e+002  9.47400e+003 -1.06788e+002  2.35000e-001  8.00000e+002
          9475  7.95420e+002  9.47500e+003 -1.06786e+002  2.35000e-001  8.00000e+002
          9476  7.95423e+002  9.47600e+003 -1.06787e+002  2.34889e-001  8.00000e+002
          9477  7.95419e+002  9.47700e+003 -1.06787e+002  2.34778e-001  8.00000e+002
          9478  7.95419e+002  9.47800e+003 -1.06788e+002  2.34667e-001  8.00000e+002
          9479  7.95422e+002  9.47900e+003 -1.06790e+002  2.34556e-001  8.00000e+002
          9480  7.95425e+002  9.48000e+003 -1.06789e+002  2.34355e-001  8.00000e+002
          9481  7.95415e+002  9.48100e+003 -1.06789e+002  2.34234e-001  8.00000e+002
          9482  7.95423e+002  9.48200e+003 -1.06788e+002  2.34142e-001  8.00000e+002
          9483  7.95424e+002  9.48300e+003 -1.06786e+002  2.34062e-001  8.00000e+002
          9484  7.95418e+002  9.48400e+003 -1.06787e+002  2.34072e-001  8.00000e+002
          9485  7.95427e+002  9.48500e+003 -1.06786e+002  2.34048e-001  8.00000e+002
          9486  7.95421e+002  9.48600e+003 -1.06786e+002  2.34025e-001  8.00000e+002
          9487  7.95414e+002  9.48700e+003 -1.06786e+002  2.34007e-001  8.00000e+002
          9488  7.95412e+002  9.48800e+003 -1.06783e+002  2.34012e-001  8.00000e+002
          9489  7.95419e+002  9.48900e+003 -1.06781e+002  2.34008e-001  8.00000e+002
          9490  7.95421e+002  9.49000e+003 -1.06779e+002  2.34004e-001  8.00000e+002
          9491  7.95417e+002  9.49100e+003 -1.06777e+002  2.34001e-001  8.00000e+002
          9492  7.95422e+002  9.49200e+003 -1.06774e+002  2.34002e-001  8.00000e+002
          9493  7.95426e+002  9.49300e+003 -1.06771e+002  2.34001e-001  8.00000e+002
          9494  7.95420e+002  9.49400e+003 -1.06769e+002  2.34001e-001  8.00000e+002
          9495  7.95416e+002  9.49500e+003 -1.06768e+002  2.34000e-001  8.00000e+002
          9496  7.95414e+002  9.49600e+003 -1.06767e+002  2.34000e-001  8.00000e+002
          9497  7.95415e+002  9.49700e+003 -1.06766e+002  2.34000e-001  8.00000e+002
          9498  7.95421e+002  9.49800e+003 -1.06765e+002  2.34000e-001  8.00000e+002
          9499  7.95417e+002  9.49900e+003 -1.06764e+002  2.34000e-001  8.00000e+002
          9500  7.95416e+002  9.50000e+003 -1.06763e+002  2.34000e-001  8.00000e+002
          9501  7.95421e+002  9.50100e+003 -1.06762e+002  2.34000e-001  8.00000e+002
          9502  7.95419e+002  9.50200e+003 -1.06760e+002  2.34000e-001  8.00000e+002
          9503  7.95413e+002  9.50300e+003 -1.06759e+002  2.34000e-001  8.00000e+002
          9504  7.95416e+002  9.50400e+003 -1.06760e+002  2.34000e-001  8.00000e+002
          9505  7.95416e+002  9.50500e+003 -1.06759e+002  2.34000e-001  8.00000e+002
          9506  7.95413e+002  9.50600e+003 -1.06757e+002  2.34000e-001  8.00000e+002
          9507  7.95412e+002  9.50700e+003 -1.06756e+002  2.34000e-001  8.00000e+002
          9508  7.95417e+002  9.50800e+003 -1.06752e+002  2.34000e-001  8.00000e+002
          9509  7.95411e+002  9.50900e+003 -1.06748e+002  2.34000e-001  8.00000e+002
          9510  7.95416e+002  9.51000e+003 -1.06743e+002  2.34000e-001  8.00000e+002
          9511  7.95415e+002  9.51100e+003 -1.06739e+002  2.34000e-001  8.00000e+002
          9512  7.95416e+002  9.51200e+003 -1.06735e+002  2.34000e-001  8.00000e+002
          9513  7.95413e+002  9.51300e+003 -1.06731e+002  2.34000e-001  8.00000e+002
          9514  7.95411e+002  9.51400e+003 -1.06728e+002  2.34000e-001  8.00000e+002
          9515  7.95411e+002  9.51500e+003 -1.06725e+002  2.34000e-001  8.00000e+002
          9516  7.95411e+002  9.51600e+003 -1.06720e+002  2.34000e-001  8.00000e+002
          9517  7.95411e+002  9.51700e+003 -1.06716e+002  2.34000e-001  8.00000e+002
          9518  7.95418e+002  9.51800e+003 -1.06712e+002  2.34000e-001  8.00000e+002
          9519  7.95417e+002  9.51900e+003 -1.06710e+002  2.34000e-001  8.00000e+002
          9520  7.95420e+002  9.52000e+003 -1.06707e+002  2.34000e-001  8.00000e+002
          9521  7.95416e+002  9.52100e+003 -1.06704e+002  2.34000e-001  8.00000e+002
          9522  7.95412e+002  9.52200e+003 -1.06701e+002  2.34000e-001  8.00000e+002
          9523  7.95420e+002  9.52300e+003 -1.06698e+002  2.34000e-001  8.00000e+002
          9524  7.95415e+002  9.52400e+003 -1.06699e+002  2.34000e-001  8.00000e+002
          9525  7.95415e+002  9.52500e+003 -1.06698e+002  2.34000e-001  8.00000e+002
          9526  7.95416e+002  9.52600e+003 -1.06696e+002  2.34000e-001  8.00000e+002
          9527  7.95415e+002  9.52700e+003 -1.06692e+002  2.34000e-001  8.00000e+002
          9528  7.95418e+002  9.52800e+003 -1.06693e+002  2.34000e-001  8.00000e+002
          9529  7.95410e+002  9.52900e+003 -1.06691e+002  2.34000e-001  8.00000e+002
          9530  7.95416e+002  9.53000e+003 -1.06689e+002  2.34000e-001  8.00000e+002
          9531  7.95419e+002  9.53100e+003 -1.06688e+002  2.34000e-001  8.00000e+002
          9532  7.95416e+002  9.53200e+003 -1.06686e+002  2.34000e-001  8.00000e+002
          9533  7.95419e+002  9.53300e+003 -1.06683e+002  2.34000e-001  8.00000e+002
          9534  7.95416e+002  9.53400e+003 -1.06680e+002  2.34000e-001  8.00000e+002
          9535  7.95421e+002  9.53500e+003 -1.06679e+002  2.34000e-001  8.00000e+002
          9536  7.95418e+002  9.53600e+003 -1.06675e+002  2.34000e-001  8.00000e+002
          9537  7.95418e+002  9.53700e+003 -1.06672e+002  2.34000e-001  8.00000e+002
          9538  7.95425e+002  9.53800e+003 -1.06669e+002  2.34000e-001  8.00000e+002
          9539  7.95423e+002  9.53900e+003 -1.06667e+002  2.34000e-001  8.00000e+002
          9540  7.95426e+002  9.54000e+003 -1.06665e+002  2.34000e-001  8.00000e+002
          9541  7.95424e+002  9.54100e+003 -1.06663e+002  2.34000e-001  8.00000e+002
          9542  7.95426e+002  9.54200e+003 -1.06661e+002  2.34000e-001  8.00000e+002
          9543  7.95427e+002  9.54300e+003 -1.06658e+002  2.34000e-001  8.00000e+002
          9544  7.95422e+002  9.54400e+003 -1.06657e+002  2.34000e-001  8.00000e+002
          9545  7.95425e+002  9.54500e+003 -1.06655e+002  2.34000e-001  8.00000e+002
          9546  7.95424e+002  9.54600e+003 -1.06655e+002  2.34000e-001  8.00000e+002
          9547  7.95429e+002  9.54700e+003 -1.06654e+002  2.34000e-001  8.00000e+002
          9548  7.95424e+002  9.54800e+003 -1.06653e+002  2.34000e-001  8.00000e+002
          9549  7.95427e+002  9.54900e+003 -1.06652e+002  2.34000e-001  8.00000e+002
          9550  7.95426e+002  9.55000e+003 -1.06653e+002  2.34000e-001  8.00000e+002
          9551  7.95430e+002  9.55100e+003 -1.06654e+002  2.34000e-001  8.00000e+002
          9552  7.95426e+002  9.55200e+003 -1.06655e+002  2.34000e-001  8.00000e+002
          9553  7.95432e+002  9.55300e+003 -1.06654e+002  2.34000e-001  8.00000e+002
          9554  7.95433e+002  9.55400e+003 -1.06652e+002  2.34000e-001  8.00000e+002
          9555  7.95433e+002  9.55500e+003 -1.06652e+002  2.34000e-001  8.00000e+002
          9556  7.95430e+002  9.55600e+003 -1.06653e+002  2.34000e-001  8.00000e+002
          9557  7.95425e+002  9.55700e+003 -1.06652e+002  2.34000e-001  8.00000e+002
          9558  7.95423e+002  9.55800e+003 -1.06652e+002  2.34000e-001  8.00000e+002
          9559  7.95421e+002  9.55900e+003 -1.06650e+002  2.34000e-001  8.00000e+002
          9560  7.95427e+002  9.56000e+003 -1.06647e+002  2.34000e-001  8.00000e+002
          9561  7.95427e+002  9.56100e+003 -1.06644e+002  2.34000e-001  8.00000e+002
          9562  7.95427e+002  9.56200e+003 -1.06641e+002  2.34000e-001  8.00000e+002
          9563  7.95430e+002  9.56300e+003 -1.06640e+002  2.34000e-001  8.00000e+002
          9564  7.95423e+002  9.56400e+003 -1.06638e+002  2.33889e-001  8.00000e+002
          9565  7.95422e+002  9.56500e+003 -1.06636e+002  2.33778e-001  8.00000e+002
          9566  7.95429e+002  9.56600e+003 -1.06634e+002  2.33667e-001  8.00000e+002
          9567  7.95423e+002  9.56700e+003 -1.06632e+002  2.33556e-001  8.00000e+002
          9568  7.95426e+002  9.56800e+003 -1.06627e+002  2.33355e-001  8.00000e+002
          9569  7.95433e+002  9.56900e+003 -1.06625e+002  2.33234e-001  8.00000e+002
          9570  7.95437e+002  9.57000e+003 -1.06624e+002  2.33142e-001  8.00000e+002
          9571  7.95437e+002  9.57100e+003 -1.06622e+002  2.33062e-001  8.00000e+002
          9572  7.95434e+002  9.57200e+003 -1.06624e+002  2.33072e-001  8.00000e+002
          9573  7.95432e+002  9.57300e+003 -1.06623e+002  2.33048e-001  8.00000e+002
          9574  7.95427e+002  9.57400e+003 -1.06621e+002  2.33025e-001  8.00000e+002
          9575  7.95428e+002  9.57500e+003 -1.06619e+002  2.33007e-001  8.00000e+002
          9576  7.95433e+002  9.57600e+003 -1.06618e+002  2.33012e-001  8.00000e+002
          9577  7.95431e+002  9.57700e+003 -1.06617e+002  2.33008e-001  8.00000e+002
          9578  7.95429e+002  9.57800e+003 -1.06616e+002  2.33004e-001  8.00000e+002
          9579  7.95427e+002  9.57900e+003 -1.06615e+002  2.33001e-001  8.00000e+002
          9580  7.95427e+002  9.58000e+003 -1.06618e+002  2.33002e-001  8.00000e+002
          9581  7.95428e+002  9.58100e+003 -1.06619e+002  2.33001e-001  8.00000e+002
          9582  7.95427e+002  9.58200e+003 -1.06618e+002  2.33001e-001  8.00000e+002
          9583  7.95430e+002  9.58300e+003 -1.06617e+002  2.33000e-001  8.00000e+002
          9584  7.95427e+002  9.58400e+003 -1.06616e+002  2.33000e-001  8.00000e+002
          9585  7.95426e+002  9.58500e+003 -1.06614e+002  2.33000e-001  8.00000e+002
          9586  7.95426e+002  9.58600e+003 -1.06613e+002  2.33000e-001  8.00000e+002
          9587  7.95429e+002  9.58700e+003 -1.06610e+002  2.33000e-001  8.00000e+002
          9588  7.95428e+002  9.58800e+003 -1.06609e+002  2.33000e-001  8.00000e+002
          9589  7.95421e+002  9.58900e+003 -1.06607e+002  2.33000e-001  8.00000e+002
          9590  7.95426e+002  9.59000e+003 -1.06606e+002  2.33000e-001  8.00000e+002
          9591  7.95427e+002  9.59100e+003 -1.06604e+002  2.33000e-001  8.00000e+002
          9592  7.95428e+002  9.59200e+003 -1.06599e+002  2.33000e-001  8.00000e+002
          9593  7.95433e+002  9.59300e+003 -1.06597e+002  2.33000e-001  8.00000e+002
          9594  7.95426e+002  9.59400e+003 -1.06594e+002  2.33000e-001  8.00000e+002
          9595  7.95424e+002  9.59500e+003 -1.06590e+002  2.33000e-001  8.00000e+002
          9596  7.95422e+002  9.59600e+003 -1.06586e+002  2.33000e-001  8.00000e+002
          9597  7.95424e+002  9.59700e+003 -1.06581e+002  2.33000e-001  8.00000e+002
          9598  7.95427e+002  9.59800e+003 -1.06578e+002  2.33000e-001  8.00000e+002
          9599  7.95427e+002  9.59900e+003 -1.06574e+002  2.33000e-001  8.00000e+002
          9600  7.95417e+002  9.60000e+003 -1.06571e+002  2.33000e-001  8.00000e+002
          9601  7.95422e+002  9.60100e+003 -1.06568e+002  2.33000e-001  8.00000e+002
          9602  7.95421e+002  9.60200e+003 -1.06567e+002  2.33000e-001  8.00000e+002
          9603  7.95429e+002  9.60300e+003 -1.06566e+002  2.33000e-001  8.00000e+002
          9604  7.95425e+002  9.60400e+003 -1.06559e+002  2.33000e-001  8.00000e+002
          9605  7.95423e+002  9.60500e+003 -1.06555e+002  2.33000e-001  8.00000e+002
          9606  7.95428e+002  9.60600e+003 -1.06553e+002  2.33000e-001  8.00000e+002
          9607  7.95426e+002  9.60700e+003 -1.06552e+002  2.33000e-001  8.00000e+002
          9608  7.95426e+002  9.60800e+003 -1.06556e+002  2.33000e-001  8.00000e+002
          9609  7.95428e+002  9.60900e+003 -1.06556e+002  2.33000e-001  8.00000e+002
          9610  7.95431e+002  9.61000e+003 -1.06557e+002  2.33000e-001  8.00000e+002
          9611  7.95426e+002  9.61100e+003 -1.06557e+002  2.33000e-001  8.00000e+002
          9612  7.95432e+002  9.61200e+003 -1.06555e+002  2.33000e-001  8.00000e+002
          9613  7.95433e+002  9.61300e+003 -1.06554e+002  2.33000e-001  8.00000e+002
          9614  7.95437e+002  9.61400e+003 -1.06553e+002  2.33000e-001  8.00000e+002
          9615  7.95433e+002  9.61500e+003 -1.06553e+002  2.33000e-001  8.00000e+002
          9616  7.95431e+002  9.61600e+003 -1.06552e+002  2.33000e-001  8.00000e+002
          9617  7.95431e+002  9.61700e+003 -1.06551e+002  2.33000e-001  8.00000e+002
          9618  7.95427e+002  9.61800e+003 -1.06549e+002  2.33000e-001  8.00000e+002
          9619  7.95428e+002  9.61900e+003 -1.06546e+002  2.33000e-001  8.00000e+002
          9620  7.95436e+002  9.62000e+003 -1.06542e+002  2.33000e-001  8.00000e+002
          9621  7.95429e+002  9.62100e+003 -1.06540e+002  2.33000e-001  8.00000e+002
          9622  7.95430e+002  9.62200e+003 -1.06537e+002  2.33000e-001  8.00000e+002
          9623  7.95427e+002  9.62300e+003 -1.06534e+002  2.33000e-001  8.00000e+002
          9624  7.95430e+002  9.62400e+003 -1.06532e+002  2.33000e-001  8.00000e+002
          9625  7.95427e+002  9.62500e+003 -1.06529e+002  2.33000e-001  8.00000e+002
          9626  7.95426e+002  9.62600e+003 -1.06526e+002  2.33000e-001  8.00000e+002
          9627  7.95436e+002  9.62700e+003 -1.06522e+002  2.33000e-001  8.00000e+002
          9628  7.95431e+002  9.62800e+003 -1.06520e+002  2.33000e-001  8.00000e+002
          9629  7.95431e+002  9.62900e+003 -1.06517e+002  2.33000e-001  8.00000e+002
          9630  7.95428e+002  9.63000e+003 -1.06516e+002  2.33000e-001  8.00000e+002
          9631  7.95435e+002  9.63100e+003 -1.06515e+002  2.33000e-001  8.00000e+002
          9632  7.95427e+002  9.63200e+003 -1.06512e+002  2.33000e-001  8.00000e+002
          9633  7.95437e+002  9.63300e+003 -1.06510e+002  2.33000e-001  8.00000e+002
          9634  7.95432e+002  9.63400e+003 -1.06508e+002  2.33000e-001  8.00000e+002
          9635  7.95432e+002  9.63500e+003 -1.06506e+002  2.33000e-001  8.00000e+002
          9636  7.95435e+002  9.63600e+003 -1.06506e+002  2.33000e-001  8.00000e+002
          9637  7.95426e+002  9.63700e+003 -1.06504e+002  2.33000e-001  8.00000e+002
          9638  7.95430e+002  9.63800e+003 -1.06502e+002  2.33000e-001  8.00000e+002
          9639  7.95428e+002  9.63900e+003 -1.06500e+002  2.33000e-001  8.00000e+002
          9640  7.95424e+002  9.64000e+003 -1.06498e+002  2.33000e-001  8.00000e+002
          9641  7.95431e+002  9.64100e+003 -1.06496e+002  2.33000e-001  8.00000e+002
          9642  7.95436e+002  9.64200e+003 -1.06495e+002  2.33000e-001  8.00000e+002
          9643  7.95435e+002  9.64300e+003 -1.06495e+002  2.33000e-001  8.00000e+002
          9644  7.95428e+002  9.64400e+003 -1.06491e+002  2.33000e-001  8.00000e+002
          9645  7.95431e+002  9.64500e+003 -1.06489e+002  2.33000e-001  8.00000e+002
          9646  7.95426e+002  9.64600e+003 -1.06487e+002  2.33000e-001  8.00000e+002
          9647  7.95428e+002  9.64700e+003 -1.06485e+002  2.33000e-001  8.00000e+002
          9648  7.95430e+002  9.64800e+003 -1.06484e+002  2.33000e-001  8.00000e+002
          9649  7.95431e+002  9.64900e+003 -1.06483e+002  2.33000e-001  8.00000e+002
          9650  7.95430e+002  9.65000e+003 -1.06482e+002  2.33000e-001  8.00000e+002
          9651  7.95426e+002  9.65100e+003 -1.06481e+002  2.33000e-001  8.00000e+002
          9652  7.95427e+002  9.65200e+003 -1.06480e+002  2.33000e-001  8.00000e+002
          9653  7.95427e+002  9.65300e+003 -1.06478e+002  2.33000e-001  8.00000e+002
          9654  7.95423e+002  9.65400e+003 -1.06475e+002  2.33000e-001  8.00000e+002
          9655  7.95430e+002  9.65500e+003 -1.06471e+002  2.33000e-001  8.00000e+002
          9656  7.95431e+002  9.65600e+003 -1.06470e+002  2.33000e-001  8.00000e+002
          9657  7.95425e+002  9.65700e+003 -1.06469e+002  2.33000e-001  8.00000e+002
          9658  7.95425e+002  9.65800e+003 -1.06465e+002  2.33000e-001  8.00000e+002
          9659  7.95422e+002  9.65900e+003 -1.06461e+002  2.33000e-001  8.00000e+002
          9660  7.95432e+002  9.66000e+003 -1.06458e+002  2.33000e-001  8.00000e+002
          9661  7.95429e+002  9.66100e+003 -1.06456e+002  2.33000e-001  8.00000e+002
          9662  7.95430e+002  9.66200e+003 -1.06453e+002  2.33000e-001  8.00000e+002
          9663  7.95431e+002  9.66300e+003 -1.06451e+002  2.33000e-001  8.00000e+002
          9664  7.95432e+002  9.66400e+003 -1.06448e+002  2.33000e-001  8.00000e+002
          9665  7.95433e+002  9.66500e+003 -1.06445e+002  2.33000e-001  8.00000e+002
          9666  7.95432e+002  9.66600e+003 -1.06442e+002  2.33000e-001  8.00000e+002
          9667  7.95434e+002  9.66700e+003 -1.06440e+002  2.33000e-001  8.00000e+002
          9668  7.95431e+002  9.66800e+003 -1.06436e+002  2.33000e-001  8.00000e+002
          9669  7.95425e+002  9.66900e+003 -1.06433e+002  2.33000e-001  8.00000e+002
          9670  7.95428e+002  9.67000e+003 -1.06430e+002  2.33000e-001  8.00000e+002
          9671  7.95435e+002  9.67100e+003 -1.06427e+002  2.33000e-001  8.00000e+002
          9672  7.95436e+002  9.67200e+003 -1.06426e+002  2.33000e-001  8.00000e+002
          9673  7.95430e+002  9.67300e+003 -1.06422e+002  2.33000e-001  8.00000e+002
          9674  7.95432e+002  9.67400e+003 -1.06419e+002  2.33000e-001  8.00000e+002
          9675  7.95436e+002  9.67500e+003 -1.06415e+002  2.33000e-001  8.00000e+002
          9676  7.95434e+002  9.67600e+003 -1.06411e+002  2.33000e-001  8.00000e+002
          9677  7.95429e+002  9.67700e+003 -1.06411e+002  2.33000e-001  8.00000e+002
          9678  7.95433e+002  9.67800e+003 -1.06411e+002  2.33000e-001  8.00000e+002
          9679  7.95434e+002  9.67900e+003 -1.06410e+002  2.33000e-001  8.00000e+002
          9680  7.95429e+002  9.68000e+003 -1.06409e+002  2.33000e-001  8.00000e+002
          9681  7.95437e+002  9.68100e+003 -1.06408e+002  2.33000e-001  8.00000e+002
          9682  7.95438e+002  9.68200e+003 -1.06406e+002  2.33000e-001  8.00000e+002
          9683  7.95429e+002  9.68300e+003 -1.06403e+002  2.33000e-001  8.00000e+002
          9684  7.95429e+002  9.68400e+003 -1.06406e+002  2.33000e-001  8.00000e+002
          9685  7.95430e+002  9.68500e+003 -1.06407e+002  2.33000e-001  8.00000e+002
          9686  7.95430e+002  9.68600e+003 -1.06407e+002  2.33000e-001  8.00000e+002
          9687  7.95424e+002  9.68700e+003 -1.06406e+002  2.33000e-001  8.00000e+002
          9688  7.95435e+002  9.68800e+003 -1.06406e+002  2.33000e-001  8.00000e+002
          9689  7.95435e+002  9.68900e+003 -1.06405e+002  2.33000e-001  8.00000e+002
          9690  7.95426e+002  9.69000e+003 -1.06403e+002  2.33000e-001  8.00000e+002
          9691  7.95432e+002  9.69100e+003 -1.06401e+002  2.33000e-001  8.00000e+002
          9692  7.95429e+002  9.69200e+003 -1.06399e+002  2.33000e-001  8.00000e+002
          9693  7.95431e+002  9.69300e+003 -1.06397e+002  2.33000e-001  8.00000e+002
          9694  7.95424e+002  9.69400e+003 -1.06394e+002  2.33000e-001  8.00000e+002
          9695  7.95427e+002  9.69500e+003 -1.06392e+002  2.33000e-001  8.00000e+002
          9696  7.95428e+002  9.69600e+003 -1.06390e+002  2.33000e-001  8.00000e+002
          9697  7.95429e+002  9.69700e+003 -1.06388e+002  2.33000e-001  8.00000e+002
          9698  7.95430e+002  9.69800e+003 -1.06386e+002  2.33000e-001  8.00000e+002
          9699  7.95437e+002  9.69900e+003 -1.06383e+002  2.33000e-001  8.00000e+002
          9700  7.95432e+002  9.70000e+003 -1.06379e+002  2.33000e-001  8.00000e+002
          9701  7.95427e+002  9.70100e+003 -1.06376e+002  2.33000e-001  8.00000e+002
          9702  7.95427e+002  9.70200e+003 -1.06372e+002  2.33000e-001  8.00000e+002
          9703  7.95429e+002  9.70300e+003 -1.06370e+002  2.33000e-001  8.00000e+002
          9704  7.95426e+002  9.70400e+003 -1.06370e+002  2.33000e-001  8.00000e+002
          9705  7.95429e+002  9.70500e+003 -1.06369e+002  2.33000e-001  8.00000e+002
          9706  7.95431e+002  9.70600e+003 -1.06367e+002  2.33000e-001  8.00000e+002
          9707  7.95430e+002  9.70700e+003 -1.06365e+002  2.33000e-001  8.00000e+002
          9708  7.95430e+002  9.70800e+003 -1.06359e+002  2.33000e-001  8.00000e+002
          9709  7.95432e+002  9.70900e+003 -1.06355e+002  2.33000e-001  8.00000e+002
          9710  7.95432e+002  9.71000e+003 -1.06351e+002  2.33000e-001  8.00000e+002
          9711  7.95428e+002  9.71100e+003 -1.06348e+002  2.33000e-001  8.00000e+002
          9712  7.95425e+002  9.71200e+003 -1.06346e+002  2.33000e-001  8.00000e+002
          9713  7.95429e+002  9.71300e+003 -1.06342e+002  2.33000e-001  8.00000e+002
          9714  7.95424e+002  9.71400e+003 -1.06339e+002  2.33000e-001  8.00000e+002
          9715  7.95426e+002  9.71500e+003 -1.06336e+002  2.33000e-001  8.00000e+002
          9716  7.95427e+002  9.71600e+003 -1.06330e+002  2.33000e-001  8.00000e+002
          9717  7.95426e+002  9.71700e+003 -1.06326e+002  2.33000e-001  8.00000e+002
          9718  7.95421e+002  9.71800e+003 -1.06322e+002  2.33000e-001  8.00000e+002
          9719  7.95424e+002  9.71900e+003 -1.06317e+002  2.33000e-001  8.00000e+002
          9720  7.95421e+002  9.72000e+003 -1.06316e+002  2.33000e-001  8.00000e+002
          9721  7.95427e+002  9.72100e+003 -1.06316e+002  2.33000e-001  8.00000e+002
          9722  7.95422e+002  9.72200e+003 -1.06315e+002  2.33000e-001  8.00000e+002
          9723  7.95428e+002  9.72300e+003 -1.06313e+002  2.33000e-001  8.00000e+002
          9724  7.95420e+002  9.72400e+003 -1.06312e+002  2.33000e-001  8.00000e+002
          9725  7.95425e+002  9.72500e+003 -1.06311e+002  2.33000e-001  8.00000e+002
          9726  7.95424e+002  9.72600e+003 -1.06310e+002  2.33000e-001  8.00000e+002
          9727  7.95427e+002  9.72700e+003 -1.06309e+002  2.33000e-001  8.00000e+002
          9728  7.95427e+002  9.72800e+003 -1.06311e+002  2.33000e-001  8.00000e+002
          9729  7.95429e+002  9.72900e+003 -1.06310e+002  2.33000e-001  8.00000e+002
          9730  7.95417e+002  9.73000e+003 -1.06310e+002  2.33000e-001  8.00000e+002
          9731  7.95423e+002  9.73100e+003 -1.06310e+002  2.33000e-001  8.00000e+002
          9732  7.95423e+002  9.73200e+003 -1.06308e+002  2.33000e-001  8.00000e+002
          9733  7.95430e+002  9.73300e+003 -1.06307e+002  2.33000e-001  8.00000e+002
          9734  7.95426e+002  9.73400e+003 -1.06305e+002  2.33000e-001  8.00000e+002
          9735  7.95427e+002  9.73500e+003 -1.06303e+002  2.33000e-001  8.00000e+002
          9736  7.95422e+002  9.73600e+003 -1.06301e+002  2.33000e-001  8.00000e+002
          9737  7.95426e+002  9.73700e+003 -1.06298e+002  2.33000e-001  8.00000e+002
          9738  7.95425e+002  9.73800e+003 -1.06296e+002  2.33000e-001  8.00000e+002
          9739  7.95414e+002  9.73900e+003 -1.06294e+002  2.33000e-001  8.00000e+002
          9740  7.95427e+002  9.74000e+003 -1.06288e+002  2.33000e-001  8.00000e+002
          9741  7.95426e+002  9.74100e+003 -1.06285e+002  2.33000e-001  8.00000e+002
          9742  7.95419e+002  9.74200e+003 -1.06282e+002  2.33000e-001  8.00000e+002
          9743  7.95429e+002  9.74300e+003 -1.06279e+002  2.33000e-001  8.00000e+002
          9744  7.95420e+002  9.74400e+003 -1.06276e+002  2.33000e-001  8.00000e+002
          9745  7.95421e+002  9.74500e+003 -1.06274e+002  2.33000e-001  8.00000e+002
          9746  7.95425e+002  9.74600e+003 -1.06272e+002  2.33000e-001  8.00000e+002
          9747  7.95423e+002  9.74700e+003 -1.06270e+002  2.33000e-001  8.00000e+002
          9748  7.95432e+002  9.74800e+003 -1.06268e+002  2.33000e-001  8.00000e+002
          9749  7.95420e+002  9.74900e+003 -1.06265e+002  2.33000e-001  8.00000e+002
          9750  7.95424e+002  9.75000e+003 -1.06263e+002  2.33000e-001  8.00000e+002
          9751  7.95431e+002  9.75100e+003 -1.06262e+002  2.33000e-001  8.00000e+002
          9752  7.95426e+002  9.75200e+003 -1.06259e+002  2.33000e-001  8.00000e+002
          9753  7.95427e+002  9.75300e+003 -1.06256e+002  2.33000e-001  8.00000e+002
          9754  7.95426e+002  9.75400e+003 -1.06253e+002  2.33000e-001  8.00000e+002
          9755  7.95426e+002  9.75500e+003 -1.06250e+002  2.33000e-001  8.00000e+002
          9756  7.95429e+002  9.75600e+003 -1.06247e+002  2.33000e-001  8.00000e+002
          9757  7.95426e+002  9.75700e+003 -1.06245e+002  2.33000e-001  8.00000e+002
          9758  7.95419e+002  9.75800e+003 -1.06244e+002  2.33000e-001  8.00000e+002
          9759  7.95415e+002  9.75900e+003 -1.06243e+002  2.33000e-001  8.00000e+002
          9760  7.95422e+002  9.76000e+003 -1.06243e+002  2.33000e-001  8.00000e+002
          9761  7.95419e+002  9.76100e+003 -1.06241e+002  2.33000e-001  8.00000e+002
          9762  7.95419e+002  9.76200e+003 -1.06238e+002  2.33000e-001  8.00000e+002
          9763  7.95418e+002  9.76300e+003 -1.06234e+002  2.33000e-001  8.00000e+002
          9764  7.95417e+002  9.76400e+003 -1.06235e+002  2.33000e-001  8.00000e+002
          9765  7.95411e+002  9.76500e+003 -1.06234e+002  2.33000e-001  8.00000e+002
          9766  7.95417e+002  9.76600e+003 -1.06233e+002  2.33000e-001  8.00000e+002
          9767  7.95411e+002  9.76700e+003 -1.06232e+002  2.33000e-001  8.00000e+002
          9768  7.95411e+002  9.76800e+003 -1.06229e+002  2.33000e-001  8.00000e+002
          9769  7.95412e+002  9.76900e+003 -1.06228e+002  2.33000e-001  8.00000e+002
          9770  7.95421e+002  9.77000e+003 -1.06226e+002  2.33000e-001  8.00000e+002
          9771  7.95413e+002  9.77100e+003 -1.06223e+002  2.33000e-001  8.00000e+002
          9772  7.95416e+002  9.77200e+003 -1.06219e+002  2.33000e-001  8.00000e+002
          9773  7.95413e+002  9.77300e+003 -1.06217e+002  2.33000e-001  8.00000e+002
          9774  7.95421e+002  9.77400e+003 -1.06216e+002  2.33000e-001  8.00000e+002
          9775  7.95418e+002  9.77500e+003 -1.06215e+002  2.33000e-001  8.00000e+002
          9776  7.95419e+002  9.77600e+003 -1.06215e+002  2.33000e-001  8.00000e+002
          9777  7.95415e+002  9.77700e+003 -1.06214e+002  2.33000e-001  8.00000e+002
          9778  7.95417e+002  9.77800e+003 -1.06213e+002  2.33000e-001  8.00000e+002
          9779  7.95419e+002  9.77900e+003 -1.06211e+002  2.33000e-001  8.00000e+002
          9780  7.95427e+002  9.78000e+003 -1.06208e+002  2.33000e-001  8.00000e+002
          9781  7.95423e+002  9.78100e+003 -1.06207e+002  2.33000e-001  8.00000e+002
          9782  7.95422e+002  9.78200e+003 -1.06208e+002  2.33000e-001  8.00000e+002
          9783  7.95420e+002  9.78300e+003 -1.06209e+002  2.33000e-001  8.00000e+002
          9784  7.95417e+002  9.78400e+003 -1.06212e+002  2.33000e-001  8.00000e+002
          9785  7.95415e+002  9.78500e+003 -1.06210e+002  2.33000e-001  8.00000e+002
          9786  7.95410e+002  9.78600e+003 -1.06208e+002  2.33000e-001  8.00000e+002
          9787  7.95415e+002  9.78700e+003 -1.06206e+002  2.33000e-001  8.00000e+002
          9788  7.95415e+002  9.78800e+003 -1.06204e+002  2.33000e-001  8.00000e+002
          9789  7.95419e+002  9.78900e+003 -1.06202e+002  2.33000e-001  8.00000e+002
          9790  7.95413e+002  9.79000e+003 -1.06200e+002  2.33000e-001  8.00000e+002
          9791  7.95418e+002  9.79100e+003 -1.06200e+002  2.33000e-001  8.00000e+002
          9792  7.95410e+002  9.79200e+003 -1.06198e+002  2.33000e-001  8.00000e+002
          9793  7.95420e+002  9.79300e+003 -1.06196e+002  2.33000e-001  8.00000e+002
          9794  7.95418e+002  9.79400e+003 -1.06195e+002  2.33000e-001  8.00000e+002
          9795  7.95421e+002  9.79500e+003 -1.06193e+002  2.33000e-001  8.00000e+002
          9796  7.95419e+002  9.79600e+003 -1.06193e+002  2.33000e-001  8.00000e+002
          9797  7.95425e+002  9.79700e+003 -1.06193e+002  2.33000e-001  8.00000e+002
          9798  7.95420e+002  9.79800e+003 -1.06192e+002  2.33000e-001  8.00000e+002
          9799  7.95424e+002  9.79900e+003 -1.06191e+002  2.33000e-001  8.00000e+002
          9800  7.95418e+002  9.80000e+003 -1.06190e+002  2.33000e-001  8.00000e+002
          9801  7.95415e+002  9.80100e+003 -1.06187e+002  2.33000e-001  8.00000e+002
          9802  7.95426e+002  9.80200e+003 -1.06183e+002  2.33000e-001  8.00000e+002
          9803  7.95421e+002  9.80300e+003 -1.06181e+002  2.33000e-001  8.00000e+002
          9804  7.95418e+002  9.80400e+003 -1.06181e+002  2.33000e-001  8.00000e+002
          9805  7.95422e+002  9.80500e+003 -1.06179e+002  2.33000e-001  8.00000e+002
          9806  7.95422e+002  9.80600e+003 -1.06177e+002  2.33000e-001  8.00000e+002
          9807  7.95415e+002  9.80700e+003 -1.06174e+002  2.33000e-001  8.00000e+002
          9808  7.95425e+002  9.80800e+003 -1.06168e+002  2.33000e-001  8.00000e+002
          9809  7.95419e+002  9.80900e+003 -1.06164e+002  2.33000e-001  8.00000e+002
          9810  7.95424e+002  9.81000e+003 -1.06161e+002  2.33000e-001  8.00000e+002
          9811  7.95426e+002  9.81100e+003 -1.06158e+002  2.33000e-001  8.00000e+002
          9812  7.95421e+002  9.81200e+003 -1.06159e+002  2.33000e-001  8.00000e+002
          9813  7.95419e+002  9.81300e+003 -1.06158e+002  2.33000e-001  8.00000e+002
          9814  7.95418e+002  9.81400e+003 -1.06155e+002  2.33000e-001  8.00000e+002
          9815  7.95425e+002  9.81500e+003 -1.06152e+002  2.33000e-001  8.00000e+002
          9816  7.95419e+002  9.81600e+003 -1.06147e+002  2.32972e-001  8.00000e+002
          9817  7.95411e+002  9.81700e+003 -1.06145e+002  2.32882e-001  8.00000e+002
          9818  7.95418e+002  9.81800e+003 -1.06142e+002  2.32776e-001  8.00000e+002
          9819  7.95420e+002  9.81900e+003 -1.06139e+002  2.32667e-001  8.00000e+002
          9820  7.95420e+002  9.82000e+003 -1.06137e+002  2.32498e-001  8.00000e+002
          9821  7.95422e+002  9.82100e+003 -1.06134e+002  2.32377e-001  8.00000e+002
          9822  7.95419e+002  9.82200e+003 -1.06130e+002  2.32276e-001  8.00000e+002
          9823  7.95421e+002  9.82300e+003 -1.06126e+002  2.32185e-001  8.00000e+002
          9824  7.95426e+002  9.82400e+003 -1.06120e+002  2.32144e-001  8.00000e+002
          9825  7.95426e+002  9.82500e+003 -1.06117e+002  2.32095e-001  8.00000e+002
          9826  7.95428e+002  9.82600e+003 -1.06114e+002  2.32055e-001  8.00000e+002
          9827  7.95427e+002  9.82700e+003 -1.06111e+002  2.32021e-001  8.00000e+002
          9828  7.95423e+002  9.82800e+003 -1.06109e+002  2.32027e-001  8.00000e+002
          9829  7.95419e+002  9.82900e+003 -1.06106e+002  2.32018e-001  8.00000e+002
          9830  7.95417e+002  9.83000e+003 -1.06104e+002  2.32009e-001  8.00000e+002
          9831  7.95424e+002  9.83100e+003 -1.06104e+002  2.32002e-001  8.00000e+002
          9832  7.95417e+002  9.83200e+003 -1.06104e+002  2.32005e-001  8.00000e+002
          9833  7.95418e+002  9.83300e+003 -1.06103e+002  2.32003e-001  8.00000e+002
          9834  7.95416e+002  9.83400e+003 -1.06101e+002  2.32001e-001  8.00000e+002
          9835  7.95414e+002  9.83500e+003 -1.06099e+002  2.32000e-001  8.00000e+002
          9836  7.95425e+002  9.83600e+003 -1.06099e+002  2.32001e-001  8.00000e+002
          9837  7.95418e+002  9.83700e+003 -1.06099e+002  2.32000e-001  8.00000e+002
          9838  7.95418e+002  9.83800e+003 -1.06098e+002  2.32000e-001  8.00000e+002
          9839  7.95418e+002  9.83900e+003 -1.06096e+002  2.32000e-001  8.00000e+002
          9840  7.95416e+002  9.84000e+003 -1.06094e+002  2.32000e-001  8.00000e+002
          9841  7.95419e+002  9.84100e+003 -1.06093e+002  2.32000e-001  8.00000e+002
          9842  7.95416e+002  9.84200e+003 -1.06091e+002  2.32000e-001  8.00000e+002
          9843  7.95417e+002  9.84300e+003 -1.06089e+002  2.32000e-001  8.00000e+002
          9844  7.95419e+002  9.84400e+003 -1.06085e+002  2.32000e-001  8.00000e+002
          9845  7.95418e+002  9.84500e+003 -1.06082e+002  2.32000e-001  8.00000e+002
          9846  7.95423e+002  9.84600e+003 -1.06080e+002  2.32000e-001  8.00000e+002
          9847  7.95423e+002  9.84700e+003 -1.06078e+002  2.32000e-001  8.00000e+002
          9848  7.95419e+002  9.84800e+003 -1.06076e+002  2.32000e-001  8.00000e+002
          9849  7.95417e+002  9.84900e+003 -1.06074e+002  2.32000e-001  8.00000e+002
          9850  7.95416e+002  9.85000e+003 -1.06072e+002  2.32000e-001  8.00000e+002
          9851  7.95417e+002  9.85100e+003 -1.06071e+002  2.32000e-001  8.00000e+002
          9852  7.95421e+002  9.85200e+003 -1.06070e+002  2.32000e-001  8.00000e+002
          9853  7.95417e+002  9.85300e+003 -1.06068e+002  2.32000e-001  8.00000e+002
          9854  7.95416e+002  9.85400e+003 -1.06066e+002  2.32000e-001  8.00000e+002
          9855  7.95423e+002  9.85500e+003 -1.06064e+002  2.32000e-001  8.00000e+002
          9856  7.95417e+002  9.85600e+003 -1.06064e+002  2.32000e-001  8.00000e+002
          9857  7.95417e+002  9.85700e+003 -1.06064e+002  2.32000e-001  8.00000e+002
          9858  7.95421e+002  9.85800e+003 -1.06062e+002  2.32000e-001  8.00000e+002
          9859  7.95420e+002  9.85900e+003 -1.06060e+002  2.32000e-001  8.00000e+002
          9860  7.95422e+002  9.86000e+003 -1.06060e+002  2.32000e-001  8.00000e+002
          9861  7.95419e+002  9.86100e+003 -1.06060e+002  2.32000e-001  8.00000e+002
          9862  7.95419e+002  9.86200e+003 -1.06059e+002  2.32000e-001  8.00000e+002
          9863  7.95422e+002  9.86300e+003 -1.06058e+002  2.32000e-001  8.00000e+002
          9864  7.95423e+002  9.86400e+003 -1.06057e+002  2.32000e-001  8.00000e+002
          9865  7.95424e+002  9.86500e+003 -1.06055e+002  2.32000e-001  8.00000e+002
          9866  7.95417e+002  9.86600e+003 -1.06054e+002  2.32000e-001  8.00000e+002
          9867  7.95423e+002  9.86700e+003 -1.06053e+002  2.32000e-001  8.00000e+002
          9868  7.95424e+002  9.86800e+003 -1.06052e+002  2.32000e-001  8.00000e+002
          9869  7.95426e+002  9.86900e+003 -1.06052e+002  2.32000e-001  8.00000e+002
          9870  7.95422e+002  9.87000e+003 -1.06051e+002  2.32000e-001  8.00000e+002
          9871  7.95426e+002  9.87100e+003 -1.06048e+002  2.32000e-001  8.00000e+002
          9872  7.95420e+002  9.87200e+003 -1.06046e+002  2.32000e-001  8.00000e+002
          9873  7.95422e+002  9.87300e+003 -1.06044e+002  2.32000e-001  8.00000e+002
          9874  7.95418e+002  9.87400e+003 -1.06042e+002  2.32000e-001  8.00000e+002
          9875  7.95420e+002  9.87500e+003 -1.06039e+002  2.32000e-001  8.00000e+002
          9876  7.95424e+002  9.87600e+003 -1.06037e+002  2.32000e-001  8.00000e+002
          9877  7.95425e+002  9.87700e+003 -1.06036e+002  2.32000e-001  8.00000e+002
          9878  7.95425e+002  9.87800e+003 -1.06034e+002  2.32000e-001  8.00000e+002
          9879  7.95422e+002  9.87900e+003 -1.06032e+002  2.32000e-001  8.00000e+002
          9880  7.95428e+002  9.88000e+003 -1.06027e+002  2.32000e-001  8.00000e+002
          9881  7.95430e+002  9.88100e+003 -1.06025e+002  2.32000e-001  8.00000e+002
          9882  7.95425e+002  9.88200e+003 -1.06023e+002  2.32000e-001  8.00000e+002
          9883  7.95424e+002  9.88300e+003 -1.06022e+002  2.32000e-001  8.00000e+002
          9884  7.95428e+002  9.88400e+003 -1.06024e+002  2.32000e-001  8.00000e+002
          9885  7.95431e+002  9.88500e+003 -1.06023e+002  2.32000e-001  8.00000e+002
          9886  7.95431e+002  9.88600e+003 -1.06022e+002  2.32000e-001  8.00000e+002
          9887  7.95415e+002  9.88700e+003 -1.06022e+002  2.32000e-001  8.00000e+002
          9888  7.95423e+002  9.88800e+003 -1.06022e+002  2.32000e-001  8.00000e+002
          9889  7.95423e+002  9.88900e+003 -1.06021e+002  2.32000e-001  8.00000e+002
          9890  7.95429e+002  9.89000e+003 -1.06019e+002  2.32000e-001  8.00000e+002
          9891  7.95423e+002  9.89100e+003 -1.06015e+002  2.32000e-001  8.00000e+002
          9892  7.95424e+002  9.89200e+003 -1.06012e+002  2.32000e-001  8.00000e+002
          9893  7.95422e+002  9.89300e+003 -1.06009e+002  2.32000e-001  8.00000e+002
          9894  7.95428e+002  9.89400e+003 -1.06008e+002  2.32000e-001  8.00000e+002
          9895  7.95417e+002  9.89500e+003 -1.06006e+002  2.32000e-001  8.00000e+002
          9896  7.95416e+002  9.89600e+003 -1.06002e+002  2.32000e-001  8.00000e+002
          9897  7.95419e+002  9.89700e+003 -1.05999e+002  2.32000e-001  8.00000e+002
          9898  7.95422e+002  9.89800e+003 -1.05997e+002  2.32000e-001  8.00000e+002
          9899  7.95423e+002  9.89900e+003 -1.05995e+002  2.32000e-001  8.00000e+002
          9900  7.95425e+002  9.90000e+003 -1.05991e+002  2.32000e-001  8.00000e+002
          9901  7.95421e+002  9.90100e+003 -1.05988e+002  2.32000e-001  8.00000e+002
          9902  7.95422e+002  9.90200e+003 -1.05985e+002  2.32000e-001  8.00000e+002
          9903  7.95421e+002  9.90300e+003 -1.05983e+002  2.32000e-001  8.00000e+002
          9904  7.95422e+002  9.90400e+003 -1.05984e+002  2.32000e-001  8.00000e+002
          9905  7.95420e+002  9.90500e+003 -1.05983e+002  2.32000e-001  8.00000e+002
          9906  7.95420e+002  9.90600e+003 -1.05981e+002  2.32000e-001  8.00000e+002
          9907  7.95423e+002  9.90700e+003 -1.05979e+002  2.32000e-001  8.00000e+002
          9908  7.95426e+002  9.90800e+003 -1.05977e+002  2.32000e-001  8.00000e+002
          9909  7.95423e+002  9.90900e+003 -1.05975e+002  2.32000e-001  8.00000e+002
          9910  7.95426e+002  9.91000e+003 -1.05973e+002  2.32000e-001  8.00000e+002
          9911  7.95426e+002  9.91100e+003 -1.05971e+002  2.32000e-001  8.00000e+002
          9912  7.95432e+002  9.91200e+003 -1.05967e+002  2.32000e-001  8.00000e+002
          9913  7.95430e+002  9.91300e+003 -1.05964e+002  2.32000e-001  8.00000e+002
          9914  7.95425e+002  9.91400e+003 -1.05963e+002  2.32000e-001  8.00000e+002
          9915  7.95429e+002  9.91500e+003 -1.05963e+002  2.32000e-001  8.00000e+002
          9916  7.95422e+002  9.91600e+003 -1.05963e+002  2.32000e-001  8.00000e+002
          9917  7.95425e+002  9.91700e+003 -1.05963e+002  2.32000e-001  8.00000e+002
          9918  7.95429e+002  9.91800e+003 -1.05962e+002  2.32000e-001  8.00000e+002
          9919  7.95423e+002  9.91900e+003 -1.05961e+002  2.32000e-001  8.00000e+002
          9920  7.95431e+002  9.92000e+003 -1.05959e+002  2.32000e-001  8.00000e+002
          9921  7.95426e+002  9.92100e+003 -1.05956e+002  2.32000e-001  8.00000e+002
          9922  7.95426e+002  9.92200e+003 -1.05954e+002  2.32000e-001  8.00000e+002
          9923  7.95423e+002  9.92300e+003 -1.05953e+002  2.32000e-001  8.00000e+002
          9924  7.95424e+002  9.92400e+003 -1.05954e+002  2.32000e-001  8.00000e+002
          9925  7.95425e+002  9.92500e+003 -1.05952e+002  2.32000e-001  8.00000e+002
          9926  7.95421e+002  9.92600e+003 -1.05949e+002  2.32000e-001  8.00000e+002
          9927  7.95422e+002  9.92700e+003 -1.05945e+002  2.32000e-001  8.00000e+002
          9928  7.95416e+002  9.92800e+003 -1.05938e+002  2.32000e-001  8.00000e+002
          9929  7.95419e+002  9.92900e+003 -1.05933e+002  2.32000e-001  8.00000e+002
          9930  7.95419e+002  9.93000e+003 -1.05929e+002  2.32000e-001  8.00000e+002
          9931  7.95412e+002  9.93100e+003 -1.05924e+002  2.32000e-001  8.00000e+002
          9932  7.95417e+002  9.93200e+003 -1.05921e+002  2.32000e-001  8.00000e+002
          9933  7.95417e+002  9.93300e+003 -1.05919e+002  2.32000e-001  8.00000e+002
          9934  7.95424e+002  9.93400e+003 -1.05918e+002  2.32000e-001  8.00000e+002
          9935  7.95422e+002  9.93500e+003 -1.05918e+002  2.32000e-001  8.00000e+002
          9936  7.95428e+002  9.93600e+003 -1.05916e+002  2.32000e-001  8.00000e+002
          9937  7.95422e+002  9.93700e+003 -1.05914e+002  2.32000e-001  8.00000e+002
          9938  7.95424e+002  9.93800e+003 -1.05911e+002  2.32000e-001  8.00000e+002
          9939  7.95420e+002  9.93900e+003 -1.05908e+002  2.32000e-001  8.00000e+002
          9940  7.95418e+002  9.94000e+003 -1.05913e+002  2.32000e-001  8.00000e+002
          9941  7.95416e+002  9.94100e+003 -1.05914e+002  2.32000e-001  8.00000e+002
          9942  7.95419e+002  9.94200e+003 -1.05914e+002  2.32000e-001  8.00000e+002
          9943  7.95412e+002  9.94300e+003 -1.05913e+002  2.32000e-001  8.00000e+002
          9944  7.95410e+002  9.94400e+003 -1.05913e+002  2.32000e-001  8.00000e+002
          9945  7.95421e+002  9.94500e+003 -1.05911e+002  2.32000e-001  8.00000e+002
          9946  7.95426e+002  9.94600e+003 -1.05911e+002  2.32000e-001  8.00000e+002
          9947  7.95427e+002  9.94700e+003 -1.05910e+002  2.32000e-001  8.00000e+002
          9948  7.95418e+002  9.94800e+003 -1.05909e+002  2.32000e-001  8.00000e+002
          9949  7.95422e+002  9.94900e+003 -1.05908e+002  2.32000e-001  8.00000e+002
          9950  7.95419e+002  9.95000e+003 -1.05907e+002  2.32000e-001  8.00000e+002
          9951  7.95429e+002  9.95100e+003 -1.05905e+002  2.32000e-001  8.00000e+002
          9952  7.95426e+002  9.95200e+003 -1.05899e+002  2.32000e-001  8.00000e+002
          9953  7.95426e+002  9.95300e+003 -1.05895e+002  2.32000e-001  8.00000e+002
          9954  7.95426e+002  9.95400e+003 -1.05892e+002  2.32000e-001  8.00000e+002
          9955  7.95426e+002  9.95500e+003 -1.05891e+002  2.32000e-001  8.00000e+002
          9956  7.95423e+002  9.95600e+003 -1.05887e+002  2.32000e-001  8.00000e+002
          9957  7.95434e+002  9.95700e+003 -1.05884e+002  2.32000e-001  8.00000e+002
          9958  7.95422e+002  9.95800e+003 -1.05882e+002  2.32000e-001  8.00000e+002
          9959  7.95429e+002  9.95900e+003 -1.05879e+002  2.32000e-001  8.00000e+002
          9960  7.95429e+002  9.96000e+003 -1.05876e+002  2.32000e-001  8.00000e+002
          9961  7.95434e+002  9.96100e+003 -1.05875e+002  2.32000e-001  8.00000e+002
          9962  7.95428e+002  9.96200e+003 -1.05874e+002  2.32000e-001  8.00000e+002
          9963  7.95427e+002  9.96300e+003 -1.05873e+002  2.32000e-001  8.00000e+002
          9964  7.95427e+002  9.96400e+003 -1.05875e+002  2.32000e-001  8.00000e+002
          9965  7.95427e+002  9.96500e+003 -1.05875e+002  2.32000e-001  8.00000e+002
          9966  7.95432e+002  9.96600e+003 -1.05875e+002  2.32000e-001  8.00000e+002
          9967  7.95430e+002  9.96700e+003 -1.05876e+002  2.32000e-001  8.00000e+002
          9968  7.95428e+002  9.96800e+003 -1.05875e+002  2.32000e-001  8.00000e+002
          9969  7.95427e+002  9.96900e+003 -1.05874e+002  2.32000e-001  8.00000e+002
          9970  7.95429e+002  9.97000e+003 -1.05873e+002  2.32000e-001  8.00000e+002
          9971  7.95424e+002  9.97100e+003 -1.05872e+002  2.32000e-001  8.00000e+002
          9972  7.95426e+002  9.97200e+003 -1.05870e+002  2.32000e-001  8.00000e+002
          9973  7.95422e+002  9.97300e+003 -1.05869e+002  2.32000e-001  8.00000e+002
          9974  7.95424e+002  9.97400e+003 -1.05868e+002  2.32000e-001  8.00000e+002
          9975  7.95421e+002  9.97500e+003 -1.05867e+002  2.32000e-001  8.00000e+002
          9976  7.95419e+002  9.97600e+003 -1.05865e+002  2.32000e-001  8.00000e+002
          9977  7.95425e+002  9.97700e+003 -1.05863e+002  2.32000e-001  8.00000e+002
          9978  7.95424e+002  9.97800e+003 -1.05860e+002  2.32000e-001  8.00000e+002
          9979  7.95426e+002  9.97900e+003 -1.05856e+002  2.32000e-001  8.00000e+002
          9980  7.95421e+002  9.98000e+003 -1.05853e+002  2.32000e-001  8.00000e+002
          9981  7.95424e+002  9.98100e+003 -1.05849e+002  2.32000e-001  8.00000e+002
          9982  7.95424e+002  9.98200e+003 -1.05846e+002  2.32000e-001  8.00000e+002
          9983  7.95426e+002  9.98300e+003 -1.05845e+002  2.32000e-001  8.00000e+002
          9984  7.95424e+002  9.98400e+003 -1.05841e+002  2.32000e-001  8.00000e+002
          9985  7.95423e+002  9.98500e+003 -1.05839e+002  2.32000e-001  8.00000e+002
          9986  7.95434e+002  9.98600e+003 -1.05837e+002  2.32000e-001  8.00000e+002
          9987  7.95422e+002  9.98700e+003 -1.05834e+002  2.32000e-001  8.00000e+002
          9988  7.95426e+002  9.98800e+003 -1.05830e+002  2.32000e-001  8.00000e+002
          9989  7.95429e+002  9.98900e+003 -1.05828e+002  2.32000e-001  8.00000e+002
          9990  7.95429e+002  9.99000e+003 -1.05826e+002  2.32000e-001  8.00000e+002
          9991  7.95428e+002  9.99100e+003 -1.05825e+002  2.32000e-001  8.00000e+002
          9992  7.95422e+002  9.99200e+003 -1.05828e+002  2.32000e-001  8.00000e+002
          9993  7.95427e+002  9.99300e+003 -1.05829e+002  2.32000e-001  8.00000e+002
          9994  7.95420e+002  9.99400e+003 -1.05830e+002  2.32000e-001  8.00000e+002
          9995  7.95429e+002  9.99500e+003 -1.05830e+002  2.32000e-001  8.00000e+002
          9996  7.95425e+002  9.99600e+003 -1.05827e+002  2.32000e-001  8.00000e+002
          9997  7.95431e+002  9.99700e+003 -1.05824e+002  2.32000e-001  8.00000e+002
          9998  7.95425e+002  9.99800e+003 -1.05820e+002  2.32000e-001  8.00000e+002
          9999  7.95422e+002  9.99900e+003 -1.05817e+002  2.32000e-001  8.00000e+002
         10000  7.95425e+002  1.00000e+004 -1.05815e+002  2.32000e-001  8.00000e+002
         10001  7.95429e+002  1.00010e+004 -1.05812e+002  2.32000e-001  8.00000e+002
         10002  7.95426e+002  1.00020e+004 -1.05809e+002  2.32000e-001  8.00000e+002
         10003  7.95428e+002  1.00030e+004 -1.05806e+002  2.32000e-001  8.00000e+002
         10004  7.95430e+002  1.00040e+004 -1.05798e+002  2.32000e-001  8.00000e+002
         10005  7.95427e+002  1.00050e+004 -1.05796e+002  2.32000e-001  8.00000e+002
         10006  7.95432e+002  1.00060e+004 -1.05794e+002  2.32000e-001  8.00000e+002
         10007  7.95428e+002  1.00070e+004 -1.05792e+002  2.32000e-001  8.00000e+002
         10008  7.95426e+002  1.00080e+004 -1.05790e+002  2.32000e-001  8.00000e+002
         10009  7.95430e+002  1.00090e+004 -1.05790e+002  2.32000e-001  8.00000e+002
         10010  7.95424e+002  1.00100e+004 -1.05788e+002  2.32000e-001  8.00000e+002
         10011  7.95417e+002  1.00110e+004 -1.05787e+002  2.32000e-001  8.00000e+002
         10012  7.95426e+002  1.00120e+004 -1.05792e+002  2.32000e-001  8.00000e+002
         10013  7.95430e+002  1.00130e+004 -1.05793e+002  2.32000e-001  8.00000e+002
         10014  7.95426e+002  1.00140e+004 -1.05794e+002  2.32000e-001  8.00000e+002
         10015  7.95427e+002  1.00150e+004 -1.05794e+002  2.32000e-001  8.00000e+002
         10016  7.95425e+002  1.00160e+004 -1.05795e+002  2.32000e-001  8.00000e+002
         10017  7.95424e+002  1.00170e+004 -1.05795e+002  2.32000e-001  8.00000e+002
         10018  7.95419e+002  1.00180e+004 -1.05796e+002  2.32000e-001  8.00000e+002
         10019  7.95429e+002  1.00190e+004 -1.05795e+002  2.32000e-001  8.00000e+002
         10020  7.95423e+002  1.00200e+004 -1.05794e+002  2.32000e-001  8.00000e+002
         10021  7.95412e+002  1.00210e+004 -1.05793e+002  2.32000e-001  8.00000e+002
         10022  7.95422e+002  1.00220e+004 -1.05792e+002  2.32000e-001  8.00000e+002
         10023  7.95421e+002  1.00230e+004 -1.05791e+002  2.32000e-001  8.00000e+002
         10024  7.95424e+002  1.00240e+004 -1.05786e+002  2.32000e-001  8.00000e+002
         10025  7.95426e+002  1.00250e+004 -1.05782e+002  2.32000e-001  8.00000e+002
         10026  7.95420e+002  1.00260e+004 -1.05779e+002  2.32000e-001  8.00000e+002
         10027  7.95429e+002  1.00270e+004 -1.05776e+002  2.32000e-001  8.00000e+002
         10028  7.95429e+002  1.00280e+004 -1.05771e+002  2.32000e-001  8.00000e+002
         10029  7.95429e+002  1.00290e+004 -1.05766e+002  2.32000e-001  8.00000e+002
         10030  7.95431e+002  1.00300e+004 -1.05762e+002  2.32000e-001  8.00000e+002
         10031  7.95424e+002  1.00310e+004 -1.05759e+002  2.32000e-001  8.00000e+002
         10032  7.95427e+002  1.00320e+004 -1.05754e+002  2.32000e-001  8.00000e+002
         10033  7.95425e+002  1.00330e+004 -1.05751e+002  2.32000e-001  8.00000e+002
         10034  7.95425e+002  1.00340e+004 -1.05748e+002  2.32000e-001  8.00000e+002
         10035  7.95427e+002  1.00350e+004 -1.05746e+002  2.32000e-001  8.00000e+002
         10036  7.95424e+002  1.00360e+004 -1.05745e+002  2.32000e-001  8.00000e+002
         10037  7.95433e+002  1.00370e+004 -1.05743e+002  2.32000e-001  8.00000e+002
         10038  7.95440e+002  1.00380e+004 -1.05741e+002  2.32000e-001  8.00000e+002
         10039  7.95438e+002  1.00390e+004 -1.05740e+002  2.32000e-001  8.00000e+002
         10040  7.95437e+002  1.00400e+004 -1.05745e+002  2.32000e-001  8.00000e+002
         10041  7.95435e+002  1.00410e+004 -1.05747e+002  2.32000e-001  8.00000e+002
         10042  7.95432e+002  1.00420e+004 -1.05747e+002  2.32000e-001  8.00000e+002
         10043  7.95427e+002  1.00430e+004 -1.05748e+002  2.32000e-001  8.00000e+002
         10044  7.95436e+002  1.00440e+004 -1.05748e+002  2.32000e-001  8.00000e+002
         10045  7.95431e+002  1.00450e+004 -1.05748e+002  2.32000e-001  8.00000e+002
         10046  7.95440e+002  1.00460e+004 -1.05748e+002  2.32000e-001  8.00000e+002
         10047  7.95430e+002  1.00470e+004 -1.05747e+002  2.32000e-001  8.00000e+002
         10048  7.95433e+002  1.00480e+004 -1.05750e+002  2.32000e-001  8.00000e+002
         10049  7.95440e+002  1.00490e+004 -1.05749e+002  2.32000e-001  8.00000e+002
         10050  7.95438e+002  1.00500e+004 -1.05748e+002  2.32000e-001  8.00000e+002
         10051  7.95428e+002  1.00510e+004 -1.05745e+002  2.32000e-001  8.00000e+002
         10052  7.95437e+002  1.00520e+004 -1.05740e+002  2.32000e-001  8.00000e+002
         10053  7.95439e+002  1.00530e+004 -1.05737e+002  2.32000e-001  8.00000e+002
         10054  7.95434e+002  1.00540e+004 -1.05734e+002  2.32000e-001  8.00000e+002
         10055  7.95430e+002  1.00550e+004 -1.05732e+002  2.32000e-001  8.00000e+002
         10056  7.95426e+002  1.00560e+004 -1.05729e+002  2.32000e-001  8.00000e+002
         10057  7.95428e+002  1.00570e+004 -1.05727e+002  2.32000e-001  8.00000e+002
         10058  7.95436e+002  1.00580e+004 -1.05723e+002  2.32000e-001  8.00000e+002
         10059  7.95432e+002  1.00590e+004 -1.05720e+002  2.32000e-001  8.00000e+002
         10060  7.95436e+002  1.00600e+004 -1.05716e+002  2.32000e-001  8.00000e+002
         10061  7.95430e+002  1.00610e+004 -1.05713e+002  2.32000e-001  8.00000e+002
         10062  7.95426e+002  1.00620e+004 -1.05711e+002  2.32000e-001  8.00000e+002
         10063  7.95430e+002  1.00630e+004 -1.05710e+002  2.32000e-001  8.00000e+002
         10064  7.95439e+002  1.00640e+004 -1.05709e+002  2.32000e-001  8.00000e+002
         10065  7.95438e+002  1.00650e+004 -1.05706e+002  2.32000e-001  8.00000e+002
         10066  7.95430e+002  1.00660e+004 -1.05704e+002  2.32000e-001  8.00000e+002
         10067  7.95435e+002  1.00670e+004 -1.05702e+002  2.32000e-001  8.00000e+002
         10068  7.95435e+002  1.00680e+004 -1.05702e+002  2.32000e-001  8.00000e+002
         10069  7.95437e+002  1.00690e+004 -1.05701e+002  2.32000e-001  8.00000e+002
         10070  7.95432e+002  1.00700e+004 -1.05700e+002  2.32000e-001  8.00000e+002
         10071  7.95435e+002  1.00710e+004 -1.05698e+002  2.32000e-001  8.00000e+002
         10072  7.95432e+002  1.00720e+004 -1.05698e+002  2.32000e-001  8.00000e+002
         10073  7.95428e+002  1.00730e+004 -1.05696e+002  2.32000e-001  8.00000e+002
         10074  7.95434e+002  1.00740e+004 -1.05695e+002  2.32000e-001  8.00000e+002
         10075  7.95435e+002  1.00750e+004 -1.05693e+002  2.32000e-001  8.00000e+002
         10076  7.95436e+002  1.00760e+004 -1.05693e+002  2.32000e-001  8.00000e+002
         10077  7.95429e+002  1.00770e+004 -1.05692e+002  2.32000e-001  8.00000e+002
         10078  7.95424e+002  1.00780e+004 -1.05690e+002  2.32000e-001  8.00000e+002
         10079  7.95434e+002  1.00790e+004 -1.05689e+002  2.32000e-001  8.00000e+002
         10080  7.95433e+002  1.00800e+004 -1.05686e+002  2.32000e-001  8.00000e+002
         10081  7.95430e+002  1.00810e+004 -1.05683e+002  2.32000e-001  8.00000e+002
         10082  7.95429e+002  1.00820e+004 -1.05680e+002  2.32000e-001  8.00000e+002
         10083  7.95427e+002  1.00830e+004 -1.05677e+002  2.32000e-001  8.00000e+002
         10084  7.95434e+002  1.00840e+004 -1.05675e+002  2.32000e-001  8.00000e+002
         10085  7.95423e+002  1.00850e+004 -1.05673e+002  2.32000e-001  8.00000e+002
         10086  7.95438e+002  1.00860e+004 -1.05669e+002  2.32000e-001  8.00000e+002
         10087  7.95429e+002  1.00870e+004 -1.05665e+002  2.32000e-001  8.00000e+002
         10088  7.95429e+002  1.00880e+004 -1.05658e+002  2.32000e-001  8.00000e+002
         10089  7.95433e+002  1.00890e+004 -1.05653e+002  2.32000e-001  8.00000e+002
         10090  7.95434e+002  1.00900e+004 -1.05648e+002  2.32000e-001  8.00000e+002
         10091  7.95433e+002  1.00910e+004 -1.05644e+002  2.32000e-001  8.00000e+002
         10092  7.95435e+002  1.00920e+004 -1.05637e+002  2.32000e-001  8.00000e+002
         10093  7.95437e+002  1.00930e+004 -1.05634e+002  2.32000e-001  8.00000e+002
         10094  7.95436e+002  1.00940e+004 -1.05633e+002  2.32000e-001  8.00000e+002
         10095  7.95437e+002  1.00950e+004 -1.05631e+002  2.32000e-001  8.00000e+002
         10096  7.95439e+002  1.00960e+004 -1.05627e+002  2.32000e-001  8.00000e+002
         10097  7.95431e+002  1.00970e+004 -1.05625e+002  2.32000e-001  8.00000e+002
         10098  7.95428e+002  1.00980e+004 -1.05623e+002  2.32000e-001  8.00000e+002
         10099  7.95436e+002  1.00990e+004 -1.05622e+002  2.32000e-001  8.00000e+002
         10100  7.95437e+002  1.01000e+004 -1.05627e+002  2.32000e-001  8.00000e+002
         10101  7.95432e+002  1.01010e+004 -1.05627e+002  2.32000e-001  8.00000e+002
         10102  7.95428e+002  1.01020e+004 -1.05627e+002  2.32000e-001  8.00000e+002
         10103  7.95431e+002  1.01030e+004 -1.05627e+002  2.32000e-001  8.00000e+002
         10104  7.95432e+002  1.01040e+004 -1.05629e+002  2.31972e-001  8.00000e+002
         10105  7.95431e+002  1.01050e+004 -1.05630e+002  2.31882e-001  8.00000e+002
         10106  7.95425e+002  1.01060e+004 -1.05629e+002  2.31776e-001  8.00000e+002
         10107  7.95426e+002  1.01070e+004 -1.05629e+002  2.31667e-001  8.00000e+002
         10108  7.95426e+002  1.01080e+004 -1.05629e+002  2.31498e-001  8.00000e+002
         10109  7.95430e+002  1.01090e+004 -1.05629e+002  2.31377e-001  8.00000e+002
         10110  7.95432e+002  1.01100e+004 -1.05629e+002  2.31276e-001  8.00000e+002
         10111  7.95427e+002  1.01110e+004 -1.05629e+002  2.31185e-001  8.00000e+002
         10112  7.95427e+002  1.01120e+004 -1.05627e+002  2.31144e-001  8.00000e+002
         10113  7.95426e+002  1.01130e+004 -1.05626e+002  2.31095e-001  8.00000e+002
         10114  7.95423e+002  1.01140e+004 -1.05627e+002  2.31055e-001  8.00000e+002
         10115  7.95422e+002  1.01150e+004 -1.05628e+002  2.31021e-001  8.00000e+002
         10116  7.95420e+002  1.01160e+004 -1.05630e+002  2.31027e-001  8.00000e+002
         10117  7.95425e+002  1.01170e+004 -1.05630e+002  2.31018e-001  8.00000e+002
         10118  7.95433e+002  1.01180e+004 -1.05629e+002  2.31009e-001  8.00000e+002
         10119  7.95433e+002  1.01190e+004 -1.05629e+002  2.31002e-001  8.00000e+002
         10120  7.95427e+002  1.01200e+004 -1.05631e+002  2.31005e-001  8.00000e+002
         10121  7.95432e+002  1.01210e+004 -1.05632e+002  2.31003e-001  8.00000e+002
         10122  7.95437e+002  1.01220e+004 -1.05631e+002  2.31001e-001  8.00000e+002
         10123  7.95429e+002  1.01230e+004 -1.05631e+002  2.31000e-001  8.00000e+002
         10124  7.95428e+002  1.01240e+004 -1.05629e+002  2.31001e-001  8.00000e+002
         10125  7.95425e+002  1.01250e+004 -1.05626e+002  2.31000e-001  8.00000e+002
         10126  7.95428e+002  1.01260e+004 -1.05623e+002  2.31000e-001  8.00000e+002
         10127  7.95426e+002  1.01270e+004 -1.05621e+002  2.31000e-001  8.00000e+002
         10128  7.95426e+002  1.01280e+004 -1.05615e+002  2.31000e-001  8.00000e+002
         10129  7.95432e+002  1.01290e+004 -1.05610e+002  2.31000e-001  8.00000e+002
         10130  7.95424e+002  1.01300e+004 -1.05607e+002  2.31000e-001  8.00000e+002
         10131  7.95430e+002  1.01310e+004 -1.05603e+002  2.31000e-001  8.00000e+002
         10132  7.95429e+002  1.01320e+004 -1.05597e+002  2.31000e-001  8.00000e+002
         10133  7.95427e+002  1.01330e+004 -1.05592e+002  2.31000e-001  8.00000e+002
         10134  7.95427e+002  1.01340e+004 -1.05590e+002  2.31000e-001  8.00000e+002
         10135  7.95422e+002  1.01350e+004 -1.05588e+002  2.31000e-001  8.00000e+002
         10136  7.95429e+002  1.01360e+004 -1.05585e+002  2.31000e-001  8.00000e+002
         10137  7.95430e+002  1.01370e+004 -1.05583e+002  2.31000e-001  8.00000e+002
         10138  7.95438e+002  1.01380e+004 -1.05581e+002  2.31000e-001  8.00000e+002
         10139  7.95428e+002  1.01390e+004 -1.05577e+002  2.31000e-001  8.00000e+002
         10140  7.95428e+002  1.01400e+004 -1.05577e+002  2.31000e-001  8.00000e+002
         10141  7.95425e+002  1.01410e+004 -1.05574e+002  2.31000e-001  8.00000e+002
         10142  7.95431e+002  1.01420e+004 -1.05570e+002  2.31000e-001  8.00000e+002
         10143  7.95429e+002  1.01430e+004 -1.05565e+002  2.31000e-001  8.00000e+002
         10144  7.95420e+002  1.01440e+004 -1.05564e+002  2.31000e-001  8.00000e+002
         10145  7.95428e+002  1.01450e+004 -1.05562e+002  2.31000e-001  8.00000e+002
         10146  7.95422e+002  1.01460e+004 -1.05559e+002  2.31000e-001  8.00000e+002
         10147  7.95423e+002  1.01470e+004 -1.05557e+002  2.31000e-001  8.00000e+002
         10148  7.95426e+002  1.01480e+004 -1.05552e+002  2.31000e-001  8.00000e+002
         10149  7.95422e+002  1.01490e+004 -1.05549e+002  2.31000e-001  8.00000e+002
         10150  7.95426e+002  1.01500e+004 -1.05545e+002  2.31000e-001  8.00000e+002
         10151  7.95432e+002  1.01510e+004 -1.05541e+002  2.31000e-001  8.00000e+002
         10152  7.95429e+002  1.01520e+004 -1.05538e+002  2.31000e-001  8.00000e+002
         10153  7.95428e+002  1.01530e+004 -1.05535e+002  2.31000e-001  8.00000e+002
         10154  7.95425e+002  1.01540e+004 -1.05533e+002  2.31000e-001  8.00000e+002
         10155  7.95419e+002  1.01550e+004 -1.05533e+002  2.31000e-001  8.00000e+002
         10156  7.95430e+002  1.01560e+004 -1.05532e+002  2.31000e-001  8.00000e+002
         10157  7.95428e+002  1.01570e+004 -1.05531e+002  2.31000e-001  8.00000e+002
         10158  7.95424e+002  1.01580e+004 -1.05529e+002  2.31000e-001  8.00000e+002
         10159  7.95429e+002  1.01590e+004 -1.05525e+002  2.31000e-001  8.00000e+002
         10160  7.95437e+002  1.01600e+004 -1.05523e+002  2.31000e-001  8.00000e+002
         10161  7.95427e+002  1.01610e+004 -1.05522e+002  2.31000e-001  8.00000e+002
         10162  7.95426e+002  1.01620e+004 -1.05521e+002  2.31000e-001  8.00000e+002
         10163  7.95424e+002  1.01630e+004 -1.05520e+002  2.31000e-001  8.00000e+002
         10164  7.95424e+002  1.01640e+004 -1.05520e+002  2.31000e-001  8.00000e+002
         10165  7.95426e+002  1.01650e+004 -1.05519e+002  2.31000e-001  8.00000e+002
         10166  7.95424e+002  1.01660e+004 -1.05518e+002  2.31000e-001  8.00000e+002
         10167  7.95421e+002  1.01670e+004 -1.05516e+002  2.31000e-001  8.00000e+002
         10168  7.95422e+002  1.01680e+004 -1.05512e+002  2.31000e-001  8.00000e+002
         10169  7.95427e+002  1.01690e+004 -1.05510e+002  2.31000e-001  8.00000e+002
         10170  7.95425e+002  1.01700e+004 -1.05508e+002  2.31000e-001  8.00000e+002
         10171  7.95421e+002  1.01710e+004 -1.05506e+002  2.31000e-001  8.00000e+002
         10172  7.95423e+002  1.01720e+004 -1.05503e+002  2.31000e-001  8.00000e+002
         10173  7.95437e+002  1.01730e+004 -1.05500e+002  2.31000e-001  8.00000e+002
         10174  7.95428e+002  1.01740e+004 -1.05498e+002  2.31000e-001  8.00000e+002
         10175  7.95430e+002  1.01750e+004 -1.05497e+002  2.31000e-001  8.00000e+002
         10176  7.95429e+002  1.01760e+004 -1.05496e+002  2.31000e-001  8.00000e+002
         10177  7.95431e+002  1.01770e+004 -1.05495e+002  2.31000e-001  8.00000e+002
         10178  7.95426e+002  1.01780e+004 -1.05497e+002  2.31000e-001  8.00000e+002
         10179  7.95427e+002  1.01790e+004 -1.05498e+002  2.31000e-001  8.00000e+002
         10180  7.95419e+002  1.01800e+004 -1.05498e+002  2.31000e-001  8.00000e+002
         10181  7.95433e+002  1.01810e+004 -1.05498e+002  2.31000e-001  8.00000e+002
         10182  7.95424e+002  1.01820e+004 -1.05498e+002  2.31000e-001  8.00000e+002
         10183  7.95426e+002  1.01830e+004 -1.05498e+002  2.31000e-001  8.00000e+002
         10184  7.95427e+002  1.01840e+004 -1.05498e+002  2.31000e-001  8.00000e+002
         10185  7.95430e+002  1.01850e+004 -1.05498e+002  2.31000e-001  8.00000e+002
         10186  7.95421e+002  1.01860e+004 -1.05498e+002  2.31000e-001  8.00000e+002
         10187  7.95417e+002  1.01870e+004 -1.05497e+002  2.31000e-001  8.00000e+002
         10188  7.95425e+002  1.01880e+004 -1.05498e+002  2.31000e-001  8.00000e+002
         10189  7.95428e+002  1.01890e+004 -1.05498e+002  2.31000e-001  8.00000e+002
         10190  7.95424e+002  1.01900e+004 -1.05498e+002  2.31000e-001  8.00000e+002
         10191  7.95427e+002  1.01910e+004 -1.05500e+002  2.31000e-001  8.00000e+002
         10192  7.95427e+002  1.01920e+004 -1.05502e+002  2.31000e-001  8.00000e+002
         10193  7.95428e+002  1.01930e+004 -1.05504e+002  2.31000e-001  8.00000e+002
         10194  7.95431e+002  1.01940e+004 -1.05504e+002  2.31000e-001  8.00000e+002
         10195  7.95433e+002  1.01950e+004 -1.05505e+002  2.31000e-001  8.00000e+002
         10196  7.95426e+002  1.01960e+004 -1.05505e+002  2.31000e-001  8.00000e+002
         10197  7.95415e+002  1.01970e+004 -1.05504e+002  2.31000e-001  8.00000e+002
         10198  7.95426e+002  1.01980e+004 -1.05503e+002  2.31000e-001  8.00000e+002
         10199  7.95420e+002  1.01990e+004 -1.05503e+002  2.31000e-001  8.00000e+002
         10200  7.95421e+002  1.02000e+004 -1.05503e+002  2.31000e-001  8.00000e+002
