         Index            Ts             t            HF        Weight            Tr
             0  8.09190e+001  0.00000e+000 -2.01912e+001  6.89147e+000  1.00000e+002
             1  8.10414e+001  1.00000e+000 -1.93740e+001  6.89176e+000  1.00083e+002
             2  8.11845e+001  2.00000e+000 -1.84627e+001  6.89202e+000  1.00167e+002
             3  8.13474e+001  3.00000e+000 -1.75432e+001  6.89233e+000  1.00250e+002
             4  8.15134e+001  4.00000e+000 -1.66785e+001  6.89273e+000  1.00333e+002
             5  8.16932e+001  5.00000e+000 -1.59012e+001  6.89314e+000  1.00417e+002
             6  8.18795e+001  6.00000e+000 -1.52161e+001  6.89362e+000  1.00500e+002
             7  8.20529e+001  7.00000e+000 -1.45544e+001  6.89415e+000  1.00583e+002
             8  8.22458e+001  8.00000e+000 -1.39893e+001  6.89485e+000  1.00667e+002
             9  8.24394e+001  9.00000e+000 -1.34516e+001  6.89556e+000  1.00750e+002
            10  8.26143e+001  1.00000e+001 -1.29595e+001  6.89633e+000  1.00833e+002
            11  8.28139e+001  1.10000e+001 -1.24745e+001  6.89713e+000  1.00917e+002
            12  8.30043e+001  1.20000e+001 -1.20555e+001  6.89816e+000  1.01000e+002
            13  8.31926e+001  1.30000e+001 -1.16328e+001  6.89911e+000  1.01083e+002
            14  8.33857e+001  1.40000e+001 -1.12288e+001  6.90003e+000  1.01167e+002
            15  8.35826e+001  1.50000e+001 -1.08405e+001  6.90090e+000  1.01250e+002
            16  8.37721e+001  1.60000e+001 -1.05080e+001  6.90168e+000  1.01333e+002
            17  8.39675e+001  1.70000e+001 -1.01780e+001  6.90242e+000  1.01417e+002
            18  8.41435e+001  1.80000e+001 -9.87421e+000  6.90307e+000  1.01500e+002
            19  8.43220e+001  1.90000e+001 -9.59214e+000  6.90366e+000  1.01583e+002
            20  8.45262e+001  2.00000e+001 -9.35737e+000  6.90391e+000  1.01667e+002
            21  8.46989e+001  2.10000e+001 -9.10338e+000  6.90423e+000  1.01750e+002
            22  8.48935e+001  2.20000e+001 -8.84979e+000  6.90450e+000  1.01833e+002
            23  8.50851e+001  2.30000e+001 -8.59135e+000  6.90474e+000  1.01917e+002
            24  8.52732e+001  2.40000e+001 -8.40860e+000  6.90475e+000  1.02000e+002
            25  8.54557e+001  2.50000e+001 -8.20647e+000  6.90483e+000  1.02083e+002
            26  8.56222e+001  2.60000e+001 -8.00732e+000  6.90491e+000  1.02167e+002
            27  8.58027e+001  2.70000e+001 -7.81165e+000  6.90497e+000  1.02250e+002
            28  8.59833e+001  2.80000e+001 -7.67145e+000  6.90495e+000  1.02333e+002
            29  8.61560e+001  2.90000e+001 -7.50515e+000  6.90497e+000  1.02417e+002
            30  8.63278e+001  3.00000e+001 -7.33597e+000  6.90498e+000  1.02500e+002
            31  8.65017e+001  3.10000e+001 -7.17938e+000  6.90500e+000  1.02583e+002
            32  8.66718e+001  3.20000e+001 -7.07128e+000  6.90499e+000  1.02667e+002
            33  8.68338e+001  3.30000e+001 -6.94516e+000  6.90500e+000  1.02750e+002
            34  8.70141e+001  3.40000e+001 -6.82048e+000  6.90500e+000  1.02833e+002
            35  8.71746e+001  3.50000e+001 -6.69851e+000  6.90500e+000  1.02917e+002
            36  8.73479e+001  3.60000e+001 -6.62325e+000  6.90500e+000  1.03000e+002
            37  8.75100e+001  3.70000e+001 -6.52424e+000  6.90500e+000  1.03083e+002
            38  8.76696e+001  3.80000e+001 -6.42093e+000  6.90500e+000  1.03167e+002
            39  8.78410e+001  3.90000e+001 -6.32657e+000  6.90500e+000  1.03250e+002
            40  8.79962e+001  4.00000e+001 -6.28386e+000  6.90500e+000  1.03333e+002
            41  8.81616e+001  4.10000e+001 -6.20838e+000  6.90500e+000  1.03417e+002
            42  8.83150e+001  4.20000e+001 -6.13822e+000  6.90500e+000  1.03500e+002
            43  8.84679e+001  4.30000e+001 -6.07221e+000  6.90500e+000  1.03583e+002
            44  8.86339e+001  4.40000e+001 -6.04951e+000  6.90500e+000  1.03667e+002
            45  8.87752e+001  4.50000e+001 -6.00110e+000  6.90500e+000  1.03750e+002
            46  8.89251e+001  4.60000e+001 -5.94819e+000  6.90500e+000  1.03833e+002
            47  8.90729e+001  4.70000e+001 -5.89747e+000  6.90500e+000  1.03917e+002
            48  8.92204e+001  4.80000e+001 -5.86988e+000  6.90500e+000  1.04000e+002
            49  8.93826e+001  4.90000e+001 -5.83482e+000  6.90500e+000  1.04083e+002
            50  8.95290e+001  5.00000e+001 -5.80051e+000  6.90500e+000  1.04167e+002
            51  8.96743e+001  5.10000e+001 -5.76876e+000  6.90500e+000  1.04250e+002
            52  8.98134e+001  5.20000e+001 -5.75039e+000  6.90500e+000  1.04333e+002
            53  8.99612e+001  5.30000e+001 -5.72603e+000  6.90500e+000  1.04417e+002
            54  9.01180e+001  5.40000e+001 -5.70255e+000  6.90500e+000  1.04500e+002
            55  9.02585e+001  5.50000e+001 -5.68013e+000  6.90500e+000  1.04583e+002
            56  9.04006e+001  5.60000e+001 -5.67625e+000  6.90500e+000  1.04667e+002
            57  9.05323e+001  5.70000e+001 -5.66387e+000  6.90500e+000  1.04750e+002
            58  9.06706e+001  5.80000e+001 -5.65076e+000  6.90500e+000  1.04833e+002
            59  9.08054e+001  5.90000e+001 -5.63893e+000  6.90500e+000  1.04917e+002
            60  9.09484e+001  6.00000e+001 -5.64057e+000  6.90500e+000  1.05000e+002
            61  9.10871e+001  6.10000e+001 -5.63513e+000  6.90500e+000  1.05083e+002
            62  9.12246e+001  6.20000e+001 -5.62907e+000  6.90500e+000  1.05167e+002
            63  9.13544e+001  6.30000e+001 -5.62357e+000  6.90500e+000  1.05250e+002
            64  9.14836e+001  6.40000e+001 -5.62937e+000  6.90500e+000  1.05333e+002
            65  9.16144e+001  6.50000e+001 -5.63166e+000  6.90500e+000  1.05417e+002
            66  9.17490e+001  6.60000e+001 -5.63411e+000  6.90500e+000  1.05500e+002
            67  9.18909e+001  6.70000e+001 -5.63548e+000  6.90500e+000  1.05583e+002
            68  9.20231e+001  6.80000e+001 -5.64376e+000  6.90500e+000  1.05667e+002
            69  9.21724e+001  6.90000e+001 -5.64932e+000  6.90500e+000  1.05750e+002
            70  9.22954e+001  7.00000e+001 -5.65600e+000  6.90500e+000  1.05833e+002
            71  9.24200e+001  7.10000e+001 -5.66318e+000  6.90500e+000  1.05917e+002
            72  9.25482e+001  7.20000e+001 -5.67305e+000  6.90500e+000  1.06000e+002
            73  9.26908e+001  7.30000e+001 -5.68080e+000  6.90500e+000  1.06083e+002
            74  9.28120e+001  7.40000e+001 -5.68854e+000  6.90500e+000  1.06167e+002
            75  9.29501e+001  7.50000e+001 -5.69673e+000  6.90500e+000  1.06250e+002
            76  9.30703e+001  7.60000e+001 -5.70957e+000  6.90500e+000  1.06333e+002
            77  9.32084e+001  7.70000e+001 -5.72093e+000  6.90500e+000  1.06417e+002
            78  9.33356e+001  7.80000e+001 -5.73440e+000  6.90500e+000  1.06500e+002
            79  9.34444e+001  7.90000e+001 -5.74858e+000  6.90500e+000  1.06583e+002
            80  9.35778e+001  8.00000e+001 -5.76518e+000  6.90500e+000  1.06667e+002
            81  9.37027e+001  8.10000e+001 -5.78096e+000  6.90500e+000  1.06750e+002
            82  9.38316e+001  8.20000e+001 -5.79714e+000  6.90500e+000  1.06833e+002
            83  9.39546e+001  8.30000e+001 -5.81374e+000  6.90500e+000  1.06917e+002
            84  9.40699e+001  8.40000e+001 -5.83306e+000  6.90500e+000  1.07000e+002
            85  9.41889e+001  8.50000e+001 -5.84768e+000  6.90500e+000  1.07083e+002
            86  9.43207e+001  8.60000e+001 -5.86219e+000  6.90500e+000  1.07167e+002
            87  9.44288e+001  8.70000e+001 -5.87792e+000  6.90500e+000  1.07250e+002
            88  9.45657e+001  8.80000e+001 -5.89474e+000  6.90500e+000  1.07333e+002
            89  9.46860e+001  8.90000e+001 -5.91114e+000  6.90500e+000  1.07417e+002
            90  9.48002e+001  9.00000e+001 -5.92813e+000  6.90500e+000  1.07500e+002
            91  9.49282e+001  9.10000e+001 -5.94501e+000  6.90500e+000  1.07583e+002
            92  9.50437e+001  9.20000e+001 -5.95762e+000  6.90500e+000  1.07667e+002
            93  9.51780e+001  9.30000e+001 -5.97466e+000  6.90500e+000  1.07750e+002
            94  9.52954e+001  9.40000e+001 -5.99159e+000  6.90500e+000  1.07833e+002
            95  9.54015e+001  9.50000e+001 -6.00701e+000  6.90500e+000  1.07917e+002
            96  9.55325e+001  9.60000e+001 -6.02505e+000  6.90500e+000  1.08000e+002
            97  9.56542e+001  9.70000e+001 -6.04154e+000  6.90500e+000  1.08083e+002
            98  9.57507e+001  9.80000e+001 -6.05810e+000  6.90500e+000  1.08167e+002
            99  9.58603e+001  9.90000e+001 -6.07455e+000  6.90500e+000  1.08250e+002
           100  9.59981e+001  1.00000e+002 -6.09078e+000  6.90500e+000  1.08333e+002
           101  9.61058e+001  1.01000e+002 -6.10709e+000  6.90500e+000  1.08417e+002
           102  9.62235e+001  1.02000e+002 -6.12392e+000  6.90500e+000  1.08500e+002
           103  9.63418e+001  1.03000e+002 -6.14083e+000  6.90500e+000  1.08583e+002
           104  9.64488e+001  1.04000e+002 -6.15459e+000  6.90500e+000  1.08667e+002
           105  9.65821e+001  1.05000e+002 -6.17113e+000  6.90500e+000  1.08750e+002
           106  9.66837e+001  1.06000e+002 -6.18751e+000  6.90500e+000  1.08833e+002
           107  9.68071e+001  1.07000e+002 -6.20473e+000  6.90500e+000  1.08917e+002
           108  9.69132e+001  1.08000e+002 -6.22389e+000  6.90500e+000  1.09000e+002
           109  9.70311e+001  1.09000e+002 -6.24150e+000  6.90500e+000  1.09083e+002
           110  9.71451e+001  1.10000e+002 -6.25693e+000  6.90500e+000  1.09167e+002
           111  9.72639e+001  1.11000e+002 -6.27149e+000  6.90500e+000  1.09250e+002
           112  9.73727e+001  1.12000e+002 -6.28866e+000  6.90500e+000  1.09333e+002
           113  9.74917e+001  1.13000e+002 -6.30648e+000  6.90500e+000  1.09417e+002
           114  9.75933e+001  1.14000e+002 -6.32380e+000  6.90500e+000  1.09500e+002
           115  9.77064e+001  1.15000e+002 -6.34049e+000  6.90500e+000  1.09583e+002
           116  9.78114e+001  1.16000e+002 -6.35609e+000  6.90500e+000  1.09667e+002
           117  9.79327e+001  1.17000e+002 -6.37072e+000  6.90500e+000  1.09750e+002
           118  9.80424e+001  1.18000e+002 -6.38544e+000  6.90500e+000  1.09833e+002
           119  9.81528e+001  1.19000e+002 -6.40139e+000  6.90500e+000  1.09917e+002
           120  9.82618e+001  1.20000e+002 -6.41672e+000  6.90500e+000  1.10000e+002
           121  9.83654e+001  1.21000e+002 -6.43183e+000  6.90500e+000  1.10083e+002
           122  9.84758e+001  1.22000e+002 -6.44803e+000  6.90500e+000  1.10167e+002
           123  9.85962e+001  1.23000e+002 -6.46481e+000  6.90500e+000  1.10250e+002
           124  9.86941e+001  1.24000e+002 -6.47967e+000  6.90500e+000  1.10333e+002
           125  9.88129e+001  1.25000e+002 -6.49339e+000  6.90500e+000  1.10417e+002
           126  9.89216e+001  1.26000e+002 -6.50742e+000  6.90500e+000  1.10500e+002
           127  9.90180e+001  1.27000e+002 -6.52230e+000  6.90500e+000  1.10583e+002
           128  9.91308e+001  1.28000e+002 -6.53941e+000  6.90500e+000  1.10667e+002
           129  9.92389e+001  1.29000e+002 -6.55507e+000  6.90500e+000  1.10750e+002
           130  9.93517e+001  1.30000e+002 -6.57225e+000  6.90500e+000  1.10833e+002
           131  9.94654e+001  1.31000e+002 -6.58903e+000  6.90500e+000  1.10917e+002
           132  9.95745e+001  1.32000e+002 -6.60193e+000  6.90500e+000  1.11000e+002
           133  9.96831e+001  1.33000e+002 -6.61719e+000  6.90500e+000  1.11083e+002
           134  9.97940e+001  1.34000e+002 -6.63267e+000  6.90500e+000  1.11167e+002
           135  9.98928e+001  1.35000e+002 -6.64875e+000  6.90500e+000  1.11250e+002
           136  1.00008e+002  1.36000e+002 -6.66573e+000  6.90500e+000  1.11333e+002
           137  1.00112e+002  1.37000e+002 -6.68114e+000  6.90500e+000  1.11417e+002
           138  1.00209e+002  1.38000e+002 -6.69635e+000  6.90500e+000  1.11500e+002
           139  1.00311e+002  1.39000e+002 -6.71163e+000  6.90500e+000  1.11583e+002
           140  1.00423e+002  1.40000e+002 -6.72761e+000  6.90500e+000  1.11667e+002
           141  1.00536e+002  1.41000e+002 -6.74304e+000  6.90500e+000  1.11750e+002
           142  1.00640e+002  1.42000e+002 -6.75808e+000  6.90500e+000  1.11833e+002
           143  1.00741e+002  1.43000e+002 -6.77240e+000  6.90500e+000  1.11917e+002
           144  1.00848e+002  1.44000e+002 -6.78767e+000  6.90500e+000  1.12000e+002
           145  1.00948e+002  1.45000e+002 -6.80273e+000  6.90497e+000  1.12083e+002
           146  1.01053e+002  1.46000e+002 -6.81729e+000  6.90488e+000  1.12167e+002
           147  1.01158e+002  1.47000e+002 -6.83048e+000  6.90478e+000  1.12250e+002
           148  1.01268e+002  1.48000e+002 -6.84148e+000  6.90464e+000  1.12333e+002
           149  1.01366e+002  1.49000e+002 -6.85386e+000  6.90452e+000  1.12417e+002
           150  1.01474e+002  1.50000e+002 -6.86717e+000  6.90441e+000  1.12500e+002
           151  1.01586e+002  1.51000e+002 -6.88017e+000  6.90431e+000  1.12583e+002
           152  1.01689e+002  1.52000e+002 -6.89061e+000  6.90422e+000  1.12667e+002
           153  1.01794e+002  1.53000e+002 -6.90304e+000  6.90414e+000  1.12750e+002
           154  1.01886e+002  1.54000e+002 -6.91619e+000  6.90408e+000  1.12833e+002
           155  1.01996e+002  1.55000e+002 -6.92814e+000  6.90403e+000  1.12917e+002
           156  1.02106e+002  1.56000e+002 -6.94008e+000  6.90404e+000  1.13000e+002
           157  1.02198e+002  1.57000e+002 -6.95285e+000  6.90403e+000  1.13083e+002
           158  1.02305e+002  1.58000e+002 -6.96535e+000  6.90401e+000  1.13167e+002
           159  1.02408e+002  1.59000e+002 -6.97750e+000  6.90400e+000  1.13250e+002
           160  1.02510e+002  1.60000e+002 -6.99358e+000  6.90401e+000  1.13333e+002
           161  1.02611e+002  1.61000e+002 -7.00785e+000  6.90400e+000  1.13417e+002
           162  1.02704e+002  1.62000e+002 -7.02207e+000  6.90400e+000  1.13500e+002
           163  1.02802e+002  1.63000e+002 -7.03622e+000  6.90400e+000  1.13583e+002
           164  1.02912e+002  1.64000e+002 -7.04802e+000  6.90400e+000  1.13667e+002
           165  1.02999e+002  1.65000e+002 -7.06002e+000  6.90400e+000  1.13750e+002
           166  1.03119e+002  1.66000e+002 -7.07313e+000  6.90400e+000  1.13833e+002
           167  1.03208e+002  1.67000e+002 -7.08644e+000  6.90400e+000  1.13917e+002
           168  1.03307e+002  1.68000e+002 -7.09903e+000  6.90400e+000  1.14000e+002
           169  1.03403e+002  1.69000e+002 -7.11157e+000  6.90400e+000  1.14083e+002
           170  1.03510e+002  1.70000e+002 -7.12369e+000  6.90397e+000  1.14167e+002
           171  1.03609e+002  1.71000e+002 -7.13523e+000  6.90389e+000  1.14250e+002
           172  1.03713e+002  1.72000e+002 -7.14657e+000  6.90377e+000  1.14333e+002
           173  1.03817e+002  1.73000e+002 -7.15717e+000  6.90365e+000  1.14417e+002
           174  1.03919e+002  1.74000e+002 -7.16860e+000  6.90354e+000  1.14500e+002
           175  1.04013e+002  1.75000e+002 -7.18182e+000  6.90343e+000  1.14583e+002
           176  1.04112e+002  1.76000e+002 -7.19333e+000  6.90329e+000  1.14667e+002
           177  1.04208e+002  1.77000e+002 -7.20405e+000  6.90319e+000  1.14750e+002
           178  1.04321e+002  1.78000e+002 -7.21477e+000  6.90311e+000  1.14833e+002
           179  1.04415e+002  1.79000e+002 -7.22569e+000  6.90305e+000  1.14917e+002
           180  1.04502e+002  1.80000e+002 -7.23482e+000  6.90306e+000  1.15000e+002
           181  1.04604e+002  1.81000e+002 -7.24523e+000  6.90304e+000  1.15083e+002
           182  1.04692e+002  1.82000e+002 -7.25615e+000  6.90302e+000  1.15167e+002
           183  1.04797e+002  1.83000e+002 -7.26679e+000  6.90301e+000  1.15250e+002
           184  1.04895e+002  1.84000e+002 -7.27930e+000  6.90301e+000  1.15333e+002
           185  1.05007e+002  1.85000e+002 -7.29014e+000  6.90301e+000  1.15417e+002
           186  1.05105e+002  1.86000e+002 -7.30051e+000  6.90300e+000  1.15500e+002
           187  1.05206e+002  1.87000e+002 -7.31078e+000  6.90300e+000  1.15583e+002
           188  1.05302e+002  1.88000e+002 -7.31821e+000  6.90300e+000  1.15667e+002
           189  1.05397e+002  1.89000e+002 -7.32635e+000  6.90300e+000  1.15750e+002
           190  1.05490e+002  1.90000e+002 -7.33647e+000  6.90300e+000  1.15833e+002
           191  1.05592e+002  1.91000e+002 -7.34817e+000  6.90300e+000  1.15917e+002
           192  1.05681e+002  1.92000e+002 -7.35770e+000  6.90297e+000  1.16000e+002
           193  1.05786e+002  1.93000e+002 -7.36803e+000  6.90288e+000  1.16083e+002
           194  1.05873e+002  1.94000e+002 -7.37893e+000  6.90278e+000  1.16167e+002
           195  1.05969e+002  1.95000e+002 -7.38943e+000  6.90267e+000  1.16250e+002
           196  1.06070e+002  1.96000e+002 -7.39901e+000  6.90250e+000  1.16333e+002
           197  1.06161e+002  1.97000e+002 -7.40995e+000  6.90238e+000  1.16417e+002
           198  1.06275e+002  1.98000e+002 -7.41998e+000  6.90228e+000  1.16500e+002
           199  1.06364e+002  1.99000e+002 -7.42848e+000  6.90218e+000  1.16583e+002
           200  1.06453e+002  2.00000e+002 -7.44166e+000  6.90214e+000  1.16667e+002
           201  1.06549e+002  2.01000e+002 -7.45378e+000  6.90210e+000  1.16750e+002
           202  1.06641e+002  2.02000e+002 -7.46492e+000  6.90205e+000  1.16833e+002
           203  1.06752e+002  2.03000e+002 -7.47510e+000  6.90202e+000  1.16917e+002
           204  1.06841e+002  2.04000e+002 -7.48290e+000  6.90203e+000  1.17000e+002
           205  1.06948e+002  2.05000e+002 -7.49337e+000  6.90202e+000  1.17083e+002
           206  1.07043e+002  2.06000e+002 -7.50537e+000  6.90201e+000  1.17167e+002
           207  1.07147e+002  2.07000e+002 -7.51769e+000  6.90200e+000  1.17250e+002
           208  1.07228e+002  2.08000e+002 -7.53012e+000  6.90200e+000  1.17333e+002
           209  1.07322e+002  2.09000e+002 -7.54277e+000  6.90200e+000  1.17417e+002
           210  1.07409e+002  2.10000e+002 -7.55481e+000  6.90197e+000  1.17500e+002
           211  1.07509e+002  2.11000e+002 -7.56667e+000  6.90189e+000  1.17583e+002
           212  1.07603e+002  2.12000e+002 -7.57841e+000  6.90177e+000  1.17667e+002
           213  1.07692e+002  2.13000e+002 -7.58962e+000  6.90165e+000  1.17750e+002
           214  1.07807e+002  2.14000e+002 -7.60060e+000  6.90154e+000  1.17833e+002
           215  1.07902e+002  2.15000e+002 -7.61254e+000  6.90143e+000  1.17917e+002
           216  1.07982e+002  2.16000e+002 -7.62676e+000  6.90129e+000  1.18000e+002
           217  1.08081e+002  2.17000e+002 -7.63959e+000  6.90119e+000  1.18083e+002
           218  1.08179e+002  2.18000e+002 -7.65206e+000  6.90111e+000  1.18167e+002
           219  1.08274e+002  2.19000e+002 -7.66478e+000  6.90105e+000  1.18250e+002
           220  1.08368e+002  2.20000e+002 -7.67242e+000  6.90106e+000  1.18333e+002
           221  1.08461e+002  2.21000e+002 -7.68217e+000  6.90104e+000  1.18417e+002
           222  1.08556e+002  2.22000e+002 -7.69239e+000  6.90102e+000  1.18500e+002
           223  1.08656e+002  2.23000e+002 -7.70320e+000  6.90101e+000  1.18583e+002
           224  1.08750e+002  2.24000e+002 -7.71690e+000  6.90101e+000  1.18667e+002
           225  1.08835e+002  2.25000e+002 -7.72851e+000  6.90101e+000  1.18750e+002
           226  1.08931e+002  2.26000e+002 -7.73939e+000  6.90100e+000  1.18833e+002
           227  1.09030e+002  2.27000e+002 -7.75067e+000  6.90100e+000  1.18917e+002
           228  1.09118e+002  2.28000e+002 -7.75985e+000  6.90097e+000  1.19000e+002
           229  1.09202e+002  2.29000e+002 -7.76997e+000  6.90088e+000  1.19083e+002
           230  1.09300e+002  2.30000e+002 -7.78139e+000  6.90078e+000  1.19167e+002
           231  1.09401e+002  2.31000e+002 -7.79260e+000  6.90067e+000  1.19250e+002
           232  1.09512e+002  2.32000e+002 -7.80350e+000  6.90050e+000  1.19333e+002
           233  1.09596e+002  2.33000e+002 -7.81377e+000  6.90038e+000  1.19417e+002
           234  1.09690e+002  2.34000e+002 -7.82478e+000  6.90028e+000  1.19500e+002
           235  1.09778e+002  2.35000e+002 -7.83642e+000  6.90019e+000  1.19583e+002
           236  1.09858e+002  2.36000e+002 -7.84811e+000  6.90014e+000  1.19667e+002
           237  1.09962e+002  2.37000e+002 -7.85988e+000  6.90009e+000  1.19750e+002
           238  1.10061e+002  2.38000e+002 -7.87170e+000  6.90005e+000  1.19833e+002
           239  1.10148e+002  2.39000e+002 -7.88455e+000  6.90002e+000  1.19917e+002
           240  1.10229e+002  2.40000e+002 -7.89529e+000  6.90003e+000  1.20000e+002
           241  1.10341e+002  2.41000e+002 -7.90497e+000  6.90002e+000  1.20083e+002
           242  1.10423e+002  2.42000e+002 -7.91517e+000  6.90001e+000  1.20167e+002
           243  1.10513e+002  2.43000e+002 -7.92660e+000  6.90000e+000  1.20250e+002
           244  1.10610e+002  2.44000e+002 -7.94006e+000  6.90000e+000  1.20333e+002
           245  1.10698e+002  2.45000e+002 -7.95257e+000  6.90000e+000  1.20417e+002
           246  1.10800e+002  2.46000e+002 -7.96479e+000  6.90000e+000  1.20500e+002
           247  1.10866e+002  2.47000e+002 -7.97690e+000  6.90000e+000  1.20583e+002
           248  1.10964e+002  2.48000e+002 -7.98785e+000  6.90000e+000  1.20667e+002
           249  1.11064e+002  2.49000e+002 -7.99904e+000  6.90000e+000  1.20750e+002
           250  1.11159e+002  2.50000e+002 -8.01048e+000  6.90000e+000  1.20833e+002
           251  1.11242e+002  2.51000e+002 -8.02314e+000  6.90000e+000  1.20917e+002
           252  1.11329e+002  2.52000e+002 -8.03793e+000  6.90000e+000  1.21000e+002
           253  1.11416e+002  2.53000e+002 -8.05113e+000  6.90000e+000  1.21083e+002
           254  1.11510e+002  2.54000e+002 -8.06281e+000  6.90000e+000  1.21167e+002
           255  1.11591e+002  2.55000e+002 -8.07436e+000  6.90000e+000  1.21250e+002
           256  1.11695e+002  2.56000e+002 -8.08614e+000  6.90000e+000  1.21333e+002
           257  1.11784e+002  2.57000e+002 -8.09888e+000  6.90000e+000  1.21417e+002
           258  1.11874e+002  2.58000e+002 -8.11103e+000  6.90000e+000  1.21500e+002
           259  1.11968e+002  2.59000e+002 -8.12215e+000  6.90000e+000  1.21583e+002
           260  1.12061e+002  2.60000e+002 -8.13553e+000  6.89997e+000  1.21667e+002
           261  1.12148e+002  2.61000e+002 -8.14804e+000  6.89988e+000  1.21750e+002
           262  1.12249e+002  2.62000e+002 -8.15981e+000  6.89978e+000  1.21833e+002
           263  1.12328e+002  2.63000e+002 -8.17097e+000  6.89967e+000  1.21917e+002
           264  1.12426e+002  2.64000e+002 -8.18013e+000  6.89950e+000  1.22000e+002
           265  1.12514e+002  2.65000e+002 -8.19084e+000  6.89938e+000  1.22083e+002
           266  1.12611e+002  2.66000e+002 -8.20095e+000  6.89928e+000  1.22167e+002
           267  1.12701e+002  2.67000e+002 -8.21074e+000  6.89919e+000  1.22250e+002
           268  1.12789e+002  2.68000e+002 -8.22081e+000  6.89914e+000  1.22333e+002
           269  1.12884e+002  2.69000e+002 -8.23287e+000  6.89910e+000  1.22417e+002
           270  1.12970e+002  2.70000e+002 -8.24710e+000  6.89905e+000  1.22500e+002
           271  1.13048e+002  2.71000e+002 -8.26137e+000  6.89902e+000  1.22583e+002
           272  1.13141e+002  2.72000e+002 -8.27437e+000  6.89903e+000  1.22667e+002
           273  1.13233e+002  2.73000e+002 -8.28854e+000  6.89902e+000  1.22750e+002
           274  1.13317e+002  2.74000e+002 -8.30217e+000  6.89901e+000  1.22833e+002
           275  1.13419e+002  2.75000e+002 -8.31540e+000  6.89900e+000  1.22917e+002
           276  1.13503e+002  2.76000e+002 -8.33429e+000  6.89889e+000  1.23000e+002
           277  1.13586e+002  2.77000e+002 -8.35066e+000  6.89878e+000  1.23083e+002
           278  1.13684e+002  2.78000e+002 -8.36532e+000  6.89867e+000  1.23167e+002
           279  1.13767e+002  2.79000e+002 -8.37942e+000  6.89856e+000  1.23250e+002
           280  1.13857e+002  2.80000e+002 -8.39404e+000  6.89836e+000  1.23333e+002
           281  1.13947e+002  2.81000e+002 -8.40791e+000  6.89823e+000  1.23417e+002
           282  1.14027e+002  2.82000e+002 -8.42217e+000  6.89814e+000  1.23500e+002
           283  1.14124e+002  2.83000e+002 -8.43541e+000  6.89806e+000  1.23583e+002
           284  1.14217e+002  2.84000e+002 -8.44745e+000  6.89807e+000  1.23667e+002
           285  1.14305e+002  2.85000e+002 -8.46034e+000  6.89805e+000  1.23750e+002
           286  1.14393e+002  2.86000e+002 -8.47363e+000  6.89802e+000  1.23833e+002
           287  1.14480e+002  2.87000e+002 -8.48674e+000  6.89801e+000  1.23917e+002
           288  1.14560e+002  2.88000e+002 -8.49671e+000  6.89801e+000  1.24000e+002
           289  1.14660e+002  2.89000e+002 -8.50985e+000  6.89801e+000  1.24083e+002
           290  1.14742e+002  2.90000e+002 -8.52290e+000  6.89800e+000  1.24167e+002
           291  1.14831e+002  2.91000e+002 -8.53534e+000  6.89800e+000  1.24250e+002
           292  1.14931e+002  2.92000e+002 -8.54937e+000  6.89800e+000  1.24333e+002
           293  1.15012e+002  2.93000e+002 -8.56337e+000  6.89800e+000  1.24417e+002
           294  1.15112e+002  2.94000e+002 -8.57721e+000  6.89800e+000  1.24500e+002
           295  1.15198e+002  2.95000e+002 -8.58930e+000  6.89800e+000  1.24583e+002
           296  1.15285e+002  2.96000e+002 -8.60306e+000  6.89800e+000  1.24667e+002
           297  1.15371e+002  2.97000e+002 -8.61466e+000  6.89800e+000  1.24750e+002
           298  1.15459e+002  2.98000e+002 -8.62611e+000  6.89800e+000  1.24833e+002
           299  1.15550e+002  2.99000e+002 -8.63822e+000  6.89800e+000  1.24917e+002
           300  1.15636e+002  3.00000e+002 -8.64913e+000  6.89800e+000  1.25000e+002
           301  1.15722e+002  3.01000e+002 -8.66221e+000  6.89800e+000  1.25083e+002
           302  1.15804e+002  3.02000e+002 -8.67630e+000  6.89800e+000  1.25167e+002
           303  1.15897e+002  3.03000e+002 -8.69015e+000  6.89800e+000  1.25250e+002
           304  1.15994e+002  3.04000e+002 -8.70076e+000  6.89797e+000  1.25333e+002
           305  1.16084e+002  3.05000e+002 -8.71286e+000  6.89788e+000  1.25417e+002
           306  1.16168e+002  3.06000e+002 -8.72587e+000  6.89778e+000  1.25500e+002
           307  1.16256e+002  3.07000e+002 -8.73916e+000  6.89767e+000  1.25583e+002
           308  1.16342e+002  3.08000e+002 -8.75423e+000  6.89750e+000  1.25667e+002
           309  1.16426e+002  3.09000e+002 -8.76787e+000  6.89738e+000  1.25750e+002
           310  1.16514e+002  3.10000e+002 -8.78094e+000  6.89728e+000  1.25833e+002
           311  1.16611e+002  3.11000e+002 -8.79381e+000  6.89718e+000  1.25917e+002
           312  1.16699e+002  3.12000e+002 -8.80602e+000  6.89714e+000  1.26000e+002
           313  1.16781e+002  3.13000e+002 -8.81813e+000  6.89710e+000  1.26083e+002
           314  1.16867e+002  3.14000e+002 -8.82988e+000  6.89705e+000  1.26167e+002
           315  1.16957e+002  3.15000e+002 -8.84176e+000  6.89702e+000  1.26250e+002
           316  1.17034e+002  3.16000e+002 -8.85598e+000  6.89703e+000  1.26333e+002
           317  1.17130e+002  3.17000e+002 -8.87031e+000  6.89702e+000  1.26417e+002
           318  1.17218e+002  3.18000e+002 -8.88349e+000  6.89701e+000  1.26500e+002
           319  1.17308e+002  3.19000e+002 -8.89609e+000  6.89700e+000  1.26583e+002
           320  1.17386e+002  3.20000e+002 -8.91109e+000  6.89700e+000  1.26667e+002
           321  1.17480e+002  3.21000e+002 -8.92659e+000  6.89700e+000  1.26750e+002
           322  1.17559e+002  3.22000e+002 -8.94134e+000  6.89700e+000  1.26833e+002
           323  1.17642e+002  3.23000e+002 -8.95600e+000  6.89700e+000  1.26917e+002
           324  1.17743e+002  3.24000e+002 -8.97253e+000  6.89700e+000  1.27000e+002
           325  1.17824e+002  3.25000e+002 -8.98914e+000  6.89700e+000  1.27083e+002
           326  1.17911e+002  3.26000e+002 -9.00538e+000  6.89700e+000  1.27167e+002
           327  1.18006e+002  3.27000e+002 -9.02258e+000  6.89700e+000  1.27250e+002
           328  1.18090e+002  3.28000e+002 -9.03776e+000  6.89700e+000  1.27333e+002
           329  1.18173e+002  3.29000e+002 -9.05182e+000  6.89700e+000  1.27417e+002
           330  1.18266e+002  3.30000e+002 -9.06718e+000  6.89700e+000  1.27500e+002
           331  1.18344e+002  3.31000e+002 -9.08334e+000  6.89700e+000  1.27583e+002
           332  1.18429e+002  3.32000e+002 -9.10043e+000  6.89700e+000  1.27667e+002
           333  1.18525e+002  3.33000e+002 -9.11623e+000  6.89697e+000  1.27750e+002
           334  1.18597e+002  3.34000e+002 -9.13031e+000  6.89688e+000  1.27833e+002
           335  1.18691e+002  3.35000e+002 -9.14334e+000  6.89678e+000  1.27917e+002
           336  1.18781e+002  3.36000e+002 -9.15856e+000  6.89664e+000  1.28000e+002
           337  1.18868e+002  3.37000e+002 -9.17329e+000  6.89652e+000  1.28083e+002
           338  1.18950e+002  3.38000e+002 -9.18828e+000  6.89641e+000  1.28167e+002
           339  1.19039e+002  3.39000e+002 -9.20348e+000  6.89631e+000  1.28250e+002
           340  1.19139e+002  3.40000e+002 -9.21646e+000  6.89622e+000  1.28333e+002
           341  1.19213e+002  3.41000e+002 -9.22985e+000  6.89614e+000  1.28417e+002
           342  1.19319e+002  3.42000e+002 -9.24345e+000  6.89608e+000  1.28500e+002
           343  1.19402e+002  3.43000e+002 -9.25733e+000  6.89603e+000  1.28583e+002
           344  1.19487e+002  3.44000e+002 -9.26962e+000  6.89604e+000  1.28667e+002
           345  1.19560e+002  3.45000e+002 -9.28394e+000  6.89603e+000  1.28750e+002
           346  1.19637e+002  3.46000e+002 -9.29778e+000  6.89601e+000  1.28833e+002
           347  1.19719e+002  3.47000e+002 -9.31153e+000  6.89600e+000  1.28917e+002
           348  1.19819e+002  3.48000e+002 -9.32769e+000  6.89601e+000  1.29000e+002
           349  1.19905e+002  3.49000e+002 -9.34220e+000  6.89600e+000  1.29083e+002
           350  1.19988e+002  3.50000e+002 -9.35659e+000  6.89600e+000  1.29167e+002
           351  1.20076e+002  3.51000e+002 -9.37165e+000  6.89600e+000  1.29250e+002
           352  1.20151e+002  3.52000e+002 -9.38429e+000  6.89600e+000  1.29333e+002
           353  1.20236e+002  3.53000e+002 -9.39788e+000  6.89600e+000  1.29417e+002
           354  1.20337e+002  3.54000e+002 -9.41209e+000  6.89600e+000  1.29500e+002
           355  1.20427e+002  3.55000e+002 -9.42620e+000  6.89600e+000  1.29583e+002
           356  1.20510e+002  3.56000e+002 -9.43789e+000  6.89600e+000  1.29667e+002
           357  1.20590e+002  3.57000e+002 -9.45182e+000  6.89600e+000  1.29750e+002
           358  1.20676e+002  3.58000e+002 -9.46681e+000  6.89600e+000  1.29833e+002
           359  1.20762e+002  3.59000e+002 -9.48166e+000  6.89600e+000  1.29917e+002
           360  1.20854e+002  3.60000e+002 -9.49541e+000  6.89597e+000  1.30000e+002
           361  1.20947e+002  3.61000e+002 -9.50975e+000  6.89588e+000  1.30083e+002
           362  1.21029e+002  3.62000e+002 -9.52397e+000  6.89578e+000  1.30167e+002
           363  1.21118e+002  3.63000e+002 -9.53783e+000  6.89567e+000  1.30250e+002
           364  1.21203e+002  3.64000e+002 -9.55434e+000  6.89550e+000  1.30333e+002
           365  1.21292e+002  3.65000e+002 -9.56930e+000  6.89538e+000  1.30417e+002
           366  1.21371e+002  3.66000e+002 -9.58491e+000  6.89528e+000  1.30500e+002
           367  1.21454e+002  3.67000e+002 -9.60082e+000  6.89518e+000  1.30583e+002
           368  1.21543e+002  3.68000e+002 -9.61722e+000  6.89514e+000  1.30667e+002
           369  1.21628e+002  3.69000e+002 -9.63207e+000  6.89510e+000  1.30750e+002
           370  1.21716e+002  3.70000e+002 -9.64680e+000  6.89505e+000  1.30833e+002
           371  1.21805e+002  3.71000e+002 -9.66216e+000  6.89502e+000  1.30917e+002
           372  1.21897e+002  3.72000e+002 -9.67598e+000  6.89503e+000  1.31000e+002
           373  1.21972e+002  3.73000e+002 -9.69035e+000  6.89502e+000  1.31083e+002
           374  1.22054e+002  3.74000e+002 -9.70499e+000  6.89501e+000  1.31167e+002
           375  1.22157e+002  3.75000e+002 -9.71867e+000  6.89500e+000  1.31250e+002
           376  1.22228e+002  3.76000e+002 -9.73386e+000  6.89500e+000  1.31333e+002
           377  1.22313e+002  3.77000e+002 -9.74801e+000  6.89500e+000  1.31417e+002
           378  1.22401e+002  3.78000e+002 -9.76324e+000  6.89500e+000  1.31500e+002
           379  1.22480e+002  3.79000e+002 -9.77935e+000  6.89500e+000  1.31583e+002
           380  1.22572e+002  3.80000e+002 -9.79321e+000  6.89500e+000  1.31667e+002
           381  1.22661e+002  3.81000e+002 -9.80742e+000  6.89500e+000  1.31750e+002
           382  1.22748e+002  3.82000e+002 -9.82228e+000  6.89500e+000  1.31833e+002
           383  1.22820e+002  3.83000e+002 -9.83743e+000  6.89500e+000  1.31917e+002
           384  1.22903e+002  3.84000e+002 -9.85247e+000  6.89500e+000  1.32000e+002
           385  1.22987e+002  3.85000e+002 -9.86802e+000  6.89500e+000  1.32083e+002
           386  1.23081e+002  3.86000e+002 -9.88377e+000  6.89497e+000  1.32167e+002
           387  1.23166e+002  3.87000e+002 -9.89897e+000  6.89489e+000  1.32250e+002
           388  1.23243e+002  3.88000e+002 -9.91389e+000  6.89477e+000  1.32333e+002
           389  1.23332e+002  3.89000e+002 -9.92873e+000  6.89465e+000  1.32417e+002
           390  1.23417e+002  3.90000e+002 -9.94324e+000  6.89454e+000  1.32500e+002
           391  1.23506e+002  3.91000e+002 -9.95732e+000  6.89443e+000  1.32583e+002
           392  1.23587e+002  3.92000e+002 -9.97085e+000  6.89429e+000  1.32667e+002
           393  1.23675e+002  3.93000e+002 -9.98596e+000  6.89419e+000  1.32750e+002
           394  1.23759e+002  3.94000e+002 -1.00007e+001  6.89411e+000  1.32833e+002
           395  1.23855e+002  3.95000e+002 -1.00149e+001  6.89405e+000  1.32917e+002
           396  1.23936e+002  3.96000e+002 -1.00268e+001  6.89406e+000  1.33000e+002
           397  1.24022e+002  3.97000e+002 -1.00402e+001  6.89404e+000  1.33083e+002
           398  1.24105e+002  3.98000e+002 -1.00551e+001  6.89402e+000  1.33167e+002
           399  1.24190e+002  3.99000e+002 -1.00691e+001  6.89401e+000  1.33250e+002
           400  1.24280e+002  4.00000e+002 -1.00835e+001  6.89401e+000  1.33333e+002
           401  1.24362e+002  4.01000e+002 -1.00983e+001  6.89401e+000  1.33417e+002
           402  1.24451e+002  4.02000e+002 -1.01145e+001  6.89400e+000  1.33500e+002
           403  1.24525e+002  4.03000e+002 -1.01303e+001  6.89400e+000  1.33583e+002
           404  1.24609e+002  4.04000e+002 -1.01449e+001  6.89400e+000  1.33667e+002
           405  1.24695e+002  4.05000e+002 -1.01595e+001  6.89400e+000  1.33750e+002
           406  1.24784e+002  4.06000e+002 -1.01752e+001  6.89400e+000  1.33833e+002
           407  1.24867e+002  4.07000e+002 -1.01911e+001  6.89400e+000  1.33917e+002
           408  1.24963e+002  4.08000e+002 -1.02074e+001  6.89400e+000  1.34000e+002
           409  1.25034e+002  4.09000e+002 -1.02227e+001  6.89400e+000  1.34083e+002
           410  1.25123e+002  4.10000e+002 -1.02399e+001  6.89400e+000  1.34167e+002
           411  1.25209e+002  4.11000e+002 -1.02569e+001  6.89400e+000  1.34250e+002
           412  1.25289e+002  4.12000e+002 -1.02750e+001  6.89400e+000  1.34333e+002
           413  1.25381e+002  4.13000e+002 -1.02919e+001  6.89400e+000  1.34417e+002
           414  1.25461e+002  4.14000e+002 -1.03088e+001  6.89400e+000  1.34500e+002
           415  1.25543e+002  4.15000e+002 -1.03254e+001  6.89400e+000  1.34583e+002
           416  1.25629e+002  4.16000e+002 -1.03420e+001  6.89400e+000  1.34667e+002
           417  1.25717e+002  4.17000e+002 -1.03584e+001  6.89400e+000  1.34750e+002
           418  1.25795e+002  4.18000e+002 -1.03747e+001  6.89400e+000  1.34833e+002
           419  1.25884e+002  4.19000e+002 -1.03904e+001  6.89400e+000  1.34917e+002
           420  1.25966e+002  4.20000e+002 -1.04075e+001  6.89400e+000  1.35000e+002
           421  1.26053e+002  4.21000e+002 -1.04242e+001  6.89400e+000  1.35083e+002
           422  1.26140e+002  4.22000e+002 -1.04410e+001  6.89400e+000  1.35167e+002
           423  1.26228e+002  4.23000e+002 -1.04570e+001  6.89400e+000  1.35250e+002
           424  1.26315e+002  4.24000e+002 -1.04711e+001  6.89400e+000  1.35333e+002
           425  1.26390e+002  4.25000e+002 -1.04855e+001  6.89400e+000  1.35417e+002
           426  1.26477e+002  4.26000e+002 -1.05002e+001  6.89400e+000  1.35500e+002
           427  1.26566e+002  4.27000e+002 -1.05163e+001  6.89400e+000  1.35583e+002
           428  1.26651e+002  4.28000e+002 -1.05321e+001  6.89389e+000  1.35667e+002
           429  1.26721e+002  4.29000e+002 -1.05479e+001  6.89378e+000  1.35750e+002
           430  1.26809e+002  4.30000e+002 -1.05654e+001  6.89367e+000  1.35833e+002
           431  1.26901e+002  4.31000e+002 -1.05838e+001  6.89356e+000  1.35917e+002
           432  1.26987e+002  4.32000e+002 -1.05998e+001  6.89336e+000  1.36000e+002
           433  1.27063e+002  4.33000e+002 -1.06168e+001  6.89323e+000  1.36083e+002
           434  1.27154e+002  4.34000e+002 -1.06340e+001  6.89314e+000  1.36167e+002
           435  1.27250e+002  4.35000e+002 -1.06516e+001  6.89306e+000  1.36250e+002
           436  1.27326e+002  4.36000e+002 -1.06716e+001  6.89307e+000  1.36333e+002
           437  1.27418e+002  4.37000e+002 -1.06903e+001  6.89305e+000  1.36417e+002
           438  1.27499e+002  4.38000e+002 -1.07096e+001  6.89302e+000  1.36500e+002
           439  1.27573e+002  4.39000e+002 -1.07288e+001  6.89301e+000  1.36583e+002
           440  1.27667e+002  4.40000e+002 -1.07466e+001  6.89301e+000  1.36667e+002
           441  1.27751e+002  4.41000e+002 -1.07631e+001  6.89301e+000  1.36750e+002
           442  1.27830e+002  4.42000e+002 -1.07798e+001  6.89300e+000  1.36833e+002
           443  1.27913e+002  4.43000e+002 -1.07962e+001  6.89300e+000  1.36917e+002
           444  1.28007e+002  4.44000e+002 -1.08119e+001  6.89300e+000  1.37000e+002
           445  1.28097e+002  4.45000e+002 -1.08290e+001  6.89300e+000  1.37083e+002
           446  1.28168e+002  4.46000e+002 -1.08462e+001  6.89300e+000  1.37167e+002
           447  1.28254e+002  4.47000e+002 -1.08640e+001  6.89300e+000  1.37250e+002
           448  1.28341e+002  4.48000e+002 -1.08804e+001  6.89300e+000  1.37333e+002
           449  1.28417e+002  4.49000e+002 -1.08974e+001  6.89300e+000  1.37417e+002
           450  1.28511e+002  4.50000e+002 -1.09137e+001  6.89300e+000  1.37500e+002
           451  1.28591e+002  4.51000e+002 -1.09288e+001  6.89300e+000  1.37583e+002
           452  1.28679e+002  4.52000e+002 -1.09453e+001  6.89300e+000  1.37667e+002
           453  1.28761e+002  4.53000e+002 -1.09611e+001  6.89300e+000  1.37750e+002
           454  1.28841e+002  4.54000e+002 -1.09786e+001  6.89297e+000  1.37833e+002
           455  1.28931e+002  4.55000e+002 -1.09975e+001  6.89289e+000  1.37917e+002
           456  1.29010e+002  4.56000e+002 -1.10148e+001  6.89277e+000  1.38000e+002
           457  1.29090e+002  4.57000e+002 -1.10309e+001  6.89265e+000  1.38083e+002
           458  1.29165e+002  4.58000e+002 -1.10480e+001  6.89254e+000  1.38167e+002
           459  1.29258e+002  4.59000e+002 -1.10644e+001  6.89243e+000  1.38250e+002
           460  1.29345e+002  4.60000e+002 -1.10796e+001  6.89229e+000  1.38333e+002
           461  1.29425e+002  4.61000e+002 -1.10962e+001  6.89219e+000  1.38417e+002
           462  1.29509e+002  4.62000e+002 -1.11119e+001  6.89211e+000  1.38500e+002
           463  1.29608e+002  4.63000e+002 -1.11272e+001  6.89205e+000  1.38583e+002
           464  1.29680e+002  4.64000e+002 -1.11452e+001  6.89206e+000  1.38667e+002
           465  1.29766e+002  4.65000e+002 -1.11614e+001  6.89204e+000  1.38750e+002
           466  1.29849e+002  4.66000e+002 -1.11774e+001  6.89202e+000  1.38833e+002
           467  1.29933e+002  4.67000e+002 -1.11933e+001  6.89201e+000  1.38917e+002
           468  1.30027e+002  4.68000e+002 -1.12051e+001  6.89201e+000  1.39000e+002
           469  1.30104e+002  4.69000e+002 -1.12189e+001  6.89201e+000  1.39083e+002
           470  1.30186e+002  4.70000e+002 -1.12339e+001  6.89200e+000  1.39167e+002
           471  1.30277e+002  4.71000e+002 -1.12490e+001  6.89200e+000  1.39250e+002
           472  1.30354e+002  4.72000e+002 -1.12653e+001  6.89200e+000  1.39333e+002
           473  1.30434e+002  4.73000e+002 -1.12816e+001  6.89200e+000  1.39417e+002
           474  1.30525e+002  4.74000e+002 -1.12978e+001  6.89200e+000  1.39500e+002
           475  1.30615e+002  4.75000e+002 -1.13135e+001  6.89200e+000  1.39583e+002
           476  1.30692e+002  4.76000e+002 -1.13305e+001  6.89200e+000  1.39667e+002
           477  1.30772e+002  4.77000e+002 -1.13459e+001  6.89200e+000  1.39750e+002
           478  1.30867e+002  4.78000e+002 -1.13613e+001  6.89200e+000  1.39833e+002
           479  1.30946e+002  4.79000e+002 -1.13775e+001  6.89200e+000  1.39917e+002
           480  1.31020e+002  4.80000e+002 -1.13961e+001  6.89197e+000  1.40000e+002
           481  1.31105e+002  4.81000e+002 -1.14129e+001  6.89188e+000  1.40083e+002
           482  1.31202e+002  4.82000e+002 -1.14295e+001  6.89180e+000  1.40167e+002
           483  1.31268e+002  4.83000e+002 -1.14466e+001  6.89178e+000  1.40250e+002
           484  1.31362e+002  4.84000e+002 -1.14602e+001  6.89173e+000  1.40333e+002
           485  1.31435e+002  4.85000e+002 -1.14764e+001  6.89173e+000  1.40417e+002
           486  1.31520e+002  4.86000e+002 -1.14936e+001  6.89174e+000  1.40500e+002
           487  1.31606e+002  4.87000e+002 -1.15115e+001  6.89175e+000  1.40583e+002
           488  1.31688e+002  4.88000e+002 -1.15325e+001  6.89186e+000  1.40667e+002
           489  1.31768e+002  4.89000e+002 -1.15509e+001  6.89191e+000  1.40750e+002
           490  1.31844e+002  4.90000e+002 -1.15686e+001  6.89194e+000  1.40833e+002
           491  1.31929e+002  4.91000e+002 -1.15853e+001  6.89197e+000  1.40917e+002
           492  1.32015e+002  4.92000e+002 -1.16035e+001  6.89197e+000  1.41000e+002
           493  1.32101e+002  4.93000e+002 -1.16202e+001  6.89195e+000  1.41083e+002
           494  1.32185e+002  4.94000e+002 -1.16360e+001  6.89187e+000  1.41167e+002
           495  1.32268e+002  4.95000e+002 -1.16512e+001  6.89177e+000  1.41250e+002
           496  1.32350e+002  4.96000e+002 -1.16690e+001  6.89163e+000  1.41333e+002
           497  1.32446e+002  4.97000e+002 -1.16857e+001  6.89151e+000  1.41417e+002
           498  1.32527e+002  4.98000e+002 -1.17021e+001  6.89141e+000  1.41500e+002
           499  1.32622e+002  4.99000e+002 -1.17176e+001  6.89131e+000  1.41583e+002
           500  1.32686e+002  5.00000e+002 -1.17318e+001  6.89121e+000  1.41667e+002
           501  1.32782e+002  5.01000e+002 -1.17499e+001  6.89114e+000  1.41750e+002
           502  1.32864e+002  5.02000e+002 -1.17672e+001  6.89108e+000  1.41833e+002
           503  1.32938e+002  5.03000e+002 -1.17835e+001  6.89103e+000  1.41917e+002
           504  1.33029e+002  5.04000e+002 -1.18000e+001  6.89104e+000  1.42000e+002
           505  1.33108e+002  5.05000e+002 -1.18157e+001  6.89103e+000  1.42083e+002
           506  1.33195e+002  5.06000e+002 -1.18319e+001  6.89101e+000  1.42167e+002
           507  1.33272e+002  5.07000e+002 -1.18487e+001  6.89100e+000  1.42250e+002
           508  1.33367e+002  5.08000e+002 -1.18657e+001  6.89101e+000  1.42333e+002
           509  1.33449e+002  5.09000e+002 -1.18827e+001  6.89100e+000  1.42417e+002
           510  1.33524e+002  5.10000e+002 -1.18995e+001  6.89100e+000  1.42500e+002
           511  1.33604e+002  5.11000e+002 -1.19161e+001  6.89100e+000  1.42583e+002
           512  1.33701e+002  5.12000e+002 -1.19292e+001  6.89100e+000  1.42667e+002
           513  1.33790e+002  5.13000e+002 -1.19442e+001  6.89100e+000  1.42750e+002
           514  1.33866e+002  5.14000e+002 -1.19599e+001  6.89100e+000  1.42833e+002
           515  1.33960e+002  5.15000e+002 -1.19760e+001  6.89100e+000  1.42917e+002
           516  1.34023e+002  5.16000e+002 -1.19959e+001  6.89100e+000  1.43000e+002
           517  1.34109e+002  5.17000e+002 -1.20142e+001  6.89100e+000  1.43083e+002
           518  1.34194e+002  5.18000e+002 -1.20316e+001  6.89100e+000  1.43167e+002
           519  1.34283e+002  5.19000e+002 -1.20492e+001  6.89100e+000  1.43250e+002
           520  1.34354e+002  5.20000e+002 -1.20665e+001  6.89100e+000  1.43333e+002
           521  1.34444e+002  5.21000e+002 -1.20843e+001  6.89100e+000  1.43417e+002
           522  1.34526e+002  5.22000e+002 -1.21023e+001  6.89100e+000  1.43500e+002
           523  1.34615e+002  5.23000e+002 -1.21204e+001  6.89100e+000  1.43583e+002
           524  1.34698e+002  5.24000e+002 -1.21399e+001  6.89100e+000  1.43667e+002
           525  1.34779e+002  5.25000e+002 -1.21582e+001  6.89100e+000  1.43750e+002
           526  1.34866e+002  5.26000e+002 -1.21763e+001  6.89100e+000  1.43833e+002
           527  1.34943e+002  5.27000e+002 -1.21951e+001  6.89100e+000  1.43917e+002
           528  1.35027e+002  5.28000e+002 -1.22137e+001  6.89100e+000  1.44000e+002
           529  1.35114e+002  5.29000e+002 -1.22315e+001  6.89100e+000  1.44083e+002
           530  1.35201e+002  5.30000e+002 -1.22479e+001  6.89100e+000  1.44167e+002
           531  1.35284e+002  5.31000e+002 -1.22627e+001  6.89100e+000  1.44250e+002
           532  1.35363e+002  5.32000e+002 -1.22809e+001  6.89100e+000  1.44333e+002
           533  1.35460e+002  5.33000e+002 -1.22994e+001  6.89097e+000  1.44417e+002
           534  1.35531e+002  5.34000e+002 -1.23173e+001  6.89088e+000  1.44500e+002
           535  1.35612e+002  5.35000e+002 -1.23344e+001  6.89078e+000  1.44583e+002
           536  1.35694e+002  5.36000e+002 -1.23530e+001  6.89064e+000  1.44667e+002
           537  1.35785e+002  5.37000e+002 -1.23714e+001  6.89052e+000  1.44750e+002
           538  1.35881e+002  5.38000e+002 -1.23886e+001  6.89041e+000  1.44833e+002
           539  1.35959e+002  5.39000e+002 -1.24050e+001  6.89031e+000  1.44917e+002
           540  1.36043e+002  5.40000e+002 -1.24196e+001  6.89021e+000  1.45000e+002
           541  1.36122e+002  5.41000e+002 -1.24350e+001  6.89014e+000  1.45083e+002
           542  1.36200e+002  5.42000e+002 -1.24500e+001  6.89008e+000  1.45167e+002
           543  1.36282e+002  5.43000e+002 -1.24654e+001  6.89003e+000  1.45250e+002
           544  1.36374e+002  5.44000e+002 -1.24832e+001  6.89004e+000  1.45333e+002
           545  1.36453e+002  5.45000e+002 -1.25003e+001  6.89003e+000  1.45417e+002
           546  1.36545e+002  5.46000e+002 -1.25183e+001  6.89001e+000  1.45500e+002
           547  1.36628e+002  5.47000e+002 -1.25357e+001  6.89000e+000  1.45583e+002
           548  1.36715e+002  5.48000e+002 -1.25487e+001  6.89001e+000  1.45667e+002
           549  1.36795e+002  5.49000e+002 -1.25638e+001  6.89000e+000  1.45750e+002
           550  1.36882e+002  5.50000e+002 -1.25805e+001  6.89000e+000  1.45833e+002
           551  1.36954e+002  5.51000e+002 -1.25972e+001  6.89000e+000  1.45917e+002
           552  1.37037e+002  5.52000e+002 -1.26191e+001  6.89000e+000  1.46000e+002
           553  1.37123e+002  5.53000e+002 -1.26374e+001  6.89000e+000  1.46083e+002
           554  1.37220e+002  5.54000e+002 -1.26548e+001  6.89000e+000  1.46167e+002
           555  1.37305e+002  5.55000e+002 -1.26725e+001  6.89000e+000  1.46250e+002
           556  1.37376e+002  5.56000e+002 -1.26888e+001  6.89000e+000  1.46333e+002
           557  1.37463e+002  5.57000e+002 -1.27052e+001  6.89000e+000  1.46417e+002
           558  1.37540e+002  5.58000e+002 -1.27217e+001  6.89000e+000  1.46500e+002
           559  1.37623e+002  5.59000e+002 -1.27380e+001  6.89000e+000  1.46583e+002
           560  1.37703e+002  5.60000e+002 -1.27578e+001  6.89000e+000  1.46667e+002
           561  1.37775e+002  5.61000e+002 -1.27763e+001  6.89000e+000  1.46750e+002
           562  1.37871e+002  5.62000e+002 -1.27948e+001  6.89000e+000  1.46833e+002
           563  1.37960e+002  5.63000e+002 -1.28121e+001  6.89000e+000  1.46917e+002
           564  1.38052e+002  5.64000e+002 -1.28291e+001  6.89000e+000  1.47000e+002
           565  1.38125e+002  5.65000e+002 -1.28471e+001  6.89000e+000  1.47083e+002
           566  1.38215e+002  5.66000e+002 -1.28649e+001  6.89000e+000  1.47167e+002
           567  1.38287e+002  5.67000e+002 -1.28833e+001  6.89000e+000  1.47250e+002
           568  1.38378e+002  5.68000e+002 -1.29009e+001  6.89000e+000  1.47333e+002
           569  1.38461e+002  5.69000e+002 -1.29182e+001  6.89000e+000  1.47417e+002
           570  1.38548e+002  5.70000e+002 -1.29358e+001  6.89000e+000  1.47500e+002
           571  1.38638e+002  5.71000e+002 -1.29535e+001  6.89000e+000  1.47583e+002
           572  1.38706e+002  5.72000e+002 -1.29695e+001  6.89000e+000  1.47667e+002
           573  1.38803e+002  5.73000e+002 -1.29859e+001  6.88997e+000  1.47750e+002
           574  1.38874e+002  5.74000e+002 -1.30032e+001  6.88988e+000  1.47833e+002
           575  1.38960e+002  5.75000e+002 -1.30212e+001  6.88978e+000  1.47917e+002
           576  1.39040e+002  5.76000e+002 -1.30400e+001  6.88975e+000  1.48000e+002
           577  1.39137e+002  5.77000e+002 -1.30581e+001  6.88974e+000  1.48083e+002
           578  1.39216e+002  5.78000e+002 -1.30769e+001  6.88974e+000  1.48167e+002
           579  1.39294e+002  5.79000e+002 -1.30955e+001  6.88975e+000  1.48250e+002
           580  1.39382e+002  5.80000e+002 -1.31135e+001  6.88986e+000  1.48333e+002
           581  1.39468e+002  5.81000e+002 -1.31314e+001  6.88991e+000  1.48417e+002
           582  1.39543e+002  5.82000e+002 -1.31495e+001  6.88994e+000  1.48500e+002
           583  1.39629e+002  5.83000e+002 -1.31681e+001  6.88997e+000  1.48583e+002
           584  1.39714e+002  5.84000e+002 -1.31885e+001  6.88997e+000  1.48667e+002
           585  1.39800e+002  5.85000e+002 -1.32075e+001  6.88998e+000  1.48750e+002
           586  1.39893e+002  5.86000e+002 -1.32258e+001  6.88996e+000  1.48833e+002
           587  1.39961e+002  5.87000e+002 -1.32444e+001  6.88989e+000  1.48917e+002
           588  1.40050e+002  5.88000e+002 -1.32606e+001  6.88976e+000  1.49000e+002
           589  1.40141e+002  5.89000e+002 -1.32779e+001  6.88965e+000  1.49083e+002
           590  1.40221e+002  5.90000e+002 -1.32952e+001  6.88954e+000  1.49167e+002
           591  1.40295e+002  5.91000e+002 -1.33128e+001  6.88943e+000  1.49250e+002
           592  1.40377e+002  5.92000e+002 -1.33295e+001  6.88929e+000  1.49333e+002
           593  1.40462e+002  5.93000e+002 -1.33452e+001  6.88919e+000  1.49417e+002
           594  1.40539e+002  5.94000e+002 -1.33620e+001  6.88911e+000  1.49500e+002
           595  1.40622e+002  5.95000e+002 -1.33795e+001  6.88905e+000  1.49583e+002
           596  1.40712e+002  5.96000e+002 -1.33948e+001  6.88906e+000  1.49667e+002
           597  1.40793e+002  5.97000e+002 -1.34113e+001  6.88904e+000  1.49750e+002
           598  1.40876e+002  5.98000e+002 -1.34269e+001  6.88902e+000  1.49833e+002
           599  1.40963e+002  5.99000e+002 -1.34423e+001  6.88901e+000  1.49917e+002
           600  1.41049e+002  6.00000e+002 -1.34557e+001  6.88901e+000  1.50000e+002
           601  1.41139e+002  6.01000e+002 -1.34700e+001  6.88901e+000  1.50083e+002
           602  1.41219e+002  6.02000e+002 -1.34860e+001  6.88900e+000  1.50167e+002
           603  1.41302e+002  6.03000e+002 -1.35034e+001  6.88900e+000  1.50250e+002
           604  1.41382e+002  6.04000e+002 -1.35212e+001  6.88900e+000  1.50333e+002
           605  1.41453e+002  6.05000e+002 -1.35381e+001  6.88900e+000  1.50417e+002
           606  1.41533e+002  6.06000e+002 -1.35567e+001  6.88900e+000  1.50500e+002
           607  1.41617e+002  6.07000e+002 -1.35757e+001  6.88900e+000  1.50583e+002
           608  1.41708e+002  6.08000e+002 -1.35913e+001  6.88900e+000  1.50667e+002
           609  1.41790e+002  6.09000e+002 -1.36075e+001  6.88900e+000  1.50750e+002
           610  1.41877e+002  6.10000e+002 -1.36258e+001  6.88900e+000  1.50833e+002
           611  1.41954e+002  6.11000e+002 -1.36449e+001  6.88900e+000  1.50917e+002
           612  1.42043e+002  6.12000e+002 -1.36676e+001  6.88900e+000  1.51000e+002
           613  1.42122e+002  6.13000e+002 -1.36870e+001  6.88900e+000  1.51083e+002
           614  1.42208e+002  6.14000e+002 -1.37060e+001  6.88900e+000  1.51167e+002
           615  1.42299e+002  6.15000e+002 -1.37254e+001  6.88900e+000  1.51250e+002
           616  1.42383e+002  6.16000e+002 -1.37429e+001  6.88900e+000  1.51333e+002
           617  1.42462e+002  6.17000e+002 -1.37611e+001  6.88900e+000  1.51417e+002
           618  1.42557e+002  6.18000e+002 -1.37786e+001  6.88900e+000  1.51500e+002
           619  1.42636e+002  6.19000e+002 -1.37959e+001  6.88900e+000  1.51583e+002
           620  1.42712e+002  6.20000e+002 -1.38130e+001  6.88900e+000  1.51667e+002
           621  1.42788e+002  6.21000e+002 -1.38306e+001  6.88900e+000  1.51750e+002
           622  1.42871e+002  6.22000e+002 -1.38485e+001  6.88900e+000  1.51833e+002
           623  1.42955e+002  6.23000e+002 -1.38663e+001  6.88900e+000  1.51917e+002
           624  1.43034e+002  6.24000e+002 -1.38824e+001  6.88900e+000  1.52000e+002
           625  1.43120e+002  6.25000e+002 -1.38993e+001  6.88900e+000  1.52083e+002
           626  1.43194e+002  6.26000e+002 -1.39172e+001  6.88900e+000  1.52167e+002
           627  1.43291e+002  6.27000e+002 -1.39351e+001  6.88900e+000  1.52250e+002
           628  1.43382e+002  6.28000e+002 -1.39505e+001  6.88900e+000  1.52333e+002
           629  1.43456e+002  6.29000e+002 -1.39674e+001  6.88900e+000  1.52417e+002
           630  1.43531e+002  6.30000e+002 -1.39854e+001  6.88900e+000  1.52500e+002
           631  1.43611e+002  6.31000e+002 -1.40041e+001  6.88900e+000  1.52583e+002
           632  1.43709e+002  6.32000e+002 -1.40262e+001  6.88900e+000  1.52667e+002
           633  1.43787e+002  6.33000e+002 -1.40458e+001  6.88900e+000  1.52750e+002
           634  1.43873e+002  6.34000e+002 -1.40647e+001  6.88900e+000  1.52833e+002
           635  1.43949e+002  6.35000e+002 -1.40831e+001  6.88900e+000  1.52917e+002
           636  1.44035e+002  6.36000e+002 -1.41012e+001  6.88900e+000  1.53000e+002
           637  1.44111e+002  6.37000e+002 -1.41188e+001  6.88900e+000  1.53083e+002
           638  1.44202e+002  6.38000e+002 -1.41352e+001  6.88900e+000  1.53167e+002
           639  1.44280e+002  6.39000e+002 -1.41504e+001  6.88900e+000  1.53250e+002
           640  1.44367e+002  6.40000e+002 -1.41702e+001  6.88900e+000  1.53333e+002
           641  1.44441e+002  6.41000e+002 -1.41889e+001  6.88897e+000  1.53417e+002
           642  1.44534e+002  6.42000e+002 -1.42062e+001  6.88888e+000  1.53500e+002
           643  1.44623e+002  6.43000e+002 -1.42248e+001  6.88878e+000  1.53583e+002
           644  1.44687e+002  6.44000e+002 -1.42387e+001  6.88864e+000  1.53667e+002
           645  1.44768e+002  6.45000e+002 -1.42557e+001  6.88852e+000  1.53750e+002
           646  1.44859e+002  6.46000e+002 -1.42742e+001  6.88841e+000  1.53833e+002
           647  1.44940e+002  6.47000e+002 -1.42930e+001  6.88831e+000  1.53917e+002
           648  1.45035e+002  6.48000e+002 -1.43141e+001  6.88822e+000  1.54000e+002
           649  1.45121e+002  6.49000e+002 -1.43340e+001  6.88814e+000  1.54083e+002
           650  1.45199e+002  6.50000e+002 -1.43514e+001  6.88808e+000  1.54167e+002
           651  1.45286e+002  6.51000e+002 -1.43674e+001  6.88803e+000  1.54250e+002
           652  1.45361e+002  6.52000e+002 -1.43893e+001  6.88804e+000  1.54333e+002
           653  1.45444e+002  6.53000e+002 -1.44092e+001  6.88803e+000  1.54417e+002
           654  1.45533e+002  6.54000e+002 -1.44278e+001  6.88801e+000  1.54500e+002
           655  1.45613e+002  6.55000e+002 -1.44458e+001  6.88800e+000  1.54583e+002
           656  1.45692e+002  6.56000e+002 -1.44626e+001  6.88801e+000  1.54667e+002
           657  1.45774e+002  6.57000e+002 -1.44795e+001  6.88800e+000  1.54750e+002
           658  1.45864e+002  6.58000e+002 -1.44960e+001  6.88800e+000  1.54833e+002
           659  1.45948e+002  6.59000e+002 -1.45128e+001  6.88800e+000  1.54917e+002
           660  1.46026e+002  6.60000e+002 -1.45275e+001  6.88800e+000  1.55000e+002
           661  1.46093e+002  6.61000e+002 -1.45454e+001  6.88800e+000  1.55083e+002
           662  1.46195e+002  6.62000e+002 -1.45635e+001  6.88800e+000  1.55167e+002
           663  1.46283e+002  6.63000e+002 -1.45802e+001  6.88800e+000  1.55250e+002
           664  1.46355e+002  6.64000e+002 -1.45959e+001  6.88800e+000  1.55333e+002
           665  1.46444e+002  6.65000e+002 -1.46120e+001  6.88800e+000  1.55417e+002
           666  1.46527e+002  6.66000e+002 -1.46292e+001  6.88800e+000  1.55500e+002
           667  1.46598e+002  6.67000e+002 -1.46460e+001  6.88800e+000  1.55583e+002
           668  1.46694e+002  6.68000e+002 -1.46628e+001  6.88800e+000  1.55667e+002
           669  1.46775e+002  6.69000e+002 -1.46792e+001  6.88800e+000  1.55750e+002
           670  1.46850e+002  6.70000e+002 -1.46956e+001  6.88800e+000  1.55833e+002
           671  1.46943e+002  6.71000e+002 -1.47120e+001  6.88800e+000  1.55917e+002
           672  1.47009e+002  6.72000e+002 -1.47278e+001  6.88800e+000  1.56000e+002
           673  1.47107e+002  6.73000e+002 -1.47455e+001  6.88800e+000  1.56083e+002
           674  1.47193e+002  6.74000e+002 -1.47630e+001  6.88800e+000  1.56167e+002
           675  1.47270e+002  6.75000e+002 -1.47803e+001  6.88800e+000  1.56250e+002
           676  1.47357e+002  6.76000e+002 -1.47992e+001  6.88800e+000  1.56333e+002
           677  1.47434e+002  6.77000e+002 -1.48162e+001  6.88800e+000  1.56417e+002
           678  1.47518e+002  6.78000e+002 -1.48327e+001  6.88800e+000  1.56500e+002
           679  1.47601e+002  6.79000e+002 -1.48485e+001  6.88800e+000  1.56583e+002
           680  1.47690e+002  6.80000e+002 -1.48654e+001  6.88800e+000  1.56667e+002
           681  1.47772e+002  6.81000e+002 -1.48823e+001  6.88800e+000  1.56750e+002
           682  1.47853e+002  6.82000e+002 -1.48994e+001  6.88800e+000  1.56833e+002
           683  1.47926e+002  6.83000e+002 -1.49174e+001  6.88800e+000  1.56917e+002
           684  1.48018e+002  6.84000e+002 -1.49329e+001  6.88800e+000  1.57000e+002
           685  1.48094e+002  6.85000e+002 -1.49495e+001  6.88800e+000  1.57083e+002
           686  1.48172e+002  6.86000e+002 -1.49671e+001  6.88800e+000  1.57167e+002
           687  1.48268e+002  6.87000e+002 -1.49861e+001  6.88800e+000  1.57250e+002
           688  1.48362e+002  6.88000e+002 -1.50048e+001  6.88800e+000  1.57333e+002
           689  1.48447e+002  6.89000e+002 -1.50244e+001  6.88800e+000  1.57417e+002
           690  1.48529e+002  6.90000e+002 -1.50436e+001  6.88800e+000  1.57500e+002
           691  1.48602e+002  6.91000e+002 -1.50622e+001  6.88800e+000  1.57583e+002
           692  1.48674e+002  6.92000e+002 -1.50849e+001  6.88800e+000  1.57667e+002
           693  1.48775e+002  6.93000e+002 -1.51040e+001  6.88800e+000  1.57750e+002
           694  1.48840e+002  6.94000e+002 -1.51224e+001  6.88800e+000  1.57833e+002
           695  1.48913e+002  6.95000e+002 -1.51402e+001  6.88800e+000  1.57917e+002
           696  1.49007e+002  6.96000e+002 -1.51593e+001  6.88800e+000  1.58000e+002
           697  1.49100e+002  6.97000e+002 -1.51769e+001  6.88800e+000  1.58083e+002
           698  1.49178e+002  6.98000e+002 -1.51951e+001  6.88800e+000  1.58167e+002
           699  1.49264e+002  6.99000e+002 -1.52133e+001  6.88800e+000  1.58250e+002
           700  1.49339e+002  7.00000e+002 -1.52267e+001  6.88800e+000  1.58333e+002
           701  1.49434e+002  7.01000e+002 -1.52444e+001  6.88800e+000  1.58417e+002
           702  1.49506e+002  7.02000e+002 -1.52633e+001  6.88800e+000  1.58500e+002
           703  1.49590e+002  7.03000e+002 -1.52821e+001  6.88800e+000  1.58583e+002
           704  1.49680e+002  7.04000e+002 -1.53029e+001  6.88800e+000  1.58667e+002
           705  1.49763e+002  7.05000e+002 -1.53228e+001  6.88800e+000  1.58750e+002
           706  1.49846e+002  7.06000e+002 -1.53413e+001  6.88800e+000  1.58833e+002
           707  1.49917e+002  7.07000e+002 -1.53596e+001  6.88800e+000  1.58917e+002
           708  1.50000e+002  7.08000e+002 -1.53788e+001  6.88800e+000  1.59000e+002
           709  1.50092e+002  7.09000e+002 -1.53972e+001  6.88797e+000  1.59083e+002
           710  1.50176e+002  7.10000e+002 -1.54155e+001  6.88788e+000  1.59167e+002
           711  1.50254e+002  7.11000e+002 -1.54349e+001  6.88778e+000  1.59250e+002
           712  1.50334e+002  7.12000e+002 -1.54535e+001  6.88775e+000  1.59333e+002
           713  1.50419e+002  7.13000e+002 -1.54723e+001  6.88774e+000  1.59417e+002
           714  1.50507e+002  7.14000e+002 -1.54907e+001  6.88774e+000  1.59500e+002
           715  1.50594e+002  7.15000e+002 -1.55094e+001  6.88775e+000  1.59583e+002
           716  1.50682e+002  7.16000e+002 -1.55237e+001  6.88786e+000  1.59667e+002
           717  1.50770e+002  7.17000e+002 -1.55409e+001  6.88791e+000  1.59750e+002
           718  1.50856e+002  7.18000e+002 -1.55584e+001  6.88794e+000  1.59833e+002
           719  1.50929e+002  7.19000e+002 -1.55756e+001  6.88797e+000  1.59917e+002
           720  1.51009e+002  7.20000e+002 -1.55964e+001  6.88797e+000  1.60000e+002
           721  1.51085e+002  7.21000e+002 -1.56143e+001  6.88798e+000  1.60083e+002
           722  1.51178e+002  7.22000e+002 -1.56314e+001  6.88799e+000  1.60167e+002
           723  1.51268e+002  7.23000e+002 -1.56484e+001  6.88800e+000  1.60250e+002
           724  1.51342e+002  7.24000e+002 -1.56649e+001  6.88788e+000  1.60333e+002
           725  1.51435e+002  7.25000e+002 -1.56813e+001  6.88777e+000  1.60417e+002
           726  1.51507e+002  7.26000e+002 -1.56981e+001  6.88766e+000  1.60500e+002
           727  1.51605e+002  7.27000e+002 -1.57154e+001  6.88756e+000  1.60583e+002
           728  1.51685e+002  7.28000e+002 -1.57335e+001  6.88735e+000  1.60667e+002
           729  1.51759e+002  7.29000e+002 -1.57512e+001  6.88723e+000  1.60750e+002
           730  1.51847e+002  7.30000e+002 -1.57687e+001  6.88714e+000  1.60833e+002
           731  1.51928e+002  7.31000e+002 -1.57855e+001  6.88706e+000  1.60917e+002
           732  1.52005e+002  7.32000e+002 -1.58030e+001  6.88707e+000  1.61000e+002
           733  1.52098e+002  7.33000e+002 -1.58205e+001  6.88705e+000  1.61083e+002
           734  1.52168e+002  7.34000e+002 -1.58388e+001  6.88702e+000  1.61167e+002
           735  1.52263e+002  7.35000e+002 -1.58574e+001  6.88701e+000  1.61250e+002
           736  1.52335e+002  7.36000e+002 -1.58761e+001  6.88701e+000  1.61333e+002
           737  1.52432e+002  7.37000e+002 -1.58942e+001  6.88701e+000  1.61417e+002
           738  1.52513e+002  7.38000e+002 -1.59128e+001  6.88700e+000  1.61500e+002
           739  1.52589e+002  7.39000e+002 -1.59312e+001  6.88700e+000  1.61583e+002
           740  1.52671e+002  7.40000e+002 -1.59493e+001  6.88700e+000  1.61667e+002
           741  1.52758e+002  7.41000e+002 -1.59664e+001  6.88700e+000  1.61750e+002
           742  1.52843e+002  7.42000e+002 -1.59843e+001  6.88700e+000  1.61833e+002
           743  1.52932e+002  7.43000e+002 -1.60018e+001  6.88700e+000  1.61917e+002
           744  1.53005e+002  7.44000e+002 -1.60221e+001  6.88700e+000  1.62000e+002
           745  1.53088e+002  7.45000e+002 -1.60415e+001  6.88700e+000  1.62083e+002
           746  1.53168e+002  7.46000e+002 -1.60614e+001  6.88700e+000  1.62167e+002
           747  1.53252e+002  7.47000e+002 -1.60813e+001  6.88700e+000  1.62250e+002
           748  1.53329e+002  7.48000e+002 -1.61000e+001  6.88700e+000  1.62333e+002
           749  1.53416e+002  7.49000e+002 -1.61181e+001  6.88700e+000  1.62417e+002
           750  1.53500e+002  7.50000e+002 -1.61353e+001  6.88700e+000  1.62500e+002
           751  1.53577e+002  7.51000e+002 -1.61529e+001  6.88700e+000  1.62583e+002
           752  1.53659e+002  7.52000e+002 -1.61707e+001  6.88700e+000  1.62667e+002
           753  1.53750e+002  7.53000e+002 -1.61881e+001  6.88700e+000  1.62750e+002
           754  1.53830e+002  7.54000e+002 -1.62058e+001  6.88700e+000  1.62833e+002
           755  1.53912e+002  7.55000e+002 -1.62237e+001  6.88700e+000  1.62917e+002
           756  1.53988e+002  7.56000e+002 -1.62392e+001  6.88700e+000  1.63000e+002
           757  1.54082e+002  7.57000e+002 -1.62563e+001  6.88700e+000  1.63083e+002
           758  1.54171e+002  7.58000e+002 -1.62743e+001  6.88700e+000  1.63167e+002
           759  1.54249e+002  7.59000e+002 -1.62915e+001  6.88700e+000  1.63250e+002
           760  1.54328e+002  7.60000e+002 -1.63071e+001  6.88700e+000  1.63333e+002
           761  1.54426e+002  7.61000e+002 -1.63245e+001  6.88700e+000  1.63417e+002
           762  1.54504e+002  7.62000e+002 -1.63426e+001  6.88700e+000  1.63500e+002
           763  1.54583e+002  7.63000e+002 -1.63602e+001  6.88700e+000  1.63583e+002
           764  1.54673e+002  7.64000e+002 -1.63797e+001  6.88700e+000  1.63667e+002
           765  1.54749e+002  7.65000e+002 -1.63985e+001  6.88700e+000  1.63750e+002
           766  1.54826e+002  7.66000e+002 -1.64165e+001  6.88700e+000  1.63833e+002
           767  1.54915e+002  7.67000e+002 -1.64332e+001  6.88700e+000  1.63917e+002
           768  1.54984e+002  7.68000e+002 -1.64515e+001  6.88700e+000  1.64000e+002
           769  1.55078e+002  7.69000e+002 -1.64704e+001  6.88700e+000  1.64083e+002
           770  1.55159e+002  7.70000e+002 -1.64898e+001  6.88700e+000  1.64167e+002
           771  1.55242e+002  7.71000e+002 -1.65084e+001  6.88700e+000  1.64250e+002
           772  1.55332e+002  7.72000e+002 -1.65271e+001  6.88700e+000  1.64333e+002
           773  1.55429e+002  7.73000e+002 -1.65451e+001  6.88700e+000  1.64417e+002
           774  1.55495e+002  7.74000e+002 -1.65631e+001  6.88700e+000  1.64500e+002
           775  1.55575e+002  7.75000e+002 -1.65798e+001  6.88700e+000  1.64583e+002
           776  1.55656e+002  7.76000e+002 -1.65966e+001  6.88700e+000  1.64667e+002
           777  1.55737e+002  7.77000e+002 -1.66149e+001  6.88700e+000  1.64750e+002
           778  1.55826e+002  7.78000e+002 -1.66331e+001  6.88700e+000  1.64833e+002
           779  1.55903e+002  7.79000e+002 -1.66503e+001  6.88700e+000  1.64917e+002
           780  1.55995e+002  7.80000e+002 -1.66673e+001  6.88700e+000  1.65000e+002
           781  1.56094e+002  7.81000e+002 -1.66849e+001  6.88700e+000  1.65083e+002
           782  1.56163e+002  7.82000e+002 -1.67016e+001  6.88700e+000  1.65167e+002
           783  1.56246e+002  7.83000e+002 -1.67183e+001  6.88700e+000  1.65250e+002
           784  1.56322e+002  7.84000e+002 -1.67358e+001  6.88700e+000  1.65333e+002
           785  1.56405e+002  7.85000e+002 -1.67538e+001  6.88700e+000  1.65417e+002
           786  1.56496e+002  7.86000e+002 -1.67717e+001  6.88700e+000  1.65500e+002
           787  1.56577e+002  7.87000e+002 -1.67899e+001  6.88700e+000  1.65583e+002
           788  1.56661e+002  7.88000e+002 -1.68091e+001  6.88700e+000  1.65667e+002
           789  1.56745e+002  7.89000e+002 -1.68289e+001  6.88700e+000  1.65750e+002
           790  1.56826e+002  7.90000e+002 -1.68477e+001  6.88700e+000  1.65833e+002
           791  1.56905e+002  7.91000e+002 -1.68659e+001  6.88700e+000  1.65917e+002
           792  1.56986e+002  7.92000e+002 -1.68855e+001  6.88700e+000  1.66000e+002
           793  1.57073e+002  7.93000e+002 -1.69046e+001  6.88700e+000  1.66083e+002
           794  1.57164e+002  7.94000e+002 -1.69235e+001  6.88700e+000  1.66167e+002
           795  1.57241e+002  7.95000e+002 -1.69431e+001  6.88700e+000  1.66250e+002
           796  1.57323e+002  7.96000e+002 -1.69606e+001  6.88700e+000  1.66333e+002
           797  1.57402e+002  7.97000e+002 -1.69785e+001  6.88700e+000  1.66417e+002
           798  1.57478e+002  7.98000e+002 -1.69975e+001  6.88700e+000  1.66500e+002
           799  1.57569e+002  7.99000e+002 -1.70178e+001  6.88700e+000  1.66583e+002
           800  1.57653e+002  8.00000e+002 -1.70331e+001  6.88700e+000  1.66667e+002
           801  1.57730e+002  8.01000e+002 -1.70500e+001  6.88700e+000  1.66750e+002
           802  1.57804e+002  8.02000e+002 -1.70691e+001  6.88700e+000  1.66833e+002
           803  1.57899e+002  8.03000e+002 -1.70885e+001  6.88700e+000  1.66917e+002
           804  1.57988e+002  8.04000e+002 -1.71067e+001  6.88700e+000  1.67000e+002
           805  1.58071e+002  8.05000e+002 -1.71241e+001  6.88700e+000  1.67083e+002
           806  1.58156e+002  8.06000e+002 -1.71418e+001  6.88700e+000  1.67167e+002
           807  1.58243e+002  8.07000e+002 -1.71605e+001  6.88700e+000  1.67250e+002
           808  1.58329e+002  8.08000e+002 -1.71804e+001  6.88700e+000  1.67333e+002
           809  1.58414e+002  8.09000e+002 -1.71985e+001  6.88700e+000  1.67417e+002
           810  1.58492e+002  8.10000e+002 -1.72168e+001  6.88700e+000  1.67500e+002
           811  1.58571e+002  8.11000e+002 -1.72372e+001  6.88700e+000  1.67583e+002
           812  1.58640e+002  8.12000e+002 -1.72566e+001  6.88700e+000  1.67667e+002
           813  1.58735e+002  8.13000e+002 -1.72755e+001  6.88700e+000  1.67750e+002
           814  1.58824e+002  8.14000e+002 -1.72942e+001  6.88700e+000  1.67833e+002
           815  1.58894e+002  8.15000e+002 -1.73133e+001  6.88700e+000  1.67917e+002
           816  1.58973e+002  8.16000e+002 -1.73318e+001  6.88700e+000  1.68000e+002
           817  1.59069e+002  8.17000e+002 -1.73491e+001  6.88700e+000  1.68083e+002
           818  1.59147e+002  8.18000e+002 -1.73657e+001  6.88700e+000  1.68167e+002
           819  1.59235e+002  8.19000e+002 -1.73823e+001  6.88700e+000  1.68250e+002
           820  1.59318e+002  8.20000e+002 -1.73990e+001  6.88700e+000  1.68333e+002
           821  1.59402e+002  8.21000e+002 -1.74151e+001  6.88700e+000  1.68417e+002
           822  1.59483e+002  8.22000e+002 -1.74311e+001  6.88700e+000  1.68500e+002
           823  1.59572e+002  8.23000e+002 -1.74475e+001  6.88700e+000  1.68583e+002
           824  1.59656e+002  8.24000e+002 -1.74610e+001  6.88700e+000  1.68667e+002
           825  1.59735e+002  8.25000e+002 -1.74780e+001  6.88700e+000  1.68750e+002
           826  1.59805e+002  8.26000e+002 -1.74939e+001  6.88700e+000  1.68833e+002
           827  1.59892e+002  8.27000e+002 -1.75095e+001  6.88700e+000  1.68917e+002
           828  1.59987e+002  8.28000e+002 -1.75264e+001  6.88700e+000  1.69000e+002
           829  1.60069e+002  8.29000e+002 -1.75433e+001  6.88700e+000  1.69083e+002
           830  1.60150e+002  8.30000e+002 -1.75591e+001  6.88700e+000  1.69167e+002
           831  1.60240e+002  8.31000e+002 -1.75751e+001  6.88700e+000  1.69250e+002
           832  1.60325e+002  8.32000e+002 -1.75944e+001  6.88700e+000  1.69333e+002
           833  1.60407e+002  8.33000e+002 -1.76140e+001  6.88700e+000  1.69417e+002
           834  1.60487e+002  8.34000e+002 -1.76324e+001  6.88700e+000  1.69500e+002
           835  1.60570e+002  8.35000e+002 -1.76502e+001  6.88700e+000  1.69583e+002
           836  1.60653e+002  8.36000e+002 -1.76646e+001  6.88700e+000  1.69667e+002
           837  1.60739e+002  8.37000e+002 -1.76806e+001  6.88700e+000  1.69750e+002
           838  1.60832e+002  8.38000e+002 -1.76964e+001  6.88700e+000  1.69833e+002
           839  1.60895e+002  8.39000e+002 -1.77128e+001  6.88700e+000  1.69917e+002
           840  1.60982e+002  8.40000e+002 -1.77352e+001  6.88700e+000  1.70000e+002
           841  1.61068e+002  8.41000e+002 -1.77559e+001  6.88700e+000  1.70083e+002
           842  1.61136e+002  8.42000e+002 -1.77753e+001  6.88700e+000  1.70167e+002
           843  1.61232e+002  8.43000e+002 -1.77939e+001  6.88700e+000  1.70250e+002
           844  1.61306e+002  8.44000e+002 -1.78100e+001  6.88700e+000  1.70333e+002
           845  1.61400e+002  8.45000e+002 -1.78292e+001  6.88700e+000  1.70417e+002
           846  1.61470e+002  8.46000e+002 -1.78498e+001  6.88700e+000  1.70500e+002
           847  1.61558e+002  8.47000e+002 -1.78688e+001  6.88700e+000  1.70583e+002
           848  1.61646e+002  8.48000e+002 -1.78908e+001  6.88700e+000  1.70667e+002
           849  1.61726e+002  8.49000e+002 -1.79097e+001  6.88700e+000  1.70750e+002
           850  1.61823e+002  8.50000e+002 -1.79282e+001  6.88700e+000  1.70833e+002
           851  1.61905e+002  8.51000e+002 -1.79467e+001  6.88700e+000  1.70917e+002
           852  1.61991e+002  8.52000e+002 -1.79633e+001  6.88700e+000  1.71000e+002
           853  1.62067e+002  8.53000e+002 -1.79814e+001  6.88700e+000  1.71083e+002
           854  1.62147e+002  8.54000e+002 -1.80002e+001  6.88700e+000  1.71167e+002
           855  1.62232e+002  8.55000e+002 -1.80188e+001  6.88700e+000  1.71250e+002
           856  1.62328e+002  8.56000e+002 -1.80349e+001  6.88700e+000  1.71333e+002
           857  1.62401e+002  8.57000e+002 -1.80525e+001  6.88700e+000  1.71417e+002
           858  1.62478e+002  8.58000e+002 -1.80704e+001  6.88700e+000  1.71500e+002
           859  1.62559e+002  8.59000e+002 -1.80888e+001  6.88700e+000  1.71583e+002
           860  1.62643e+002  8.60000e+002 -1.81070e+001  6.88700e+000  1.71667e+002
           861  1.62720e+002  8.61000e+002 -1.81245e+001  6.88700e+000  1.71750e+002
           862  1.62803e+002  8.62000e+002 -1.81414e+001  6.88700e+000  1.71833e+002
           863  1.62886e+002  8.63000e+002 -1.81584e+001  6.88700e+000  1.71917e+002
           864  1.62972e+002  8.64000e+002 -1.81748e+001  6.88700e+000  1.72000e+002
           865  1.63058e+002  8.65000e+002 -1.81913e+001  6.88700e+000  1.72083e+002
           866  1.63142e+002  8.66000e+002 -1.82078e+001  6.88700e+000  1.72167e+002
           867  1.63222e+002  8.67000e+002 -1.82248e+001  6.88700e+000  1.72250e+002
           868  1.63298e+002  8.68000e+002 -1.82434e+001  6.88700e+000  1.72333e+002
           869  1.63377e+002  8.69000e+002 -1.82618e+001  6.88700e+000  1.72417e+002
           870  1.63476e+002  8.70000e+002 -1.82801e+001  6.88700e+000  1.72500e+002
           871  1.63565e+002  8.71000e+002 -1.82984e+001  6.88700e+000  1.72583e+002
           872  1.63633e+002  8.72000e+002 -1.83175e+001  6.88700e+000  1.72667e+002
           873  1.63718e+002  8.73000e+002 -1.83356e+001  6.88700e+000  1.72750e+002
           874  1.63802e+002  8.74000e+002 -1.83537e+001  6.88700e+000  1.72833e+002
           875  1.63880e+002  8.75000e+002 -1.83713e+001  6.88700e+000  1.72917e+002
           876  1.63962e+002  8.76000e+002 -1.83907e+001  6.88700e+000  1.73000e+002
           877  1.64049e+002  8.77000e+002 -1.84088e+001  6.88700e+000  1.73083e+002
           878  1.64141e+002  8.78000e+002 -1.84268e+001  6.88700e+000  1.73167e+002
           879  1.64218e+002  8.79000e+002 -1.84446e+001  6.88700e+000  1.73250e+002
           880  1.64288e+002  8.80000e+002 -1.84612e+001  6.88700e+000  1.73333e+002
           881  1.64378e+002  8.81000e+002 -1.84785e+001  6.88700e+000  1.73417e+002
           882  1.64464e+002  8.82000e+002 -1.84961e+001  6.88700e+000  1.73500e+002
           883  1.64548e+002  8.83000e+002 -1.85153e+001  6.88700e+000  1.73583e+002
           884  1.64625e+002  8.84000e+002 -1.85326e+001  6.88700e+000  1.73667e+002
           885  1.64715e+002  8.85000e+002 -1.85500e+001  6.88700e+000  1.73750e+002
           886  1.64798e+002  8.86000e+002 -1.85672e+001  6.88700e+000  1.73833e+002
           887  1.64889e+002  8.87000e+002 -1.85847e+001  6.88700e+000  1.73917e+002
           888  1.64969e+002  8.88000e+002 -1.86055e+001  6.88700e+000  1.74000e+002
           889  1.65056e+002  8.89000e+002 -1.86241e+001  6.88700e+000  1.74083e+002
           890  1.65141e+002  8.90000e+002 -1.86411e+001  6.88700e+000  1.74167e+002
           891  1.65226e+002  8.91000e+002 -1.86580e+001  6.88700e+000  1.74250e+002
           892  1.65286e+002  8.92000e+002 -1.86749e+001  6.88700e+000  1.74333e+002
           893  1.65382e+002  8.93000e+002 -1.86915e+001  6.88700e+000  1.74417e+002
           894  1.65467e+002  8.94000e+002 -1.87096e+001  6.88700e+000  1.74500e+002
           895  1.65543e+002  8.95000e+002 -1.87279e+001  6.88700e+000  1.74583e+002
           896  1.65631e+002  8.96000e+002 -1.87442e+001  6.88700e+000  1.74667e+002
           897  1.65721e+002  8.97000e+002 -1.87617e+001  6.88700e+000  1.74750e+002
           898  1.65799e+002  8.98000e+002 -1.87798e+001  6.88700e+000  1.74833e+002
           899  1.65885e+002  8.99000e+002 -1.87991e+001  6.88700e+000  1.74917e+002
           900  1.65974e+002  9.00000e+002 -1.88162e+001  6.88700e+000  1.75000e+002
           901  1.66049e+002  9.01000e+002 -1.88348e+001  6.88700e+000  1.75083e+002
           902  1.66129e+002  9.02000e+002 -1.88532e+001  6.88700e+000  1.75167e+002
           903  1.66219e+002  9.03000e+002 -1.88708e+001  6.88700e+000  1.75250e+002
           904  1.66300e+002  9.04000e+002 -1.88906e+001  6.88700e+000  1.75333e+002
           905  1.66372e+002  9.05000e+002 -1.89079e+001  6.88700e+000  1.75417e+002
           906  1.66475e+002  9.06000e+002 -1.89247e+001  6.88700e+000  1.75500e+002
           907  1.66538e+002  9.07000e+002 -1.89410e+001  6.88700e+000  1.75583e+002
           908  1.66622e+002  9.08000e+002 -1.89590e+001  6.88697e+000  1.75667e+002
           909  1.66699e+002  9.09000e+002 -1.89773e+001  6.88688e+000  1.75750e+002
           910  1.66795e+002  9.10000e+002 -1.89952e+001  6.88678e+000  1.75833e+002
           911  1.66875e+002  9.11000e+002 -1.90120e+001  6.88667e+000  1.75917e+002
           912  1.66950e+002  9.12000e+002 -1.90252e+001  6.88650e+000  1.76000e+002
           913  1.67037e+002  9.13000e+002 -1.90410e+001  6.88638e+000  1.76083e+002
           914  1.67125e+002  9.14000e+002 -1.90572e+001  6.88628e+000  1.76167e+002
           915  1.67208e+002  9.15000e+002 -1.90733e+001  6.88619e+000  1.76250e+002
           916  1.67292e+002  9.16000e+002 -1.90934e+001  6.88614e+000  1.76333e+002
           917  1.67376e+002  9.17000e+002 -1.91120e+001  6.88610e+000  1.76417e+002
           918  1.67454e+002  9.18000e+002 -1.91292e+001  6.88605e+000  1.76500e+002
           919  1.67535e+002  9.19000e+002 -1.91460e+001  6.88602e+000  1.76583e+002
           920  1.67625e+002  9.20000e+002 -1.91628e+001  6.88603e+000  1.76667e+002
           921  1.67702e+002  9.21000e+002 -1.91801e+001  6.88602e+000  1.76750e+002
           922  1.67778e+002  9.22000e+002 -1.91986e+001  6.88601e+000  1.76833e+002
           923  1.67869e+002  9.23000e+002 -1.92175e+001  6.88600e+000  1.76917e+002
           924  1.67951e+002  9.24000e+002 -1.92379e+001  6.88600e+000  1.77000e+002
           925  1.68035e+002  9.25000e+002 -1.92577e+001  6.88603e+000  1.77083e+002
           926  1.68126e+002  9.26000e+002 -1.92754e+001  6.88612e+000  1.77167e+002
           927  1.68203e+002  9.27000e+002 -1.92925e+001  6.88622e+000  1.77250e+002
           928  1.68286e+002  9.28000e+002 -1.93100e+001  6.88636e+000  1.77333e+002
           929  1.68369e+002  9.29000e+002 -1.93273e+001  6.88648e+000  1.77417e+002
           930  1.68454e+002  9.30000e+002 -1.93454e+001  6.88659e+000  1.77500e+002
           931  1.68533e+002  9.31000e+002 -1.93642e+001  6.88669e+000  1.77583e+002
           932  1.68628e+002  9.32000e+002 -1.93828e+001  6.88678e+000  1.77667e+002
           933  1.68706e+002  9.33000e+002 -1.94017e+001  6.88686e+000  1.77750e+002
           934  1.68792e+002  9.34000e+002 -1.94211e+001  6.88692e+000  1.77833e+002
           935  1.68868e+002  9.35000e+002 -1.94409e+001  6.88697e+000  1.77917e+002
           936  1.68953e+002  9.36000e+002 -1.94572e+001  6.88696e+000  1.78000e+002
           937  1.69038e+002  9.37000e+002 -1.94742e+001  6.88697e+000  1.78083e+002
           938  1.69125e+002  9.38000e+002 -1.94917e+001  6.88696e+000  1.78167e+002
           939  1.69208e+002  9.39000e+002 -1.95099e+001  6.88689e+000  1.78250e+002
           940  1.69282e+002  9.40000e+002 -1.95318e+001  6.88679e+000  1.78333e+002
           941  1.69379e+002  9.41000e+002 -1.95499e+001  6.88677e+000  1.78417e+002
           942  1.69450e+002  9.42000e+002 -1.95675e+001  6.88676e+000  1.78500e+002
           943  1.69554e+002  9.43000e+002 -1.95848e+001  6.88677e+000  1.78583e+002
           944  1.69632e+002  9.44000e+002 -1.95995e+001  6.88679e+000  1.78667e+002
           945  1.69703e+002  9.45000e+002 -1.96161e+001  6.88681e+000  1.78750e+002
           946  1.69795e+002  9.46000e+002 -1.96324e+001  6.88684e+000  1.78833e+002
           947  1.69881e+002  9.47000e+002 -1.96491e+001  6.88686e+000  1.78917e+002
           948  1.69958e+002  9.48000e+002 -1.96670e+001  6.88691e+000  1.79000e+002
           949  1.70042e+002  9.49000e+002 -1.96855e+001  6.88694e+000  1.79083e+002
           950  1.70113e+002  9.50000e+002 -1.97043e+001  6.88697e+000  1.79167e+002
           951  1.70205e+002  9.51000e+002 -1.97209e+001  6.88698e+000  1.79250e+002
           952  1.70284e+002  9.52000e+002 -1.97389e+001  6.88695e+000  1.79333e+002
           953  1.70358e+002  9.53000e+002 -1.97560e+001  6.88687e+000  1.79417e+002
           954  1.70437e+002  9.54000e+002 -1.97734e+001  6.88677e+000  1.79500e+002
           955  1.70544e+002  9.55000e+002 -1.97905e+001  6.88666e+000  1.79583e+002
           956  1.70626e+002  9.56000e+002 -1.98115e+001  6.88650e+000  1.79667e+002
           957  1.70713e+002  9.57000e+002 -1.98302e+001  6.88637e+000  1.79750e+002
           958  1.70774e+002  9.58000e+002 -1.98491e+001  6.88628e+000  1.79833e+002
           959  1.70868e+002  9.59000e+002 -1.98686e+001  6.88619e+000  1.79917e+002
           960  1.70948e+002  9.60000e+002 -1.98843e+001  6.88614e+000  1.80000e+002
           961  1.71034e+002  9.61000e+002 -1.99023e+001  6.88610e+000  1.80083e+002
           962  1.71118e+002  9.62000e+002 -1.99206e+001  6.88605e+000  1.80167e+002
           963  1.71210e+002  9.63000e+002 -1.99377e+001  6.88602e+000  1.80250e+002
           964  1.71277e+002  9.64000e+002 -1.99557e+001  6.88603e+000  1.80333e+002
           965  1.71368e+002  9.65000e+002 -1.99731e+001  6.88602e+000  1.80417e+002
           966  1.71444e+002  9.66000e+002 -1.99892e+001  6.88601e+000  1.80500e+002
           967  1.71534e+002  9.67000e+002 -2.00054e+001  6.88600e+000  1.80583e+002
           968  1.71607e+002  9.68000e+002 -2.00214e+001  6.88600e+000  1.80667e+002
           969  1.71706e+002  9.69000e+002 -2.00388e+001  6.88600e+000  1.80750e+002
           970  1.71766e+002  9.70000e+002 -2.00569e+001  6.88600e+000  1.80833e+002
           971  1.71862e+002  9.71000e+002 -2.00751e+001  6.88600e+000  1.80917e+002
           972  1.71948e+002  9.72000e+002 -2.00883e+001  6.88600e+000  1.81000e+002
           973  1.72025e+002  9.73000e+002 -2.01045e+001  6.88600e+000  1.81083e+002
           974  1.72117e+002  9.74000e+002 -2.01220e+001  6.88600e+000  1.81167e+002
           975  1.72198e+002  9.75000e+002 -2.01407e+001  6.88600e+000  1.81250e+002
           976  1.72289e+002  9.76000e+002 -2.01613e+001  6.88600e+000  1.81333e+002
           977  1.72362e+002  9.77000e+002 -2.01794e+001  6.88600e+000  1.81417e+002
           978  1.72454e+002  9.78000e+002 -2.01975e+001  6.88600e+000  1.81500e+002
           979  1.72538e+002  9.79000e+002 -2.02161e+001  6.88600e+000  1.81583e+002
           980  1.72615e+002  9.80000e+002 -2.02367e+001  6.88600e+000  1.81667e+002
           981  1.72695e+002  9.81000e+002 -2.02556e+001  6.88600e+000  1.81750e+002
           982  1.72792e+002  9.82000e+002 -2.02736e+001  6.88600e+000  1.81833e+002
           983  1.72868e+002  9.83000e+002 -2.02915e+001  6.88600e+000  1.81917e+002
           984  1.72947e+002  9.84000e+002 -2.03117e+001  6.88603e+000  1.82000e+002
           985  1.73040e+002  9.85000e+002 -2.03311e+001  6.88612e+000  1.82083e+002
           986  1.73119e+002  9.86000e+002 -2.03491e+001  6.88622e+000  1.82167e+002
           987  1.73204e+002  9.87000e+002 -2.03646e+001  6.88633e+000  1.82250e+002
           988  1.73280e+002  9.88000e+002 -2.03803e+001  6.88650e+000  1.82333e+002
           989  1.73366e+002  9.89000e+002 -2.03974e+001  6.88662e+000  1.82417e+002
           990  1.73450e+002  9.90000e+002 -2.04153e+001  6.88672e+000  1.82500e+002
           991  1.73515e+002  9.91000e+002 -2.04324e+001  6.88682e+000  1.82583e+002
           992  1.73610e+002  9.92000e+002 -2.04491e+001  6.88686e+000  1.82667e+002
           993  1.73702e+002  9.93000e+002 -2.04663e+001  6.88690e+000  1.82750e+002
           994  1.73782e+002  9.94000e+002 -2.04829e+001  6.88695e+000  1.82833e+002
           995  1.73868e+002  9.95000e+002 -2.05000e+001  6.88698e+000  1.82917e+002
           996  1.73948e+002  9.96000e+002 -2.05145e+001  6.88697e+000  1.83000e+002
           997  1.74026e+002  9.97000e+002 -2.05314e+001  6.88695e+000  1.83083e+002
           998  1.74100e+002  9.98000e+002 -2.05476e+001  6.88687e+000  1.83167e+002
           999  1.74193e+002  9.99000e+002 -2.05626e+001  6.88678e+000  1.83250e+002
          1000  1.74282e+002  1.00000e+003 -2.05818e+001  6.88674e+000  1.83333e+002
          1001  1.74363e+002  1.00100e+003 -2.06009e+001  6.88674e+000  1.83417e+002
          1002  1.74445e+002  1.00200e+003 -2.06197e+001  6.88674e+000  1.83500e+002
          1003  1.74520e+002  1.00300e+003 -2.06370e+001  6.88675e+000  1.83583e+002
          1004  1.74610e+002  1.00400e+003 -2.06541e+001  6.88686e+000  1.83667e+002
          1005  1.74703e+002  1.00500e+003 -2.06720e+001  6.88691e+000  1.83750e+002
          1006  1.74767e+002  1.00600e+003 -2.06903e+001  6.88694e+000  1.83833e+002
          1007  1.74861e+002  1.00700e+003 -2.07086e+001  6.88697e+000  1.83917e+002
          1008  1.74958e+002  1.00800e+003 -2.07250e+001  6.88697e+000  1.84000e+002
          1009  1.75028e+002  1.00900e+003 -2.07428e+001  6.88698e+000  1.84083e+002
          1010  1.75116e+002  1.01000e+003 -2.07617e+001  6.88699e+000  1.84167e+002
          1011  1.75194e+002  1.01100e+003 -2.07792e+001  6.88700e+000  1.84250e+002
          1012  1.75273e+002  1.01200e+003 -2.07973e+001  6.88688e+000  1.84333e+002
          1013  1.75356e+002  1.01300e+003 -2.08158e+001  6.88677e+000  1.84417e+002
          1014  1.75440e+002  1.01400e+003 -2.08344e+001  6.88669e+000  1.84500e+002
          1015  1.75531e+002  1.01500e+003 -2.08528e+001  6.88667e+000  1.84583e+002
          1016  1.75614e+002  1.01600e+003 -2.08709e+001  6.88659e+000  1.84667e+002
          1017  1.75690e+002  1.01700e+003 -2.08897e+001  6.88658e+000  1.84750e+002
          1018  1.75768e+002  1.01800e+003 -2.09073e+001  6.88660e+000  1.84833e+002
          1019  1.75850e+002  1.01900e+003 -2.09244e+001  6.88663e+000  1.84917e+002
          1020  1.75948e+002  1.02000e+003 -2.09406e+001  6.88679e+000  1.85000e+002
          1021  1.76016e+002  1.02100e+003 -2.09581e+001  6.88686e+000  1.85083e+002
          1022  1.76109e+002  1.02200e+003 -2.09765e+001  6.88691e+000  1.85167e+002
          1023  1.76185e+002  1.02300e+003 -2.09947e+001  6.88696e+000  1.85250e+002
          1024  1.76267e+002  1.02400e+003 -2.10133e+001  6.88696e+000  1.85333e+002
          1025  1.76349e+002  1.02500e+003 -2.10330e+001  6.88697e+000  1.85417e+002
          1026  1.76437e+002  1.02600e+003 -2.10515e+001  6.88696e+000  1.85500e+002
          1027  1.76514e+002  1.02700e+003 -2.10689e+001  6.88688e+000  1.85583e+002
          1028  1.76593e+002  1.02800e+003 -2.10851e+001  6.88676e+000  1.85667e+002
          1029  1.76680e+002  1.02900e+003 -2.11032e+001  6.88665e+000  1.85750e+002
          1030  1.76766e+002  1.03000e+003 -2.11211e+001  6.88654e+000  1.85833e+002
          1031  1.76842e+002  1.03100e+003 -2.11378e+001  6.88643e+000  1.85917e+002
          1032  1.76924e+002  1.03200e+003 -2.11566e+001  6.88628e+000  1.86000e+002
          1033  1.77019e+002  1.03300e+003 -2.11750e+001  6.88619e+000  1.86083e+002
          1034  1.77101e+002  1.03400e+003 -2.11911e+001  6.88611e+000  1.86167e+002
          1035  1.77179e+002  1.03500e+003 -2.12072e+001  6.88605e+000  1.86250e+002
          1036  1.77259e+002  1.03600e+003 -2.12221e+001  6.88606e+000  1.86333e+002
          1037  1.77350e+002  1.03700e+003 -2.12393e+001  6.88604e+000  1.86417e+002
          1038  1.77429e+002  1.03800e+003 -2.12577e+001  6.88602e+000  1.86500e+002
          1039  1.77505e+002  1.03900e+003 -2.12755e+001  6.88601e+000  1.86583e+002
          1040  1.77589e+002  1.04000e+003 -2.12917e+001  6.88601e+000  1.86667e+002
          1041  1.77668e+002  1.04100e+003 -2.13091e+001  6.88601e+000  1.86750e+002
          1042  1.77754e+002  1.04200e+003 -2.13264e+001  6.88600e+000  1.86833e+002
          1043  1.77851e+002  1.04300e+003 -2.13441e+001  6.88600e+000  1.86917e+002
          1044  1.77925e+002  1.04400e+003 -2.13634e+001  6.88600e+000  1.87000e+002
          1045  1.78009e+002  1.04500e+003 -2.13807e+001  6.88600e+000  1.87083e+002
          1046  1.78088e+002  1.04600e+003 -2.13975e+001  6.88600e+000  1.87167e+002
          1047  1.78167e+002  1.04700e+003 -2.14133e+001  6.88600e+000  1.87250e+002
          1048  1.78251e+002  1.04800e+003 -2.14299e+001  6.88600e+000  1.87333e+002
          1049  1.78340e+002  1.04900e+003 -2.14467e+001  6.88600e+000  1.87417e+002
          1050  1.78422e+002  1.05000e+003 -2.14636e+001  6.88600e+000  1.87500e+002
          1051  1.78505e+002  1.05100e+003 -2.14806e+001  6.88600e+000  1.87583e+002
          1052  1.78580e+002  1.05200e+003 -2.14976e+001  6.88600e+000  1.87667e+002
          1053  1.78664e+002  1.05300e+003 -2.15154e+001  6.88600e+000  1.87750e+002
          1054  1.78752e+002  1.05400e+003 -2.15326e+001  6.88600e+000  1.87833e+002
          1055  1.78840e+002  1.05500e+003 -2.15500e+001  6.88600e+000  1.87917e+002
          1056  1.78915e+002  1.05600e+003 -2.15655e+001  6.88600e+000  1.88000e+002
          1057  1.79005e+002  1.05700e+003 -2.15822e+001  6.88600e+000  1.88083e+002
          1058  1.79080e+002  1.05800e+003 -2.15976e+001  6.88600e+000  1.88167e+002
          1059  1.79167e+002  1.05900e+003 -2.16120e+001  6.88600e+000  1.88250e+002
          1060  1.79266e+002  1.06000e+003 -2.16299e+001  6.88600e+000  1.88333e+002
          1061  1.79341e+002  1.06100e+003 -2.16467e+001  6.88600e+000  1.88417e+002
          1062  1.79423e+002  1.06200e+003 -2.16637e+001  6.88600e+000  1.88500e+002
          1063  1.79502e+002  1.06300e+003 -2.16809e+001  6.88600e+000  1.88583e+002
          1064  1.79580e+002  1.06400e+003 -2.16980e+001  6.88600e+000  1.88667e+002
          1065  1.79659e+002  1.06500e+003 -2.17160e+001  6.88600e+000  1.88750e+002
          1066  1.79744e+002  1.06600e+003 -2.17330e+001  6.88600e+000  1.88833e+002
          1067  1.79834e+002  1.06700e+003 -2.17499e+001  6.88600e+000  1.88917e+002
          1068  1.79910e+002  1.06800e+003 -2.17676e+001  6.88600e+000  1.89000e+002
          1069  1.79988e+002  1.06900e+003 -2.17850e+001  6.88600e+000  1.89083e+002
          1070  1.80070e+002  1.07000e+003 -2.18010e+001  6.88600e+000  1.89167e+002
          1071  1.80157e+002  1.07100e+003 -2.18164e+001  6.88600e+000  1.89250e+002
          1072  1.80237e+002  1.07200e+003 -2.18370e+001  6.88600e+000  1.89333e+002
          1073  1.80318e+002  1.07300e+003 -2.18548e+001  6.88600e+000  1.89417e+002
          1074  1.80406e+002  1.07400e+003 -2.18728e+001  6.88600e+000  1.89500e+002
          1075  1.80489e+002  1.07500e+003 -2.18911e+001  6.88600e+000  1.89583e+002
          1076  1.80566e+002  1.07600e+003 -2.19095e+001  6.88600e+000  1.89667e+002
          1077  1.80651e+002  1.07700e+003 -2.19282e+001  6.88600e+000  1.89750e+002
          1078  1.80732e+002  1.07800e+003 -2.19475e+001  6.88600e+000  1.89833e+002
          1079  1.80814e+002  1.07900e+003 -2.19677e+001  6.88600e+000  1.89917e+002
          1080  1.80892e+002  1.08000e+003 -2.19885e+001  6.88600e+000  1.90000e+002
          1081  1.80984e+002  1.08100e+003 -2.20071e+001  6.88600e+000  1.90083e+002
          1082  1.81066e+002  1.08200e+003 -2.20260e+001  6.88600e+000  1.90167e+002
          1083  1.81155e+002  1.08300e+003 -2.20461e+001  6.88600e+000  1.90250e+002
          1084  1.81230e+002  1.08400e+003 -2.20702e+001  6.88600e+000  1.90333e+002
          1085  1.81316e+002  1.08500e+003 -2.20905e+001  6.88600e+000  1.90417e+002
          1086  1.81402e+002  1.08600e+003 -2.21086e+001  6.88600e+000  1.90500e+002
          1087  1.81488e+002  1.08700e+003 -2.21251e+001  6.88600e+000  1.90583e+002
          1088  1.81556e+002  1.08800e+003 -2.21414e+001  6.88600e+000  1.90667e+002
          1089  1.81645e+002  1.08900e+003 -2.21605e+001  6.88600e+000  1.90750e+002
          1090  1.81730e+002  1.09000e+003 -2.21800e+001  6.88603e+000  1.90833e+002
          1091  1.81815e+002  1.09100e+003 -2.21995e+001  6.88611e+000  1.90917e+002
          1092  1.81898e+002  1.09200e+003 -2.22169e+001  6.88623e+000  1.91000e+002
          1093  1.81986e+002  1.09300e+003 -2.22343e+001  6.88635e+000  1.91083e+002
          1094  1.82059e+002  1.09400e+003 -2.22522e+001  6.88646e+000  1.91167e+002
          1095  1.82142e+002  1.09500e+003 -2.22698e+001  6.88657e+000  1.91250e+002
          1096  1.82237e+002  1.09600e+003 -2.22846e+001  6.88671e+000  1.91333e+002
          1097  1.82318e+002  1.09700e+003 -2.23025e+001  6.88681e+000  1.91417e+002
          1098  1.82395e+002  1.09800e+003 -2.23205e+001  6.88689e+000  1.91500e+002
          1099  1.82473e+002  1.09900e+003 -2.23387e+001  6.88695e+000  1.91583e+002
          1100  1.82560e+002  1.10000e+003 -2.23560e+001  6.88694e+000  1.91667e+002
          1101  1.82651e+002  1.10100e+003 -2.23735e+001  6.88696e+000  1.91750e+002
          1102  1.82724e+002  1.10200e+003 -2.23918e+001  6.88695e+000  1.91833e+002
          1103  1.82807e+002  1.10300e+003 -2.24107e+001  6.88688e+000  1.91917e+002
          1104  1.82899e+002  1.10400e+003 -2.24271e+001  6.88678e+000  1.92000e+002
          1105  1.82969e+002  1.10500e+003 -2.24445e+001  6.88676e+000  1.92083e+002
          1106  1.83046e+002  1.10600e+003 -2.24630e+001  6.88676e+000  1.92167e+002
          1107  1.83138e+002  1.10700e+003 -2.24808e+001  6.88677e+000  1.92250e+002
          1108  1.83218e+002  1.10800e+003 -2.24968e+001  6.88679e+000  1.92333e+002
          1109  1.83297e+002  1.10900e+003 -2.25132e+001  6.88681e+000  1.92417e+002
          1110  1.83376e+002  1.11000e+003 -2.25306e+001  6.88684e+000  1.92500e+002
          1111  1.83456e+002  1.11100e+003 -2.25484e+001  6.88686e+000  1.92583e+002
          1112  1.83562e+002  1.11200e+003 -2.25648e+001  6.88691e+000  1.92667e+002
          1113  1.83645e+002  1.11300e+003 -2.25812e+001  6.88694e+000  1.92750e+002
          1114  1.83709e+002  1.11400e+003 -2.25981e+001  6.88697e+000  1.92833e+002
          1115  1.83800e+002  1.11500e+003 -2.26153e+001  6.88698e+000  1.92917e+002
          1116  1.83880e+002  1.11600e+003 -2.26320e+001  6.88698e+000  1.93000e+002
          1117  1.83965e+002  1.11700e+003 -2.26492e+001  6.88699e+000  1.93083e+002
          1118  1.84043e+002  1.11800e+003 -2.26666e+001  6.88699e+000  1.93167e+002
          1119  1.84132e+002  1.11900e+003 -2.26843e+001  6.88700e+000  1.93250e+002
          1120  1.84213e+002  1.12000e+003 -2.27027e+001  6.88700e+000  1.93333e+002
          1121  1.84303e+002  1.12100e+003 -2.27210e+001  6.88700e+000  1.93417e+002
          1122  1.84383e+002  1.12200e+003 -2.27399e+001  6.88700e+000  1.93500e+002
          1123  1.84470e+002  1.12300e+003 -2.27595e+001  6.88700e+000  1.93583e+002
          1124  1.84548e+002  1.12400e+003 -2.27788e+001  6.88700e+000  1.93667e+002
          1125  1.84622e+002  1.12500e+003 -2.27972e+001  6.88700e+000  1.93750e+002
          1126  1.84714e+002  1.12600e+003 -2.28159e+001  6.88700e+000  1.93833e+002
          1127  1.84797e+002  1.12700e+003 -2.28334e+001  6.88700e+000  1.93917e+002
          1128  1.84877e+002  1.12800e+003 -2.28518e+001  6.88700e+000  1.94000e+002
          1129  1.84949e+002  1.12900e+003 -2.28700e+001  6.88700e+000  1.94083e+002
          1130  1.85051e+002  1.13000e+003 -2.28888e+001  6.88700e+000  1.94167e+002
          1131  1.85124e+002  1.13100e+003 -2.29073e+001  6.88700e+000  1.94250e+002
          1132  1.85207e+002  1.13200e+003 -2.29248e+001  6.88700e+000  1.94333e+002
          1133  1.85300e+002  1.13300e+003 -2.29422e+001  6.88700e+000  1.94417e+002
          1134  1.85367e+002  1.13400e+003 -2.29590e+001  6.88700e+000  1.94500e+002
          1135  1.85456e+002  1.13500e+003 -2.29753e+001  6.88700e+000  1.94583e+002
          1136  1.85548e+002  1.13600e+003 -2.29908e+001  6.88700e+000  1.94667e+002
          1137  1.85634e+002  1.13700e+003 -2.30072e+001  6.88700e+000  1.94750e+002
          1138  1.85711e+002  1.13800e+003 -2.30238e+001  6.88700e+000  1.94833e+002
          1139  1.85785e+002  1.13900e+003 -2.30396e+001  6.88700e+000  1.94917e+002
          1140  1.85875e+002  1.14000e+003 -2.30548e+001  6.88700e+000  1.95000e+002
          1141  1.85968e+002  1.14100e+003 -2.30713e+001  6.88700e+000  1.95083e+002
          1142  1.86050e+002  1.14200e+003 -2.30880e+001  6.88700e+000  1.95167e+002
          1143  1.86134e+002  1.14300e+003 -2.31047e+001  6.88700e+000  1.95250e+002
          1144  1.86215e+002  1.14400e+003 -2.31199e+001  6.88700e+000  1.95333e+002
          1145  1.86295e+002  1.14500e+003 -2.31365e+001  6.88700e+000  1.95417e+002
          1146  1.86385e+002  1.14600e+003 -2.31535e+001  6.88700e+000  1.95500e+002
          1147  1.86480e+002  1.14700e+003 -2.31694e+001  6.88700e+000  1.95583e+002
          1148  1.86550e+002  1.14800e+003 -2.31859e+001  6.88700e+000  1.95667e+002
          1149  1.86630e+002  1.14900e+003 -2.32025e+001  6.88700e+000  1.95750e+002
          1150  1.86714e+002  1.15000e+003 -2.32203e+001  6.88700e+000  1.95833e+002
          1151  1.86800e+002  1.15100e+003 -2.32383e+001  6.88700e+000  1.95917e+002
          1152  1.86885e+002  1.15200e+003 -2.32581e+001  6.88700e+000  1.96000e+002
          1153  1.86972e+002  1.15300e+003 -2.32760e+001  6.88700e+000  1.96083e+002
          1154  1.87049e+002  1.15400e+003 -2.32934e+001  6.88700e+000  1.96167e+002
          1155  1.87135e+002  1.15500e+003 -2.33114e+001  6.88700e+000  1.96250e+002
          1156  1.87224e+002  1.15600e+003 -2.33311e+001  6.88700e+000  1.96333e+002
          1157  1.87301e+002  1.15700e+003 -2.33492e+001  6.88700e+000  1.96417e+002
          1158  1.87375e+002  1.15800e+003 -2.33667e+001  6.88700e+000  1.96500e+002
          1159  1.87474e+002  1.15900e+003 -2.33837e+001  6.88700e+000  1.96583e+002
          1160  1.87558e+002  1.16000e+003 -2.34036e+001  6.88700e+000  1.96667e+002
          1161  1.87645e+002  1.16100e+003 -2.34221e+001  6.88700e+000  1.96750e+002
          1162  1.87722e+002  1.16200e+003 -2.34396e+001  6.88700e+000  1.96833e+002
          1163  1.87808e+002  1.16300e+003 -2.34574e+001  6.88700e+000  1.96917e+002
          1164  1.87890e+002  1.16400e+003 -2.34746e+001  6.88700e+000  1.97000e+002
          1165  1.87976e+002  1.16500e+003 -2.34935e+001  6.88700e+000  1.97083e+002
          1166  1.88064e+002  1.16600e+003 -2.35123e+001  6.88700e+000  1.97167e+002
          1167  1.88150e+002  1.16700e+003 -2.35315e+001  6.88700e+000  1.97250e+002
          1168  1.88226e+002  1.16800e+003 -2.35472e+001  6.88700e+000  1.97333e+002
          1169  1.88312e+002  1.16900e+003 -2.35644e+001  6.88700e+000  1.97417e+002
          1170  1.88394e+002  1.17000e+003 -2.35816e+001  6.88700e+000  1.97500e+002
          1171  1.88478e+002  1.17100e+003 -2.35995e+001  6.88700e+000  1.97583e+002
          1172  1.88557e+002  1.17200e+003 -2.36212e+001  6.88700e+000  1.97667e+002
          1173  1.88647e+002  1.17300e+003 -2.36408e+001  6.88700e+000  1.97750e+002
          1174  1.88730e+002  1.17400e+003 -2.36599e+001  6.88700e+000  1.97833e+002
          1175  1.88810e+002  1.17500e+003 -2.36789e+001  6.88700e+000  1.97917e+002
          1176  1.88903e+002  1.17600e+003 -2.36959e+001  6.88700e+000  1.98000e+002
          1177  1.88978e+002  1.17700e+003 -2.37135e+001  6.88700e+000  1.98083e+002
          1178  1.89057e+002  1.17800e+003 -2.37307e+001  6.88700e+000  1.98167e+002
          1179  1.89152e+002  1.17900e+003 -2.37477e+001  6.88700e+000  1.98250e+002
          1180  1.89229e+002  1.18000e+003 -2.37662e+001  6.88700e+000  1.98333e+002
          1181  1.89316e+002  1.18100e+003 -2.37834e+001  6.88700e+000  1.98417e+002
          1182  1.89392e+002  1.18200e+003 -2.38014e+001  6.88700e+000  1.98500e+002
          1183  1.89484e+002  1.18300e+003 -2.38186e+001  6.88700e+000  1.98583e+002
          1184  1.89570e+002  1.18400e+003 -2.38329e+001  6.88700e+000  1.98667e+002
          1185  1.89660e+002  1.18500e+003 -2.38489e+001  6.88700e+000  1.98750e+002
          1186  1.89731e+002  1.18600e+003 -2.38660e+001  6.88700e+000  1.98833e+002
          1187  1.89816e+002  1.18700e+003 -2.38840e+001  6.88700e+000  1.98917e+002
          1188  1.89916e+002  1.18800e+003 -2.39000e+001  6.88700e+000  1.99000e+002
          1189  1.89992e+002  1.18900e+003 -2.39168e+001  6.88700e+000  1.99083e+002
          1190  1.90077e+002  1.19000e+003 -2.39351e+001  6.88700e+000  1.99167e+002
          1191  1.90163e+002  1.19100e+003 -2.39540e+001  6.88700e+000  1.99250e+002
          1192  1.90238e+002  1.19200e+003 -2.39724e+001  6.88700e+000  1.99333e+002
          1193  1.90322e+002  1.19300e+003 -2.39900e+001  6.88700e+000  1.99417e+002
          1194  1.90414e+002  1.19400e+003 -2.40081e+001  6.88700e+000  1.99500e+002
          1195  1.90484e+002  1.19500e+003 -2.40271e+001  6.88700e+000  1.99583e+002
          1196  1.90572e+002  1.19600e+003 -2.40483e+001  6.88700e+000  1.99667e+002
          1197  1.90660e+002  1.19700e+003 -2.40664e+001  6.88700e+000  1.99750e+002
          1198  1.90733e+002  1.19800e+003 -2.40843e+001  6.88700e+000  1.99833e+002
          1199  1.90820e+002  1.19900e+003 -2.41039e+001  6.88700e+000  1.99917e+002
          1200  1.90900e+002  1.20000e+003 -2.41234e+001  6.88700e+000  2.00000e+002
          1201  1.90984e+002  1.20100e+003 -2.41409e+001  6.88700e+000  2.00083e+002
          1202  1.91070e+002  1.20200e+003 -2.41574e+001  6.88700e+000  2.00167e+002
          1203  1.91157e+002  1.20300e+003 -2.41730e+001  6.88700e+000  2.00250e+002
          1204  1.91234e+002  1.20400e+003 -2.41870e+001  6.88700e+000  2.00333e+002
          1205  1.91321e+002  1.20500e+003 -2.42021e+001  6.88700e+000  2.00417e+002
          1206  1.91405e+002  1.20600e+003 -2.42177e+001  6.88700e+000  2.00500e+002
          1207  1.91488e+002  1.20700e+003 -2.42336e+001  6.88700e+000  2.00583e+002
          1208  1.91582e+002  1.20800e+003 -2.42464e+001  6.88700e+000  2.00667e+002
          1209  1.91656e+002  1.20900e+003 -2.42618e+001  6.88700e+000  2.00750e+002
          1210  1.91738e+002  1.21000e+003 -2.42783e+001  6.88700e+000  2.00833e+002
          1211  1.91825e+002  1.21100e+003 -2.42951e+001  6.88700e+000  2.00917e+002
          1212  1.91910e+002  1.21200e+003 -2.43100e+001  6.88700e+000  2.01000e+002
          1213  1.91999e+002  1.21300e+003 -2.43286e+001  6.88700e+000  2.01083e+002
          1214  1.92078e+002  1.21400e+003 -2.43473e+001  6.88700e+000  2.01167e+002
          1215  1.92167e+002  1.21500e+003 -2.43655e+001  6.88700e+000  2.01250e+002
          1216  1.92247e+002  1.21600e+003 -2.43883e+001  6.88700e+000  2.01333e+002
          1217  1.92333e+002  1.21700e+003 -2.44071e+001  6.88700e+000  2.01417e+002
          1218  1.92407e+002  1.21800e+003 -2.44247e+001  6.88700e+000  2.01500e+002
          1219  1.92501e+002  1.21900e+003 -2.44415e+001  6.88700e+000  2.01583e+002
          1220  1.92576e+002  1.22000e+003 -2.44624e+001  6.88700e+000  2.01667e+002
          1221  1.92659e+002  1.22100e+003 -2.44820e+001  6.88700e+000  2.01750e+002
          1222  1.92759e+002  1.22200e+003 -2.45007e+001  6.88700e+000  2.01833e+002
          1223  1.92844e+002  1.22300e+003 -2.45175e+001  6.88700e+000  2.01917e+002
          1224  1.92923e+002  1.22400e+003 -2.45295e+001  6.88700e+000  2.02000e+002
          1225  1.93003e+002  1.22500e+003 -2.45459e+001  6.88700e+000  2.02083e+002
          1226  1.93084e+002  1.22600e+003 -2.45627e+001  6.88700e+000  2.02167e+002
          1227  1.93162e+002  1.22700e+003 -2.45785e+001  6.88700e+000  2.02250e+002
          1228  1.93261e+002  1.22800e+003 -2.45955e+001  6.88700e+000  2.02333e+002
          1229  1.93344e+002  1.22900e+003 -2.46114e+001  6.88700e+000  2.02417e+002
          1230  1.93419e+002  1.23000e+003 -2.46263e+001  6.88700e+000  2.02500e+002
          1231  1.93502e+002  1.23100e+003 -2.46416e+001  6.88700e+000  2.02583e+002
          1232  1.93596e+002  1.23200e+003 -2.46566e+001  6.88700e+000  2.02667e+002
          1233  1.93663e+002  1.23300e+003 -2.46745e+001  6.88700e+000  2.02750e+002
          1234  1.93756e+002  1.23400e+003 -2.46924e+001  6.88700e+000  2.02833e+002
          1235  1.93843e+002  1.23500e+003 -2.47104e+001  6.88700e+000  2.02917e+002
          1236  1.93921e+002  1.23600e+003 -2.47311e+001  6.88700e+000  2.03000e+002
          1237  1.94003e+002  1.23700e+003 -2.47506e+001  6.88700e+000  2.03083e+002
          1238  1.94100e+002  1.23800e+003 -2.47691e+001  6.88700e+000  2.03167e+002
          1239  1.94184e+002  1.23900e+003 -2.47877e+001  6.88700e+000  2.03250e+002
          1240  1.94266e+002  1.24000e+003 -2.48095e+001  6.88700e+000  2.03333e+002
          1241  1.94342e+002  1.24100e+003 -2.48287e+001  6.88700e+000  2.03417e+002
          1242  1.94425e+002  1.24200e+003 -2.48470e+001  6.88700e+000  2.03500e+002
          1243  1.94508e+002  1.24300e+003 -2.48662e+001  6.88700e+000  2.03583e+002
          1244  1.94597e+002  1.24400e+003 -2.48855e+001  6.88700e+000  2.03667e+002
          1245  1.94680e+002  1.24500e+003 -2.49041e+001  6.88700e+000  2.03750e+002
          1246  1.94766e+002  1.24600e+003 -2.49222e+001  6.88700e+000  2.03833e+002
          1247  1.94847e+002  1.24700e+003 -2.49404e+001  6.88700e+000  2.03917e+002
          1248  1.94929e+002  1.24800e+003 -2.49546e+001  6.88700e+000  2.04000e+002
          1249  1.95014e+002  1.24900e+003 -2.49701e+001  6.88700e+000  2.04083e+002
          1250  1.95096e+002  1.25000e+003 -2.49860e+001  6.88700e+000  2.04167e+002
          1251  1.95181e+002  1.25100e+003 -2.50022e+001  6.88700e+000  2.04250e+002
          1252  1.95263e+002  1.25200e+003 -2.50187e+001  6.88700e+000  2.04333e+002
          1253  1.95344e+002  1.25300e+003 -2.50361e+001  6.88700e+000  2.04417e+002
          1254  1.95433e+002  1.25400e+003 -2.50536e+001  6.88700e+000  2.04500e+002
          1255  1.95521e+002  1.25500e+003 -2.50722e+001  6.88700e+000  2.04583e+002
          1256  1.95601e+002  1.25600e+003 -2.50847e+001  6.88700e+000  2.04667e+002
          1257  1.95693e+002  1.25700e+003 -2.51012e+001  6.88700e+000  2.04750e+002
          1258  1.95764e+002  1.25800e+003 -2.51197e+001  6.88700e+000  2.04833e+002
          1259  1.95850e+002  1.25900e+003 -2.51376e+001  6.88700e+000  2.04917e+002
          1260  1.95936e+002  1.26000e+003 -2.51583e+001  6.88700e+000  2.05000e+002
          1261  1.96010e+002  1.26100e+003 -2.51770e+001  6.88700e+000  2.05083e+002
          1262  1.96101e+002  1.26200e+003 -2.51957e+001  6.88700e+000  2.05167e+002
          1263  1.96190e+002  1.26300e+003 -2.52138e+001  6.88700e+000  2.05250e+002
          1264  1.96270e+002  1.26400e+003 -2.52346e+001  6.88700e+000  2.05333e+002
          1265  1.96368e+002  1.26500e+003 -2.52544e+001  6.88700e+000  2.05417e+002
          1266  1.96445e+002  1.26600e+003 -2.52724e+001  6.88700e+000  2.05500e+002
          1267  1.96529e+002  1.26700e+003 -2.52895e+001  6.88700e+000  2.05583e+002
          1268  1.96618e+002  1.26800e+003 -2.53066e+001  6.88700e+000  2.05667e+002
          1269  1.96702e+002  1.26900e+003 -2.53251e+001  6.88700e+000  2.05750e+002
          1270  1.96781e+002  1.27000e+003 -2.53449e+001  6.88700e+000  2.05833e+002
          1271  1.96863e+002  1.27100e+003 -2.53640e+001  6.88700e+000  2.05917e+002
          1272  1.96948e+002  1.27200e+003 -2.53808e+001  6.88700e+000  2.06000e+002
          1273  1.97034e+002  1.27300e+003 -2.53985e+001  6.88700e+000  2.06083e+002
          1274  1.97111e+002  1.27400e+003 -2.54165e+001  6.88700e+000  2.06167e+002
          1275  1.97209e+002  1.27500e+003 -2.54344e+001  6.88700e+000  2.06250e+002
          1276  1.97289e+002  1.27600e+003 -2.54504e+001  6.88700e+000  2.06333e+002
          1277  1.97383e+002  1.27700e+003 -2.54688e+001  6.88700e+000  2.06417e+002
          1278  1.97449e+002  1.27800e+003 -2.54874e+001  6.88700e+000  2.06500e+002
          1279  1.97543e+002  1.27900e+003 -2.55057e+001  6.88700e+000  2.06583e+002
          1280  1.97624e+002  1.28000e+003 -2.55235e+001  6.88700e+000  2.06667e+002
          1281  1.97708e+002  1.28100e+003 -2.55415e+001  6.88703e+000  2.06750e+002
          1282  1.97798e+002  1.28200e+003 -2.55596e+001  6.88712e+000  2.06833e+002
          1283  1.97888e+002  1.28300e+003 -2.55768e+001  6.88722e+000  2.06917e+002
          1284  1.97964e+002  1.28400e+003 -2.55948e+001  6.88736e+000  2.07000e+002
          1285  1.98045e+002  1.28500e+003 -2.56134e+001  6.88748e+000  2.07083e+002
          1286  1.98129e+002  1.28600e+003 -2.56308e+001  6.88759e+000  2.07167e+002
          1287  1.98206e+002  1.28700e+003 -2.56471e+001  6.88769e+000  2.07250e+002
          1288  1.98301e+002  1.28800e+003 -2.56644e+001  6.88778e+000  2.07333e+002
          1289  1.98386e+002  1.28900e+003 -2.56827e+001  6.88786e+000  2.07417e+002
          1290  1.98467e+002  1.29000e+003 -2.57020e+001  6.88792e+000  2.07500e+002
          1291  1.98564e+002  1.29100e+003 -2.57221e+001  6.88797e+000  2.07583e+002
          1292  1.98633e+002  1.29200e+003 -2.57412e+001  6.88796e+000  2.07667e+002
          1293  1.98718e+002  1.29300e+003 -2.57591e+001  6.88797e+000  2.07750e+002
          1294  1.98812e+002  1.29400e+003 -2.57756e+001  6.88799e+000  2.07833e+002
          1295  1.98898e+002  1.29500e+003 -2.57920e+001  6.88800e+000  2.07917e+002
          1296  1.98973e+002  1.29600e+003 -2.58100e+001  6.88799e+000  2.08000e+002
          1297  1.99063e+002  1.29700e+003 -2.58289e+001  6.88800e+000  2.08083e+002
          1298  1.99143e+002  1.29800e+003 -2.58470e+001  6.88800e+000  2.08167e+002
          1299  1.99236e+002  1.29900e+003 -2.58645e+001  6.88800e+000  2.08250e+002
          1300  1.99322e+002  1.30000e+003 -2.58831e+001  6.88800e+000  2.08333e+002
          1301  1.99398e+002  1.30100e+003 -2.59009e+001  6.88800e+000  2.08417e+002
          1302  1.99491e+002  1.30200e+003 -2.59190e+001  6.88800e+000  2.08500e+002
          1303  1.99574e+002  1.30300e+003 -2.59373e+001  6.88800e+000  2.08583e+002
          1304  1.99653e+002  1.30400e+003 -2.59540e+001  6.88800e+000  2.08667e+002
          1305  1.99733e+002  1.30500e+003 -2.59716e+001  6.88800e+000  2.08750e+002
          1306  1.99818e+002  1.30600e+003 -2.59900e+001  6.88800e+000  2.08833e+002
          1307  1.99910e+002  1.30700e+003 -2.60074e+001  6.88800e+000  2.08917e+002
          1308  1.99992e+002  1.30800e+003 -2.60251e+001  6.88800e+000  2.09000e+002
          1309  2.00080e+002  1.30900e+003 -2.60439e+001  6.88800e+000  2.09083e+002
          1310  2.00159e+002  1.31000e+003 -2.60633e+001  6.88800e+000  2.09167e+002
          1311  2.00246e+002  1.31100e+003 -2.60827e+001  6.88800e+000  2.09250e+002
          1312  2.00334e+002  1.31200e+003 -2.61007e+001  6.88800e+000  2.09333e+002
          1313  2.00421e+002  1.31300e+003 -2.61176e+001  6.88800e+000  2.09417e+002
          1314  2.00496e+002  1.31400e+003 -2.61355e+001  6.88800e+000  2.09500e+002
          1315  2.00587e+002  1.31500e+003 -2.61545e+001  6.88800e+000  2.09583e+002
          1316  2.00678e+002  1.31600e+003 -2.61689e+001  6.88800e+000  2.09667e+002
          1317  2.00762e+002  1.31700e+003 -2.61845e+001  6.88800e+000  2.09750e+002
          1318  2.00836e+002  1.31800e+003 -2.62015e+001  6.88800e+000  2.09833e+002
          1319  2.00919e+002  1.31900e+003 -2.62186e+001  6.88800e+000  2.09917e+002
          1320  2.01013e+002  1.32000e+003 -2.62353e+001  6.88800e+000  2.10000e+002
          1321  2.01099e+002  1.32100e+003 -2.62528e+001  6.88800e+000  2.10083e+002
          1322  2.01183e+002  1.32200e+003 -2.62711e+001  6.88800e+000  2.10167e+002
          1323  2.01272e+002  1.32300e+003 -2.62891e+001  6.88800e+000  2.10250e+002
          1324  2.01362e+002  1.32400e+003 -2.63063e+001  6.88800e+000  2.10333e+002
          1325  2.01452e+002  1.32500e+003 -2.63246e+001  6.88800e+000  2.10417e+002
          1326  2.01527e+002  1.32600e+003 -2.63425e+001  6.88800e+000  2.10500e+002
          1327  2.01624e+002  1.32700e+003 -2.63604e+001  6.88800e+000  2.10583e+002
          1328  2.01701e+002  1.32800e+003 -2.63822e+001  6.88800e+000  2.10667e+002
          1329  2.01794e+002  1.32900e+003 -2.64010e+001  6.88800e+000  2.10750e+002
          1330  2.01874e+002  1.33000e+003 -2.64193e+001  6.88800e+000  2.10833e+002
          1331  2.01969e+002  1.33100e+003 -2.64379e+001  6.88800e+000  2.10917e+002
          1332  2.02049e+002  1.33200e+003 -2.64571e+001  6.88800e+000  2.11000e+002
          1333  2.02139e+002  1.33300e+003 -2.64755e+001  6.88800e+000  2.11083e+002
          1334  2.02227e+002  1.33400e+003 -2.64938e+001  6.88800e+000  2.11167e+002
          1335  2.02320e+002  1.33500e+003 -2.65119e+001  6.88800e+000  2.11250e+002
          1336  2.02395e+002  1.33600e+003 -2.65293e+001  6.88800e+000  2.11333e+002
          1337  2.02480e+002  1.33700e+003 -2.65472e+001  6.88800e+000  2.11417e+002
          1338  2.02564e+002  1.33800e+003 -2.65657e+001  6.88800e+000  2.11500e+002
          1339  2.02655e+002  1.33900e+003 -2.65843e+001  6.88800e+000  2.11583e+002
          1340  2.02734e+002  1.34000e+003 -2.66025e+001  6.88800e+000  2.11667e+002
          1341  2.02818e+002  1.34100e+003 -2.66197e+001  6.88800e+000  2.11750e+002
          1342  2.02908e+002  1.34200e+003 -2.66370e+001  6.88800e+000  2.11833e+002
          1343  2.02985e+002  1.34300e+003 -2.66552e+001  6.88800e+000  2.11917e+002
          1344  2.03068e+002  1.34400e+003 -2.66722e+001  6.88800e+000  2.12000e+002
          1345  2.03165e+002  1.34500e+003 -2.66885e+001  6.88800e+000  2.12083e+002
          1346  2.03247e+002  1.34600e+003 -2.67043e+001  6.88800e+000  2.12167e+002
          1347  2.03329e+002  1.34700e+003 -2.67212e+001  6.88800e+000  2.12250e+002
          1348  2.03414e+002  1.34800e+003 -2.67384e+001  6.88800e+000  2.12333e+002
          1349  2.03499e+002  1.34900e+003 -2.67546e+001  6.88800e+000  2.12417e+002
          1350  2.03584e+002  1.35000e+003 -2.67715e+001  6.88800e+000  2.12500e+002
          1351  2.03679e+002  1.35100e+003 -2.67880e+001  6.88800e+000  2.12583e+002
          1352  2.03754e+002  1.35200e+003 -2.68038e+001  6.88800e+000  2.12667e+002
          1353  2.03850e+002  1.35300e+003 -2.68204e+001  6.88800e+000  2.12750e+002
          1354  2.03935e+002  1.35400e+003 -2.68382e+001  6.88800e+000  2.12833e+002
          1355  2.04026e+002  1.35500e+003 -2.68564e+001  6.88800e+000  2.12917e+002
          1356  2.04106e+002  1.35600e+003 -2.68728e+001  6.88800e+000  2.13000e+002
          1357  2.04194e+002  1.35700e+003 -2.68889e+001  6.88800e+000  2.13083e+002
          1358  2.04285e+002  1.35800e+003 -2.69067e+001  6.88800e+000  2.13167e+002
          1359  2.04363e+002  1.35900e+003 -2.69248e+001  6.88800e+000  2.13250e+002
          1360  2.04453e+002  1.36000e+003 -2.69427e+001  6.88800e+000  2.13333e+002
          1361  2.04533e+002  1.36100e+003 -2.69601e+001  6.88800e+000  2.13417e+002
          1362  2.04612e+002  1.36200e+003 -2.69787e+001  6.88800e+000  2.13500e+002
          1363  2.04698e+002  1.36300e+003 -2.69985e+001  6.88800e+000  2.13583e+002
          1364  2.04777e+002  1.36400e+003 -2.70182e+001  6.88800e+000  2.13667e+002
          1365  2.04873e+002  1.36500e+003 -2.70368e+001  6.88800e+000  2.13750e+002
          1366  2.04954e+002  1.36600e+003 -2.70538e+001  6.88800e+000  2.13833e+002
          1367  2.05040e+002  1.36700e+003 -2.70703e+001  6.88800e+000  2.13917e+002
          1368  2.05122e+002  1.36800e+003 -2.70883e+001  6.88800e+000  2.14000e+002
          1369  2.05211e+002  1.36900e+003 -2.71059e+001  6.88800e+000  2.14083e+002
          1370  2.05286e+002  1.37000e+003 -2.71248e+001  6.88800e+000  2.14167e+002
          1371  2.05371e+002  1.37100e+003 -2.71443e+001  6.88800e+000  2.14250e+002
          1372  2.05462e+002  1.37200e+003 -2.71632e+001  6.88800e+000  2.14333e+002
          1373  2.05544e+002  1.37300e+003 -2.71802e+001  6.88800e+000  2.14417e+002
          1374  2.05633e+002  1.37400e+003 -2.71970e+001  6.88800e+000  2.14500e+002
          1375  2.05733e+002  1.37500e+003 -2.72142e+001  6.88800e+000  2.14583e+002
          1376  2.05810e+002  1.37600e+003 -2.72289e+001  6.88800e+000  2.14667e+002
          1377  2.05892e+002  1.37700e+003 -2.72453e+001  6.88800e+000  2.14750e+002
          1378  2.05976e+002  1.37800e+003 -2.72623e+001  6.88800e+000  2.14833e+002
          1379  2.06053e+002  1.37900e+003 -2.72790e+001  6.88800e+000  2.14917e+002
          1380  2.06152e+002  1.38000e+003 -2.72987e+001  6.88800e+000  2.15000e+002
          1381  2.06242e+002  1.38100e+003 -2.73162e+001  6.88800e+000  2.15083e+002
          1382  2.06334e+002  1.38200e+003 -2.73324e+001  6.88800e+000  2.15167e+002
          1383  2.06405e+002  1.38300e+003 -2.73488e+001  6.88800e+000  2.15250e+002
          1384  2.06495e+002  1.38400e+003 -2.73645e+001  6.88800e+000  2.15333e+002
          1385  2.06579e+002  1.38500e+003 -2.73813e+001  6.88800e+000  2.15417e+002
          1386  2.06663e+002  1.38600e+003 -2.73983e+001  6.88800e+000  2.15500e+002
          1387  2.06752e+002  1.38700e+003 -2.74156e+001  6.88800e+000  2.15583e+002
          1388  2.06842e+002  1.38800e+003 -2.74332e+001  6.88800e+000  2.15667e+002
          1389  2.06911e+002  1.38900e+003 -2.74520e+001  6.88800e+000  2.15750e+002
          1390  2.07001e+002  1.39000e+003 -2.74694e+001  6.88800e+000  2.15833e+002
          1391  2.07092e+002  1.39100e+003 -2.74854e+001  6.88800e+000  2.15917e+002
          1392  2.07193e+002  1.39200e+003 -2.75034e+001  6.88800e+000  2.16000e+002
          1393  2.07269e+002  1.39300e+003 -2.75203e+001  6.88800e+000  2.16083e+002
          1394  2.07354e+002  1.39400e+003 -2.75380e+001  6.88800e+000  2.16167e+002
          1395  2.07439e+002  1.39500e+003 -2.75564e+001  6.88800e+000  2.16250e+002
          1396  2.07527e+002  1.39600e+003 -2.75756e+001  6.88800e+000  2.16333e+002
          1397  2.07604e+002  1.39700e+003 -2.75941e+001  6.88800e+000  2.16417e+002
          1398  2.07681e+002  1.39800e+003 -2.76113e+001  6.88800e+000  2.16500e+002
          1399  2.07769e+002  1.39900e+003 -2.76285e+001  6.88800e+000  2.16583e+002
          1400  2.07850e+002  1.40000e+003 -2.76423e+001  6.88800e+000  2.16667e+002
          1401  2.07945e+002  1.40100e+003 -2.76580e+001  6.88800e+000  2.16750e+002
          1402  2.08038e+002  1.40200e+003 -2.76730e+001  6.88800e+000  2.16833e+002
          1403  2.08108e+002  1.40300e+003 -2.76877e+001  6.88800e+000  2.16917e+002
          1404  2.08196e+002  1.40400e+003 -2.77066e+001  6.88800e+000  2.17000e+002
          1405  2.08282e+002  1.40500e+003 -2.77237e+001  6.88800e+000  2.17083e+002
          1406  2.08361e+002  1.40600e+003 -2.77402e+001  6.88800e+000  2.17167e+002
          1407  2.08458e+002  1.40700e+003 -2.77560e+001  6.88800e+000  2.17250e+002
          1408  2.08546e+002  1.40800e+003 -2.77691e+001  6.88800e+000  2.17333e+002
          1409  2.08628e+002  1.40900e+003 -2.77842e+001  6.88800e+000  2.17417e+002
          1410  2.08714e+002  1.41000e+003 -2.78008e+001  6.88800e+000  2.17500e+002
          1411  2.08795e+002  1.41100e+003 -2.78189e+001  6.88800e+000  2.17583e+002
          1412  2.08879e+002  1.41200e+003 -2.78386e+001  6.88800e+000  2.17667e+002
          1413  2.08967e+002  1.41300e+003 -2.78548e+001  6.88800e+000  2.17750e+002
          1414  2.09051e+002  1.41400e+003 -2.78709e+001  6.88800e+000  2.17833e+002
          1415  2.09134e+002  1.41500e+003 -2.78873e+001  6.88800e+000  2.17917e+002
          1416  2.09210e+002  1.41600e+003 -2.79033e+001  6.88800e+000  2.18000e+002
          1417  2.09289e+002  1.41700e+003 -2.79190e+001  6.88800e+000  2.18083e+002
          1418  2.09386e+002  1.41800e+003 -2.79351e+001  6.88800e+000  2.18167e+002
          1419  2.09461e+002  1.41900e+003 -2.79511e+001  6.88800e+000  2.18250e+002
          1420  2.09548e+002  1.42000e+003 -2.79661e+001  6.88800e+000  2.18333e+002
          1421  2.09627e+002  1.42100e+003 -2.79830e+001  6.88800e+000  2.18417e+002
          1422  2.09719e+002  1.42200e+003 -2.80000e+001  6.88800e+000  2.18500e+002
          1423  2.09794e+002  1.42300e+003 -2.80160e+001  6.88800e+000  2.18583e+002
          1424  2.09895e+002  1.42400e+003 -2.80319e+001  6.88800e+000  2.18667e+002
          1425  2.09972e+002  1.42500e+003 -2.80497e+001  6.88800e+000  2.18750e+002
          1426  2.10061e+002  1.42600e+003 -2.80666e+001  6.88800e+000  2.18833e+002
          1427  2.10144e+002  1.42700e+003 -2.80828e+001  6.88800e+000  2.18917e+002
          1428  2.10227e+002  1.42800e+003 -2.81039e+001  6.88800e+000  2.19000e+002
          1429  2.10303e+002  1.42900e+003 -2.81227e+001  6.88800e+000  2.19083e+002
          1430  2.10388e+002  1.43000e+003 -2.81404e+001  6.88800e+000  2.19167e+002
          1431  2.10473e+002  1.43100e+003 -2.81576e+001  6.88800e+000  2.19250e+002
          1432  2.10555e+002  1.43200e+003 -2.81753e+001  6.88800e+000  2.19333e+002
          1433  2.10636e+002  1.43300e+003 -2.81912e+001  6.88800e+000  2.19417e+002
          1434  2.10719e+002  1.43400e+003 -2.82073e+001  6.88800e+000  2.19500e+002
          1435  2.10815e+002  1.43500e+003 -2.82243e+001  6.88800e+000  2.19583e+002
          1436  2.10894e+002  1.43600e+003 -2.82403e+001  6.88803e+000  2.19667e+002
          1437  2.10976e+002  1.43700e+003 -2.82577e+001  6.88812e+000  2.19750e+002
          1438  2.11065e+002  1.43800e+003 -2.82754e+001  6.88822e+000  2.19833e+002
          1439  2.11141e+002  1.43900e+003 -2.82936e+001  6.88833e+000  2.19917e+002
          1440  2.11228e+002  1.44000e+003 -2.83103e+001  6.88850e+000  2.20000e+002
          1441  2.11319e+002  1.44100e+003 -2.83267e+001  6.88862e+000  2.20083e+002
          1442  2.11394e+002  1.44200e+003 -2.83424e+001  6.88872e+000  2.20167e+002
          1443  2.11488e+002  1.44300e+003 -2.83583e+001  6.88881e+000  2.20250e+002
          1444  2.11563e+002  1.44400e+003 -2.83778e+001  6.88886e+000  2.20333e+002
          1445  2.11652e+002  1.44500e+003 -2.83950e+001  6.88890e+000  2.20417e+002
          1446  2.11736e+002  1.44600e+003 -2.84128e+001  6.88895e+000  2.20500e+002
          1447  2.11821e+002  1.44700e+003 -2.84300e+001  6.88898e+000  2.20583e+002
          1448  2.11902e+002  1.44800e+003 -2.84451e+001  6.88897e+000  2.20667e+002
          1449  2.11980e+002  1.44900e+003 -2.84617e+001  6.88898e+000  2.20750e+002
          1450  2.12071e+002  1.45000e+003 -2.84785e+001  6.88899e+000  2.20833e+002
          1451  2.12151e+002  1.45100e+003 -2.84947e+001  6.88900e+000  2.20917e+002
          1452  2.12237e+002  1.45200e+003 -2.85102e+001  6.88900e+000  2.21000e+002
          1453  2.12331e+002  1.45300e+003 -2.85268e+001  6.88900e+000  2.21083e+002
          1454  2.12407e+002  1.45400e+003 -2.85437e+001  6.88900e+000  2.21167e+002
          1455  2.12487e+002  1.45500e+003 -2.85600e+001  6.88900e+000  2.21250e+002
          1456  2.12580e+002  1.45600e+003 -2.85765e+001  6.88900e+000  2.21333e+002
          1457  2.12673e+002  1.45700e+003 -2.85941e+001  6.88900e+000  2.21417e+002
          1458  2.12743e+002  1.45800e+003 -2.86125e+001  6.88900e+000  2.21500e+002
          1459  2.12824e+002  1.45900e+003 -2.86305e+001  6.88900e+000  2.21583e+002
          1460  2.12917e+002  1.46000e+003 -2.86473e+001  6.88900e+000  2.21667e+002
          1461  2.12996e+002  1.46100e+003 -2.86631e+001  6.88900e+000  2.21750e+002
          1462  2.13079e+002  1.46200e+003 -2.86788e+001  6.88900e+000  2.21833e+002
          1463  2.13171e+002  1.46300e+003 -2.86951e+001  6.88900e+000  2.21917e+002
          1464  2.13258e+002  1.46400e+003 -2.87118e+001  6.88900e+000  2.22000e+002
          1465  2.13332e+002  1.46500e+003 -2.87282e+001  6.88900e+000  2.22083e+002
          1466  2.13415e+002  1.46600e+003 -2.87448e+001  6.88900e+000  2.22167e+002
          1467  2.13505e+002  1.46700e+003 -2.87611e+001  6.88900e+000  2.22250e+002
          1468  2.13576e+002  1.46800e+003 -2.87774e+001  6.88900e+000  2.22333e+002
          1469  2.13672e+002  1.46900e+003 -2.87958e+001  6.88900e+000  2.22417e+002
          1470  2.13766e+002  1.47000e+003 -2.88136e+001  6.88900e+000  2.22500e+002
          1471  2.13845e+002  1.47100e+003 -2.88305e+001  6.88900e+000  2.22583e+002
          1472  2.13933e+002  1.47200e+003 -2.88459e+001  6.88900e+000  2.22667e+002
          1473  2.14013e+002  1.47300e+003 -2.88613e+001  6.88900e+000  2.22750e+002
          1474  2.14099e+002  1.47400e+003 -2.88775e+001  6.88900e+000  2.22833e+002
          1475  2.14182e+002  1.47500e+003 -2.88943e+001  6.88900e+000  2.22917e+002
          1476  2.14262e+002  1.47600e+003 -2.89103e+001  6.88900e+000  2.23000e+002
          1477  2.14348e+002  1.47700e+003 -2.89263e+001  6.88900e+000  2.23083e+002
          1478  2.14433e+002  1.47800e+003 -2.89441e+001  6.88900e+000  2.23167e+002
          1479  2.14517e+002  1.47900e+003 -2.89633e+001  6.88900e+000  2.23250e+002
          1480  2.14608e+002  1.48000e+003 -2.89757e+001  6.88900e+000  2.23333e+002
          1481  2.14689e+002  1.48100e+003 -2.89907e+001  6.88900e+000  2.23417e+002
          1482  2.14779e+002  1.48200e+003 -2.90061e+001  6.88900e+000  2.23500e+002
          1483  2.14855e+002  1.48300e+003 -2.90219e+001  6.88900e+000  2.23583e+002
          1484  2.14941e+002  1.48400e+003 -2.90439e+001  6.88900e+000  2.23667e+002
          1485  2.15020e+002  1.48500e+003 -2.90627e+001  6.88900e+000  2.23750e+002
          1486  2.15111e+002  1.48600e+003 -2.90804e+001  6.88900e+000  2.23833e+002
          1487  2.15189e+002  1.48700e+003 -2.90978e+001  6.88900e+000  2.23917e+002
          1488  2.15278e+002  1.48800e+003 -2.91137e+001  6.88900e+000  2.24000e+002
          1489  2.15363e+002  1.48900e+003 -2.91300e+001  6.88900e+000  2.24083e+002
          1490  2.15456e+002  1.49000e+003 -2.91468e+001  6.88900e+000  2.24167e+002
          1491  2.15532e+002  1.49100e+003 -2.91640e+001  6.88900e+000  2.24250e+002
          1492  2.15610e+002  1.49200e+003 -2.91821e+001  6.88900e+000  2.24333e+002
          1493  2.15699e+002  1.49300e+003 -2.91989e+001  6.88900e+000  2.24417e+002
          1494  2.15778e+002  1.49400e+003 -2.92140e+001  6.88900e+000  2.24500e+002
          1495  2.15861e+002  1.49500e+003 -2.92291e+001  6.88900e+000  2.24583e+002
          1496  2.15949e+002  1.49600e+003 -2.92412e+001  6.88900e+000  2.24667e+002
          1497  2.16038e+002  1.49700e+003 -2.92561e+001  6.88900e+000  2.24750e+002
          1498  2.16129e+002  1.49800e+003 -2.92722e+001  6.88900e+000  2.24833e+002
          1499  2.16205e+002  1.49900e+003 -2.92880e+001  6.88900e+000  2.24917e+002
          1500  2.16286e+002  1.50000e+003 -2.93034e+001  6.88900e+000  2.25000e+002
          1501  2.16373e+002  1.50100e+003 -2.93199e+001  6.88900e+000  2.25083e+002
          1502  2.16458e+002  1.50200e+003 -2.93374e+001  6.88900e+000  2.25167e+002
          1503  2.16550e+002  1.50300e+003 -2.93549e+001  6.88900e+000  2.25250e+002
          1504  2.16640e+002  1.50400e+003 -2.93712e+001  6.88900e+000  2.25333e+002
          1505  2.16722e+002  1.50500e+003 -2.93875e+001  6.88900e+000  2.25417e+002
          1506  2.16808e+002  1.50600e+003 -2.94037e+001  6.88900e+000  2.25500e+002
          1507  2.16899e+002  1.50700e+003 -2.94200e+001  6.88900e+000  2.25583e+002
          1508  2.16985e+002  1.50800e+003 -2.94390e+001  6.88900e+000  2.25667e+002
          1509  2.17074e+002  1.50900e+003 -2.94560e+001  6.88900e+000  2.25750e+002
          1510  2.17152e+002  1.51000e+003 -2.94732e+001  6.88900e+000  2.25833e+002
          1511  2.17243e+002  1.51100e+003 -2.94914e+001  6.88900e+000  2.25917e+002
          1512  2.17319e+002  1.51200e+003 -2.95107e+001  6.88900e+000  2.26000e+002
          1513  2.17401e+002  1.51300e+003 -2.95299e+001  6.88900e+000  2.26083e+002
          1514  2.17482e+002  1.51400e+003 -2.95469e+001  6.88900e+000  2.26167e+002
          1515  2.17571e+002  1.51500e+003 -2.95637e+001  6.88900e+000  2.26250e+002
          1516  2.17648e+002  1.51600e+003 -2.95804e+001  6.88900e+000  2.26333e+002
          1517  2.17736e+002  1.51700e+003 -2.95978e+001  6.88900e+000  2.26417e+002
          1518  2.17826e+002  1.51800e+003 -2.96139e+001  6.88900e+000  2.26500e+002
          1519  2.17908e+002  1.51900e+003 -2.96298e+001  6.88900e+000  2.26583e+002
          1520  2.17992e+002  1.52000e+003 -2.96490e+001  6.88900e+000  2.26667e+002
          1521  2.18074e+002  1.52100e+003 -2.96667e+001  6.88900e+000  2.26750e+002
          1522  2.18167e+002  1.52200e+003 -2.96845e+001  6.88900e+000  2.26833e+002
          1523  2.18256e+002  1.52300e+003 -2.97017e+001  6.88900e+000  2.26917e+002
          1524  2.18331e+002  1.52400e+003 -2.97153e+001  6.88900e+000  2.27000e+002
          1525  2.18412e+002  1.52500e+003 -2.97307e+001  6.88900e+000  2.27083e+002
          1526  2.18502e+002  1.52600e+003 -2.97462e+001  6.88900e+000  2.27167e+002
          1527  2.18588e+002  1.52700e+003 -2.97616e+001  6.88900e+000  2.27250e+002
          1528  2.18671e+002  1.52800e+003 -2.97799e+001  6.88900e+000  2.27333e+002
          1529  2.18759e+002  1.52900e+003 -2.97972e+001  6.88900e+000  2.27417e+002
          1530  2.18848e+002  1.53000e+003 -2.98131e+001  6.88900e+000  2.27500e+002
          1531  2.18931e+002  1.53100e+003 -2.98291e+001  6.88900e+000  2.27583e+002
          1532  2.19012e+002  1.53200e+003 -2.98467e+001  6.88900e+000  2.27667e+002
          1533  2.19095e+002  1.53300e+003 -2.98642e+001  6.88900e+000  2.27750e+002
          1534  2.19178e+002  1.53400e+003 -2.98819e+001  6.88900e+000  2.27833e+002
          1535  2.19268e+002  1.53500e+003 -2.98999e+001  6.88900e+000  2.27917e+002
          1536  2.19354e+002  1.53600e+003 -2.99172e+001  6.88900e+000  2.28000e+002
          1537  2.19430e+002  1.53700e+003 -2.99337e+001  6.88900e+000  2.28083e+002
          1538  2.19519e+002  1.53800e+003 -2.99502e+001  6.88900e+000  2.28167e+002
          1539  2.19596e+002  1.53900e+003 -2.99675e+001  6.88900e+000  2.28250e+002
          1540  2.19696e+002  1.54000e+003 -2.99853e+001  6.88900e+000  2.28333e+002
          1541  2.19776e+002  1.54100e+003 -3.00020e+001  6.88900e+000  2.28417e+002
          1542  2.19864e+002  1.54200e+003 -3.00192e+001  6.88900e+000  2.28500e+002
          1543  2.19936e+002  1.54300e+003 -3.00380e+001  6.88900e+000  2.28583e+002
          1544  2.20030e+002  1.54400e+003 -3.00549e+001  6.88900e+000  2.28667e+002
          1545  2.20116e+002  1.54500e+003 -3.00734e+001  6.88900e+000  2.28750e+002
          1546  2.20200e+002  1.54600e+003 -3.00930e+001  6.88900e+000  2.28833e+002
          1547  2.20277e+002  1.54700e+003 -3.01132e+001  6.88900e+000  2.28917e+002
          1548  2.20364e+002  1.54800e+003 -3.01333e+001  6.88900e+000  2.29000e+002
          1549  2.20457e+002  1.54900e+003 -3.01518e+001  6.88900e+000  2.29083e+002
          1550  2.20546e+002  1.55000e+003 -3.01707e+001  6.88900e+000  2.29167e+002
          1551  2.20630e+002  1.55100e+003 -3.01880e+001  6.88900e+000  2.29250e+002
          1552  2.20712e+002  1.55200e+003 -3.02103e+001  6.88900e+000  2.29333e+002
          1553  2.20796e+002  1.55300e+003 -3.02296e+001  6.88900e+000  2.29417e+002
          1554  2.20882e+002  1.55400e+003 -3.02470e+001  6.88900e+000  2.29500e+002
          1555  2.20953e+002  1.55500e+003 -3.02639e+001  6.88900e+000  2.29583e+002
          1556  2.21048e+002  1.55600e+003 -3.02820e+001  6.88900e+000  2.29667e+002
          1557  2.21140e+002  1.55700e+003 -3.03002e+001  6.88900e+000  2.29750e+002
          1558  2.21225e+002  1.55800e+003 -3.03178e+001  6.88900e+000  2.29833e+002
          1559  2.21302e+002  1.55900e+003 -3.03350e+001  6.88900e+000  2.29917e+002
          1560  2.21387e+002  1.56000e+003 -3.03499e+001  6.88900e+000  2.30000e+002
          1561  2.21479e+002  1.56100e+003 -3.03662e+001  6.88900e+000  2.30083e+002
          1562  2.21557e+002  1.56200e+003 -3.03828e+001  6.88900e+000  2.30167e+002
          1563  2.21651e+002  1.56300e+003 -3.03997e+001  6.88900e+000  2.30250e+002
          1564  2.21726e+002  1.56400e+003 -3.04166e+001  6.88900e+000  2.30333e+002
          1565  2.21807e+002  1.56500e+003 -3.04329e+001  6.88900e+000  2.30417e+002
          1566  2.21896e+002  1.56600e+003 -3.04482e+001  6.88900e+000  2.30500e+002
          1567  2.21983e+002  1.56700e+003 -3.04627e+001  6.88900e+000  2.30583e+002
          1568  2.22071e+002  1.56800e+003 -3.04750e+001  6.88900e+000  2.30667e+002
          1569  2.22163e+002  1.56900e+003 -3.04897e+001  6.88900e+000  2.30750e+002
          1570  2.22237e+002  1.57000e+003 -3.05046e+001  6.88900e+000  2.30833e+002
          1571  2.22325e+002  1.57100e+003 -3.05193e+001  6.88900e+000  2.30917e+002
          1572  2.22410e+002  1.57200e+003 -3.05334e+001  6.88900e+000  2.31000e+002
          1573  2.22493e+002  1.57300e+003 -3.05479e+001  6.88900e+000  2.31083e+002
          1574  2.22571e+002  1.57400e+003 -3.05632e+001  6.88900e+000  2.31167e+002
          1575  2.22664e+002  1.57500e+003 -3.05783e+001  6.88900e+000  2.31250e+002
          1576  2.22749e+002  1.57600e+003 -3.05915e+001  6.88900e+000  2.31333e+002
          1577  2.22830e+002  1.57700e+003 -3.06060e+001  6.88900e+000  2.31417e+002
          1578  2.22905e+002  1.57800e+003 -3.06208e+001  6.88900e+000  2.31500e+002
          1579  2.23005e+002  1.57900e+003 -3.06348e+001  6.88900e+000  2.31583e+002
          1580  2.23094e+002  1.58000e+003 -3.06541e+001  6.88900e+000  2.31667e+002
          1581  2.23171e+002  1.58100e+003 -3.06713e+001  6.88900e+000  2.31750e+002
          1582  2.23251e+002  1.58200e+003 -3.06874e+001  6.88900e+000  2.31833e+002
          1583  2.23339e+002  1.58300e+003 -3.07051e+001  6.88900e+000  2.31917e+002
          1584  2.23426e+002  1.58400e+003 -3.07203e+001  6.88900e+000  2.32000e+002
          1585  2.23511e+002  1.58500e+003 -3.07358e+001  6.88900e+000  2.32083e+002
          1586  2.23596e+002  1.58600e+003 -3.07520e+001  6.88900e+000  2.32167e+002
          1587  2.23682e+002  1.58700e+003 -3.07679e+001  6.88900e+000  2.32250e+002
          1588  2.23761e+002  1.58800e+003 -3.07843e+001  6.88900e+000  2.32333e+002
          1589  2.23842e+002  1.58900e+003 -3.08009e+001  6.88900e+000  2.32417e+002
          1590  2.23935e+002  1.59000e+003 -3.08182e+001  6.88900e+000  2.32500e+002
          1591  2.24012e+002  1.59100e+003 -3.08354e+001  6.88900e+000  2.32583e+002
          1592  2.24098e+002  1.59200e+003 -3.08534e+001  6.88900e+000  2.32667e+002
          1593  2.24197e+002  1.59300e+003 -3.08707e+001  6.88903e+000  2.32750e+002
          1594  2.24261e+002  1.59400e+003 -3.08880e+001  6.88912e+000  2.32833e+002
          1595  2.24344e+002  1.59500e+003 -3.09056e+001  6.88922e+000  2.32917e+002
          1596  2.24429e+002  1.59600e+003 -3.09220e+001  6.88936e+000  2.33000e+002
          1597  2.24513e+002  1.59700e+003 -3.09388e+001  6.88948e+000  2.33083e+002
          1598  2.24591e+002  1.59800e+003 -3.09563e+001  6.88959e+000  2.33167e+002
          1599  2.24678e+002  1.59900e+003 -3.09739e+001  6.88969e+000  2.33250e+002
          1600  2.24773e+002  1.60000e+003 -3.09922e+001  6.88978e+000  2.33333e+002
          1601  2.24849e+002  1.60100e+003 -3.10087e+001  6.88986e+000  2.33417e+002
          1602  2.24940e+002  1.60200e+003 -3.10250e+001  6.88992e+000  2.33500e+002
          1603  2.25022e+002  1.60300e+003 -3.10412e+001  6.88997e+000  2.33583e+002
          1604  2.25113e+002  1.60400e+003 -3.10532e+001  6.88996e+000  2.33667e+002
          1605  2.25190e+002  1.60500e+003 -3.10683e+001  6.88997e+000  2.33750e+002
          1606  2.25273e+002  1.60600e+003 -3.10856e+001  6.88999e+000  2.33833e+002
          1607  2.25356e+002  1.60700e+003 -3.11029e+001  6.89000e+000  2.33917e+002
          1608  2.25439e+002  1.60800e+003 -3.11180e+001  6.88999e+000  2.34000e+002
          1609  2.25519e+002  1.60900e+003 -3.11331e+001  6.89000e+000  2.34083e+002
          1610  2.25606e+002  1.61000e+003 -3.11477e+001  6.89000e+000  2.34167e+002
          1611  2.25691e+002  1.61100e+003 -3.11630e+001  6.89000e+000  2.34250e+002
          1612  2.25785e+002  1.61200e+003 -3.11775e+001  6.89000e+000  2.34333e+002
          1613  2.25873e+002  1.61300e+003 -3.11928e+001  6.89000e+000  2.34417e+002
          1614  2.25960e+002  1.61400e+003 -3.12083e+001  6.89000e+000  2.34500e+002
          1615  2.26024e+002  1.61500e+003 -3.12239e+001  6.89000e+000  2.34583e+002
          1616  2.26113e+002  1.61600e+003 -3.12382e+001  6.89000e+000  2.34667e+002
          1617  2.26193e+002  1.61700e+003 -3.12540e+001  6.89000e+000  2.34750e+002
          1618  2.26291e+002  1.61800e+003 -3.12695e+001  6.89000e+000  2.34833e+002
          1619  2.26376e+002  1.61900e+003 -3.12853e+001  6.89000e+000  2.34917e+002
          1620  2.26456e+002  1.62000e+003 -3.13009e+001  6.89000e+000  2.35000e+002
          1621  2.26543e+002  1.62100e+003 -3.13173e+001  6.89000e+000  2.35083e+002
          1622  2.26616e+002  1.62200e+003 -3.13333e+001  6.89000e+000  2.35167e+002
          1623  2.26708e+002  1.62300e+003 -3.13488e+001  6.89000e+000  2.35250e+002
          1624  2.26786e+002  1.62400e+003 -3.13641e+001  6.89000e+000  2.35333e+002
          1625  2.26873e+002  1.62500e+003 -3.13804e+001  6.89000e+000  2.35417e+002
          1626  2.26942e+002  1.62600e+003 -3.13968e+001  6.89000e+000  2.35500e+002
          1627  2.27038e+002  1.62700e+003 -3.14137e+001  6.89000e+000  2.35583e+002
          1628  2.27120e+002  1.62800e+003 -3.14322e+001  6.89000e+000  2.35667e+002
          1629  2.27202e+002  1.62900e+003 -3.14492e+001  6.89000e+000  2.35750e+002
          1630  2.27288e+002  1.63000e+003 -3.14661e+001  6.89000e+000  2.35833e+002
          1631  2.27373e+002  1.63100e+003 -3.14817e+001  6.89000e+000  2.35917e+002
          1632  2.27456e+002  1.63200e+003 -3.14974e+001  6.89000e+000  2.36000e+002
          1633  2.27535e+002  1.63300e+003 -3.15133e+001  6.89000e+000  2.36083e+002
          1634  2.27616e+002  1.63400e+003 -3.15298e+001  6.89000e+000  2.36167e+002
          1635  2.27702e+002  1.63500e+003 -3.15463e+001  6.89000e+000  2.36250e+002
          1636  2.27790e+002  1.63600e+003 -3.15618e+001  6.89000e+000  2.36333e+002
          1637  2.27867e+002  1.63700e+003 -3.15768e+001  6.89000e+000  2.36417e+002
          1638  2.27953e+002  1.63800e+003 -3.15915e+001  6.89000e+000  2.36500e+002
          1639  2.28038e+002  1.63900e+003 -3.16062e+001  6.89000e+000  2.36583e+002
          1640  2.28125e+002  1.64000e+003 -3.16161e+001  6.89000e+000  2.36667e+002
          1641  2.28202e+002  1.64100e+003 -3.16296e+001  6.89000e+000  2.36750e+002
          1642  2.28282e+002  1.64200e+003 -3.16460e+001  6.89000e+000  2.36833e+002
          1643  2.28376e+002  1.64300e+003 -3.16637e+001  6.89000e+000  2.36917e+002
          1644  2.28457e+002  1.64400e+003 -3.16790e+001  6.89000e+000  2.37000e+002
          1645  2.28538e+002  1.64500e+003 -3.16951e+001  6.89000e+000  2.37083e+002
          1646  2.28629e+002  1.64600e+003 -3.17119e+001  6.89000e+000  2.37167e+002
          1647  2.28704e+002  1.64700e+003 -3.17289e+001  6.89000e+000  2.37250e+002
          1648  2.28783e+002  1.64800e+003 -3.17447e+001  6.89000e+000  2.37333e+002
          1649  2.28876e+002  1.64900e+003 -3.17598e+001  6.89000e+000  2.37417e+002
          1650  2.28968e+002  1.65000e+003 -3.17747e+001  6.89000e+000  2.37500e+002
          1651  2.29043e+002  1.65100e+003 -3.17902e+001  6.89000e+000  2.37583e+002
          1652  2.29134e+002  1.65200e+003 -3.18084e+001  6.89000e+000  2.37667e+002
          1653  2.29213e+002  1.65300e+003 -3.18249e+001  6.89000e+000  2.37750e+002
          1654  2.29297e+002  1.65400e+003 -3.18413e+001  6.89000e+000  2.37833e+002
          1655  2.29374e+002  1.65500e+003 -3.18573e+001  6.89000e+000  2.37917e+002
          1656  2.29466e+002  1.65600e+003 -3.18702e+001  6.89000e+000  2.38000e+002
          1657  2.29553e+002  1.65700e+003 -3.18858e+001  6.89000e+000  2.38083e+002
          1658  2.29628e+002  1.65800e+003 -3.19012e+001  6.89000e+000  2.38167e+002
          1659  2.29710e+002  1.65900e+003 -3.19168e+001  6.89000e+000  2.38250e+002
          1660  2.29795e+002  1.66000e+003 -3.19345e+001  6.89000e+000  2.38333e+002
          1661  2.29879e+002  1.66100e+003 -3.19507e+001  6.89000e+000  2.38417e+002
          1662  2.29954e+002  1.66200e+003 -3.19673e+001  6.89000e+000  2.38500e+002
          1663  2.30042e+002  1.66300e+003 -3.19840e+001  6.89000e+000  2.38583e+002
          1664  2.30119e+002  1.66400e+003 -3.20015e+001  6.89000e+000  2.38667e+002
          1665  2.30198e+002  1.66500e+003 -3.20187e+001  6.89000e+000  2.38750e+002
          1666  2.30291e+002  1.66600e+003 -3.20366e+001  6.89000e+000  2.38833e+002
          1667  2.30379e+002  1.66700e+003 -3.20556e+001  6.89000e+000  2.38917e+002
          1668  2.30461e+002  1.66800e+003 -3.20725e+001  6.89000e+000  2.39000e+002
          1669  2.30555e+002  1.66900e+003 -3.20895e+001  6.89000e+000  2.39083e+002
          1670  2.30640e+002  1.67000e+003 -3.21070e+001  6.89000e+000  2.39167e+002
          1671  2.30721e+002  1.67100e+003 -3.21244e+001  6.89000e+000  2.39250e+002
          1672  2.30800e+002  1.67200e+003 -3.21435e+001  6.89000e+000  2.39333e+002
          1673  2.30870e+002  1.67300e+003 -3.21613e+001  6.89000e+000  2.39417e+002
          1674  2.30967e+002  1.67400e+003 -3.21780e+001  6.89000e+000  2.39500e+002
          1675  2.31042e+002  1.67500e+003 -3.21947e+001  6.89000e+000  2.39583e+002
          1676  2.31127e+002  1.67600e+003 -3.22084e+001  6.89000e+000  2.39667e+002
          1677  2.31213e+002  1.67700e+003 -3.22247e+001  6.89000e+000  2.39750e+002
          1678  2.31303e+002  1.67800e+003 -3.22417e+001  6.89000e+000  2.39833e+002
          1679  2.31384e+002  1.67900e+003 -3.22584e+001  6.89000e+000  2.39917e+002
          1680  2.31470e+002  1.68000e+003 -3.22734e+001  6.89000e+000  2.40000e+002
          1681  2.31551e+002  1.68100e+003 -3.22892e+001  6.89000e+000  2.40083e+002
          1682  2.31637e+002  1.68200e+003 -3.23049e+001  6.89000e+000  2.40167e+002
          1683  2.31723e+002  1.68300e+003 -3.23204e+001  6.89000e+000  2.40250e+002
          1684  2.31809e+002  1.68400e+003 -3.23337e+001  6.89000e+000  2.40333e+002
          1685  2.31896e+002  1.68500e+003 -3.23479e+001  6.89000e+000  2.40417e+002
          1686  2.31972e+002  1.68600e+003 -3.23641e+001  6.89000e+000  2.40500e+002
          1687  2.32056e+002  1.68700e+003 -3.23806e+001  6.89000e+000  2.40583e+002
          1688  2.32139e+002  1.68800e+003 -3.23960e+001  6.89000e+000  2.40667e+002
          1689  2.32225e+002  1.68900e+003 -3.24116e+001  6.89000e+000  2.40750e+002
          1690  2.32299e+002  1.69000e+003 -3.24286e+001  6.89000e+000  2.40833e+002
          1691  2.32380e+002  1.69100e+003 -3.24462e+001  6.89000e+000  2.40917e+002
          1692  2.32474e+002  1.69200e+003 -3.24636e+001  6.89000e+000  2.41000e+002
          1693  2.32555e+002  1.69300e+003 -3.24837e+001  6.89000e+000  2.41083e+002
          1694  2.32639e+002  1.69400e+003 -3.25027e+001  6.89000e+000  2.41167e+002
          1695  2.32724e+002  1.69500e+003 -3.25203e+001  6.89000e+000  2.41250e+002
          1696  2.32807e+002  1.69600e+003 -3.25412e+001  6.89000e+000  2.41333e+002
          1697  2.32890e+002  1.69700e+003 -3.25585e+001  6.89000e+000  2.41417e+002
          1698  2.32981e+002  1.69800e+003 -3.25762e+001  6.89000e+000  2.41500e+002
          1699  2.33065e+002  1.69900e+003 -3.25954e+001  6.89000e+000  2.41583e+002
          1700  2.33142e+002  1.70000e+003 -3.26128e+001  6.89000e+000  2.41667e+002
          1701  2.33220e+002  1.70100e+003 -3.26277e+001  6.89000e+000  2.41750e+002
          1702  2.33312e+002  1.70200e+003 -3.26421e+001  6.89000e+000  2.41833e+002
          1703  2.33398e+002  1.70300e+003 -3.26560e+001  6.89000e+000  2.41917e+002
          1704  2.33476e+002  1.70400e+003 -3.26637e+001  6.89000e+000  2.42000e+002
          1705  2.33560e+002  1.70500e+003 -3.26770e+001  6.89000e+000  2.42083e+002
          1706  2.33650e+002  1.70600e+003 -3.26933e+001  6.89000e+000  2.42167e+002
          1707  2.33735e+002  1.70700e+003 -3.27107e+001  6.89000e+000  2.42250e+002
          1708  2.33817e+002  1.70800e+003 -3.27267e+001  6.89000e+000  2.42333e+002
          1709  2.33917e+002  1.70900e+003 -3.27426e+001  6.89000e+000  2.42417e+002
          1710  2.33992e+002  1.71000e+003 -3.27589e+001  6.89000e+000  2.42500e+002
          1711  2.34079e+002  1.71100e+003 -3.27761e+001  6.89000e+000  2.42583e+002
          1712  2.34155e+002  1.71200e+003 -3.27948e+001  6.89000e+000  2.42667e+002
          1713  2.34238e+002  1.71300e+003 -3.28130e+001  6.89000e+000  2.42750e+002
          1714  2.34327e+002  1.71400e+003 -3.28294e+001  6.89000e+000  2.42833e+002
          1715  2.34408e+002  1.71500e+003 -3.28453e+001  6.89000e+000  2.42917e+002
          1716  2.34494e+002  1.71600e+003 -3.28672e+001  6.89000e+000  2.43000e+002
          1717  2.34583e+002  1.71700e+003 -3.28853e+001  6.89000e+000  2.43083e+002
          1718  2.34659e+002  1.71800e+003 -3.29025e+001  6.89000e+000  2.43167e+002
          1719  2.34750e+002  1.71900e+003 -3.29196e+001  6.89000e+000  2.43250e+002
          1720  2.34832e+002  1.72000e+003 -3.29364e+001  6.89000e+000  2.43333e+002
          1721  2.34914e+002  1.72100e+003 -3.29529e+001  6.89000e+000  2.43417e+002
          1722  2.35005e+002  1.72200e+003 -3.29687e+001  6.89000e+000  2.43500e+002
          1723  2.35100e+002  1.72300e+003 -3.29846e+001  6.89000e+000  2.43583e+002
          1724  2.35181e+002  1.72400e+003 -3.29980e+001  6.89000e+000  2.43667e+002
          1725  2.35261e+002  1.72500e+003 -3.30136e+001  6.89000e+000  2.43750e+002
          1726  2.35344e+002  1.72600e+003 -3.30292e+001  6.89000e+000  2.43833e+002
          1727  2.35441e+002  1.72700e+003 -3.30456e+001  6.89000e+000  2.43917e+002
          1728  2.35514e+002  1.72800e+003 -3.30625e+001  6.89000e+000  2.44000e+002
          1729  2.35606e+002  1.72900e+003 -3.30785e+001  6.89000e+000  2.44083e+002
          1730  2.35687e+002  1.73000e+003 -3.30936e+001  6.89000e+000  2.44167e+002
          1731  2.35773e+002  1.73100e+003 -3.31083e+001  6.89000e+000  2.44250e+002
          1732  2.35852e+002  1.73200e+003 -3.31225e+001  6.89000e+000  2.44333e+002
          1733  2.35945e+002  1.73300e+003 -3.31378e+001  6.89000e+000  2.44417e+002
          1734  2.36020e+002  1.73400e+003 -3.31537e+001  6.89000e+000  2.44500e+002
          1735  2.36110e+002  1.73500e+003 -3.31711e+001  6.89000e+000  2.44583e+002
          1736  2.36193e+002  1.73600e+003 -3.31884e+001  6.89000e+000  2.44667e+002
          1737  2.36270e+002  1.73700e+003 -3.32049e+001  6.89000e+000  2.44750e+002
          1738  2.36359e+002  1.73800e+003 -3.32208e+001  6.89000e+000  2.44833e+002
          1739  2.36448e+002  1.73900e+003 -3.32368e+001  6.89000e+000  2.44917e+002
          1740  2.36537e+002  1.74000e+003 -3.32502e+001  6.89000e+000  2.45000e+002
          1741  2.36605e+002  1.74100e+003 -3.32656e+001  6.89000e+000  2.45083e+002
          1742  2.36705e+002  1.74200e+003 -3.32806e+001  6.89000e+000  2.45167e+002
          1743  2.36780e+002  1.74300e+003 -3.32945e+001  6.89000e+000  2.45250e+002
          1744  2.36867e+002  1.74400e+003 -3.33107e+001  6.89000e+000  2.45333e+002
          1745  2.36952e+002  1.74500e+003 -3.33248e+001  6.89000e+000  2.45417e+002
          1746  2.37038e+002  1.74600e+003 -3.33385e+001  6.89000e+000  2.45500e+002
          1747  2.37112e+002  1.74700e+003 -3.33525e+001  6.89000e+000  2.45583e+002
          1748  2.37199e+002  1.74800e+003 -3.33640e+001  6.89000e+000  2.45667e+002
          1749  2.37286e+002  1.74900e+003 -3.33777e+001  6.89000e+000  2.45750e+002
          1750  2.37361e+002  1.75000e+003 -3.33927e+001  6.89000e+000  2.45833e+002
          1751  2.37450e+002  1.75100e+003 -3.34069e+001  6.89000e+000  2.45917e+002
          1752  2.37547e+002  1.75200e+003 -3.34216e+001  6.89000e+000  2.46000e+002
          1753  2.37628e+002  1.75300e+003 -3.34365e+001  6.89000e+000  2.46083e+002
          1754  2.37716e+002  1.75400e+003 -3.34516e+001  6.89000e+000  2.46167e+002
          1755  2.37788e+002  1.75500e+003 -3.34662e+001  6.89000e+000  2.46250e+002
          1756  2.37875e+002  1.75600e+003 -3.34837e+001  6.89000e+000  2.46333e+002
          1757  2.37957e+002  1.75700e+003 -3.35006e+001  6.89000e+000  2.46417e+002
          1758  2.38042e+002  1.75800e+003 -3.35177e+001  6.89000e+000  2.46500e+002
          1759  2.38123e+002  1.75900e+003 -3.35340e+001  6.89000e+000  2.46583e+002
          1760  2.38213e+002  1.76000e+003 -3.35497e+001  6.89000e+000  2.46667e+002
          1761  2.38287e+002  1.76100e+003 -3.35647e+001  6.89000e+000  2.46750e+002
          1762  2.38363e+002  1.76200e+003 -3.35808e+001  6.89000e+000  2.46833e+002
          1763  2.38451e+002  1.76300e+003 -3.35980e+001  6.89000e+000  2.46917e+002
          1764  2.38540e+002  1.76400e+003 -3.36145e+001  6.89000e+000  2.47000e+002
          1765  2.38613e+002  1.76500e+003 -3.36308e+001  6.89000e+000  2.47083e+002
          1766  2.38705e+002  1.76600e+003 -3.36470e+001  6.89000e+000  2.47167e+002
          1767  2.38791e+002  1.76700e+003 -3.36634e+001  6.89000e+000  2.47250e+002
          1768  2.38872e+002  1.76800e+003 -3.36799e+001  6.89000e+000  2.47333e+002
          1769  2.38959e+002  1.76900e+003 -3.36959e+001  6.89000e+000  2.47417e+002
          1770  2.39045e+002  1.77000e+003 -3.37120e+001  6.89000e+000  2.47500e+002
          1771  2.39123e+002  1.77100e+003 -3.37293e+001  6.89000e+000  2.47583e+002
          1772  2.39212e+002  1.77200e+003 -3.37453e+001  6.89000e+000  2.47667e+002
          1773  2.39285e+002  1.77300e+003 -3.37598e+001  6.89000e+000  2.47750e+002
          1774  2.39371e+002  1.77400e+003 -3.37751e+001  6.89000e+000  2.47833e+002
          1775  2.39459e+002  1.77500e+003 -3.37902e+001  6.89000e+000  2.47917e+002
          1776  2.39543e+002  1.77600e+003 -3.38033e+001  6.89000e+000  2.48000e+002
          1777  2.39624e+002  1.77700e+003 -3.38180e+001  6.89000e+000  2.48083e+002
          1778  2.39706e+002  1.77800e+003 -3.38338e+001  6.89000e+000  2.48167e+002
          1779  2.39793e+002  1.77900e+003 -3.38489e+001  6.89000e+000  2.48250e+002
          1780  2.39866e+002  1.78000e+003 -3.38645e+001  6.89000e+000  2.48333e+002
          1781  2.39960e+002  1.78100e+003 -3.38817e+001  6.89000e+000  2.48417e+002
          1782  2.40043e+002  1.78200e+003 -3.38992e+001  6.89000e+000  2.48500e+002
          1783  2.40135e+002  1.78300e+003 -3.39161e+001  6.89000e+000  2.48583e+002
          1784  2.40211e+002  1.78400e+003 -3.39320e+001  6.89000e+000  2.48667e+002
          1785  2.40299e+002  1.78500e+003 -3.39475e+001  6.89000e+000  2.48750e+002
          1786  2.40383e+002  1.78600e+003 -3.39630e+001  6.89000e+000  2.48833e+002
          1787  2.40455e+002  1.78700e+003 -3.39788e+001  6.89000e+000  2.48917e+002
          1788  2.40544e+002  1.78800e+003 -3.39977e+001  6.89000e+000  2.49000e+002
          1789  2.40639e+002  1.78900e+003 -3.40149e+001  6.89000e+000  2.49083e+002
          1790  2.40712e+002  1.79000e+003 -3.40313e+001  6.89000e+000  2.49167e+002
          1791  2.40793e+002  1.79100e+003 -3.40479e+001  6.89000e+000  2.49250e+002
          1792  2.40884e+002  1.79200e+003 -3.40614e+001  6.89000e+000  2.49333e+002
          1793  2.40962e+002  1.79300e+003 -3.40774e+001  6.89000e+000  2.49417e+002
          1794  2.41047e+002  1.79400e+003 -3.40940e+001  6.89000e+000  2.49500e+002
          1795  2.41132e+002  1.79500e+003 -3.41111e+001  6.89000e+000  2.49583e+002
          1796  2.41217e+002  1.79600e+003 -3.41308e+001  6.89000e+000  2.49667e+002
          1797  2.41297e+002  1.79700e+003 -3.41493e+001  6.89000e+000  2.49750e+002
          1798  2.41386e+002  1.79800e+003 -3.41657e+001  6.89000e+000  2.49833e+002
          1799  2.41471e+002  1.79900e+003 -3.41813e+001  6.89000e+000  2.49917e+002
          1800  2.41546e+002  1.80000e+003 -3.41965e+001  6.89000e+000  2.50000e+002
          1801  2.41629e+002  1.80100e+003 -3.42119e+001  6.89000e+000  2.50083e+002
          1802  2.41706e+002  1.80200e+003 -3.42282e+001  6.89000e+000  2.50167e+002
          1803  2.41797e+002  1.80300e+003 -3.42443e+001  6.89000e+000  2.50250e+002
          1804  2.41879e+002  1.80400e+003 -3.42609e+001  6.89000e+000  2.50333e+002
          1805  2.41966e+002  1.80500e+003 -3.42772e+001  6.89000e+000  2.50417e+002
          1806  2.42044e+002  1.80600e+003 -3.42917e+001  6.89000e+000  2.50500e+002
          1807  2.42132e+002  1.80700e+003 -3.43049e+001  6.89000e+000  2.50583e+002
          1808  2.42210e+002  1.80800e+003 -3.43164e+001  6.89000e+000  2.50667e+002
          1809  2.42287e+002  1.80900e+003 -3.43303e+001  6.89000e+000  2.50750e+002
          1810  2.42375e+002  1.81000e+003 -3.43438e+001  6.89000e+000  2.50833e+002
          1811  2.42456e+002  1.81100e+003 -3.43574e+001  6.89000e+000  2.50917e+002
          1812  2.42533e+002  1.81200e+003 -3.43732e+001  6.89000e+000  2.51000e+002
          1813  2.42632e+002  1.81300e+003 -3.43873e+001  6.89000e+000  2.51083e+002
          1814  2.42708e+002  1.81400e+003 -3.44020e+001  6.89000e+000  2.51167e+002
          1815  2.42793e+002  1.81500e+003 -3.44174e+001  6.89000e+000  2.51250e+002
          1816  2.42877e+002  1.81600e+003 -3.44313e+001  6.89000e+000  2.51333e+002
          1817  2.42958e+002  1.81700e+003 -3.44447e+001  6.89000e+000  2.51417e+002
          1818  2.43046e+002  1.81800e+003 -3.44587e+001  6.89000e+000  2.51500e+002
          1819  2.43136e+002  1.81900e+003 -3.44731e+001  6.89000e+000  2.51583e+002
          1820  2.43208e+002  1.82000e+003 -3.44914e+001  6.89000e+000  2.51667e+002
          1821  2.43301e+002  1.82100e+003 -3.45078e+001  6.89000e+000  2.51750e+002
          1822  2.43379e+002  1.82200e+003 -3.45232e+001  6.89000e+000  2.51833e+002
          1823  2.43458e+002  1.82300e+003 -3.45374e+001  6.89000e+000  2.51917e+002
          1824  2.43552e+002  1.82400e+003 -3.45536e+001  6.89000e+000  2.52000e+002
          1825  2.43620e+002  1.82500e+003 -3.45690e+001  6.89000e+000  2.52083e+002
          1826  2.43702e+002  1.82600e+003 -3.45840e+001  6.89000e+000  2.52167e+002
          1827  2.43790e+002  1.82700e+003 -3.45988e+001  6.89000e+000  2.52250e+002
          1828  2.43870e+002  1.82800e+003 -3.46140e+001  6.89000e+000  2.52333e+002
          1829  2.43955e+002  1.82900e+003 -3.46297e+001  6.89000e+000  2.52417e+002
          1830  2.44038e+002  1.83000e+003 -3.46445e+001  6.89000e+000  2.52500e+002
          1831  2.44120e+002  1.83100e+003 -3.46586e+001  6.89000e+000  2.52583e+002
          1832  2.44206e+002  1.83200e+003 -3.46728e+001  6.89000e+000  2.52667e+002
          1833  2.44291e+002  1.83300e+003 -3.46883e+001  6.89000e+000  2.52750e+002
          1834  2.44374e+002  1.83400e+003 -3.47043e+001  6.89000e+000  2.52833e+002
          1835  2.44458e+002  1.83500e+003 -3.47212e+001  6.89000e+000  2.52917e+002
          1836  2.44547e+002  1.83600e+003 -3.47387e+001  6.89000e+000  2.53000e+002
          1837  2.44628e+002  1.83700e+003 -3.47548e+001  6.89000e+000  2.53083e+002
          1838  2.44710e+002  1.83800e+003 -3.47694e+001  6.89000e+000  2.53167e+002
          1839  2.44802e+002  1.83900e+003 -3.47836e+001  6.89000e+000  2.53250e+002
          1840  2.44872e+002  1.84000e+003 -3.47999e+001  6.89000e+000  2.53333e+002
          1841  2.44954e+002  1.84100e+003 -3.48153e+001  6.89000e+000  2.53417e+002
          1842  2.45050e+002  1.84200e+003 -3.48306e+001  6.89000e+000  2.53500e+002
          1843  2.45124e+002  1.84300e+003 -3.48457e+001  6.89000e+000  2.53583e+002
          1844  2.45217e+002  1.84400e+003 -3.48614e+001  6.89000e+000  2.53667e+002
          1845  2.45287e+002  1.84500e+003 -3.48772e+001  6.89000e+000  2.53750e+002
          1846  2.45375e+002  1.84600e+003 -3.48928e+001  6.89000e+000  2.53833e+002
          1847  2.45457e+002  1.84700e+003 -3.49085e+001  6.89000e+000  2.53917e+002
          1848  2.45543e+002  1.84800e+003 -3.49219e+001  6.89000e+000  2.54000e+002
          1849  2.45620e+002  1.84900e+003 -3.49368e+001  6.89000e+000  2.54083e+002
          1850  2.45709e+002  1.85000e+003 -3.49536e+001  6.89000e+000  2.54167e+002
          1851  2.45790e+002  1.85100e+003 -3.49705e+001  6.89000e+000  2.54250e+002
          1852  2.45888e+002  1.85200e+003 -3.49876e+001  6.89000e+000  2.54333e+002
          1853  2.45964e+002  1.85300e+003 -3.50037e+001  6.89000e+000  2.54417e+002
          1854  2.46045e+002  1.85400e+003 -3.50201e+001  6.89000e+000  2.54500e+002
          1855  2.46127e+002  1.85500e+003 -3.50356e+001  6.89000e+000  2.54583e+002
          1856  2.46205e+002  1.85600e+003 -3.50519e+001  6.89000e+000  2.54667e+002
          1857  2.46291e+002  1.85700e+003 -3.50675e+001  6.89000e+000  2.54750e+002
          1858  2.46369e+002  1.85800e+003 -3.50835e+001  6.89000e+000  2.54833e+002
          1859  2.46451e+002  1.85900e+003 -3.51001e+001  6.89000e+000  2.54917e+002
          1860  2.46543e+002  1.86000e+003 -3.51158e+001  6.89000e+000  2.55000e+002
          1861  2.46632e+002  1.86100e+003 -3.51308e+001  6.89000e+000  2.55083e+002
          1862  2.46706e+002  1.86200e+003 -3.51458e+001  6.89000e+000  2.55167e+002
          1863  2.46796e+002  1.86300e+003 -3.51620e+001  6.89000e+000  2.55250e+002
          1864  2.46881e+002  1.86400e+003 -3.51758e+001  6.89000e+000  2.55333e+002
          1865  2.46954e+002  1.86500e+003 -3.51895e+001  6.89000e+000  2.55417e+002
          1866  2.47037e+002  1.86600e+003 -3.52031e+001  6.89000e+000  2.55500e+002
          1867  2.47122e+002  1.86700e+003 -3.52162e+001  6.89000e+000  2.55583e+002
          1868  2.47206e+002  1.86800e+003 -3.52317e+001  6.89000e+000  2.55667e+002
          1869  2.47287e+002  1.86900e+003 -3.52465e+001  6.89000e+000  2.55750e+002
          1870  2.47369e+002  1.87000e+003 -3.52612e+001  6.89000e+000  2.55833e+002
          1871  2.47456e+002  1.87100e+003 -3.52776e+001  6.89000e+000  2.55917e+002
          1872  2.47538e+002  1.87200e+003 -3.52907e+001  6.89000e+000  2.56000e+002
          1873  2.47625e+002  1.87300e+003 -3.53044e+001  6.89000e+000  2.56083e+002
          1874  2.47704e+002  1.87400e+003 -3.53187e+001  6.89000e+000  2.56167e+002
          1875  2.47792e+002  1.87500e+003 -3.53322e+001  6.89000e+000  2.56250e+002
          1876  2.47875e+002  1.87600e+003 -3.53458e+001  6.89000e+000  2.56333e+002
          1877  2.47950e+002  1.87700e+003 -3.53606e+001  6.89000e+000  2.56417e+002
          1878  2.48033e+002  1.87800e+003 -3.53773e+001  6.89000e+000  2.56500e+002
          1879  2.48117e+002  1.87900e+003 -3.53940e+001  6.89000e+000  2.56583e+002
          1880  2.48198e+002  1.88000e+003 -3.54111e+001  6.89000e+000  2.56667e+002
          1881  2.48287e+002  1.88100e+003 -3.54254e+001  6.89000e+000  2.56750e+002
          1882  2.48373e+002  1.88200e+003 -3.54399e+001  6.89000e+000  2.56833e+002
          1883  2.48459e+002  1.88300e+003 -3.54557e+001  6.89000e+000  2.56917e+002
          1884  2.48539e+002  1.88400e+003 -3.54708e+001  6.89000e+000  2.57000e+002
          1885  2.48620e+002  1.88500e+003 -3.54858e+001  6.89000e+000  2.57083e+002
          1886  2.48700e+002  1.88600e+003 -3.55014e+001  6.89000e+000  2.57167e+002
          1887  2.48780e+002  1.88700e+003 -3.55164e+001  6.89000e+000  2.57250e+002
          1888  2.48872e+002  1.88800e+003 -3.55330e+001  6.89000e+000  2.57333e+002
          1889  2.48950e+002  1.88900e+003 -3.55489e+001  6.89000e+000  2.57417e+002
          1890  2.49034e+002  1.89000e+003 -3.55642e+001  6.89000e+000  2.57500e+002
          1891  2.49114e+002  1.89100e+003 -3.55797e+001  6.89000e+000  2.57583e+002
          1892  2.49197e+002  1.89200e+003 -3.55974e+001  6.89000e+000  2.57667e+002
          1893  2.49287e+002  1.89300e+003 -3.56150e+001  6.89000e+000  2.57750e+002
          1894  2.49369e+002  1.89400e+003 -3.56319e+001  6.89000e+000  2.57833e+002
          1895  2.49445e+002  1.89500e+003 -3.56492e+001  6.89000e+000  2.57917e+002
          1896  2.49533e+002  1.89600e+003 -3.56657e+001  6.89000e+000  2.58000e+002
          1897  2.49621e+002  1.89700e+003 -3.56823e+001  6.89000e+000  2.58083e+002
          1898  2.49697e+002  1.89800e+003 -3.56986e+001  6.89000e+000  2.58167e+002
          1899  2.49791e+002  1.89900e+003 -3.57158e+001  6.89000e+000  2.58250e+002
          1900  2.49876e+002  1.90000e+003 -3.57344e+001  6.89000e+000  2.58333e+002
          1901  2.49953e+002  1.90100e+003 -3.57515e+001  6.89000e+000  2.58417e+002
          1902  2.50033e+002  1.90200e+003 -3.57686e+001  6.89000e+000  2.58500e+002
          1903  2.50117e+002  1.90300e+003 -3.57838e+001  6.89000e+000  2.58583e+002
          1904  2.50209e+002  1.90400e+003 -3.57965e+001  6.89000e+000  2.58667e+002
          1905  2.50288e+002  1.90500e+003 -3.58111e+001  6.89000e+000  2.58750e+002
          1906  2.50370e+002  1.90600e+003 -3.58268e+001  6.89000e+000  2.58833e+002
          1907  2.50457e+002  1.90700e+003 -3.58414e+001  6.89000e+000  2.58917e+002
          1908  2.50536e+002  1.90800e+003 -3.58553e+001  6.89000e+000  2.59000e+002
          1909  2.50616e+002  1.90900e+003 -3.58688e+001  6.89000e+000  2.59083e+002
          1910  2.50703e+002  1.91000e+003 -3.58828e+001  6.89000e+000  2.59167e+002
          1911  2.50785e+002  1.91100e+003 -3.58962e+001  6.89000e+000  2.59250e+002
          1912  2.50871e+002  1.91200e+003 -3.59086e+001  6.89000e+000  2.59333e+002
          1913  2.50964e+002  1.91300e+003 -3.59220e+001  6.89000e+000  2.59417e+002
          1914  2.51031e+002  1.91400e+003 -3.59357e+001  6.89000e+000  2.59500e+002
          1915  2.51112e+002  1.91500e+003 -3.59502e+001  6.89000e+000  2.59583e+002
          1916  2.51197e+002  1.91600e+003 -3.59650e+001  6.89000e+000  2.59667e+002
          1917  2.51291e+002  1.91700e+003 -3.59788e+001  6.89000e+000  2.59750e+002
          1918  2.51379e+002  1.91800e+003 -3.59926e+001  6.89000e+000  2.59833e+002
          1919  2.51451e+002  1.91900e+003 -3.60060e+001  6.89000e+000  2.59917e+002
          1920  2.51531e+002  1.92000e+003 -3.60235e+001  6.89000e+000  2.60000e+002
          1921  2.51617e+002  1.92100e+003 -3.60395e+001  6.89000e+000  2.60083e+002
          1922  2.51694e+002  1.92200e+003 -3.60544e+001  6.89000e+000  2.60167e+002
          1923  2.51777e+002  1.92300e+003 -3.60690e+001  6.89000e+000  2.60250e+002
          1924  2.51857e+002  1.92400e+003 -3.60850e+001  6.89000e+000  2.60333e+002
          1925  2.51952e+002  1.92500e+003 -3.61012e+001  6.89000e+000  2.60417e+002
          1926  2.52033e+002  1.92600e+003 -3.61179e+001  6.89000e+000  2.60500e+002
          1927  2.52115e+002  1.92700e+003 -3.61340e+001  6.89000e+000  2.60583e+002
          1928  2.52200e+002  1.92800e+003 -3.61503e+001  6.89000e+000  2.60667e+002
          1929  2.52282e+002  1.92900e+003 -3.61658e+001  6.89000e+000  2.60750e+002
          1930  2.52369e+002  1.93000e+003 -3.61810e+001  6.89000e+000  2.60833e+002
          1931  2.52452e+002  1.93100e+003 -3.61958e+001  6.89000e+000  2.60917e+002
          1932  2.52530e+002  1.93200e+003 -3.62100e+001  6.89000e+000  2.61000e+002
          1933  2.52605e+002  1.93300e+003 -3.62254e+001  6.89000e+000  2.61083e+002
          1934  2.52692e+002  1.93400e+003 -3.62399e+001  6.89000e+000  2.61167e+002
          1935  2.52770e+002  1.93500e+003 -3.62546e+001  6.89000e+000  2.61250e+002
          1936  2.52864e+002  1.93600e+003 -3.62679e+001  6.89000e+000  2.61333e+002
          1937  2.52936e+002  1.93700e+003 -3.62821e+001  6.89000e+000  2.61417e+002
          1938  2.53022e+002  1.93800e+003 -3.62962e+001  6.89000e+000  2.61500e+002
          1939  2.53111e+002  1.93900e+003 -3.63100e+001  6.89000e+000  2.61583e+002
          1940  2.53188e+002  1.94000e+003 -3.63244e+001  6.89000e+000  2.61667e+002
          1941  2.53275e+002  1.94100e+003 -3.63390e+001  6.89000e+000  2.61750e+002
          1942  2.53359e+002  1.94200e+003 -3.63537e+001  6.89000e+000  2.61833e+002
          1943  2.53443e+002  1.94300e+003 -3.63685e+001  6.89000e+000  2.61917e+002
          1944  2.53521e+002  1.94400e+003 -3.63842e+001  6.89000e+000  2.62000e+002
          1945  2.53607e+002  1.94500e+003 -3.63996e+001  6.89000e+000  2.62083e+002
          1946  2.53693e+002  1.94600e+003 -3.64138e+001  6.89000e+000  2.62167e+002
          1947  2.53767e+002  1.94700e+003 -3.64267e+001  6.89000e+000  2.62250e+002
          1948  2.53859e+002  1.94800e+003 -3.64415e+001  6.89000e+000  2.62333e+002
          1949  2.53940e+002  1.94900e+003 -3.64578e+001  6.89000e+000  2.62417e+002
          1950  2.54026e+002  1.95000e+003 -3.64743e+001  6.89000e+000  2.62500e+002
          1951  2.54109e+002  1.95100e+003 -3.64891e+001  6.89000e+000  2.62583e+002
          1952  2.54189e+002  1.95200e+003 -3.65046e+001  6.89000e+000  2.62667e+002
          1953  2.54271e+002  1.95300e+003 -3.65199e+001  6.89000e+000  2.62750e+002
          1954  2.54355e+002  1.95400e+003 -3.65343e+001  6.89000e+000  2.62833e+002
          1955  2.54434e+002  1.95500e+003 -3.65480e+001  6.89000e+000  2.62917e+002
          1956  2.54524e+002  1.95600e+003 -3.65636e+001  6.89000e+000  2.63000e+002
          1957  2.54599e+002  1.95700e+003 -3.65804e+001  6.89000e+000  2.63083e+002
          1958  2.54687e+002  1.95800e+003 -3.65957e+001  6.89000e+000  2.63167e+002
          1959  2.54763e+002  1.95900e+003 -3.66109e+001  6.89000e+000  2.63250e+002
          1960  2.54857e+002  1.96000e+003 -3.66267e+001  6.89000e+000  2.63333e+002
          1961  2.54934e+002  1.96100e+003 -3.66431e+001  6.89000e+000  2.63417e+002
          1962  2.55023e+002  1.96200e+003 -3.66592e+001  6.89000e+000  2.63500e+002
          1963  2.55106e+002  1.96300e+003 -3.66739e+001  6.89000e+000  2.63583e+002
          1964  2.55186e+002  1.96400e+003 -3.66884e+001  6.89000e+000  2.63667e+002
          1965  2.55264e+002  1.96500e+003 -3.67033e+001  6.89000e+000  2.63750e+002
          1966  2.55352e+002  1.96600e+003 -3.67183e+001  6.89000e+000  2.63833e+002
          1967  2.55437e+002  1.96700e+003 -3.67332e+001  6.89000e+000  2.63917e+002
          1968  2.55522e+002  1.96800e+003 -3.67442e+001  6.89000e+000  2.64000e+002
          1969  2.55596e+002  1.96900e+003 -3.67583e+001  6.89000e+000  2.64083e+002
          1970  2.55679e+002  1.97000e+003 -3.67744e+001  6.89000e+000  2.64167e+002
          1971  2.55765e+002  1.97100e+003 -3.67904e+001  6.89000e+000  2.64250e+002
          1972  2.55850e+002  1.97200e+003 -3.68018e+001  6.89000e+000  2.64333e+002
          1973  2.55935e+002  1.97300e+003 -3.68145e+001  6.89000e+000  2.64417e+002
          1974  2.56015e+002  1.97400e+003 -3.68290e+001  6.89000e+000  2.64500e+002
          1975  2.56098e+002  1.97500e+003 -3.68433e+001  6.89000e+000  2.64583e+002
          1976  2.56187e+002  1.97600e+003 -3.68624e+001  6.89000e+000  2.64667e+002
          1977  2.56263e+002  1.97700e+003 -3.68784e+001  6.89000e+000  2.64750e+002
          1978  2.56338e+002  1.97800e+003 -3.68940e+001  6.89000e+000  2.64833e+002
          1979  2.56425e+002  1.97900e+003 -3.69106e+001  6.89000e+000  2.64917e+002
          1980  2.56508e+002  1.98000e+003 -3.69274e+001  6.89000e+000  2.65000e+002
          1981  2.56591e+002  1.98100e+003 -3.69437e+001  6.89000e+000  2.65083e+002
          1982  2.56684e+002  1.98200e+003 -3.69593e+001  6.89000e+000  2.65167e+002
          1983  2.56757e+002  1.98300e+003 -3.69739e+001  6.89000e+000  2.65250e+002
          1984  2.56838e+002  1.98400e+003 -3.69885e+001  6.89000e+000  2.65333e+002
          1985  2.56925e+002  1.98500e+003 -3.70034e+001  6.89000e+000  2.65417e+002
          1986  2.57005e+002  1.98600e+003 -3.70164e+001  6.89000e+000  2.65500e+002
          1987  2.57091e+002  1.98700e+003 -3.70292e+001  6.89000e+000  2.65583e+002
          1988  2.57166e+002  1.98800e+003 -3.70417e+001  6.89000e+000  2.65667e+002
          1989  2.57253e+002  1.98900e+003 -3.70546e+001  6.89000e+000  2.65750e+002
          1990  2.57341e+002  1.99000e+003 -3.70683e+001  6.89000e+000  2.65833e+002
          1991  2.57426e+002  1.99100e+003 -3.70841e+001  6.89000e+000  2.65917e+002
          1992  2.57498e+002  1.99200e+003 -3.70969e+001  6.89000e+000  2.66000e+002
          1993  2.57588e+002  1.99300e+003 -3.71113e+001  6.89000e+000  2.66083e+002
          1994  2.57654e+002  1.99400e+003 -3.71249e+001  6.89000e+000  2.66167e+002
          1995  2.57753e+002  1.99500e+003 -3.71383e+001  6.89000e+000  2.66250e+002
          1996  2.57836e+002  1.99600e+003 -3.71541e+001  6.89000e+000  2.66333e+002
          1997  2.57908e+002  1.99700e+003 -3.71686e+001  6.89000e+000  2.66417e+002
          1998  2.57996e+002  1.99800e+003 -3.71838e+001  6.89000e+000  2.66500e+002
          1999  2.58079e+002  1.99900e+003 -3.71997e+001  6.89000e+000  2.66583e+002
          2000  2.58160e+002  2.00000e+003 -3.72173e+001  6.89000e+000  2.66667e+002
          2001  2.58255e+002  2.00100e+003 -3.72323e+001  6.89000e+000  2.66750e+002
          2002  2.58332e+002  2.00200e+003 -3.72462e+001  6.89000e+000  2.66833e+002
          2003  2.58409e+002  2.00300e+003 -3.72608e+001  6.89000e+000  2.66917e+002
          2004  2.58499e+002  2.00400e+003 -3.72703e+001  6.89000e+000  2.67000e+002
          2005  2.58586e+002  2.00500e+003 -3.72836e+001  6.89000e+000  2.67083e+002
          2006  2.58661e+002  2.00600e+003 -3.72990e+001  6.89000e+000  2.67167e+002
          2007  2.58744e+002  2.00700e+003 -3.73142e+001  6.89000e+000  2.67250e+002
          2008  2.58832e+002  2.00800e+003 -3.73288e+001  6.89000e+000  2.67333e+002
          2009  2.58919e+002  2.00900e+003 -3.73419e+001  6.89000e+000  2.67417e+002
          2010  2.59007e+002  2.01000e+003 -3.73552e+001  6.89000e+000  2.67500e+002
          2011  2.59093e+002  2.01100e+003 -3.73678e+001  6.89000e+000  2.67583e+002
          2012  2.59170e+002  2.01200e+003 -3.73809e+001  6.89000e+000  2.67667e+002
          2013  2.59253e+002  2.01300e+003 -3.73941e+001  6.89000e+000  2.67750e+002
          2014  2.59328e+002  2.01400e+003 -3.74079e+001  6.89000e+000  2.67833e+002
          2015  2.59422e+002  2.01500e+003 -3.74220e+001  6.89000e+000  2.67917e+002
          2016  2.59499e+002  2.01600e+003 -3.74338e+001  6.89000e+000  2.68000e+002
          2017  2.59584e+002  2.01700e+003 -3.74469e+001  6.89000e+000  2.68083e+002
          2018  2.59665e+002  2.01800e+003 -3.74614e+001  6.89000e+000  2.68167e+002
          2019  2.59753e+002  2.01900e+003 -3.74770e+001  6.89000e+000  2.68250e+002
          2020  2.59835e+002  2.02000e+003 -3.74939e+001  6.89000e+000  2.68333e+002
          2021  2.59915e+002  2.02100e+003 -3.75103e+001  6.89000e+000  2.68417e+002
          2022  2.60001e+002  2.02200e+003 -3.75262e+001  6.89000e+000  2.68500e+002
          2023  2.60083e+002  2.02300e+003 -3.75419e+001  6.89000e+000  2.68583e+002
          2024  2.60167e+002  2.02400e+003 -3.75600e+001  6.89000e+000  2.68667e+002
          2025  2.60256e+002  2.02500e+003 -3.75761e+001  6.89000e+000  2.68750e+002
          2026  2.60342e+002  2.02600e+003 -3.75913e+001  6.89000e+000  2.68833e+002
          2027  2.60419e+002  2.02700e+003 -3.76059e+001  6.89000e+000  2.68917e+002
          2028  2.60497e+002  2.02800e+003 -3.76242e+001  6.89000e+000  2.69000e+002
          2029  2.60583e+002  2.02900e+003 -3.76404e+001  6.89000e+000  2.69083e+002
          2030  2.60670e+002  2.03000e+003 -3.76553e+001  6.89000e+000  2.69167e+002
          2031  2.60746e+002  2.03100e+003 -3.76691e+001  6.89000e+000  2.69250e+002
          2032  2.60832e+002  2.03200e+003 -3.76799e+001  6.89000e+000  2.69333e+002
          2033  2.60911e+002  2.03300e+003 -3.76948e+001  6.89000e+000  2.69417e+002
          2034  2.60987e+002  2.03400e+003 -3.77094e+001  6.89000e+000  2.69500e+002
          2035  2.61086e+002  2.03500e+003 -3.77248e+001  6.89000e+000  2.69583e+002
          2036  2.61156e+002  2.03600e+003 -3.77390e+001  6.89000e+000  2.69667e+002
          2037  2.61245e+002  2.03700e+003 -3.77547e+001  6.89000e+000  2.69750e+002
          2038  2.61318e+002  2.03800e+003 -3.77704e+001  6.89000e+000  2.69833e+002
          2039  2.61403e+002  2.03900e+003 -3.77865e+001  6.89000e+000  2.69917e+002
          2040  2.61496e+002  2.04000e+003 -3.78023e+001  6.89000e+000  2.70000e+002
          2041  2.61577e+002  2.04100e+003 -3.78171e+001  6.89000e+000  2.70083e+002
          2042  2.61671e+002  2.04200e+003 -3.78320e+001  6.89000e+000  2.70167e+002
          2043  2.61743e+002  2.04300e+003 -3.78478e+001  6.89000e+000  2.70250e+002
          2044  2.61822e+002  2.04400e+003 -3.78657e+001  6.89000e+000  2.70333e+002
          2045  2.61910e+002  2.04500e+003 -3.78820e+001  6.89000e+000  2.70417e+002
          2046  2.61995e+002  2.04600e+003 -3.78977e+001  6.89000e+000  2.70500e+002
          2047  2.62077e+002  2.04700e+003 -3.79124e+001  6.89000e+000  2.70583e+002
          2048  2.62162e+002  2.04800e+003 -3.79283e+001  6.89000e+000  2.70667e+002
          2049  2.62248e+002  2.04900e+003 -3.79436e+001  6.89000e+000  2.70750e+002
          2050  2.62329e+002  2.05000e+003 -3.79581e+001  6.89000e+000  2.70833e+002
          2051  2.62405e+002  2.05100e+003 -3.79717e+001  6.89000e+000  2.70917e+002
          2052  2.62492e+002  2.05200e+003 -3.79862e+001  6.89000e+000  2.71000e+002
          2053  2.62574e+002  2.05300e+003 -3.80013e+001  6.89000e+000  2.71083e+002
          2054  2.62654e+002  2.05400e+003 -3.80171e+001  6.89000e+000  2.71167e+002
          2055  2.62738e+002  2.05500e+003 -3.80325e+001  6.89000e+000  2.71250e+002
          2056  2.62824e+002  2.05600e+003 -3.80479e+001  6.89000e+000  2.71333e+002
          2057  2.62904e+002  2.05700e+003 -3.80639e+001  6.89000e+000  2.71417e+002
          2058  2.62983e+002  2.05800e+003 -3.80795e+001  6.89000e+000  2.71500e+002
          2059  2.63068e+002  2.05900e+003 -3.80951e+001  6.89000e+000  2.71583e+002
          2060  2.63155e+002  2.06000e+003 -3.81108e+001  6.89000e+000  2.71667e+002
          2061  2.63246e+002  2.06100e+003 -3.81268e+001  6.89000e+000  2.71750e+002
          2062  2.63324e+002  2.06200e+003 -3.81430e+001  6.89000e+000  2.71833e+002
          2063  2.63392e+002  2.06300e+003 -3.81589e+001  6.89000e+000  2.71917e+002
          2064  2.63476e+002  2.06400e+003 -3.81767e+001  6.89000e+000  2.72000e+002
          2065  2.63564e+002  2.06500e+003 -3.81924e+001  6.89000e+000  2.72083e+002
          2066  2.63648e+002  2.06600e+003 -3.82073e+001  6.89000e+000  2.72167e+002
          2067  2.63732e+002  2.06700e+003 -3.82222e+001  6.89000e+000  2.72250e+002
          2068  2.63817e+002  2.06800e+003 -3.82350e+001  6.89000e+000  2.72333e+002
          2069  2.63903e+002  2.06900e+003 -3.82493e+001  6.89000e+000  2.72417e+002
          2070  2.63983e+002  2.07000e+003 -3.82646e+001  6.89000e+000  2.72500e+002
          2071  2.64075e+002  2.07100e+003 -3.82804e+001  6.89000e+000  2.72583e+002
          2072  2.64150e+002  2.07200e+003 -3.82934e+001  6.89000e+000  2.72667e+002
          2073  2.64234e+002  2.07300e+003 -3.83066e+001  6.89000e+000  2.72750e+002
          2074  2.64319e+002  2.07400e+003 -3.83210e+001  6.89000e+000  2.72833e+002
          2075  2.64408e+002  2.07500e+003 -3.83363e+001  6.89000e+000  2.72917e+002
          2076  2.64474e+002  2.07600e+003 -3.83524e+001  6.89000e+000  2.73000e+002
          2077  2.64565e+002  2.07700e+003 -3.83664e+001  6.89000e+000  2.73083e+002
          2078  2.64649e+002  2.07800e+003 -3.83813e+001  6.89000e+000  2.73167e+002
          2079  2.64731e+002  2.07900e+003 -3.83960e+001  6.89000e+000  2.73250e+002
          2080  2.64818e+002  2.08000e+003 -3.84104e+001  6.89000e+000  2.73333e+002
          2081  2.64895e+002  2.08100e+003 -3.84257e+001  6.89000e+000  2.73417e+002
          2082  2.64985e+002  2.08200e+003 -3.84409e+001  6.89000e+000  2.73500e+002
          2083  2.65062e+002  2.08300e+003 -3.84557e+001  6.89000e+000  2.73583e+002
          2084  2.65146e+002  2.08400e+003 -3.84721e+001  6.89000e+000  2.73667e+002
          2085  2.65237e+002  2.08500e+003 -3.84866e+001  6.89000e+000  2.73750e+002
          2086  2.65301e+002  2.08600e+003 -3.84989e+001  6.89000e+000  2.73833e+002
          2087  2.65387e+002  2.08700e+003 -3.85102e+001  6.89000e+000  2.73917e+002
          2088  2.65475e+002  2.08800e+003 -3.85215e+001  6.89000e+000  2.74000e+002
          2089  2.65556e+002  2.08900e+003 -3.85338e+001  6.89000e+000  2.74083e+002
          2090  2.65630e+002  2.09000e+003 -3.85479e+001  6.89000e+000  2.74167e+002
          2091  2.65721e+002  2.09100e+003 -3.85626e+001  6.89000e+000  2.74250e+002
          2092  2.65806e+002  2.09200e+003 -3.85731e+001  6.89000e+000  2.74333e+002
          2093  2.65891e+002  2.09300e+003 -3.85847e+001  6.89000e+000  2.74417e+002
          2094  2.65972e+002  2.09400e+003 -3.85973e+001  6.89000e+000  2.74500e+002
          2095  2.66063e+002  2.09500e+003 -3.86096e+001  6.89000e+000  2.74583e+002
          2096  2.66142e+002  2.09600e+003 -3.86203e+001  6.89000e+000  2.74667e+002
          2097  2.66220e+002  2.09700e+003 -3.86322e+001  6.89000e+000  2.74750e+002
          2098  2.66303e+002  2.09800e+003 -3.86463e+001  6.89000e+000  2.74833e+002
          2099  2.66382e+002  2.09900e+003 -3.86616e+001  6.89000e+000  2.74917e+002
          2100  2.66469e+002  2.10000e+003 -3.86767e+001  6.89000e+000  2.75000e+002
          2101  2.66549e+002  2.10100e+003 -3.86907e+001  6.89000e+000  2.75083e+002
          2102  2.66628e+002  2.10200e+003 -3.87040e+001  6.89000e+000  2.75167e+002
          2103  2.66715e+002  2.10300e+003 -3.87172e+001  6.89000e+000  2.75250e+002
          2104  2.66797e+002  2.10400e+003 -3.87309e+001  6.89000e+000  2.75333e+002
          2105  2.66884e+002  2.10500e+003 -3.87462e+001  6.89000e+000  2.75417e+002
          2106  2.66969e+002  2.10600e+003 -3.87615e+001  6.89000e+000  2.75500e+002
          2107  2.67055e+002  2.10700e+003 -3.87769e+001  6.89000e+000  2.75583e+002
          2108  2.67141e+002  2.10800e+003 -3.87927e+001  6.89000e+000  2.75667e+002
          2109  2.67223e+002  2.10900e+003 -3.88066e+001  6.89000e+000  2.75750e+002
          2110  2.67295e+002  2.11000e+003 -3.88205e+001  6.89000e+000  2.75833e+002
          2111  2.67378e+002  2.11100e+003 -3.88348e+001  6.89000e+000  2.75917e+002
          2112  2.67468e+002  2.11200e+003 -3.88478e+001  6.89000e+000  2.76000e+002
          2113  2.67553e+002  2.11300e+003 -3.88617e+001  6.89000e+000  2.76083e+002
          2114  2.67628e+002  2.11400e+003 -3.88756e+001  6.89000e+000  2.76167e+002
          2115  2.67710e+002  2.11500e+003 -3.88892e+001  6.89000e+000  2.76250e+002
          2116  2.67795e+002  2.11600e+003 -3.89023e+001  6.89000e+000  2.76333e+002
          2117  2.67882e+002  2.11700e+003 -3.89157e+001  6.89000e+000  2.76417e+002
          2118  2.67965e+002  2.11800e+003 -3.89294e+001  6.89000e+000  2.76500e+002
          2119  2.68044e+002  2.11900e+003 -3.89421e+001  6.89000e+000  2.76583e+002
          2120  2.68134e+002  2.12000e+003 -3.89562e+001  6.89000e+000  2.76667e+002
          2121  2.68212e+002  2.12100e+003 -3.89691e+001  6.89000e+000  2.76750e+002
          2122  2.68300e+002  2.12200e+003 -3.89827e+001  6.89000e+000  2.76833e+002
          2123  2.68371e+002  2.12300e+003 -3.89966e+001  6.89000e+000  2.76917e+002
          2124  2.68464e+002  2.12400e+003 -3.90089e+001  6.89000e+000  2.77000e+002
          2125  2.68556e+002  2.12500e+003 -3.90229e+001  6.89000e+000  2.77083e+002
          2126  2.68624e+002  2.12600e+003 -3.90381e+001  6.89000e+000  2.77167e+002
          2127  2.68712e+002  2.12700e+003 -3.90531e+001  6.89000e+000  2.77250e+002
          2128  2.68793e+002  2.12800e+003 -3.90676e+001  6.89000e+000  2.77333e+002
          2129  2.68882e+002  2.12900e+003 -3.90805e+001  6.89000e+000  2.77417e+002
          2130  2.68960e+002  2.13000e+003 -3.90944e+001  6.89000e+000  2.77500e+002
          2131  2.69047e+002  2.13100e+003 -3.91090e+001  6.89000e+000  2.77583e+002
          2132  2.69131e+002  2.13200e+003 -3.91258e+001  6.89000e+000  2.77667e+002
          2133  2.69218e+002  2.13300e+003 -3.91404e+001  6.89000e+000  2.77750e+002
          2134  2.69298e+002  2.13400e+003 -3.91554e+001  6.89000e+000  2.77833e+002
          2135  2.69370e+002  2.13500e+003 -3.91722e+001  6.89000e+000  2.77917e+002
          2136  2.69458e+002  2.13600e+003 -3.91885e+001  6.89000e+000  2.78000e+002
          2137  2.69544e+002  2.13700e+003 -3.92033e+001  6.89000e+000  2.78083e+002
          2138  2.69627e+002  2.13800e+003 -3.92186e+001  6.89000e+000  2.78167e+002
          2139  2.69704e+002  2.13900e+003 -3.92333e+001  6.89000e+000  2.78250e+002
          2140  2.69777e+002  2.14000e+003 -3.92503e+001  6.89000e+000  2.78333e+002
          2141  2.69876e+002  2.14100e+003 -3.92660e+001  6.89000e+000  2.78417e+002
          2142  2.69962e+002  2.14200e+003 -3.92803e+001  6.89000e+000  2.78500e+002
          2143  2.70035e+002  2.14300e+003 -3.92945e+001  6.89000e+000  2.78583e+002
          2144  2.70124e+002  2.14400e+003 -3.93095e+001  6.89000e+000  2.78667e+002
          2145  2.70205e+002  2.14500e+003 -3.93234e+001  6.89000e+000  2.78750e+002
          2146  2.70299e+002  2.14600e+003 -3.93379e+001  6.89000e+000  2.78833e+002
          2147  2.70373e+002  2.14700e+003 -3.93531e+001  6.89000e+000  2.78917e+002
          2148  2.70455e+002  2.14800e+003 -3.93644e+001  6.89000e+000  2.79000e+002
          2149  2.70537e+002  2.14900e+003 -3.93772e+001  6.89000e+000  2.79083e+002
          2150  2.70618e+002  2.15000e+003 -3.93919e+001  6.89000e+000  2.79167e+002
          2151  2.70704e+002  2.15100e+003 -3.94067e+001  6.89000e+000  2.79250e+002
          2152  2.70787e+002  2.15200e+003 -3.94216e+001  6.89000e+000  2.79333e+002
          2153  2.70870e+002  2.15300e+003 -3.94370e+001  6.89000e+000  2.79417e+002
          2154  2.70957e+002  2.15400e+003 -3.94530e+001  6.89000e+000  2.79500e+002
          2155  2.71036e+002  2.15500e+003 -3.94692e+001  6.89000e+000  2.79583e+002
          2156  2.71118e+002  2.15600e+003 -3.94851e+001  6.89000e+000  2.79667e+002
          2157  2.71203e+002  2.15700e+003 -3.94992e+001  6.89000e+000  2.79750e+002
          2158  2.71284e+002  2.15800e+003 -3.95136e+001  6.89000e+000  2.79833e+002
          2159  2.71366e+002  2.15900e+003 -3.95279e+001  6.89000e+000  2.79917e+002
          2160  2.71450e+002  2.16000e+003 -3.95417e+001  6.89000e+000  2.80000e+002
          2161  2.71527e+002  2.16100e+003 -3.95549e+001  6.89000e+000  2.80083e+002
          2162  2.71618e+002  2.16200e+003 -3.95678e+001  6.89000e+000  2.80167e+002
          2163  2.71688e+002  2.16300e+003 -3.95803e+001  6.89000e+000  2.80250e+002
          2164  2.71772e+002  2.16400e+003 -3.95890e+001  6.89000e+000  2.80333e+002
          2165  2.71863e+002  2.16500e+003 -3.96007e+001  6.89000e+000  2.80417e+002
          2166  2.71944e+002  2.16600e+003 -3.96130e+001  6.89000e+000  2.80500e+002
          2167  2.72025e+002  2.16700e+003 -3.96260e+001  6.89000e+000  2.80583e+002
          2168  2.72110e+002  2.16800e+003 -3.96361e+001  6.89000e+000  2.80667e+002
          2169  2.72190e+002  2.16900e+003 -3.96485e+001  6.89000e+000  2.80750e+002
          2170  2.72272e+002  2.17000e+003 -3.96624e+001  6.89000e+000  2.80833e+002
          2171  2.72364e+002  2.17100e+003 -3.96764e+001  6.89000e+000  2.80917e+002
          2172  2.72433e+002  2.17200e+003 -3.96910e+001  6.89000e+000  2.81000e+002
          2173  2.72523e+002  2.17300e+003 -3.97055e+001  6.89000e+000  2.81083e+002
          2174  2.72604e+002  2.17400e+003 -3.97200e+001  6.89000e+000  2.81167e+002
          2175  2.72685e+002  2.17500e+003 -3.97332e+001  6.89000e+000  2.81250e+002
          2176  2.72772e+002  2.17600e+003 -3.97503e+001  6.89000e+000  2.81333e+002
          2177  2.72851e+002  2.17700e+003 -3.97656e+001  6.89000e+000  2.81417e+002
          2178  2.72933e+002  2.17800e+003 -3.97809e+001  6.89000e+000  2.81500e+002
          2179  2.73019e+002  2.17900e+003 -3.97968e+001  6.89000e+000  2.81583e+002
          2180  2.73107e+002  2.18000e+003 -3.98123e+001  6.89000e+000  2.81667e+002
          2181  2.73191e+002  2.18100e+003 -3.98287e+001  6.89000e+000  2.81750e+002
          2182  2.73276e+002  2.18200e+003 -3.98455e+001  6.89000e+000  2.81833e+002
          2183  2.73349e+002  2.18300e+003 -3.98609e+001  6.89000e+000  2.81917e+002
          2184  2.73440e+002  2.18400e+003 -3.98729e+001  6.89000e+000  2.82000e+002
          2185  2.73518e+002  2.18500e+003 -3.98867e+001  6.89000e+000  2.82083e+002
          2186  2.73596e+002  2.18600e+003 -3.99001e+001  6.89000e+000  2.82167e+002
          2187  2.73689e+002  2.18700e+003 -3.99122e+001  6.89000e+000  2.82250e+002
          2188  2.73776e+002  2.18800e+003 -3.99276e+001  6.89000e+000  2.82333e+002
          2189  2.73855e+002  2.18900e+003 -3.99426e+001  6.89000e+000  2.82417e+002
          2190  2.73934e+002  2.19000e+003 -3.99562e+001  6.89000e+000  2.82500e+002
          2191  2.74009e+002  2.19100e+003 -3.99685e+001  6.89000e+000  2.82583e+002
          2192  2.74097e+002  2.19200e+003 -3.99782e+001  6.89000e+000  2.82667e+002
          2193  2.74181e+002  2.19300e+003 -3.99898e+001  6.89000e+000  2.82750e+002
          2194  2.74256e+002  2.19400e+003 -4.00022e+001  6.89000e+000  2.82833e+002
          2195  2.74355e+002  2.19500e+003 -4.00150e+001  6.89000e+000  2.82917e+002
          2196  2.74433e+002  2.19600e+003 -4.00293e+001  6.89000e+000  2.83000e+002
          2197  2.74524e+002  2.19700e+003 -4.00435e+001  6.89000e+000  2.83083e+002
          2198  2.74596e+002  2.19800e+003 -4.00568e+001  6.89000e+000  2.83167e+002
          2199  2.74686e+002  2.19900e+003 -4.00695e+001  6.89000e+000  2.83250e+002
          2200  2.74767e+002  2.20000e+003 -4.00844e+001  6.89000e+000  2.83333e+002
          2201  2.74852e+002  2.20100e+003 -4.00979e+001  6.89000e+000  2.83417e+002
          2202  2.74932e+002  2.20200e+003 -4.01112e+001  6.89000e+000  2.83500e+002
          2203  2.75017e+002  2.20300e+003 -4.01255e+001  6.89000e+000  2.83583e+002
          2204  2.75102e+002  2.20400e+003 -4.01419e+001  6.89000e+000  2.83667e+002
          2205  2.75179e+002  2.20500e+003 -4.01569e+001  6.89000e+000  2.83750e+002
          2206  2.75261e+002  2.20600e+003 -4.01710e+001  6.89000e+000  2.83833e+002
          2207  2.75338e+002  2.20700e+003 -4.01837e+001  6.89000e+000  2.83917e+002
          2208  2.75417e+002  2.20800e+003 -4.01962e+001  6.89000e+000  2.84000e+002
          2209  2.75498e+002  2.20900e+003 -4.02097e+001  6.89000e+000  2.84083e+002
          2210  2.75590e+002  2.21000e+003 -4.02232e+001  6.89000e+000  2.84167e+002
          2211  2.75666e+002  2.21100e+003 -4.02363e+001  6.89000e+000  2.84250e+002
          2212  2.75737e+002  2.21200e+003 -4.02511e+001  6.89000e+000  2.84333e+002
          2213  2.75824e+002  2.21300e+003 -4.02662e+001  6.89000e+000  2.84417e+002
          2214  2.75905e+002  2.21400e+003 -4.02808e+001  6.89000e+000  2.84500e+002
          2215  2.75998e+002  2.21500e+003 -4.02948e+001  6.89000e+000  2.84583e+002
          2216  2.76086e+002  2.21600e+003 -4.03057e+001  6.89000e+000  2.84667e+002
          2217  2.76158e+002  2.21700e+003 -4.03184e+001  6.89000e+000  2.84750e+002
          2218  2.76248e+002  2.21800e+003 -4.03319e+001  6.89000e+000  2.84833e+002
          2219  2.76325e+002  2.21900e+003 -4.03459e+001  6.89000e+000  2.84917e+002
          2220  2.76413e+002  2.22000e+003 -4.03615e+001  6.89000e+000  2.85000e+002
          2221  2.76490e+002  2.22100e+003 -4.03762e+001  6.89000e+000  2.85083e+002
          2222  2.76576e+002  2.22200e+003 -4.03906e+001  6.89000e+000  2.85167e+002
          2223  2.76660e+002  2.22300e+003 -4.04037e+001  6.89000e+000  2.85250e+002
          2224  2.76742e+002  2.22400e+003 -4.04162e+001  6.89000e+000  2.85333e+002
          2225  2.76829e+002  2.22500e+003 -4.04288e+001  6.89000e+000  2.85417e+002
          2226  2.76910e+002  2.22600e+003 -4.04427e+001  6.89000e+000  2.85500e+002
          2227  2.76983e+002  2.22700e+003 -4.04563e+001  6.89000e+000  2.85583e+002
          2228  2.77076e+002  2.22800e+003 -4.04720e+001  6.89000e+000  2.85667e+002
          2229  2.77156e+002  2.22900e+003 -4.04866e+001  6.89000e+000  2.85750e+002
          2230  2.77246e+002  2.23000e+003 -4.04999e+001  6.89000e+000  2.85833e+002
          2231  2.77318e+002  2.23100e+003 -4.05146e+001  6.89000e+000  2.85917e+002
          2232  2.77401e+002  2.23200e+003 -4.05275e+001  6.89000e+000  2.86000e+002
          2233  2.77484e+002  2.23300e+003 -4.05402e+001  6.89000e+000  2.86083e+002
          2234  2.77567e+002  2.23400e+003 -4.05521e+001  6.89000e+000  2.86167e+002
          2235  2.77663e+002  2.23500e+003 -4.05649e+001  6.89000e+000  2.86250e+002
          2236  2.77738e+002  2.23600e+003 -4.05791e+001  6.89000e+000  2.86333e+002
          2237  2.77809e+002  2.23700e+003 -4.05927e+001  6.89000e+000  2.86417e+002
          2238  2.77901e+002  2.23800e+003 -4.06054e+001  6.89000e+000  2.86500e+002
          2239  2.77988e+002  2.23900e+003 -4.06172e+001  6.89000e+000  2.86583e+002
          2240  2.78068e+002  2.24000e+003 -4.06301e+001  6.89000e+000  2.86667e+002
          2241  2.78146e+002  2.24100e+003 -4.06433e+001  6.89000e+000  2.86750e+002
          2242  2.78233e+002  2.24200e+003 -4.06576e+001  6.89000e+000  2.86833e+002
          2243  2.78315e+002  2.24300e+003 -4.06729e+001  6.89000e+000  2.86917e+002
          2244  2.78404e+002  2.24400e+003 -4.06833e+001  6.89000e+000  2.87000e+002
          2245  2.78472e+002  2.24500e+003 -4.06961e+001  6.89000e+000  2.87083e+002
          2246  2.78561e+002  2.24600e+003 -4.07090e+001  6.89000e+000  2.87167e+002
          2247  2.78642e+002  2.24700e+003 -4.07219e+001  6.89000e+000  2.87250e+002
          2248  2.78732e+002  2.24800e+003 -4.07344e+001  6.89000e+000  2.87333e+002
          2249  2.78807e+002  2.24900e+003 -4.07465e+001  6.89000e+000  2.87417e+002
          2250  2.78891e+002  2.25000e+003 -4.07591e+001  6.89000e+000  2.87500e+002
          2251  2.78974e+002  2.25100e+003 -4.07726e+001  6.89000e+000  2.87583e+002
          2252  2.79066e+002  2.25200e+003 -4.07855e+001  6.89000e+000  2.87667e+002
          2253  2.79148e+002  2.25300e+003 -4.07989e+001  6.89000e+000  2.87750e+002
          2254  2.79220e+002  2.25400e+003 -4.08119e+001  6.89000e+000  2.87833e+002
          2255  2.79303e+002  2.25500e+003 -4.08250e+001  6.89000e+000  2.87917e+002
          2256  2.79389e+002  2.25600e+003 -4.08382e+001  6.89000e+000  2.88000e+002
          2257  2.79465e+002  2.25700e+003 -4.08517e+001  6.89000e+000  2.88083e+002
          2258  2.79551e+002  2.25800e+003 -4.08654e+001  6.88997e+000  2.88167e+002
          2259  2.79644e+002  2.25900e+003 -4.08789e+001  6.88989e+000  2.88250e+002
          2260  2.79721e+002  2.26000e+003 -4.08936e+001  6.88977e+000  2.88333e+002
          2261  2.79808e+002  2.26100e+003 -4.09078e+001  6.88965e+000  2.88417e+002
          2262  2.79885e+002  2.26200e+003 -4.09222e+001  6.88957e+000  2.88500e+002
          2263  2.79966e+002  2.26300e+003 -4.09364e+001  6.88954e+000  2.88583e+002
          2264  2.80055e+002  2.26400e+003 -4.09504e+001  6.88952e+000  2.88667e+002
          2265  2.80127e+002  2.26500e+003 -4.09642e+001  6.88954e+000  2.88750e+002
          2266  2.80224e+002  2.26600e+003 -4.09769e+001  6.88957e+000  2.88833e+002
          2267  2.80293e+002  2.26700e+003 -4.09901e+001  6.88962e+000  2.88917e+002
          2268  2.80383e+002  2.26800e+003 -4.10044e+001  6.88977e+000  2.89000e+002
          2269  2.80464e+002  2.26900e+003 -4.10198e+001  6.88985e+000  2.89083e+002
          2270  2.80553e+002  2.27000e+003 -4.10354e+001  6.88991e+000  2.89167e+002
          2271  2.80627e+002  2.27100e+003 -4.10512e+001  6.88996e+000  2.89250e+002
          2272  2.80715e+002  2.27200e+003 -4.10663e+001  6.88995e+000  2.89333e+002
          2273  2.80792e+002  2.27300e+003 -4.10808e+001  6.88997e+000  2.89417e+002
          2274  2.80879e+002  2.27400e+003 -4.10953e+001  6.88998e+000  2.89500e+002
          2275  2.80959e+002  2.27500e+003 -4.11088e+001  6.89000e+000  2.89583e+002
          2276  2.81035e+002  2.27600e+003 -4.11256e+001  6.88999e+000  2.89667e+002
          2277  2.81125e+002  2.27700e+003 -4.11410e+001  6.88999e+000  2.89750e+002
          2278  2.81214e+002  2.27800e+003 -4.11573e+001  6.88997e+000  2.89833e+002
          2279  2.81294e+002  2.27900e+003 -4.11736e+001  6.88989e+000  2.89917e+002
          2280  2.81363e+002  2.28000e+003 -4.11872e+001  6.88976e+000  2.90000e+002
          2281  2.81458e+002  2.28100e+003 -4.12011e+001  6.88965e+000  2.90083e+002
          2282  2.81529e+002  2.28200e+003 -4.12156e+001  6.88954e+000  2.90167e+002
          2283  2.81606e+002  2.28300e+003 -4.12301e+001  6.88943e+000  2.90250e+002
          2284  2.81699e+002  2.28400e+003 -4.12426e+001  6.88929e+000  2.90333e+002
          2285  2.81783e+002  2.28500e+003 -4.12569e+001  6.88919e+000  2.90417e+002
          2286  2.81867e+002  2.28600e+003 -4.12704e+001  6.88911e+000  2.90500e+002
          2287  2.81943e+002  2.28700e+003 -4.12849e+001  6.88905e+000  2.90583e+002
          2288  2.82023e+002  2.28800e+003 -4.12980e+001  6.88906e+000  2.90667e+002
          2289  2.82117e+002  2.28900e+003 -4.13112e+001  6.88904e+000  2.90750e+002
          2290  2.82182e+002  2.29000e+003 -4.13232e+001  6.88902e+000  2.90833e+002
          2291  2.82278e+002  2.29100e+003 -4.13353e+001  6.88901e+000  2.90917e+002
          2292  2.82364e+002  2.29200e+003 -4.13450e+001  6.88901e+000  2.91000e+002
          2293  2.82435e+002  2.29300e+003 -4.13559e+001  6.88901e+000  2.91083e+002
          2294  2.82527e+002  2.29400e+003 -4.13670e+001  6.88900e+000  2.91167e+002
          2295  2.82609e+002  2.29500e+003 -4.13793e+001  6.88900e+000  2.91250e+002
          2296  2.82684e+002  2.29600e+003 -4.13912e+001  6.88900e+000  2.91333e+002
          2297  2.82770e+002  2.29700e+003 -4.14037e+001  6.88900e+000  2.91417e+002
          2298  2.82860e+002  2.29800e+003 -4.14162e+001  6.88900e+000  2.91500e+002
          2299  2.82945e+002  2.29900e+003 -4.14301e+001  6.88900e+000  2.91583e+002
          2300  2.83025e+002  2.30000e+003 -4.14423e+001  6.88900e+000  2.91667e+002
          2301  2.83112e+002  2.30100e+003 -4.14556e+001  6.88900e+000  2.91750e+002
          2302  2.83189e+002  2.30200e+003 -4.14696e+001  6.88900e+000  2.91833e+002
          2303  2.83275e+002  2.30300e+003 -4.14838e+001  6.88900e+000  2.91917e+002
          2304  2.83356e+002  2.30400e+003 -4.15026e+001  6.88900e+000  2.92000e+002
          2305  2.83447e+002  2.30500e+003 -4.15171e+001  6.88900e+000  2.92083e+002
          2306  2.83521e+002  2.30600e+003 -4.15299e+001  6.88900e+000  2.92167e+002
          2307  2.83594e+002  2.30700e+003 -4.15424e+001  6.88900e+000  2.92250e+002
          2308  2.83684e+002  2.30800e+003 -4.15578e+001  6.88900e+000  2.92333e+002
          2309  2.83771e+002  2.30900e+003 -4.15728e+001  6.88900e+000  2.92417e+002
          2310  2.83839e+002  2.31000e+003 -4.15874e+001  6.88900e+000  2.92500e+002
          2311  2.83929e+002  2.31100e+003 -4.16014e+001  6.88900e+000  2.92583e+002
          2312  2.84013e+002  2.31200e+003 -4.16141e+001  6.88900e+000  2.92667e+002
          2313  2.84100e+002  2.31300e+003 -4.16299e+001  6.88900e+000  2.92750e+002
          2314  2.84182e+002  2.31400e+003 -4.16461e+001  6.88900e+000  2.92833e+002
          2315  2.84263e+002  2.31500e+003 -4.16606e+001  6.88900e+000  2.92917e+002
          2316  2.84347e+002  2.31600e+003 -4.16759e+001  6.88900e+000  2.93000e+002
          2317  2.84430e+002  2.31700e+003 -4.16904e+001  6.88900e+000  2.93083e+002
          2318  2.84513e+002  2.31800e+003 -4.17038e+001  6.88900e+000  2.93167e+002
          2319  2.84593e+002  2.31900e+003 -4.17178e+001  6.88900e+000  2.93250e+002
          2320  2.84672e+002  2.32000e+003 -4.17338e+001  6.88900e+000  2.93333e+002
          2321  2.84751e+002  2.32100e+003 -4.17481e+001  6.88900e+000  2.93417e+002
          2322  2.84823e+002  2.32200e+003 -4.17614e+001  6.88900e+000  2.93500e+002
          2323  2.84925e+002  2.32300e+003 -4.17739e+001  6.88900e+000  2.93583e+002
          2324  2.85004e+002  2.32400e+003 -4.17845e+001  6.88900e+000  2.93667e+002
          2325  2.85081e+002  2.32500e+003 -4.17977e+001  6.88900e+000  2.93750e+002
          2326  2.85171e+002  2.32600e+003 -4.18103e+001  6.88900e+000  2.93833e+002
          2327  2.85255e+002  2.32700e+003 -4.18238e+001  6.88900e+000  2.93917e+002
          2328  2.85327e+002  2.32800e+003 -4.18377e+001  6.88900e+000  2.94000e+002
          2329  2.85418e+002  2.32900e+003 -4.18498e+001  6.88900e+000  2.94083e+002
          2330  2.85504e+002  2.33000e+003 -4.18619e+001  6.88900e+000  2.94167e+002
          2331  2.85586e+002  2.33100e+003 -4.18746e+001  6.88900e+000  2.94250e+002
          2332  2.85671e+002  2.33200e+003 -4.18864e+001  6.88900e+000  2.94333e+002
          2333  2.85750e+002  2.33300e+003 -4.18984e+001  6.88900e+000  2.94417e+002
          2334  2.85834e+002  2.33400e+003 -4.19107e+001  6.88900e+000  2.94500e+002
          2335  2.85924e+002  2.33500e+003 -4.19230e+001  6.88900e+000  2.94583e+002
          2336  2.86005e+002  2.33600e+003 -4.19356e+001  6.88900e+000  2.94667e+002
          2337  2.86081e+002  2.33700e+003 -4.19481e+001  6.88900e+000  2.94750e+002
          2338  2.86159e+002  2.33800e+003 -4.19602e+001  6.88900e+000  2.94833e+002
          2339  2.86252e+002  2.33900e+003 -4.19720e+001  6.88900e+000  2.94917e+002
          2340  2.86324e+002  2.34000e+003 -4.19842e+001  6.88900e+000  2.95000e+002
          2341  2.86409e+002  2.34100e+003 -4.19956e+001  6.88900e+000  2.95083e+002
          2342  2.86489e+002  2.34200e+003 -4.20073e+001  6.88900e+000  2.95167e+002
          2343  2.86569e+002  2.34300e+003 -4.20186e+001  6.88900e+000  2.95250e+002
          2344  2.86650e+002  2.34400e+003 -4.20297e+001  6.88900e+000  2.95333e+002
          2345  2.86741e+002  2.34500e+003 -4.20419e+001  6.88900e+000  2.95417e+002
          2346  2.86813e+002  2.34600e+003 -4.20540e+001  6.88900e+000  2.95500e+002
          2347  2.86898e+002  2.34700e+003 -4.20671e+001  6.88900e+000  2.95583e+002
          2348  2.86989e+002  2.34800e+003 -4.20789e+001  6.88900e+000  2.95667e+002
          2349  2.87074e+002  2.34900e+003 -4.20911e+001  6.88900e+000  2.95750e+002
          2350  2.87151e+002  2.35000e+003 -4.21048e+001  6.88900e+000  2.95833e+002
          2351  2.87230e+002  2.35100e+003 -4.21192e+001  6.88900e+000  2.95917e+002
          2352  2.87319e+002  2.35200e+003 -4.21335e+001  6.88900e+000  2.96000e+002
          2353  2.87391e+002  2.35300e+003 -4.21476e+001  6.88900e+000  2.96083e+002
          2354  2.87478e+002  2.35400e+003 -4.21604e+001  6.88900e+000  2.96167e+002
          2355  2.87557e+002  2.35500e+003 -4.21733e+001  6.88900e+000  2.96250e+002
          2356  2.87635e+002  2.35600e+003 -4.21888e+001  6.88900e+000  2.96333e+002
          2357  2.87722e+002  2.35700e+003 -4.22027e+001  6.88900e+000  2.96417e+002
          2358  2.87802e+002  2.35800e+003 -4.22170e+001  6.88900e+000  2.96500e+002
          2359  2.87888e+002  2.35900e+003 -4.22333e+001  6.88900e+000  2.96583e+002
          2360  2.87975e+002  2.36000e+003 -4.22471e+001  6.88900e+000  2.96667e+002
          2361  2.88055e+002  2.36100e+003 -4.22614e+001  6.88897e+000  2.96750e+002
          2362  2.88145e+002  2.36200e+003 -4.22751e+001  6.88888e+000  2.96833e+002
          2363  2.88221e+002  2.36300e+003 -4.22878e+001  6.88878e+000  2.96917e+002
          2364  2.88304e+002  2.36400e+003 -4.23011e+001  6.88864e+000  2.97000e+002
          2365  2.88390e+002  2.36500e+003 -4.23142e+001  6.88855e+000  2.97083e+002
          2366  2.88472e+002  2.36600e+003 -4.23275e+001  6.88853e+000  2.97167e+002
          2367  2.88550e+002  2.36700e+003 -4.23410e+001  6.88853e+000  2.97250e+002
          2368  2.88626e+002  2.36800e+003 -4.23548e+001  6.88858e+000  2.97333e+002
          2369  2.88722e+002  2.36900e+003 -4.23682e+001  6.88862e+000  2.97417e+002
          2370  2.88798e+002  2.37000e+003 -4.23813e+001  6.88867e+000  2.97500e+002
          2371  2.88882e+002  2.37100e+003 -4.23934e+001  6.88873e+000  2.97583e+002
          2372  2.88962e+002  2.37200e+003 -4.24008e+001  6.88883e+000  2.97667e+002
          2373  2.89039e+002  2.37300e+003 -4.24121e+001  6.88889e+000  2.97750e+002
          2374  2.89125e+002  2.37400e+003 -4.24253e+001  6.88893e+000  2.97833e+002
          2375  2.89209e+002  2.37500e+003 -4.24389e+001  6.88897e+000  2.97917e+002
          2376  2.89290e+002  2.37600e+003 -4.24525e+001  6.88896e+000  2.98000e+002
          2377  2.89370e+002  2.37700e+003 -4.24645e+001  6.88898e+000  2.98083e+002
          2378  2.89456e+002  2.37800e+003 -4.24759e+001  6.88899e+000  2.98167e+002
          2379  2.89538e+002  2.37900e+003 -4.24874e+001  6.88900e+000  2.98250e+002
          2380  2.89619e+002  2.38000e+003 -4.25007e+001  6.88899e+000  2.98333e+002
          2381  2.89706e+002  2.38100e+003 -4.25141e+001  6.88900e+000  2.98417e+002
          2382  2.89792e+002  2.38200e+003 -4.25274e+001  6.88897e+000  2.98500e+002
          2383  2.89866e+002  2.38300e+003 -4.25400e+001  6.88889e+000  2.98583e+002
          2384  2.89949e+002  2.38400e+003 -4.25563e+001  6.88877e+000  2.98667e+002
          2385  2.90044e+002  2.38500e+003 -4.25717e+001  6.88865e+000  2.98750e+002
          2386  2.90112e+002  2.38600e+003 -4.25866e+001  6.88854e+000  2.98833e+002
          2387  2.90205e+002  2.38700e+003 -4.26020e+001  6.88843e+000  2.98917e+002
          2388  2.90287e+002  2.38800e+003 -4.26174e+001  6.88829e+000  2.99000e+002
          2389  2.90365e+002  2.38900e+003 -4.26318e+001  6.88819e+000  2.99083e+002
          2390  2.90444e+002  2.39000e+003 -4.26464e+001  6.88811e+000  2.99167e+002
          2391  2.90529e+002  2.39100e+003 -4.26604e+001  6.88805e+000  2.99250e+002
          2392  2.90616e+002  2.39200e+003 -4.26745e+001  6.88806e+000  2.99333e+002
          2393  2.90695e+002  2.39300e+003 -4.26889e+001  6.88804e+000  2.99417e+002
          2394  2.90775e+002  2.39400e+003 -4.27018e+001  6.88802e+000  2.99500e+002
          2395  2.90863e+002  2.39500e+003 -4.27145e+001  6.88801e+000  2.99583e+002
          2396  2.90938e+002  2.39600e+003 -4.27274e+001  6.88801e+000  2.99667e+002
          2397  2.91029e+002  2.39700e+003 -4.27415e+001  6.88801e+000  2.99750e+002
          2398  2.91104e+002  2.39800e+003 -4.27557e+001  6.88800e+000  2.99833e+002
          2399  2.91195e+002  2.39900e+003 -4.27695e+001  6.88800e+000  2.99917e+002
          2400  2.91273e+002  2.40000e+003 -4.27807e+001  6.88800e+000  3.00000e+002
          2401  2.91360e+002  2.40100e+003 -4.27936e+001  6.88800e+000  3.00083e+002
          2402  2.91433e+002  2.40200e+003 -4.28062e+001  6.88800e+000  3.00167e+002
          2403  2.91518e+002  2.40300e+003 -4.28186e+001  6.88800e+000  3.00250e+002
          2404  2.91596e+002  2.40400e+003 -4.28321e+001  6.88800e+000  3.00333e+002
          2405  2.91677e+002  2.40500e+003 -4.28445e+001  6.88800e+000  3.00417e+002
          2406  2.91760e+002  2.40600e+003 -4.28561e+001  6.88800e+000  3.00500e+002
          2407  2.91842e+002  2.40700e+003 -4.28676e+001  6.88800e+000  3.00583e+002
          2408  2.91927e+002  2.40800e+003 -4.28804e+001  6.88800e+000  3.00667e+002
          2409  2.92010e+002  2.40900e+003 -4.28932e+001  6.88800e+000  3.00750e+002
          2410  2.92102e+002  2.41000e+003 -4.29057e+001  6.88800e+000  3.00833e+002
          2411  2.92186e+002  2.41100e+003 -4.29168e+001  6.88800e+000  3.00917e+002
          2412  2.92261e+002  2.41200e+003 -4.29258e+001  6.88800e+000  3.01000e+002
          2413  2.92352e+002  2.41300e+003 -4.29362e+001  6.88800e+000  3.01083e+002
          2414  2.92420e+002  2.41400e+003 -4.29474e+001  6.88800e+000  3.01167e+002
          2415  2.92509e+002  2.41500e+003 -4.29596e+001  6.88800e+000  3.01250e+002
          2416  2.92598e+002  2.41600e+003 -4.29733e+001  6.88800e+000  3.01333e+002
          2417  2.92679e+002  2.41700e+003 -4.29851e+001  6.88800e+000  3.01417e+002
          2418  2.92759e+002  2.41800e+003 -4.29961e+001  6.88800e+000  3.01500e+002
          2419  2.92842e+002  2.41900e+003 -4.30079e+001  6.88800e+000  3.01583e+002
          2420  2.92925e+002  2.42000e+003 -4.30188e+001  6.88800e+000  3.01667e+002
          2421  2.93013e+002  2.42100e+003 -4.30312e+001  6.88800e+000  3.01750e+002
          2422  2.93101e+002  2.42200e+003 -4.30434e+001  6.88800e+000  3.01833e+002
          2423  2.93177e+002  2.42300e+003 -4.30553e+001  6.88800e+000  3.01917e+002
          2424  2.93256e+002  2.42400e+003 -4.30720e+001  6.88800e+000  3.02000e+002
          2425  2.93340e+002  2.42500e+003 -4.30855e+001  6.88800e+000  3.02083e+002
          2426  2.93429e+002  2.42600e+003 -4.30988e+001  6.88800e+000  3.02167e+002
          2427  2.93511e+002  2.42700e+003 -4.31118e+001  6.88800e+000  3.02250e+002
          2428  2.93584e+002  2.42800e+003 -4.31234e+001  6.88800e+000  3.02333e+002
          2429  2.93674e+002  2.42900e+003 -4.31352e+001  6.88800e+000  3.02417e+002
          2430  2.93745e+002  2.43000e+003 -4.31476e+001  6.88800e+000  3.02500e+002
          2431  2.93832e+002  2.43100e+003 -4.31604e+001  6.88800e+000  3.02583e+002
          2432  2.93921e+002  2.43200e+003 -4.31718e+001  6.88800e+000  3.02667e+002
          2433  2.93999e+002  2.43300e+003 -4.31841e+001  6.88800e+000  3.02750e+002
          2434  2.94086e+002  2.43400e+003 -4.31953e+001  6.88800e+000  3.02833e+002
          2435  2.94170e+002  2.43500e+003 -4.32056e+001  6.88800e+000  3.02917e+002
          2436  2.94255e+002  2.43600e+003 -4.32166e+001  6.88800e+000  3.03000e+002
          2437  2.94326e+002  2.43700e+003 -4.32291e+001  6.88800e+000  3.03083e+002
          2438  2.94412e+002  2.43800e+003 -4.32421e+001  6.88800e+000  3.03167e+002
          2439  2.94496e+002  2.43900e+003 -4.32562e+001  6.88800e+000  3.03250e+002
          2440  2.94582e+002  2.44000e+003 -4.32685e+001  6.88800e+000  3.03333e+002
          2441  2.94649e+002  2.44100e+003 -4.32812e+001  6.88800e+000  3.03417e+002
          2442  2.94741e+002  2.44200e+003 -4.32951e+001  6.88800e+000  3.03500e+002
          2443  2.94826e+002  2.44300e+003 -4.33092e+001  6.88800e+000  3.03583e+002
          2444  2.94909e+002  2.44400e+003 -4.33236e+001  6.88800e+000  3.03667e+002
          2445  2.94991e+002  2.44500e+003 -4.33377e+001  6.88800e+000  3.03750e+002
          2446  2.95067e+002  2.44600e+003 -4.33513e+001  6.88797e+000  3.03833e+002
          2447  2.95155e+002  2.44700e+003 -4.33645e+001  6.88789e+000  3.03917e+002
          2448  2.95233e+002  2.44800e+003 -4.33799e+001  6.88777e+000  3.04000e+002
          2449  2.95319e+002  2.44900e+003 -4.33934e+001  6.88768e+000  3.04083e+002
          2450  2.95401e+002  2.45000e+003 -4.34067e+001  6.88766e+000  3.04167e+002
          2451  2.95481e+002  2.45100e+003 -4.34207e+001  6.88765e+000  3.04250e+002
          2452  2.95570e+002  2.45200e+003 -4.34335e+001  6.88765e+000  3.04333e+002
          2453  2.95648e+002  2.45300e+003 -4.34464e+001  6.88767e+000  3.04417e+002
          2454  2.95730e+002  2.45400e+003 -4.34598e+001  6.88770e+000  3.04500e+002
          2455  2.95818e+002  2.45500e+003 -4.34728e+001  6.88774e+000  3.04583e+002
          2456  2.95902e+002  2.45600e+003 -4.34829e+001  6.88784e+000  3.04667e+002
          2457  2.95980e+002  2.45700e+003 -4.34939e+001  6.88790e+000  3.04750e+002
          2458  2.96058e+002  2.45800e+003 -4.35054e+001  6.88794e+000  3.04833e+002
          2459  2.96146e+002  2.45900e+003 -4.35181e+001  6.88797e+000  3.04917e+002
          2460  2.96234e+002  2.46000e+003 -4.35333e+001  6.88797e+000  3.05000e+002
          2461  2.96311e+002  2.46100e+003 -4.35472e+001  6.88798e+000  3.05083e+002
          2462  2.96396e+002  2.46200e+003 -4.35602e+001  6.88799e+000  3.05167e+002
          2463  2.96475e+002  2.46300e+003 -4.35727e+001  6.88800e+000  3.05250e+002
          2464  2.96564e+002  2.46400e+003 -4.35834e+001  6.88799e+000  3.05333e+002
          2465  2.96638e+002  2.46500e+003 -4.35957e+001  6.88800e+000  3.05417e+002
          2466  2.96729e+002  2.46600e+003 -4.36091e+001  6.88800e+000  3.05500e+002
          2467  2.96813e+002  2.46700e+003 -4.36214e+001  6.88800e+000  3.05583e+002
          2468  2.96882e+002  2.46800e+003 -4.36350e+001  6.88789e+000  3.05667e+002
          2469  2.96972e+002  2.46900e+003 -4.36479e+001  6.88778e+000  3.05750e+002
          2470  2.97055e+002  2.47000e+003 -4.36607e+001  6.88767e+000  3.05833e+002
          2471  2.97145e+002  2.47100e+003 -4.36731e+001  6.88756e+000  3.05917e+002
          2472  2.97219e+002  2.47200e+003 -4.36829e+001  6.88735e+000  3.06000e+002
          2473  2.97301e+002  2.47300e+003 -4.36949e+001  6.88723e+000  3.06083e+002
          2474  2.97379e+002  2.47400e+003 -4.37077e+001  6.88714e+000  3.06167e+002
          2475  2.97467e+002  2.47500e+003 -4.37200e+001  6.88706e+000  3.06250e+002
          2476  2.97549e+002  2.47600e+003 -4.37312e+001  6.88707e+000  3.06333e+002
          2477  2.97633e+002  2.47700e+003 -4.37447e+001  6.88705e+000  3.06417e+002
          2478  2.97716e+002  2.47800e+003 -4.37588e+001  6.88702e+000  3.06500e+002
          2479  2.97802e+002  2.47900e+003 -4.37726e+001  6.88701e+000  3.06583e+002
          2480  2.97875e+002  2.48000e+003 -4.37880e+001  6.88701e+000  3.06667e+002
          2481  2.97964e+002  2.48100e+003 -4.38022e+001  6.88701e+000  3.06750e+002
          2482  2.98049e+002  2.48200e+003 -4.38159e+001  6.88700e+000  3.06833e+002
          2483  2.98131e+002  2.48300e+003 -4.38300e+001  6.88700e+000  3.06917e+002
          2484  2.98209e+002  2.48400e+003 -4.38435e+001  6.88700e+000  3.07000e+002
          2485  2.98296e+002  2.48500e+003 -4.38568e+001  6.88700e+000  3.07083e+002
          2486  2.98377e+002  2.48600e+003 -4.38704e+001  6.88700e+000  3.07167e+002
          2487  2.98458e+002  2.48700e+003 -4.38843e+001  6.88700e+000  3.07250e+002
          2488  2.98545e+002  2.48800e+003 -4.38979e+001  6.88700e+000  3.07333e+002
          2489  2.98623e+002  2.48900e+003 -4.39119e+001  6.88700e+000  3.07417e+002
          2490  2.98703e+002  2.49000e+003 -4.39249e+001  6.88700e+000  3.07500e+002
          2491  2.98783e+002  2.49100e+003 -4.39379e+001  6.88700e+000  3.07583e+002
          2492  2.98870e+002  2.49200e+003 -4.39504e+001  6.88700e+000  3.07667e+002
          2493  2.98948e+002  2.49300e+003 -4.39646e+001  6.88700e+000  3.07750e+002
          2494  2.99036e+002  2.49400e+003 -4.39802e+001  6.88700e+000  3.07833e+002
          2495  2.99125e+002  2.49500e+003 -4.39949e+001  6.88700e+000  3.07917e+002
          2496  2.99192e+002  2.49600e+003 -4.40076e+001  6.88700e+000  3.08000e+002
          2497  2.99278e+002  2.49700e+003 -4.40204e+001  6.88700e+000  3.08083e+002
          2498  2.99363e+002  2.49800e+003 -4.40331e+001  6.88700e+000  3.08167e+002
          2499  2.99447e+002  2.49900e+003 -4.40461e+001  6.88700e+000  3.08250e+002
          2500  2.99538e+002  2.50000e+003 -4.40608e+001  6.88700e+000  3.08333e+002
          2501  2.99620e+002  2.50100e+003 -4.40750e+001  6.88700e+000  3.08417e+002
          2502  2.99693e+002  2.50200e+003 -4.40886e+001  6.88700e+000  3.08500e+002
          2503  2.99774e+002  2.50300e+003 -4.41015e+001  6.88700e+000  3.08583e+002
          2504  2.99861e+002  2.50400e+003 -4.41111e+001  6.88700e+000  3.08667e+002
          2505  2.99945e+002  2.50500e+003 -4.41230e+001  6.88700e+000  3.08750e+002
          2506  3.00026e+002  2.50600e+003 -4.41352e+001  6.88700e+000  3.08833e+002
          2507  3.00113e+002  2.50700e+003 -4.41472e+001  6.88700e+000  3.08917e+002
          2508  3.00191e+002  2.50800e+003 -4.41606e+001  6.88700e+000  3.09000e+002
          2509  3.00277e+002  2.50900e+003 -4.41731e+001  6.88700e+000  3.09083e+002
          2510  3.00347e+002  2.51000e+003 -4.41862e+001  6.88700e+000  3.09167e+002
          2511  3.00454e+002  2.51100e+003 -4.41990e+001  6.88700e+000  3.09250e+002
          2512  3.00527e+002  2.51200e+003 -4.42088e+001  6.88689e+000  3.09333e+002
          2513  3.00609e+002  2.51300e+003 -4.42201e+001  6.88681e+000  3.09417e+002
          2514  3.00687e+002  2.51400e+003 -4.42317e+001  6.88679e+000  3.09500e+002
          2515  3.00770e+002  2.51500e+003 -4.42433e+001  6.88678e+000  3.09583e+002
          2516  3.00859e+002  2.51600e+003 -4.42561e+001  6.88672e+000  3.09667e+002
          2517  3.00929e+002  2.51700e+003 -4.42683e+001  6.88672e+000  3.09750e+002
          2518  3.01018e+002  2.51800e+003 -4.42807e+001  6.88673e+000  3.09833e+002
          2519  3.01103e+002  2.51900e+003 -4.42938e+001  6.88675e+000  3.09917e+002
          2520  3.01185e+002  2.52000e+003 -4.43063e+001  6.88686e+000  3.10000e+002
          2521  3.01273e+002  2.52100e+003 -4.43178e+001  6.88691e+000  3.10083e+002
          2522  3.01359e+002  2.52200e+003 -4.43286e+001  6.88694e+000  3.10167e+002
          2523  3.01433e+002  2.52300e+003 -4.43392e+001  6.88697e+000  3.10250e+002
          2524  3.01512e+002  2.52400e+003 -4.43513e+001  6.88697e+000  3.10333e+002
          2525  3.01593e+002  2.52500e+003 -4.43642e+001  6.88698e+000  3.10417e+002
          2526  3.01675e+002  2.52600e+003 -4.43776e+001  6.88699e+000  3.10500e+002
          2527  3.01760e+002  2.52700e+003 -4.43904e+001  6.88700e+000  3.10583e+002
          2528  3.01846e+002  2.52800e+003 -4.44035e+001  6.88700e+000  3.10667e+002
          2529  3.01929e+002  2.52900e+003 -4.44150e+001  6.88700e+000  3.10750e+002
          2530  3.02006e+002  2.53000e+003 -4.44266e+001  6.88700e+000  3.10833e+002
          2531  3.02099e+002  2.53100e+003 -4.44383e+001  6.88700e+000  3.10917e+002
          2532  3.02177e+002  2.53200e+003 -4.44509e+001  6.88697e+000  3.11000e+002
          2533  3.02261e+002  2.53300e+003 -4.44638e+001  6.88688e+000  3.11083e+002
          2534  3.02341e+002  2.53400e+003 -4.44757e+001  6.88678e+000  3.11167e+002
          2535  3.02418e+002  2.53500e+003 -4.44870e+001  6.88667e+000  3.11250e+002
          2536  3.02507e+002  2.53600e+003 -4.44974e+001  6.88650e+000  3.11333e+002
          2537  3.02591e+002  2.53700e+003 -4.45089e+001  6.88638e+000  3.11417e+002
          2538  3.02675e+002  2.53800e+003 -4.45200e+001  6.88628e+000  3.11500e+002
          2539  3.02749e+002  2.53900e+003 -4.45319e+001  6.88619e+000  3.11583e+002
          2540  3.02837e+002  2.54000e+003 -4.45458e+001  6.88614e+000  3.11667e+002
          2541  3.02927e+002  2.54100e+003 -4.45590e+001  6.88610e+000  3.11750e+002
          2542  3.03001e+002  2.54200e+003 -4.45713e+001  6.88605e+000  3.11833e+002
          2543  3.03083e+002  2.54300e+003 -4.45832e+001  6.88602e+000  3.11917e+002
          2544  3.03178e+002  2.54400e+003 -4.45928e+001  6.88603e+000  3.12000e+002
          2545  3.03249e+002  2.54500e+003 -4.46038e+001  6.88602e+000  3.12083e+002
          2546  3.03333e+002  2.54600e+003 -4.46161e+001  6.88601e+000  3.12167e+002
          2547  3.03411e+002  2.54700e+003 -4.46284e+001  6.88600e+000  3.12250e+002
          2548  3.03491e+002  2.54800e+003 -4.46445e+001  6.88600e+000  3.12333e+002
          2549  3.03573e+002  2.54900e+003 -4.46589e+001  6.88600e+000  3.12417e+002
          2550  3.03653e+002  2.55000e+003 -4.46731e+001  6.88600e+000  3.12500e+002
          2551  3.03740e+002  2.55100e+003 -4.46863e+001  6.88600e+000  3.12583e+002
          2552  3.03828e+002  2.55200e+003 -4.46967e+001  6.88600e+000  3.12667e+002
          2553  3.03914e+002  2.55300e+003 -4.47090e+001  6.88600e+000  3.12750e+002
          2554  3.03988e+002  2.55400e+003 -4.47216e+001  6.88600e+000  3.12833e+002
          2555  3.04067e+002  2.55500e+003 -4.47337e+001  6.88600e+000  3.12917e+002
          2556  3.04154e+002  2.55600e+003 -4.47500e+001  6.88600e+000  3.13000e+002
          2557  3.04240e+002  2.55700e+003 -4.47630e+001  6.88600e+000  3.13083e+002
          2558  3.04312e+002  2.55800e+003 -4.47754e+001  6.88600e+000  3.13167e+002
          2559  3.04397e+002  2.55900e+003 -4.47888e+001  6.88600e+000  3.13250e+002
          2560  3.04484e+002  2.56000e+003 -4.47982e+001  6.88600e+000  3.13333e+002
          2561  3.04571e+002  2.56100e+003 -4.48096e+001  6.88600e+000  3.13417e+002
          2562  3.04646e+002  2.56200e+003 -4.48223e+001  6.88600e+000  3.13500e+002
          2563  3.04729e+002  2.56300e+003 -4.48362e+001  6.88600e+000  3.13583e+002
          2564  3.04808e+002  2.56400e+003 -4.48495e+001  6.88600e+000  3.13667e+002
          2565  3.04895e+002  2.56500e+003 -4.48626e+001  6.88600e+000  3.13750e+002
          2566  3.04985e+002  2.56600e+003 -4.48745e+001  6.88600e+000  3.13833e+002
          2567  3.05065e+002  2.56700e+003 -4.48859e+001  6.88600e+000  3.13917e+002
          2568  3.05133e+002  2.56800e+003 -4.49029e+001  6.88600e+000  3.14000e+002
          2569  3.05220e+002  2.56900e+003 -4.49165e+001  6.88600e+000  3.14083e+002
          2570  3.05304e+002  2.57000e+003 -4.49281e+001  6.88600e+000  3.14167e+002
          2571  3.05388e+002  2.57100e+003 -4.49393e+001  6.88600e+000  3.14250e+002
          2572  3.05467e+002  2.57200e+003 -4.49506e+001  6.88600e+000  3.14333e+002
          2573  3.05547e+002  2.57300e+003 -4.49625e+001  6.88600e+000  3.14417e+002
          2574  3.05632e+002  2.57400e+003 -4.49749e+001  6.88600e+000  3.14500e+002
          2575  3.05721e+002  2.57500e+003 -4.49875e+001  6.88600e+000  3.14583e+002
          2576  3.05793e+002  2.57600e+003 -4.49982e+001  6.88597e+000  3.14667e+002
          2577  3.05882e+002  2.57700e+003 -4.50112e+001  6.88588e+000  3.14750e+002
          2578  3.05964e+002  2.57800e+003 -4.50248e+001  6.88578e+000  3.14833e+002
          2579  3.06044e+002  2.57900e+003 -4.50383e+001  6.88567e+000  3.14917e+002
          2580  3.06116e+002  2.58000e+003 -4.50480e+001  6.88550e+000  3.15000e+002
          2581  3.06209e+002  2.58100e+003 -4.50594e+001  6.88538e+000  3.15083e+002
          2582  3.06286e+002  2.58200e+003 -4.50713e+001  6.88528e+000  3.15167e+002
          2583  3.06367e+002  2.58300e+003 -4.50844e+001  6.88519e+000  3.15250e+002
          2584  3.06469e+002  2.58400e+003 -4.50979e+001  6.88514e+000  3.15333e+002
          2585  3.06539e+002  2.58500e+003 -4.51094e+001  6.88510e+000  3.15417e+002
          2586  3.06613e+002  2.58600e+003 -4.51211e+001  6.88505e+000  3.15500e+002
          2587  3.06698e+002  2.58700e+003 -4.51332e+001  6.88502e+000  3.15583e+002
          2588  3.06788e+002  2.58800e+003 -4.51434e+001  6.88503e+000  3.15667e+002
          2589  3.06865e+002  2.58900e+003 -4.51554e+001  6.88502e+000  3.15750e+002
          2590  3.06949e+002  2.59000e+003 -4.51685e+001  6.88501e+000  3.15833e+002
          2591  3.07036e+002  2.59100e+003 -4.51821e+001  6.88500e+000  3.15917e+002
          2592  3.07114e+002  2.59200e+003 -4.51958e+001  6.88500e+000  3.16000e+002
          2593  3.07204e+002  2.59300e+003 -4.52088e+001  6.88500e+000  3.16083e+002
          2594  3.07281e+002  2.59400e+003 -4.52214e+001  6.88500e+000  3.16167e+002
          2595  3.07364e+002  2.59500e+003 -4.52328e+001  6.88500e+000  3.16250e+002
          2596  3.07453e+002  2.59600e+003 -4.52469e+001  6.88500e+000  3.16333e+002
          2597  3.07535e+002  2.59700e+003 -4.52607e+001  6.88500e+000  3.16417e+002
          2598  3.07614e+002  2.59800e+003 -4.52749e+001  6.88500e+000  3.16500e+002
          2599  3.07695e+002  2.59900e+003 -4.52890e+001  6.88500e+000  3.16583e+002
          2600  3.07777e+002  2.60000e+003 -4.53012e+001  6.88500e+000  3.16667e+002
          2601  3.07861e+002  2.60100e+003 -4.53149e+001  6.88500e+000  3.16750e+002
          2602  3.07942e+002  2.60200e+003 -4.53297e+001  6.88500e+000  3.16833e+002
          2603  3.08031e+002  2.60300e+003 -4.53435e+001  6.88500e+000  3.16917e+002
          2604  3.08113e+002  2.60400e+003 -4.53553e+001  6.88500e+000  3.17000e+002
          2605  3.08190e+002  2.60500e+003 -4.53682e+001  6.88500e+000  3.17083e+002
          2606  3.08276e+002  2.60600e+003 -4.53814e+001  6.88500e+000  3.17167e+002
          2607  3.08359e+002  2.60700e+003 -4.53939e+001  6.88500e+000  3.17250e+002
          2608  3.08443e+002  2.60800e+003 -4.54107e+001  6.88500e+000  3.17333e+002
          2609  3.08526e+002  2.60900e+003 -4.54258e+001  6.88500e+000  3.17417e+002
          2610  3.08597e+002  2.61000e+003 -4.54383e+001  6.88500e+000  3.17500e+002
          2611  3.08678e+002  2.61100e+003 -4.54485e+001  6.88500e+000  3.17583e+002
          2612  3.08766e+002  2.61200e+003 -4.54588e+001  6.88500e+000  3.17667e+002
          2613  3.08846e+002  2.61300e+003 -4.54691e+001  6.88500e+000  3.17750e+002
          2614  3.08926e+002  2.61400e+003 -4.54798e+001  6.88500e+000  3.17833e+002
          2615  3.09015e+002  2.61500e+003 -4.54913e+001  6.88500e+000  3.17917e+002
          2616  3.09100e+002  2.61600e+003 -4.55015e+001  6.88500e+000  3.18000e+002
          2617  3.09180e+002  2.61700e+003 -4.55120e+001  6.88500e+000  3.18083e+002
          2618  3.09266e+002  2.61800e+003 -4.55238e+001  6.88500e+000  3.18167e+002
          2619  3.09355e+002  2.61900e+003 -4.55361e+001  6.88500e+000  3.18250e+002
          2620  3.09438e+002  2.62000e+003 -4.55425e+001  6.88497e+000  3.18333e+002
          2621  3.09511e+002  2.62100e+003 -4.55522e+001  6.88488e+000  3.18417e+002
          2622  3.09591e+002  2.62200e+003 -4.55625e+001  6.88478e+000  3.18500e+002
          2623  3.09670e+002  2.62300e+003 -4.55742e+001  6.88467e+000  3.18583e+002
          2624  3.09760e+002  2.62400e+003 -4.55895e+001  6.88450e+000  3.18667e+002
          2625  3.09837e+002  2.62500e+003 -4.56018e+001  6.88438e+000  3.18750e+002
          2626  3.09929e+002  2.62600e+003 -4.56143e+001  6.88428e+000  3.18833e+002
          2627  3.10004e+002  2.62700e+003 -4.56271e+001  6.88419e+000  3.18917e+002
          2628  3.10080e+002  2.62800e+003 -4.56393e+001  6.88414e+000  3.19000e+002
          2629  3.10164e+002  2.62900e+003 -4.56507e+001  6.88410e+000  3.19083e+002
          2630  3.10246e+002  2.63000e+003 -4.56616e+001  6.88405e+000  3.19167e+002
          2631  3.10331e+002  2.63100e+003 -4.56724e+001  6.88402e+000  3.19250e+002
          2632  3.10413e+002  2.63200e+003 -4.56853e+001  6.88403e+000  3.19333e+002
          2633  3.10496e+002  2.63300e+003 -4.56979e+001  6.88402e+000  3.19417e+002
          2634  3.10577e+002  2.63400e+003 -4.57102e+001  6.88401e+000  3.19500e+002
          2635  3.10651e+002  2.63500e+003 -4.57222e+001  6.88400e+000  3.19583e+002
          2636  3.10746e+002  2.63600e+003 -4.57308e+001  6.88400e+000  3.19667e+002
          2637  3.10822e+002  2.63700e+003 -4.57419e+001  6.88400e+000  3.19750e+002
          2638  3.10915e+002  2.63800e+003 -4.57545e+001  6.88400e+000  3.19833e+002
          2639  3.10996e+002  2.63900e+003 -4.57673e+001  6.88400e+000  3.19917e+002
          2640  3.11074e+002  2.64000e+003 -4.57786e+001  6.88400e+000  3.20000e+002
          2641  3.11160e+002  2.64100e+003 -4.57894e+001  6.88400e+000  3.20083e+002
          2642  3.11242e+002  2.64200e+003 -4.58008e+001  6.88400e+000  3.20167e+002
          2643  3.11320e+002  2.64300e+003 -4.58124e+001  6.88400e+000  3.20250e+002
          2644  3.11409e+002  2.64400e+003 -4.58247e+001  6.88400e+000  3.20333e+002
          2645  3.11489e+002  2.64500e+003 -4.58379e+001  6.88400e+000  3.20417e+002
          2646  3.11565e+002  2.64600e+003 -4.58515e+001  6.88400e+000  3.20500e+002
          2647  3.11648e+002  2.64700e+003 -4.58651e+001  6.88400e+000  3.20583e+002
          2648  3.11730e+002  2.64800e+003 -4.58759e+001  6.88400e+000  3.20667e+002
          2649  3.11813e+002  2.64900e+003 -4.58877e+001  6.88400e+000  3.20750e+002
          2650  3.11898e+002  2.65000e+003 -4.58992e+001  6.88400e+000  3.20833e+002
          2651  3.11986e+002  2.65100e+003 -4.59092e+001  6.88400e+000  3.20917e+002
          2652  3.12062e+002  2.65200e+003 -4.59225e+001  6.88400e+000  3.21000e+002
          2653  3.12143e+002  2.65300e+003 -4.59373e+001  6.88400e+000  3.21083e+002
          2654  3.12226e+002  2.65400e+003 -4.59524e+001  6.88400e+000  3.21167e+002
          2655  3.12310e+002  2.65500e+003 -4.59668e+001  6.88400e+000  3.21250e+002
          2656  3.12403e+002  2.65600e+003 -4.59770e+001  6.88400e+000  3.21333e+002
          2657  3.12483e+002  2.65700e+003 -4.59883e+001  6.88400e+000  3.21417e+002
          2658  3.12557e+002  2.65800e+003 -4.59998e+001  6.88400e+000  3.21500e+002
          2659  3.12643e+002  2.65900e+003 -4.60119e+001  6.88400e+000  3.21583e+002
          2660  3.12724e+002  2.66000e+003 -4.60260e+001  6.88400e+000  3.21667e+002
          2661  3.12800e+002  2.66100e+003 -4.60397e+001  6.88400e+000  3.21750e+002
          2662  3.12886e+002  2.66200e+003 -4.60524e+001  6.88400e+000  3.21833e+002
          2663  3.12973e+002  2.66300e+003 -4.60648e+001  6.88400e+000  3.21917e+002
          2664  3.13064e+002  2.66400e+003 -4.60749e+001  6.88400e+000  3.22000e+002
          2665  3.13143e+002  2.66500e+003 -4.60859e+001  6.88397e+000  3.22083e+002
          2666  3.13220e+002  2.66600e+003 -4.60979e+001  6.88388e+000  3.22167e+002
          2667  3.13307e+002  2.66700e+003 -4.61095e+001  6.88378e+000  3.22250e+002
          2668  3.13392e+002  2.66800e+003 -4.61222e+001  6.88364e+000  3.22333e+002
          2669  3.13473e+002  2.66900e+003 -4.61328e+001  6.88352e+000  3.22417e+002
          2670  3.13542e+002  2.67000e+003 -4.61428e+001  6.88341e+000  3.22500e+002
          2671  3.13636e+002  2.67100e+003 -4.61534e+001  6.88331e+000  3.22583e+002
          2672  3.13712e+002  2.67200e+003 -4.61629e+001  6.88321e+000  3.22667e+002
          2673  3.13799e+002  2.67300e+003 -4.61734e+001  6.88314e+000  3.22750e+002
          2674  3.13878e+002  2.67400e+003 -4.61845e+001  6.88308e+000  3.22833e+002
          2675  3.13967e+002  2.67500e+003 -4.61962e+001  6.88303e+000  3.22917e+002
          2676  3.14044e+002  2.67600e+003 -4.62068e+001  6.88304e+000  3.23000e+002
          2677  3.14129e+002  2.67700e+003 -4.62169e+001  6.88303e+000  3.23083e+002
          2678  3.14223e+002  2.67800e+003 -4.62273e+001  6.88301e+000  3.23167e+002
          2679  3.14294e+002  2.67900e+003 -4.62384e+001  6.88300e+000  3.23250e+002
          2680  3.14379e+002  2.68000e+003 -4.62505e+001  6.88301e+000  3.23333e+002
          2681  3.14458e+002  2.68100e+003 -4.62618e+001  6.88300e+000  3.23417e+002
          2682  3.14539e+002  2.68200e+003 -4.62727e+001  6.88300e+000  3.23500e+002
          2683  3.14626e+002  2.68300e+003 -4.62828e+001  6.88300e+000  3.23583e+002
          2684  3.14714e+002  2.68400e+003 -4.62943e+001  6.88300e+000  3.23667e+002
          2685  3.14790e+002  2.68500e+003 -4.63069e+001  6.88300e+000  3.23750e+002
          2686  3.14872e+002  2.68600e+003 -4.63201e+001  6.88300e+000  3.23833e+002
          2687  3.14946e+002  2.68700e+003 -4.63333e+001  6.88300e+000  3.23917e+002
          2688  3.15042e+002  2.68800e+003 -4.63477e+001  6.88289e+000  3.24000e+002
          2689  3.15122e+002  2.68900e+003 -4.63619e+001  6.88278e+000  3.24083e+002
          2690  3.15206e+002  2.69000e+003 -4.63744e+001  6.88267e+000  3.24167e+002
          2691  3.15293e+002  2.69100e+003 -4.63852e+001  6.88256e+000  3.24250e+002
          2692  3.15369e+002  2.69200e+003 -4.63978e+001  6.88235e+000  3.24333e+002
          2693  3.15450e+002  2.69300e+003 -4.64109e+001  6.88223e+000  3.24417e+002
          2694  3.15532e+002  2.69400e+003 -4.64232e+001  6.88214e+000  3.24500e+002
          2695  3.15611e+002  2.69500e+003 -4.64343e+001  6.88206e+000  3.24583e+002
          2696  3.15696e+002  2.69600e+003 -4.64478e+001  6.88207e+000  3.24667e+002
          2697  3.15778e+002  2.69700e+003 -4.64596e+001  6.88205e+000  3.24750e+002
          2698  3.15857e+002  2.69800e+003 -4.64710e+001  6.88202e+000  3.24833e+002
          2699  3.15950e+002  2.69900e+003 -4.64832e+001  6.88201e+000  3.24917e+002
          2700  3.16030e+002  2.70000e+003 -4.64918e+001  6.88201e+000  3.25000e+002
          2701  3.16106e+002  2.70100e+003 -4.65031e+001  6.88201e+000  3.25083e+002
          2702  3.16190e+002  2.70200e+003 -4.65135e+001  6.88200e+000  3.25167e+002
          2703  3.16273e+002  2.70300e+003 -4.65237e+001  6.88200e+000  3.25250e+002
          2704  3.16357e+002  2.70400e+003 -4.65361e+001  6.88200e+000  3.25333e+002
          2705  3.16440e+002  2.70500e+003 -4.65467e+001  6.88200e+000  3.25417e+002
          2706  3.16520e+002  2.70600e+003 -4.65567e+001  6.88200e+000  3.25500e+002
          2707  3.16598e+002  2.70700e+003 -4.65669e+001  6.88200e+000  3.25583e+002
          2708  3.16688e+002  2.70800e+003 -4.65770e+001  6.88200e+000  3.25667e+002
          2709  3.16767e+002  2.70900e+003 -4.65858e+001  6.88200e+000  3.25750e+002
          2710  3.16853e+002  2.71000e+003 -4.65960e+001  6.88200e+000  3.25833e+002
          2711  3.16942e+002  2.71100e+003 -4.66071e+001  6.88200e+000  3.25917e+002
          2712  3.17018e+002  2.71200e+003 -4.66178e+001  6.88200e+000  3.26000e+002
          2713  3.17100e+002  2.71300e+003 -4.66287e+001  6.88200e+000  3.26083e+002
          2714  3.17186e+002  2.71400e+003 -4.66396e+001  6.88200e+000  3.26167e+002
          2715  3.17265e+002  2.71500e+003 -4.66507e+001  6.88200e+000  3.26250e+002
          2716  3.17349e+002  2.71600e+003 -4.66617e+001  6.88200e+000  3.26333e+002
          2717  3.17426e+002  2.71700e+003 -4.66715e+001  6.88200e+000  3.26417e+002
          2718  3.17514e+002  2.71800e+003 -4.66804e+001  6.88200e+000  3.26500e+002
          2719  3.17590e+002  2.71900e+003 -4.66903e+001  6.88200e+000  3.26583e+002
          2720  3.17674e+002  2.72000e+003 -4.67055e+001  6.88200e+000  3.26667e+002
          2721  3.17758e+002  2.72100e+003 -4.67194e+001  6.88200e+000  3.26750e+002
          2722  3.17837e+002  2.72200e+003 -4.67329e+001  6.88200e+000  3.26833e+002
          2723  3.17930e+002  2.72300e+003 -4.67432e+001  6.88200e+000  3.26917e+002
          2724  3.17998e+002  2.72400e+003 -4.67519e+001  6.88200e+000  3.27000e+002
          2725  3.18089e+002  2.72500e+003 -4.67628e+001  6.88200e+000  3.27083e+002
          2726  3.18175e+002  2.72600e+003 -4.67752e+001  6.88200e+000  3.27167e+002
          2727  3.18253e+002  2.72700e+003 -4.67881e+001  6.88200e+000  3.27250e+002
          2728  3.18341e+002  2.72800e+003 -4.68038e+001  6.88200e+000  3.27333e+002
          2729  3.18420e+002  2.72900e+003 -4.68159e+001  6.88200e+000  3.27417e+002
          2730  3.18495e+002  2.73000e+003 -4.68282e+001  6.88200e+000  3.27500e+002
          2731  3.18584e+002  2.73100e+003 -4.68399e+001  6.88200e+000  3.27583e+002
          2732  3.18665e+002  2.73200e+003 -4.68485e+001  6.88200e+000  3.27667e+002
          2733  3.18755e+002  2.73300e+003 -4.68599e+001  6.88197e+000  3.27750e+002
          2734  3.18835e+002  2.73400e+003 -4.68723e+001  6.88188e+000  3.27833e+002
          2735  3.18906e+002  2.73500e+003 -4.68852e+001  6.88178e+000  3.27917e+002
          2736  3.18993e+002  2.73600e+003 -4.68989e+001  6.88164e+000  3.28000e+002
          2737  3.19090e+002  2.73700e+003 -4.69114e+001  6.88152e+000  3.28083e+002
          2738  3.19159e+002  2.73800e+003 -4.69237e+001  6.88141e+000  3.28167e+002
          2739  3.19243e+002  2.73900e+003 -4.69350e+001  6.88131e+000  3.28250e+002
          2740  3.19324e+002  2.74000e+003 -4.69433e+001  6.88122e+000  3.28333e+002
          2741  3.19411e+002  2.74100e+003 -4.69536e+001  6.88114e+000  3.28417e+002
          2742  3.19497e+002  2.74200e+003 -4.69661e+001  6.88108e+000  3.28500e+002
          2743  3.19569e+002  2.74300e+003 -4.69784e+001  6.88103e+000  3.28583e+002
          2744  3.19649e+002  2.74400e+003 -4.69884e+001  6.88104e+000  3.28667e+002
          2745  3.19731e+002  2.74500e+003 -4.69992e+001  6.88103e+000  3.28750e+002
          2746  3.19822e+002  2.74600e+003 -4.70104e+001  6.88101e+000  3.28833e+002
          2747  3.19897e+002  2.74700e+003 -4.70215e+001  6.88100e+000  3.28917e+002
          2748  3.19990e+002  2.74800e+003 -4.70302e+001  6.88101e+000  3.29000e+002
          2749  3.20074e+002  2.74900e+003 -4.70394e+001  6.88100e+000  3.29083e+002
          2750  3.20147e+002  2.75000e+003 -4.70495e+001  6.88100e+000  3.29167e+002
          2751  3.20226e+002  2.75100e+003 -4.70598e+001  6.88100e+000  3.29250e+002
          2752  3.20308e+002  2.75200e+003 -4.70717e+001  6.88100e+000  3.29333e+002
          2753  3.20397e+002  2.75300e+003 -4.70820e+001  6.88100e+000  3.29417e+002
          2754  3.20475e+002  2.75400e+003 -4.70910e+001  6.88100e+000  3.29500e+002
          2755  3.20559e+002  2.75500e+003 -4.70996e+001  6.88100e+000  3.29583e+002
          2756  3.20635e+002  2.75600e+003 -4.71096e+001  6.88097e+000  3.29667e+002
          2757  3.20717e+002  2.75700e+003 -4.71196e+001  6.88088e+000  3.29750e+002
          2758  3.20809e+002  2.75800e+003 -4.71299e+001  6.88078e+000  3.29833e+002
          2759  3.20884e+002  2.75900e+003 -4.71405e+001  6.88067e+000  3.29917e+002
          2760  3.20966e+002  2.76000e+003 -4.71507e+001  6.88050e+000  3.30000e+002
          2761  3.21050e+002  2.76100e+003 -4.71623e+001  6.88038e+000  3.30083e+002
          2762  3.21136e+002  2.76200e+003 -4.71734e+001  6.88028e+000  3.30167e+002
          2763  3.21221e+002  2.76300e+003 -4.71845e+001  6.88019e+000  3.30250e+002
          2764  3.21293e+002  2.76400e+003 -4.71974e+001  6.88014e+000  3.30333e+002
          2765  3.21371e+002  2.76500e+003 -4.72091e+001  6.88010e+000  3.30417e+002
          2766  3.21455e+002  2.76600e+003 -4.72207e+001  6.88005e+000  3.30500e+002
          2767  3.21540e+002  2.76700e+003 -4.72327e+001  6.88002e+000  3.30583e+002
          2768  3.21626e+002  2.76800e+003 -4.72460e+001  6.88003e+000  3.30667e+002
          2769  3.21706e+002  2.76900e+003 -4.72576e+001  6.88002e+000  3.30750e+002
          2770  3.21780e+002  2.77000e+003 -4.72685e+001  6.88001e+000  3.30833e+002
          2771  3.21865e+002  2.77100e+003 -4.72806e+001  6.88000e+000  3.30917e+002
          2772  3.21951e+002  2.77200e+003 -4.72910e+001  6.88000e+000  3.31000e+002
          2773  3.22028e+002  2.77300e+003 -4.73010e+001  6.88000e+000  3.31083e+002
          2774  3.22121e+002  2.77400e+003 -4.73112e+001  6.88000e+000  3.31167e+002
          2775  3.22194e+002  2.77500e+003 -4.73201e+001  6.88000e+000  3.31250e+002
          2776  3.22278e+002  2.77600e+003 -4.73286e+001  6.88000e+000  3.31333e+002
          2777  3.22363e+002  2.77700e+003 -4.73376e+001  6.88000e+000  3.31417e+002
          2778  3.22448e+002  2.77800e+003 -4.73478e+001  6.88000e+000  3.31500e+002
          2779  3.22529e+002  2.77900e+003 -4.73598e+001  6.88000e+000  3.31583e+002
          2780  3.22613e+002  2.78000e+003 -4.73703e+001  6.87989e+000  3.31667e+002
          2781  3.22693e+002  2.78100e+003 -4.73812e+001  6.87978e+000  3.31750e+002
          2782  3.22782e+002  2.78200e+003 -4.73922e+001  6.87967e+000  3.31833e+002
          2783  3.22859e+002  2.78300e+003 -4.74024e+001  6.87956e+000  3.31917e+002
          2784  3.22950e+002  2.78400e+003 -4.74125e+001  6.87936e+000  3.32000e+002
          2785  3.23027e+002  2.78500e+003 -4.74229e+001  6.87923e+000  3.32083e+002
          2786  3.23113e+002  2.78600e+003 -4.74326e+001  6.87914e+000  3.32167e+002
          2787  3.23189e+002  2.78700e+003 -4.74418e+001  6.87906e+000  3.32250e+002
          2788  3.23260e+002  2.78800e+003 -4.74576e+001  6.87907e+000  3.32333e+002
          2789  3.23354e+002  2.78900e+003 -4.74691e+001  6.87905e+000  3.32417e+002
          2790  3.23436e+002  2.79000e+003 -4.74798e+001  6.87902e+000  3.32500e+002
          2791  3.23521e+002  2.79100e+003 -4.74908e+001  6.87901e+000  3.32583e+002
          2792  3.23606e+002  2.79200e+003 -4.74976e+001  6.87901e+000  3.32667e+002
          2793  3.23675e+002  2.79300e+003 -4.75071e+001  6.87901e+000  3.32750e+002
          2794  3.23764e+002  2.79400e+003 -4.75179e+001  6.87900e+000  3.32833e+002
          2795  3.23841e+002  2.79500e+003 -4.75287e+001  6.87900e+000  3.32917e+002
          2796  3.23932e+002  2.79600e+003 -4.75389e+001  6.87900e+000  3.33000e+002
          2797  3.24012e+002  2.79700e+003 -4.75501e+001  6.87900e+000  3.33083e+002
          2798  3.24095e+002  2.79800e+003 -4.75619e+001  6.87900e+000  3.33167e+002
          2799  3.24175e+002  2.79900e+003 -4.75729e+001  6.87900e+000  3.33250e+002
          2800  3.24258e+002  2.80000e+003 -4.75837e+001  6.87900e+000  3.33333e+002
          2801  3.24339e+002  2.80100e+003 -4.75946e+001  6.87900e+000  3.33417e+002
          2802  3.24427e+002  2.80200e+003 -4.76056e+001  6.87897e+000  3.33500e+002
          2803  3.24507e+002  2.80300e+003 -4.76168e+001  6.87889e+000  3.33583e+002
          2804  3.24598e+002  2.80400e+003 -4.76259e+001  6.87877e+000  3.33667e+002
          2805  3.24677e+002  2.80500e+003 -4.76357e+001  6.87868e+000  3.33750e+002
          2806  3.24751e+002  2.80600e+003 -4.76452e+001  6.87866e+000  3.33833e+002
          2807  3.24832e+002  2.80700e+003 -4.76545e+001  6.87865e+000  3.33917e+002
          2808  3.24916e+002  2.80800e+003 -4.76648e+001  6.87865e+000  3.34000e+002
          2809  3.25001e+002  2.80900e+003 -4.76757e+001  6.87867e+000  3.34083e+002
          2810  3.25084e+002  2.81000e+003 -4.76862e+001  6.87870e+000  3.34167e+002
          2811  3.25176e+002  2.81100e+003 -4.76958e+001  6.87874e+000  3.34250e+002
          2812  3.25247e+002  2.81200e+003 -4.77055e+001  6.87884e+000  3.34333e+002
          2813  3.25325e+002  2.81300e+003 -4.77153e+001  6.87890e+000  3.34417e+002
          2814  3.25408e+002  2.81400e+003 -4.77250e+001  6.87894e+000  3.34500e+002
          2815  3.25493e+002  2.81500e+003 -4.77344e+001  6.87897e+000  3.34583e+002
          2816  3.25573e+002  2.81600e+003 -4.77439e+001  6.87897e+000  3.34667e+002
          2817  3.25656e+002  2.81700e+003 -4.77538e+001  6.87898e+000  3.34750e+002
          2818  3.25742e+002  2.81800e+003 -4.77638e+001  6.87899e+000  3.34833e+002
          2819  3.25824e+002  2.81900e+003 -4.77744e+001  6.87900e+000  3.34917e+002
          2820  3.25919e+002  2.82000e+003 -4.77826e+001  6.87899e+000  3.35000e+002
          2821  3.25980e+002  2.82100e+003 -4.77911e+001  6.87900e+000  3.35083e+002
          2822  3.26070e+002  2.82200e+003 -4.77999e+001  6.87900e+000  3.35167e+002
          2823  3.26151e+002  2.82300e+003 -4.78099e+001  6.87900e+000  3.35250e+002
          2824  3.26236e+002  2.82400e+003 -4.78224e+001  6.87900e+000  3.35333e+002
          2825  3.26321e+002  2.82500e+003 -4.78331e+001  6.87897e+000  3.35417e+002
          2826  3.26401e+002  2.82600e+003 -4.78437e+001  6.87888e+000  3.35500e+002
          2827  3.26483e+002  2.82700e+003 -4.78539e+001  6.87878e+000  3.35583e+002
          2828  3.26563e+002  2.82800e+003 -4.78661e+001  6.87864e+000  3.35667e+002
          2829  3.26654e+002  2.82900e+003 -4.78778e+001  6.87852e+000  3.35750e+002
          2830  3.26736e+002  2.83000e+003 -4.78888e+001  6.87841e+000  3.35833e+002
          2831  3.26813e+002  2.83100e+003 -4.78991e+001  6.87831e+000  3.35917e+002
          2832  3.26891e+002  2.83200e+003 -4.79119e+001  6.87822e+000  3.36000e+002
          2833  3.26970e+002  2.83300e+003 -4.79235e+001  6.87814e+000  3.36083e+002
          2834  3.27058e+002  2.83400e+003 -4.79351e+001  6.87808e+000  3.36167e+002
          2835  3.27143e+002  2.83500e+003 -4.79468e+001  6.87803e+000  3.36250e+002
          2836  3.27229e+002  2.83600e+003 -4.79569e+001  6.87804e+000  3.36333e+002
          2837  3.27310e+002  2.83700e+003 -4.79680e+001  6.87803e+000  3.36417e+002
          2838  3.27389e+002  2.83800e+003 -4.79792e+001  6.87801e+000  3.36500e+002
          2839  3.27467e+002  2.83900e+003 -4.79897e+001  6.87800e+000  3.36583e+002
          2840  3.27550e+002  2.84000e+003 -4.79989e+001  6.87801e+000  3.36667e+002
          2841  3.27634e+002  2.84100e+003 -4.80080e+001  6.87801e+000  3.36750e+002
          2842  3.27709e+002  2.84200e+003 -4.80178e+001  6.87800e+000  3.36833e+002
          2843  3.27794e+002  2.84300e+003 -4.80275e+001  6.87800e+000  3.36917e+002
          2844  3.27890e+002  2.84400e+003 -4.80375e+001  6.87800e+000  3.37000e+002
          2845  3.27960e+002  2.84500e+003 -4.80487e+001  6.87800e+000  3.37083e+002
          2846  3.28045e+002  2.84600e+003 -4.80597e+001  6.87800e+000  3.37167e+002
          2847  3.28127e+002  2.84700e+003 -4.80704e+001  6.87800e+000  3.37250e+002
          2848  3.28214e+002  2.84800e+003 -4.80769e+001  6.87800e+000  3.37333e+002
          2849  3.28299e+002  2.84900e+003 -4.80853e+001  6.87797e+000  3.37417e+002
          2850  3.28374e+002  2.85000e+003 -4.80951e+001  6.87788e+000  3.37500e+002
          2851  3.28455e+002  2.85100e+003 -4.81044e+001  6.87778e+000  3.37583e+002
          2852  3.28538e+002  2.85200e+003 -4.81164e+001  6.87764e+000  3.37667e+002
          2853  3.28627e+002  2.85300e+003 -4.81267e+001  6.87752e+000  3.37750e+002
          2854  3.28701e+002  2.85400e+003 -4.81373e+001  6.87741e+000  3.37833e+002
          2855  3.28782e+002  2.85500e+003 -4.81479e+001  6.87731e+000  3.37917e+002
          2856  3.28872e+002  2.85600e+003 -4.81562e+001  6.87722e+000  3.38000e+002
          2857  3.28953e+002  2.85700e+003 -4.81647e+001  6.87714e+000  3.38083e+002
          2858  3.29038e+002  2.85800e+003 -4.81738e+001  6.87708e+000  3.38167e+002
          2859  3.29111e+002  2.85900e+003 -4.81838e+001  6.87703e+000  3.38250e+002
          2860  3.29204e+002  2.86000e+003 -4.81924e+001  6.87704e+000  3.38333e+002
          2861  3.29285e+002  2.86100e+003 -4.82024e+001  6.87703e+000  3.38417e+002
          2862  3.29365e+002  2.86200e+003 -4.82126e+001  6.87701e+000  3.38500e+002
          2863  3.29440e+002  2.86300e+003 -4.82212e+001  6.87700e+000  3.38583e+002
          2864  3.29525e+002  2.86400e+003 -4.82324e+001  6.87701e+000  3.38667e+002
          2865  3.29614e+002  2.86500e+003 -4.82429e+001  6.87700e+000  3.38750e+002
          2866  3.29699e+002  2.86600e+003 -4.82537e+001  6.87700e+000  3.38833e+002
          2867  3.29777e+002  2.86700e+003 -4.82655e+001  6.87700e+000  3.38917e+002
          2868  3.29850e+002  2.86800e+003 -4.82761e+001  6.87700e+000  3.39000e+002
          2869  3.29933e+002  2.86900e+003 -4.82866e+001  6.87700e+000  3.39083e+002
          2870  3.30015e+002  2.87000e+003 -4.82962e+001  6.87700e+000  3.39167e+002
          2871  3.30096e+002  2.87100e+003 -4.83053e+001  6.87700e+000  3.39250e+002
          2872  3.30181e+002  2.87200e+003 -4.83150e+001  6.87697e+000  3.39333e+002
          2873  3.30261e+002  2.87300e+003 -4.83258e+001  6.87688e+000  3.39417e+002
          2874  3.30344e+002  2.87400e+003 -4.83367e+001  6.87678e+000  3.39500e+002
          2875  3.30422e+002  2.87500e+003 -4.83473e+001  6.87667e+000  3.39583e+002
          2876  3.30511e+002  2.87600e+003 -4.83597e+001  6.87650e+000  3.39667e+002
          2877  3.30588e+002  2.87700e+003 -4.83722e+001  6.87638e+000  3.39750e+002
          2878  3.30675e+002  2.87800e+003 -4.83839e+001  6.87628e+000  3.39833e+002
          2879  3.30762e+002  2.87900e+003 -4.83954e+001  6.87618e+000  3.39917e+002
          2880  3.30838e+002  2.88000e+003 -4.84052e+001  6.87614e+000  3.40000e+002
          2881  3.30928e+002  2.88100e+003 -4.84153e+001  6.87610e+000  3.40083e+002
          2882  3.31000e+002  2.88200e+003 -4.84271e+001  6.87605e+000  3.40167e+002
          2883  3.31085e+002  2.88300e+003 -4.84388e+001  6.87602e+000  3.40250e+002
          2884  3.31163e+002  2.88400e+003 -4.84511e+001  6.87603e+000  3.40333e+002
          2885  3.31248e+002  2.88500e+003 -4.84618e+001  6.87602e+000  3.40417e+002
          2886  3.31334e+002  2.88600e+003 -4.84716e+001  6.87601e+000  3.40500e+002
          2887  3.31424e+002  2.88700e+003 -4.84819e+001  6.87600e+000  3.40583e+002
          2888  3.31504e+002  2.88800e+003 -4.84907e+001  6.87600e+000  3.40667e+002
          2889  3.31578e+002  2.88900e+003 -4.84996e+001  6.87600e+000  3.40750e+002
          2890  3.31660e+002  2.89000e+003 -4.85092e+001  6.87600e+000  3.40833e+002
          2891  3.31743e+002  2.89100e+003 -4.85205e+001  6.87600e+000  3.40917e+002
          2892  3.31822e+002  2.89200e+003 -4.85307e+001  6.87600e+000  3.41000e+002
          2893  3.31909e+002  2.89300e+003 -4.85414e+001  6.87600e+000  3.41083e+002
          2894  3.31990e+002  2.89400e+003 -4.85519e+001  6.87600e+000  3.41167e+002
          2895  3.32075e+002  2.89500e+003 -4.85608e+001  6.87600e+000  3.41250e+002
          2896  3.32155e+002  2.89600e+003 -4.85704e+001  6.87597e+000  3.41333e+002
          2897  3.32239e+002  2.89700e+003 -4.85804e+001  6.87588e+000  3.41417e+002
          2898  3.32321e+002  2.89800e+003 -4.85912e+001  6.87578e+000  3.41500e+002
          2899  3.32405e+002  2.89900e+003 -4.86013e+001  6.87567e+000  3.41583e+002
          2900  3.32497e+002  2.90000e+003 -4.86115e+001  6.87550e+000  3.41667e+002
          2901  3.32568e+002  2.90100e+003 -4.86218e+001  6.87538e+000  3.41750e+002
          2902  3.32645e+002  2.90200e+003 -4.86320e+001  6.87528e+000  3.41833e+002
          2903  3.32733e+002  2.90300e+003 -4.86422e+001  6.87519e+000  3.41917e+002
          2904  3.32819e+002  2.90400e+003 -4.86465e+001  6.87514e+000  3.42000e+002
          2905  3.32897e+002  2.90500e+003 -4.86540e+001  6.87510e+000  3.42083e+002
          2906  3.32974e+002  2.90600e+003 -4.86629e+001  6.87505e+000  3.42167e+002
          2907  3.33069e+002  2.90700e+003 -4.86723e+001  6.87502e+000  3.42250e+002
          2908  3.33153e+002  2.90800e+003 -4.86823e+001  6.87503e+000  3.42333e+002
          2909  3.33233e+002  2.90900e+003 -4.86914e+001  6.87502e+000  3.42417e+002
          2910  3.33309e+002  2.91000e+003 -4.87010e+001  6.87501e+000  3.42500e+002
          2911  3.33401e+002  2.91100e+003 -4.87110e+001  6.87500e+000  3.42583e+002
          2912  3.33478e+002  2.91200e+003 -4.87207e+001  6.87500e+000  3.42667e+002
          2913  3.33563e+002  2.91300e+003 -4.87298e+001  6.87500e+000  3.42750e+002
          2914  3.33638e+002  2.91400e+003 -4.87394e+001  6.87500e+000  3.42833e+002
          2915  3.33722e+002  2.91500e+003 -4.87497e+001  6.87500e+000  3.42917e+002
          2916  3.33805e+002  2.91600e+003 -4.87622e+001  6.87500e+000  3.43000e+002
          2917  3.33889e+002  2.91700e+003 -4.87726e+001  6.87500e+000  3.43083e+002
          2918  3.33979e+002  2.91800e+003 -4.87817e+001  6.87500e+000  3.43167e+002
          2919  3.34068e+002  2.91900e+003 -4.87913e+001  6.87500e+000  3.43250e+002
          2920  3.34139e+002  2.92000e+003 -4.88036e+001  6.87497e+000  3.43333e+002
          2921  3.34223e+002  2.92100e+003 -4.88151e+001  6.87488e+000  3.43417e+002
          2922  3.34314e+002  2.92200e+003 -4.88261e+001  6.87478e+000  3.43500e+002
          2923  3.34393e+002  2.92300e+003 -4.88369e+001  6.87467e+000  3.43583e+002
          2924  3.34468e+002  2.92400e+003 -4.88461e+001  6.87450e+000  3.43667e+002
          2925  3.34549e+002  2.92500e+003 -4.88553e+001  6.87438e+000  3.43750e+002
          2926  3.34631e+002  2.92600e+003 -4.88645e+001  6.87425e+000  3.43833e+002
          2927  3.34720e+002  2.92700e+003 -4.88733e+001  6.87407e+000  3.43917e+002
          2928  3.34803e+002  2.92800e+003 -4.88825e+001  6.87391e+000  3.44000e+002
          2929  3.34878e+002  2.92900e+003 -4.88920e+001  6.87375e+000  3.44083e+002
          2930  3.34957e+002  2.93000e+003 -4.89018e+001  6.87360e+000  3.44167e+002
          2931  3.35050e+002  2.93100e+003 -4.89121e+001  6.87345e+000  3.44250e+002
          2932  3.35131e+002  2.93200e+003 -4.89208e+001  6.87331e+000  3.44333e+002
          2933  3.35211e+002  2.93300e+003 -4.89300e+001  6.87321e+000  3.44417e+002
          2934  3.35293e+002  2.93400e+003 -4.89402e+001  6.87312e+000  3.44500e+002
          2935  3.35367e+002  2.93500e+003 -4.89512e+001  6.87305e+000  3.44583e+002
          2936  3.35459e+002  2.93600e+003 -4.89608e+001  6.87306e+000  3.44667e+002
          2937  3.35547e+002  2.93700e+003 -4.89712e+001  6.87304e+000  3.44750e+002
          2938  3.35626e+002  2.93800e+003 -4.89815e+001  6.87302e+000  3.44833e+002
          2939  3.35708e+002  2.93900e+003 -4.89918e+001  6.87301e+000  3.44917e+002
          2940  3.35782e+002  2.94000e+003 -4.90051e+001  6.87301e+000  3.45000e+002
          2941  3.35862e+002  2.94100e+003 -4.90163e+001  6.87301e+000  3.45083e+002
          2942  3.35952e+002  2.94200e+003 -4.90261e+001  6.87300e+000  3.45167e+002
          2943  3.36040e+002  2.94300e+003 -4.90354e+001  6.87300e+000  3.45250e+002
          2944  3.36119e+002  2.94400e+003 -4.90454e+001  6.87297e+000  3.45333e+002
          2945  3.36201e+002  2.94500e+003 -4.90559e+001  6.87288e+000  3.45417e+002
          2946  3.36279e+002  2.94600e+003 -4.90650e+001  6.87278e+000  3.45500e+002
          2947  3.36362e+002  2.94700e+003 -4.90736e+001  6.87267e+000  3.45583e+002
          2948  3.36443e+002  2.94800e+003 -4.90826e+001  6.87250e+000  3.45667e+002
          2949  3.36526e+002  2.94900e+003 -4.90924e+001  6.87238e+000  3.45750e+002
          2950  3.36613e+002  2.95000e+003 -4.91021e+001  6.87228e+000  3.45833e+002
          2951  3.36701e+002  2.95100e+003 -4.91111e+001  6.87219e+000  3.45917e+002
          2952  3.36778e+002  2.95200e+003 -4.91206e+001  6.87214e+000  3.46000e+002
          2953  3.36848e+002  2.95300e+003 -4.91305e+001  6.87210e+000  3.46083e+002
          2954  3.36938e+002  2.95400e+003 -4.91397e+001  6.87205e+000  3.46167e+002
          2955  3.37029e+002  2.95500e+003 -4.91502e+001  6.87202e+000  3.46250e+002
          2956  3.37113e+002  2.95600e+003 -4.91586e+001  6.87203e+000  3.46333e+002
          2957  3.37181e+002  2.95700e+003 -4.91683e+001  6.87202e+000  3.46417e+002
          2958  3.37271e+002  2.95800e+003 -4.91771e+001  6.87201e+000  3.46500e+002
          2959  3.37355e+002  2.95900e+003 -4.91857e+001  6.87200e+000  3.46583e+002
          2960  3.37439e+002  2.96000e+003 -4.91956e+001  6.87200e+000  3.46667e+002
          2961  3.37524e+002  2.96100e+003 -4.92049e+001  6.87200e+000  3.46750e+002
          2962  3.37604e+002  2.96200e+003 -4.92138e+001  6.87200e+000  3.46833e+002
          2963  3.37684e+002  2.96300e+003 -4.92222e+001  6.87200e+000  3.46917e+002
          2964  3.37763e+002  2.96400e+003 -4.92303e+001  6.87200e+000  3.47000e+002
          2965  3.37842e+002  2.96500e+003 -4.92380e+001  6.87200e+000  3.47083e+002
          2966  3.37927e+002  2.96600e+003 -4.92471e+001  6.87200e+000  3.47167e+002
          2967  3.38013e+002  2.96700e+003 -4.92571e+001  6.87200e+000  3.47250e+002
          2968  3.38094e+002  2.96800e+003 -4.92629e+001  6.87197e+000  3.47333e+002
          2969  3.38175e+002  2.96900e+003 -4.92722e+001  6.87188e+000  3.47417e+002
          2970  3.38264e+002  2.97000e+003 -4.92811e+001  6.87178e+000  3.47500e+002
          2971  3.38340e+002  2.97100e+003 -4.92903e+001  6.87167e+000  3.47583e+002
          2972  3.38421e+002  2.97200e+003 -4.92999e+001  6.87150e+000  3.47667e+002
          2973  3.38511e+002  2.97300e+003 -4.93081e+001  6.87138e+000  3.47750e+002
          2974  3.38595e+002  2.97400e+003 -4.93162e+001  6.87128e+000  3.47833e+002
          2975  3.38667e+002  2.97500e+003 -4.93244e+001  6.87119e+000  3.47917e+002
          2976  3.38765e+002  2.97600e+003 -4.93359e+001  6.87112e+000  3.48000e+002
          2977  3.38833e+002  2.97700e+003 -4.93459e+001  6.87098e+000  3.48083e+002
          2978  3.38925e+002  2.97800e+003 -4.93571e+001  6.87083e+000  3.48167e+002
          2979  3.39005e+002  2.97900e+003 -4.93691e+001  6.87069e+000  3.48250e+002
          2980  3.39080e+002  2.98000e+003 -4.93802e+001  6.87052e+000  3.48333e+002
          2981  3.39175e+002  2.98100e+003 -4.93911e+001  6.87040e+000  3.48417e+002
          2982  3.39247e+002  2.98200e+003 -4.94019e+001  6.87029e+000  3.48500e+002
          2983  3.39330e+002  2.98300e+003 -4.94129e+001  6.87019e+000  3.48583e+002
          2984  3.39410e+002  2.98400e+003 -4.94248e+001  6.87015e+000  3.48667e+002
          2985  3.39490e+002  2.98500e+003 -4.94352e+001  6.87010e+000  3.48750e+002
          2986  3.39564e+002  2.98600e+003 -4.94442e+001  6.87006e+000  3.48833e+002
          2987  3.39657e+002  2.98700e+003 -4.94521e+001  6.87002e+000  3.48917e+002
          2988  3.39743e+002  2.98800e+003 -4.94626e+001  6.87003e+000  3.49000e+002
          2989  3.39822e+002  2.98900e+003 -4.94720e+001  6.87002e+000  3.49083e+002
          2990  3.39902e+002  2.99000e+003 -4.94821e+001  6.87001e+000  3.49167e+002
          2991  3.39983e+002  2.99100e+003 -4.94913e+001  6.87000e+000  3.49250e+002
          2992  3.40063e+002  2.99200e+003 -4.94941e+001  6.86998e+000  3.49333e+002
          2993  3.40136e+002  2.99300e+003 -4.95015e+001  6.86988e+000  3.49417e+002
          2994  3.40233e+002  2.99400e+003 -4.95111e+001  6.86978e+000  3.49500e+002
          2995  3.40313e+002  2.99500e+003 -4.95214e+001  6.86967e+000  3.49583e+002
          2996  3.40398e+002  2.99600e+003 -4.95304e+001  6.86950e+000  3.49667e+002
          2997  3.40482e+002  2.99700e+003 -4.95407e+001  6.86938e+000  3.49750e+002
          2998  3.40567e+002  2.99800e+003 -4.95506e+001  6.86928e+000  3.49833e+002
          2999  3.40640e+002  2.99900e+003 -4.95603e+001  6.86918e+000  3.49917e+002
          3000  3.40727e+002  3.00000e+003 -4.95713e+001  6.86914e+000  3.50000e+002
          3001  3.40807e+002  3.00100e+003 -4.95806e+001  6.86910e+000  3.50083e+002
          3002  3.40890e+002  3.00200e+003 -4.95897e+001  6.86905e+000  3.50167e+002
          3003  3.40977e+002  3.00300e+003 -4.95989e+001  6.86902e+000  3.50250e+002
          3004  3.41049e+002  3.00400e+003 -4.96099e+001  6.86903e+000  3.50333e+002
          3005  3.41137e+002  3.00500e+003 -4.96196e+001  6.86902e+000  3.50417e+002
          3006  3.41216e+002  3.00600e+003 -4.96286e+001  6.86901e+000  3.50500e+002
          3007  3.41301e+002  3.00700e+003 -4.96374e+001  6.86900e+000  3.50583e+002
          3008  3.41382e+002  3.00800e+003 -4.96411e+001  6.86900e+000  3.50667e+002
          3009  3.41462e+002  3.00900e+003 -4.96473e+001  6.86898e+000  3.50750e+002
          3010  3.41546e+002  3.01000e+003 -4.96537e+001  6.86888e+000  3.50833e+002
          3011  3.41627e+002  3.01100e+003 -4.96603e+001  6.86878e+000  3.50917e+002
          3012  3.41712e+002  3.01200e+003 -4.96680e+001  6.86864e+000  3.51000e+002
          3013  3.41802e+002  3.01300e+003 -4.96758e+001  6.86852e+000  3.51083e+002
          3014  3.41884e+002  3.01400e+003 -4.96850e+001  6.86841e+000  3.51167e+002
          3015  3.41946e+002  3.01500e+003 -4.96954e+001  6.86831e+000  3.51250e+002
          3016  3.42045e+002  3.01600e+003 -4.97029e+001  6.86822e+000  3.51333e+002
          3017  3.42133e+002  3.01700e+003 -4.97110e+001  6.86811e+000  3.51417e+002
          3018  3.42216e+002  3.01800e+003 -4.97192e+001  6.86797e+000  3.51500e+002
          3019  3.42298e+002  3.01900e+003 -4.97271e+001  6.86781e+000  3.51583e+002
          3020  3.42371e+002  3.02000e+003 -4.97397e+001  6.86768e+000  3.51667e+002
          3021  3.42439e+002  3.02100e+003 -4.97492e+001  6.86755e+000  3.51750e+002
          3022  3.42536e+002  3.02200e+003 -4.97589e+001  6.86742e+000  3.51833e+002
          3023  3.42614e+002  3.02300e+003 -4.97695e+001  6.86731e+000  3.51917e+002
          3024  3.42697e+002  3.02400e+003 -4.97790e+001  6.86722e+000  3.52000e+002
          3025  3.42784e+002  3.02500e+003 -4.97885e+001  6.86715e+000  3.52083e+002
          3026  3.42872e+002  3.02600e+003 -4.97988e+001  6.86709e+000  3.52167e+002
          3027  3.42950e+002  3.02700e+003 -4.98085e+001  6.86703e+000  3.52250e+002
          3028  3.43034e+002  3.02800e+003 -4.98168e+001  6.86704e+000  3.52333e+002
          3029  3.43115e+002  3.02900e+003 -4.98263e+001  6.86703e+000  3.52417e+002
          3030  3.43196e+002  3.03000e+003 -4.98358e+001  6.86702e+000  3.52500e+002
          3031  3.43274e+002  3.03100e+003 -4.98445e+001  6.86700e+000  3.52583e+002
          3032  3.43360e+002  3.03200e+003 -4.98537e+001  6.86701e+000  3.52667e+002
          3033  3.43443e+002  3.03300e+003 -4.98620e+001  6.86700e+000  3.52750e+002
          3034  3.43521e+002  3.03400e+003 -4.98703e+001  6.86700e+000  3.52833e+002
          3035  3.43609e+002  3.03500e+003 -4.98785e+001  6.86700e+000  3.52917e+002
          3036  3.43690e+002  3.03600e+003 -4.98854e+001  6.86697e+000  3.53000e+002
          3037  3.43771e+002  3.03700e+003 -4.98919e+001  6.86688e+000  3.53083e+002
          3038  3.43851e+002  3.03800e+003 -4.98990e+001  6.86678e+000  3.53167e+002
          3039  3.43936e+002  3.03900e+003 -4.99070e+001  6.86667e+000  3.53250e+002
          3040  3.44029e+002  3.04000e+003 -4.99137e+001  6.86650e+000  3.53333e+002
          3041  3.44102e+002  3.04100e+003 -4.99226e+001  6.86635e+000  3.53417e+002
          3042  3.44186e+002  3.04200e+003 -4.99318e+001  6.86616e+000  3.53500e+002
          3043  3.44263e+002  3.04300e+003 -4.99400e+001  6.86596e+000  3.53583e+002
          3044  3.44352e+002  3.04400e+003 -4.99506e+001  6.86578e+000  3.53667e+002
          3045  3.44427e+002  3.04500e+003 -4.99597e+001  6.86561e+000  3.53750e+002
          3046  3.44520e+002  3.04600e+003 -4.99680e+001  6.86546e+000  3.53833e+002
          3047  3.44607e+002  3.04700e+003 -4.99763e+001  6.86533e+000  3.53917e+002
          3048  3.44682e+002  3.04800e+003 -4.99867e+001  6.86524e+000  3.54000e+002
          3049  3.44753e+002  3.04900e+003 -4.99959e+001  6.86516e+000  3.54083e+002
          3050  3.44841e+002  3.05000e+003 -5.00037e+001  6.86509e+000  3.54167e+002
          3051  3.44925e+002  3.05100e+003 -5.00120e+001  6.86504e+000  3.54250e+002
          3052  3.45005e+002  3.05200e+003 -5.00183e+001  6.86505e+000  3.54333e+002
          3053  3.45088e+002  3.05300e+003 -5.00264e+001  6.86503e+000  3.54417e+002
          3054  3.45172e+002  3.05400e+003 -5.00339e+001  6.86502e+000  3.54500e+002
          3055  3.45262e+002  3.05500e+003 -5.00406e+001  6.86500e+000  3.54583e+002
          3056  3.45343e+002  3.05600e+003 -5.00484e+001  6.86501e+000  3.54667e+002
          3057  3.45417e+002  3.05700e+003 -5.00549e+001  6.86501e+000  3.54750e+002
          3058  3.45499e+002  3.05800e+003 -5.00603e+001  6.86500e+000  3.54833e+002
          3059  3.45578e+002  3.05900e+003 -5.00657e+001  6.86500e+000  3.54917e+002
          3060  3.45667e+002  3.06000e+003 -5.00722e+001  6.86500e+000  3.55000e+002
          3061  3.45746e+002  3.06100e+003 -5.00771e+001  6.86500e+000  3.55083e+002
          3062  3.45831e+002  3.06200e+003 -5.00832e+001  6.86497e+000  3.55167e+002
          3063  3.45916e+002  3.06300e+003 -5.00915e+001  6.86489e+000  3.55250e+002
          3064  3.45995e+002  3.06400e+003 -5.00957e+001  6.86477e+000  3.55333e+002
          3065  3.46078e+002  3.06500e+003 -5.01014e+001  6.86465e+000  3.55417e+002
          3066  3.46164e+002  3.06600e+003 -5.01092e+001  6.86451e+000  3.55500e+002
          3067  3.46248e+002  3.06700e+003 -5.01185e+001  6.86432e+000  3.55583e+002
          3068  3.46330e+002  3.06800e+003 -5.01255e+001  6.86405e+000  3.55667e+002
          3069  3.46416e+002  3.06900e+003 -5.01338e+001  6.86384e+000  3.55750e+002
          3070  3.46493e+002  3.07000e+003 -5.01429e+001  6.86365e+000  3.55833e+002
          3071  3.46576e+002  3.07100e+003 -5.01522e+001  6.86348e+000  3.55917e+002
          3072  3.46650e+002  3.07200e+003 -5.01684e+001  6.86334e+000  3.56000e+002
          3073  3.46734e+002  3.07300e+003 -5.01804e+001  6.86323e+000  3.56083e+002
          3074  3.46817e+002  3.07400e+003 -5.01890e+001  6.86313e+000  3.56167e+002
          3075  3.46907e+002  3.07500e+003 -5.01973e+001  6.86305e+000  3.56250e+002
          3076  3.46983e+002  3.07600e+003 -5.02051e+001  6.86307e+000  3.56333e+002
          3077  3.47070e+002  3.07700e+003 -5.02135e+001  6.86304e+000  3.56417e+002
          3078  3.47140e+002  3.07800e+003 -5.02226e+001  6.86302e+000  3.56500e+002
          3079  3.47229e+002  3.07900e+003 -5.02311e+001  6.86301e+000  3.56583e+002
          3080  3.47302e+002  3.08000e+003 -5.02400e+001  6.86301e+000  3.56667e+002
          3081  3.47395e+002  3.08100e+003 -5.02483e+001  6.86301e+000  3.56750e+002
          3082  3.47486e+002  3.08200e+003 -5.02577e+001  6.86300e+000  3.56833e+002
          3083  3.47570e+002  3.08300e+003 -5.02686e+001  6.86300e+000  3.56917e+002
          3084  3.47645e+002  3.08400e+003 -5.02716e+001  6.86289e+000  3.57000e+002
          3085  3.47731e+002  3.08500e+003 -5.02777e+001  6.86278e+000  3.57083e+002
          3086  3.47804e+002  3.08600e+003 -5.02849e+001  6.86267e+000  3.57167e+002
          3087  3.47893e+002  3.08700e+003 -5.02923e+001  6.86256e+000  3.57250e+002
          3088  3.47974e+002  3.08800e+003 -5.03022e+001  6.86236e+000  3.57333e+002
          3089  3.48058e+002  3.08900e+003 -5.03124e+001  6.86223e+000  3.57417e+002
          3090  3.48137e+002  3.09000e+003 -5.03220e+001  6.86214e+000  3.57500e+002
          3091  3.48217e+002  3.09100e+003 -5.03313e+001  6.86206e+000  3.57583e+002
          3092  3.48309e+002  3.09200e+003 -5.03396e+001  6.86196e+000  3.57667e+002
          3093  3.48393e+002  3.09300e+003 -5.03471e+001  6.86183e+000  3.57750e+002
          3094  3.48473e+002  3.09400e+003 -5.03544e+001  6.86169e+000  3.57833e+002
          3095  3.48565e+002  3.09500e+003 -5.03611e+001  6.86156e+000  3.57917e+002
          3096  3.48639e+002  3.09600e+003 -5.03701e+001  6.86137e+000  3.58000e+002
          3097  3.48713e+002  3.09700e+003 -5.03808e+001  6.86124e+000  3.58083e+002
          3098  3.48798e+002  3.09800e+003 -5.03912e+001  6.86115e+000  3.58167e+002
          3099  3.48893e+002  3.09900e+003 -5.04009e+001  6.86106e+000  3.58250e+002
          3100  3.48968e+002  3.10000e+003 -5.04076e+001  6.86107e+000  3.58333e+002
          3101  3.49056e+002  3.10100e+003 -5.04147e+001  6.86105e+000  3.58417e+002
          3102  3.49134e+002  3.10200e+003 -5.04216e+001  6.86100e+000  3.58500e+002
          3103  3.49221e+002  3.10300e+003 -5.04280e+001  6.86090e+000  3.58583e+002
          3104  3.49299e+002  3.10400e+003 -5.04371e+001  6.86078e+000  3.58667e+002
          3105  3.49386e+002  3.10500e+003 -5.04458e+001  6.86066e+000  3.58750e+002
          3106  3.49463e+002  3.10600e+003 -5.04541e+001  6.86055e+000  3.58833e+002
          3107  3.49555e+002  3.10700e+003 -5.04620e+001  6.86043e+000  3.58917e+002
          3108  3.49626e+002  3.10800e+003 -5.04664e+001  6.86029e+000  3.59000e+002
          3109  3.49710e+002  3.10900e+003 -5.04731e+001  6.86019e+000  3.59083e+002
          3110  3.49798e+002  3.11000e+003 -5.04798e+001  6.86011e+000  3.59167e+002
          3111  3.49880e+002  3.11100e+003 -5.04854e+001  6.86005e+000  3.59250e+002
          3112  3.49959e+002  3.11200e+003 -5.04946e+001  6.86006e+000  3.59333e+002
          3113  3.50040e+002  3.11300e+003 -5.05030e+001  6.86004e+000  3.59417e+002
          3114  3.50127e+002  3.11400e+003 -5.05104e+001  6.86002e+000  3.59500e+002
          3115  3.50210e+002  3.11500e+003 -5.05171e+001  6.86001e+000  3.59583e+002
          3116  3.50282e+002  3.11600e+003 -5.05241e+001  6.85998e+000  3.59667e+002
          3117  3.50374e+002  3.11700e+003 -5.05326e+001  6.85989e+000  3.59750e+002
          3118  3.50459e+002  3.11800e+003 -5.05410e+001  6.85978e+000  3.59833e+002
          3119  3.50545e+002  3.11900e+003 -5.05494e+001  6.85967e+000  3.59917e+002
          3120  3.50617e+002  3.12000e+003 -5.05586e+001  6.85939e+000  3.60000e+002
          3121  3.50702e+002  3.12100e+003 -5.05669e+001  6.85916e+000  3.60083e+002
          3122  3.50791e+002  3.12200e+003 -5.05756e+001  6.85894e+000  3.60167e+002
          3123  3.50873e+002  3.12300e+003 -5.05834e+001  6.85874e+000  3.60250e+002
          3124  3.50959e+002  3.12400e+003 -5.05902e+001  6.85850e+000  3.60333e+002
          3125  3.51031e+002  3.12500e+003 -5.05962e+001  6.85833e+000  3.60417e+002
          3126  3.51121e+002  3.12600e+003 -5.06022e+001  6.85820e+000  3.60500e+002
          3127  3.51204e+002  3.12700e+003 -5.06091e+001  6.85808e+000  3.60583e+002
          3128  3.51284e+002  3.12800e+003 -5.06161e+001  6.85810e+000  3.60667e+002
          3129  3.51364e+002  3.12900e+003 -5.06240e+001  6.85807e+000  3.60750e+002
          3130  3.51441e+002  3.13000e+003 -5.06310e+001  6.85803e+000  3.60833e+002
          3131  3.51532e+002  3.13100e+003 -5.06380e+001  6.85801e+000  3.60917e+002
          3132  3.51609e+002  3.13200e+003 -5.06423e+001  6.85802e+000  3.61000e+002
          3133  3.51704e+002  3.13300e+003 -5.06483e+001  6.85801e+000  3.61083e+002
          3134  3.51789e+002  3.13400e+003 -5.06546e+001  6.85801e+000  3.61167e+002
          3135  3.51862e+002  3.13500e+003 -5.06607e+001  6.85800e+000  3.61250e+002
          3136  3.51944e+002  3.13600e+003 -5.06697e+001  6.85789e+000  3.61333e+002
          3137  3.52022e+002  3.13700e+003 -5.06771e+001  6.85778e+000  3.61417e+002
          3138  3.52105e+002  3.13800e+003 -5.06844e+001  6.85767e+000  3.61500e+002
          3139  3.52192e+002  3.13900e+003 -5.06920e+001  6.85756e+000  3.61583e+002
          3140  3.52278e+002  3.14000e+003 -5.06988e+001  6.85736e+000  3.61667e+002
          3141  3.52354e+002  3.14100e+003 -5.07067e+001  6.85721e+000  3.61750e+002
          3142  3.52439e+002  3.14200e+003 -5.07137e+001  6.85702e+000  3.61833e+002
          3143  3.52521e+002  3.14300e+003 -5.07185e+001  6.85684e+000  3.61917e+002
          3144  3.52604e+002  3.14400e+003 -5.07254e+001  6.85671e+000  3.62000e+002
          3145  3.52687e+002  3.14500e+003 -5.07326e+001  6.85657e+000  3.62083e+002
          3146  3.52769e+002  3.14600e+003 -5.07408e+001  6.85643e+000  3.62167e+002
          3147  3.52860e+002  3.14700e+003 -5.07494e+001  6.85632e+000  3.62250e+002
          3148  3.52927e+002  3.14800e+003 -5.07574e+001  6.85623e+000  3.62333e+002
          3149  3.53019e+002  3.14900e+003 -5.07646e+001  6.85615e+000  3.62417e+002
          3150  3.53093e+002  3.15000e+003 -5.07733e+001  6.85606e+000  3.62500e+002
          3151  3.53184e+002  3.15100e+003 -5.07831e+001  6.85592e+000  3.62583e+002
          3152  3.53276e+002  3.15200e+003 -5.07896e+001  6.85581e+000  3.62667e+002
          3153  3.53353e+002  3.15300e+003 -5.07972e+001  6.85568e+000  3.62750e+002
          3154  3.53444e+002  3.15400e+003 -5.08032e+001  6.85556e+000  3.62833e+002
          3155  3.53514e+002  3.15500e+003 -5.08086e+001  6.85544e+000  3.62917e+002
          3156  3.53597e+002  3.15600e+003 -5.08174e+001  6.85529e+000  3.63000e+002
          3157  3.53687e+002  3.15700e+003 -5.08251e+001  6.85519e+000  3.63083e+002
          3158  3.53760e+002  3.15800e+003 -5.08324e+001  6.85512e+000  3.63167e+002
          3159  3.53843e+002  3.15900e+003 -5.08394e+001  6.85505e+000  3.63250e+002
          3160  3.53926e+002  3.16000e+003 -5.08454e+001  6.85506e+000  3.63333e+002
          3161  3.54007e+002  3.16100e+003 -5.08526e+001  6.85504e+000  3.63417e+002
          3162  3.54095e+002  3.16200e+003 -5.08599e+001  6.85502e+000  3.63500e+002
          3163  3.54178e+002  3.16300e+003 -5.08667e+001  6.85501e+000  3.63583e+002
          3164  3.54264e+002  3.16400e+003 -5.08686e+001  6.85490e+000  3.63667e+002
          3165  3.54342e+002  3.16500e+003 -5.08734e+001  6.85478e+000  3.63750e+002
          3166  3.54420e+002  3.16600e+003 -5.08790e+001  6.85464e+000  3.63833e+002
          3167  3.54507e+002  3.16700e+003 -5.08856e+001  6.85444e+000  3.63917e+002
          3168  3.54588e+002  3.16800e+003 -5.08931e+001  6.85412e+000  3.64000e+002
          3169  3.54676e+002  3.16900e+003 -5.09004e+001  6.85389e+000  3.64083e+002
          3170  3.54752e+002  3.17000e+003 -5.09063e+001  6.85368e+000  3.64167e+002
          3171  3.54831e+002  3.17100e+003 -5.09116e+001  6.85349e+000  3.64250e+002
          3172  3.54919e+002  3.17200e+003 -5.09150e+001  6.85336e+000  3.64333e+002
          3173  3.55002e+002  3.17300e+003 -5.09197e+001  6.85324e+000  3.64417e+002
          3174  3.55079e+002  3.17400e+003 -5.09252e+001  6.85314e+000  3.64500e+002
          3175  3.55158e+002  3.17500e+003 -5.09301e+001  6.85306e+000  3.64583e+002
          3176  3.55240e+002  3.17600e+003 -5.09364e+001  6.85304e+000  3.64667e+002
          3177  3.55321e+002  3.17700e+003 -5.09424e+001  6.85293e+000  3.64750e+002
          3178  3.55407e+002  3.17800e+003 -5.09481e+001  6.85280e+000  3.64833e+002
          3179  3.55491e+002  3.17900e+003 -5.09528e+001  6.85267e+000  3.64917e+002
          3180  3.55581e+002  3.18000e+003 -5.09562e+001  6.85251e+000  3.65000e+002
          3181  3.55652e+002  3.18100e+003 -5.09608e+001  6.85239e+000  3.65083e+002
          3182  3.55732e+002  3.18200e+003 -5.09658e+001  6.85228e+000  3.65167e+002
          3183  3.55813e+002  3.18300e+003 -5.09716e+001  6.85219e+000  3.65250e+002
          3184  3.55901e+002  3.18400e+003 -5.09787e+001  6.85215e+000  3.65333e+002
          3185  3.55984e+002  3.18500e+003 -5.09858e+001  6.85210e+000  3.65417e+002
          3186  3.56063e+002  3.18600e+003 -5.09917e+001  6.85206e+000  3.65500e+002
          3187  3.56146e+002  3.18700e+003 -5.09979e+001  6.85202e+000  3.65583e+002
          3188  3.56223e+002  3.18800e+003 -5.10067e+001  6.85203e+000  3.65667e+002
          3189  3.56314e+002  3.18900e+003 -5.10139e+001  6.85199e+000  3.65750e+002
          3190  3.56393e+002  3.19000e+003 -5.10199e+001  6.85189e+000  3.65833e+002
          3191  3.56480e+002  3.19100e+003 -5.10250e+001  6.85178e+000  3.65917e+002
          3192  3.56554e+002  3.19200e+003 -5.10321e+001  6.85161e+000  3.66000e+002
          3193  3.56643e+002  3.19300e+003 -5.10382e+001  6.85140e+000  3.66083e+002
          3194  3.56726e+002  3.19400e+003 -5.10443e+001  6.85119e+000  3.66167e+002
          3195  3.56820e+002  3.19500e+003 -5.10505e+001  6.85098e+000  3.66250e+002
          3196  3.56893e+002  3.19600e+003 -5.10546e+001  6.85071e+000  3.66333e+002
          3197  3.56968e+002  3.19700e+003 -5.10604e+001  6.85052e+000  3.66417e+002
          3198  3.57052e+002  3.19800e+003 -5.10674e+001  6.85036e+000  3.66500e+002
          3199  3.57136e+002  3.19900e+003 -5.10741e+001  6.85022e+000  3.66583e+002
          3200  3.57217e+002  3.20000e+003 -5.10751e+001  6.85019e+000  3.66667e+002
          3201  3.57311e+002  3.20100e+003 -5.10787e+001  6.85012e+000  3.66750e+002
          3202  3.57379e+002  3.20200e+003 -5.10839e+001  6.85004e+000  3.66833e+002
          3203  3.57470e+002  3.20300e+003 -5.10889e+001  6.84991e+000  3.66917e+002
          3204  3.57556e+002  3.20400e+003 -5.10970e+001  6.84980e+000  3.67000e+002
          3205  3.57633e+002  3.20500e+003 -5.11029e+001  6.84968e+000  3.67083e+002
          3206  3.57716e+002  3.20600e+003 -5.11090e+001  6.84955e+000  3.67167e+002
          3207  3.57786e+002  3.20700e+003 -5.11155e+001  6.84943e+000  3.67250e+002
          3208  3.57884e+002  3.20800e+003 -5.11207e+001  6.84929e+000  3.67333e+002
          3209  3.57959e+002  3.20900e+003 -5.11257e+001  6.84919e+000  3.67417e+002
          3210  3.58030e+002  3.21000e+003 -5.11317e+001  6.84909e+000  3.67500e+002
          3211  3.58118e+002  3.21100e+003 -5.11380e+001  6.84894e+000  3.67583e+002
          3212  3.58201e+002  3.21200e+003 -5.11485e+001  6.84882e+000  3.67667e+002
          3213  3.58285e+002  3.21300e+003 -5.11567e+001  6.84869e+000  3.67750e+002
          3214  3.58371e+002  3.21400e+003 -5.11637e+001  6.84856e+000  3.67833e+002
          3215  3.58450e+002  3.21500e+003 -5.11707e+001  6.84844e+000  3.67917e+002
          3216  3.58533e+002  3.21600e+003 -5.11779e+001  6.84830e+000  3.68000e+002
          3217  3.58611e+002  3.21700e+003 -5.11838e+001  6.84820e+000  3.68083e+002
          3218  3.58708e+002  3.21800e+003 -5.11889e+001  6.84809e+000  3.68167e+002
          3219  3.58780e+002  3.21900e+003 -5.11939e+001  6.84794e+000  3.68250e+002
          3220  3.58875e+002  3.22000e+003 -5.11987e+001  6.84783e+000  3.68333e+002
          3221  3.58953e+002  3.22100e+003 -5.12052e+001  6.84769e+000  3.68417e+002
          3222  3.59040e+002  3.22200e+003 -5.12121e+001  6.84753e+000  3.68500e+002
          3223  3.59115e+002  3.22300e+003 -5.12188e+001  6.84733e+000  3.68583e+002
          3224  3.59204e+002  3.22400e+003 -5.12222e+001  6.84706e+000  3.68667e+002
          3225  3.59283e+002  3.22500e+003 -5.12270e+001  6.84685e+000  3.68750e+002
          3226  3.59363e+002  3.22600e+003 -5.12307e+001  6.84666e+000  3.68833e+002
          3227  3.59443e+002  3.22700e+003 -5.12344e+001  6.84648e+000  3.68917e+002
          3228  3.59527e+002  3.22800e+003 -5.12391e+001  6.84634e+000  3.69000e+002
          3229  3.59611e+002  3.22900e+003 -5.12445e+001  6.84623e+000  3.69083e+002
          3230  3.59699e+002  3.23000e+003 -5.12498e+001  6.84613e+000  3.69167e+002
          3231  3.59770e+002  3.23100e+003 -5.12548e+001  6.84605e+000  3.69250e+002
          3232  3.59860e+002  3.23200e+003 -5.12595e+001  6.84604e+000  3.69333e+002
          3233  3.59944e+002  3.23300e+003 -5.12642e+001  6.84593e+000  3.69417e+002
          3234  3.60022e+002  3.23400e+003 -5.12677e+001  6.84580e+000  3.69500e+002
          3235  3.60114e+002  3.23500e+003 -5.12694e+001  6.84567e+000  3.69583e+002
          3236  3.60200e+002  3.23600e+003 -5.12706e+001  6.84551e+000  3.69667e+002
          3237  3.60272e+002  3.23700e+003 -5.12734e+001  6.84538e+000  3.69750e+002
          3238  3.60356e+002  3.23800e+003 -5.12775e+001  6.84528e+000  3.69833e+002
          3239  3.60432e+002  3.23900e+003 -5.12814e+001  6.84519e+000  3.69917e+002
          3240  3.60520e+002  3.24000e+003 -5.12868e+001  6.84515e+000  3.70000e+002
          3241  3.60602e+002  3.24100e+003 -5.12921e+001  6.84507e+000  3.70083e+002
          3242  3.60687e+002  3.24200e+003 -5.12963e+001  6.84494e+000  3.70167e+002
          3243  3.60763e+002  3.24300e+003 -5.13011e+001  6.84480e+000  3.70250e+002
          3244  3.60848e+002  3.24400e+003 -5.13057e+001  6.84464e+000  3.70333e+002
          3245  3.60927e+002  3.24500e+003 -5.13107e+001  6.84442e+000  3.70417e+002
          3246  3.61012e+002  3.24600e+003 -5.13160e+001  6.84419e+000  3.70500e+002
          3247  3.61095e+002  3.24700e+003 -5.13211e+001  6.84398e+000  3.70583e+002
          3248  3.61184e+002  3.24800e+003 -5.13313e+001  6.84372e+000  3.70667e+002
          3249  3.61255e+002  3.24900e+003 -5.13370e+001  6.84352e+000  3.70750e+002
          3250  3.61349e+002  3.25000e+003 -5.13426e+001  6.84336e+000  3.70833e+002
          3251  3.61426e+002  3.25100e+003 -5.13491e+001  6.84322e+000  3.70917e+002
          3252  3.61513e+002  3.25200e+003 -5.13547e+001  6.84308e+000  3.71000e+002
          3253  3.61586e+002  3.25300e+003 -5.13605e+001  6.84290e+000  3.71083e+002
          3254  3.61676e+002  3.25400e+003 -5.13663e+001  6.84274e+000  3.71167e+002
          3255  3.61763e+002  3.25500e+003 -5.13720e+001  6.84258e+000  3.71250e+002
          3256  3.61844e+002  3.25600e+003 -5.13759e+001  6.84239e+000  3.71333e+002
          3257  3.61927e+002  3.25700e+003 -5.13805e+001  6.84226e+000  3.71417e+002
          3258  3.62010e+002  3.25800e+003 -5.13853e+001  6.84215e+000  3.71500e+002
          3259  3.62093e+002  3.25900e+003 -5.13894e+001  6.84206e+000  3.71583e+002
          3260  3.62176e+002  3.26000e+003 -5.13950e+001  6.84197e+000  3.71667e+002
          3261  3.62254e+002  3.26100e+003 -5.13993e+001  6.84183e+000  3.71750e+002
          3262  3.62336e+002  3.26200e+003 -5.14028e+001  6.84169e+000  3.71833e+002
          3263  3.62416e+002  3.26300e+003 -5.14057e+001  6.84156e+000  3.71917e+002
          3264  3.62508e+002  3.26400e+003 -5.14093e+001  6.84137e+000  3.72000e+002
          3265  3.62590e+002  3.26500e+003 -5.14135e+001  6.84124e+000  3.72083e+002
          3266  3.62668e+002  3.26600e+003 -5.14189e+001  6.84115e+000  3.72167e+002
          3267  3.62756e+002  3.26700e+003 -5.14243e+001  6.84106e+000  3.72250e+002
          3268  3.62830e+002  3.26800e+003 -5.14286e+001  6.84105e+000  3.72333e+002
          3269  3.62910e+002  3.26900e+003 -5.14337e+001  6.84093e+000  3.72417e+002
          3270  3.63000e+002  3.27000e+003 -5.14391e+001  6.84077e+000  3.72500e+002
          3271  3.63074e+002  3.27100e+003 -5.14439e+001  6.84056e+000  3.72583e+002
          3272  3.63156e+002  3.27200e+003 -5.14503e+001  6.84028e+000  3.72667e+002
          3273  3.63242e+002  3.27300e+003 -5.14557e+001  6.84004e+000  3.72750e+002
          3274  3.63322e+002  3.27400e+003 -5.14604e+001  6.83982e+000  3.72833e+002
          3275  3.63416e+002  3.27500e+003 -5.14628e+001  6.83962e+000  3.72917e+002
          3276  3.63493e+002  3.27600e+003 -5.14667e+001  6.83943e+000  3.73000e+002
          3277  3.63572e+002  3.27700e+003 -5.14713e+001  6.83926e+000  3.73083e+002
          3278  3.63654e+002  3.27800e+003 -5.14757e+001  6.83905e+000  3.73167e+002
          3279  3.63732e+002  3.27900e+003 -5.14795e+001  6.83885e+000  3.73250e+002
          3280  3.63810e+002  3.28000e+003 -5.14799e+001  6.83872e+000  3.73333e+002
          3281  3.63907e+002  3.28100e+003 -5.14843e+001  6.83857e+000  3.73417e+002
          3282  3.63983e+002  3.28200e+003 -5.14897e+001  6.83844e+000  3.73500e+002
          3283  3.64057e+002  3.28300e+003 -5.14954e+001  6.83832e+000  3.73583e+002
          3284  3.64161e+002  3.28400e+003 -5.14965e+001  6.83820e+000  3.73667e+002
          3285  3.64240e+002  3.28500e+003 -5.14991e+001  6.83803e+000  3.73750e+002
          3286  3.64322e+002  3.28600e+003 -5.15030e+001  6.83786e+000  3.73833e+002
          3287  3.64409e+002  3.28700e+003 -5.15068e+001  6.83770e+000  3.73917e+002
          3288  3.64493e+002  3.28800e+003 -5.15115e+001  6.83754e+000  3.74000e+002
          3289  3.64569e+002  3.28900e+003 -5.15150e+001  6.83741e+000  3.74083e+002
          3290  3.64646e+002  3.29000e+003 -5.15187e+001  6.83729e+000  3.74167e+002
          3291  3.64731e+002  3.29100e+003 -5.15226e+001  6.83719e+000  3.74250e+002
          3292  3.64815e+002  3.29200e+003 -5.15255e+001  6.83712e+000  3.74333e+002
          3293  3.64896e+002  3.29300e+003 -5.15275e+001  6.83698e+000  3.74417e+002
          3294  3.64985e+002  3.29400e+003 -5.15293e+001  6.83683e+000  3.74500e+002
          3295  3.65065e+002  3.29500e+003 -5.15325e+001  6.83669e+000  3.74583e+002
          3296  3.65150e+002  3.29600e+003 -5.15357e+001  6.83650e+000  3.74667e+002
          3297  3.65224e+002  3.29700e+003 -5.15381e+001  6.83628e+000  3.74750e+002
          3298  3.65309e+002  3.29800e+003 -5.15397e+001  6.83606e+000  3.74833e+002
          3299  3.65399e+002  3.29900e+003 -5.15413e+001  6.83585e+000  3.74917e+002
          3300  3.65479e+002  3.30000e+003 -5.15438e+001  6.83565e+000  3.75000e+002
          3301  3.65557e+002  3.30100e+003 -5.15454e+001  6.83545e+000  3.75083e+002
          3302  3.65646e+002  3.30200e+003 -5.15475e+001  6.83521e+000  3.75167e+002
          3303  3.65733e+002  3.30300e+003 -5.15499e+001  6.83498e+000  3.75250e+002
          3304  3.65806e+002  3.30400e+003 -5.15526e+001  6.83481e+000  3.75333e+002
          3305  3.65893e+002  3.30500e+003 -5.15553e+001  6.83463e+000  3.75417e+002
          3306  3.65970e+002  3.30600e+003 -5.15584e+001  6.83447e+000  3.75500e+002
          3307  3.66062e+002  3.30700e+003 -5.15609e+001  6.83433e+000  3.75583e+002
          3308  3.66133e+002  3.30800e+003 -5.15625e+001  6.83414e+000  3.75667e+002
          3309  3.66221e+002  3.30900e+003 -5.15654e+001  6.83394e+000  3.75750e+002
          3310  3.66299e+002  3.31000e+003 -5.15681e+001  6.83376e+000  3.75833e+002
          3311  3.66389e+002  3.31100e+003 -5.15705e+001  6.83359e+000  3.75917e+002
          3312  3.66461e+002  3.31200e+003 -5.15744e+001  6.83340e+000  3.76000e+002
          3313  3.66557e+002  3.31300e+003 -5.15772e+001  6.83327e+000  3.76083e+002
          3314  3.66629e+002  3.31400e+003 -5.15797e+001  6.83313e+000  3.76167e+002
          3315  3.66705e+002  3.31500e+003 -5.15814e+001  6.83295e+000  3.76250e+002
          3316  3.66787e+002  3.31600e+003 -5.15840e+001  6.83285e+000  3.76333e+002
          3317  3.66871e+002  3.31700e+003 -5.15864e+001  6.83271e+000  3.76417e+002
          3318  3.66961e+002  3.31800e+003 -5.15895e+001  6.83257e+000  3.76500e+002
          3319  3.67041e+002  3.31900e+003 -5.15924e+001  6.83244e+000  3.76583e+002
          3320  3.67115e+002  3.32000e+003 -5.15950e+001  6.83227e+000  3.76667e+002
          3321  3.67205e+002  3.32100e+003 -5.15976e+001  6.83208e+000  3.76750e+002
          3322  3.67298e+002  3.32200e+003 -5.16011e+001  6.83187e+000  3.76833e+002
          3323  3.67369e+002  3.32300e+003 -5.16042e+001  6.83160e+000  3.76917e+002
          3324  3.67453e+002  3.32400e+003 -5.16094e+001  6.83132e+000  3.77000e+002
          3325  3.67538e+002  3.32500e+003 -5.16121e+001  6.83107e+000  3.77083e+002
          3326  3.67616e+002  3.32600e+003 -5.16139e+001  6.83084e+000  3.77167e+002
          3327  3.67698e+002  3.32700e+003 -5.16160e+001  6.83062e+000  3.77250e+002
          3328  3.67782e+002  3.32800e+003 -5.16192e+001  6.83044e+000  3.77333e+002
          3329  3.67862e+002  3.32900e+003 -5.16222e+001  6.83026e+000  3.77417e+002
          3330  3.67945e+002  3.33000e+003 -5.16247e+001  6.83005e+000  3.77500e+002
          3331  3.68032e+002  3.33100e+003 -5.16272e+001  6.82985e+000  3.77583e+002
          3332  3.68106e+002  3.33200e+003 -5.16276e+001  6.82972e+000  3.77667e+002
          3333  3.68190e+002  3.33300e+003 -5.16294e+001  6.82958e+000  3.77750e+002
          3334  3.68268e+002  3.33400e+003 -5.16303e+001  6.82944e+000  3.77833e+002
          3335  3.68357e+002  3.33500e+003 -5.16308e+001  6.82932e+000  3.77917e+002
          3336  3.68439e+002  3.33600e+003 -5.16329e+001  6.82912e+000  3.78000e+002
          3337  3.68522e+002  3.33700e+003 -5.16352e+001  6.82893e+000  3.78083e+002
          3338  3.68600e+002  3.33800e+003 -5.16365e+001  6.82876e+000  3.78167e+002
          3339  3.68688e+002  3.33900e+003 -5.16383e+001  6.82859e+000  3.78250e+002
          3340  3.68765e+002  3.34000e+003 -5.16402e+001  6.82840e+000  3.78333e+002
          3341  3.68843e+002  3.34100e+003 -5.16419e+001  6.82824e+000  3.78417e+002
          3342  3.68927e+002  3.34200e+003 -5.16429e+001  6.82804e+000  3.78500e+002
          3343  3.69019e+002  3.34300e+003 -5.16426e+001  6.82784e+000  3.78583e+002
          3344  3.69099e+002  3.34400e+003 -5.16434e+001  6.82771e+000  3.78667e+002
          3345  3.69181e+002  3.34500e+003 -5.16450e+001  6.82757e+000  3.78750e+002
          3346  3.69264e+002  3.34600e+003 -5.16464e+001  6.82741e+000  3.78833e+002
          3347  3.69353e+002  3.34700e+003 -5.16489e+001  6.82721e+000  3.78917e+002
          3348  3.69430e+002  3.34800e+003 -5.16491e+001  6.82700e+000  3.79000e+002
          3349  3.69516e+002  3.34900e+003 -5.16501e+001  6.82678e+000  3.79083e+002
          3350  3.69588e+002  3.35000e+003 -5.16515e+001  6.82651e+000  3.79167e+002
          3351  3.69683e+002  3.35100e+003 -5.16532e+001  6.82625e+000  3.79250e+002
          3352  3.69768e+002  3.35200e+003 -5.16522e+001  6.82597e+000  3.79333e+002
          3353  3.69856e+002  3.35300e+003 -5.16525e+001  6.82574e+000  3.79417e+002
          3354  3.69937e+002  3.35400e+003 -5.16541e+001  6.82551e+000  3.79500e+002
          3355  3.70015e+002  3.35500e+003 -5.16545e+001  6.82525e+000  3.79583e+002
          3356  3.70102e+002  3.35600e+003 -5.16576e+001  6.82505e+000  3.79667e+002
          3357  3.70179e+002  3.35700e+003 -5.16586e+001  6.82484e+000  3.79750e+002
          3358  3.70254e+002  3.35800e+003 -5.16591e+001  6.82465e+000  3.79833e+002
          3359  3.70345e+002  3.35900e+003 -5.16583e+001  6.82447e+000  3.79917e+002
          3360  3.70425e+002  3.36000e+003 -5.16591e+001  6.82423e+000  3.80000e+002
          3361  3.70514e+002  3.36100e+003 -5.16608e+001  6.82400e+000  3.80083e+002
          3362  3.70593e+002  3.36200e+003 -5.16618e+001  6.82380e+000  3.80167e+002
          3363  3.70674e+002  3.36300e+003 -5.16626e+001  6.82361e+000  3.80250e+002
          3364  3.70756e+002  3.36400e+003 -5.16599e+001  6.82342e+000  3.80333e+002
          3365  3.70844e+002  3.36500e+003 -5.16578e+001  6.82325e+000  3.80417e+002
          3366  3.70925e+002  3.36600e+003 -5.16569e+001  6.82305e+000  3.80500e+002
          3367  3.71009e+002  3.36700e+003 -5.16570e+001  6.82285e+000  3.80583e+002
          3368  3.71096e+002  3.36800e+003 -5.16570e+001  6.82272e+000  3.80667e+002
          3369  3.71169e+002  3.36900e+003 -5.16573e+001  6.82257e+000  3.80750e+002
          3370  3.71255e+002  3.37000e+003 -5.16560e+001  6.82241e+000  3.80833e+002
          3371  3.71347e+002  3.37100e+003 -5.16527e+001  6.82221e+000  3.80917e+002
          3372  3.71428e+002  3.37200e+003 -5.16508e+001  6.82200e+000  3.81000e+002
          3373  3.71508e+002  3.37300e+003 -5.16502e+001  6.82180e+000  3.81083e+002
          3374  3.71589e+002  3.37400e+003 -5.16495e+001  6.82163e+000  3.81167e+002
          3375  3.71667e+002  3.37500e+003 -5.16487e+001  6.82147e+000  3.81250e+002
          3376  3.71755e+002  3.37600e+003 -5.16507e+001  6.82122e+000  3.81333e+002
          3377  3.71833e+002  3.37700e+003 -5.16515e+001  6.82097e+000  3.81417e+002
          3378  3.71913e+002  3.37800e+003 -5.16512e+001  6.82068e+000  3.81500e+002
          3379  3.72003e+002  3.37900e+003 -5.16513e+001  6.82039e+000  3.81583e+002
          3380  3.72080e+002  3.38000e+003 -5.16489e+001  6.82006e+000  3.81667e+002
          3381  3.72163e+002  3.38100e+003 -5.16473e+001  6.81980e+000  3.81750e+002
          3382  3.72240e+002  3.38200e+003 -5.16457e+001  6.81955e+000  3.81833e+002
          3383  3.72331e+002  3.38300e+003 -5.16455e+001  6.81926e+000  3.81917e+002
          3384  3.72415e+002  3.38400e+003 -5.16474e+001  6.81906e+000  3.82000e+002
          3385  3.72495e+002  3.38500e+003 -5.16476e+001  6.81885e+000  3.82083e+002
          3386  3.72577e+002  3.38600e+003 -5.16477e+001  6.81865e+000  3.82167e+002
          3387  3.72663e+002  3.38700e+003 -5.16470e+001  6.81847e+000  3.82250e+002
          3388  3.72742e+002  3.38800e+003 -5.16451e+001  6.81823e+000  3.82333e+002
          3389  3.72820e+002  3.38900e+003 -5.16443e+001  6.81800e+000  3.82417e+002
          3390  3.72913e+002  3.39000e+003 -5.16436e+001  6.81780e+000  3.82500e+002
          3391  3.72991e+002  3.39100e+003 -5.16416e+001  6.81761e+000  3.82583e+002
          3392  3.73075e+002  3.39200e+003 -5.16421e+001  6.81731e+000  3.82667e+002
          3393  3.73154e+002  3.39300e+003 -5.16409e+001  6.81706e+000  3.82750e+002
          3394  3.73242e+002  3.39400e+003 -5.16382e+001  6.81683e+000  3.82833e+002
          3395  3.73322e+002  3.39500e+003 -5.16343e+001  6.81662e+000  3.82917e+002
          3396  3.73400e+002  3.39600e+003 -5.16295e+001  6.81641e+000  3.83000e+002
          3397  3.73489e+002  3.39700e+003 -5.16271e+001  6.81617e+000  3.83083e+002
          3398  3.73572e+002  3.39800e+003 -5.16244e+001  6.81595e+000  3.83167e+002
          3399  3.73654e+002  3.39900e+003 -5.16211e+001  6.81574e+000  3.83250e+002
          3400  3.73736e+002  3.40000e+003 -5.16185e+001  6.81558e+000  3.83333e+002
          3401  3.73821e+002  3.40100e+003 -5.16176e+001  6.81541e+000  3.83417e+002
          3402  3.73897e+002  3.40200e+003 -5.16161e+001  6.81516e+000  3.83500e+002
          3403  3.73996e+002  3.40300e+003 -5.16122e+001  6.81486e+000  3.83583e+002
          3404  3.74071e+002  3.40400e+003 -5.16097e+001  6.81456e+000  3.83667e+002
          3405  3.74142e+002  3.40500e+003 -5.16070e+001  6.81428e+000  3.83750e+002
          3406  3.74236e+002  3.40600e+003 -5.16052e+001  6.81401e+000  3.83833e+002
          3407  3.74313e+002  3.40700e+003 -5.16028e+001  6.81376e+000  3.83917e+002
          3408  3.74394e+002  3.40800e+003 -5.16006e+001  6.81342e+000  3.84000e+002
          3409  3.74475e+002  3.40900e+003 -5.15978e+001  6.81313e+000  3.84083e+002
          3410  3.74554e+002  3.41000e+003 -5.15943e+001  6.81287e+000  3.84167e+002
          3411  3.74646e+002  3.41100e+003 -5.15906e+001  6.81264e+000  3.84250e+002
          3412  3.74744e+002  3.41200e+003 -5.15839e+001  6.81235e+000  3.84333e+002
          3413  3.74810e+002  3.41300e+003 -5.15791e+001  6.81208e+000  3.84417e+002
          3414  3.74894e+002  3.41400e+003 -5.15749e+001  6.81184e+000  3.84500e+002
          3415  3.74978e+002  3.41500e+003 -5.15711e+001  6.81163e+000  3.84583e+002
          3416  3.75069e+002  3.41600e+003 -5.15677e+001  6.81142e+000  3.84667e+002
          3417  3.75147e+002  3.41700e+003 -5.15637e+001  6.81118e+000  3.84750e+002
          3418  3.75235e+002  3.41800e+003 -5.15598e+001  6.81095e+000  3.84833e+002
          3419  3.75312e+002  3.41900e+003 -5.15547e+001  6.81074e+000  3.84917e+002
          3420  3.75397e+002  3.42000e+003 -5.15522e+001  6.81056e+000  3.85000e+002
          3421  3.75480e+002  3.42100e+003 -5.15499e+001  6.81032e+000  3.85083e+002
          3422  3.75564e+002  3.42200e+003 -5.15483e+001  6.81008e+000  3.85167e+002
          3423  3.75642e+002  3.42300e+003 -5.15460e+001  6.80986e+000  3.85250e+002
          3424  3.75721e+002  3.42400e+003 -5.15435e+001  6.80963e+000  3.85333e+002
          3425  3.75805e+002  3.42500e+003 -5.15394e+001  6.80936e+000  3.85417e+002
          3426  3.75889e+002  3.42600e+003 -5.15348e+001  6.80911e+000  3.85500e+002
          3427  3.75976e+002  3.42700e+003 -5.15308e+001  6.80887e+000  3.85583e+002
          3428  3.76055e+002  3.42800e+003 -5.15266e+001  6.80864e+000  3.85667e+002
          3429  3.76146e+002  3.42900e+003 -5.15217e+001  6.80837e+000  3.85750e+002
          3430  3.76216e+002  3.43000e+003 -5.15167e+001  6.80809e+000  3.85833e+002
          3431  3.76307e+002  3.43100e+003 -5.15125e+001  6.80776e+000  3.85917e+002
          3432  3.76384e+002  3.43200e+003 -5.15072e+001  6.80744e+000  3.86000e+002
          3433  3.76469e+002  3.43300e+003 -5.15031e+001  6.80715e+000  3.86083e+002
          3434  3.76550e+002  3.43400e+003 -5.14979e+001  6.80686e+000  3.86167e+002
          3435  3.76634e+002  3.43500e+003 -5.14918e+001  6.80653e+000  3.86250e+002
          3436  3.76710e+002  3.43600e+003 -5.14854e+001  6.80623e+000  3.86333e+002
          3437  3.76800e+002  3.43700e+003 -5.14806e+001  6.80596e+000  3.86417e+002
          3438  3.76880e+002  3.43800e+003 -5.14763e+001  6.80569e+000  3.86500e+002
          3439  3.76964e+002  3.43900e+003 -5.14723e+001  6.80539e+000  3.86583e+002
          3440  3.77051e+002  3.44000e+003 -5.14704e+001  6.80514e+000  3.86667e+002
          3441  3.77133e+002  3.44100e+003 -5.14668e+001  6.80490e+000  3.86750e+002
          3442  3.77217e+002  3.44200e+003 -5.14632e+001  6.80466e+000  3.86833e+002
          3443  3.77305e+002  3.44300e+003 -5.14585e+001  6.80438e+000  3.86917e+002
          3444  3.77379e+002  3.44400e+003 -5.14529e+001  6.80412e+000  3.87000e+002
          3445  3.77467e+002  3.44500e+003 -5.14492e+001  6.80386e+000  3.87083e+002
          3446  3.77554e+002  3.44600e+003 -5.14451e+001  6.80356e+000  3.87167e+002
          3447  3.77634e+002  3.44700e+003 -5.14399e+001  6.80326e+000  3.87250e+002
          3448  3.77706e+002  3.44800e+003 -5.14375e+001  6.80299e+000  3.87333e+002
          3449  3.77791e+002  3.44900e+003 -5.14327e+001  6.80273e+000  3.87417e+002
          3450  3.77881e+002  3.45000e+003 -5.14275e+001  6.80243e+000  3.87500e+002
          3451  3.77965e+002  3.45100e+003 -5.14223e+001  6.80214e+000  3.87583e+002
          3452  3.78050e+002  3.45200e+003 -5.14144e+001  6.80192e+000  3.87667e+002
          3453  3.78127e+002  3.45300e+003 -5.14077e+001  6.80168e+000  3.87750e+002
          3454  3.78211e+002  3.45400e+003 -5.14006e+001  6.80140e+000  3.87833e+002
          3455  3.78295e+002  3.45500e+003 -5.13922e+001  6.80113e+000  3.87917e+002
          3456  3.78372e+002  3.45600e+003 -5.13833e+001  6.80088e+000  3.88000e+002
          3457  3.78461e+002  3.45700e+003 -5.13770e+001  6.80058e+000  3.88083e+002
          3458  3.78543e+002  3.45800e+003 -5.13703e+001  6.80026e+000  3.88167e+002
          3459  3.78614e+002  3.45900e+003 -5.13633e+001  6.79990e+000  3.88250e+002
          3460  3.78703e+002  3.46000e+003 -5.13566e+001  6.79953e+000  3.88333e+002
          3461  3.78797e+002  3.46100e+003 -5.13493e+001  6.79921e+000  3.88417e+002
          3462  3.78876e+002  3.46200e+003 -5.13410e+001  6.79889e+000  3.88500e+002
          3463  3.78961e+002  3.46300e+003 -5.13320e+001  6.79854e+000  3.88583e+002
          3464  3.79045e+002  3.46400e+003 -5.13247e+001  6.79825e+000  3.88667e+002
          3465  3.79124e+002  3.46500e+003 -5.13164e+001  6.79794e+000  3.88750e+002
          3466  3.79207e+002  3.46600e+003 -5.13079e+001  6.79761e+000  3.88833e+002
          3467  3.79291e+002  3.46700e+003 -5.13006e+001  6.79728e+000  3.88917e+002
          3468  3.79381e+002  3.46800e+003 -5.12937e+001  6.79701e+000  3.89000e+002
          3469  3.79452e+002  3.46900e+003 -5.12860e+001  6.79674e+000  3.89083e+002
          3470  3.79544e+002  3.47000e+003 -5.12767e+001  6.79644e+000  3.89167e+002
          3471  3.79629e+002  3.47100e+003 -5.12680e+001  6.79614e+000  3.89250e+002
          3472  3.79706e+002  3.47200e+003 -5.12591e+001  6.79590e+000  3.89333e+002
          3473  3.79788e+002  3.47300e+003 -5.12501e+001  6.79559e+000  3.89417e+002
          3474  3.79878e+002  3.47400e+003 -5.12417e+001  6.79530e+000  3.89500e+002
          3475  3.79966e+002  3.47500e+003 -5.12327e+001  6.79502e+000  3.89583e+002
          3476  3.80042e+002  3.47600e+003 -5.12241e+001  6.79466e+000  3.89667e+002
          3477  3.80127e+002  3.47700e+003 -5.12146e+001  6.79433e+000  3.89750e+002
          3478  3.80213e+002  3.47800e+003 -5.12044e+001  6.79402e+000  3.89833e+002
          3479  3.80290e+002  3.47900e+003 -5.11940e+001  6.79367e+000  3.89917e+002
          3480  3.80380e+002  3.48000e+003 -5.11823e+001  6.79332e+000  3.90000e+002
          3481  3.80464e+002  3.48100e+003 -5.11719e+001  6.79302e+000  3.90083e+002
          3482  3.80545e+002  3.48200e+003 -5.11628e+001  6.79273e+000  3.90167e+002
          3483  3.80627e+002  3.48300e+003 -5.11548e+001  6.79241e+000  3.90250e+002
          3484  3.80716e+002  3.48400e+003 -5.11451e+001  6.79216e+000  3.90333e+002
          3485  3.80796e+002  3.48500e+003 -5.11369e+001  6.79189e+000  3.90417e+002
          3486  3.80876e+002  3.48600e+003 -5.11289e+001  6.79157e+000  3.90500e+002
          3487  3.80954e+002  3.48700e+003 -5.11203e+001  6.79127e+000  3.90583e+002
          3488  3.81042e+002  3.48800e+003 -5.11108e+001  6.79089e+000  3.90667e+002
          3489  3.81119e+002  3.48900e+003 -5.11017e+001  6.79054e+000  3.90750e+002
          3490  3.81207e+002  3.49000e+003 -5.10911e+001  6.79019e+000  3.90833e+002
          3491  3.81286e+002  3.49100e+003 -5.10797e+001  6.78981e+000  3.90917e+002
          3492  3.81371e+002  3.49200e+003 -5.10706e+001  6.78941e+000  3.91000e+002
          3493  3.81457e+002  3.49300e+003 -5.10587e+001  6.78905e+000  3.91083e+002
          3494  3.81535e+002  3.49400e+003 -5.10460e+001  6.78867e+000  3.91167e+002
          3495  3.81617e+002  3.49500e+003 -5.10348e+001  6.78831e+000  3.91250e+002
          3496  3.81705e+002  3.49600e+003 -5.10162e+001  6.78802e+000  3.91333e+002
          3497  3.81784e+002  3.49700e+003 -5.10014e+001  6.78767e+000  3.91417e+002
          3498  3.81869e+002  3.49800e+003 -5.09870e+001  6.78734e+000  3.91500e+002
          3499  3.81956e+002  3.49900e+003 -5.09733e+001  6.78703e+000  3.91583e+002
          3500  3.82034e+002  3.50000e+003 -5.09559e+001  6.78668e+000  3.91667e+002
          3501  3.82123e+002  3.50100e+003 -5.09398e+001  6.78635e+000  3.91750e+002
          3502  3.82205e+002  3.50200e+003 -5.09237e+001  6.78603e+000  3.91833e+002
          3503  3.82283e+002  3.50300e+003 -5.09079e+001  6.78567e+000  3.91917e+002
          3504  3.82365e+002  3.50400e+003 -5.08965e+001  6.78532e+000  3.92000e+002
          3505  3.82446e+002  3.50500e+003 -5.08835e+001  6.78499e+000  3.92083e+002
          3506  3.82540e+002  3.50600e+003 -5.08699e+001  6.78464e+000  3.92167e+002
          3507  3.82614e+002  3.50700e+003 -5.08577e+001  6.78430e+000  3.92250e+002
          3508  3.82711e+002  3.50800e+003 -5.08437e+001  6.78392e+000  3.92333e+002
          3509  3.82785e+002  3.50900e+003 -5.08305e+001  6.78356e+000  3.92417e+002
          3510  3.82861e+002  3.51000e+003 -5.08174e+001  6.78320e+000  3.92500e+002
          3511  3.82951e+002  3.51100e+003 -5.08045e+001  6.78281e+000  3.92583e+002
          3512  3.83031e+002  3.51200e+003 -5.07959e+001  6.78241e+000  3.92667e+002
          3513  3.83116e+002  3.51300e+003 -5.07853e+001  6.78205e+000  3.92750e+002
          3514  3.83201e+002  3.51400e+003 -5.07737e+001  6.78167e+000  3.92833e+002
          3515  3.83288e+002  3.51500e+003 -5.07621e+001  6.78131e+000  3.92917e+002
          3516  3.83366e+002  3.51600e+003 -5.07493e+001  6.78094e+000  3.93000e+002
          3517  3.83454e+002  3.51700e+003 -5.07350e+001  6.78054e+000  3.93083e+002
          3518  3.83530e+002  3.51800e+003 -5.07197e+001  6.78012e+000  3.93167e+002
          3519  3.83617e+002  3.51900e+003 -5.07032e+001  6.77970e+000  3.93250e+002
          3520  3.83697e+002  3.52000e+003 -5.06888e+001  6.77926e+000  3.93333e+002
          3521  3.83770e+002  3.52100e+003 -5.06754e+001  6.77883e+000  3.93417e+002
          3522  3.83864e+002  3.52200e+003 -5.06626e+001  6.77844e+000  3.93500e+002
          3523  3.83945e+002  3.52300e+003 -5.06492e+001  6.77808e+000  3.93583e+002
          3524  3.84034e+002  3.52400e+003 -5.06322e+001  6.77773e+000  3.93667e+002
          3525  3.84124e+002  3.52500e+003 -5.06161e+001  6.77736e+000  3.93750e+002
          3526  3.84201e+002  3.52600e+003 -5.05998e+001  6.77695e+000  3.93833e+002
          3527  3.84289e+002  3.52700e+003 -5.05843e+001  6.77656e+000  3.93917e+002
          3528  3.84366e+002  3.52800e+003 -5.05694e+001  6.77617e+000  3.94000e+002
          3529  3.84458e+002  3.52900e+003 -5.05546e+001  6.77577e+000  3.94083e+002
          3530  3.84536e+002  3.53000e+003 -5.05394e+001  6.77538e+000  3.94167e+002
          3531  3.84610e+002  3.53100e+003 -5.05250e+001  6.77495e+000  3.94250e+002
          3532  3.84701e+002  3.53200e+003 -5.05076e+001  6.77459e+000  3.94333e+002
          3533  3.84779e+002  3.53300e+003 -5.04909e+001  6.77422e+000  3.94417e+002
          3534  3.84871e+002  3.53400e+003 -5.04738e+001  6.77382e+000  3.94500e+002
          3535  3.84950e+002  3.53500e+003 -5.04559e+001  6.77344e+000  3.94583e+002
          3536  3.85039e+002  3.53600e+003 -5.04394e+001  6.77302e+000  3.94667e+002
          3537  3.85117e+002  3.53700e+003 -5.04225e+001  6.77262e+000  3.94750e+002
          3538  3.85195e+002  3.53800e+003 -5.04049e+001  6.77224e+000  3.94833e+002
          3539  3.85277e+002  3.53900e+003 -5.03871e+001  6.77183e+000  3.94917e+002
          3540  3.85369e+002  3.54000e+003 -5.03681e+001  6.77140e+000  3.95000e+002
          3541  3.85456e+002  3.54100e+003 -5.03485e+001  6.77097e+000  3.95083e+002
          3542  3.85534e+002  3.54200e+003 -5.03271e+001  6.77055e+000  3.95167e+002
          3543  3.85615e+002  3.54300e+003 -5.03052e+001  6.77009e+000  3.95250e+002
          3544  3.85708e+002  3.54400e+003 -5.02832e+001  6.76965e+000  3.95333e+002
          3545  3.85789e+002  3.54500e+003 -5.02625e+001  6.76919e+000  3.95417e+002
          3546  3.85870e+002  3.54600e+003 -5.02427e+001  6.76875e+000  3.95500e+002
          3547  3.85957e+002  3.54700e+003 -5.02238e+001  6.76834e+000  3.95583e+002
          3548  3.86045e+002  3.54800e+003 -5.02005e+001  6.76790e+000  3.95667e+002
          3549  3.86124e+002  3.54900e+003 -5.01783e+001  6.76746e+000  3.95750e+002
          3550  3.86210e+002  3.55000e+003 -5.01587e+001  6.76702e+000  3.95833e+002
          3551  3.86295e+002  3.55100e+003 -5.01393e+001  6.76659e+000  3.95917e+002
          3552  3.86381e+002  3.55200e+003 -5.01190e+001  6.76612e+000  3.96000e+002
          3553  3.86458e+002  3.55300e+003 -5.00986e+001  6.76569e+000  3.96083e+002
          3554  3.86538e+002  3.55400e+003 -5.00776e+001  6.76528e+000  3.96167e+002
          3555  3.86615e+002  3.55500e+003 -5.00566e+001  6.76484e+000  3.96250e+002
          3556  3.86704e+002  3.55600e+003 -5.00376e+001  6.76442e+000  3.96333e+002
          3557  3.86789e+002  3.55700e+003 -5.00178e+001  6.76399e+000  3.96417e+002
          3558  3.86873e+002  3.55800e+003 -4.99979e+001  6.76356e+000  3.96500e+002
          3559  3.86947e+002  3.55900e+003 -4.99765e+001  6.76309e+000  3.96583e+002
          3560  3.87032e+002  3.56000e+003 -4.99559e+001  6.76266e+000  3.96667e+002
          3561  3.87116e+002  3.56100e+003 -4.99354e+001  6.76219e+000  3.96750e+002
          3562  3.87209e+002  3.56200e+003 -4.99135e+001  6.76172e+000  3.96833e+002
          3563  3.87290e+002  3.56300e+003 -4.98916e+001  6.76123e+000  3.96917e+002
          3564  3.87365e+002  3.56400e+003 -4.98690e+001  6.76075e+000  3.97000e+002
          3565  3.87455e+002  3.56500e+003 -4.98470e+001  6.76025e+000  3.97083e+002
          3566  3.87536e+002  3.56600e+003 -4.98254e+001  6.75976e+000  3.97167e+002
          3567  3.87624e+002  3.56700e+003 -4.98047e+001  6.75925e+000  3.97250e+002
          3568  3.87709e+002  3.56800e+003 -4.97801e+001  6.75879e+000  3.97333e+002
          3569  3.87783e+002  3.56900e+003 -4.97573e+001  6.75835e+000  3.97417e+002
          3570  3.87874e+002  3.57000e+003 -4.97339e+001  6.75787e+000  3.97500e+002
          3571  3.87953e+002  3.57100e+003 -4.97099e+001  6.75736e+000  3.97583e+002
          3572  3.88037e+002  3.57200e+003 -4.96860e+001  6.75691e+000  3.97667e+002
          3573  3.88124e+002  3.57300e+003 -4.96614e+001  6.75640e+000  3.97750e+002
          3574  3.88205e+002  3.57400e+003 -4.96366e+001  6.75590e+000  3.97833e+002
          3575  3.88291e+002  3.57500e+003 -4.96125e+001  6.75537e+000  3.97917e+002
          3576  3.88383e+002  3.57600e+003 -4.95859e+001  6.75484e+000  3.98000e+002
          3577  3.88469e+002  3.57700e+003 -4.95587e+001  6.75431e+000  3.98083e+002
          3578  3.88539e+002  3.57800e+003 -4.95318e+001  6.75380e+000  3.98167e+002
          3579  3.88631e+002  3.57900e+003 -4.95047e+001  6.75326e+000  3.98250e+002
          3580  3.88715e+002  3.58000e+003 -4.94756e+001  6.75281e+000  3.98333e+002
          3581  3.88799e+002  3.58100e+003 -4.94489e+001  6.75236e+000  3.98417e+002
          3582  3.88878e+002  3.58200e+003 -4.94230e+001  6.75188e+000  3.98500e+002
          3583  3.88963e+002  3.58300e+003 -4.93970e+001  6.75136e+000  3.98583e+002
          3584  3.89041e+002  3.58400e+003 -4.93705e+001  6.75091e+000  3.98667e+002
          3585  3.89138e+002  3.58500e+003 -4.93432e+001  6.75041e+000  3.98750e+002
          3586  3.89219e+002  3.58600e+003 -4.93156e+001  6.74990e+000  3.98833e+002
          3587  3.89294e+002  3.58700e+003 -4.92876e+001  6.74937e+000  3.98917e+002
          3588  3.89389e+002  3.58800e+003 -4.92622e+001  6.74884e+000  3.99000e+002
          3589  3.89470e+002  3.58900e+003 -4.92368e+001  6.74828e+000  3.99083e+002
          3590  3.89555e+002  3.59000e+003 -4.92111e+001  6.74771e+000  3.99167e+002
          3591  3.89629e+002  3.59100e+003 -4.91852e+001  6.74715e+000  3.99250e+002
          3592  3.89713e+002  3.59200e+003 -4.91583e+001  6.74657e+000  3.99333e+002
          3593  3.89801e+002  3.59300e+003 -4.91320e+001  6.74601e+000  3.99417e+002
          3594  3.89888e+002  3.59400e+003 -4.91051e+001  6.74544e+000  3.99500e+002
          3595  3.89962e+002  3.59500e+003 -4.90768e+001  6.74491e+000  3.99583e+002
          3596  3.90057e+002  3.59600e+003 -4.90481e+001  6.74434e+000  3.99667e+002
          3597  3.90127e+002  3.59700e+003 -4.90188e+001  6.74381e+000  3.99750e+002
          3598  3.90218e+002  3.59800e+003 -4.89890e+001  6.74327e+000  3.99833e+002
          3599  3.90302e+002  3.59900e+003 -4.89606e+001  6.74277e+000  3.99917e+002
          3600  3.90382e+002  3.60000e+003 -4.89286e+001  6.74225e+000  4.00000e+002
          3601  3.90469e+002  3.60100e+003 -4.88988e+001  6.74175e+000  4.00083e+002
          3602  3.90547e+002  3.60200e+003 -4.88698e+001  6.74121e+000  4.00167e+002
          3603  3.90635e+002  3.60300e+003 -4.88405e+001  6.74064e+000  4.00250e+002
          3604  3.90720e+002  3.60400e+003 -4.88058e+001  6.74009e+000  4.00333e+002
          3605  3.90804e+002  3.60500e+003 -4.87750e+001  6.73952e+000  4.00417e+002
          3606  3.90897e+002  3.60600e+003 -4.87446e+001  6.73897e+000  4.00500e+002
          3607  3.90971e+002  3.60700e+003 -4.87126e+001  6.73840e+000  4.00583e+002
          3608  3.91051e+002  3.60800e+003 -4.86827e+001  6.73779e+000  4.00667e+002
          3609  3.91145e+002  3.60900e+003 -4.86512e+001  6.73720e+000  4.00750e+002
          3610  3.91223e+002  3.61000e+003 -4.86191e+001  6.73661e+000  4.00833e+002
          3611  3.91313e+002  3.61100e+003 -4.85862e+001  6.73604e+000  4.00917e+002
          3612  3.91400e+002  3.61200e+003 -4.85537e+001  6.73543e+000  4.01000e+002
          3613  3.91485e+002  3.61300e+003 -4.85222e+001  6.73487e+000  4.01083e+002
          3614  3.91568e+002  3.61400e+003 -4.84908e+001  6.73428e+000  4.01167e+002
          3615  3.91650e+002  3.61500e+003 -4.84578e+001  6.73367e+000  4.01250e+002
          3616  3.91732e+002  3.61600e+003 -4.84240e+001  6.73312e+000  4.01333e+002
          3617  3.91825e+002  3.61700e+003 -4.83922e+001  6.73255e+000  4.01417e+002
          3618  3.91912e+002  3.61800e+003 -4.83605e+001  6.73199e+000  4.01500e+002
          3619  3.91992e+002  3.61900e+003 -4.83286e+001  6.73141e+000  4.01583e+002
          3620  3.92074e+002  3.62000e+003 -4.82976e+001  6.73080e+000  4.01667e+002
          3621  3.92156e+002  3.62100e+003 -4.82636e+001  6.73021e+000  4.01750e+002
          3622  3.92238e+002  3.62200e+003 -4.82286e+001  6.72961e+000  4.01833e+002
          3623  3.92334e+002  3.62300e+003 -4.81934e+001  6.72905e+000  4.01917e+002
          3624  3.92411e+002  3.62400e+003 -4.81564e+001  6.72841e+000  4.02000e+002
          3625  3.92487e+002  3.62500e+003 -4.81203e+001  6.72778e+000  4.02083e+002
          3626  3.92581e+002  3.62600e+003 -4.80841e+001  6.72718e+000  4.02167e+002
          3627  3.92660e+002  3.62700e+003 -4.80481e+001  6.72656e+000  4.02250e+002
          3628  3.92747e+002  3.62800e+003 -4.80079e+001  6.72590e+000  4.02333e+002
          3629  3.92830e+002  3.62900e+003 -4.79703e+001  6.72527e+000  4.02417e+002
          3630  3.92911e+002  3.63000e+003 -4.79331e+001  6.72465e+000  4.02500e+002
          3631  3.92999e+002  3.63100e+003 -4.78976e+001  6.72406e+000  4.02583e+002
          3632  3.93081e+002  3.63200e+003 -4.78582e+001  6.72343e+000  4.02667e+002
          3633  3.93170e+002  3.63300e+003 -4.78208e+001  6.72279e+000  4.02750e+002
          3634  3.93251e+002  3.63400e+003 -4.77843e+001  6.72218e+000  4.02833e+002
          3635  3.93341e+002  3.63500e+003 -4.77481e+001  6.72156e+000  4.02917e+002
          3636  3.93416e+002  3.63600e+003 -4.77120e+001  6.72090e+000  4.03000e+002
          3637  3.93507e+002  3.63700e+003 -4.76751e+001  6.72028e+000  4.03083e+002
          3638  3.93587e+002  3.63800e+003 -4.76387e+001  6.71963e+000  4.03167e+002
          3639  3.93676e+002  3.63900e+003 -4.76029e+001  6.71895e+000  4.03250e+002
          3640  3.93763e+002  3.64000e+003 -4.75671e+001  6.71830e+000  4.03333e+002
          3641  3.93848e+002  3.64100e+003 -4.75298e+001  6.71764e+000  4.03417e+002
          3642  3.93928e+002  3.64200e+003 -4.74925e+001  6.71697e+000  4.03500e+002
          3643  3.94005e+002  3.64300e+003 -4.74553e+001  6.71633e+000  4.03583e+002
          3644  3.94094e+002  3.64400e+003 -4.74176e+001  6.71568e+000  4.03667e+002
          3645  3.94171e+002  3.64500e+003 -4.73802e+001  6.71498e+000  4.03750e+002
          3646  3.94257e+002  3.64600e+003 -4.73415e+001  6.71427e+000  4.03833e+002
          3647  3.94343e+002  3.64700e+003 -4.73018e+001  6.71359e+000  4.03917e+002
          3648  3.94424e+002  3.64800e+003 -4.72608e+001  6.71284e+000  4.04000e+002
          3649  3.94508e+002  3.64900e+003 -4.72216e+001  6.71211e+000  4.04083e+002
          3650  3.94593e+002  3.65000e+003 -4.71827e+001  6.71143e+000  4.04167e+002
          3651  3.94677e+002  3.65100e+003 -4.71439e+001  6.71073e+000  4.04250e+002
          3652  3.94770e+002  3.65200e+003 -4.71036e+001  6.71003e+000  4.04333e+002
          3653  3.94850e+002  3.65300e+003 -4.70632e+001  6.70936e+000  4.04417e+002
          3654  3.94942e+002  3.65400e+003 -4.70225e+001  6.70867e+000  4.04500e+002
          3655  3.95021e+002  3.65500e+003 -4.69825e+001  6.70797e+000  4.04583e+002
          3656  3.95106e+002  3.65600e+003 -4.69429e+001  6.70733e+000  4.04667e+002
          3657  3.95187e+002  3.65700e+003 -4.69047e+001  6.70666e+000  4.04750e+002
          3658  3.95272e+002  3.65800e+003 -4.68657e+001  6.70595e+000  4.04833e+002
          3659  3.95348e+002  3.65900e+003 -4.68263e+001  6.70522e+000  4.04917e+002
          3660  3.95443e+002  3.66000e+003 -4.67888e+001  6.70456e+000  4.05000e+002
          3661  3.95532e+002  3.66100e+003 -4.67489e+001  6.70386e+000  4.05083e+002
          3662  3.95615e+002  3.66200e+003 -4.67080e+001  6.70315e+000  4.05167e+002
          3663  3.95699e+002  3.66300e+003 -4.66673e+001  6.70247e+000  4.05250e+002
          3664  3.95778e+002  3.66400e+003 -4.66285e+001  6.70177e+000  4.05333e+002
          3665  3.95859e+002  3.66500e+003 -4.65881e+001  6.70104e+000  4.05417e+002
          3666  3.95950e+002  3.66600e+003 -4.65473e+001  6.70031e+000  4.05500e+002
          3667  3.96035e+002  3.66700e+003 -4.65064e+001  6.69961e+000  4.05583e+002
          3668  3.96125e+002  3.66800e+003 -4.64621e+001  6.69886e+000  4.05667e+002
          3669  3.96202e+002  3.66900e+003 -4.64202e+001  6.69810e+000  4.05750e+002
          3670  3.96295e+002  3.67000e+003 -4.63797e+001  6.69734e+000  4.05833e+002
          3671  3.96378e+002  3.67100e+003 -4.63398e+001  6.69662e+000  4.05917e+002
          3672  3.96468e+002  3.67200e+003 -4.62992e+001  6.69588e+000  4.06000e+002
          3673  3.96549e+002  3.67300e+003 -4.62578e+001  6.69511e+000  4.06083e+002
          3674  3.96632e+002  3.67400e+003 -4.62168e+001  6.69432e+000  4.06167e+002
          3675  3.96718e+002  3.67500e+003 -4.61755e+001  6.69351e+000  4.06250e+002
          3676  3.96801e+002  3.67600e+003 -4.61336e+001  6.69276e+000  4.06333e+002
          3677  3.96890e+002  3.67700e+003 -4.60920e+001  6.69199e+000  4.06417e+002
          3678  3.96973e+002  3.67800e+003 -4.60504e+001  6.69120e+000  4.06500e+002
          3679  3.97050e+002  3.67900e+003 -4.60085e+001  6.69039e+000  4.06583e+002
          3680  3.97134e+002  3.68000e+003 -4.59673e+001  6.68969e+000  4.06667e+002
          3681  3.97224e+002  3.68100e+003 -4.59259e+001  6.68894e+000  4.06750e+002
          3682  3.97306e+002  3.68200e+003 -4.58839e+001  6.68817e+000  4.06833e+002
          3683  3.97390e+002  3.68300e+003 -4.58424e+001  6.68738e+000  4.06917e+002
          3684  3.97477e+002  3.68400e+003 -4.57994e+001  6.68659e+000  4.07000e+002
          3685  3.97565e+002  3.68500e+003 -4.57567e+001  6.68583e+000  4.07083e+002
          3686  3.97639e+002  3.68600e+003 -4.57134e+001  6.68505e+000  4.07167e+002
          3687  3.97730e+002  3.68700e+003 -4.56699e+001  6.68426e+000  4.07250e+002
          3688  3.97820e+002  3.68800e+003 -4.56282e+001  6.68344e+000  4.07333e+002
          3689  3.97904e+002  3.68900e+003 -4.55863e+001  6.68268e+000  4.07417e+002
          3690  3.97987e+002  3.69000e+003 -4.55438e+001  6.68192e+000  4.07500e+002
          3691  3.98065e+002  3.69100e+003 -4.55005e+001  6.68114e+000  4.07583e+002
          3692  3.98154e+002  3.69200e+003 -4.54593e+001  6.68034e+000  4.07667e+002
          3693  3.98249e+002  3.69300e+003 -4.54175e+001  6.67952e+000  4.07750e+002
          3694  3.98325e+002  3.69400e+003 -4.53754e+001  6.67869e+000  4.07833e+002
          3695  3.98419e+002  3.69500e+003 -4.53345e+001  6.67790e+000  4.07917e+002
          3696  3.98499e+002  3.69600e+003 -4.52908e+001  6.67706e+000  4.08000e+002
          3697  3.98574e+002  3.69700e+003 -4.52482e+001  6.67623e+000  4.08083e+002
          3698  3.98655e+002  3.69800e+003 -4.52064e+001  6.67539e+000  4.08167e+002
          3699  3.98746e+002  3.69900e+003 -4.51634e+001  6.67454e+000  4.08250e+002
          3700  3.98833e+002  3.70000e+003 -4.51219e+001  6.67368e+000  4.08333e+002
          3701  3.98916e+002  3.70100e+003 -4.50809e+001  6.67282e+000  4.08417e+002
          3702  3.99007e+002  3.70200e+003 -4.50390e+001  6.67199e+000  4.08500e+002
          3703  3.99084e+002  3.70300e+003 -4.49958e+001  6.67117e+000  4.08583e+002
          3704  3.99168e+002  3.70400e+003 -4.49543e+001  6.67030e+000  4.08667e+002
          3705  3.99258e+002  3.70500e+003 -4.49120e+001  6.66944e+000  4.08750e+002
          3706  3.99340e+002  3.70600e+003 -4.48689e+001  6.66857e+000  4.08833e+002
          3707  3.99423e+002  3.70700e+003 -4.48253e+001  6.66769e+000  4.08917e+002
          3708  3.99505e+002  3.70800e+003 -4.47809e+001  6.66677e+000  4.09000e+002
          3709  3.99589e+002  3.70900e+003 -4.47386e+001  6.66588e+000  4.09083e+002
          3710  3.99674e+002  3.71000e+003 -4.46978e+001  6.66503e+000  4.09167e+002
          3711  3.99763e+002  3.71100e+003 -4.46567e+001  6.66419e+000  4.09250e+002
          3712  3.99852e+002  3.71200e+003 -4.46141e+001  6.66332e+000  4.09333e+002
          3713  3.99936e+002  3.71300e+003 -4.45730e+001  6.66245e+000  4.09417e+002
          3714  4.00025e+002  3.71400e+003 -4.45304e+001  6.66157e+000  4.09500e+002
          3715  4.00102e+002  3.71500e+003 -4.44874e+001  6.66069e+000  4.09583e+002
          3716  4.00187e+002  3.71600e+003 -4.44463e+001  6.65978e+000  4.09667e+002
          3717  4.00265e+002  3.71700e+003 -4.44063e+001  6.65888e+000  4.09750e+002
          3718  4.00355e+002  3.71800e+003 -4.43663e+001  6.65803e+000  4.09833e+002
          3719  4.00438e+002  3.71900e+003 -4.43252e+001  6.65719e+000  4.09917e+002
          3720  4.00521e+002  3.72000e+003 -4.42856e+001  6.65632e+000  4.10000e+002
          3721  4.00605e+002  3.72100e+003 -4.42460e+001  6.65545e+000  4.10083e+002
          3722  4.00692e+002  3.72200e+003 -4.42066e+001  6.65458e+000  4.10167e+002
          3723  4.00786e+002  3.72300e+003 -4.41666e+001  6.65369e+000  4.10250e+002
          3724  4.00865e+002  3.72400e+003 -4.41289e+001  6.65278e+000  4.10333e+002
          3725  4.00941e+002  3.72500e+003 -4.40902e+001  6.65185e+000  4.10417e+002
          3726  4.01027e+002  3.72600e+003 -4.40516e+001  6.65091e+000  4.10500e+002
          3727  4.01120e+002  3.72700e+003 -4.40129e+001  6.64997e+000  4.10583e+002
          3728  4.01204e+002  3.72800e+003 -4.39735e+001  6.64898e+000  4.10667e+002
          3729  4.01283e+002  3.72900e+003 -4.39336e+001  6.64809e+000  4.10750e+002
          3730  4.01372e+002  3.73000e+003 -4.38946e+001  6.64721e+000  4.10833e+002
          3731  4.01457e+002  3.73100e+003 -4.38563e+001  6.64633e+000  4.10917e+002
          3732  4.01527e+002  3.73200e+003 -4.38184e+001  6.64549e+000  4.11000e+002
          3733  4.01616e+002  3.73300e+003 -4.37801e+001  6.64462e+000  4.11083e+002
          3734  4.01711e+002  3.73400e+003 -4.37405e+001  6.64372e+000  4.11167e+002
          3735  4.01796e+002  3.73500e+003 -4.37017e+001  6.64281e+000  4.11250e+002
          3736  4.01877e+002  3.73600e+003 -4.36622e+001  6.64185e+000  4.11333e+002
          3737  4.01963e+002  3.73700e+003 -4.36240e+001  6.64090e+000  4.11417e+002
          3738  4.02049e+002  3.73800e+003 -4.35865e+001  6.63994e+000  4.11500e+002
          3739  4.02133e+002  3.73900e+003 -4.35491e+001  6.63898e+000  4.11583e+002
          3740  4.02221e+002  3.74000e+003 -4.35129e+001  6.63797e+000  4.11667e+002
          3741  4.02299e+002  3.74100e+003 -4.34739e+001  6.63698e+000  4.11750e+002
          3742  4.02381e+002  3.74200e+003 -4.34350e+001  6.63599e+000  4.11833e+002
          3743  4.02480e+002  3.74300e+003 -4.33981e+001  6.63500e+000  4.11917e+002
          3744  4.02553e+002  3.74400e+003 -4.33641e+001  6.63400e+000  4.12000e+002
          3745  4.02634e+002  3.74500e+003 -4.33283e+001  6.63300e+000  4.12083e+002
          3746  4.02721e+002  3.74600e+003 -4.32916e+001  6.63200e+000  4.12167e+002
          3747  4.02817e+002  3.74700e+003 -4.32538e+001  6.63100e+000  4.12250e+002
          3748  4.02892e+002  3.74800e+003 -4.32166e+001  6.63000e+000  4.12333e+002
          3749  4.02980e+002  3.74900e+003 -4.31808e+001  6.62900e+000  4.12417e+002
          3750  4.03069e+002  3.75000e+003 -4.31456e+001  6.62803e+000  4.12500e+002
          3751  4.03148e+002  3.75100e+003 -4.31099e+001  6.62711e+000  4.12583e+002
          3752  4.03232e+002  3.75200e+003 -4.30758e+001  6.62623e+000  4.12667e+002
          3753  4.03316e+002  3.75300e+003 -4.30387e+001  6.62535e+000  4.12750e+002
          3754  4.03398e+002  3.75400e+003 -4.30017e+001  6.62443e+000  4.12833e+002
          3755  4.03487e+002  3.75500e+003 -4.29640e+001  6.62346e+000  4.12917e+002
          3756  4.03572e+002  3.75600e+003 -4.29213e+001  6.62251e+000  4.13000e+002
          3757  4.03654e+002  3.75700e+003 -4.28827e+001  6.62158e+000  4.13083e+002
          3758  4.03743e+002  3.75800e+003 -4.28443e+001  6.62065e+000  4.13167e+002
          3759  4.03828e+002  3.75900e+003 -4.28063e+001  6.61972e+000  4.13250e+002
          3760  4.03912e+002  3.76000e+003 -4.27674e+001  6.61873e+000  4.13333e+002
          3761  4.04002e+002  3.76100e+003 -4.27296e+001  6.61777e+000  4.13417e+002
          3762  4.04076e+002  3.76200e+003 -4.26939e+001  6.61682e+000  4.13500e+002
          3763  4.04169e+002  3.76300e+003 -4.26587e+001  6.61586e+000  4.13583e+002
          3764  4.04247e+002  3.76400e+003 -4.26229e+001  6.61490e+000  4.13667e+002
          3765  4.04334e+002  3.76500e+003 -4.25853e+001  6.61394e+000  4.13750e+002
          3766  4.04422e+002  3.76600e+003 -4.25493e+001  6.61296e+000  4.13833e+002
          3767  4.04498e+002  3.76700e+003 -4.25140e+001  6.61198e+000  4.13917e+002
          3768  4.04586e+002  3.76800e+003 -4.24820e+001  6.61095e+000  4.14000e+002
          3769  4.04678e+002  3.76900e+003 -4.24482e+001  6.60987e+000  4.14083e+002
          3770  4.04762e+002  3.77000e+003 -4.24145e+001  6.60877e+000  4.14167e+002
          3771  4.04837e+002  3.77100e+003 -4.23813e+001  6.60767e+000  4.14250e+002
          3772  4.04924e+002  3.77200e+003 -4.23496e+001  6.60649e+000  4.14333e+002
          3773  4.05010e+002  3.77300e+003 -4.23160e+001  6.60537e+000  4.14417e+002
          3774  4.05090e+002  3.77400e+003 -4.22801e+001  6.60428e+000  4.14500e+002
          3775  4.05173e+002  3.77500e+003 -4.22419e+001  6.60319e+000  4.14583e+002
          3776  4.05264e+002  3.77600e+003 -4.22069e+001  6.60214e+000  4.14667e+002
          3777  4.05351e+002  3.77700e+003 -4.21719e+001  6.60110e+000  4.14750e+002
          3778  4.05433e+002  3.77800e+003 -4.21371e+001  6.60005e+000  4.14833e+002
          3779  4.05522e+002  3.77900e+003 -4.21031e+001  6.59902e+000  4.14917e+002
          3780  4.05593e+002  3.78000e+003 -4.20679e+001  6.59803e+000  4.15000e+002
          3781  4.05684e+002  3.78100e+003 -4.20341e+001  6.59702e+000  4.15083e+002
          3782  4.05774e+002  3.78200e+003 -4.19994e+001  6.59601e+000  4.15167e+002
          3783  4.05863e+002  3.78300e+003 -4.19653e+001  6.59500e+000  4.15250e+002
          3784  4.05934e+002  3.78400e+003 -4.19298e+001  6.59400e+000  4.15333e+002
          3785  4.06020e+002  3.78500e+003 -4.18969e+001  6.59300e+000  4.15417e+002
          3786  4.06105e+002  3.78600e+003 -4.18644e+001  6.59200e+000  4.15500e+002
          3787  4.06189e+002  3.78700e+003 -4.18308e+001  6.59100e+000  4.15583e+002
          3788  4.06282e+002  3.78800e+003 -4.18047e+001  6.58997e+000  4.15667e+002
          3789  4.06352e+002  3.78900e+003 -4.17747e+001  6.58888e+000  4.15750e+002
          3790  4.06437e+002  3.79000e+003 -4.17445e+001  6.58778e+000  4.15833e+002
          3791  4.06530e+002  3.79100e+003 -4.17141e+001  6.58667e+000  4.15917e+002
          3792  4.06604e+002  3.79200e+003 -4.16850e+001  6.58550e+000  4.16000e+002
          3793  4.06690e+002  3.79300e+003 -4.16554e+001  6.58438e+000  4.16083e+002
          3794  4.06781e+002  3.79400e+003 -4.16265e+001  6.58328e+000  4.16167e+002
          3795  4.06866e+002  3.79500e+003 -4.15977e+001  6.58219e+000  4.16250e+002
          3796  4.06946e+002  3.79600e+003 -4.15682e+001  6.58114e+000  4.16333e+002
          3797  4.07032e+002  3.79700e+003 -4.15390e+001  6.58010e+000  4.16417e+002
          3798  4.07111e+002  3.79800e+003 -4.15104e+001  6.57905e+000  4.16500e+002
          3799  4.07197e+002  3.79900e+003 -4.14812e+001  6.57802e+000  4.16583e+002
          3800  4.07289e+002  3.80000e+003 -4.14549e+001  6.57703e+000  4.16667e+002
          3801  4.07369e+002  3.80100e+003 -4.14261e+001  6.57599e+000  4.16750e+002
          3802  4.07453e+002  3.80200e+003 -4.13979e+001  6.57489e+000  4.16833e+002
          3803  4.07541e+002  3.80300e+003 -4.13704e+001  6.57378e+000  4.16917e+002
          3804  4.07618e+002  3.80400e+003 -4.13392e+001  6.57264e+000  4.17000e+002
          3805  4.07716e+002  3.80500e+003 -4.13094e+001  6.57152e+000  4.17083e+002
          3806  4.07794e+002  3.80600e+003 -4.12809e+001  6.57041e+000  4.17167e+002
          3807  4.07872e+002  3.80700e+003 -4.12533e+001  6.56931e+000  4.17250e+002
          3808  4.07957e+002  3.80800e+003 -4.12231e+001  6.56822e+000  4.17333e+002
          3809  4.08037e+002  3.80900e+003 -4.11936e+001  6.56714e+000  4.17417e+002
          3810  4.08116e+002  3.81000e+003 -4.11649e+001  6.56608e+000  4.17500e+002
          3811  4.08205e+002  3.81100e+003 -4.11374e+001  6.56503e+000  4.17583e+002
          3812  4.08293e+002  3.81200e+003 -4.11103e+001  6.56393e+000  4.17667e+002
          3813  4.08378e+002  3.81300e+003 -4.10834e+001  6.56281e+000  4.17750e+002
          3814  4.08450e+002  3.81400e+003 -4.10564e+001  6.56168e+000  4.17833e+002
          3815  4.08543e+002  3.81500e+003 -4.10282e+001  6.56056e+000  4.17917e+002
          3816  4.08626e+002  3.81600e+003 -4.10030e+001  6.55936e+000  4.18000e+002
          3817  4.08705e+002  3.81700e+003 -4.09769e+001  6.55824e+000  4.18083e+002
          3818  4.08790e+002  3.81800e+003 -4.09505e+001  6.55714e+000  4.18167e+002
          3819  4.08878e+002  3.81900e+003 -4.09234e+001  6.55606e+000  4.18250e+002
          3820  4.08966e+002  3.82000e+003 -4.08995e+001  6.55505e+000  4.18333e+002
          3821  4.09043e+002  3.82100e+003 -4.08734e+001  6.55393e+000  4.18417e+002
          3822  4.09129e+002  3.82200e+003 -4.08480e+001  6.55280e+000  4.18500e+002
          3823  4.09216e+002  3.82300e+003 -4.08234e+001  6.55167e+000  4.18583e+002
          3824  4.09294e+002  3.82400e+003 -4.07955e+001  6.55051e+000  4.18667e+002
          3825  4.09380e+002  3.82500e+003 -4.07690e+001  6.54939e+000  4.18750e+002
          3826  4.09462e+002  3.82600e+003 -4.07441e+001  6.54828e+000  4.18833e+002
          3827  4.09547e+002  3.82700e+003 -4.07200e+001  6.54719e+000  4.18917e+002
          3828  4.09637e+002  3.82800e+003 -4.06954e+001  6.54603e+000  4.19000e+002
          3829  4.09715e+002  3.82900e+003 -4.06707e+001  6.54487e+000  4.19083e+002
          3830  4.09798e+002  3.83000e+003 -4.06467e+001  6.54372e+000  4.19167e+002
          3831  4.09882e+002  3.83100e+003 -4.06231e+001  6.54258e+000  4.19250e+002
          3832  4.09952e+002  3.83200e+003 -4.06011e+001  6.54138e+000  4.19333e+002
          3833  4.10044e+002  3.83300e+003 -4.05774e+001  6.54025e+000  4.19417e+002
          3834  4.10134e+002  3.83400e+003 -4.05542e+001  6.53912e+000  4.19500e+002
          3835  4.10212e+002  3.83500e+003 -4.05307e+001  6.53795e+000  4.19583e+002
          3836  4.10299e+002  3.83600e+003 -4.05086e+001  6.53684e+000  4.19667e+002
          3837  4.10378e+002  3.83700e+003 -4.04860e+001  6.53570e+000  4.19750e+002
          3838  4.10465e+002  3.83800e+003 -4.04630e+001  6.53457e+000  4.19833e+002
          3839  4.10543e+002  3.83900e+003 -4.04400e+001  6.53344e+000  4.19917e+002
          3840  4.10628e+002  3.84000e+003 -4.04184e+001  6.53227e+000  4.20000e+002
          3841  4.10715e+002  3.84100e+003 -4.03964e+001  6.53108e+000  4.20083e+002
          3842  4.10788e+002  3.84200e+003 -4.03732e+001  6.52989e+000  4.20167e+002
          3843  4.10873e+002  3.84300e+003 -4.03494e+001  6.52872e+000  4.20250e+002
          3844  4.10969e+002  3.84400e+003 -4.03273e+001  6.52756e+000  4.20333e+002
          3845  4.11047e+002  3.84500e+003 -4.03058e+001  6.52642e+000  4.20417e+002
          3846  4.11138e+002  3.84600e+003 -4.02832e+001  6.52527e+000  4.20500e+002
          3847  4.11218e+002  3.84700e+003 -4.02597e+001  6.52408e+000  4.20583e+002
          3848  4.11306e+002  3.84800e+003 -4.02380e+001  6.52292e+000  4.20667e+002
          3849  4.11378e+002  3.84900e+003 -4.02161e+001  6.52175e+000  4.20750e+002
          3850  4.11466e+002  3.85000e+003 -4.01933e+001  6.52060e+000  4.20833e+002
          3851  4.11552e+002  3.85100e+003 -4.01694e+001  6.51945e+000  4.20917e+002
          3852  4.11633e+002  3.85200e+003 -4.01462e+001  6.51831e+000  4.21000e+002
          3853  4.11708e+002  3.85300e+003 -4.01238e+001  6.51718e+000  4.21083e+002
          3854  4.11800e+002  3.85400e+003 -4.01012e+001  6.51601e+000  4.21167e+002
          3855  4.11885e+002  3.85500e+003 -4.00796e+001  6.51483e+000  4.21250e+002
          3856  4.11972e+002  3.85600e+003 -4.00578e+001  6.51370e+000  4.21333e+002
          3857  4.12046e+002  3.85700e+003 -4.00373e+001  6.51256e+000  4.21417e+002
          3858  4.12126e+002  3.85800e+003 -4.00174e+001  6.51143e+000  4.21500e+002
          3859  4.12218e+002  3.85900e+003 -3.99965e+001  6.51031e+000  4.21583e+002
          3860  4.12304e+002  3.86000e+003 -3.99777e+001  6.50912e+000  4.21667e+002
          3861  4.12387e+002  3.86100e+003 -3.99567e+001  6.50793e+000  4.21750e+002
          3862  4.12473e+002  3.86200e+003 -3.99361e+001  6.50675e+000  4.21833e+002
          3863  4.12546e+002  3.86300e+003 -3.99163e+001  6.50559e+000  4.21917e+002
          3864  4.12644e+002  3.86400e+003 -3.99007e+001  6.50437e+000  4.22000e+002
          3865  4.12723e+002  3.86500e+003 -3.98835e+001  6.50315e+000  4.22083e+002
          3866  4.12803e+002  3.86600e+003 -3.98650e+001  6.50193e+000  4.22167e+002
          3867  4.12890e+002  3.86700e+003 -3.98458e+001  6.50073e+000  4.22250e+002
          3868  4.12969e+002  3.86800e+003 -3.98246e+001  6.49958e+000  4.22333e+002
          3869  4.13054e+002  3.86900e+003 -3.98055e+001  6.49840e+000  4.22417e+002
          3870  4.13144e+002  3.87000e+003 -3.97878e+001  6.49719e+000  4.22500e+002
          3871  4.13225e+002  3.87100e+003 -3.97690e+001  6.49597e+000  4.22583e+002
          3872  4.13310e+002  3.87200e+003 -3.97518e+001  6.49479e+000  4.22667e+002
          3873  4.13396e+002  3.87300e+003 -3.97327e+001  6.49362e+000  4.22750e+002
          3874  4.13475e+002  3.87400e+003 -3.97141e+001  6.49244e+000  4.22833e+002
          3875  4.13554e+002  3.87500e+003 -3.96950e+001  6.49122e+000  4.22917e+002
          3876  4.13641e+002  3.87600e+003 -3.96766e+001  6.49001e+000  4.23000e+002
          3877  4.13726e+002  3.87700e+003 -3.96588e+001  6.48881e+000  4.23083e+002
          3878  4.13811e+002  3.87800e+003 -3.96409e+001  6.48761e+000  4.23167e+002
          3879  4.13901e+002  3.87900e+003 -3.96225e+001  6.48636e+000  4.23250e+002
          3880  4.13980e+002  3.88000e+003 -3.96036e+001  6.48510e+000  4.23333e+002
          3881  4.14066e+002  3.88100e+003 -3.95855e+001  6.48387e+000  4.23417e+002
          3882  4.14138e+002  3.88200e+003 -3.95683e+001  6.48267e+000  4.23500e+002
          3883  4.14224e+002  3.88300e+003 -3.95515e+001  6.48148e+000  4.23583e+002
          3884  4.14321e+002  3.88400e+003 -3.95377e+001  6.48024e+000  4.23667e+002
          3885  4.14394e+002  3.88500e+003 -3.95217e+001  6.47901e+000  4.23750e+002
          3886  4.14482e+002  3.88600e+003 -3.95051e+001  6.47780e+000  4.23833e+002
          3887  4.14559e+002  3.88700e+003 -3.94882e+001  6.47661e+000  4.23917e+002
          3888  4.14646e+002  3.88800e+003 -3.94708e+001  6.47539e+000  4.24000e+002
          3889  4.14734e+002  3.88900e+003 -3.94552e+001  6.47416e+000  4.24083e+002
          3890  4.14812e+002  3.89000e+003 -3.94402e+001  6.47294e+000  4.24167e+002
          3891  4.14899e+002  3.89100e+003 -3.94244e+001  6.47173e+000  4.24250e+002
          3892  4.14973e+002  3.89200e+003 -3.94115e+001  6.47058e+000  4.24333e+002
          3893  4.15058e+002  3.89300e+003 -3.93974e+001  6.46941e+000  4.24417e+002
          3894  4.15146e+002  3.89400e+003 -3.93821e+001  6.46819e+000  4.24500e+002
          3895  4.15226e+002  3.89500e+003 -3.93666e+001  6.46697e+000  4.24583e+002
          3896  4.15309e+002  3.89600e+003 -3.93534e+001  6.46579e+000  4.24667e+002
          3897  4.15409e+002  3.89700e+003 -3.93402e+001  6.46460e+000  4.24750e+002
          3898  4.15482e+002  3.89800e+003 -3.93261e+001  6.46335e+000  4.24833e+002
          3899  4.15562e+002  3.89900e+003 -3.93118e+001  6.46211e+000  4.24917e+002
          3900  4.15647e+002  3.90000e+003 -3.92982e+001  6.46088e+000  4.25000e+002
          3901  4.15732e+002  3.90100e+003 -3.92836e+001  6.45965e+000  4.25083e+002
          3902  4.15813e+002  3.90200e+003 -3.92685e+001  6.45839e+000  4.25167e+002
          3903  4.15894e+002  3.90300e+003 -3.92521e+001  6.45712e+000  4.25250e+002
          3904  4.15983e+002  3.90400e+003 -3.92388e+001  6.45590e+000  4.25333e+002
          3905  4.16059e+002  3.90500e+003 -3.92251e+001  6.45469e+000  4.25417e+002
          3906  4.16140e+002  3.90600e+003 -3.92111e+001  6.45348e+000  4.25500e+002
          3907  4.16228e+002  3.90700e+003 -3.91976e+001  6.45224e+000  4.25583e+002
          3908  4.16304e+002  3.90800e+003 -3.91822e+001  6.45103e+000  4.25667e+002
          3909  4.16392e+002  3.90900e+003 -3.91689e+001  6.44983e+000  4.25750e+002
          3910  4.16468e+002  3.91000e+003 -3.91559e+001  6.44861e+000  4.25833e+002
          3911  4.16554e+002  3.91100e+003 -3.91439e+001  6.44736e+000  4.25917e+002
          3912  4.16650e+002  3.91200e+003 -3.91316e+001  6.44610e+000  4.26000e+002
          3913  4.16726e+002  3.91300e+003 -3.91186e+001  6.44488e+000  4.26083e+002
          3914  4.16807e+002  3.91400e+003 -3.91062e+001  6.44364e+000  4.26167e+002
          3915  4.16896e+002  3.91500e+003 -3.90938e+001  6.44237e+000  4.26250e+002
          3916  4.16981e+002  3.91600e+003 -3.90849e+001  6.44112e+000  4.26333e+002
          3917  4.17055e+002  3.91700e+003 -3.90750e+001  6.43989e+000  4.26417e+002
          3918  4.17142e+002  3.91800e+003 -3.90648e+001  6.43865e+000  4.26500e+002
          3919  4.17216e+002  3.91900e+003 -3.90542e+001  6.43737e+000  4.26583e+002
          3920  4.17310e+002  3.92000e+003 -3.90420e+001  6.43612e+000  4.26667e+002
          3921  4.17390e+002  3.92100e+003 -3.90303e+001  6.43489e+000  4.26750e+002
          3922  4.17476e+002  3.92200e+003 -3.90183e+001  6.43365e+000  4.26833e+002
          3923  4.17555e+002  3.92300e+003 -3.90060e+001  6.43237e+000  4.26917e+002
          3924  4.17633e+002  3.92400e+003 -3.89944e+001  6.43112e+000  4.27000e+002
          3925  4.17718e+002  3.92500e+003 -3.89834e+001  6.42989e+000  4.27083e+002
          3926  4.17800e+002  3.92600e+003 -3.89730e+001  6.42865e+000  4.27167e+002
          3927  4.17884e+002  3.92700e+003 -3.89623e+001  6.42737e+000  4.27250e+002
          3928  4.17966e+002  3.92800e+003 -3.89505e+001  6.42612e+000  4.27333e+002
          3929  4.18060e+002  3.92900e+003 -3.89394e+001  6.42489e+000  4.27417e+002
          3930  4.18137e+002  3.93000e+003 -3.89280e+001  6.42365e+000  4.27500e+002
          3931  4.18218e+002  3.93100e+003 -3.89166e+001  6.42238e+000  4.27583e+002
          3932  4.18301e+002  3.93200e+003 -3.89057e+001  6.42112e+000  4.27667e+002
          3933  4.18383e+002  3.93300e+003 -3.88964e+001  6.41989e+000  4.27750e+002
          3934  4.18474e+002  3.93400e+003 -3.88875e+001  6.41865e+000  4.27833e+002
          3935  4.18552e+002  3.93500e+003 -3.88795e+001  6.41738e+000  4.27917e+002
          3936  4.18639e+002  3.93600e+003 -3.88728e+001  6.41612e+000  4.28000e+002
          3937  4.18723e+002  3.93700e+003 -3.88653e+001  6.41486e+000  4.28083e+002
          3938  4.18805e+002  3.93800e+003 -3.88568e+001  6.41356e+000  4.28167e+002
          3939  4.18890e+002  3.93900e+003 -3.88470e+001  6.41226e+000  4.28250e+002
          3940  4.18973e+002  3.94000e+003 -3.88377e+001  6.41099e+000  4.28333e+002
          3941  4.19055e+002  3.94100e+003 -3.88284e+001  6.40975e+000  4.28417e+002
          3942  4.19142e+002  3.94200e+003 -3.88200e+001  6.40852e+000  4.28500e+002
          3943  4.19225e+002  3.94300e+003 -3.88102e+001  6.40725e+000  4.28583e+002
          3944  4.19303e+002  3.94400e+003 -3.88043e+001  6.40605e+000  4.28667e+002
          3945  4.19384e+002  3.94500e+003 -3.87968e+001  6.40481e+000  4.28750e+002
          3946  4.19467e+002  3.94600e+003 -3.87870e+001  6.40353e+000  4.28833e+002
          3947  4.19551e+002  3.94700e+003 -3.87767e+001  6.40225e+000  4.28917e+002
          3948  4.19643e+002  3.94800e+003 -3.87641e+001  6.40098e+000  4.29000e+002
          3949  4.19731e+002  3.94900e+003 -3.87539e+001  6.39972e+000  4.29083e+002
          3950  4.19804e+002  3.95000e+003 -3.87453e+001  6.39842e+000  4.29167e+002
          3951  4.19886e+002  3.95100e+003 -3.87368e+001  6.39714e+000  4.29250e+002
          3952  4.19972e+002  3.95200e+003 -3.87290e+001  6.39592e+000  4.29333e+002
          3953  4.20047e+002  3.95300e+003 -3.87220e+001  6.39468e+000  4.29417e+002
          3954  4.20132e+002  3.95400e+003 -3.87145e+001  6.39340e+000  4.29500e+002
          3955  4.20219e+002  3.95500e+003 -3.87055e+001  6.39213e+000  4.29583e+002
          3956  4.20302e+002  3.95600e+003 -3.86953e+001  6.39088e+000  4.29667e+002
          3957  4.20385e+002  3.95700e+003 -3.86855e+001  6.38958e+000  4.29750e+002
          3958  4.20468e+002  3.95800e+003 -3.86760e+001  6.38829e+000  4.29833e+002
          3959  4.20542e+002  3.95900e+003 -3.86680e+001  6.38701e+000  4.29917e+002
          3960  4.20632e+002  3.96000e+003 -3.86601e+001  6.38574e+000  4.30000e+002
          3961  4.20708e+002  3.96100e+003 -3.86505e+001  6.38444e+000  4.30083e+002
          3962  4.20791e+002  3.96200e+003 -3.86408e+001  6.38315e+000  4.30167e+002
          3963  4.20870e+002  3.96300e+003 -3.86309e+001  6.38189e+000  4.30250e+002
          3964  4.20959e+002  3.96400e+003 -3.86178e+001  6.38066e+000  4.30333e+002
          3965  4.21044e+002  3.96500e+003 -3.86069e+001  6.37939e+000  4.30417e+002
          3966  4.21128e+002  3.96600e+003 -3.85983e+001  6.37812e+000  4.30500e+002
          3967  4.21206e+002  3.96700e+003 -3.85906e+001  6.37688e+000  4.30583e+002
          3968  4.21288e+002  3.96800e+003 -3.85845e+001  6.37557e+000  4.30667e+002
          3969  4.21375e+002  3.96900e+003 -3.85770e+001  6.37427e+000  4.30750e+002
          3970  4.21455e+002  3.97000e+003 -3.85687e+001  6.37298e+000  4.30833e+002
          3971  4.21543e+002  3.97100e+003 -3.85602e+001  6.37165e+000  4.30917e+002
          3972  4.21637e+002  3.97200e+003 -3.85528e+001  6.37030e+000  4.31000e+002
          3973  4.21707e+002  3.97300e+003 -3.85458e+001  6.36900e+000  4.31083e+002
          3974  4.21807e+002  3.97400e+003 -3.85405e+001  6.36772e+000  4.31167e+002
          3975  4.21880e+002  3.97500e+003 -3.85354e+001  6.36641e+000  4.31250e+002
          3976  4.21963e+002  3.97600e+003 -3.85348e+001  6.36516e+000  4.31333e+002
          3977  4.22043e+002  3.97700e+003 -3.85313e+001  6.36388e+000  4.31417e+002
          3978  4.22127e+002  3.97800e+003 -3.85249e+001  6.36257e+000  4.31500e+002
          3979  4.22215e+002  3.97900e+003 -3.85180e+001  6.36127e+000  4.31583e+002
          3980  4.22295e+002  3.98000e+003 -3.85138e+001  6.36000e+000  4.31667e+002
          3981  4.22368e+002  3.98100e+003 -3.85090e+001  6.35873e+000  4.31750e+002
          3982  4.22460e+002  3.98200e+003 -3.85035e+001  6.35743e+000  4.31833e+002
          3983  4.22536e+002  3.98300e+003 -3.84985e+001  6.35614e+000  4.31917e+002
          3984  4.22620e+002  3.98400e+003 -3.84945e+001  6.35492e+000  4.32000e+002
          3985  4.22705e+002  3.98500e+003 -3.84909e+001  6.35368e+000  4.32083e+002
          3986  4.22787e+002  3.98600e+003 -3.84869e+001  6.35240e+000  4.32167e+002
          3987  4.22872e+002  3.98700e+003 -3.84825e+001  6.35113e+000  4.32250e+002
          3988  4.22950e+002  3.98800e+003 -3.84750e+001  6.34988e+000  4.32333e+002
          3989  4.23038e+002  3.98900e+003 -3.84709e+001  6.34858e+000  4.32417e+002
          3990  4.23119e+002  3.99000e+003 -3.84664e+001  6.34729e+000  4.32500e+002
          3991  4.23207e+002  3.99100e+003 -3.84625e+001  6.34601e+000  4.32583e+002
          3992  4.23294e+002  3.99200e+003 -3.84579e+001  6.34465e+000  4.32667e+002
          3993  4.23374e+002  3.99300e+003 -3.84529e+001  6.34333e+000  4.32750e+002
          3994  4.23461e+002  3.99400e+003 -3.84482e+001  6.34204e+000  4.32833e+002
          3995  4.23540e+002  3.99500e+003 -3.84444e+001  6.34078e+000  4.32917e+002
          3996  4.23627e+002  3.99600e+003 -3.84381e+001  6.33944e+000  4.33000e+002
          3997  4.23719e+002  3.99700e+003 -3.84329e+001  6.33814e+000  4.33083e+002
          3998  4.23783e+002  3.99800e+003 -3.84279e+001  6.33685e+000  4.33167e+002
          3999  4.23870e+002  3.99900e+003 -3.84229e+001  6.33553e+000  4.33250e+002
          4000  4.23947e+002  4.00000e+003 -3.84199e+001  6.33423e+000  4.33333e+002
          4001  4.24042e+002  4.00100e+003 -3.84173e+001  6.33296e+000  4.33417e+002
          4002  4.24126e+002  4.00200e+003 -3.84137e+001  6.33169e+000  4.33500e+002
          4003  4.24202e+002  4.00300e+003 -3.84099e+001  6.33039e+000  4.33583e+002
          4004  4.24292e+002  4.00400e+003 -3.84093e+001  6.32914e+000  4.33667e+002
          4005  4.24372e+002  4.00500e+003 -3.84074e+001  6.32787e+000  4.33750e+002
          4006  4.24456e+002  4.00600e+003 -3.84045e+001  6.32657e+000  4.33833e+002
          4007  4.24544e+002  4.00700e+003 -3.84007e+001  6.32527e+000  4.33917e+002
          4008  4.24616e+002  4.00800e+003 -3.83984e+001  6.32397e+000  4.34000e+002
          4009  4.24697e+002  4.00900e+003 -3.83958e+001  6.32264e+000  4.34083e+002
          4010  4.24785e+002  4.01000e+003 -3.83939e+001  6.32132e+000  4.34167e+002
          4011  4.24858e+002  4.01100e+003 -3.83914e+001  6.32003e+000  4.34250e+002
          4012  4.24945e+002  4.01200e+003 -3.83869e+001  6.31876e+000  4.34333e+002
          4013  4.25036e+002  4.01300e+003 -3.83838e+001  6.31745e+000  4.34417e+002
          4014  4.25112e+002  4.01400e+003 -3.83806e+001  6.31616e+000  4.34500e+002
          4015  4.25198e+002  4.01500e+003 -3.83782e+001  6.31489e+000  4.34583e+002
          4016  4.25282e+002  4.01600e+003 -3.83742e+001  6.31358e+000  4.34667e+002
          4017  4.25365e+002  4.01700e+003 -3.83703e+001  6.31229e+000  4.34750e+002
          4018  4.25455e+002  4.01800e+003 -3.83671e+001  6.31102e+000  4.34833e+002
          4019  4.25527e+002  4.01900e+003 -3.83648e+001  6.30977e+000  4.34917e+002
          4020  4.25613e+002  4.02000e+003 -3.83635e+001  6.30842e+000  4.35000e+002
          4021  4.25694e+002  4.02100e+003 -3.83607e+001  6.30710e+000  4.35083e+002
          4022  4.25770e+002  4.02200e+003 -3.83586e+001  6.30576e+000  4.35167e+002
          4023  4.25859e+002  4.02300e+003 -3.83548e+001  6.30442e+000  4.35250e+002
          4024  4.25943e+002  4.02400e+003 -3.83524e+001  6.30310e+000  4.35333e+002
          4025  4.26025e+002  4.02500e+003 -3.83515e+001  6.30179e+000  4.35417e+002
          4026  4.26113e+002  4.02600e+003 -3.83509e+001  6.30047e+000  4.35500e+002
          4027  4.26192e+002  4.02700e+003 -3.83489e+001  6.29916e+000  4.35583e+002
          4028  4.26267e+002  4.02800e+003 -3.83498e+001  6.29791e+000  4.35667e+002
          4029  4.26354e+002  4.02900e+003 -3.83502e+001  6.29660e+000  4.35750e+002
          4030  4.26445e+002  4.03000e+003 -3.83499e+001  6.29530e+000  4.35833e+002
          4031  4.26528e+002  4.03100e+003 -3.83503e+001  6.29402e+000  4.35917e+002
          4032  4.26606e+002  4.03200e+003 -3.83495e+001  6.29266e+000  4.36000e+002
          4033  4.26681e+002  4.03300e+003 -3.83494e+001  6.29134e+000  4.36083e+002
          4034  4.26770e+002  4.03400e+003 -3.83507e+001  6.29005e+000  4.36167e+002
          4035  4.26856e+002  4.03500e+003 -3.83517e+001  6.28878e+000  4.36250e+002
          4036  4.26937e+002  4.03600e+003 -3.83547e+001  6.28744e+000  4.36333e+002
          4037  4.27017e+002  4.03700e+003 -3.83570e+001  6.28614e+000  4.36417e+002
          4038  4.27101e+002  4.03800e+003 -3.83581e+001  6.28485e+000  4.36500e+002
          4039  4.27189e+002  4.03900e+003 -3.83592e+001  6.28353e+000  4.36583e+002
          4040  4.27262e+002  4.04000e+003 -3.83608e+001  6.28223e+000  4.36667e+002
          4041  4.27348e+002  4.04100e+003 -3.83607e+001  6.28093e+000  4.36750e+002
          4042  4.27425e+002  4.04200e+003 -3.83610e+001  6.27960e+000  4.36833e+002
          4043  4.27507e+002  4.04300e+003 -3.83608e+001  6.27828e+000  4.36917e+002
          4044  4.27586e+002  4.04400e+003 -3.83613e+001  6.27698e+000  4.37000e+002
          4045  4.27670e+002  4.04500e+003 -3.83620e+001  6.27565e+000  4.37083e+002
          4046  4.27754e+002  4.04600e+003 -3.83623e+001  6.27433e+000  4.37167e+002
          4047  4.27830e+002  4.04700e+003 -3.83639e+001  6.27303e+000  4.37250e+002
          4048  4.27915e+002  4.04800e+003 -3.83647e+001  6.27176e+000  4.37333e+002
          4049  4.28004e+002  4.04900e+003 -3.83658e+001  6.27045e+000  4.37417e+002
          4050  4.28082e+002  4.05000e+003 -3.83661e+001  6.26916e+000  4.37500e+002
          4051  4.28174e+002  4.05100e+003 -3.83661e+001  6.26789e+000  4.37583e+002
          4052  4.28248e+002  4.05200e+003 -3.83685e+001  6.26658e+000  4.37667e+002
          4053  4.28327e+002  4.05300e+003 -3.83705e+001  6.26529e+000  4.37750e+002
          4054  4.28415e+002  4.05400e+003 -3.83723e+001  6.26399e+000  4.37833e+002
          4055  4.28489e+002  4.05500e+003 -3.83742e+001  6.26265e+000  4.37917e+002
          4056  4.28572e+002  4.05600e+003 -3.83773e+001  6.26130e+000  4.38000e+002
          4057  4.28665e+002  4.05700e+003 -3.83803e+001  6.25998e+000  4.38083e+002
          4058  4.28739e+002  4.05800e+003 -3.83837e+001  6.25863e+000  4.38167e+002
          4059  4.28821e+002  4.05900e+003 -3.83868e+001  6.25730e+000  4.38250e+002
          4060  4.28902e+002  4.06000e+003 -3.83882e+001  6.25600e+000  4.38333e+002
          4061  4.28987e+002  4.06100e+003 -3.83895e+001  6.25466e+000  4.38417e+002
          4062  4.29067e+002  4.06200e+003 -3.83898e+001  6.25334e+000  4.38500e+002
          4063  4.29156e+002  4.06300e+003 -3.83898e+001  6.25203e+000  4.38583e+002
          4064  4.29243e+002  4.06400e+003 -3.83916e+001  6.25076e+000  4.38667e+002
          4065  4.29318e+002  4.06500e+003 -3.83939e+001  6.24945e+000  4.38750e+002
          4066  4.29401e+002  4.06600e+003 -3.83973e+001  6.24816e+000  4.38833e+002
          4067  4.29481e+002  4.06700e+003 -3.84008e+001  6.24689e+000  4.38917e+002
          4068  4.29572e+002  4.06800e+003 -3.84050e+001  6.24559e+000  4.39000e+002
          4069  4.29650e+002  4.06900e+003 -3.84092e+001  6.24429e+000  4.39083e+002
          4070  4.29735e+002  4.07000e+003 -3.84119e+001  6.24302e+000  4.39167e+002
          4071  4.29822e+002  4.07100e+003 -3.84138e+001  6.24177e+000  4.39250e+002
          4072  4.29906e+002  4.07200e+003 -3.84176e+001  6.24042e+000  4.39333e+002
          4073  4.29978e+002  4.07300e+003 -3.84201e+001  6.23913e+000  4.39417e+002
          4074  4.30066e+002  4.07400e+003 -3.84224e+001  6.23785e+000  4.39500e+002
          4075  4.30146e+002  4.07500e+003 -3.84246e+001  6.23653e+000  4.39583e+002
          4076  4.30227e+002  4.07600e+003 -3.84304e+001  6.23523e+000  4.39667e+002
          4077  4.30312e+002  4.07700e+003 -3.84328e+001  6.23393e+000  4.39750e+002
          4078  4.30391e+002  4.07800e+003 -3.84351e+001  6.23260e+000  4.39833e+002
          4079  4.30479e+002  4.07900e+003 -3.84374e+001  6.23128e+000  4.39917e+002
          4080  4.30563e+002  4.08000e+003 -3.84334e+001  6.22998e+000  4.40000e+002
          4081  4.30648e+002  4.08100e+003 -3.84333e+001  6.22865e+000  4.40083e+002
          4082  4.30714e+002  4.08200e+003 -3.84345e+001  6.22733e+000  4.40167e+002
          4083  4.30807e+002  4.08300e+003 -3.84366e+001  6.22603e+000  4.40250e+002
          4084  4.30894e+002  4.08400e+003 -3.84383e+001  6.22476e+000  4.40333e+002
          4085  4.30968e+002  4.08500e+003 -3.84396e+001  6.22345e+000  4.40417e+002
          4086  4.31050e+002  4.08600e+003 -3.84400e+001  6.22216e+000  4.40500e+002
          4087  4.31130e+002  4.08700e+003 -3.84411e+001  6.22089e+000  4.40583e+002
          4088  4.31218e+002  4.08800e+003 -3.84444e+001  6.21958e+000  4.40667e+002
          4089  4.31298e+002  4.08900e+003 -3.84479e+001  6.21829e+000  4.40750e+002
          4090  4.31387e+002  4.09000e+003 -3.84515e+001  6.21699e+000  4.40833e+002
          4091  4.31466e+002  4.09100e+003 -3.84552e+001  6.21565e+000  4.40917e+002
          4092  4.31543e+002  4.09200e+003 -3.84610e+001  6.21430e+000  4.41000e+002
          4093  4.31624e+002  4.09300e+003 -3.84660e+001  6.21298e+000  4.41083e+002
          4094  4.31707e+002  4.09400e+003 -3.84709e+001  6.21163e+000  4.41167e+002
          4095  4.31794e+002  4.09500e+003 -3.84757e+001  6.21030e+000  4.41250e+002
          4096  4.31873e+002  4.09600e+003 -3.84837e+001  6.20903e+000  4.41333e+002
          4097  4.31959e+002  4.09700e+003 -3.84895e+001  6.20775e+000  4.41417e+002
          4098  4.32036e+002  4.09800e+003 -3.84945e+001  6.20644e+000  4.41500e+002
          4099  4.32119e+002  4.09900e+003 -3.84997e+001  6.20514e+000  4.41583e+002
          4100  4.32201e+002  4.10000e+003 -3.85060e+001  6.20390e+000  4.41667e+002
          4101  4.32279e+002  4.10100e+003 -3.85114e+001  6.20259e+000  4.41750e+002
          4102  4.32366e+002  4.10200e+003 -3.85170e+001  6.20130e+000  4.41833e+002
          4103  4.32449e+002  4.10300e+003 -3.85243e+001  6.20002e+000  4.41917e+002
          4104  4.32536e+002  4.10400e+003 -3.85283e+001  6.19866e+000  4.42000e+002
          4105  4.32615e+002  4.10500e+003 -3.85349e+001  6.19733e+000  4.42083e+002
          4106  4.32695e+002  4.10600e+003 -3.85429e+001  6.19605e+000  4.42167e+002
          4107  4.32777e+002  4.10700e+003 -3.85513e+001  6.19478e+000  4.42250e+002
          4108  4.32852e+002  4.10800e+003 -3.85589e+001  6.19344e+000  4.42333e+002
          4109  4.32940e+002  4.10900e+003 -3.85654e+001  6.19214e+000  4.42417e+002
          4110  4.33029e+002  4.11000e+003 -3.85726e+001  6.19085e+000  4.42500e+002
          4111  4.33098e+002  4.11100e+003 -3.85801e+001  6.18953e+000  4.42583e+002
          4112  4.33179e+002  4.11200e+003 -3.85909e+001  6.18823e+000  4.42667e+002
          4113  4.33268e+002  4.11300e+003 -3.85995e+001  6.18693e+000  4.42750e+002
          4114  4.33347e+002  4.11400e+003 -3.86078e+001  6.18560e+000  4.42833e+002
          4115  4.33434e+002  4.11500e+003 -3.86171e+001  6.18428e+000  4.42917e+002
          4116  4.33513e+002  4.11600e+003 -3.86256e+001  6.18301e+000  4.43000e+002
          4117  4.33598e+002  4.11700e+003 -3.86345e+001  6.18174e+000  4.43083e+002
          4118  4.33673e+002  4.11800e+003 -3.86418e+001  6.18044e+000  4.43167e+002
          4119  4.33764e+002  4.11900e+003 -3.86478e+001  6.17914e+000  4.43250e+002
          4120  4.33845e+002  4.12000e+003 -3.86563e+001  6.17790e+000  4.43333e+002
          4121  4.33923e+002  4.12100e+003 -3.86645e+001  6.17659e+000  4.43417e+002
          4122  4.34005e+002  4.12200e+003 -3.86723e+001  6.17529e+000  4.43500e+002
          4123  4.34086e+002  4.12300e+003 -3.86799e+001  6.17402e+000  4.43583e+002
          4124  4.34170e+002  4.12400e+003 -3.86866e+001  6.17266e+000  4.43667e+002
          4125  4.34253e+002  4.12500e+003 -3.86938e+001  6.17133e+000  4.43750e+002
          4126  4.34334e+002  4.12600e+003 -3.87006e+001  6.17005e+000  4.43833e+002
          4127  4.34423e+002  4.12700e+003 -3.87070e+001  6.16878e+000  4.43917e+002
          4128  4.34503e+002  4.12800e+003 -3.87100e+001  6.16744e+000  4.44000e+002
          4129  4.34588e+002  4.12900e+003 -3.87155e+001  6.16614e+000  4.44083e+002
          4130  4.34662e+002  4.13000e+003 -3.87223e+001  6.16485e+000  4.44167e+002
          4131  4.34751e+002  4.13100e+003 -3.87298e+001  6.16353e+000  4.44250e+002
          4132  4.34830e+002  4.13200e+003 -3.87400e+001  6.16223e+000  4.44333e+002
          4133  4.34908e+002  4.13300e+003 -3.87493e+001  6.16093e+000  4.44417e+002
          4134  4.34991e+002  4.13400e+003 -3.87572e+001  6.15960e+000  4.44500e+002
          4135  4.35069e+002  4.13500e+003 -3.87653e+001  6.15828e+000  4.44583e+002
          4136  4.35158e+002  4.13600e+003 -3.87745e+001  6.15701e+000  4.44667e+002
          4137  4.35238e+002  4.13700e+003 -3.87833e+001  6.15574e+000  4.44750e+002
          4138  4.35323e+002  4.13800e+003 -3.87919e+001  6.15444e+000  4.44833e+002
          4139  4.35404e+002  4.13900e+003 -3.88002e+001  6.15314e+000  4.44917e+002
          4140  4.35485e+002  4.14000e+003 -3.88142e+001  6.15190e+000  4.45000e+002
          4141  4.35575e+002  4.14100e+003 -3.88263e+001  6.15059e+000  4.45083e+002
          4142  4.35659e+002  4.14200e+003 -3.88378e+001  6.14929e+000  4.45167e+002
          4143  4.35734e+002  4.14300e+003 -3.88482e+001  6.14802e+000  4.45250e+002
          4144  4.35825e+002  4.14400e+003 -3.88578e+001  6.14674e+000  4.45333e+002
          4145  4.35901e+002  4.14500e+003 -3.88683e+001  6.14544e+000  4.45417e+002
          4146  4.35994e+002  4.14600e+003 -3.88788e+001  6.14416e+000  4.45500e+002
          4147  4.36072e+002  4.14700e+003 -3.88892e+001  6.14289e+000  4.45583e+002
          4148  4.36145e+002  4.14800e+003 -3.89006e+001  6.14158e+000  4.45667e+002
          4149  4.36233e+002  4.14900e+003 -3.89127e+001  6.14029e+000  4.45750e+002
          4150  4.36307e+002  4.15000e+003 -3.89246e+001  6.13902e+000  4.45833e+002
          4151  4.36393e+002  4.15100e+003 -3.89362e+001  6.13777e+000  4.45917e+002
          4152  4.36474e+002  4.15200e+003 -3.89463e+001  6.13642e+000  4.46000e+002
          4153  4.36556e+002  4.15300e+003 -3.89580e+001  6.13513e+000  4.46083e+002
          4154  4.36634e+002  4.15400e+003 -3.89697e+001  6.13387e+000  4.46167e+002
          4155  4.36729e+002  4.15500e+003 -3.89808e+001  6.13264e+000  4.46250e+002
          4156  4.36805e+002  4.15600e+003 -3.89910e+001  6.13135e+000  4.46333e+002
          4157  4.36888e+002  4.15700e+003 -3.90010e+001  6.13008e+000  4.46417e+002
          4158  4.36963e+002  4.15800e+003 -3.90114e+001  6.12882e+000  4.46500e+002
          4159  4.37043e+002  4.15900e+003 -3.90217e+001  6.12752e+000  4.46583e+002
          4160  4.37128e+002  4.16000e+003 -3.90324e+001  6.12621e+000  4.46667e+002
          4161  4.37213e+002  4.16100e+003 -3.90427e+001  6.12492e+000  4.46750e+002
          4162  4.37288e+002  4.16200e+003 -3.90520e+001  6.12360e+000  4.46833e+002
          4163  4.37373e+002  4.16300e+003 -3.90603e+001  6.12228e+000  4.46917e+002
          4164  4.37461e+002  4.16400e+003 -3.90686e+001  6.12101e+000  4.47000e+002
          4165  4.37543e+002  4.16500e+003 -3.90802e+001  6.11974e+000  4.47083e+002
          4166  4.37629e+002  4.16600e+003 -3.90910e+001  6.11843e+000  4.47167e+002
          4167  4.37705e+002  4.16700e+003 -3.91011e+001  6.11714e+000  4.47250e+002
          4168  4.37780e+002  4.16800e+003 -3.91153e+001  6.11592e+000  4.47333e+002
          4169  4.37855e+002  4.16900e+003 -3.91284e+001  6.11468e+000  4.47417e+002
          4170  4.37948e+002  4.17000e+003 -3.91407e+001  6.11340e+000  4.47500e+002
          4171  4.38027e+002  4.17100e+003 -3.91514e+001  6.11213e+000  4.47583e+002
          4172  4.38115e+002  4.17200e+003 -3.91617e+001  6.11091e+000  4.47667e+002
          4173  4.38193e+002  4.17300e+003 -3.91715e+001  6.10967e+000  4.47750e+002
          4174  4.38272e+002  4.17400e+003 -3.91819e+001  6.10839e+000  4.47833e+002
          4175  4.38355e+002  4.17500e+003 -3.91918e+001  6.10713e+000  4.47917e+002
          4176  4.38446e+002  4.17600e+003 -3.92024e+001  6.10588e+000  4.48000e+002
          4177  4.38515e+002  4.17700e+003 -3.92147e+001  6.10458e+000  4.48083e+002
          4178  4.38610e+002  4.17800e+003 -3.92262e+001  6.10329e+000  4.48167e+002
          4179  4.38686e+002  4.17900e+003 -3.92367e+001  6.10201e+000  4.48250e+002
          4180  4.38766e+002  4.18000e+003 -3.92448e+001  6.10074e+000  4.48333e+002
          4181  4.38856e+002  4.18100e+003 -3.92570e+001  6.09944e+000  4.48417e+002
          4182  4.38933e+002  4.18200e+003 -3.92694e+001  6.09815e+000  4.48500e+002
          4183  4.39016e+002  4.18300e+003 -3.92826e+001  6.09689e+000  4.48583e+002
          4184  4.39094e+002  4.18400e+003 -3.92975e+001  6.09566e+000  4.48667e+002
          4185  4.39170e+002  4.18500e+003 -3.93107e+001  6.09439e+000  4.48750e+002
          4186  4.39256e+002  4.18600e+003 -3.93245e+001  6.09312e+000  4.48833e+002
          4187  4.39334e+002  4.18700e+003 -3.93389e+001  6.09188e+000  4.48917e+002
          4188  4.39419e+002  4.18800e+003 -3.93514e+001  6.09057e+000  4.49000e+002
          4189  4.39500e+002  4.18900e+003 -3.93639e+001  6.08927e+000  4.49083e+002
          4190  4.39583e+002  4.19000e+003 -3.93779e+001  6.08801e+000  4.49167e+002
          4191  4.39669e+002  4.19100e+003 -3.93913e+001  6.08676e+000  4.49250e+002
          4192  4.39751e+002  4.19200e+003 -3.94037e+001  6.08542e+000  4.49333e+002
          4193  4.39829e+002  4.19300e+003 -3.94173e+001  6.08413e+000  4.49417e+002
          4194  4.39912e+002  4.19400e+003 -3.94308e+001  6.08287e+000  4.49500e+002
          4195  4.40000e+002  4.19500e+003 -3.94426e+001  6.08164e+000  4.49583e+002
          4196  4.40084e+002  4.19600e+003 -3.94532e+001  6.08035e+000  4.49667e+002
          4197  4.40165e+002  4.19700e+003 -3.94647e+001  6.07908e+000  4.49750e+002
          4198  4.40246e+002  4.19800e+003 -3.94773e+001  6.07784e+000  4.49833e+002
          4199  4.40330e+002  4.19900e+003 -3.94905e+001  6.07663e+000  4.49917e+002
          4200  4.40405e+002  4.20000e+003 -3.95030e+001  6.07533e+000  4.50000e+002
          4201  4.40486e+002  4.20100e+003 -3.95160e+001  6.07407e+000  4.50083e+002
          4202  4.40568e+002  4.20200e+003 -3.95304e+001  6.07284e+000  4.50167e+002
          4203  4.40648e+002  4.20300e+003 -3.95456e+001  6.07163e+000  4.50250e+002
          4204  4.40742e+002  4.20400e+003 -3.95581e+001  6.07033e+000  4.50333e+002
          4205  4.40817e+002  4.20500e+003 -3.95705e+001  6.06907e+000  4.50417e+002
          4206  4.40899e+002  4.20600e+003 -3.95821e+001  6.06784e+000  4.50500e+002
          4207  4.40983e+002  4.20700e+003 -3.95938e+001  6.06663e+000  4.50583e+002
          4208  4.41063e+002  4.20800e+003 -3.96117e+001  6.06533e+000  4.50667e+002
          4209  4.41148e+002  4.20900e+003 -3.96266e+001  6.06407e+000  4.50750e+002
          4210  4.41230e+002  4.21000e+003 -3.96410e+001  6.06284e+000  4.50833e+002
          4211  4.41304e+002  4.21100e+003 -3.96552e+001  6.06163e+000  4.50917e+002
          4212  4.41396e+002  4.21200e+003 -3.96682e+001  6.06033e+000  4.51000e+002
          4213  4.41481e+002  4.21300e+003 -3.96817e+001  6.05907e+000  4.51083e+002
          4214  4.41566e+002  4.21400e+003 -3.96946e+001  6.05784e+000  4.51167e+002
          4215  4.41650e+002  4.21500e+003 -3.97075e+001  6.05662e+000  4.51250e+002
          4216  4.41717e+002  4.21600e+003 -3.97213e+001  6.05533e+000  4.51333e+002
          4217  4.41802e+002  4.21700e+003 -3.97336e+001  6.05407e+000  4.51417e+002
          4218  4.41884e+002  4.21800e+003 -3.97459e+001  6.05284e+000  4.51500e+002
          4219  4.41965e+002  4.21900e+003 -3.97587e+001  6.05162e+000  4.51583e+002
          4220  4.42040e+002  4.22000e+003 -3.97713e+001  6.05033e+000  4.51667e+002
          4221  4.42124e+002  4.22100e+003 -3.97838e+001  6.04907e+000  4.51750e+002
          4222  4.42209e+002  4.22200e+003 -3.97977e+001  6.04784e+000  4.51833e+002
          4223  4.42305e+002  4.22300e+003 -3.98129e+001  6.04663e+000  4.51917e+002
          4224  4.42380e+002  4.22400e+003 -3.98261e+001  6.04533e+000  4.52000e+002
          4225  4.42461e+002  4.22500e+003 -3.98402e+001  6.04407e+000  4.52083e+002
          4226  4.42542e+002  4.22600e+003 -3.98550e+001  6.04284e+000  4.52167e+002
          4227  4.42625e+002  4.22700e+003 -3.98702e+001  6.04163e+000  4.52250e+002
          4228  4.42704e+002  4.22800e+003 -3.98873e+001  6.04033e+000  4.52333e+002
          4229  4.42793e+002  4.22900e+003 -3.99033e+001  6.03907e+000  4.52417e+002
          4230  4.42879e+002  4.23000e+003 -3.99194e+001  6.03784e+000  4.52500e+002
          4231  4.42951e+002  4.23100e+003 -3.99348e+001  6.03662e+000  4.52583e+002
          4232  4.43035e+002  4.23200e+003 -3.99522e+001  6.03541e+000  4.52667e+002
          4233  4.43120e+002  4.23300e+003 -3.99680e+001  6.03417e+000  4.52750e+002
          4234  4.43193e+002  4.23400e+003 -3.99837e+001  6.03295e+000  4.52833e+002
          4235  4.43278e+002  4.23500e+003 -3.99984e+001  6.03174e+000  4.52917e+002
          4236  4.43358e+002  4.23600e+003 -4.00135e+001  6.03056e+000  4.53000e+002
          4237  4.43445e+002  4.23700e+003 -4.00286e+001  6.02932e+000  4.53083e+002
          4238  4.43529e+002  4.23800e+003 -4.00443e+001  6.02808e+000  4.53167e+002
          4239  4.43603e+002  4.23900e+003 -4.00607e+001  6.02686e+000  4.53250e+002
          4240  4.43690e+002  4.24000e+003 -4.00750e+001  6.02563e+000  4.53333e+002
          4241  4.43766e+002  4.24100e+003 -4.00900e+001  6.02436e+000  4.53417e+002
          4242  4.43848e+002  4.24200e+003 -4.01058e+001  6.02311e+000  4.53500e+002
          4243  4.43937e+002  4.24300e+003 -4.01223e+001  6.02187e+000  4.53583e+002
          4244  4.44008e+002  4.24400e+003 -4.01379e+001  6.02067e+000  4.53667e+002
          4245  4.44093e+002  4.24500e+003 -4.01515e+001  6.01946e+000  4.53750e+002
          4246  4.44178e+002  4.24600e+003 -4.01662e+001  6.01822e+000  4.53833e+002
          4247  4.44254e+002  4.24700e+003 -4.01815e+001  6.01699e+000  4.53917e+002
          4248  4.44335e+002  4.24800e+003 -4.02022e+001  6.01581e+000  4.54000e+002
          4249  4.44425e+002  4.24900e+003 -4.02205e+001  6.01461e+000  4.54083e+002
          4250  4.44499e+002  4.25000e+003 -4.02376e+001  6.01336e+000  4.54167e+002
          4251  4.44577e+002  4.25100e+003 -4.02557e+001  6.01211e+000  4.54250e+002
          4252  4.44658e+002  4.25200e+003 -4.02709e+001  6.01088e+000  4.54333e+002
          4253  4.44753e+002  4.25300e+003 -4.02880e+001  6.00968e+000  4.54417e+002
          4254  4.44832e+002  4.25400e+003 -4.03058e+001  6.00848e+000  4.54500e+002
          4255  4.44904e+002  4.25500e+003 -4.03239e+001  6.00723e+000  4.54583e+002
          4256  4.44975e+002  4.25600e+003 -4.03450e+001  6.00603e+000  4.54667e+002
          4257  4.45062e+002  4.25700e+003 -4.03641e+001  6.00483e+000  4.54750e+002
          4258  4.45152e+002  4.25800e+003 -4.03824e+001  6.00364e+000  4.54833e+002
          4259  4.45230e+002  4.25900e+003 -4.04001e+001  6.00247e+000  4.54917e+002
          4260  4.45312e+002  4.26000e+003 -4.04150e+001  6.00123e+000  4.55000e+002
          4261  4.45407e+002  4.26100e+003 -4.04305e+001  6.00000e+000  4.55083e+002
          4262  4.45475e+002  4.26200e+003 -4.04460e+001  5.99880e+000  4.55167e+002
          4263  4.45561e+002  4.26300e+003 -4.04613e+001  5.99761e+000  4.55250e+002
          4264  4.45643e+002  4.26400e+003 -4.04780e+001  5.99639e+000  4.55333e+002
          4265  4.45723e+002  4.26500e+003 -4.04942e+001  5.99516e+000  4.55417e+002
          4266  4.45800e+002  4.26600e+003 -4.05108e+001  5.99394e+000  4.55500e+002
          4267  4.45880e+002  4.26700e+003 -4.05279e+001  5.99273e+000  4.55583e+002
          4268  4.45958e+002  4.26800e+003 -4.05425e+001  5.99158e+000  4.55667e+002
          4269  4.46051e+002  4.26900e+003 -4.05587e+001  5.99040e+000  4.55750e+002
          4270  4.46134e+002  4.27000e+003 -4.05758e+001  5.98919e+000  4.55833e+002
          4271  4.46217e+002  4.27100e+003 -4.05939e+001  5.98797e+000  4.55917e+002
          4272  4.46294e+002  4.27200e+003 -4.06105e+001  5.98679e+000  4.56000e+002
          4273  4.46382e+002  4.27300e+003 -4.06272e+001  5.98562e+000  4.56083e+002
          4274  4.46464e+002  4.27400e+003 -4.06448e+001  5.98444e+000  4.56167e+002
          4275  4.46546e+002  4.27500e+003 -4.06619e+001  5.98322e+000  4.56250e+002
          4276  4.46630e+002  4.27600e+003 -4.06810e+001  5.98201e+000  4.56333e+002
          4277  4.46699e+002  4.27700e+003 -4.06983e+001  5.98081e+000  4.56417e+002
          4278  4.46789e+002  4.27800e+003 -4.07157e+001  5.97964e+000  4.56500e+002
          4279  4.46869e+002  4.27900e+003 -4.07329e+001  5.97847e+000  4.56583e+002
          4280  4.46945e+002  4.28000e+003 -4.07504e+001  5.97722e+000  4.56667e+002
          4281  4.47034e+002  4.28100e+003 -4.07676e+001  5.97600e+000  4.56750e+002
          4282  4.47118e+002  4.28200e+003 -4.07838e+001  5.97480e+000  4.56833e+002
          4283  4.47198e+002  4.28300e+003 -4.07990e+001  5.97361e+000  4.56917e+002
          4284  4.47284e+002  4.28400e+003 -4.08159e+001  5.97231e+000  4.57000e+002
          4285  4.47361e+002  4.28500e+003 -4.08322e+001  5.97106e+000  4.57083e+002
          4286  4.47438e+002  4.28600e+003 -4.08476e+001  5.96983e+000  4.57167e+002
          4287  4.47523e+002  4.28700e+003 -4.08631e+001  5.96862e+000  4.57250e+002
          4288  4.47608e+002  4.28800e+003 -4.08787e+001  5.96744e+000  4.57333e+002
          4289  4.47686e+002  4.28900e+003 -4.08958e+001  5.96626e+000  4.57417e+002
          4290  4.47772e+002  4.29000e+003 -4.09140e+001  5.96505e+000  4.57500e+002
          4291  4.47851e+002  4.29100e+003 -4.09322e+001  5.96385e+000  4.57583e+002
          4292  4.47928e+002  4.29200e+003 -4.09488e+001  5.96272e+000  4.57667e+002
          4293  4.48012e+002  4.29300e+003 -4.09660e+001  5.96158e+000  4.57750e+002
          4294  4.48102e+002  4.29400e+003 -4.09842e+001  5.96044e+000  4.57833e+002
          4295  4.48177e+002  4.29500e+003 -4.10024e+001  5.95932e+000  4.57917e+002
          4296  4.48251e+002  4.29600e+003 -4.10232e+001  5.95812e+000  4.58000e+002
          4297  4.48337e+002  4.29700e+003 -4.10404e+001  5.95693e+000  4.58083e+002
          4298  4.48413e+002  4.29800e+003 -4.10568e+001  5.95576e+000  4.58167e+002
          4299  4.48502e+002  4.29900e+003 -4.10736e+001  5.95459e+000  4.58250e+002
          4300  4.48589e+002  4.30000e+003 -4.10915e+001  5.95340e+000  4.58333e+002
          4301  4.48663e+002  4.30100e+003 -4.11089e+001  5.95224e+000  4.58417e+002
          4302  4.48755e+002  4.30200e+003 -4.11267e+001  5.95104e+000  4.58500e+002
          4303  4.48828e+002  4.30300e+003 -4.11447e+001  5.94984e+000  4.58583e+002
          4304  4.48912e+002  4.30400e+003 -4.11618e+001  5.94872e+000  4.58667e+002
          4305  4.48994e+002  4.30500e+003 -4.11812e+001  5.94757e+000  4.58750e+002
          4306  4.49072e+002  4.30600e+003 -4.12013e+001  5.94641e+000  4.58833e+002
          4307  4.49156e+002  4.30700e+003 -4.12209e+001  5.94520e+000  4.58917e+002
          4308  4.49242e+002  4.30800e+003 -4.12442e+001  5.94400e+000  4.59000e+002
          4309  4.49317e+002  4.30900e+003 -4.12650e+001  5.94280e+000  4.59083e+002
          4310  4.49399e+002  4.31000e+003 -4.12845e+001  5.94163e+000  4.59167e+002
          4311  4.49469e+002  4.31100e+003 -4.13035e+001  5.94047e+000  4.59250e+002
          4312  4.49558e+002  4.31200e+003 -4.13234e+001  5.93930e+000  4.59333e+002
          4313  4.49646e+002  4.31300e+003 -4.13409e+001  5.93810e+000  4.59417e+002
          4314  4.49720e+002  4.31400e+003 -4.13602e+001  5.93690e+000  4.59500e+002
          4315  4.49799e+002  4.31500e+003 -4.13806e+001  5.93572e+000  4.59583e+002
          4316  4.49891e+002  4.31600e+003 -4.13980e+001  5.93456e+000  4.59667e+002
          4317  4.49969e+002  4.31700e+003 -4.14172e+001  5.93342e+000  4.59750e+002
          4318  4.50045e+002  4.31800e+003 -4.14358e+001  5.93230e+000  4.59833e+002
          4319  4.50133e+002  4.31900e+003 -4.14535e+001  5.93119e+000  4.59917e+002
          4320  4.50221e+002  4.32000e+003 -4.14685e+001  5.93004e+000  4.60000e+002
          4321  4.50303e+002  4.32100e+003 -4.14880e+001  5.92888e+000  4.60083e+002
          4322  4.50382e+002  4.32200e+003 -4.15079e+001  5.92772e+000  4.60167e+002
          4323  4.50461e+002  4.32300e+003 -4.15270e+001  5.92658e+000  4.60250e+002
          4324  4.50548e+002  4.32400e+003 -4.15510e+001  5.92538e+000  4.60333e+002
          4325  4.50632e+002  4.32500e+003 -4.15713e+001  5.92425e+000  4.60417e+002
          4326  4.50706e+002  4.32600e+003 -4.15905e+001  5.92312e+000  4.60500e+002
          4327  4.50784e+002  4.32700e+003 -4.16103e+001  5.92195e+000  4.60583e+002
          4328  4.50866e+002  4.32800e+003 -4.16280e+001  5.92084e+000  4.60667e+002
          4329  4.50943e+002  4.32900e+003 -4.16474e+001  5.91970e+000  4.60750e+002
          4330  4.51025e+002  4.33000e+003 -4.16668e+001  5.91857e+000  4.60833e+002
          4331  4.51114e+002  4.33100e+003 -4.16858e+001  5.91744e+000  4.60917e+002
          4332  4.51200e+002  4.33200e+003 -4.17029e+001  5.91630e+000  4.61000e+002
          4333  4.51287e+002  4.33300e+003 -4.17208e+001  5.91517e+000  4.61083e+002
          4334  4.51367e+002  4.33400e+003 -4.17391e+001  5.91400e+000  4.61167e+002
          4335  4.51442e+002  4.33500e+003 -4.17586e+001  5.91283e+000  4.61250e+002
          4336  4.51528e+002  4.33600e+003 -4.17794e+001  5.91170e+000  4.61333e+002
          4337  4.51599e+002  4.33700e+003 -4.17995e+001  5.91056e+000  4.61417e+002
          4338  4.51686e+002  4.33800e+003 -4.18181e+001  5.90943e+000  4.61500e+002
          4339  4.51764e+002  4.33900e+003 -4.18366e+001  5.90831e+000  4.61583e+002
          4340  4.51849e+002  4.34000e+003 -4.18548e+001  5.90720e+000  4.61667e+002
          4341  4.51937e+002  4.34100e+003 -4.18734e+001  5.90603e+000  4.61750e+002
          4342  4.52011e+002  4.34200e+003 -4.18938e+001  5.90486e+000  4.61833e+002
          4343  4.52107e+002  4.34300e+003 -4.19148e+001  5.90370e+000  4.61917e+002
          4344  4.52186e+002  4.34400e+003 -4.19375e+001  5.90254e+000  4.62000e+002
          4345  4.52257e+002  4.34500e+003 -4.19574e+001  5.90141e+000  4.62083e+002
          4346  4.52348e+002  4.34600e+003 -4.19760e+001  5.90029e+000  4.62167e+002
          4347  4.52425e+002  4.34700e+003 -4.19932e+001  5.89919e+000  4.62250e+002
          4348  4.52503e+002  4.34800e+003 -4.20088e+001  5.89804e+000  4.62333e+002
          4349  4.52592e+002  4.34900e+003 -4.20265e+001  5.89688e+000  4.62417e+002
          4350  4.52673e+002  4.35000e+003 -4.20460e+001  5.89572e+000  4.62500e+002
          4351  4.52757e+002  4.35100e+003 -4.20660e+001  5.89458e+000  4.62583e+002
          4352  4.52833e+002  4.35200e+003 -4.20839e+001  5.89338e+000  4.62667e+002
          4353  4.52917e+002  4.35300e+003 -4.21023e+001  5.89225e+000  4.62750e+002
          4354  4.53001e+002  4.35400e+003 -4.21198e+001  5.89115e+000  4.62833e+002
          4355  4.53080e+002  4.35500e+003 -4.21358e+001  5.89006e+000  4.62917e+002
          4356  4.53162e+002  4.35600e+003 -4.21506e+001  5.88897e+000  4.63000e+002
          4357  4.53236e+002  4.35700e+003 -4.21671e+001  5.88783e+000  4.63083e+002
          4358  4.53319e+002  4.35800e+003 -4.21835e+001  5.88669e+000  4.63167e+002
          4359  4.53401e+002  4.35900e+003 -4.22003e+001  5.88556e+000  4.63250e+002
          4360  4.53481e+002  4.36000e+003 -4.22184e+001  5.88437e+000  4.63333e+002
          4361  4.53571e+002  4.36100e+003 -4.22367e+001  5.88324e+000  4.63417e+002
          4362  4.53646e+002  4.36200e+003 -4.22551e+001  5.88215e+000  4.63500e+002
          4363  4.53733e+002  4.36300e+003 -4.22743e+001  5.88106e+000  4.63583e+002
          4364  4.53814e+002  4.36400e+003 -4.22894e+001  5.87996e+000  4.63667e+002
          4365  4.53898e+002  4.36500e+003 -4.23075e+001  5.87883e+000  4.63750e+002
          4366  4.53982e+002  4.36600e+003 -4.23267e+001  5.87769e+000  4.63833e+002
          4367  4.54057e+002  4.36700e+003 -4.23463e+001  5.87656e+000  4.63917e+002
          4368  4.54141e+002  4.36800e+003 -4.23711e+001  5.87537e+000  4.64000e+002
          4369  4.54216e+002  4.36900e+003 -4.23918e+001  5.87424e+000  4.64083e+002
          4370  4.54305e+002  4.37000e+003 -4.24113e+001  5.87315e+000  4.64167e+002
          4371  4.54378e+002  4.37100e+003 -4.24310e+001  5.87206e+000  4.64250e+002
          4372  4.54459e+002  4.37200e+003 -4.24525e+001  5.87105e+000  4.64333e+002
          4373  4.54531e+002  4.37300e+003 -4.24737e+001  5.86993e+000  4.64417e+002
          4374  4.54626e+002  4.37400e+003 -4.24942e+001  5.86880e+000  4.64500e+002
          4375  4.54702e+002  4.37500e+003 -4.25148e+001  5.86767e+000  4.64583e+002
          4376  4.54792e+002  4.37600e+003 -4.25338e+001  5.86651e+000  4.64667e+002
          4377  4.54862e+002  4.37700e+003 -4.25539e+001  5.86539e+000  4.64750e+002
          4378  4.54945e+002  4.37800e+003 -4.25729e+001  5.86428e+000  4.64833e+002
          4379  4.55031e+002  4.37900e+003 -4.25914e+001  5.86319e+000  4.64917e+002
          4380  4.55111e+002  4.38000e+003 -4.26088e+001  5.86215e+000  4.65000e+002
          4381  4.55195e+002  4.38100e+003 -4.26261e+001  5.86110e+000  4.65083e+002
          4382  4.55278e+002  4.38200e+003 -4.26435e+001  5.86003e+000  4.65167e+002
          4383  4.55363e+002  4.38300e+003 -4.26623e+001  5.85891e+000  4.65250e+002
          4384  4.55441e+002  4.38400e+003 -4.26801e+001  5.85779e+000  4.65333e+002
          4385  4.55528e+002  4.38500e+003 -4.26992e+001  5.85667e+000  4.65417e+002
          4386  4.55604e+002  4.38600e+003 -4.27185e+001  5.85555e+000  4.65500e+002
          4387  4.55684e+002  4.38700e+003 -4.27376e+001  5.85443e+000  4.65583e+002
          4388  4.55767e+002  4.38800e+003 -4.27554e+001  5.85329e+000  4.65667e+002
          4389  4.55848e+002  4.38900e+003 -4.27725e+001  5.85219e+000  4.65750e+002
          4390  4.55936e+002  4.39000e+003 -4.27906e+001  5.85111e+000  4.65833e+002
          4391  4.56014e+002  4.39100e+003 -4.28084e+001  5.85005e+000  4.65917e+002
          4392  4.56098e+002  4.39200e+003 -4.28303e+001  5.84906e+000  4.66000e+002
          4393  4.56173e+002  4.39300e+003 -4.28490e+001  5.84804e+000  4.66083e+002
          4394  4.56252e+002  4.39400e+003 -4.28682e+001  5.84699e+000  4.66167e+002
          4395  4.56337e+002  4.39500e+003 -4.28876e+001  5.84589e+000  4.66250e+002
          4396  4.56406e+002  4.39600e+003 -4.29054e+001  5.84478e+000  4.66333e+002
          4397  4.56494e+002  4.39700e+003 -4.29249e+001  5.84366e+000  4.66417e+002
          4398  4.56583e+002  4.39800e+003 -4.29455e+001  5.84254e+000  4.66500e+002
          4399  4.56660e+002  4.39900e+003 -4.29666e+001  5.84143e+000  4.66583e+002
          4400  4.56748e+002  4.40000e+003 -4.29874e+001  5.84029e+000  4.66667e+002
          4401  4.56837e+002  4.40100e+003 -4.30080e+001  5.83919e+000  4.66750e+002
          4402  4.56909e+002  4.40200e+003 -4.30288e+001  5.83811e+000  4.66833e+002
          4403  4.56989e+002  4.40300e+003 -4.30507e+001  5.83705e+000  4.66917e+002
          4404  4.57069e+002  4.40400e+003 -4.30761e+001  5.83606e+000  4.67000e+002
          4405  4.57146e+002  4.40500e+003 -4.30986e+001  5.83504e+000  4.67083e+002
          4406  4.57226e+002  4.40600e+003 -4.31213e+001  5.83399e+000  4.67167e+002
          4407  4.57312e+002  4.40700e+003 -4.31448e+001  5.83289e+000  4.67250e+002
          4408  4.57394e+002  4.40800e+003 -4.31661e+001  5.83178e+000  4.67333e+002
          4409  4.57473e+002  4.40900e+003 -4.31865e+001  5.83066e+000  4.67417e+002
          4410  4.57555e+002  4.41000e+003 -4.32061e+001  5.82954e+000  4.67500e+002
          4411  4.57638e+002  4.41100e+003 -4.32252e+001  5.82843e+000  4.67583e+002
          4412  4.57711e+002  4.41200e+003 -4.32461e+001  5.82729e+000  4.67667e+002
          4413  4.57797e+002  4.41300e+003 -4.32666e+001  5.82619e+000  4.67750e+002
          4414  4.57887e+002  4.41400e+003 -4.32880e+001  5.82511e+000  4.67833e+002
          4415  4.57963e+002  4.41500e+003 -4.33093e+001  5.82405e+000  4.67917e+002
          4416  4.58049e+002  4.41600e+003 -4.33260e+001  5.82306e+000  4.68000e+002
          4417  4.58124e+002  4.41700e+003 -4.33458e+001  5.82204e+000  4.68083e+002
          4418  4.58212e+002  4.41800e+003 -4.33657e+001  5.82102e+000  4.68167e+002
          4419  4.58297e+002  4.41900e+003 -4.33859e+001  5.82001e+000  4.68250e+002
          4420  4.58381e+002  4.42000e+003 -4.34043e+001  5.81890e+000  4.68333e+002
          4421  4.58452e+002  4.42100e+003 -4.34221e+001  5.81778e+000  4.68417e+002
          4422  4.58534e+002  4.42200e+003 -4.34402e+001  5.81667e+000  4.68500e+002
          4423  4.58622e+002  4.42300e+003 -4.34586e+001  5.81556e+000  4.68583e+002
          4424  4.58706e+002  4.42400e+003 -4.34804e+001  5.81436e+000  4.68667e+002
          4425  4.58770e+002  4.42500e+003 -4.35010e+001  5.81323e+000  4.68750e+002
          4426  4.58859e+002  4.42600e+003 -4.35209e+001  5.81214e+000  4.68833e+002
          4427  4.58942e+002  4.42700e+003 -4.35403e+001  5.81106e+000  4.68917e+002
          4428  4.59019e+002  4.42800e+003 -4.35580e+001  5.81007e+000  4.69000e+002
          4429  4.59112e+002  4.42900e+003 -4.35776e+001  5.80905e+000  4.69083e+002
          4430  4.59186e+002  4.43000e+003 -4.35965e+001  5.80802e+000  4.69167e+002
          4431  4.59268e+002  4.43100e+003 -4.36157e+001  5.80701e+000  4.69250e+002
          4432  4.59350e+002  4.43200e+003 -4.36369e+001  5.80601e+000  4.69333e+002
          4433  4.59434e+002  4.43300e+003 -4.36567e+001  5.80501e+000  4.69417e+002
          4434  4.59505e+002  4.43400e+003 -4.36774e+001  5.80400e+000  4.69500e+002
          4435  4.59587e+002  4.43500e+003 -4.36980e+001  5.80300e+000  4.69583e+002
          4436  4.59667e+002  4.43600e+003 -4.37162e+001  5.80200e+000  4.69667e+002
          4437  4.59746e+002  4.43700e+003 -4.37347e+001  5.80100e+000  4.69750e+002
          4438  4.59833e+002  4.43800e+003 -4.37530e+001  5.80000e+000  4.69833e+002
          4439  4.59914e+002  4.43900e+003 -4.37706e+001  5.79900e+000  4.69917e+002
          4440  4.59998e+002  4.44000e+003 -4.37891e+001  5.79797e+000  4.70000e+002
          4441  4.60069e+002  4.44100e+003 -4.38085e+001  5.79688e+000  4.70083e+002
          4442  4.60154e+002  4.44200e+003 -4.38282e+001  5.79578e+000  4.70167e+002
          4443  4.60239e+002  4.44300e+003 -4.38480e+001  5.79467e+000  4.70250e+002
          4444  4.60309e+002  4.44400e+003 -4.38662e+001  5.79350e+000  4.70333e+002
          4445  4.60400e+002  4.44500e+003 -4.38845e+001  5.79238e+000  4.70417e+002
          4446  4.60474e+002  4.44600e+003 -4.39028e+001  5.79128e+000  4.70500e+002
          4447  4.60564e+002  4.44700e+003 -4.39215e+001  5.79018e+000  4.70583e+002
          4448  4.60642e+002  4.44800e+003 -4.39395e+001  5.78914e+000  4.70667e+002
          4449  4.60720e+002  4.44900e+003 -4.39578e+001  5.78810e+000  4.70750e+002
          4450  4.60807e+002  4.45000e+003 -4.39767e+001  5.78705e+000  4.70833e+002
          4451  4.60880e+002  4.45100e+003 -4.39952e+001  5.78602e+000  4.70917e+002
          4452  4.60965e+002  4.45200e+003 -4.40140e+001  5.78503e+000  4.71000e+002
          4453  4.61048e+002  4.45300e+003 -4.40324e+001  5.78402e+000  4.71083e+002
          4454  4.61128e+002  4.45400e+003 -4.40507e+001  5.78301e+000  4.71167e+002
          4455  4.61205e+002  4.45500e+003 -4.40689e+001  5.78200e+000  4.71250e+002
          4456  4.61299e+002  4.45600e+003 -4.40881e+001  5.78100e+000  4.71333e+002
          4457  4.61377e+002  4.45700e+003 -4.41069e+001  5.78000e+000  4.71417e+002
          4458  4.61451e+002  4.45800e+003 -4.41256e+001  5.77900e+000  4.71500e+002
          4459  4.61536e+002  4.45900e+003 -4.41438e+001  5.77800e+000  4.71583e+002
          4460  4.61621e+002  4.46000e+003 -4.41595e+001  5.77700e+000  4.71667e+002
          4461  4.61702e+002  4.46100e+003 -4.41759e+001  5.77600e+000  4.71750e+002
          4462  4.61784e+002  4.46200e+003 -4.41923e+001  5.77500e+000  4.71833e+002
          4463  4.61861e+002  4.46300e+003 -4.42094e+001  5.77400e+000  4.71917e+002
          4464  4.61944e+002  4.46400e+003 -4.42280e+001  5.77300e+000  4.72000e+002
          4465  4.62027e+002  4.46500e+003 -4.42471e+001  5.77200e+000  4.72083e+002
          4466  4.62102e+002  4.46600e+003 -4.42662e+001  5.77100e+000  4.72167e+002
          4467  4.62192e+002  4.46700e+003 -4.42839e+001  5.77000e+000  4.72250e+002
          4468  4.62276e+002  4.46800e+003 -4.42996e+001  5.76900e+000  4.72333e+002
          4469  4.62353e+002  4.46900e+003 -4.43161e+001  5.76800e+000  4.72417e+002
          4470  4.62432e+002  4.47000e+003 -4.43322e+001  5.76700e+000  4.72500e+002
          4471  4.62525e+002  4.47100e+003 -4.43475e+001  5.76600e+000  4.72583e+002
          4472  4.62597e+002  4.47200e+003 -4.43659e+001  5.76500e+000  4.72667e+002
          4473  4.62672e+002  4.47300e+003 -4.43836e+001  5.76400e+000  4.72750e+002
          4474  4.62755e+002  4.47400e+003 -4.44021e+001  5.76300e+000  4.72833e+002
          4475  4.62842e+002  4.47500e+003 -4.44199e+001  5.76200e+000  4.72917e+002
          4476  4.62931e+002  4.47600e+003 -4.44356e+001  5.76100e+000  4.73000e+002
          4477  4.63006e+002  4.47700e+003 -4.44544e+001  5.76000e+000  4.73083e+002
          4478  4.63095e+002  4.47800e+003 -4.44731e+001  5.75900e+000  4.73167e+002
          4479  4.63171e+002  4.47900e+003 -4.44910e+001  5.75800e+000  4.73250e+002
          4480  4.63249e+002  4.48000e+003 -4.45085e+001  5.75689e+000  4.73333e+002
          4481  4.63330e+002  4.48100e+003 -4.45255e+001  5.75578e+000  4.73417e+002
          4482  4.63409e+002  4.48200e+003 -4.45421e+001  5.75467e+000  4.73500e+002
          4483  4.63485e+002  4.48300e+003 -4.45602e+001  5.75356e+000  4.73583e+002
          4484  4.63574e+002  4.48400e+003 -4.45801e+001  5.75236e+000  4.73667e+002
          4485  4.63652e+002  4.48500e+003 -4.45974e+001  5.75123e+000  4.73750e+002
          4486  4.63729e+002  4.48600e+003 -4.46146e+001  5.75014e+000  4.73833e+002
          4487  4.63809e+002  4.48700e+003 -4.46318e+001  5.74906e+000  4.73917e+002
          4488  4.63905e+002  4.48800e+003 -4.46450e+001  5.74807e+000  4.74000e+002
          4489  4.63993e+002  4.48900e+003 -4.46608e+001  5.74705e+000  4.74083e+002
          4490  4.64070e+002  4.49000e+003 -4.46773e+001  5.74603e+000  4.74167e+002
          4491  4.64157e+002  4.49100e+003 -4.46941e+001  5.74501e+000  4.74250e+002
          4492  4.64235e+002  4.49200e+003 -4.47135e+001  5.74401e+000  4.74333e+002
          4493  4.64313e+002  4.49300e+003 -4.47312e+001  5.74301e+000  4.74417e+002
          4494  4.64395e+002  4.49400e+003 -4.47492e+001  5.74200e+000  4.74500e+002
          4495  4.64474e+002  4.49500e+003 -4.47684e+001  5.74100e+000  4.74583e+002
          4496  4.64555e+002  4.49600e+003 -4.47855e+001  5.74000e+000  4.74667e+002
          4497  4.64637e+002  4.49700e+003 -4.48012e+001  5.73900e+000  4.74750e+002
          4498  4.64721e+002  4.49800e+003 -4.48175e+001  5.73800e+000  4.74833e+002
          4499  4.64803e+002  4.49900e+003 -4.48354e+001  5.73700e+000  4.74917e+002
          4500  4.64876e+002  4.50000e+003 -4.48534e+001  5.73603e+000  4.75000e+002
          4501  4.64959e+002  4.50100e+003 -4.48703e+001  5.73512e+000  4.75083e+002
          4502  4.65038e+002  4.50200e+003 -4.48865e+001  5.73422e+000  4.75167e+002
          4503  4.65124e+002  4.50300e+003 -4.49041e+001  5.73333e+000  4.75250e+002
          4504  4.65205e+002  4.50400e+003 -4.49202e+001  5.73247e+000  4.75333e+002
          4505  4.65290e+002  4.50500e+003 -4.49365e+001  5.73153e+000  4.75417e+002
          4506  4.65376e+002  4.50600e+003 -4.49528e+001  5.73062e+000  4.75500e+002
          4507  4.65453e+002  4.50700e+003 -4.49684e+001  5.72970e+000  4.75583e+002
          4508  4.65533e+002  4.50800e+003 -4.49847e+001  5.72872e+000  4.75667e+002
          4509  4.65618e+002  4.50900e+003 -4.50016e+001  5.72776e+000  4.75750e+002
          4510  4.65697e+002  4.51000e+003 -4.50176e+001  5.72681e+000  4.75833e+002
          4511  4.65777e+002  4.51100e+003 -4.50328e+001  5.72586e+000  4.75917e+002
          4512  4.65854e+002  4.51200e+003 -4.50498e+001  5.72490e+000  4.76000e+002
          4513  4.65939e+002  4.51300e+003 -4.50646e+001  5.72393e+000  4.76083e+002
          4514  4.66018e+002  4.51400e+003 -4.50789e+001  5.72296e+000  4.76167e+002
          4515  4.66096e+002  4.51500e+003 -4.50931e+001  5.72198e+000  4.76250e+002
          4516  4.66181e+002  4.51600e+003 -4.51075e+001  5.72098e+000  4.76333e+002
          4517  4.66267e+002  4.51700e+003 -4.51227e+001  5.71999e+000  4.76417e+002
          4518  4.66351e+002  4.51800e+003 -4.51387e+001  5.71899e+000  4.76500e+002
          4519  4.66429e+002  4.51900e+003 -4.51550e+001  5.71800e+000  4.76583e+002
          4520  4.66509e+002  4.52000e+003 -4.51714e+001  5.71700e+000  4.76667e+002
          4521  4.66590e+002  4.52100e+003 -4.51871e+001  5.71600e+000  4.76750e+002
          4522  4.66669e+002  4.52200e+003 -4.52031e+001  5.71500e+000  4.76833e+002
          4523  4.66761e+002  4.52300e+003 -4.52194e+001  5.71400e+000  4.76917e+002
          4524  4.66845e+002  4.52400e+003 -4.52352e+001  5.71300e+000  4.77000e+002
          4525  4.66924e+002  4.52500e+003 -4.52489e+001  5.71200e+000  4.77083e+002
          4526  4.67004e+002  4.52600e+003 -4.52628e+001  5.71100e+000  4.77167e+002
          4527  4.67080e+002  4.52700e+003 -4.52782e+001  5.71000e+000  4.77250e+002
          4528  4.67170e+002  4.52800e+003 -4.52940e+001  5.70900e+000  4.77333e+002
          4529  4.67247e+002  4.52900e+003 -4.53095e+001  5.70800e+000  4.77417e+002
          4530  4.67332e+002  4.53000e+003 -4.53254e+001  5.70700e+000  4.77500e+002
          4531  4.67410e+002  4.53100e+003 -4.53418e+001  5.70600e+000  4.77583e+002
          4532  4.67499e+002  4.53200e+003 -4.53549e+001  5.70500e+000  4.77667e+002
          4533  4.67579e+002  4.53300e+003 -4.53683e+001  5.70400e+000  4.77750e+002
          4534  4.67652e+002  4.53400e+003 -4.53822e+001  5.70300e+000  4.77833e+002
          4535  4.67728e+002  4.53500e+003 -4.53956e+001  5.70200e+000  4.77917e+002
          4536  4.67808e+002  4.53600e+003 -4.54123e+001  5.70100e+000  4.78000e+002
          4537  4.67898e+002  4.53700e+003 -4.54263e+001  5.70000e+000  4.78083e+002
          4538  4.67985e+002  4.53800e+003 -4.54385e+001  5.69900e+000  4.78167e+002
          4539  4.68057e+002  4.53900e+003 -4.54504e+001  5.69800e+000  4.78250e+002
          4540  4.68134e+002  4.54000e+003 -4.54607e+001  5.69700e+000  4.78333e+002
          4541  4.68221e+002  4.54100e+003 -4.54733e+001  5.69600e+000  4.78417e+002
          4542  4.68299e+002  4.54200e+003 -4.54865e+001  5.69500e+000  4.78500e+002
          4543  4.68386e+002  4.54300e+003 -4.54989e+001  5.69400e+000  4.78583e+002
          4544  4.68463e+002  4.54400e+003 -4.55090e+001  5.69300e+000  4.78667e+002
          4545  4.68538e+002  4.54500e+003 -4.55214e+001  5.69200e+000  4.78750e+002
          4546  4.68625e+002  4.54600e+003 -4.55350e+001  5.69100e+000  4.78833e+002
          4547  4.68706e+002  4.54700e+003 -4.55498e+001  5.69000e+000  4.78917e+002
          4548  4.68794e+002  4.54800e+003 -4.55646e+001  5.68900e+000  4.79000e+002
          4549  4.68876e+002  4.54900e+003 -4.55774e+001  5.68800e+000  4.79083e+002
          4550  4.68949e+002  4.55000e+003 -4.55896e+001  5.68700e+000  4.79167e+002
          4551  4.69038e+002  4.55100e+003 -4.56024e+001  5.68600e+000  4.79250e+002
          4552  4.69119e+002  4.55200e+003 -4.56164e+001  5.68511e+000  4.79333e+002
          4553  4.69205e+002  4.55300e+003 -4.56302e+001  5.68422e+000  4.79417e+002
          4554  4.69282e+002  4.55400e+003 -4.56453e+001  5.68333e+000  4.79500e+002
          4555  4.69355e+002  4.55500e+003 -4.56597e+001  5.68244e+000  4.79583e+002
          4556  4.69447e+002  4.55600e+003 -4.56735e+001  5.68165e+000  4.79667e+002
          4557  4.69527e+002  4.55700e+003 -4.56876e+001  5.68077e+000  4.79750e+002
          4558  4.69612e+002  4.55800e+003 -4.57034e+001  5.67986e+000  4.79833e+002
          4559  4.69696e+002  4.55900e+003 -4.57200e+001  5.67894e+000  4.79917e+002
          4560  4.69775e+002  4.56000e+003 -4.57330e+001  5.67793e+000  4.80000e+002
          4561  4.69850e+002  4.56100e+003 -4.57459e+001  5.67695e+000  4.80083e+002
          4562  4.69935e+002  4.56200e+003 -4.57599e+001  5.67598e+000  4.80167e+002
          4563  4.70014e+002  4.56300e+003 -4.57745e+001  5.67499e+000  4.80250e+002
          4564  4.70096e+002  4.56400e+003 -4.57888e+001  5.67399e+000  4.80333e+002
          4565  4.70173e+002  4.56500e+003 -4.58029e+001  5.67299e+000  4.80417e+002
          4566  4.70257e+002  4.56600e+003 -4.58157e+001  5.67200e+000  4.80500e+002
          4567  4.70331e+002  4.56700e+003 -4.58278e+001  5.67100e+000  4.80583e+002
          4568  4.70419e+002  4.56800e+003 -4.58418e+001  5.67000e+000  4.80667e+002
          4569  4.70506e+002  4.56900e+003 -4.58575e+001  5.66900e+000  4.80750e+002
          4570  4.70586e+002  4.57000e+003 -4.58721e+001  5.66800e+000  4.80833e+002
          4571  4.70663e+002  4.57100e+003 -4.58852e+001  5.66700e+000  4.80917e+002
          4572  4.70750e+002  4.57200e+003 -4.58970e+001  5.66600e+000  4.81000e+002
          4573  4.70828e+002  4.57300e+003 -4.59073e+001  5.66500e+000  4.81083e+002
          4574  4.70912e+002  4.57400e+003 -4.59179e+001  5.66400e+000  4.81167e+002
          4575  4.71001e+002  4.57500e+003 -4.59277e+001  5.66300e+000  4.81250e+002
          4576  4.71075e+002  4.57600e+003 -4.59371e+001  5.66200e+000  4.81333e+002
          4577  4.71158e+002  4.57700e+003 -4.59486e+001  5.66100e+000  4.81417e+002
          4578  4.71241e+002  4.57800e+003 -4.59604e+001  5.66003e+000  4.81500e+002
          4579  4.71319e+002  4.57900e+003 -4.59712e+001  5.65911e+000  4.81583e+002
          4580  4.71404e+002  4.58000e+003 -4.59779e+001  5.65823e+000  4.81667e+002
          4581  4.71486e+002  4.58100e+003 -4.59879e+001  5.65735e+000  4.81750e+002
          4582  4.71571e+002  4.58200e+003 -4.59990e+001  5.65646e+000  4.81833e+002
          4583  4.71652e+002  4.58300e+003 -4.60105e+001  5.65557e+000  4.81917e+002
          4584  4.71749e+002  4.58400e+003 -4.60245e+001  5.65471e+000  4.82000e+002
          4585  4.71820e+002  4.58500e+003 -4.60370e+001  5.65381e+000  4.82083e+002
          4586  4.71897e+002  4.58600e+003 -4.60503e+001  5.65289e+000  4.82167e+002
          4587  4.71973e+002  4.58700e+003 -4.60638e+001  5.65195e+000  4.82250e+002
          4588  4.72067e+002  4.58800e+003 -4.60795e+001  5.65094e+000  4.82333e+002
          4589  4.72143e+002  4.58900e+003 -4.60927e+001  5.64996e+000  4.82417e+002
          4590  4.72228e+002  4.59000e+003 -4.61045e+001  5.64898e+000  4.82500e+002
          4591  4.72308e+002  4.59100e+003 -4.61166e+001  5.64799e+000  4.82583e+002
          4592  4.72383e+002  4.59200e+003 -4.61311e+001  5.64699e+000  4.82667e+002
          4593  4.72456e+002  4.59300e+003 -4.61449e+001  5.64599e+000  4.82750e+002
          4594  4.72541e+002  4.59400e+003 -4.61561e+001  5.64500e+000  4.82833e+002
          4595  4.72622e+002  4.59500e+003 -4.61655e+001  5.64400e+000  4.82917e+002
          4596  4.72710e+002  4.59600e+003 -4.61732e+001  5.64300e+000  4.83000e+002
          4597  4.72787e+002  4.59700e+003 -4.61823e+001  5.64200e+000  4.83083e+002
          4598  4.72872e+002  4.59800e+003 -4.61920e+001  5.64103e+000  4.83167e+002
          4599  4.72955e+002  4.59900e+003 -4.62028e+001  5.64011e+000  4.83250e+002
          4600  4.73045e+002  4.60000e+003 -4.62117e+001  5.63923e+000  4.83333e+002
          4601  4.73113e+002  4.60100e+003 -4.62214e+001  5.63835e+000  4.83417e+002
          4602  4.73206e+002  4.60200e+003 -4.62314e+001  5.63746e+000  4.83500e+002
          4603  4.73285e+002  4.60300e+003 -4.62415e+001  5.63657e+000  4.83583e+002
          4604  4.73367e+002  4.60400e+003 -4.62468e+001  5.63571e+000  4.83667e+002
          4605  4.73450e+002  4.60500e+003 -4.62559e+001  5.63481e+000  4.83750e+002
          4606  4.73527e+002  4.60600e+003 -4.62655e+001  5.63389e+000  4.83833e+002
          4607  4.73613e+002  4.60700e+003 -4.62747e+001  5.63295e+000  4.83917e+002
          4608  4.73693e+002  4.60800e+003 -4.62898e+001  5.63194e+000  4.84000e+002
          4609  4.73765e+002  4.60900e+003 -4.63012e+001  5.63096e+000  4.84083e+002
          4610  4.73862e+002  4.61000e+003 -4.63125e+001  5.62998e+000  4.84167e+002
          4611  4.73937e+002  4.61100e+003 -4.63230e+001  5.62899e+000  4.84250e+002
          4612  4.74022e+002  4.61200e+003 -4.63303e+001  5.62799e+000  4.84333e+002
          4613  4.74095e+002  4.61300e+003 -4.63400e+001  5.62699e+000  4.84417e+002
          4614  4.74174e+002  4.61400e+003 -4.63496e+001  5.62600e+000  4.84500e+002
          4615  4.74257e+002  4.61500e+003 -4.63589e+001  5.62500e+000  4.84583e+002
          4616  4.74343e+002  4.61600e+003 -4.63692e+001  5.62403e+000  4.84667e+002
          4617  4.74422e+002  4.61700e+003 -4.63801e+001  5.62312e+000  4.84750e+002
          4618  4.74512e+002  4.61800e+003 -4.63900e+001  5.62222e+000  4.84833e+002
          4619  4.74586e+002  4.61900e+003 -4.63989e+001  5.62133e+000  4.84917e+002
          4620  4.74681e+002  4.62000e+003 -4.64064e+001  5.62050e+000  4.85000e+002
          4621  4.74749e+002  4.62100e+003 -4.64150e+001  5.61962e+000  4.85083e+002
          4622  4.74830e+002  4.62200e+003 -4.64242e+001  5.61872e+000  4.85167e+002
          4623  4.74912e+002  4.62300e+003 -4.64342e+001  5.61781e+000  4.85250e+002
          4624  4.74994e+002  4.62400e+003 -4.64423e+001  5.61686e+000  4.85333e+002
          4625  4.75080e+002  4.62500e+003 -4.64512e+001  5.61590e+000  4.85417e+002
          4626  4.75152e+002  4.62600e+003 -4.64611e+001  5.61495e+000  4.85500e+002
          4627  4.75246e+002  4.62700e+003 -4.64709e+001  5.61398e+000  4.85583e+002
          4628  4.75333e+002  4.62800e+003 -4.64781e+001  5.61297e+000  4.85667e+002
          4629  4.75414e+002  4.62900e+003 -4.64875e+001  5.61198e+000  4.85750e+002
          4630  4.75488e+002  4.63000e+003 -4.64967e+001  5.61099e+000  4.85833e+002
          4631  4.75573e+002  4.63100e+003 -4.65048e+001  5.61000e+000  4.85917e+002
          4632  4.75658e+002  4.63200e+003 -4.65160e+001  5.60902e+000  4.86000e+002
          4633  4.75732e+002  4.63300e+003 -4.65258e+001  5.60811e+000  4.86083e+002
          4634  4.75812e+002  4.63400e+003 -4.65359e+001  5.60722e+000  4.86167e+002
          4635  4.75905e+002  4.63500e+003 -4.65463e+001  5.60633e+000  4.86250e+002
          4636  4.75986e+002  4.63600e+003 -4.65516e+001  5.60550e+000  4.86333e+002
          4637  4.76066e+002  4.63700e+003 -4.65584e+001  5.60462e+000  4.86417e+002
          4638  4.76147e+002  4.63800e+003 -4.65659e+001  5.60372e+000  4.86500e+002
          4639  4.76233e+002  4.63900e+003 -4.65738e+001  5.60281e+000  4.86583e+002
          4640  4.76308e+002  4.64000e+003 -4.65792e+001  5.60186e+000  4.86667e+002
          4641  4.76389e+002  4.64100e+003 -4.65865e+001  5.60090e+000  4.86750e+002
          4642  4.76465e+002  4.64200e+003 -4.65942e+001  5.59995e+000  4.86833e+002
          4643  4.76547e+002  4.64300e+003 -4.66023e+001  5.59898e+000  4.86917e+002
          4644  4.76637e+002  4.64400e+003 -4.66098e+001  5.59797e+000  4.87000e+002
          4645  4.76726e+002  4.64500e+003 -4.66182e+001  5.59698e+000  4.87083e+002
          4646  4.76792e+002  4.64600e+003 -4.66264e+001  5.59599e+000  4.87167e+002
          4647  4.76885e+002  4.64700e+003 -4.66347e+001  5.59500e+000  4.87250e+002
          4648  4.76969e+002  4.64800e+003 -4.66432e+001  5.59411e+000  4.87333e+002
          4649  4.77040e+002  4.64900e+003 -4.66501e+001  5.59322e+000  4.87417e+002
          4650  4.77121e+002  4.65000e+003 -4.66559e+001  5.59233e+000  4.87500e+002
          4651  4.77210e+002  4.65100e+003 -4.66629e+001  5.59144e+000  4.87583e+002
          4652  4.77295e+002  4.65200e+003 -4.66713e+001  5.59064e+000  4.87667e+002
          4653  4.77372e+002  4.65300e+003 -4.66780e+001  5.58977e+000  4.87750e+002
          4654  4.77461e+002  4.65400e+003 -4.66849e+001  5.58886e+000  4.87833e+002
          4655  4.77536e+002  4.65500e+003 -4.66921e+001  5.58794e+000  4.87917e+002
          4656  4.77613e+002  4.65600e+003 -4.66959e+001  5.58693e+000  4.88000e+002
          4657  4.77703e+002  4.65700e+003 -4.67034e+001  5.58595e+000  4.88083e+002
          4658  4.77788e+002  4.65800e+003 -4.67119e+001  5.58497e+000  4.88167e+002
          4659  4.77865e+002  4.65900e+003 -4.67207e+001  5.58399e+000  4.88250e+002
          4660  4.77940e+002  4.66000e+003 -4.67289e+001  5.58301e+000  4.88333e+002
          4661  4.78033e+002  4.66100e+003 -4.67355e+001  5.58211e+000  4.88417e+002
          4662  4.78114e+002  4.66200e+003 -4.67431e+001  5.58122e+000  4.88500e+002
          4663  4.78204e+002  4.66300e+003 -4.67508e+001  5.58033e+000  4.88583e+002
          4664  4.78279e+002  4.66400e+003 -4.67586e+001  5.57950e+000  4.88667e+002
          4665  4.78360e+002  4.66500e+003 -4.67643e+001  5.57862e+000  4.88750e+002
          4666  4.78445e+002  4.66600e+003 -4.67710e+001  5.57772e+000  4.88833e+002
          4667  4.78524e+002  4.66700e+003 -4.67801e+001  5.57681e+000  4.88917e+002
          4668  4.78598e+002  4.66800e+003 -4.67859e+001  5.57586e+000  4.89000e+002
          4669  4.78688e+002  4.66900e+003 -4.67931e+001  5.57490e+000  4.89083e+002
          4670  4.78772e+002  4.67000e+003 -4.68005e+001  5.57395e+000  4.89167e+002
          4671  4.78858e+002  4.67100e+003 -4.68086e+001  5.57298e+000  4.89250e+002
          4672  4.78933e+002  4.67200e+003 -4.68142e+001  5.57197e+000  4.89333e+002
          4673  4.79023e+002  4.67300e+003 -4.68197e+001  5.57098e+000  4.89417e+002
          4674  4.79099e+002  4.67400e+003 -4.68257e+001  5.56999e+000  4.89500e+002
          4675  4.79188e+002  4.67500e+003 -4.68321e+001  5.56900e+000  4.89583e+002
          4676  4.79260e+002  4.67600e+003 -4.68409e+001  5.56800e+000  4.89667e+002
          4677  4.79346e+002  4.67700e+003 -4.68471e+001  5.56702e+000  4.89750e+002
          4678  4.79428e+002  4.67800e+003 -4.68531e+001  5.56612e+000  4.89833e+002
          4679  4.79506e+002  4.67900e+003 -4.68585e+001  5.56522e+000  4.89917e+002
          4680  4.79596e+002  4.68000e+003 -4.68620e+001  5.56436e+000  4.90000e+002
          4681  4.79682e+002  4.68100e+003 -4.68683e+001  5.56348e+000  4.90083e+002
          4682  4.79763e+002  4.68200e+003 -4.68741e+001  5.56259e+000  4.90167e+002
          4683  4.79830e+002  4.68300e+003 -4.68792e+001  5.56169e+000  4.90250e+002
          4684  4.79914e+002  4.68400e+003 -4.68847e+001  5.56078e+000  4.90333e+002
          4685  4.80003e+002  4.68500e+003 -4.68894e+001  5.55986e+000  4.90417e+002
          4686  4.80091e+002  4.68600e+003 -4.68937e+001  5.55892e+000  4.90500e+002
          4687  4.80161e+002  4.68700e+003 -4.68986e+001  5.55797e+000  4.90583e+002
          4688  4.80252e+002  4.68800e+003 -4.69033e+001  5.55696e+000  4.90667e+002
          4689  4.80329e+002  4.68900e+003 -4.69087e+001  5.55597e+000  4.90750e+002
          4690  4.80412e+002  4.69000e+003 -4.69149e+001  5.55501e+000  4.90833e+002
          4691  4.80491e+002  4.69100e+003 -4.69214e+001  5.55411e+000  4.90917e+002
          4692  4.80571e+002  4.69200e+003 -4.69243e+001  5.55323e+000  4.91000e+002
          4693  4.80660e+002  4.69300e+003 -4.69299e+001  5.55234e+000  4.91083e+002
          4694  4.80745e+002  4.69400e+003 -4.69357e+001  5.55146e+000  4.91167e+002
          4695  4.80817e+002  4.69500e+003 -4.69416e+001  5.55057e+000  4.91250e+002
          4696  4.80912e+002  4.69600e+003 -4.69484e+001  5.54971e+000  4.91333e+002
          4697  4.80985e+002  4.69700e+003 -4.69525e+001  5.54881e+000  4.91417e+002
          4698  4.81079e+002  4.69800e+003 -4.69565e+001  5.54789e+000  4.91500e+002
          4699  4.81154e+002  4.69900e+003 -4.69608e+001  5.54695e+000  4.91583e+002
          4700  4.81250e+002  4.70000e+003 -4.69622e+001  5.54594e+000  4.91667e+002
          4701  4.81318e+002  4.70100e+003 -4.69627e+001  5.54496e+000  4.91750e+002
          4702  4.81401e+002  4.70200e+003 -4.69626e+001  5.54398e+000  4.91833e+002
          4703  4.81474e+002  4.70300e+003 -4.69632e+001  5.54299e+000  4.91917e+002
          4704  4.81563e+002  4.70400e+003 -4.69617e+001  5.54199e+000  4.92000e+002
          4705  4.81643e+002  4.70500e+003 -4.69638e+001  5.54102e+000  4.92083e+002
          4706  4.81734e+002  4.70600e+003 -4.69666e+001  5.54011e+000  4.92167e+002
          4707  4.81803e+002  4.70700e+003 -4.69690e+001  5.53922e+000  4.92250e+002
          4708  4.81883e+002  4.70800e+003 -4.69693e+001  5.53836e+000  4.92333e+002
          4709  4.81973e+002  4.70900e+003 -4.69704e+001  5.53748e+000  4.92417e+002
          4710  4.82061e+002  4.71000e+003 -4.69723e+001  5.53659e+000  4.92500e+002
          4711  4.82137e+002  4.71100e+003 -4.69720e+001  5.53569e+000  4.92583e+002
          4712  4.82226e+002  4.71200e+003 -4.69781e+001  5.53478e+000  4.92667e+002
          4713  4.82308e+002  4.71300e+003 -4.69818e+001  5.53386e+000  4.92750e+002
          4714  4.82385e+002  4.71400e+003 -4.69847e+001  5.53292e+000  4.92833e+002
          4715  4.82467e+002  4.71500e+003 -4.69874e+001  5.53197e+000  4.92917e+002
          4716  4.82548e+002  4.71600e+003 -4.69889e+001  5.53096e+000  4.93000e+002
          4717  4.82633e+002  4.71700e+003 -4.69915e+001  5.52997e+000  4.93083e+002
          4718  4.82721e+002  4.71800e+003 -4.69937e+001  5.52899e+000  4.93167e+002
          4719  4.82799e+002  4.71900e+003 -4.69965e+001  5.52800e+000  4.93250e+002
          4720  4.82886e+002  4.72000e+003 -4.69983e+001  5.52710e+000  4.93333e+002
          4721  4.82967e+002  4.72100e+003 -4.70006e+001  5.52622e+000  4.93417e+002
          4722  4.83052e+002  4.72200e+003 -4.70017e+001  5.52533e+000  4.93500e+002
          4723  4.83130e+002  4.72300e+003 -4.70023e+001  5.52444e+000  4.93583e+002
          4724  4.83218e+002  4.72400e+003 -4.70041e+001  5.52364e+000  4.93667e+002
          4725  4.83300e+002  4.72500e+003 -4.70061e+001  5.52277e+000  4.93750e+002
          4726  4.83377e+002  4.72600e+003 -4.70085e+001  5.52186e+000  4.93833e+002
          4727  4.83462e+002  4.72700e+003 -4.70107e+001  5.52094e+000  4.93917e+002
          4728  4.83537e+002  4.72800e+003 -4.70134e+001  5.51993e+000  4.94000e+002
          4729  4.83617e+002  4.72900e+003 -4.70152e+001  5.51895e+000  4.94083e+002
          4730  4.83708e+002  4.73000e+003 -4.70171e+001  5.51797e+000  4.94167e+002
          4731  4.83780e+002  4.73100e+003 -4.70198e+001  5.51699e+000  4.94250e+002
          4732  4.83871e+002  4.73200e+003 -4.70223e+001  5.51599e+000  4.94333e+002
          4733  4.83952e+002  4.73300e+003 -4.70245e+001  5.51499e+000  4.94417e+002
          4734  4.84037e+002  4.73400e+003 -4.70274e+001  5.51400e+000  4.94500e+002
          4735  4.84116e+002  4.73500e+003 -4.70308e+001  5.51300e+000  4.94583e+002
          4736  4.84207e+002  4.73600e+003 -4.70359e+001  5.51211e+000  4.94667e+002
          4737  4.84279e+002  4.73700e+003 -4.70395e+001  5.51122e+000  4.94750e+002
          4738  4.84367e+002  4.73800e+003 -4.70417e+001  5.51033e+000  4.94833e+002
          4739  4.84452e+002  4.73900e+003 -4.70431e+001  5.50944e+000  4.94917e+002
          4740  4.84531e+002  4.74000e+003 -4.70476e+001  5.50865e+000  4.95000e+002
          4741  4.84611e+002  4.74100e+003 -4.70507e+001  5.50777e+000  4.95083e+002
          4742  4.84698e+002  4.74200e+003 -4.70519e+001  5.50686e+000  4.95167e+002
          4743  4.84781e+002  4.74300e+003 -4.70534e+001  5.50594e+000  4.95250e+002
          4744  4.84867e+002  4.74400e+003 -4.70528e+001  5.50493e+000  4.95333e+002
          4745  4.84944e+002  4.74500e+003 -4.70538e+001  5.50395e+000  4.95417e+002
          4746  4.85023e+002  4.74600e+003 -4.70552e+001  5.50297e+000  4.95500e+002
          4747  4.85111e+002  4.74700e+003 -4.70570e+001  5.50199e+000  4.95583e+002
          4748  4.85185e+002  4.74800e+003 -4.70583e+001  5.50099e+000  4.95667e+002
          4749  4.85262e+002  4.74900e+003 -4.70593e+001  5.50002e+000  4.95750e+002
          4750  4.85355e+002  4.75000e+003 -4.70603e+001  5.49911e+000  4.95833e+002
          4751  4.85445e+002  4.75100e+003 -4.70607e+001  5.49822e+000  4.95917e+002
          4752  4.85529e+002  4.75200e+003 -4.70607e+001  5.49736e+000  4.96000e+002
          4753  4.85608e+002  4.75300e+003 -4.70618e+001  5.49648e+000  4.96083e+002
          4754  4.85683e+002  4.75400e+003 -4.70645e+001  5.49559e+000  4.96167e+002
          4755  4.85765e+002  4.75500e+003 -4.70678e+001  5.49469e+000  4.96250e+002
          4756  4.85861e+002  4.75600e+003 -4.70681e+001  5.49378e+000  4.96333e+002
          4757  4.85934e+002  4.75700e+003 -4.70678e+001  5.49286e+000  4.96417e+002
          4758  4.86009e+002  4.75800e+003 -4.70694e+001  5.49192e+000  4.96500e+002
          4759  4.86097e+002  4.75900e+003 -4.70705e+001  5.49097e+000  4.96583e+002
          4760  4.86180e+002  4.76000e+003 -4.70706e+001  5.48996e+000  4.96667e+002
          4761  4.86264e+002  4.76100e+003 -4.70718e+001  5.48897e+000  4.96750e+002
          4762  4.86341e+002  4.76200e+003 -4.70730e+001  5.48799e+000  4.96833e+002
          4763  4.86427e+002  4.76300e+003 -4.70739e+001  5.48700e+000  4.96917e+002
          4764  4.86513e+002  4.76400e+003 -4.70768e+001  5.48599e+000  4.97000e+002
          4765  4.86599e+002  4.76500e+003 -4.70785e+001  5.48502e+000  4.97083e+002
          4766  4.86679e+002  4.76600e+003 -4.70795e+001  5.48412e+000  4.97167e+002
          4767  4.86755e+002  4.76700e+003 -4.70811e+001  5.48322e+000  4.97250e+002
          4768  4.86840e+002  4.76800e+003 -4.70819e+001  5.48236e+000  4.97333e+002
          4769  4.86921e+002  4.76900e+003 -4.70829e+001  5.48148e+000  4.97417e+002
          4770  4.87002e+002  4.77000e+003 -4.70842e+001  5.48059e+000  4.97500e+002
          4771  4.87084e+002  4.77100e+003 -4.70856e+001  5.47969e+000  4.97583e+002
          4772  4.87174e+002  4.77200e+003 -4.70855e+001  5.47878e+000  4.97667e+002
          4773  4.87247e+002  4.77300e+003 -4.70866e+001  5.47786e+000  4.97750e+002
          4774  4.87332e+002  4.77400e+003 -4.70870e+001  5.47692e+000  4.97833e+002
          4775  4.87411e+002  4.77500e+003 -4.70880e+001  5.47597e+000  4.97917e+002
          4776  4.87503e+002  4.77600e+003 -4.70883e+001  5.47496e+000  4.98000e+002
          4777  4.87577e+002  4.77700e+003 -4.70889e+001  5.47397e+000  4.98083e+002
          4778  4.87664e+002  4.77800e+003 -4.70883e+001  5.47299e+000  4.98167e+002
          4779  4.87743e+002  4.77900e+003 -4.70878e+001  5.47200e+000  4.98250e+002
          4780  4.87825e+002  4.78000e+003 -4.70873e+001  5.47099e+000  4.98333e+002
          4781  4.87908e+002  4.78100e+003 -4.70860e+001  5.47000e+000  4.98417e+002
          4782  4.87987e+002  4.78200e+003 -4.70860e+001  5.46900e+000  4.98500e+002
          4783  4.88067e+002  4.78300e+003 -4.70861e+001  5.46800e+000  4.98583e+002
          4784  4.88144e+002  4.78400e+003 -4.70840e+001  5.46711e+000  4.98667e+002
          4785  4.88227e+002  4.78500e+003 -4.70827e+001  5.46622e+000  4.98750e+002
          4786  4.88317e+002  4.78600e+003 -4.70822e+001  5.46533e+000  4.98833e+002
          4787  4.88395e+002  4.78700e+003 -4.70832e+001  5.46444e+000  4.98917e+002
          4788  4.88479e+002  4.78800e+003 -4.70830e+001  5.46364e+000  4.99000e+002
          4789  4.88567e+002  4.78900e+003 -4.70830e+001  5.46277e+000  4.99083e+002
          4790  4.88646e+002  4.79000e+003 -4.70814e+001  5.46186e+000  4.99167e+002
          4791  4.88734e+002  4.79100e+003 -4.70789e+001  5.46094e+000  4.99250e+002
          4792  4.88811e+002  4.79200e+003 -4.70791e+001  5.45993e+000  4.99333e+002
          4793  4.88896e+002  4.79300e+003 -4.70773e+001  5.45895e+000  4.99417e+002
          4794  4.88970e+002  4.79400e+003 -4.70751e+001  5.45797e+000  4.99500e+002
          4795  4.89051e+002  4.79500e+003 -4.70722e+001  5.45699e+000  4.99583e+002
          4796  4.89138e+002  4.79600e+003 -4.70734e+001  5.45599e+000  4.99667e+002
          4797  4.89230e+002  4.79700e+003 -4.70740e+001  5.45499e+000  4.99750e+002
          4798  4.89301e+002  4.79800e+003 -4.70736e+001  5.45400e+000  4.99833e+002
          4799  4.89395e+002  4.79900e+003 -4.70726e+001  5.45300e+000  4.99917e+002
          4800  4.89473e+002  4.80000e+003 -4.70650e+001  5.45200e+000  5.00000e+002
          4801  4.89552e+002  4.80100e+003 -4.70612e+001  5.45103e+000  5.00083e+002
          4802  4.89635e+002  4.80200e+003 -4.70582e+001  5.45012e+000  5.00167e+002
          4803  4.89719e+002  4.80300e+003 -4.70557e+001  5.44922e+000  5.00250e+002
          4804  4.89796e+002  4.80400e+003 -4.70542e+001  5.44836e+000  5.00333e+002
          4805  4.89873e+002  4.80500e+003 -4.70516e+001  5.44748e+000  5.00417e+002
          4806  4.89950e+002  4.80600e+003 -4.70504e+001  5.44659e+000  5.00500e+002
          4807  4.90045e+002  4.80700e+003 -4.70493e+001  5.44569e+000  5.00583e+002
          4808  4.90126e+002  4.80800e+003 -4.70427e+001  5.44478e+000  5.00667e+002
          4809  4.90215e+002  4.80900e+003 -4.70389e+001  5.44386e+000  5.00750e+002
          4810  4.90293e+002  4.81000e+003 -4.70352e+001  5.44292e+000  5.00833e+002
          4811  4.90373e+002  4.81100e+003 -4.70326e+001  5.44197e+000  5.00917e+002
          4812  4.90458e+002  4.81200e+003 -4.70315e+001  5.44096e+000  5.01000e+002
          4813  4.90537e+002  4.81300e+003 -4.70285e+001  5.43997e+000  5.01083e+002
          4814  4.90624e+002  4.81400e+003 -4.70260e+001  5.43899e+000  5.01167e+002
          4815  4.90698e+002  4.81500e+003 -4.70251e+001  5.43800e+000  5.01250e+002
          4816  4.90789e+002  4.81600e+003 -4.70227e+001  5.43699e+000  5.01333e+002
          4817  4.90873e+002  4.81700e+003 -4.70197e+001  5.43600e+000  5.01417e+002
          4818  4.90949e+002  4.81800e+003 -4.70172e+001  5.43500e+000  5.01500e+002
          4819  4.91035e+002  4.81900e+003 -4.70142e+001  5.43400e+000  5.01583e+002
          4820  4.91102e+002  4.82000e+003 -4.70116e+001  5.43311e+000  5.01667e+002
          4821  4.91190e+002  4.82100e+003 -4.70077e+001  5.43222e+000  5.01750e+002
          4822  4.91277e+002  4.82200e+003 -4.70037e+001  5.43133e+000  5.01833e+002
          4823  4.91360e+002  4.82300e+003 -4.70016e+001  5.43044e+000  5.01917e+002
          4824  4.91446e+002  4.82400e+003 -4.69996e+001  5.42965e+000  5.02000e+002
          4825  4.91519e+002  4.82500e+003 -4.69962e+001  5.42877e+000  5.02083e+002
          4826  4.91603e+002  4.82600e+003 -4.69924e+001  5.42786e+000  5.02167e+002
          4827  4.91690e+002  4.82700e+003 -4.69885e+001  5.42694e+000  5.02250e+002
          4828  4.91776e+002  4.82800e+003 -4.69825e+001  5.42593e+000  5.02333e+002
          4829  4.91855e+002  4.82900e+003 -4.69791e+001  5.42495e+000  5.02417e+002
          4830  4.91944e+002  4.83000e+003 -4.69766e+001  5.42397e+000  5.02500e+002
          4831  4.92015e+002  4.83100e+003 -4.69738e+001  5.42299e+000  5.02583e+002
          4832  4.92099e+002  4.83200e+003 -4.69722e+001  5.42199e+000  5.02667e+002
          4833  4.92184e+002  4.83300e+003 -4.69689e+001  5.42099e+000  5.02750e+002
          4834  4.92270e+002  4.83400e+003 -4.69666e+001  5.42000e+000  5.02833e+002
          4835  4.92361e+002  4.83500e+003 -4.69645e+001  5.41900e+000  5.02917e+002
          4836  4.92439e+002  4.83600e+003 -4.69612e+001  5.41800e+000  5.03000e+002
          4837  4.92521e+002  4.83700e+003 -4.69585e+001  5.41700e+000  5.03083e+002
          4838  4.92614e+002  4.83800e+003 -4.69551e+001  5.41600e+000  5.03167e+002
          4839  4.92688e+002  4.83900e+003 -4.69515e+001  5.41500e+000  5.03250e+002
          4840  4.92774e+002  4.84000e+003 -4.69495e+001  5.41400e+000  5.03333e+002
          4841  4.92852e+002  4.84100e+003 -4.69480e+001  5.41300e+000  5.03417e+002
          4842  4.92931e+002  4.84200e+003 -4.69450e+001  5.41203e+000  5.03500e+002
          4843  4.93018e+002  4.84300e+003 -4.69410e+001  5.41111e+000  5.03583e+002
          4844  4.93102e+002  4.84400e+003 -4.69395e+001  5.41021e+000  5.03667e+002
          4845  4.93181e+002  4.84500e+003 -4.69358e+001  5.40926e+000  5.03750e+002
          4846  4.93254e+002  4.84600e+003 -4.69315e+001  5.40835e+000  5.03833e+002
          4847  4.93347e+002  4.84700e+003 -4.69266e+001  5.40746e+000  5.03917e+002
          4848  4.93428e+002  4.84800e+003 -4.69215e+001  5.40658e+000  5.04000e+002
          4849  4.93508e+002  4.84900e+003 -4.69179e+001  5.40567e+000  5.04083e+002
          4850  4.93585e+002  4.85000e+003 -4.69146e+001  5.40475e+000  5.04167e+002
          4851  4.93669e+002  4.85100e+003 -4.69108e+001  5.40383e+000  5.04250e+002
          4852  4.93752e+002  4.85200e+003 -4.69023e+001  5.40287e+000  5.04333e+002
          4853  4.93838e+002  4.85300e+003 -4.68964e+001  5.40191e+000  5.04417e+002
          4854  4.93921e+002  4.85400e+003 -4.68921e+001  5.40095e+000  5.04500e+002
          4855  4.94000e+002  4.85500e+003 -4.68884e+001  5.39998e+000  5.04583e+002
          4856  4.94082e+002  4.85600e+003 -4.68841e+001  5.39898e+000  5.04667e+002
          4857  4.94162e+002  4.85700e+003 -4.68790e+001  5.39798e+000  5.04750e+002
          4858  4.94241e+002  4.85800e+003 -4.68741e+001  5.39699e+000  5.04833e+002
          4859  4.94326e+002  4.85900e+003 -4.68687e+001  5.39600e+000  5.04917e+002
          4860  4.94411e+002  4.86000e+003 -4.68607e+001  5.39500e+000  5.05000e+002
          4861  4.94495e+002  4.86100e+003 -4.68539e+001  5.39400e+000  5.05083e+002
          4862  4.94575e+002  4.86200e+003 -4.68476e+001  5.39300e+000  5.05167e+002
          4863  4.94665e+002  4.86300e+003 -4.68404e+001  5.39200e+000  5.05250e+002
          4864  4.94750e+002  4.86400e+003 -4.68352e+001  5.39100e+000  5.05333e+002
          4865  4.94832e+002  4.86500e+003 -4.68281e+001  5.39000e+000  5.05417e+002
          4866  4.94922e+002  4.86600e+003 -4.68199e+001  5.38900e+000  5.05500e+002
          4867  4.94999e+002  4.86700e+003 -4.68128e+001  5.38800e+000  5.05583e+002
          4868  4.95084e+002  4.86800e+003 -4.68033e+001  5.38700e+000  5.05667e+002
          4869  4.95169e+002  4.86900e+003 -4.67973e+001  5.38600e+000  5.05750e+002
          4870  4.95243e+002  4.87000e+003 -4.67930e+001  5.38500e+000  5.05833e+002
          4871  4.95328e+002  4.87100e+003 -4.67890e+001  5.38400e+000  5.05917e+002
          4872  4.95405e+002  4.87200e+003 -4.67834e+001  5.38300e+000  5.06000e+002
          4873  4.95485e+002  4.87300e+003 -4.67784e+001  5.38200e+000  5.06083e+002
          4874  4.95575e+002  4.87400e+003 -4.67734e+001  5.38103e+000  5.06167e+002
          4875  4.95659e+002  4.87500e+003 -4.67667e+001  5.38011e+000  5.06250e+002
          4876  4.95741e+002  4.87600e+003 -4.67624e+001  5.37923e+000  5.06333e+002
          4877  4.95817e+002  4.87700e+003 -4.67565e+001  5.37835e+000  5.06417e+002
          4878  4.95904e+002  4.87800e+003 -4.67512e+001  5.37746e+000  5.06500e+002
          4879  4.95991e+002  4.87900e+003 -4.67458e+001  5.37657e+000  5.06583e+002
          4880  4.96068e+002  4.88000e+003 -4.67394e+001  5.37571e+000  5.06667e+002
          4881  4.96155e+002  4.88100e+003 -4.67340e+001  5.37481e+000  5.06750e+002
          4882  4.96235e+002  4.88200e+003 -4.67272e+001  5.37389e+000  5.06833e+002
          4883  4.96313e+002  4.88300e+003 -4.67196e+001  5.37295e+000  5.06917e+002
          4884  4.96407e+002  4.88400e+003 -4.67078e+001  5.37194e+000  5.07000e+002
          4885  4.96482e+002  4.88500e+003 -4.66990e+001  5.37096e+000  5.07083e+002
          4886  4.96570e+002  4.88600e+003 -4.66905e+001  5.36998e+000  5.07167e+002
          4887  4.96645e+002  4.88700e+003 -4.66814e+001  5.36899e+000  5.07250e+002
          4888  4.96722e+002  4.88800e+003 -4.66761e+001  5.36799e+000  5.07333e+002
          4889  4.96811e+002  4.88900e+003 -4.66698e+001  5.36699e+000  5.07417e+002
          4890  4.96890e+002  4.89000e+003 -4.66631e+001  5.36600e+000  5.07500e+002
          4891  4.96978e+002  4.89100e+003 -4.66562e+001  5.36500e+000  5.07583e+002
          4892  4.97062e+002  4.89200e+003 -4.66451e+001  5.36400e+000  5.07667e+002
          4893  4.97145e+002  4.89300e+003 -4.66367e+001  5.36300e+000  5.07750e+002
          4894  4.97222e+002  4.89400e+003 -4.66285e+001  5.36200e+000  5.07833e+002
          4895  4.97314e+002  4.89500e+003 -4.66192e+001  5.36100e+000  5.07917e+002
          4896  4.97397e+002  4.89600e+003 -4.66128e+001  5.36000e+000  5.08000e+002
          4897  4.97477e+002  4.89700e+003 -4.66055e+001  5.35900e+000  5.08083e+002
          4898  4.97549e+002  4.89800e+003 -4.65981e+001  5.35800e+000  5.08167e+002
          4899  4.97638e+002  4.89900e+003 -4.65910e+001  5.35700e+000  5.08250e+002
          4900  4.97719e+002  4.90000e+003 -4.65830e+001  5.35600e+000  5.08333e+002
          4901  4.97802e+002  4.90100e+003 -4.65741e+001  5.35500e+000  5.08417e+002
          4902  4.97885e+002  4.90200e+003 -4.65643e+001  5.35400e+000  5.08500e+002
          4903  4.97970e+002  4.90300e+003 -4.65558e+001  5.35300e+000  5.08583e+002
          4904  4.98057e+002  4.90400e+003 -4.65458e+001  5.35200e+000  5.08667e+002
          4905  4.98137e+002  4.90500e+003 -4.65387e+001  5.35100e+000  5.08750e+002
          4906  4.98221e+002  4.90600e+003 -4.65335e+001  5.35000e+000  5.08833e+002
          4907  4.98302e+002  4.90700e+003 -4.65292e+001  5.34900e+000  5.08917e+002
          4908  4.98391e+002  4.90800e+003 -4.65234e+001  5.34800e+000  5.09000e+002
          4909  4.98469e+002  4.90900e+003 -4.65164e+001  5.34700e+000  5.09083e+002
          4910  4.98552e+002  4.91000e+003 -4.65092e+001  5.34600e+000  5.09167e+002
          4911  4.98631e+002  4.91100e+003 -4.65025e+001  5.34500e+000  5.09250e+002
          4912  4.98713e+002  4.91200e+003 -4.64988e+001  5.34400e+000  5.09333e+002
          4913  4.98800e+002  4.91300e+003 -4.64934e+001  5.34300e+000  5.09417e+002
          4914  4.98872e+002  4.91400e+003 -4.64873e+001  5.34200e+000  5.09500e+002
          4915  4.98959e+002  4.91500e+003 -4.64808e+001  5.34100e+000  5.09583e+002
          4916  4.99050e+002  4.91600e+003 -4.64746e+001  5.34000e+000  5.09667e+002
          4917  4.99131e+002  4.91700e+003 -4.64676e+001  5.33900e+000  5.09750e+002
          4918  4.99203e+002  4.91800e+003 -4.64607e+001  5.33800e+000  5.09833e+002
          4919  4.99293e+002  4.91900e+003 -4.64536e+001  5.33700e+000  5.09917e+002
          4920  4.99375e+002  4.92000e+003 -4.64440e+001  5.33600e+000  5.10000e+002
          4921  4.99456e+002  4.92100e+003 -4.64351e+001  5.33500e+000  5.10083e+002
          4922  4.99537e+002  4.92200e+003 -4.64258e+001  5.33400e+000  5.10167e+002
          4923  4.99625e+002  4.92300e+003 -4.64171e+001  5.33300e+000  5.10250e+002
          4924  4.99706e+002  4.92400e+003 -4.64066e+001  5.33200e+000  5.10333e+002
          4925  4.99792e+002  4.92500e+003 -4.63976e+001  5.33100e+000  5.10417e+002
          4926  4.99875e+002  4.92600e+003 -4.63885e+001  5.33000e+000  5.10500e+002
          4927  4.99951e+002  4.92700e+003 -4.63791e+001  5.32900e+000  5.10583e+002
          4928  5.00041e+002  4.92800e+003 -4.63684e+001  5.32800e+000  5.10667e+002
          4929  5.00119e+002  4.92900e+003 -4.63596e+001  5.32700e+000  5.10750e+002
          4930  5.00196e+002  4.93000e+003 -4.63516e+001  5.32600e+000  5.10833e+002
          4931  5.00290e+002  4.93100e+003 -4.63431e+001  5.32500e+000  5.10917e+002
          4932  5.00361e+002  4.93200e+003 -4.63362e+001  5.32400e+000  5.11000e+002
          4933  5.00444e+002  4.93300e+003 -4.63277e+001  5.32300e+000  5.11083e+002
          4934  5.00535e+002  4.93400e+003 -4.63180e+001  5.32200e+000  5.11167e+002
          4935  5.00618e+002  4.93500e+003 -4.63074e+001  5.32100e+000  5.11250e+002
          4936  5.00699e+002  4.93600e+003 -4.62984e+001  5.32000e+000  5.11333e+002
          4937  5.00779e+002  4.93700e+003 -4.62880e+001  5.31900e+000  5.11417e+002
          4938  5.00858e+002  4.93800e+003 -4.62770e+001  5.31800e+000  5.11500e+002
          4939  5.00957e+002  4.93900e+003 -4.62671e+001  5.31700e+000  5.11583e+002
          4940  5.01033e+002  4.94000e+003 -4.62553e+001  5.31600e+000  5.11667e+002
          4941  5.01117e+002  4.94100e+003 -4.62448e+001  5.31500e+000  5.11750e+002
          4942  5.01199e+002  4.94200e+003 -4.62351e+001  5.31400e+000  5.11833e+002
          4943  5.01283e+002  4.94300e+003 -4.62257e+001  5.31300e+000  5.11917e+002
          4944  5.01360e+002  4.94400e+003 -4.62145e+001  5.31200e+000  5.12000e+002
          4945  5.01442e+002  4.94500e+003 -4.62032e+001  5.31100e+000  5.12083e+002
          4946  5.01534e+002  4.94600e+003 -4.61916e+001  5.31000e+000  5.12167e+002
          4947  5.01613e+002  4.94700e+003 -4.61788e+001  5.30900e+000  5.12250e+002
          4948  5.01696e+002  4.94800e+003 -4.61697e+001  5.30797e+000  5.12333e+002
          4949  5.01776e+002  4.94900e+003 -4.61596e+001  5.30688e+000  5.12417e+002
          4950  5.01855e+002  4.95000e+003 -4.61484e+001  5.30578e+000  5.12500e+002
          4951  5.01939e+002  4.95100e+003 -4.61355e+001  5.30467e+000  5.12583e+002
          4952  5.02025e+002  4.95200e+003 -4.61206e+001  5.30350e+000  5.12667e+002
          4953  5.02106e+002  4.95300e+003 -4.61078e+001  5.30238e+000  5.12750e+002
          4954  5.02190e+002  4.95400e+003 -4.60955e+001  5.30128e+000  5.12833e+002
          4955  5.02270e+002  4.95500e+003 -4.60841e+001  5.30019e+000  5.12917e+002
          4956  5.02356e+002  4.95600e+003 -4.60691e+001  5.29914e+000  5.13000e+002
          4957  5.02432e+002  4.95700e+003 -4.60579e+001  5.29810e+000  5.13083e+002
          4958  5.02515e+002  4.95800e+003 -4.60477e+001  5.29705e+000  5.13167e+002
          4959  5.02599e+002  4.95900e+003 -4.60370e+001  5.29602e+000  5.13250e+002
          4960  5.02684e+002  4.96000e+003 -4.60266e+001  5.29503e+000  5.13333e+002
          4961  5.02767e+002  4.96100e+003 -4.60159e+001  5.29402e+000  5.13417e+002
          4962  5.02845e+002  4.96200e+003 -4.60049e+001  5.29301e+000  5.13500e+002
          4963  5.02924e+002  4.96300e+003 -4.59935e+001  5.29200e+000  5.13583e+002
          4964  5.03010e+002  4.96400e+003 -4.59859e+001  5.29100e+000  5.13667e+002
          4965  5.03099e+002  4.96500e+003 -4.59755e+001  5.29000e+000  5.13750e+002
          4966  5.03170e+002  4.96600e+003 -4.59649e+001  5.28900e+000  5.13833e+002
          4967  5.03253e+002  4.96700e+003 -4.59546e+001  5.28800e+000  5.13917e+002
          4968  5.03333e+002  4.96800e+003 -4.59417e+001  5.28700e+000  5.14000e+002
          4969  5.03423e+002  4.96900e+003 -4.59313e+001  5.28600e+000  5.14083e+002
          4970  5.03504e+002  4.97000e+003 -4.59214e+001  5.28500e+000  5.14167e+002
          4971  5.03582e+002  4.97100e+003 -4.59109e+001  5.28400e+000  5.14250e+002
          4972  5.03670e+002  4.97200e+003 -4.58985e+001  5.28300e+000  5.14333e+002
          4973  5.03754e+002  4.97300e+003 -4.58866e+001  5.28200e+000  5.14417e+002
          4974  5.03830e+002  4.97400e+003 -4.58742e+001  5.28100e+000  5.14500e+002
          4975  5.03917e+002  4.97500e+003 -4.58627e+001  5.28000e+000  5.14583e+002
          4976  5.04001e+002  4.97600e+003 -4.58533e+001  5.27900e+000  5.14667e+002
          4977  5.04090e+002  4.97700e+003 -4.58415e+001  5.27797e+000  5.14750e+002
          4978  5.04167e+002  4.97800e+003 -4.58304e+001  5.27688e+000  5.14833e+002
          4979  5.04248e+002  4.97900e+003 -4.58185e+001  5.27578e+000  5.14917e+002
          4980  5.04339e+002  4.98000e+003 -4.58033e+001  5.27464e+000  5.15000e+002
          4981  5.04416e+002  4.98100e+003 -4.57896e+001  5.27352e+000  5.15083e+002
          4982  5.04498e+002  4.98200e+003 -4.57765e+001  5.27241e+000  5.15167e+002
          4983  5.04585e+002  4.98300e+003 -4.57647e+001  5.27131e+000  5.15250e+002
          4984  5.04670e+002  4.98400e+003 -4.57519e+001  5.27022e+000  5.15333e+002
          4985  5.04747e+002  4.98500e+003 -4.57392e+001  5.26914e+000  5.15417e+002
          4986  5.04831e+002  4.98600e+003 -4.57263e+001  5.26808e+000  5.15500e+002
          4987  5.04916e+002  4.98700e+003 -4.57115e+001  5.26703e+000  5.15583e+002
          4988  5.04992e+002  4.98800e+003 -4.56958e+001  5.26604e+000  5.15667e+002
          4989  5.05080e+002  4.98900e+003 -4.56814e+001  5.26503e+000  5.15750e+002
          4990  5.05159e+002  4.99000e+003 -4.56677e+001  5.26401e+000  5.15833e+002
          4991  5.05243e+002  4.99100e+003 -4.56544e+001  5.26300e+000  5.15917e+002
          4992  5.05328e+002  4.99200e+003 -4.56426e+001  5.26201e+000  5.16000e+002
          4993  5.05410e+002  4.99300e+003 -4.56294e+001  5.26100e+000  5.16083e+002
          4994  5.05493e+002  4.99400e+003 -4.56158e+001  5.26000e+000  5.16167e+002
          4995  5.05579e+002  4.99500e+003 -4.56022e+001  5.25900e+000  5.16250e+002
          4996  5.05666e+002  4.99600e+003 -4.55870e+001  5.25800e+000  5.16333e+002
          4997  5.05748e+002  4.99700e+003 -4.55733e+001  5.25700e+000  5.16417e+002
          4998  5.05823e+002  4.99800e+003 -4.55590e+001  5.25597e+000  5.16500e+002
          4999  5.05902e+002  4.99900e+003 -4.55456e+001  5.25489e+000  5.16583e+002
          5000  5.05986e+002  5.00000e+003 -4.55348e+001  5.25377e+000  5.16667e+002
          5001  5.06077e+002  5.00100e+003 -4.55218e+001  5.25265e+000  5.16750e+002
          5002  5.06160e+002  5.00200e+003 -4.55088e+001  5.25154e+000  5.16833e+002
          5003  5.06239e+002  5.00300e+003 -4.54960e+001  5.25043e+000  5.16917e+002
          5004  5.06321e+002  5.00400e+003 -4.54837e+001  5.24929e+000  5.17000e+002
          5005  5.06403e+002  5.00500e+003 -4.54719e+001  5.24819e+000  5.17083e+002
          5006  5.06491e+002  5.00600e+003 -4.54589e+001  5.24711e+000  5.17167e+002
          5007  5.06573e+002  5.00700e+003 -4.54448e+001  5.24605e+000  5.17250e+002
          5008  5.06657e+002  5.00800e+003 -4.54304e+001  5.24506e+000  5.17333e+002
          5009  5.06736e+002  5.00900e+003 -4.54174e+001  5.24404e+000  5.17417e+002
          5010  5.06819e+002  5.01000e+003 -4.54040e+001  5.24302e+000  5.17500e+002
          5011  5.06903e+002  5.01100e+003 -4.53909e+001  5.24201e+000  5.17583e+002
          5012  5.06980e+002  5.01200e+003 -4.53761e+001  5.24098e+000  5.17667e+002
          5013  5.07069e+002  5.01300e+003 -4.53613e+001  5.23989e+000  5.17750e+002
          5014  5.07144e+002  5.01400e+003 -4.53479e+001  5.23878e+000  5.17833e+002
          5015  5.07235e+002  5.01500e+003 -4.53353e+001  5.23767e+000  5.17917e+002
          5016  5.07315e+002  5.01600e+003 -4.53162e+001  5.23650e+000  5.18000e+002
          5017  5.07406e+002  5.01700e+003 -4.52995e+001  5.23538e+000  5.18083e+002
          5018  5.07476e+002  5.01800e+003 -4.52835e+001  5.23428e+000  5.18167e+002
          5019  5.07565e+002  5.01900e+003 -4.52693e+001  5.23319e+000  5.18250e+002
          5020  5.07655e+002  5.02000e+003 -4.52540e+001  5.23214e+000  5.18333e+002
          5021  5.07736e+002  5.02100e+003 -4.52388e+001  5.23110e+000  5.18417e+002
          5022  5.07822e+002  5.02200e+003 -4.52233e+001  5.23005e+000  5.18500e+002
          5023  5.07895e+002  5.02300e+003 -4.52083e+001  5.22902e+000  5.18583e+002
          5024  5.07982e+002  5.02400e+003 -4.51930e+001  5.22803e+000  5.18667e+002
          5025  5.08062e+002  5.02500e+003 -4.51774e+001  5.22699e+000  5.18750e+002
          5026  5.08148e+002  5.02600e+003 -4.51621e+001  5.22589e+000  5.18833e+002
          5027  5.08228e+002  5.02700e+003 -4.51478e+001  5.22478e+000  5.18917e+002
          5028  5.08317e+002  5.02800e+003 -4.51371e+001  5.22364e+000  5.19000e+002
          5029  5.08395e+002  5.02900e+003 -4.51238e+001  5.22252e+000  5.19083e+002
          5030  5.08478e+002  5.03000e+003 -4.51091e+001  5.22141e+000  5.19167e+002
          5031  5.08565e+002  5.03100e+003 -4.50945e+001  5.22031e+000  5.19250e+002
          5032  5.08646e+002  5.03200e+003 -4.50809e+001  5.21922e+000  5.19333e+002
          5033  5.08739e+002  5.03300e+003 -4.50678e+001  5.21814e+000  5.19417e+002
          5034  5.08809e+002  5.03400e+003 -4.50529e+001  5.21708e+000  5.19500e+002
          5035  5.08890e+002  5.03500e+003 -4.50372e+001  5.21603e+000  5.19583e+002
          5036  5.08972e+002  5.03600e+003 -4.50253e+001  5.21493e+000  5.19667e+002
          5037  5.09062e+002  5.03700e+003 -4.50119e+001  5.21381e+000  5.19750e+002
          5038  5.09151e+002  5.03800e+003 -4.49978e+001  5.21268e+000  5.19833e+002
          5039  5.09238e+002  5.03900e+003 -4.49828e+001  5.21156e+000  5.19917e+002
          5040  5.09319e+002  5.04000e+003 -4.49653e+001  5.21036e+000  5.20000e+002
          5041  5.09407e+002  5.04100e+003 -4.49477e+001  5.20924e+000  5.20083e+002
          5042  5.09486e+002  5.04200e+003 -4.49304e+001  5.20814e+000  5.20167e+002
          5043  5.09565e+002  5.04300e+003 -4.49137e+001  5.20706e+000  5.20250e+002
          5044  5.09649e+002  5.04400e+003 -4.48978e+001  5.20607e+000  5.20333e+002
          5045  5.09732e+002  5.04500e+003 -4.48818e+001  5.20502e+000  5.20417e+002
          5046  5.09816e+002  5.04600e+003 -4.48656e+001  5.20391e+000  5.20500e+002
          5047  5.09898e+002  5.04700e+003 -4.48490e+001  5.20278e+000  5.20583e+002
          5048  5.09990e+002  5.04800e+003 -4.48290e+001  5.20165e+000  5.20667e+002
          5049  5.10069e+002  5.04900e+003 -4.48100e+001  5.20053e+000  5.20750e+002
          5050  5.10153e+002  5.05000e+003 -4.47921e+001  5.19941e+000  5.20833e+002
          5051  5.10235e+002  5.05100e+003 -4.47751e+001  5.19831e+000  5.20917e+002
          5052  5.10312e+002  5.05200e+003 -4.47606e+001  5.19722e+000  5.21000e+002
          5053  5.10392e+002  5.05300e+003 -4.47439e+001  5.19614e+000  5.21083e+002
          5054  5.10483e+002  5.05400e+003 -4.47271e+001  5.19508e+000  5.21167e+002
          5055  5.10563e+002  5.05500e+003 -4.47099e+001  5.19403e+000  5.21250e+002
          5056  5.10649e+002  5.05600e+003 -4.46893e+001  5.19293e+000  5.21333e+002
          5057  5.10731e+002  5.05700e+003 -4.46710e+001  5.19181e+000  5.21417e+002
          5058  5.10821e+002  5.05800e+003 -4.46536e+001  5.19068e+000  5.21500e+002
          5059  5.10899e+002  5.05900e+003 -4.46365e+001  5.18956e+000  5.21583e+002
          5060  5.10982e+002  5.06000e+003 -4.46221e+001  5.18836e+000  5.21667e+002
          5061  5.11061e+002  5.06100e+003 -4.46052e+001  5.18724e+000  5.21750e+002
          5062  5.11152e+002  5.06200e+003 -4.45873e+001  5.18614e+000  5.21833e+002
          5063  5.11230e+002  5.06300e+003 -4.45698e+001  5.18506e+000  5.21917e+002
          5064  5.11318e+002  5.06400e+003 -4.45490e+001  5.18396e+000  5.22000e+002
          5065  5.11405e+002  5.06500e+003 -4.45304e+001  5.18283e+000  5.22083e+002
          5066  5.11484e+002  5.06600e+003 -4.45138e+001  5.18169e+000  5.22167e+002
          5067  5.11563e+002  5.06700e+003 -4.44972e+001  5.18056e+000  5.22250e+002
          5068  5.11656e+002  5.06800e+003 -4.44807e+001  5.17937e+000  5.22333e+002
          5069  5.11736e+002  5.06900e+003 -4.44630e+001  5.17824e+000  5.22417e+002
          5070  5.11819e+002  5.07000e+003 -4.44437e+001  5.17715e+000  5.22500e+002
          5071  5.11897e+002  5.07100e+003 -4.44237e+001  5.17606e+000  5.22583e+002
          5072  5.11985e+002  5.07200e+003 -4.44045e+001  5.17496e+000  5.22667e+002
          5073  5.12069e+002  5.07300e+003 -4.43877e+001  5.17383e+000  5.22750e+002
          5074  5.12154e+002  5.07400e+003 -4.43717e+001  5.17269e+000  5.22833e+002
          5075  5.12236e+002  5.07500e+003 -4.43548e+001  5.17156e+000  5.22917e+002
          5076  5.12313e+002  5.07600e+003 -4.43337e+001  5.17037e+000  5.23000e+002
          5077  5.12402e+002  5.07700e+003 -4.43134e+001  5.16924e+000  5.23083e+002
          5078  5.12477e+002  5.07800e+003 -4.42949e+001  5.16812e+000  5.23167e+002
          5079  5.12565e+002  5.07900e+003 -4.42773e+001  5.16695e+000  5.23250e+002
          5080  5.12654e+002  5.08000e+003 -4.42596e+001  5.16584e+000  5.23333e+002
          5081  5.12737e+002  5.08100e+003 -4.42403e+001  5.16470e+000  5.23417e+002
          5082  5.12810e+002  5.08200e+003 -4.42217e+001  5.16357e+000  5.23500e+002
          5083  5.12899e+002  5.08300e+003 -4.42043e+001  5.16244e+000  5.23583e+002
          5084  5.12979e+002  5.08400e+003 -4.41853e+001  5.16130e+000  5.23667e+002
          5085  5.13072e+002  5.08500e+003 -4.41677e+001  5.16017e+000  5.23750e+002
          5086  5.13152e+002  5.08600e+003 -4.41507e+001  5.15900e+000  5.23833e+002
          5087  5.13228e+002  5.08700e+003 -4.41326e+001  5.15783e+000  5.23917e+002
          5088  5.13310e+002  5.08800e+003 -4.41180e+001  5.15669e+000  5.24000e+002
          5089  5.13390e+002  5.08900e+003 -4.41012e+001  5.15556e+000  5.24083e+002
          5090  5.13478e+002  5.09000e+003 -4.40834e+001  5.15443e+000  5.24167e+002
          5091  5.13563e+002  5.09100e+003 -4.40658e+001  5.15331e+000  5.24250e+002
          5092  5.13639e+002  5.09200e+003 -4.40481e+001  5.15220e+000  5.24333e+002
          5093  5.13729e+002  5.09300e+003 -4.40305e+001  5.15103e+000  5.24417e+002
          5094  5.13807e+002  5.09400e+003 -4.40123e+001  5.14986e+000  5.24500e+002
          5095  5.13891e+002  5.09500e+003 -4.39933e+001  5.14870e+000  5.24583e+002
          5096  5.13975e+002  5.09600e+003 -4.39728e+001  5.14754e+000  5.24667e+002
          5097  5.14059e+002  5.09700e+003 -4.39539e+001  5.14638e+000  5.24750e+002
          5098  5.14144e+002  5.09800e+003 -4.39349e+001  5.14517e+000  5.24833e+002
          5099  5.14223e+002  5.09900e+003 -4.39158e+001  5.14397e+000  5.24917e+002
          5100  5.14311e+002  5.10000e+003 -4.38981e+001  5.14279e+000  5.25000e+002
          5101  5.14387e+002  5.10100e+003 -4.38804e+001  5.14162e+000  5.25083e+002
          5102  5.14474e+002  5.10200e+003 -4.38646e+001  5.14047e+000  5.25167e+002
          5103  5.14553e+002  5.10300e+003 -4.38485e+001  5.13933e+000  5.25250e+002
          5104  5.14648e+002  5.10400e+003 -4.38299e+001  5.13822e+000  5.25333e+002
          5105  5.14731e+002  5.10500e+003 -4.38113e+001  5.13704e+000  5.25417e+002
          5106  5.14808e+002  5.10600e+003 -4.37923e+001  5.13587e+000  5.25500e+002
          5107  5.14893e+002  5.10700e+003 -4.37732e+001  5.13470e+000  5.25583e+002
          5108  5.14978e+002  5.10800e+003 -4.37551e+001  5.13354e+000  5.25667e+002
          5109  5.15063e+002  5.10900e+003 -4.37378e+001  5.13241e+000  5.25750e+002
          5110  5.15151e+002  5.11000e+003 -4.37203e+001  5.13126e+000  5.25833e+002
          5111  5.15224e+002  5.11100e+003 -4.37021e+001  5.13008e+000  5.25917e+002
          5112  5.15312e+002  5.11200e+003 -4.36816e+001  5.12892e+000  5.26000e+002
          5113  5.15396e+002  5.11300e+003 -4.36616e+001  5.12775e+000  5.26083e+002
          5114  5.15479e+002  5.11400e+003 -4.36417e+001  5.12660e+000  5.26167e+002
          5115  5.15559e+002  5.11500e+003 -4.36221e+001  5.12545e+000  5.26250e+002
          5116  5.15639e+002  5.11600e+003 -4.36012e+001  5.12420e+000  5.26333e+002
          5117  5.15720e+002  5.11700e+003 -4.35824e+001  5.12299e+000  5.26417e+002
          5118  5.15809e+002  5.11800e+003 -4.35642e+001  5.12179e+000  5.26500e+002
          5119  5.15891e+002  5.11900e+003 -4.35462e+001  5.12061e+000  5.26583e+002
          5120  5.15973e+002  5.12000e+003 -4.35267e+001  5.11942e+000  5.26667e+002
          5121  5.16058e+002  5.12100e+003 -4.35065e+001  5.11825e+000  5.26750e+002
          5122  5.16140e+002  5.12200e+003 -4.34862e+001  5.11704e+000  5.26833e+002
          5123  5.16218e+002  5.12300e+003 -4.34650e+001  5.11585e+000  5.26917e+002
          5124  5.16301e+002  5.12400e+003 -4.34456e+001  5.11472e+000  5.27000e+002
          5125  5.16385e+002  5.12500e+003 -4.34264e+001  5.11357e+000  5.27083e+002
          5126  5.16465e+002  5.12600e+003 -4.34060e+001  5.11241e+000  5.27167e+002
          5127  5.16548e+002  5.12700e+003 -4.33847e+001  5.11121e+000  5.27250e+002
          5128  5.16643e+002  5.12800e+003 -4.33612e+001  5.11000e+000  5.27333e+002
          5129  5.16726e+002  5.12900e+003 -4.33406e+001  5.10880e+000  5.27417e+002
          5130  5.16804e+002  5.13000e+003 -4.33208e+001  5.10763e+000  5.27500e+002
          5131  5.16884e+002  5.13100e+003 -4.32995e+001  5.10647e+000  5.27583e+002
          5132  5.16968e+002  5.13200e+003 -4.32751e+001  5.10522e+000  5.27667e+002
          5133  5.17052e+002  5.13300e+003 -4.32538e+001  5.10400e+000  5.27750e+002
          5134  5.17128e+002  5.13400e+003 -4.32335e+001  5.10280e+000  5.27833e+002
          5135  5.17219e+002  5.13500e+003 -4.32128e+001  5.10161e+000  5.27917e+002
          5136  5.17298e+002  5.13600e+003 -4.31915e+001  5.10039e+000  5.28000e+002
          5137  5.17378e+002  5.13700e+003 -4.31702e+001  5.09916e+000  5.28083e+002
          5138  5.17464e+002  5.13800e+003 -4.31486e+001  5.09794e+000  5.28167e+002
          5139  5.17548e+002  5.13900e+003 -4.31260e+001  5.09673e+000  5.28250e+002
          5140  5.17640e+002  5.14000e+003 -4.31046e+001  5.09558e+000  5.28333e+002
          5141  5.17722e+002  5.14100e+003 -4.30824e+001  5.09440e+000  5.28417e+002
          5142  5.17801e+002  5.14200e+003 -4.30601e+001  5.09319e+000  5.28500e+002
          5143  5.17887e+002  5.14300e+003 -4.30381e+001  5.09197e+000  5.28583e+002
          5144  5.17967e+002  5.14400e+003 -4.30165e+001  5.09079e+000  5.28667e+002
          5145  5.18055e+002  5.14500e+003 -4.29935e+001  5.08960e+000  5.28750e+002
          5146  5.18130e+002  5.14600e+003 -4.29686e+001  5.08835e+000  5.28833e+002
          5147  5.18219e+002  5.14700e+003 -4.29444e+001  5.08711e+000  5.28917e+002
          5148  5.18309e+002  5.14800e+003 -4.29190e+001  5.08588e+000  5.29000e+002
          5149  5.18382e+002  5.14900e+003 -4.28957e+001  5.08468e+000  5.29083e+002
          5150  5.18473e+002  5.15000e+003 -4.28721e+001  5.08348e+000  5.29167e+002
          5151  5.18553e+002  5.15100e+003 -4.28474e+001  5.08223e+000  5.29250e+002
          5152  5.18635e+002  5.15200e+003 -4.28243e+001  5.08103e+000  5.29333e+002
          5153  5.18718e+002  5.15300e+003 -4.28007e+001  5.07983e+000  5.29417e+002
          5154  5.18799e+002  5.15400e+003 -4.27775e+001  5.07864e+000  5.29500e+002
          5155  5.18886e+002  5.15500e+003 -4.27544e+001  5.07747e+000  5.29583e+002
          5156  5.18966e+002  5.15600e+003 -4.27309e+001  5.07623e+000  5.29667e+002
          5157  5.19050e+002  5.15700e+003 -4.27073e+001  5.07500e+000  5.29750e+002
          5158  5.19137e+002  5.15800e+003 -4.26839e+001  5.07380e+000  5.29833e+002
          5159  5.19221e+002  5.15900e+003 -4.26608e+001  5.07261e+000  5.29917e+002
          5160  5.19295e+002  5.16000e+003 -4.26355e+001  5.07131e+000  5.30000e+002
          5161  5.19382e+002  5.16100e+003 -4.26127e+001  5.07006e+000  5.30083e+002
          5162  5.19462e+002  5.16200e+003 -4.25912e+001  5.06883e+000  5.30167e+002
          5163  5.19548e+002  5.16300e+003 -4.25704e+001  5.06762e+000  5.30250e+002
          5164  5.19630e+002  5.16400e+003 -4.25492e+001  5.06633e+000  5.30333e+002
          5165  5.19722e+002  5.16500e+003 -4.25281e+001  5.06507e+000  5.30417e+002
          5166  5.19805e+002  5.16600e+003 -4.25059e+001  5.06384e+000  5.30500e+002
          5167  5.19879e+002  5.16700e+003 -4.24835e+001  5.06262e+000  5.30583e+002
          5168  5.19975e+002  5.16800e+003 -4.24645e+001  5.06133e+000  5.30667e+002
          5169  5.20057e+002  5.16900e+003 -4.24439e+001  5.06007e+000  5.30750e+002
          5170  5.20130e+002  5.17000e+003 -4.24230e+001  5.05884e+000  5.30833e+002
          5171  5.20218e+002  5.17100e+003 -4.24020e+001  5.05762e+000  5.30917e+002
          5172  5.20298e+002  5.17200e+003 -4.23817e+001  5.05633e+000  5.31000e+002
          5173  5.20382e+002  5.17300e+003 -4.23601e+001  5.05507e+000  5.31083e+002
          5174  5.20466e+002  5.17400e+003 -4.23372e+001  5.05384e+000  5.31167e+002
          5175  5.20549e+002  5.17500e+003 -4.23139e+001  5.05263e+000  5.31250e+002
          5176  5.20631e+002  5.17600e+003 -4.22879e+001  5.05133e+000  5.31333e+002
          5177  5.20717e+002  5.17700e+003 -4.22643e+001  5.05007e+000  5.31417e+002
          5178  5.20806e+002  5.17800e+003 -4.22406e+001  5.04881e+000  5.31500e+002
          5179  5.20879e+002  5.17900e+003 -4.22169e+001  5.04751e+000  5.31583e+002
          5180  5.20962e+002  5.18000e+003 -4.21898e+001  5.04621e+000  5.31667e+002
          5181  5.21044e+002  5.18100e+003 -4.21643e+001  5.04494e+000  5.31750e+002
          5182  5.21129e+002  5.18200e+003 -4.21396e+001  5.04368e+000  5.31833e+002
          5183  5.21215e+002  5.18300e+003 -4.21150e+001  5.04239e+000  5.31917e+002
          5184  5.21298e+002  5.18400e+003 -4.20881e+001  5.04114e+000  5.32000e+002
          5185  5.21382e+002  5.18500e+003 -4.20617e+001  5.03990e+000  5.32083e+002
          5186  5.21465e+002  5.18600e+003 -4.20358e+001  5.03866e+000  5.32167e+002
          5187  5.21556e+002  5.18700e+003 -4.20101e+001  5.03738e+000  5.32250e+002
          5188  5.21634e+002  5.18800e+003 -4.19874e+001  5.03612e+000  5.32333e+002
          5189  5.21719e+002  5.18900e+003 -4.19645e+001  5.03489e+000  5.32417e+002
          5190  5.21806e+002  5.19000e+003 -4.19413e+001  5.03365e+000  5.32500e+002
          5191  5.21885e+002  5.19100e+003 -4.19169e+001  5.03238e+000  5.32583e+002
          5192  5.21976e+002  5.19200e+003 -4.18915e+001  5.03112e+000  5.32667e+002
          5193  5.22054e+002  5.19300e+003 -4.18662e+001  5.02986e+000  5.32750e+002
          5194  5.22133e+002  5.19400e+003 -4.18411e+001  5.02856e+000  5.32833e+002
          5195  5.22225e+002  5.19500e+003 -4.18158e+001  5.02726e+000  5.32917e+002
          5196  5.22301e+002  5.19600e+003 -4.17913e+001  5.02599e+000  5.33000e+002
          5197  5.22391e+002  5.19700e+003 -4.17652e+001  5.02472e+000  5.33083e+002
          5198  5.22471e+002  5.19800e+003 -4.17386e+001  5.02343e+000  5.33167e+002
          5199  5.22550e+002  5.19900e+003 -4.17115e+001  5.02214e+000  5.33250e+002
          5200  5.22633e+002  5.20000e+003 -4.16798e+001  5.02089e+000  5.33333e+002
          5201  5.22714e+002  5.20100e+003 -4.16524e+001  5.01959e+000  5.33417e+002
          5202  5.22800e+002  5.20200e+003 -4.16254e+001  5.01829e+000  5.33500e+002
          5203  5.22887e+002  5.20300e+003 -4.15981e+001  5.01702e+000  5.33583e+002
          5204  5.22964e+002  5.20400e+003 -4.15702e+001  5.01574e+000  5.33667e+002
          5205  5.23056e+002  5.20500e+003 -4.15413e+001  5.01444e+000  5.33750e+002
          5206  5.23136e+002  5.20600e+003 -4.15133e+001  5.01315e+000  5.33833e+002
          5207  5.23221e+002  5.20700e+003 -4.14866e+001  5.01189e+000  5.33917e+002
          5208  5.23301e+002  5.20800e+003 -4.14589e+001  5.01066e+000  5.34000e+002
          5209  5.23389e+002  5.20900e+003 -4.14334e+001  5.00939e+000  5.34083e+002
          5210  5.23469e+002  5.21000e+003 -4.14090e+001  5.00812e+000  5.34167e+002
          5211  5.23557e+002  5.21100e+003 -4.13843e+001  5.00688e+000  5.34250e+002
          5212  5.23630e+002  5.21200e+003 -4.13587e+001  5.00557e+000  5.34333e+002
          5213  5.23714e+002  5.21300e+003 -4.13316e+001  5.00427e+000  5.34417e+002
          5214  5.23794e+002  5.21400e+003 -4.13034e+001  5.00298e+000  5.34500e+002
          5215  5.23881e+002  5.21500e+003 -4.12755e+001  5.00165e+000  5.34583e+002
          5216  5.23969e+002  5.21600e+003 -4.12531e+001  5.00030e+000  5.34667e+002
          5217  5.24050e+002  5.21700e+003 -4.12272e+001  4.99898e+000  5.34750e+002
          5218  5.24135e+002  5.21800e+003 -4.12006e+001  4.99763e+000  5.34833e+002
          5219  5.24218e+002  5.21900e+003 -4.11733e+001  4.99629e+000  5.34917e+002
          5220  5.24299e+002  5.22000e+003 -4.11455e+001  4.99500e+000  5.35000e+002
          5221  5.24381e+002  5.22100e+003 -4.11191e+001  4.99366e+000  5.35083e+002
          5222  5.24467e+002  5.22200e+003 -4.10921e+001  4.99234e+000  5.35167e+002
          5223  5.24557e+002  5.22300e+003 -4.10649e+001  4.99103e+000  5.35250e+002
          5224  5.24626e+002  5.22400e+003 -4.10368e+001  4.98968e+000  5.35333e+002
          5225  5.24714e+002  5.22500e+003 -4.10081e+001  4.98835e+000  5.35417e+002
          5226  5.24801e+002  5.22600e+003 -4.09803e+001  4.98702e+000  5.35500e+002
          5227  5.24888e+002  5.22700e+003 -4.09529e+001  4.98567e+000  5.35583e+002
          5228  5.24963e+002  5.22800e+003 -4.09246e+001  4.98432e+000  5.35667e+002
          5229  5.25048e+002  5.22900e+003 -4.08968e+001  4.98299e+000  5.35750e+002
          5230  5.25123e+002  5.23000e+003 -4.08705e+001  4.98164e+000  5.35833e+002
          5231  5.25207e+002  5.23100e+003 -4.08446e+001  4.98030e+000  5.35917e+002
          5232  5.25296e+002  5.23200e+003 -4.08153e+001  4.97900e+000  5.36000e+002
          5233  5.25385e+002  5.23300e+003 -4.07859e+001  4.97766e+000  5.36083e+002
          5234  5.25461e+002  5.23400e+003 -4.07577e+001  4.97634e+000  5.36167e+002
          5235  5.25543e+002  5.23500e+003 -4.07299e+001  4.97503e+000  5.36250e+002
          5236  5.25626e+002  5.23600e+003 -4.07061e+001  4.97368e+000  5.36333e+002
          5237  5.25711e+002  5.23700e+003 -4.06796e+001  4.97235e+000  5.36417e+002
          5238  5.25791e+002  5.23800e+003 -4.06511e+001  4.97103e+000  5.36500e+002
          5239  5.25875e+002  5.23900e+003 -4.06221e+001  4.96967e+000  5.36583e+002
          5240  5.25962e+002  5.24000e+003 -4.05924e+001  4.96832e+000  5.36667e+002
          5241  5.26042e+002  5.24100e+003 -4.05645e+001  4.96699e+000  5.36750e+002
          5242  5.26132e+002  5.24200e+003 -4.05382e+001  4.96564e+000  5.36833e+002
          5243  5.26217e+002  5.24300e+003 -4.05124e+001  4.96430e+000  5.36917e+002
          5244  5.26298e+002  5.24400e+003 -4.04841e+001  4.96292e+000  5.37000e+002
          5245  5.26379e+002  5.24500e+003 -4.04553e+001  4.96156e+000  5.37083e+002
          5246  5.26468e+002  5.24600e+003 -4.04255e+001  4.96020e+000  5.37167e+002
          5247  5.26550e+002  5.24700e+003 -4.03963e+001  4.95881e+000  5.37250e+002
          5248  5.26631e+002  5.24800e+003 -4.03631e+001  4.95741e+000  5.37333e+002
          5249  5.26710e+002  5.24900e+003 -4.03326e+001  4.95605e+000  5.37417e+002
          5250  5.26797e+002  5.25000e+003 -4.03037e+001  4.95467e+000  5.37500e+002
          5251  5.26889e+002  5.25100e+003 -4.02738e+001  4.95331e+000  5.37583e+002
          5252  5.26971e+002  5.25200e+003 -4.02438e+001  4.95202e+000  5.37667e+002
          5253  5.27052e+002  5.25300e+003 -4.02137e+001  4.95067e+000  5.37750e+002
          5254  5.27134e+002  5.25400e+003 -4.01851e+001  4.94932e+000  5.37833e+002
          5255  5.27221e+002  5.25500e+003 -4.01576e+001  4.94792e+000  5.37917e+002
          5256  5.27302e+002  5.25600e+003 -4.01262e+001  4.94656e+000  5.38000e+002
          5257  5.27383e+002  5.25700e+003 -4.00969e+001  4.94520e+000  5.38083e+002
          5258  5.27469e+002  5.25800e+003 -4.00686e+001  4.94381e+000  5.38167e+002
          5259  5.27552e+002  5.25900e+003 -4.00400e+001  4.94244e+000  5.38250e+002
          5260  5.27643e+002  5.26000e+003 -4.00113e+001  4.94101e+000  5.38333e+002
          5261  5.27723e+002  5.26100e+003 -3.99806e+001  4.93962e+000  5.38417e+002
          5262  5.27799e+002  5.26200e+003 -3.99490e+001  4.93824e+000  5.38500e+002
          5263  5.27885e+002  5.26300e+003 -3.99171e+001  4.93683e+000  5.38583e+002
          5264  5.27975e+002  5.26400e+003 -3.98874e+001  4.93543e+000  5.38667e+002
          5265  5.28053e+002  5.26500e+003 -3.98554e+001  4.93406e+000  5.38750e+002
          5266  5.28138e+002  5.26600e+003 -3.98218e+001  4.93268e+000  5.38833e+002
          5267  5.28226e+002  5.26700e+003 -3.97885e+001  4.93131e+000  5.38917e+002
          5268  5.28307e+002  5.26800e+003 -3.97519e+001  4.92994e+000  5.39000e+002
          5269  5.28399e+002  5.26900e+003 -3.97194e+001  4.92857e+000  5.39083e+002
          5270  5.28476e+002  5.27000e+003 -3.96867e+001  4.92721e+000  5.39167e+002
          5271  5.28559e+002  5.27100e+003 -3.96541e+001  4.92581e+000  5.39250e+002
          5272  5.28644e+002  5.27200e+003 -3.96210e+001  4.92439e+000  5.39333e+002
          5273  5.28727e+002  5.27300e+003 -3.95890e+001  4.92296e+000  5.39417e+002
          5274  5.28815e+002  5.27400e+003 -3.95580e+001  4.92157e+000  5.39500e+002
          5275  5.28896e+002  5.27500e+003 -3.95275e+001  4.92020e+000  5.39583e+002
          5276  5.28977e+002  5.27600e+003 -3.94977e+001  4.91880e+000  5.39667e+002
          5277  5.29065e+002  5.27700e+003 -3.94645e+001  4.91740e+000  5.39750e+002
          5278  5.29146e+002  5.27800e+003 -3.94319e+001  4.91598e+000  5.39833e+002
          5279  5.29223e+002  5.27900e+003 -3.93989e+001  4.91458e+000  5.39917e+002
          5280  5.29315e+002  5.28000e+003 -3.93655e+001  4.91310e+000  5.40000e+002
          5281  5.29399e+002  5.28100e+003 -3.93328e+001  4.91168e+000  5.40083e+002
          5282  5.29481e+002  5.28200e+003 -3.92996e+001  4.91027e+000  5.40167e+002
          5283  5.29563e+002  5.28300e+003 -3.92659e+001  4.90884e+000  5.40250e+002
          5284  5.29645e+002  5.28400e+003 -3.92294e+001  4.90742e+000  5.40333e+002
          5285  5.29739e+002  5.28500e+003 -3.91940e+001  4.90599e+000  5.40417e+002
          5286  5.29819e+002  5.28600e+003 -3.91591e+001  4.90458e+000  5.40500e+002
          5287  5.29895e+002  5.28700e+003 -3.91254e+001  4.90320e+000  5.40583e+002
          5288  5.29981e+002  5.28800e+003 -3.90911e+001  4.90181e+000  5.40667e+002
          5289  5.30067e+002  5.28900e+003 -3.90598e+001  4.90040e+000  5.40750e+002
          5290  5.30148e+002  5.29000e+003 -3.90282e+001  4.89898e+000  5.40833e+002
          5291  5.30232e+002  5.29100e+003 -3.89960e+001  4.89758e+000  5.40917e+002
          5292  5.30321e+002  5.29200e+003 -3.89635e+001  4.89610e+000  5.41000e+002
          5293  5.30406e+002  5.29300e+003 -3.89313e+001  4.89468e+000  5.41083e+002
          5294  5.30488e+002  5.29400e+003 -3.88994e+001  4.89327e+000  5.41167e+002
          5295  5.30576e+002  5.29500e+003 -3.88669e+001  4.89184e+000  5.41250e+002
          5296  5.30661e+002  5.29600e+003 -3.88387e+001  4.89042e+000  5.41333e+002
          5297  5.30742e+002  5.29700e+003 -3.88085e+001  4.88899e+000  5.41417e+002
          5298  5.30827e+002  5.29800e+003 -3.87776e+001  4.88755e+000  5.41500e+002
          5299  5.30903e+002  5.29900e+003 -3.87465e+001  4.88609e+000  5.41583e+002
          5300  5.30994e+002  5.30000e+003 -3.87126e+001  4.88465e+000  5.41667e+002
          5301  5.31078e+002  5.30100e+003 -3.86812e+001  4.88319e+000  5.41750e+002
          5302  5.31162e+002  5.30200e+003 -3.86494e+001  4.88172e+000  5.41833e+002
          5303  5.31244e+002  5.30300e+003 -3.86180e+001  4.88023e+000  5.41917e+002
          5304  5.31336e+002  5.30400e+003 -3.85851e+001  4.87875e+000  5.42000e+002
          5305  5.31417e+002  5.30500e+003 -3.85515e+001  4.87725e+000  5.42083e+002
          5306  5.31501e+002  5.30600e+003 -3.85175e+001  4.87579e+000  5.42167e+002
          5307  5.31569e+002  5.30700e+003 -3.84840e+001  4.87436e+000  5.42250e+002
          5308  5.31659e+002  5.30800e+003 -3.84508e+001  4.87291e+000  5.42333e+002
          5309  5.31741e+002  5.30900e+003 -3.84173e+001  4.87148e+000  5.42417e+002
          5310  5.31830e+002  5.31000e+003 -3.83822e+001  4.87003e+000  5.42500e+002
          5311  5.31913e+002  5.31100e+003 -3.83460e+001  4.86860e+000  5.42583e+002
          5312  5.31999e+002  5.31200e+003 -3.83076e+001  4.86712e+000  5.42667e+002
          5313  5.32083e+002  5.31300e+003 -3.82735e+001  4.86566e+000  5.42750e+002
          5314  5.32175e+002  5.31400e+003 -3.82389e+001  4.86419e+000  5.42833e+002
          5315  5.32253e+002  5.31500e+003 -3.82029e+001  4.86273e+000  5.42917e+002
          5316  5.32340e+002  5.31600e+003 -3.81677e+001  4.86121e+000  5.43000e+002
          5317  5.32430e+002  5.31700e+003 -3.81345e+001  4.85972e+000  5.43083e+002
          5318  5.32497e+002  5.31800e+003 -3.81026e+001  4.85822e+000  5.43167e+002
          5319  5.32588e+002  5.31900e+003 -3.80703e+001  4.85675e+000  5.43250e+002
          5320  5.32673e+002  5.32000e+003 -3.80407e+001  4.85523e+000  5.43333e+002
          5321  5.32749e+002  5.32100e+003 -3.80091e+001  4.85373e+000  5.43417e+002
          5322  5.32832e+002  5.32200e+003 -3.79756e+001  4.85223e+000  5.43500e+002
          5323  5.32915e+002  5.32300e+003 -3.79413e+001  4.85075e+000  5.43583e+002
          5324  5.33005e+002  5.32400e+003 -3.79080e+001  4.84923e+000  5.43667e+002
          5325  5.33085e+002  5.32500e+003 -3.78743e+001  4.84774e+000  5.43750e+002
          5326  5.33166e+002  5.32600e+003 -3.78403e+001  4.84623e+000  5.43833e+002
          5327  5.33249e+002  5.32700e+003 -3.78067e+001  4.84475e+000  5.43917e+002
          5328  5.33339e+002  5.32800e+003 -3.77717e+001  4.84323e+000  5.44000e+002
          5329  5.33420e+002  5.32900e+003 -3.77368e+001  4.84174e+000  5.44083e+002
          5330  5.33497e+002  5.33000e+003 -3.77023e+001  4.84023e+000  5.44167e+002
          5331  5.33582e+002  5.33100e+003 -3.76699e+001  4.83875e+000  5.44250e+002
          5332  5.33678e+002  5.33200e+003 -3.76284e+001  4.83723e+000  5.44333e+002
          5333  5.33754e+002  5.33300e+003 -3.75909e+001  4.83574e+000  5.44417e+002
          5334  5.33845e+002  5.33400e+003 -3.75536e+001  4.83423e+000  5.44500e+002
          5335  5.33923e+002  5.33500e+003 -3.75172e+001  4.83275e+000  5.44583e+002
          5336  5.34007e+002  5.33600e+003 -3.74821e+001  4.83123e+000  5.44667e+002
          5337  5.34090e+002  5.33700e+003 -3.74445e+001  4.82974e+000  5.44750e+002
          5338  5.34169e+002  5.33800e+003 -3.74066e+001  4.82823e+000  5.44833e+002
          5339  5.34260e+002  5.33900e+003 -3.73690e+001  4.82675e+000  5.44917e+002
          5340  5.34337e+002  5.34000e+003 -3.73330e+001  4.82523e+000  5.45000e+002
          5341  5.34422e+002  5.34100e+003 -3.72965e+001  4.82374e+000  5.45083e+002
          5342  5.34507e+002  5.34200e+003 -3.72589e+001  4.82220e+000  5.45167e+002
          5343  5.34593e+002  5.34300e+003 -3.72207e+001  4.82064e+000  5.45250e+002
          5344  5.34678e+002  5.34400e+003 -3.71816e+001  4.81908e+000  5.45333e+002
          5345  5.34758e+002  5.34500e+003 -3.71455e+001  4.81752e+000  5.45417e+002
          5346  5.34847e+002  5.34600e+003 -3.71090e+001  4.81597e+000  5.45500e+002
          5347  5.34925e+002  5.34700e+003 -3.70717e+001  4.81440e+000  5.45583e+002
          5348  5.35004e+002  5.34800e+003 -3.70387e+001  4.81287e+000  5.45667e+002
          5349  5.35085e+002  5.34900e+003 -3.70045e+001  4.81133e+000  5.45750e+002
          5350  5.35180e+002  5.35000e+003 -3.69688e+001  4.80981e+000  5.45833e+002
          5351  5.35266e+002  5.35100e+003 -3.69307e+001  4.80827e+000  5.45917e+002
          5352  5.35350e+002  5.35200e+003 -3.68936e+001  4.80679e+000  5.46000e+002
          5353  5.35433e+002  5.35300e+003 -3.68555e+001  4.80525e+000  5.46083e+002
          5354  5.35522e+002  5.35400e+003 -3.68175e+001  4.80369e+000  5.46167e+002
          5355  5.35600e+002  5.35500e+003 -3.67803e+001  4.80214e+000  5.46250e+002
          5356  5.35682e+002  5.35600e+003 -3.67418e+001  4.80056e+000  5.46333e+002
          5357  5.35764e+002  5.35700e+003 -3.67035e+001  4.79900e+000  5.46417e+002
          5358  5.35846e+002  5.35800e+003 -3.66654e+001  4.79744e+000  5.46500e+002
          5359  5.35941e+002  5.35900e+003 -3.66279e+001  4.79590e+000  5.46583e+002
          5360  5.36021e+002  5.36000e+003 -3.65855e+001  4.79434e+000  5.46667e+002
          5361  5.36101e+002  5.36100e+003 -3.65457e+001  4.79281e+000  5.46750e+002
          5362  5.36188e+002  5.36200e+003 -3.65069e+001  4.79125e+000  5.46833e+002
          5363  5.36267e+002  5.36300e+003 -3.64688e+001  4.78966e+000  5.46917e+002
          5364  5.36351e+002  5.36400e+003 -3.64304e+001  4.78810e+000  5.47000e+002
          5365  5.36437e+002  5.36500e+003 -3.63903e+001  4.78654e+000  5.47083e+002
          5366  5.36518e+002  5.36600e+003 -3.63510e+001  4.78498e+000  5.47167e+002
          5367  5.36603e+002  5.36700e+003 -3.63121e+001  4.78341e+000  5.47250e+002
          5368  5.36687e+002  5.36800e+003 -3.62723e+001  4.78188e+000  5.47333e+002
          5369  5.36764e+002  5.36900e+003 -3.62323e+001  4.78031e+000  5.47417e+002
          5370  5.36858e+002  5.37000e+003 -3.61932e+001  4.77872e+000  5.47500e+002
          5371  5.36939e+002  5.37100e+003 -3.61533e+001  4.77716e+000  5.47583e+002
          5372  5.37026e+002  5.37200e+003 -3.61119e+001  4.77555e+000  5.47667e+002
          5373  5.37119e+002  5.37300e+003 -3.60711e+001  4.77392e+000  5.47750e+002
          5374  5.37199e+002  5.37400e+003 -3.60309e+001  4.77231e+000  5.47833e+002
          5375  5.37278e+002  5.37500e+003 -3.59909e+001  4.77068e+000  5.47917e+002
          5376  5.37355e+002  5.37600e+003 -3.59519e+001  4.76906e+000  5.48000e+002
          5377  5.37449e+002  5.37700e+003 -3.59114e+001  4.76743e+000  5.48083e+002
          5378  5.37522e+002  5.37800e+003 -3.58700e+001  4.76579e+000  5.48167e+002
          5379  5.37611e+002  5.37900e+003 -3.58293e+001  4.76419e+000  5.48250e+002
          5380  5.37692e+002  5.38000e+003 -3.57893e+001  4.76261e+000  5.48333e+002
          5381  5.37773e+002  5.38100e+003 -3.57514e+001  4.76104e+000  5.48417e+002
          5382  5.37868e+002  5.38200e+003 -3.57128e+001  4.75943e+000  5.48500e+002
          5383  5.37950e+002  5.38300e+003 -3.56737e+001  4.75780e+000  5.48583e+002
          5384  5.38035e+002  5.38400e+003 -3.56354e+001  4.75620e+000  5.48667e+002
          5385  5.38117e+002  5.38500e+003 -3.55971e+001  4.75460e+000  5.48750e+002
          5386  5.38208e+002  5.38600e+003 -3.55577e+001  4.75302e+000  5.48833e+002
          5387  5.38288e+002  5.38700e+003 -3.55190e+001  4.75142e+000  5.48917e+002
          5388  5.38368e+002  5.38800e+003 -3.54823e+001  4.74981e+000  5.49000e+002
          5389  5.38453e+002  5.38900e+003 -3.54430e+001  4.74822e+000  5.49083e+002
          5390  5.38541e+002  5.39000e+003 -3.54043e+001  4.74659e+000  5.49167e+002
          5391  5.38623e+002  5.39100e+003 -3.53659e+001  4.74494e+000  5.49250e+002
          5392  5.38709e+002  5.39200e+003 -3.53228e+001  4.74329e+000  5.49333e+002
          5393  5.38791e+002  5.39300e+003 -3.52822e+001  4.74166e+000  5.49417e+002
          5394  5.38880e+002  5.39400e+003 -3.52413e+001  4.74005e+000  5.49500e+002
          5395  5.38956e+002  5.39500e+003 -3.51999e+001  4.73844e+000  5.49583e+002
          5396  5.39033e+002  5.39600e+003 -3.51582e+001  4.73683e+000  5.49667e+002
          5397  5.39130e+002  5.39700e+003 -3.51172e+001  4.73523e+000  5.49750e+002
          5398  5.39217e+002  5.39800e+003 -3.50753e+001  4.73360e+000  5.49833e+002
          5399  5.39297e+002  5.39900e+003 -3.50331e+001  4.73194e+000  5.49917e+002
          5400  5.39379e+002  5.40000e+003 -3.49904e+001  4.73029e+000  5.50000e+002
          5401  5.39458e+002  5.40100e+003 -3.49485e+001  4.72863e+000  5.50083e+002
          5402  5.39562e+002  5.40200e+003 -3.49073e+001  4.72696e+000  5.50167e+002
          5403  5.39641e+002  5.40300e+003 -3.48674e+001  4.72533e+000  5.50250e+002
          5404  5.39718e+002  5.40400e+003 -3.48247e+001  4.72367e+000  5.50333e+002
          5405  5.39799e+002  5.40500e+003 -3.47823e+001  4.72201e+000  5.50417e+002
          5406  5.39891e+002  5.40600e+003 -3.47397e+001  4.72036e+000  5.50500e+002
          5407  5.39970e+002  5.40700e+003 -3.46967e+001  4.71870e+000  5.50583e+002
          5408  5.40055e+002  5.40800e+003 -3.46583e+001  4.71700e+000  5.50667e+002
          5409  5.40142e+002  5.40900e+003 -3.46178e+001  4.71534e+000  5.50750e+002
          5410  5.40220e+002  5.41000e+003 -3.45761e+001  4.71366e+000  5.50833e+002
          5411  5.40302e+002  5.41100e+003 -3.45339e+001  4.71197e+000  5.50917e+002
          5412  5.40390e+002  5.41200e+003 -3.44926e+001  4.71032e+000  5.51000e+002
          5413  5.40478e+002  5.41300e+003 -3.44495e+001  4.70865e+000  5.51083e+002
          5414  5.40559e+002  5.41400e+003 -3.44071e+001  4.70697e+000  5.51167e+002
          5415  5.40644e+002  5.41500e+003 -3.43664e+001  4.70533e+000  5.51250e+002
          5416  5.40725e+002  5.41600e+003 -3.43249e+001  4.70368e+000  5.51333e+002
          5417  5.40805e+002  5.41700e+003 -3.42823e+001  4.70198e+000  5.51417e+002
          5418  5.40896e+002  5.41800e+003 -3.42395e+001  4.70027e+000  5.51500e+002
          5419  5.40976e+002  5.41900e+003 -3.41963e+001  4.69859e+000  5.51583e+002
          5420  5.41067e+002  5.42000e+003 -3.41521e+001  4.69684e+000  5.51667e+002
          5421  5.41153e+002  5.42100e+003 -3.41096e+001  4.69511e+000  5.51750e+002
          5422  5.41230e+002  5.42200e+003 -3.40677e+001  4.69343e+000  5.51833e+002
          5423  5.41308e+002  5.42300e+003 -3.40239e+001  4.69173e+000  5.51917e+002
          5424  5.41385e+002  5.42400e+003 -3.39833e+001  4.69003e+000  5.52000e+002
          5425  5.41479e+002  5.42500e+003 -3.39411e+001  4.68836e+000  5.52083e+002
          5426  5.41560e+002  5.42600e+003 -3.38976e+001  4.68667e+000  5.52167e+002
          5427  5.41643e+002  5.42700e+003 -3.38548e+001  4.68497e+000  5.52250e+002
          5428  5.41730e+002  5.42800e+003 -3.38095e+001  4.68333e+000  5.52333e+002
          5429  5.41813e+002  5.42900e+003 -3.37659e+001  4.68166e+000  5.52417e+002
          5430  5.41901e+002  5.43000e+003 -3.37225e+001  4.67995e+000  5.52500e+002
          5431  5.41987e+002  5.43100e+003 -3.36780e+001  4.67822e+000  5.52583e+002
          5432  5.42066e+002  5.43200e+003 -3.36353e+001  4.67656e+000  5.52667e+002
          5433  5.42150e+002  5.43300e+003 -3.35915e+001  4.67486e+000  5.52750e+002
          5434  5.42240e+002  5.43400e+003 -3.35467e+001  4.67312e+000  5.52833e+002
          5435  5.42327e+002  5.43500e+003 -3.35024e+001  4.67136e+000  5.52917e+002
          5436  5.42403e+002  5.43600e+003 -3.34595e+001  4.66965e+000  5.53000e+002
          5437  5.42491e+002  5.43700e+003 -3.34163e+001  4.66792e+000  5.53083e+002
          5438  5.42571e+002  5.43800e+003 -3.33726e+001  4.66618e+000  5.53167e+002
          5439  5.42657e+002  5.43900e+003 -3.33283e+001  4.66448e+000  5.53250e+002
          5440  5.42741e+002  5.44000e+003 -3.32824e+001  4.66279e+000  5.53333e+002
          5441  5.42818e+002  5.44100e+003 -3.32374e+001  4.66105e+000  5.53417e+002
          5442  5.42905e+002  5.44200e+003 -3.31939e+001  4.65931e+000  5.53500e+002
          5443  5.43001e+002  5.44300e+003 -3.31507e+001  4.65761e+000  5.53583e+002
          5444  5.43082e+002  5.44400e+003 -3.31049e+001  4.65586e+000  5.53667e+002
          5445  5.43168e+002  5.44500e+003 -3.30598e+001  4.65410e+000  5.53750e+002
          5446  5.43249e+002  5.44600e+003 -3.30153e+001  4.65234e+000  5.53833e+002
          5447  5.43339e+002  5.44700e+003 -3.29706e+001  4.65062e+000  5.53917e+002
          5448  5.43418e+002  5.44800e+003 -3.29243e+001  4.64888e+000  5.54000e+002
          5449  5.43503e+002  5.44900e+003 -3.28781e+001  4.64711e+000  5.54083e+002
          5450  5.43586e+002  5.45000e+003 -3.28343e+001  4.64535e+000  5.54167e+002
          5451  5.43671e+002  5.45100e+003 -3.27914e+001  4.64362e+000  5.54250e+002
          5452  5.43753e+002  5.45200e+003 -3.27449e+001  4.64188e+000  5.54333e+002
          5453  5.43835e+002  5.45300e+003 -3.27006e+001  4.64011e+000  5.54417e+002
          5454  5.43923e+002  5.45400e+003 -3.26565e+001  4.63832e+000  5.54500e+002
          5455  5.43999e+002  5.45500e+003 -3.26126e+001  4.63651e+000  5.54583e+002
          5456  5.44091e+002  5.45600e+003 -3.25674e+001  4.63476e+000  5.54667e+002
          5457  5.44178e+002  5.45700e+003 -3.25216e+001  4.63299e+000  5.54750e+002
          5458  5.44263e+002  5.45800e+003 -3.24751e+001  4.63120e+000  5.54833e+002
          5459  5.44345e+002  5.45900e+003 -3.24269e+001  4.62939e+000  5.54917e+002
          5460  5.44432e+002  5.46000e+003 -3.23830e+001  4.62760e+000  5.55000e+002
          5461  5.44516e+002  5.46100e+003 -3.23379e+001  4.62584e+000  5.55083e+002
          5462  5.44595e+002  5.46200e+003 -3.22935e+001  4.62406e+000  5.55167e+002
          5463  5.44678e+002  5.46300e+003 -3.22503e+001  4.62227e+000  5.55250e+002
          5464  5.44770e+002  5.46400e+003 -3.22021e+001  4.62042e+000  5.55333e+002
          5465  5.44850e+002  5.46500e+003 -3.21567e+001  4.61860e+000  5.55417e+002
          5466  5.44935e+002  5.46600e+003 -3.21118e+001  4.61681e+000  5.55500e+002
          5467  5.45037e+002  5.46700e+003 -3.20667e+001  4.61503e+000  5.55583e+002
          5468  5.45111e+002  5.46800e+003 -3.20215e+001  4.61321e+000  5.55667e+002
          5469  5.45189e+002  5.46900e+003 -3.19751e+001  4.61138e+000  5.55750e+002
          5470  5.45277e+002  5.47000e+003 -3.19284e+001  4.60956e+000  5.55833e+002
          5471  5.45359e+002  5.47100e+003 -3.18799e+001  4.60778e+000  5.55917e+002
          5472  5.45442e+002  5.47200e+003 -3.18345e+001  4.60599e+000  5.56000e+002
          5473  5.45523e+002  5.47300e+003 -3.17868e+001  4.60419e+000  5.56083e+002
          5474  5.45605e+002  5.47400e+003 -3.17398e+001  4.60236e+000  5.56167e+002
          5475  5.45696e+002  5.47500e+003 -3.16933e+001  4.60053e+000  5.56250e+002
          5476  5.45784e+002  5.47600e+003 -3.16398e+001  4.59878e+000  5.56333e+002
          5477  5.45860e+002  5.47700e+003 -3.15900e+001  4.59700e+000  5.56417e+002
          5478  5.45941e+002  5.47800e+003 -3.15404e+001  4.59520e+000  5.56500e+002
          5479  5.46025e+002  5.47900e+003 -3.14911e+001  4.59339e+000  5.56583e+002
          5480  5.46121e+002  5.48000e+003 -3.14412e+001  4.59158e+000  5.56667e+002
          5481  5.46201e+002  5.48100e+003 -3.13918e+001  4.58975e+000  5.56750e+002
          5482  5.46289e+002  5.48200e+003 -3.13407e+001  4.58795e+000  5.56833e+002
          5483  5.46372e+002  5.48300e+003 -3.12881e+001  4.58615e+000  5.56917e+002
          5484  5.46453e+002  5.48400e+003 -3.12401e+001  4.58428e+000  5.57000e+002
          5485  5.46536e+002  5.48500e+003 -3.11891e+001  4.58243e+000  5.57083e+002
          5486  5.46622e+002  5.48600e+003 -3.11390e+001  4.58056e+000  5.57167e+002
          5487  5.46706e+002  5.48700e+003 -3.10908e+001  4.57868e+000  5.57250e+002
          5488  5.46791e+002  5.48800e+003 -3.10403e+001  4.57680e+000  5.57333e+002
          5489  5.46877e+002  5.48900e+003 -3.09905e+001  4.57497e+000  5.57417e+002
          5490  5.46963e+002  5.49000e+003 -3.09402e+001  4.57313e+000  5.57500e+002
          5491  5.47046e+002  5.49100e+003 -3.08902e+001  4.57130e+000  5.57583e+002
          5492  5.47128e+002  5.49200e+003 -3.08381e+001  4.56946e+000  5.57667e+002
          5493  5.47213e+002  5.49300e+003 -3.07882e+001  4.56759e+000  5.57750e+002
          5494  5.47300e+002  5.49400e+003 -3.07402e+001  4.56571e+000  5.57833e+002
          5495  5.47389e+002  5.49500e+003 -3.06935e+001  4.56381e+000  5.57917e+002
          5496  5.47464e+002  5.49600e+003 -3.06504e+001  4.56185e+000  5.58000e+002
          5497  5.47549e+002  5.49700e+003 -3.06028e+001  4.55993e+000  5.58083e+002
          5498  5.47633e+002  5.49800e+003 -3.05553e+001  4.55806e+000  5.58167e+002
          5499  5.47711e+002  5.49900e+003 -3.05085e+001  4.55620e+000  5.58250e+002
          5500  5.47793e+002  5.50000e+003 -3.04585e+001  4.55434e+000  5.58333e+002
          5501  5.47886e+002  5.50100e+003 -3.04094e+001  4.55246e+000  5.58417e+002
          5502  5.47972e+002  5.50200e+003 -3.03604e+001  4.55058e+000  5.58500e+002
          5503  5.48052e+002  5.50300e+003 -3.03098e+001  4.54869e+000  5.58583e+002
          5504  5.48130e+002  5.50400e+003 -3.02612e+001  4.54678e+000  5.58667e+002
          5505  5.48221e+002  5.50500e+003 -3.02131e+001  4.54485e+000  5.58750e+002
          5506  5.48307e+002  5.50600e+003 -3.01645e+001  4.54291e+000  5.58833e+002
          5507  5.48389e+002  5.50700e+003 -3.01150e+001  4.54097e+000  5.58917e+002
          5508  5.48485e+002  5.50800e+003 -3.00629e+001  4.53907e+000  5.59000e+002
          5509  5.48565e+002  5.50900e+003 -3.00129e+001  4.53719e+000  5.59083e+002
          5510  5.48647e+002  5.51000e+003 -2.99640e+001  4.53532e+000  5.59167e+002
          5511  5.48734e+002  5.51100e+003 -2.99162e+001  4.53344e+000  5.59250e+002
          5512  5.48814e+002  5.51200e+003 -2.98662e+001  4.53164e+000  5.59333e+002
          5513  5.48908e+002  5.51300e+003 -2.98170e+001  4.52976e+000  5.59417e+002
          5514  5.48986e+002  5.51400e+003 -2.97679e+001  4.52786e+000  5.59500e+002
          5515  5.49071e+002  5.51500e+003 -2.97184e+001  4.52594e+000  5.59583e+002
          5516  5.49151e+002  5.51600e+003 -2.96710e+001  4.52393e+000  5.59667e+002
          5517  5.49243e+002  5.51700e+003 -2.96223e+001  4.52195e+000  5.59750e+002
          5518  5.49326e+002  5.51800e+003 -2.95728e+001  4.51997e+000  5.59833e+002
          5519  5.49410e+002  5.51900e+003 -2.95232e+001  4.51799e+000  5.59917e+002
          5520  5.49494e+002  5.52000e+003 -2.94740e+001  4.51602e+000  5.60000e+002
          5521  5.49587e+002  5.52100e+003 -2.94228e+001  4.51411e+000  5.60083e+002
          5522  5.49665e+002  5.52200e+003 -2.93711e+001  4.51222e+000  5.60167e+002
          5523  5.49755e+002  5.52300e+003 -2.93186e+001  4.51033e+000  5.60250e+002
          5524  5.49845e+002  5.52400e+003 -2.92639e+001  4.50850e+000  5.60333e+002
          5525  5.49925e+002  5.52500e+003 -2.92104e+001  4.50662e+000  5.60417e+002
          5526  5.50008e+002  5.52600e+003 -2.91572e+001  4.50472e+000  5.60500e+002
          5527  5.50094e+002  5.52700e+003 -2.91038e+001  4.50281e+000  5.60583e+002
          5528  5.50176e+002  5.52800e+003 -2.90518e+001  4.50086e+000  5.60667e+002
          5529  5.50263e+002  5.52900e+003 -2.90001e+001  4.49890e+000  5.60750e+002
          5530  5.50348e+002  5.53000e+003 -2.89479e+001  4.49695e+000  5.60833e+002
          5531  5.50430e+002  5.53100e+003 -2.88952e+001  4.49498e+000  5.60917e+002
          5532  5.50509e+002  5.53200e+003 -2.88426e+001  4.49297e+000  5.61000e+002
          5533  5.50605e+002  5.53300e+003 -2.87904e+001  4.49098e+000  5.61083e+002
          5534  5.50685e+002  5.53400e+003 -2.87367e+001  4.48899e+000  5.61167e+002
          5535  5.50767e+002  5.53500e+003 -2.86835e+001  4.48700e+000  5.61250e+002
          5536  5.50848e+002  5.53600e+003 -2.86345e+001  4.48500e+000  5.61333e+002
          5537  5.50929e+002  5.53700e+003 -2.85829e+001  4.48300e+000  5.61417e+002
          5538  5.51017e+002  5.53800e+003 -2.85303e+001  4.48100e+000  5.61500e+002
          5539  5.51106e+002  5.53900e+003 -2.84775e+001  4.47900e+000  5.61583e+002
          5540  5.51195e+002  5.54000e+003 -2.84244e+001  4.47700e+000  5.61667e+002
          5541  5.51272e+002  5.54100e+003 -2.83733e+001  4.47500e+000  5.61750e+002
          5542  5.51354e+002  5.54200e+003 -2.83229e+001  4.47300e+000  5.61833e+002
          5543  5.51439e+002  5.54300e+003 -2.82730e+001  4.47100e+000  5.61917e+002
          5544  5.51519e+002  5.54400e+003 -2.82226e+001  4.46900e+000  5.62000e+002
          5545  5.51606e+002  5.54500e+003 -2.81714e+001  4.46700e+000  5.62083e+002
          5546  5.51695e+002  5.54600e+003 -2.81190e+001  4.46500e+000  5.62167e+002
          5547  5.51770e+002  5.54700e+003 -2.80658e+001  4.46300e+000  5.62250e+002
          5548  5.51863e+002  5.54800e+003 -2.80136e+001  4.46100e+000  5.62333e+002
          5549  5.51941e+002  5.54900e+003 -2.79617e+001  4.45900e+000  5.62417e+002
          5550  5.52022e+002  5.55000e+003 -2.79115e+001  4.45700e+000  5.62500e+002
          5551  5.52106e+002  5.55100e+003 -2.78616e+001  4.45500e+000  5.62583e+002
          5552  5.52190e+002  5.55200e+003 -2.78087e+001  4.45300e+000  5.62667e+002
          5553  5.52283e+002  5.55300e+003 -2.77565e+001  4.45100e+000  5.62750e+002
          5554  5.52366e+002  5.55400e+003 -2.77036e+001  4.44900e+000  5.62833e+002
          5555  5.52446e+002  5.55500e+003 -2.76508e+001  4.44700e+000  5.62917e+002
          5556  5.52532e+002  5.55600e+003 -2.75945e+001  4.44500e+000  5.63000e+002
          5557  5.52624e+002  5.55700e+003 -2.75415e+001  4.44300e+000  5.63083e+002
          5558  5.52702e+002  5.55800e+003 -2.74897e+001  4.44100e+000  5.63167e+002
          5559  5.52784e+002  5.55900e+003 -2.74382e+001  4.43900e+000  5.63250e+002
          5560  5.52874e+002  5.56000e+003 -2.73853e+001  4.43689e+000  5.63333e+002
          5561  5.52955e+002  5.56100e+003 -2.73308e+001  4.43478e+000  5.63417e+002
          5562  5.53046e+002  5.56200e+003 -2.72762e+001  4.43267e+000  5.63500e+002
          5563  5.53131e+002  5.56300e+003 -2.72221e+001  4.43056e+000  5.63583e+002
          5564  5.53216e+002  5.56400e+003 -2.71650e+001  4.42835e+000  5.63667e+002
          5565  5.53298e+002  5.56500e+003 -2.71091e+001  4.42623e+000  5.63750e+002
          5566  5.53371e+002  5.56600e+003 -2.70537e+001  4.42414e+000  5.63833e+002
          5567  5.53452e+002  5.56700e+003 -2.69995e+001  4.42206e+000  5.63917e+002
          5568  5.53544e+002  5.56800e+003 -2.69441e+001  4.42007e+000  5.64000e+002
          5569  5.53625e+002  5.56900e+003 -2.68895e+001  4.41805e+000  5.64083e+002
          5570  5.53710e+002  5.57000e+003 -2.68354e+001  4.41603e+000  5.64167e+002
          5571  5.53796e+002  5.57100e+003 -2.67818e+001  4.41401e+000  5.64250e+002
          5572  5.53883e+002  5.57200e+003 -2.67269e+001  4.41201e+000  5.64333e+002
          5573  5.53963e+002  5.57300e+003 -2.66710e+001  4.41001e+000  5.64417e+002
          5574  5.54053e+002  5.57400e+003 -2.66145e+001  4.40798e+000  5.64500e+002
          5575  5.54133e+002  5.57500e+003 -2.65584e+001  4.40589e+000  5.64583e+002
          5576  5.54217e+002  5.57600e+003 -2.65043e+001  4.40377e+000  5.64667e+002
          5577  5.54308e+002  5.57700e+003 -2.64507e+001  4.40165e+000  5.64750e+002
          5578  5.54391e+002  5.57800e+003 -2.63976e+001  4.39954e+000  5.64833e+002
          5579  5.54475e+002  5.57900e+003 -2.63445e+001  4.39743e+000  5.64917e+002
          5580  5.54552e+002  5.58000e+003 -2.62881e+001  4.39529e+000  5.65000e+002
          5581  5.54651e+002  5.58100e+003 -2.62312e+001  4.39319e+000  5.65083e+002
          5582  5.54728e+002  5.58200e+003 -2.61731e+001  4.39111e+000  5.65167e+002
          5583  5.54816e+002  5.58300e+003 -2.61155e+001  4.38905e+000  5.65250e+002
          5584  5.54904e+002  5.58400e+003 -2.60583e+001  4.38695e+000  5.65333e+002
          5585  5.54990e+002  5.58500e+003 -2.60003e+001  4.38482e+000  5.65417e+002
          5586  5.55070e+002  5.58600e+003 -2.59421e+001  4.38269e+000  5.65500e+002
          5587  5.55158e+002  5.58700e+003 -2.58838e+001  4.38056e+000  5.65583e+002
          5588  5.55243e+002  5.58800e+003 -2.58235e+001  4.37836e+000  5.65667e+002
          5589  5.55334e+002  5.58900e+003 -2.57647e+001  4.37624e+000  5.65750e+002
          5590  5.55415e+002  5.59000e+003 -2.57078e+001  4.37415e+000  5.65833e+002
          5591  5.55499e+002  5.59100e+003 -2.56504e+001  4.37206e+000  5.65917e+002
          5592  5.55578e+002  5.59200e+003 -2.55903e+001  4.37005e+000  5.66000e+002
          5593  5.55670e+002  5.59300e+003 -2.55332e+001  4.36793e+000  5.66083e+002
          5594  5.55747e+002  5.59400e+003 -2.54758e+001  4.36580e+000  5.66167e+002
          5595  5.55832e+002  5.59500e+003 -2.54175e+001  4.36367e+000  5.66250e+002
          5596  5.55919e+002  5.59600e+003 -2.53613e+001  4.36151e+000  5.66333e+002
          5597  5.56009e+002  5.59700e+003 -2.53044e+001  4.35939e+000  5.66417e+002
          5598  5.56086e+002  5.59800e+003 -2.52472e+001  4.35728e+000  5.66500e+002
          5599  5.56174e+002  5.59900e+003 -2.51885e+001  4.35519e+000  5.66583e+002
          5600  5.56265e+002  5.60000e+003 -2.51304e+001  4.35303e+000  5.66667e+002
          5601  5.56348e+002  5.60100e+003 -2.50726e+001  4.35087e+000  5.66750e+002
          5602  5.56426e+002  5.60200e+003 -2.50148e+001  4.34872e+000  5.66833e+002
          5603  5.56507e+002  5.60300e+003 -2.49576e+001  4.34658e+000  5.66917e+002
          5604  5.56592e+002  5.60400e+003 -2.48977e+001  4.34436e+000  5.67000e+002
          5605  5.56685e+002  5.60500e+003 -2.48403e+001  4.34213e+000  5.67083e+002
          5606  5.56764e+002  5.60600e+003 -2.47841e+001  4.33993e+000  5.67167e+002
          5607  5.56848e+002  5.60700e+003 -2.47274e+001  4.33773e+000  5.67250e+002
          5608  5.56934e+002  5.60800e+003 -2.46690e+001  4.33557e+000  5.67333e+002
          5609  5.57019e+002  5.60900e+003 -2.46099e+001  4.33340e+000  5.67417e+002
          5610  5.57098e+002  5.61000e+003 -2.45534e+001  4.33118e+000  5.67500e+002
          5611  5.57190e+002  5.61100e+003 -2.44972e+001  4.32897e+000  5.67583e+002
          5612  5.57271e+002  5.61200e+003 -2.44420e+001  4.32679e+000  5.67667e+002
          5613  5.57353e+002  5.61300e+003 -2.43842e+001  4.32462e+000  5.67750e+002
          5614  5.57440e+002  5.61400e+003 -2.43269e+001  4.32244e+000  5.67833e+002
          5615  5.57529e+002  5.61500e+003 -2.42689e+001  4.32022e+000  5.67917e+002
          5616  5.57614e+002  5.61600e+003 -2.42108e+001  4.31801e+000  5.68000e+002
          5617  5.57697e+002  5.61700e+003 -2.41544e+001  4.31581e+000  5.68083e+002
          5618  5.57784e+002  5.61800e+003 -2.40994e+001  4.31363e+000  5.68167e+002
          5619  5.57866e+002  5.61900e+003 -2.40460e+001  4.31147e+000  5.68250e+002
          5620  5.57948e+002  5.62000e+003 -2.39897e+001  4.30922e+000  5.68333e+002
          5621  5.58040e+002  5.62100e+003 -2.39314e+001  4.30700e+000  5.68417e+002
          5622  5.58124e+002  5.62200e+003 -2.38730e+001  4.30480e+000  5.68500e+002
          5623  5.58207e+002  5.62300e+003 -2.38158e+001  4.30261e+000  5.68583e+002
          5624  5.58288e+002  5.62400e+003 -2.37577e+001  4.30039e+000  5.68667e+002
          5625  5.58364e+002  5.62500e+003 -2.36995e+001  4.29816e+000  5.68750e+002
          5626  5.58454e+002  5.62600e+003 -2.36401e+001  4.29594e+000  5.68833e+002
          5627  5.58542e+002  5.62700e+003 -2.35807e+001  4.29373e+000  5.68917e+002
          5628  5.58616e+002  5.62800e+003 -2.35200e+001  4.29155e+000  5.69000e+002
          5629  5.58707e+002  5.62900e+003 -2.34604e+001  4.28931e+000  5.69083e+002
          5630  5.58795e+002  5.63000e+003 -2.34014e+001  4.28708e+000  5.69167e+002
          5631  5.58874e+002  5.63100e+003 -2.33436e+001  4.28486e+000  5.69250e+002
          5632  5.58961e+002  5.63200e+003 -2.32842e+001  4.28263e+000  5.69333e+002
          5633  5.59056e+002  5.63300e+003 -2.32258e+001  4.28036e+000  5.69417e+002
          5634  5.59133e+002  5.63400e+003 -2.31667e+001  4.27811e+000  5.69500e+002
          5635  5.59223e+002  5.63500e+003 -2.31065e+001  4.27587e+000  5.69583e+002
          5636  5.59313e+002  5.63600e+003 -2.30461e+001  4.27356e+000  5.69667e+002
          5637  5.59390e+002  5.63700e+003 -2.29860e+001  4.27127e+000  5.69750e+002
          5638  5.59480e+002  5.63800e+003 -2.29269e+001  4.26901e+000  5.69833e+002
          5639  5.59561e+002  5.63900e+003 -2.28672e+001  4.26676e+000  5.69917e+002
          5640  5.59645e+002  5.64000e+003 -2.28078e+001  4.26442e+000  5.70000e+002
          5641  5.59731e+002  5.64100e+003 -2.27476e+001  4.26213e+000  5.70083e+002
          5642  5.59814e+002  5.64200e+003 -2.26866e+001  4.25985e+000  5.70167e+002
          5643  5.59908e+002  5.64300e+003 -2.26249e+001  4.25753e+000  5.70250e+002
          5644  5.59982e+002  5.64400e+003 -2.25575e+001  4.25523e+000  5.70333e+002
          5645  5.60072e+002  5.64500e+003 -2.24939e+001  4.25296e+000  5.70417e+002
          5646  5.60147e+002  5.64600e+003 -2.24317e+001  4.25069e+000  5.70500e+002
          5647  5.60231e+002  5.64700e+003 -2.23701e+001  4.24839e+000  5.70583e+002
          5648  5.60323e+002  5.64800e+003 -2.23120e+001  4.24614e+000  5.70667e+002
          5649  5.60404e+002  5.64900e+003 -2.22522e+001  4.24387e+000  5.70750e+002
          5650  5.60482e+002  5.65000e+003 -2.21909e+001  4.24157e+000  5.70833e+002
          5651  5.60574e+002  5.65100e+003 -2.21305e+001  4.23927e+000  5.70917e+002
          5652  5.60662e+002  5.65200e+003 -2.20681e+001  4.23697e+000  5.71000e+002
          5653  5.60746e+002  5.65300e+003 -2.20067e+001  4.23464e+000  5.71083e+002
          5654  5.60835e+002  5.65400e+003 -2.19457e+001  4.23232e+000  5.71167e+002
          5655  5.60917e+002  5.65500e+003 -2.18860e+001  4.23003e+000  5.71250e+002
          5656  5.60992e+002  5.65600e+003 -2.18262e+001  4.22767e+000  5.71333e+002
          5657  5.61079e+002  5.65700e+003 -2.17649e+001  4.22534e+000  5.71417e+002
          5658  5.61177e+002  5.65800e+003 -2.17029e+001  4.22302e+000  5.71500e+002
          5659  5.61260e+002  5.65900e+003 -2.16401e+001  4.22067e+000  5.71583e+002
          5660  5.61347e+002  5.66000e+003 -2.15744e+001  4.21829e+000  5.71667e+002
          5661  5.61433e+002  5.66100e+003 -2.15105e+001  4.21590e+000  5.71750e+002
          5662  5.61518e+002  5.66200e+003 -2.14458e+001  4.21353e+000  5.71833e+002
          5663  5.61597e+002  5.66300e+003 -2.13823e+001  4.21119e+000  5.71917e+002
          5664  5.61686e+002  5.66400e+003 -2.13180e+001  4.20878e+000  5.72000e+002
          5665  5.61770e+002  5.66500e+003 -2.12540e+001  4.20642e+000  5.72083e+002
          5666  5.61850e+002  5.66600e+003 -2.11909e+001  4.20407e+000  5.72167e+002
          5667  5.61935e+002  5.66700e+003 -2.11269e+001  4.20169e+000  5.72250e+002
          5668  5.62020e+002  5.66800e+003 -2.10625e+001  4.19934e+000  5.72333e+002
          5669  5.62109e+002  5.66900e+003 -2.09988e+001  4.19700e+000  5.72417e+002
          5670  5.62195e+002  5.67000e+003 -2.09360e+001  4.19465e+000  5.72500e+002
          5671  5.62279e+002  5.67100e+003 -2.08745e+001  4.19230e+000  5.72583e+002
          5672  5.62365e+002  5.67200e+003 -2.08137e+001  4.19001e+000  5.72667e+002
          5673  5.62443e+002  5.67300e+003 -2.07500e+001  4.18766e+000  5.72750e+002
          5674  5.62532e+002  5.67400e+003 -2.06858e+001  4.18531e+000  5.72833e+002
          5675  5.62616e+002  5.67500e+003 -2.06212e+001  4.18292e+000  5.72917e+002
          5676  5.62703e+002  5.67600e+003 -2.05574e+001  4.18056e+000  5.73000e+002
          5677  5.62784e+002  5.67700e+003 -2.04938e+001  4.17820e+000  5.73083e+002
          5678  5.62872e+002  5.67800e+003 -2.04304e+001  4.17581e+000  5.73167e+002
          5679  5.62958e+002  5.67900e+003 -2.03670e+001  4.17344e+000  5.73250e+002
          5680  5.63038e+002  5.68000e+003 -2.03056e+001  4.17101e+000  5.73333e+002
          5681  5.63126e+002  5.68100e+003 -2.02420e+001  4.16859e+000  5.73417e+002
          5682  5.63209e+002  5.68200e+003 -2.01783e+001  4.16615e+000  5.73500e+002
          5683  5.63298e+002  5.68300e+003 -2.01166e+001  4.16371e+000  5.73583e+002
          5684  5.63383e+002  5.68400e+003 -2.00546e+001  4.16127e+000  5.73667e+002
          5685  5.63465e+002  5.68500e+003 -1.99934e+001  4.15884e+000  5.73750e+002
          5686  5.63552e+002  5.68600e+003 -1.99322e+001  4.15642e+000  5.73833e+002
          5687  5.63630e+002  5.68700e+003 -1.98705e+001  4.15397e+000  5.73917e+002
          5688  5.63718e+002  5.68800e+003 -1.98095e+001  4.15158e+000  5.74000e+002
          5689  5.63797e+002  5.68900e+003 -1.97471e+001  4.14914e+000  5.74083e+002
          5690  5.63885e+002  5.69000e+003 -1.96844e+001  4.14669e+000  5.74167e+002
          5691  5.63970e+002  5.69100e+003 -1.96214e+001  4.14422e+000  5.74250e+002
          5692  5.64056e+002  5.69200e+003 -1.95596e+001  4.14176e+000  5.74333e+002
          5693  5.64141e+002  5.69300e+003 -1.94962e+001  4.13933e+000  5.74417e+002
          5694  5.64223e+002  5.69400e+003 -1.94323e+001  4.13689e+000  5.74500e+002
          5695  5.64309e+002  5.69500e+003 -1.93687e+001  4.13447e+000  5.74583e+002
          5696  5.64397e+002  5.69600e+003 -1.93016e+001  4.13205e+000  5.74667e+002
          5697  5.64477e+002  5.69700e+003 -1.92379e+001  4.12962e+000  5.74750e+002
          5698  5.64561e+002  5.69800e+003 -1.91748e+001  4.12716e+000  5.74833e+002
          5699  5.64654e+002  5.69900e+003 -1.91104e+001  4.12472e+000  5.74917e+002
          5700  5.64734e+002  5.70000e+003 -1.90461e+001  4.12220e+000  5.75000e+002
          5701  5.64820e+002  5.70100e+003 -1.89810e+001  4.11971e+000  5.75083e+002
          5702  5.64906e+002  5.70200e+003 -1.89166e+001  4.11722e+000  5.75167e+002
          5703  5.64990e+002  5.70300e+003 -1.88530e+001  4.11475e+000  5.75250e+002
          5704  5.65069e+002  5.70400e+003 -1.87910e+001  4.11223e+000  5.75333e+002
          5705  5.65160e+002  5.70500e+003 -1.87267e+001  4.10973e+000  5.75417e+002
          5706  5.65243e+002  5.70600e+003 -1.86620e+001  4.10723e+000  5.75500e+002
          5707  5.65326e+002  5.70700e+003 -1.85971e+001  4.10475e+000  5.75583e+002
          5708  5.65416e+002  5.70800e+003 -1.85305e+001  4.10223e+000  5.75667e+002
          5709  5.65500e+002  5.70900e+003 -1.84656e+001  4.09974e+000  5.75750e+002
          5710  5.65586e+002  5.71000e+003 -1.84005e+001  4.09723e+000  5.75833e+002
          5711  5.65670e+002  5.71100e+003 -1.83356e+001  4.09475e+000  5.75917e+002
          5712  5.65755e+002  5.71200e+003 -1.82710e+001  4.09223e+000  5.76000e+002
          5713  5.65831e+002  5.71300e+003 -1.82046e+001  4.08974e+000  5.76083e+002
          5714  5.65921e+002  5.71400e+003 -1.81382e+001  4.08723e+000  5.76167e+002
          5715  5.66008e+002  5.71500e+003 -1.80713e+001  4.08475e+000  5.76250e+002
          5716  5.66090e+002  5.71600e+003 -1.80003e+001  4.08223e+000  5.76333e+002
          5717  5.66174e+002  5.71700e+003 -1.79310e+001  4.07974e+000  5.76417e+002
          5718  5.66264e+002  5.71800e+003 -1.78624e+001  4.07723e+000  5.76500e+002
          5719  5.66350e+002  5.71900e+003 -1.77939e+001  4.07475e+000  5.76583e+002
          5720  5.66438e+002  5.72000e+003 -1.77238e+001  4.07223e+000  5.76667e+002
          5721  5.66519e+002  5.72100e+003 -1.76569e+001  4.06974e+000  5.76750e+002
          5722  5.66603e+002  5.72200e+003 -1.75900e+001  4.06723e+000  5.76833e+002
          5723  5.66690e+002  5.72300e+003 -1.75224e+001  4.06475e+000  5.76917e+002
          5724  5.66776e+002  5.72400e+003 -1.74539e+001  4.06220e+000  5.77000e+002
          5725  5.66860e+002  5.72500e+003 -1.73869e+001  4.05965e+000  5.77083e+002
          5726  5.66944e+002  5.72600e+003 -1.73212e+001  4.05710e+000  5.77167e+002
          5727  5.67030e+002  5.72700e+003 -1.72549e+001  4.05453e+000  5.77250e+002
          5728  5.67123e+002  5.72800e+003 -1.71932e+001  4.05194e+000  5.77333e+002
          5729  5.67206e+002  5.72900e+003 -1.71293e+001  4.04938e+000  5.77417e+002
          5730  5.67286e+002  5.73000e+003 -1.70628e+001  4.04684e+000  5.77500e+002
          5731  5.67370e+002  5.73100e+003 -1.69940e+001  4.04428e+000  5.77583e+002
          5732  5.67462e+002  5.73200e+003 -1.69284e+001  4.04172e+000  5.77667e+002
          5733  5.67547e+002  5.73300e+003 -1.68630e+001  4.03916e+000  5.77750e+002
          5734  5.67634e+002  5.73400e+003 -1.67966e+001  4.03658e+000  5.77833e+002
          5735  5.67717e+002  5.73500e+003 -1.67308e+001  4.03403e+000  5.77917e+002
          5736  5.67803e+002  5.73600e+003 -1.66642e+001  4.03139e+000  5.78000e+002
          5737  5.67887e+002  5.73700e+003 -1.65974e+001  4.02877e+000  5.78083e+002
          5738  5.67968e+002  5.73800e+003 -1.65307e+001  4.02617e+000  5.78167e+002
          5739  5.68057e+002  5.73900e+003 -1.64644e+001  4.02356e+000  5.78250e+002
          5740  5.68145e+002  5.74000e+003 -1.63955e+001  4.02098e+000  5.78333e+002
          5741  5.68225e+002  5.74100e+003 -1.63284e+001  4.01838e+000  5.78417e+002
          5742  5.68312e+002  5.74200e+003 -1.62607e+001  4.01576e+000  5.78500e+002
          5743  5.68398e+002  5.74300e+003 -1.61921e+001  4.01317e+000  5.78583e+002
          5744  5.68481e+002  5.74400e+003 -1.61278e+001  4.01057e+000  5.78667e+002
          5745  5.68568e+002  5.74500e+003 -1.60609e+001  4.00794e+000  5.78750e+002
          5746  5.68643e+002  5.74600e+003 -1.59941e+001  4.00532e+000  5.78833e+002
          5747  5.68735e+002  5.74700e+003 -1.59265e+001  4.00269e+000  5.78917e+002
          5748  5.68815e+002  5.74800e+003 -1.58587e+001  3.99998e+000  5.79000e+002
          5749  5.68901e+002  5.74900e+003 -1.57899e+001  3.99732e+000  5.79083e+002
          5750  5.68987e+002  5.75000e+003 -1.57211e+001  3.99468e+000  5.79167e+002
          5751  5.69074e+002  5.75100e+003 -1.56534e+001  3.99208e+000  5.79250e+002
          5752  5.69162e+002  5.75200e+003 -1.55844e+001  3.98944e+000  5.79333e+002
          5753  5.69245e+002  5.75300e+003 -1.55152e+001  3.98680e+000  5.79417e+002
          5754  5.69323e+002  5.75400e+003 -1.54458e+001  3.98419e+000  5.79500e+002
          5755  5.69414e+002  5.75500e+003 -1.53775e+001  3.98156e+000  5.79583e+002
          5756  5.69502e+002  5.75600e+003 -1.53080e+001  3.97891e+000  5.79667e+002
          5757  5.69582e+002  5.75700e+003 -1.52378e+001  3.97628e+000  5.79750e+002
          5758  5.69671e+002  5.75800e+003 -1.51679e+001  3.97363e+000  5.79833e+002
          5759  5.69749e+002  5.75900e+003 -1.50972e+001  3.97095e+000  5.79917e+002
          5760  5.69837e+002  5.76000e+003 -1.50293e+001  3.96822e+000  5.80000e+002
          5761  5.69928e+002  5.76100e+003 -1.49607e+001  3.96554e+000  5.80083e+002
          5762  5.70009e+002  5.76200e+003 -1.48918e+001  3.96283e+000  5.80167e+002
          5763  5.70094e+002  5.76300e+003 -1.48225e+001  3.96011e+000  5.80250e+002
          5764  5.70180e+002  5.76400e+003 -1.47525e+001  3.95741e+000  5.80333e+002
          5765  5.70259e+002  5.76500e+003 -1.46827e+001  3.95471e+000  5.80417e+002
          5766  5.70352e+002  5.76600e+003 -1.46116e+001  3.95201e+000  5.80500e+002
          5767  5.70438e+002  5.76700e+003 -1.45407e+001  3.94935e+000  5.80583e+002
          5768  5.70518e+002  5.76800e+003 -1.44685e+001  3.94670e+000  5.80667e+002
          5769  5.70603e+002  5.76900e+003 -1.43973e+001  3.94399e+000  5.80750e+002
          5770  5.70686e+002  5.77000e+003 -1.43261e+001  3.94128e+000  5.80833e+002
          5771  5.70773e+002  5.77100e+003 -1.42554e+001  3.93859e+000  5.80917e+002
          5772  5.70860e+002  5.77200e+003 -1.41853e+001  3.93584e+000  5.81000e+002
          5773  5.70938e+002  5.77300e+003 -1.41160e+001  3.93312e+000  5.81083e+002
          5774  5.71029e+002  5.77400e+003 -1.40470e+001  3.93043e+000  5.81167e+002
          5775  5.71107e+002  5.77500e+003 -1.39791e+001  3.92773e+000  5.81250e+002
          5776  5.71206e+002  5.77600e+003 -1.39099e+001  3.92500e+000  5.81333e+002
          5777  5.71287e+002  5.77700e+003 -1.38400e+001  3.92227e+000  5.81417e+002
          5778  5.71368e+002  5.77800e+003 -1.37700e+001  3.91957e+000  5.81500e+002
          5779  5.71452e+002  5.77900e+003 -1.36995e+001  3.91686e+000  5.81583e+002
          5780  5.71541e+002  5.78000e+003 -1.36330e+001  3.91408e+000  5.81667e+002
          5781  5.71629e+002  5.78100e+003 -1.35629e+001  3.91129e+000  5.81750e+002
          5782  5.71710e+002  5.78200e+003 -1.34932e+001  3.90851e+000  5.81833e+002
          5783  5.71793e+002  5.78300e+003 -1.34250e+001  3.90576e+000  5.81917e+002
          5784  5.71877e+002  5.78400e+003 -1.33554e+001  3.90296e+000  5.82000e+002
          5785  5.71968e+002  5.78500e+003 -1.32862e+001  3.90017e+000  5.82083e+002
          5786  5.72048e+002  5.78600e+003 -1.32168e+001  3.89738e+000  5.82167e+002
          5787  5.72136e+002  5.78700e+003 -1.31468e+001  3.89464e+000  5.82250e+002
          5788  5.72221e+002  5.78800e+003 -1.30748e+001  3.89190e+000  5.82333e+002
          5789  5.72309e+002  5.78900e+003 -1.30041e+001  3.88912e+000  5.82417e+002
          5790  5.72395e+002  5.79000e+003 -1.29318e+001  3.88633e+000  5.82500e+002
          5791  5.72484e+002  5.79100e+003 -1.28596e+001  3.88352e+000  5.82583e+002
          5792  5.72556e+002  5.79200e+003 -1.27926e+001  3.88076e+000  5.82667e+002
          5793  5.72648e+002  5.79300e+003 -1.27214e+001  3.87799e+000  5.82750e+002
          5794  5.72727e+002  5.79400e+003 -1.26488e+001  3.87520e+000  5.82833e+002
          5795  5.72811e+002  5.79500e+003 -1.25757e+001  3.87239e+000  5.82917e+002
          5796  5.72901e+002  5.79600e+003 -1.24968e+001  3.86969e+000  5.83000e+002
          5797  5.72990e+002  5.79700e+003 -1.24218e+001  3.86694e+000  5.83083e+002
          5798  5.73072e+002  5.79800e+003 -1.23482e+001  3.86417e+000  5.83167e+002
          5799  5.73159e+002  5.79900e+003 -1.22745e+001  3.86138e+000  5.83250e+002
          5800  5.73248e+002  5.80000e+003 -1.22022e+001  3.85856e+000  5.83333e+002
          5801  5.73327e+002  5.80100e+003 -1.21305e+001  3.85574e+000  5.83417e+002
          5802  5.73414e+002  5.80200e+003 -1.20584e+001  3.85295e+000  5.83500e+002
          5803  5.73501e+002  5.80300e+003 -1.19870e+001  3.85015e+000  5.83583e+002
          5804  5.73583e+002  5.80400e+003 -1.19121e+001  3.84728e+000  5.83667e+002
          5805  5.73666e+002  5.80500e+003 -1.18374e+001  3.84442e+000  5.83750e+002
          5806  5.73763e+002  5.80600e+003 -1.17651e+001  3.84156e+000  5.83833e+002
          5807  5.73847e+002  5.80700e+003 -1.16931e+001  3.83868e+000  5.83917e+002
          5808  5.73927e+002  5.80800e+003 -1.16242e+001  3.83588e+000  5.84000e+002
          5809  5.74010e+002  5.80900e+003 -1.15541e+001  3.83307e+000  5.84083e+002
          5810  5.74100e+002  5.81000e+003 -1.14824e+001  3.83024e+000  5.84167e+002
          5811  5.74190e+002  5.81100e+003 -1.14092e+001  3.82741e+000  5.84250e+002
          5812  5.74274e+002  5.81200e+003 -1.13373e+001  3.82460e+000  5.84333e+002
          5813  5.74355e+002  5.81300e+003 -1.12656e+001  3.82174e+000  5.84417e+002
          5814  5.74446e+002  5.81400e+003 -1.11931e+001  3.81884e+000  5.84500e+002
          5815  5.74523e+002  5.81500e+003 -1.11215e+001  3.81593e+000  5.84583e+002
          5816  5.74610e+002  5.81600e+003 -1.10519e+001  3.81303e+000  5.84667e+002
          5817  5.74690e+002  5.81700e+003 -1.09809e+001  3.81017e+000  5.84750e+002
          5818  5.74778e+002  5.81800e+003 -1.09094e+001  3.80731e+000  5.84833e+002
          5819  5.74861e+002  5.81900e+003 -1.08379e+001  3.80444e+000  5.84917e+002
          5820  5.74946e+002  5.82000e+003 -1.07640e+001  3.80163e+000  5.85000e+002
          5821  5.75037e+002  5.82100e+003 -1.06909e+001  3.79876e+000  5.85083e+002
          5822  5.75123e+002  5.82200e+003 -1.06186e+001  3.79585e+000  5.85167e+002
          5823  5.75208e+002  5.82300e+003 -1.05471e+001  3.79294e+000  5.85250e+002
          5824  5.75293e+002  5.82400e+003 -1.04756e+001  3.78993e+000  5.85333e+002
          5825  5.75371e+002  5.82500e+003 -1.04036e+001  3.78695e+000  5.85417e+002
          5826  5.75464e+002  5.82600e+003 -1.03323e+001  3.78400e+000  5.85500e+002
          5827  5.75546e+002  5.82700e+003 -1.02607e+001  3.78110e+000  5.85583e+002
          5828  5.75632e+002  5.82800e+003 -1.01902e+001  3.77822e+000  5.85667e+002
          5829  5.75711e+002  5.82900e+003 -1.01197e+001  3.77534e+000  5.85750e+002
          5830  5.75803e+002  5.83000e+003 -1.00484e+001  3.77245e+000  5.85833e+002
          5831  5.75891e+002  5.83100e+003 -9.97698e+000  3.76957e+000  5.85917e+002
          5832  5.75982e+002  5.83200e+003 -9.90686e+000  3.76671e+000  5.86000e+002
          5833  5.76057e+002  5.83300e+003 -9.83605e+000  3.76381e+000  5.86083e+002
          5834  5.76145e+002  5.83400e+003 -9.76544e+000  3.76089e+000  5.86167e+002
          5835  5.76233e+002  5.83500e+003 -9.69487e+000  3.75795e+000  5.86250e+002
          5836  5.76317e+002  5.83600e+003 -9.62198e+000  3.75494e+000  5.86333e+002
          5837  5.76394e+002  5.83700e+003 -9.54721e+000  3.75196e+000  5.86417e+002
          5838  5.76481e+002  5.83800e+003 -9.47268e+000  3.74898e+000  5.86500e+002
          5839  5.76570e+002  5.83900e+003 -9.39841e+000  3.74599e+000  5.86583e+002
          5840  5.76657e+002  5.84000e+003 -9.32150e+000  3.74299e+000  5.86667e+002
          5841  5.76739e+002  5.84100e+003 -9.24595e+000  3.73999e+000  5.86750e+002
          5842  5.76830e+002  5.84200e+003 -9.17142e+000  3.73700e+000  5.86833e+002
          5843  5.76912e+002  5.84300e+003 -9.09846e+000  3.73400e+000  5.86917e+002
          5844  5.76996e+002  5.84400e+003 -9.02222e+000  3.73100e+000  5.87000e+002
          5845  5.77081e+002  5.84500e+003 -8.94637e+000  3.72800e+000  5.87083e+002
          5846  5.77175e+002  5.84600e+003 -8.87133e+000  3.72500e+000  5.87167e+002
          5847  5.77262e+002  5.84700e+003 -8.79635e+000  3.72200e+000  5.87250e+002
          5848  5.77342e+002  5.84800e+003 -8.72269e+000  3.71900e+000  5.87333e+002
          5849  5.77430e+002  5.84900e+003 -8.64844e+000  3.71600e+000  5.87417e+002
          5850  5.77517e+002  5.85000e+003 -8.57532e+000  3.71300e+000  5.87500e+002
          5851  5.77599e+002  5.85100e+003 -8.50295e+000  3.71000e+000  5.87583e+002
          5852  5.77690e+002  5.85200e+003 -8.43240e+000  3.70700e+000  5.87667e+002
          5853  5.77771e+002  5.85300e+003 -8.35872e+000  3.70400e+000  5.87750e+002
          5854  5.77854e+002  5.85400e+003 -8.28445e+000  3.70100e+000  5.87833e+002
          5855  5.77939e+002  5.85500e+003 -8.21028e+000  3.69800e+000  5.87917e+002
          5856  5.78028e+002  5.85600e+003 -8.13364e+000  3.69500e+000  5.88000e+002
          5857  5.78113e+002  5.85700e+003 -8.05722e+000  3.69200e+000  5.88083e+002
          5858  5.78201e+002  5.85800e+003 -7.98228e+000  3.68900e+000  5.88167e+002
          5859  5.78276e+002  5.85900e+003 -7.90908e+000  3.68600e+000  5.88250e+002
          5860  5.78363e+002  5.86000e+003 -7.83504e+000  3.68300e+000  5.88333e+002
          5861  5.78460e+002  5.86100e+003 -7.76123e+000  3.68000e+000  5.88417e+002
          5862  5.78536e+002  5.86200e+003 -7.68813e+000  3.67700e+000  5.88500e+002
          5863  5.78629e+002  5.86300e+003 -7.61477e+000  3.67400e+000  5.88583e+002
          5864  5.78712e+002  5.86400e+003 -7.53844e+000  3.67100e+000  5.88667e+002
          5865  5.78793e+002  5.86500e+003 -7.46629e+000  3.66797e+000  5.88750e+002
          5866  5.78882e+002  5.86600e+003 -7.39427e+000  3.66488e+000  5.88833e+002
          5867  5.78966e+002  5.86700e+003 -7.32192e+000  3.66178e+000  5.88917e+002
          5868  5.79062e+002  5.86800e+003 -7.25307e+000  3.65864e+000  5.89000e+002
          5869  5.79144e+002  5.86900e+003 -7.18086e+000  3.65552e+000  5.89083e+002
          5870  5.79221e+002  5.87000e+003 -7.10649e+000  3.65241e+000  5.89167e+002
          5871  5.79310e+002  5.87100e+003 -7.03098e+000  3.64931e+000  5.89250e+002
          5872  5.79396e+002  5.87200e+003 -6.95779e+000  3.64622e+000  5.89333e+002
          5873  5.79481e+002  5.87300e+003 -6.88516e+000  3.64314e+000  5.89417e+002
          5874  5.79558e+002  5.87400e+003 -6.81238e+000  3.64008e+000  5.89500e+002
          5875  5.79648e+002  5.87500e+003 -6.73789e+000  3.63703e+000  5.89583e+002
          5876  5.79735e+002  5.87600e+003 -6.66140e+000  3.63393e+000  5.89667e+002
          5877  5.79823e+002  5.87700e+003 -6.58770e+000  3.63081e+000  5.89750e+002
          5878  5.79904e+002  5.87800e+003 -6.51552e+000  3.62768e+000  5.89833e+002
          5879  5.79988e+002  5.87900e+003 -6.44364e+000  3.62456e+000  5.89917e+002
          5880  5.80077e+002  5.88000e+003 -6.36938e+000  3.62136e+000  5.90000e+002
          5881  5.80166e+002  5.88100e+003 -6.29520e+000  3.61824e+000  5.90083e+002
          5882  5.80246e+002  5.88200e+003 -6.22095e+000  3.61514e+000  5.90167e+002
          5883  5.80334e+002  5.88300e+003 -6.14569e+000  3.61206e+000  5.90250e+002
          5884  5.80422e+002  5.88400e+003 -6.06947e+000  3.60896e+000  5.90333e+002
          5885  5.80492e+002  5.88500e+003 -5.99322e+000  3.60583e+000  5.90417e+002
          5886  5.80589e+002  5.88600e+003 -5.91766e+000  3.60269e+000  5.90500e+002
          5887  5.80666e+002  5.88700e+003 -5.84256e+000  3.59956e+000  5.90583e+002
          5888  5.80762e+002  5.88800e+003 -5.76612e+000  3.59637e+000  5.90667e+002
          5889  5.80848e+002  5.88900e+003 -5.68906e+000  3.59321e+000  5.90750e+002
          5890  5.80930e+002  5.89000e+003 -5.61179e+000  3.59003e+000  5.90833e+002
          5891  5.81011e+002  5.89100e+003 -5.53436e+000  3.58684e+000  5.90917e+002
          5892  5.81097e+002  5.89200e+003 -5.45306e+000  3.58371e+000  5.91000e+002
          5893  5.81182e+002  5.89300e+003 -5.37510e+000  3.58057e+000  5.91083e+002
          5894  5.81267e+002  5.89400e+003 -5.29915e+000  3.57744e+000  5.91167e+002
          5895  5.81353e+002  5.89500e+003 -5.22344e+000  3.57432e+000  5.91250e+002
          5896  5.81430e+002  5.89600e+003 -5.14769e+000  3.57112e+000  5.91333e+002
          5897  5.81523e+002  5.89700e+003 -5.06981e+000  3.56793e+000  5.91417e+002
          5898  5.81610e+002  5.89800e+003 -4.99191e+000  3.56475e+000  5.91500e+002
          5899  5.81704e+002  5.89900e+003 -4.91339e+000  3.56159e+000  5.91583e+002
          5900  5.81780e+002  5.90000e+003 -4.83354e+000  3.55837e+000  5.91667e+002
          5901  5.81862e+002  5.90100e+003 -4.75481e+000  3.55515e+000  5.91750e+002
          5902  5.81956e+002  5.90200e+003 -4.67666e+000  3.55193e+000  5.91833e+002
          5903  5.82048e+002  5.90300e+003 -4.59879e+000  3.54873e+000  5.91917e+002
          5904  5.82126e+002  5.90400e+003 -4.52135e+000  3.54558e+000  5.92000e+002
          5905  5.82210e+002  5.90500e+003 -4.44437e+000  3.54240e+000  5.92083e+002
          5906  5.82298e+002  5.90600e+003 -4.36831e+000  3.53919e+000  5.92167e+002
          5907  5.82382e+002  5.90700e+003 -4.29190e+000  3.53597e+000  5.92250e+002
          5908  5.82477e+002  5.90800e+003 -4.21384e+000  3.53279e+000  5.92333e+002
          5909  5.82563e+002  5.90900e+003 -4.13652e+000  3.52959e+000  5.92417e+002
          5910  5.82641e+002  5.91000e+003 -4.05979e+000  3.52635e+000  5.92500e+002
          5911  5.82732e+002  5.91100e+003 -3.98362e+000  3.52311e+000  5.92583e+002
          5912  5.82815e+002  5.91200e+003 -3.91062e+000  3.51988e+000  5.92667e+002
          5913  5.82908e+002  5.91300e+003 -3.83500e+000  3.51665e+000  5.92750e+002
          5914  5.82990e+002  5.91400e+003 -3.75940e+000  3.51339e+000  5.92833e+002
          5915  5.83073e+002  5.91500e+003 -3.68376e+000  3.51012e+000  5.92917e+002
          5916  5.83154e+002  5.91600e+003 -3.60754e+000  3.50690e+000  5.93000e+002
          5917  5.83246e+002  5.91700e+003 -3.53144e+000  3.50366e+000  5.93083e+002
          5918  5.83330e+002  5.91800e+003 -3.45602e+000  3.50039e+000  5.93167e+002
          5919  5.83410e+002  5.91900e+003 -3.38055e+000  3.49712e+000  5.93250e+002
          5920  5.83491e+002  5.92000e+003 -3.30413e+000  3.49387e+000  5.93333e+002
          5921  5.83586e+002  5.92100e+003 -3.22805e+000  3.49058e+000  5.93417e+002
          5922  5.83671e+002  5.92200e+003 -3.15161e+000  3.48729e+000  5.93500e+002
          5923  5.83745e+002  5.92300e+003 -3.07427e+000  3.48401e+000  5.93583e+002
          5924  5.83845e+002  5.92400e+003 -2.99704e+000  3.48074e+000  5.93667e+002
          5925  5.83930e+002  5.92500e+003 -2.91840e+000  3.47744e+000  5.93750e+002
          5926  5.84009e+002  5.92600e+003 -2.83831e+000  3.47415e+000  5.93833e+002
          5927  5.84106e+002  5.92700e+003 -2.75865e+000  3.47089e+000  5.93917e+002
          5928  5.84183e+002  5.92800e+003 -2.67791e+000  3.46758e+000  5.94000e+002
          5929  5.84271e+002  5.92900e+003 -2.59856e+000  3.46428e+000  5.94083e+002
          5930  5.84353e+002  5.93000e+003 -2.51909e+000  3.46099e+000  5.94167e+002
          5931  5.84441e+002  5.93100e+003 -2.44034e+000  3.45765e+000  5.94250e+002
          5932  5.84527e+002  5.93200e+003 -2.35968e+000  3.45430e+000  5.94333e+002
          5933  5.84612e+002  5.93300e+003 -2.28027e+000  3.45098e+000  5.94417e+002
          5934  5.84695e+002  5.93400e+003 -2.20033e+000  3.44763e+000  5.94500e+002
          5935  5.84785e+002  5.93500e+003 -2.11999e+000  3.44429e+000  5.94583e+002
          5936  5.84874e+002  5.93600e+003 -2.04223e+000  3.44100e+000  5.94667e+002
          5937  5.84949e+002  5.93700e+003 -1.96437e+000  3.43766e+000  5.94750e+002
          5938  5.85038e+002  5.93800e+003 -1.88683e+000  3.43431e+000  5.94833e+002
          5939  5.85122e+002  5.93900e+003 -1.80789e+000  3.43092e+000  5.94917e+002
          5940  5.85222e+002  5.94000e+003 -1.73132e+000  3.42755e+000  5.95000e+002
          5941  5.85307e+002  5.94100e+003 -1.65482e+000  3.42419e+000  5.95083e+002
          5942  5.85385e+002  5.94200e+003 -1.57739e+000  3.42081e+000  5.95167e+002
          5943  5.85475e+002  5.94300e+003 -1.49935e+000  3.41744e+000  5.95250e+002
          5944  5.85559e+002  5.94400e+003 -1.42234e+000  3.41409e+000  5.95333e+002
          5945  5.85647e+002  5.94500e+003 -1.34408e+000  3.41072e+000  5.95417e+002
          5946  5.85732e+002  5.94600e+003 -1.26601e+000  3.40735e+000  5.95500e+002
          5947  5.85812e+002  5.94700e+003 -1.18976e+000  3.40394e+000  5.95583e+002
          5948  5.85902e+002  5.94800e+003 -1.11333e+000  3.40057e+000  5.95667e+002
          5949  5.85986e+002  5.94900e+003 -1.03477e+000  3.39721e+000  5.95750e+002
          5950  5.86069e+002  5.95000e+003 -9.56601e-001  3.39382e+000  5.95833e+002
          5951  5.86156e+002  5.95100e+003 -8.78020e-001  3.39044e+000  5.95917e+002
          5952  5.86238e+002  5.95200e+003 -7.96347e-001  3.38701e+000  5.96000e+002
          5953  5.86321e+002  5.95300e+003 -7.15358e-001  3.38362e+000  5.96083e+002
          5954  5.86412e+002  5.95400e+003 -6.33430e-001  3.38024e+000  5.96167e+002
          5955  5.86492e+002  5.95500e+003 -5.51544e-001  3.37683e+000  5.96250e+002
          5956  5.86583e+002  5.95600e+003 -4.68662e-001  3.37340e+000  5.96333e+002
          5957  5.86670e+002  5.95700e+003 -3.86108e-001  3.36997e+000  5.96417e+002
          5958  5.86751e+002  5.95800e+003 -3.04064e-001  3.36655e+000  5.96500e+002
          5959  5.86850e+002  5.95900e+003 -2.23325e-001  3.36309e+000  5.96583e+002
          5960  5.86923e+002  5.96000e+003 -1.36526e-001  3.35968e+000  5.96667e+002
          5961  5.87003e+002  5.96100e+003 -5.27809e-002  3.35628e+000  5.96750e+002
          5962  5.87093e+002  5.96200e+003  3.04840e-002  3.35286e+000  5.96833e+002
          5963  5.87184e+002  5.96300e+003  1.13447e-001  3.34945e+000  5.96917e+002
          5964  5.87266e+002  5.96400e+003  1.93887e-001  3.34603e+000  5.97000e+002
          5965  5.87355e+002  5.96500e+003  2.76589e-001  3.34261e+000  5.97083e+002
          5966  5.87441e+002  5.96600e+003  3.60391e-001  3.33915e+000  5.97167e+002
          5967  5.87519e+002  5.96700e+003  4.44947e-001  3.33572e+000  5.97250e+002
          5968  5.87608e+002  5.96800e+003  5.26520e-001  3.33219e+000  5.97333e+002
          5969  5.87693e+002  5.96900e+003  6.12011e-001  3.32871e+000  5.97417e+002
          5970  5.87778e+002  5.97000e+003  6.97127e-001  3.32522e+000  5.97500e+002
          5971  5.87868e+002  5.97100e+003  7.80936e-001  3.32175e+000  5.97583e+002
          5972  5.87948e+002  5.97200e+003  8.67343e-001  3.31823e+000  5.97667e+002
          5973  5.88039e+002  5.97300e+003  9.52471e-001  3.31473e+000  5.97750e+002
          5974  5.88122e+002  5.97400e+003  1.03784e+000  3.31123e+000  5.97833e+002
          5975  5.88211e+002  5.97500e+003  1.12374e+000  3.30775e+000  5.97917e+002
          5976  5.88299e+002  5.97600e+003  1.21121e+000  3.30423e+000  5.98000e+002
          5977  5.88380e+002  5.97700e+003  1.29732e+000  3.30074e+000  5.98083e+002
          5978  5.88469e+002  5.97800e+003  1.38365e+000  3.29723e+000  5.98167e+002
          5979  5.88554e+002  5.97900e+003  1.46979e+000  3.29375e+000  5.98250e+002
          5980  5.88634e+002  5.98000e+003  1.55431e+000  3.29023e+000  5.98333e+002
          5981  5.88722e+002  5.98100e+003  1.64096e+000  3.28674e+000  5.98417e+002
          5982  5.88809e+002  5.98200e+003  1.72793e+000  3.28320e+000  5.98500e+002
          5983  5.88895e+002  5.98300e+003  1.81542e+000  3.27964e+000  5.98583e+002
          5984  5.88982e+002  5.98400e+003  1.90761e+000  3.27608e+000  5.98667e+002
          5985  5.89060e+002  5.98500e+003  1.99755e+000  3.27252e+000  5.98750e+002
          5986  5.89155e+002  5.98600e+003  2.08666e+000  3.26897e+000  5.98833e+002
          5987  5.89239e+002  5.98700e+003  2.17407e+000  3.26540e+000  5.98917e+002
          5988  5.89323e+002  5.98800e+003  2.26558e+000  3.26187e+000  5.99000e+002
          5989  5.89407e+002  5.98900e+003  2.35755e+000  3.25831e+000  5.99083e+002
          5990  5.89497e+002  5.99000e+003  2.44827e+000  3.25472e+000  5.99167e+002
          5991  5.89587e+002  5.99100e+003  2.53729e+000  3.25116e+000  5.99250e+002
          5992  5.89673e+002  5.99200e+003  2.63053e+000  3.24758e+000  5.99333e+002
          5993  5.89760e+002  5.99300e+003  2.72257e+000  3.24401e+000  5.99417e+002
          5994  5.89840e+002  5.99400e+003  2.81256e+000  3.24042e+000  5.99500e+002
          5995  5.89923e+002  5.99500e+003  2.90116e+000  3.23680e+000  5.99583e+002
          5996  5.90004e+002  5.99600e+003  2.98954e+000  3.23319e+000  5.99667e+002
          5997  5.90093e+002  5.99700e+003  3.07869e+000  3.22959e+000  5.99750e+002
          5998  5.90182e+002  5.99800e+003  3.16848e+000  3.22602e+000  5.99833e+002
          5999  5.90260e+002  5.99900e+003  3.25828e+000  3.22242e+000  5.99917e+002
          6000  5.90358e+002  6.00000e+003  3.34832e+000  3.21881e+000  6.00000e+002
          6001  5.90446e+002  6.00100e+003  3.43871e+000  3.21522e+000  6.00083e+002
          6002  5.90529e+002  6.00200e+003  3.52848e+000  3.21159e+000  6.00167e+002
          6003  5.90624e+002  6.00300e+003  3.61881e+000  3.20794e+000  6.00250e+002
          6004  5.90702e+002  6.00400e+003  3.70940e+000  3.20429e+000  6.00333e+002
          6005  5.90788e+002  6.00500e+003  3.80079e+000  3.20063e+000  6.00417e+002
          6006  5.90868e+002  6.00600e+003  3.89227e+000  3.19696e+000  6.00500e+002
          6007  5.90951e+002  6.00700e+003  3.98301e+000  3.19333e+000  6.00583e+002
          6008  5.91039e+002  6.00800e+003  4.07876e+000  3.18967e+000  6.00667e+002
          6009  5.91131e+002  6.00900e+003  4.17099e+000  3.18601e+000  6.00750e+002
          6010  5.91215e+002  6.01000e+003  4.26338e+000  3.18236e+000  6.00833e+002
          6011  5.91304e+002  6.01100e+003  4.35643e+000  3.17870e+000  6.00917e+002
          6012  5.91395e+002  6.01200e+003  4.45283e+000  3.17500e+000  6.01000e+002
          6013  5.91479e+002  6.01300e+003  4.54780e+000  3.17134e+000  6.01083e+002
          6014  5.91562e+002  6.01400e+003  4.64233e+000  3.16766e+000  6.01167e+002
          6015  5.91639e+002  6.01500e+003  4.73608e+000  3.16397e+000  6.01250e+002
          6016  5.91732e+002  6.01600e+003  4.83086e+000  3.16024e+000  6.01333e+002
          6017  5.91814e+002  6.01700e+003  4.92646e+000  3.15655e+000  6.01417e+002
          6018  5.91901e+002  6.01800e+003  5.02358e+000  3.15284e+000  6.01500e+002
          6019  5.91986e+002  6.01900e+003  5.12108e+000  3.14911e+000  6.01583e+002
          6020  5.92080e+002  6.02000e+003  5.22324e+000  3.14541e+000  6.01667e+002
          6021  5.92164e+002  6.02100e+003  5.32227e+000  3.14171e+000  6.01750e+002
          6022  5.92249e+002  6.02200e+003  5.42100e+000  3.13798e+000  6.01833e+002
          6023  5.92336e+002  6.02300e+003  5.52020e+000  3.13423e+000  6.01917e+002
          6024  5.92414e+002  6.02400e+003  5.61745e+000  3.13058e+000  6.02000e+002
          6025  5.92503e+002  6.02500e+003  5.71710e+000  3.12687e+000  6.02083e+002
          6026  5.92597e+002  6.02600e+003  5.81709e+000  3.12312e+000  6.02167e+002
          6027  5.92672e+002  6.02700e+003  5.91640e+000  3.11936e+000  6.02250e+002
          6028  5.92770e+002  6.02800e+003  6.01964e+000  3.11565e+000  6.02333e+002
          6029  5.92849e+002  6.02900e+003  6.12045e+000  3.11192e+000  6.02417e+002
          6030  5.92932e+002  6.03000e+003  6.21982e+000  3.10816e+000  6.02500e+002
          6031  5.93028e+002  6.03100e+003  6.31927e+000  3.10437e+000  6.02583e+002
          6032  5.93104e+002  6.03200e+003  6.42128e+000  3.10058e+000  6.02667e+002
          6033  5.93191e+002  6.03300e+003  6.52301e+000  3.09682e+000  6.02750e+002
          6034  5.93283e+002  6.03400e+003  6.62407e+000  3.09305e+000  6.02833e+002
          6035  5.93367e+002  6.03500e+003  6.72552e+000  3.08926e+000  6.02917e+002
          6036  5.93451e+002  6.03600e+003  6.82630e+000  3.08544e+000  6.03000e+002
          6037  5.93535e+002  6.03700e+003  6.92660e+000  3.08168e+000  6.03083e+002
          6038  5.93626e+002  6.03800e+003  7.02604e+000  3.07792e+000  6.03167e+002
          6039  5.93709e+002  6.03900e+003  7.12536e+000  3.07414e+000  6.03250e+002
          6040  5.93796e+002  6.04000e+003  7.22624e+000  3.07034e+000  6.03333e+002
          6041  5.93887e+002  6.04100e+003  7.32460e+000  3.06652e+000  6.03417e+002
          6042  5.93979e+002  6.04200e+003  7.42171e+000  3.06269e+000  6.03500e+002
          6043  5.94058e+002  6.04300e+003  7.51906e+000  3.05890e+000  6.03583e+002
          6044  5.94143e+002  6.04400e+003  7.61292e+000  3.05506e+000  6.03667e+002
          6045  5.94237e+002  6.04500e+003  7.70818e+000  3.05123e+000  6.03750e+002
          6046  5.94313e+002  6.04600e+003  7.80266e+000  3.04739e+000  6.03833e+002
          6047  5.94405e+002  6.04700e+003  7.89815e+000  3.04355e+000  6.03917e+002
          6048  5.94487e+002  6.04800e+003  7.99069e+000  3.03968e+000  6.04000e+002
          6049  5.94575e+002  6.04900e+003  8.08515e+000  3.03579e+000  6.04083e+002
          6050  5.94662e+002  6.05000e+003  8.17855e+000  3.03190e+000  6.04167e+002
          6051  5.94744e+002  6.05100e+003  8.27101e+000  3.02806e+000  6.04250e+002
          6052  5.94831e+002  6.05200e+003  8.36097e+000  3.02417e+000  6.04333e+002
          6053  5.94924e+002  6.05300e+003  8.45125e+000  3.02031e+000  6.04417e+002
          6054  5.95004e+002  6.05400e+003  8.54217e+000  3.01644e+000  6.04500e+002
          6055  5.95081e+002  6.05500e+003  8.63317e+000  3.01256e+000  6.04583e+002
          6056  5.95180e+002  6.05600e+003  8.72128e+000  3.00870e+000  6.04667e+002
          6057  5.95271e+002  6.05700e+003  8.80958e+000  3.00480e+000  6.04750e+002
          6058  5.95349e+002  6.05800e+003  8.89765e+000  3.00088e+000  6.04833e+002
          6059  5.95443e+002  6.05900e+003  8.98659e+000  2.99695e+000  6.04917e+002
          6060  5.95528e+002  6.06000e+003  9.06873e+000  2.99297e+000  6.05000e+002
          6061  5.95605e+002  6.06100e+003  9.15484e+000  2.98908e+000  6.05083e+002
          6062  5.95700e+002  6.06200e+003  9.24202e+000  2.98520e+000  6.05167e+002
          6063  5.95781e+002  6.06300e+003  9.33001e+000  2.98133e+000  6.05250e+002
          6064  5.95866e+002  6.06400e+003  9.41571e+000  2.97749e+000  6.05333e+002
          6065  5.95950e+002  6.06500e+003  9.50125e+000  2.97362e+000  6.05417e+002
          6066  5.96041e+002  6.06600e+003  9.58755e+000  2.96972e+000  6.05500e+002
          6067  5.96123e+002  6.06700e+003  9.67333e+000  2.96581e+000  6.05583e+002
          6068  5.96212e+002  6.06800e+003  9.75638e+000  2.96185e+000  6.05667e+002
          6069  5.96301e+002  6.06900e+003  9.83828e+000  2.95790e+000  6.05750e+002
          6070  5.96380e+002  6.07000e+003  9.91977e+000  2.95394e+000  6.05833e+002
          6071  5.96468e+002  6.07100e+003  1.00022e+001  2.94998e+000  6.05917e+002
          6072  5.96559e+002  6.07200e+003  1.00802e+001  2.94597e+000  6.06000e+002
          6073  5.96640e+002  6.07300e+003  1.01593e+001  2.94198e+000  6.06083e+002
          6074  5.96723e+002  6.07400e+003  1.02396e+001  2.93799e+000  6.06167e+002
          6075  5.96809e+002  6.07500e+003  1.03190e+001  2.93400e+000  6.06250e+002
          6076  5.96897e+002  6.07600e+003  1.03917e+001  2.93000e+000  6.06333e+002
          6077  5.96981e+002  6.07700e+003  1.04676e+001  2.92600e+000  6.06417e+002
          6078  5.97063e+002  6.07800e+003  1.05442e+001  2.92200e+000  6.06500e+002
          6079  5.97150e+002  6.07900e+003  1.06199e+001  2.91800e+000  6.06583e+002
          6080  5.97239e+002  6.08000e+003  1.06950e+001  2.91400e+000  6.06667e+002
          6081  5.97321e+002  6.08100e+003  1.07714e+001  2.91000e+000  6.06750e+002
          6082  5.97407e+002  6.08200e+003  1.08482e+001  2.90600e+000  6.06833e+002
          6083  5.97487e+002  6.08300e+003  1.09256e+001  2.90200e+000  6.06917e+002
          6084  5.97578e+002  6.08400e+003  1.10018e+001  2.89800e+000  6.07000e+002
          6085  5.97669e+002  6.08500e+003  1.10786e+001  2.89400e+000  6.07083e+002
          6086  5.97759e+002  6.08600e+003  1.11556e+001  2.89000e+000  6.07167e+002
          6087  5.97834e+002  6.08700e+003  1.12331e+001  2.88600e+000  6.07250e+002
          6088  5.97917e+002  6.08800e+003  1.13124e+001  2.88200e+000  6.07333e+002
          6089  5.97997e+002  6.08900e+003  1.13905e+001  2.87800e+000  6.07417e+002
          6090  5.98095e+002  6.09000e+003  1.14696e+001  2.87400e+000  6.07500e+002
          6091  5.98180e+002  6.09100e+003  1.15486e+001  2.87000e+000  6.07583e+002
          6092  5.98267e+002  6.09200e+003  1.16322e+001  2.86600e+000  6.07667e+002
          6093  5.98348e+002  6.09300e+003  1.17134e+001  2.86200e+000  6.07750e+002
          6094  5.98433e+002  6.09400e+003  1.17952e+001  2.85800e+000  6.07833e+002
          6095  5.98513e+002  6.09500e+003  1.18773e+001  2.85400e+000  6.07917e+002
          6096  5.98609e+002  6.09600e+003  1.19596e+001  2.84997e+000  6.08000e+002
          6097  5.98693e+002  6.09700e+003  1.20431e+001  2.84588e+000  6.08083e+002
          6098  5.98774e+002  6.09800e+003  1.21262e+001  2.84178e+000  6.08167e+002
          6099  5.98866e+002  6.09900e+003  1.22094e+001  2.83767e+000  6.08250e+002
          6100  5.98944e+002  6.10000e+003  1.22949e+001  2.83350e+000  6.08333e+002
          6101  5.99036e+002  6.10100e+003  1.23798e+001  2.82938e+000  6.08417e+002
          6102  5.99122e+002  6.10200e+003  1.24667e+001  2.82528e+000  6.08500e+002
          6103  5.99209e+002  6.10300e+003  1.25529e+001  2.82119e+000  6.08583e+002
          6104  5.99287e+002  6.10400e+003  1.26419e+001  2.81714e+000  6.08667e+002
          6105  5.99369e+002  6.10500e+003  1.27290e+001  2.81310e+000  6.08750e+002
          6106  5.99464e+002  6.10600e+003  1.28154e+001  2.80905e+000  6.08833e+002
          6107  5.99550e+002  6.10700e+003  1.29019e+001  2.80502e+000  6.08917e+002
          6108  5.99633e+002  6.10800e+003  1.29906e+001  2.80092e+000  6.09000e+002
          6109  5.99722e+002  6.10900e+003  1.30795e+001  2.79680e+000  6.09083e+002
          6110  5.99800e+002  6.11000e+003  1.31698e+001  2.79268e+000  6.09167e+002
          6111  5.99895e+002  6.11100e+003  1.32594e+001  2.78856e+000  6.09250e+002
          6112  5.99980e+002  6.11200e+003  1.33517e+001  2.78436e+000  6.09333e+002
          6113  6.00061e+002  6.11300e+003  1.34430e+001  2.78024e+000  6.09417e+002
          6114  6.00137e+002  6.11400e+003  1.35351e+001  2.77614e+000  6.09500e+002
          6115  6.00235e+002  6.11500e+003  1.36286e+001  2.77206e+000  6.09583e+002
          6116  6.00316e+002  6.11600e+003  1.37255e+001  2.76796e+000  6.09667e+002
          6117  6.00410e+002  6.11700e+003  1.38228e+001  2.76383e+000  6.09750e+002
          6118  6.00490e+002  6.11800e+003  1.39208e+001  2.75969e+000  6.09833e+002
          6119  6.00581e+002  6.11900e+003  1.40193e+001  2.75556e+000  6.09917e+002
          6120  6.00664e+002  6.12000e+003  1.41245e+001  2.75134e+000  6.10000e+002
          6121  6.00748e+002  6.12100e+003  1.42263e+001  2.74712e+000  6.10083e+002
          6122  6.00842e+002  6.12200e+003  1.43276e+001  2.74292e+000  6.10167e+002
          6123  6.00930e+002  6.12300e+003  1.44291e+001  2.73873e+000  6.10250e+002
          6124  6.01010e+002  6.12400e+003  1.45410e+001  2.73457e+000  6.10333e+002
          6125  6.01099e+002  6.12500e+003  1.46480e+001  2.73043e+000  6.10417e+002
          6126  6.01183e+002  6.12600e+003  1.47558e+001  2.72627e+000  6.10500e+002
          6127  6.01268e+002  6.12700e+003  1.48638e+001  2.72208e+000  6.10583e+002
          6128  6.01350e+002  6.12800e+003  1.49757e+001  2.71792e+000  6.10667e+002
          6129  6.01439e+002  6.12900e+003  1.50867e+001  2.71376e+000  6.10750e+002
          6130  6.01521e+002  6.13000e+003  1.51986e+001  2.70957e+000  6.10833e+002
          6131  6.01614e+002  6.13100e+003  1.53105e+001  2.70534e+000  6.10917e+002
          6132  6.01705e+002  6.13200e+003  1.54262e+001  2.70108e+000  6.11000e+002
          6133  6.01787e+002  6.13300e+003  1.55410e+001  2.69686e+000  6.11083e+002
          6134  6.01877e+002  6.13400e+003  1.56564e+001  2.69264e+000  6.11167e+002
          6135  6.01963e+002  6.13500e+003  1.57729e+001  2.68837e+000  6.11250e+002
          6136  6.02045e+002  6.13600e+003  1.58964e+001  2.68411e+000  6.11333e+002
          6137  6.02134e+002  6.13700e+003  1.60151e+001  2.67988e+000  6.11417e+002
          6138  6.02220e+002  6.13800e+003  1.61335e+001  2.67565e+000  6.11500e+002
          6139  6.02306e+002  6.13900e+003  1.62525e+001  2.67137e+000  6.11583e+002
          6140  6.02390e+002  6.14000e+003  1.63754e+001  2.66712e+000  6.11667e+002
          6141  6.02475e+002  6.14100e+003  1.64951e+001  2.66286e+000  6.11750e+002
          6142  6.02574e+002  6.14200e+003  1.66148e+001  2.65856e+000  6.11833e+002
          6143  6.02647e+002  6.14300e+003  1.67353e+001  2.65426e+000  6.11917e+002
          6144  6.02749e+002  6.14400e+003  1.68599e+001  2.64996e+000  6.12000e+002
          6145  6.02835e+002  6.14500e+003  1.69824e+001  2.64563e+000  6.12083e+002
          6146  6.02917e+002  6.14600e+003  1.71037e+001  2.64132e+000  6.12167e+002
          6147  6.03004e+002  6.14700e+003  1.72240e+001  2.63703e+000  6.12250e+002
          6148  6.03093e+002  6.14800e+003  1.73468e+001  2.63267e+000  6.12333e+002
          6149  6.03181e+002  6.14900e+003  1.74698e+001  2.62834e+000  6.12417e+002
          6150  6.03263e+002  6.15000e+003  1.75933e+001  2.62402e+000  6.12500e+002
          6151  6.03356e+002  6.15100e+003  1.77158e+001  2.61967e+000  6.12583e+002
          6152  6.03440e+002  6.15200e+003  1.78398e+001  2.61532e+000  6.12667e+002
          6153  6.03527e+002  6.15300e+003  1.79630e+001  2.61099e+000  6.12750e+002
          6154  6.03613e+002  6.15400e+003  1.80861e+001  2.60664e+000  6.12833e+002
          6155  6.03692e+002  6.15500e+003  1.82094e+001  2.60230e+000  6.12917e+002
          6156  6.03777e+002  6.15600e+003  1.83300e+001  2.59792e+000  6.13000e+002
          6157  6.03871e+002  6.15700e+003  1.84511e+001  2.59356e+000  6.13083e+002
          6158  6.03950e+002  6.15800e+003  1.85731e+001  2.58920e+000  6.13167e+002
          6159  6.04044e+002  6.15900e+003  1.86943e+001  2.58481e+000  6.13250e+002
          6160  6.04130e+002  6.16000e+003  1.88125e+001  2.58038e+000  6.13333e+002
          6161  6.04213e+002  6.16100e+003  1.89323e+001  2.57596e+000  6.13417e+002
          6162  6.04308e+002  6.16200e+003  1.90516e+001  2.57157e+000  6.13500e+002
          6163  6.04400e+002  6.16300e+003  1.91698e+001  2.56720e+000  6.13583e+002
          6164  6.04478e+002  6.16400e+003  1.92814e+001  2.56280e+000  6.13667e+002
          6165  6.04561e+002  6.16500e+003  1.93947e+001  2.55840e+000  6.13750e+002
          6166  6.04649e+002  6.16600e+003  1.95084e+001  2.55398e+000  6.13833e+002
          6167  6.04735e+002  6.16700e+003  1.96215e+001  2.54958e+000  6.13917e+002
          6168  6.04829e+002  6.16800e+003  1.97305e+001  2.54510e+000  6.14000e+002
          6169  6.04914e+002  6.16900e+003  1.98419e+001  2.54065e+000  6.14083e+002
          6170  6.05002e+002  6.17000e+003  1.99530e+001  2.53618e+000  6.14167e+002
          6171  6.05084e+002  6.17100e+003  2.00634e+001  2.53173e+000  6.14250e+002
          6172  6.05170e+002  6.17200e+003  2.01613e+001  2.52721e+000  6.14333e+002
          6173  6.05252e+002  6.17300e+003  2.02634e+001  2.52275e+000  6.14417e+002
          6174  6.05349e+002  6.17400e+003  2.03643e+001  2.51831e+000  6.14500e+002
          6175  6.05428e+002  6.17500e+003  2.04645e+001  2.51386e+000  6.14583e+002
          6176  6.05521e+002  6.17600e+003  2.05590e+001  2.50944e+000  6.14667e+002
          6177  6.05609e+002  6.17700e+003  2.06539e+001  2.50500e+000  6.14750e+002
          6178  6.05687e+002  6.17800e+003  2.07478e+001  2.50056e+000  6.14833e+002
          6179  6.05774e+002  6.17900e+003  2.08403e+001  2.49610e+000  6.14917e+002
          6180  6.05852e+002  6.18000e+003  2.09186e+001  2.49166e+000  6.15000e+002
          6181  6.05948e+002  6.18100e+003  2.10041e+001  2.48719e+000  6.15083e+002
          6182  6.06027e+002  6.18200e+003  2.10908e+001  2.48273e+000  6.15167e+002
          6183  6.06112e+002  6.18300e+003  2.11772e+001  2.47823e+000  6.15250e+002
          6184  6.06198e+002  6.18400e+003  2.12538e+001  2.47366e+000  6.15333e+002
          6185  6.06291e+002  6.18500e+003  2.13342e+001  2.46912e+000  6.15417e+002
          6186  6.06370e+002  6.18600e+003  2.14138e+001  2.46456e+000  6.15500e+002
          6187  6.06460e+002  6.18700e+003  2.14916e+001  2.46003e+000  6.15583e+002
          6188  6.06538e+002  6.18800e+003  2.15620e+001  2.45541e+000  6.15667e+002
          6189  6.06619e+002  6.18900e+003  2.16360e+001  2.45085e+000  6.15750e+002
          6190  6.06711e+002  6.19000e+003  2.17089e+001  2.44630e+000  6.15833e+002
          6191  6.06795e+002  6.19100e+003  2.17820e+001  2.44178e+000  6.15917e+002
          6192  6.06883e+002  6.19200e+003  2.18507e+001  2.43727e+000  6.16000e+002
          6193  6.06973e+002  6.19300e+003  2.19218e+001  2.43276e+000  6.16083e+002
          6194  6.07049e+002  6.19400e+003  2.19934e+001  2.42822e+000  6.16167e+002
          6195  6.07135e+002  6.19500e+003  2.20659e+001  2.42364e+000  6.16250e+002
          6196  6.07216e+002  6.19600e+003  2.21289e+001  2.41909e+000  6.16333e+002
          6197  6.07305e+002  6.19700e+003  2.21969e+001  2.41452e+000  6.16417e+002
          6198  6.07393e+002  6.19800e+003  2.22648e+001  2.40997e+000  6.16500e+002
          6199  6.07481e+002  6.19900e+003  2.23319e+001  2.40540e+000  6.16583e+002
          6200  6.07557e+002  6.20000e+003  2.24009e+001  2.40088e+000  6.16667e+002
          6201  6.07650e+002  6.20100e+003  2.24691e+001  2.39634e+000  6.16750e+002
          6202  6.07736e+002  6.20200e+003  2.25357e+001  2.39181e+000  6.16833e+002
          6203  6.07824e+002  6.20300e+003  2.26021e+001  2.38727e+000  6.16917e+002
          6204  6.07906e+002  6.20400e+003  2.26674e+001  2.38271e+000  6.17000e+002
          6205  6.07993e+002  6.20500e+003  2.27324e+001  2.37815e+000  6.17083e+002
          6206  6.08078e+002  6.20600e+003  2.27976e+001  2.37358e+000  6.17167e+002
          6207  6.08161e+002  6.20700e+003  2.28626e+001  2.36903e+000  6.17250e+002
          6208  6.08252e+002  6.20800e+003  2.29202e+001  2.36439e+000  6.17333e+002
          6209  6.08333e+002  6.20900e+003  2.29811e+001  2.35977e+000  6.17417e+002
          6210  6.08420e+002  6.21000e+003  2.30435e+001  2.35517e+000  6.17500e+002
          6211  6.08503e+002  6.21100e+003  2.31071e+001  2.35056e+000  6.17583e+002
          6212  6.08588e+002  6.21200e+003  2.31648e+001  2.34598e+000  6.17667e+002
          6213  6.08673e+002  6.21300e+003  2.32224e+001  2.34138e+000  6.17750e+002
          6214  6.08758e+002  6.21400e+003  2.32790e+001  2.33676e+000  6.17833e+002
          6215  6.08842e+002  6.21500e+003  2.33357e+001  2.33217e+000  6.17917e+002
          6216  6.08925e+002  6.21600e+003  2.33824e+001  2.32760e+000  6.18000e+002
          6217  6.09016e+002  6.21700e+003  2.34327e+001  2.32303e+000  6.18083e+002
          6218  6.09095e+002  6.21800e+003  2.34844e+001  2.31842e+000  6.18167e+002
          6219  6.09186e+002  6.21900e+003  2.35350e+001  2.31380e+000  6.18250e+002
          6220  6.09273e+002  6.22000e+003  2.35804e+001  2.30920e+000  6.18333e+002
          6221  6.09353e+002  6.22100e+003  2.36276e+001  2.30460e+000  6.18417e+002
          6222  6.09434e+002  6.22200e+003  2.36737e+001  2.30002e+000  6.18500e+002
          6223  6.09530e+002  6.22300e+003  2.37175e+001  2.29542e+000  6.18583e+002
          6224  6.09606e+002  6.22400e+003  2.37515e+001  2.29081e+000  6.18667e+002
          6225  6.09686e+002  6.22500e+003  2.37907e+001  2.28622e+000  6.18750e+002
          6226  6.09774e+002  6.22600e+003  2.38302e+001  2.28159e+000  6.18833e+002
          6227  6.09852e+002  6.22700e+003  2.38689e+001  2.27694e+000  6.18917e+002
          6228  6.09945e+002  6.22800e+003  2.39028e+001  2.27229e+000  6.19000e+002
          6229  6.10024e+002  6.22900e+003  2.39375e+001  2.26766e+000  6.19083e+002
          6230  6.10110e+002  6.23000e+003  2.39712e+001  2.26305e+000  6.19167e+002
          6231  6.10191e+002  6.23100e+003  2.40043e+001  2.25844e+000  6.19250e+002
          6232  6.10278e+002  6.23200e+003  2.40293e+001  2.25383e+000  6.19333e+002
          6233  6.10354e+002  6.23300e+003  2.40590e+001  2.24923e+000  6.19417e+002
          6234  6.10439e+002  6.23400e+003  2.40889e+001  2.24460e+000  6.19500e+002
          6235  6.10519e+002  6.23500e+003  2.41198e+001  2.23994e+000  6.19583e+002
          6236  6.10600e+002  6.23600e+003  2.41469e+001  2.23529e+000  6.19667e+002
          6237  6.10691e+002  6.23700e+003  2.41745e+001  2.23063e+000  6.19750e+002
          6238  6.10779e+002  6.23800e+003  2.42028e+001  2.22596e+000  6.19833e+002
          6239  6.10856e+002  6.23900e+003  2.42305e+001  2.22133e+000  6.19917e+002
          6240  6.10938e+002  6.24000e+003  2.42532e+001  2.21667e+000  6.20000e+002
          6241  6.11022e+002  6.24100e+003  2.42766e+001  2.21201e+000  6.20083e+002
          6242  6.11101e+002  6.24200e+003  2.42997e+001  2.20736e+000  6.20167e+002
          6243  6.11191e+002  6.24300e+003  2.43222e+001  2.20270e+000  6.20250e+002
          6244  6.11280e+002  6.24400e+003  2.43415e+001  2.19808e+000  6.20333e+002
          6245  6.11356e+002  6.24500e+003  2.43636e+001  2.19344e+000  6.20417e+002
          6246  6.11434e+002  6.24600e+003  2.43868e+001  2.18880e+000  6.20500e+002
          6247  6.11519e+002  6.24700e+003  2.44088e+001  2.18419e+000  6.20583e+002
          6248  6.11605e+002  6.24800e+003  2.44268e+001  2.17959e+000  6.20667e+002
          6249  6.11685e+002  6.24900e+003  2.44487e+001  2.17495e+000  6.20750e+002
          6250  6.11774e+002  6.25000e+003  2.44706e+001  2.17033e+000  6.20833e+002
          6251  6.11853e+002  6.25100e+003  2.44924e+001  2.16569e+000  6.20917e+002
          6252  6.11935e+002  6.25200e+003  2.45184e+001  2.16098e+000  6.21000e+002
          6253  6.12020e+002  6.25300e+003  2.45447e+001  2.15633e+000  6.21083e+002
          6254  6.12102e+002  6.25400e+003  2.45721e+001  2.15166e+000  6.21167e+002
          6255  6.12184e+002  6.25500e+003  2.46013e+001  2.14697e+000  6.21250e+002
          6256  6.12276e+002  6.25600e+003  2.46345e+001  2.14232e+000  6.21333e+002
          6257  6.12358e+002  6.25700e+003  2.46650e+001  2.13765e+000  6.21417e+002
          6258  6.12437e+002  6.25800e+003  2.46958e+001  2.13297e+000  6.21500e+002
          6259  6.12520e+002  6.25900e+003  2.47273e+001  2.12833e+000  6.21583e+002
          6260  6.12601e+002  6.26000e+003  2.47681e+001  2.12371e+000  6.21667e+002
          6261  6.12686e+002  6.26100e+003  2.48068e+001  2.11910e+000  6.21750e+002
          6262  6.12772e+002  6.26200e+003  2.48462e+001  2.11447e+000  6.21833e+002
          6263  6.12858e+002  6.26300e+003  2.48861e+001  2.10981e+000  6.21917e+002
          6264  6.12942e+002  6.26400e+003  2.49327e+001  2.10522e+000  6.22000e+002
          6265  6.13027e+002  6.26500e+003  2.49755e+001  2.10058e+000  6.22083e+002
          6266  6.13114e+002  6.26600e+003  2.50205e+001  2.09593e+000  6.22167e+002
          6267  6.13198e+002  6.26700e+003  2.50667e+001  2.09131e+000  6.22250e+002
          6268  6.13271e+002  6.26800e+003  2.51205e+001  2.08666e+000  6.22333e+002
          6269  6.13356e+002  6.26900e+003  2.51700e+001  2.08197e+000  6.22417e+002
          6270  6.13448e+002  6.27000e+003  2.52188e+001  2.07726e+000  6.22500e+002
          6271  6.13527e+002  6.27100e+003  2.52676e+001  2.07259e+000  6.22583e+002
          6272  6.13603e+002  6.27200e+003  2.53222e+001  2.06784e+000  6.22667e+002
          6273  6.13693e+002  6.27300e+003  2.53761e+001  2.06311e+000  6.22750e+002
          6274  6.13786e+002  6.27400e+003  2.54305e+001  2.05843e+000  6.22833e+002
          6275  6.13859e+002  6.27500e+003  2.54857e+001  2.05373e+000  6.22917e+002
          6276  6.13957e+002  6.27600e+003  2.55473e+001  2.04903e+000  6.23000e+002
          6277  6.14036e+002  6.27700e+003  2.56064e+001  2.04436e+000  6.23083e+002
          6278  6.14109e+002  6.27800e+003  2.56658e+001  2.03967e+000  6.23167e+002
          6279  6.14198e+002  6.27900e+003  2.57253e+001  2.03497e+000  6.23250e+002
          6280  6.14278e+002  6.28000e+003  2.57875e+001  2.03024e+000  6.23333e+002
          6281  6.14369e+002  6.28100e+003  2.58505e+001  2.02555e+000  6.23417e+002
          6282  6.14452e+002  6.28200e+003  2.59136e+001  2.02084e+000  6.23500e+002
          6283  6.14550e+002  6.28300e+003  2.59770e+001  2.01611e+000  6.23583e+002
          6284  6.14619e+002  6.28400e+003  2.60476e+001  2.01142e+000  6.23667e+002
          6285  6.14703e+002  6.28500e+003  2.61132e+001  2.00671e+000  6.23750e+002
          6286  6.14789e+002  6.28600e+003  2.61787e+001  2.00198e+000  6.23833e+002
          6287  6.14873e+002  6.28700e+003  2.62460e+001  1.99723e+000  6.23917e+002
          6288  6.14968e+002  6.28800e+003  2.63164e+001  1.99258e+000  6.24000e+002
          6289  6.15043e+002  6.28900e+003  2.63854e+001  1.98787e+000  6.24083e+002
          6290  6.15138e+002  6.29000e+003  2.64561e+001  1.98312e+000  6.24167e+002
          6291  6.15221e+002  6.29100e+003  2.65255e+001  1.97836e+000  6.24250e+002
          6292  6.15304e+002  6.29200e+003  2.65980e+001  1.97365e+000  6.24333e+002
          6293  6.15390e+002  6.29300e+003  2.66701e+001  1.96892e+000  6.24417e+002
          6294  6.15473e+002  6.29400e+003  2.67426e+001  1.96416e+000  6.24500e+002
          6295  6.15557e+002  6.29500e+003  2.68168e+001  1.95937e+000  6.24583e+002
          6296  6.15634e+002  6.29600e+003  2.68950e+001  1.95467e+000  6.24667e+002
          6297  6.15733e+002  6.29700e+003  2.69709e+001  1.94993e+000  6.24750e+002
          6298  6.15810e+002  6.29800e+003  2.70472e+001  1.94516e+000  6.24833e+002
          6299  6.15898e+002  6.29900e+003  2.71261e+001  1.94037e+000  6.24917e+002
          6300  6.15982e+002  6.30000e+003  2.72064e+001  1.93559e+000  6.25000e+002
          6301  6.16066e+002  6.30100e+003  2.72877e+001  1.93083e+000  6.25083e+002
          6302  6.16153e+002  6.30200e+003  2.73714e+001  1.92605e+000  6.25167e+002
          6303  6.16236e+002  6.30300e+003  2.74561e+001  1.92126e+000  6.25250e+002
          6304  6.16327e+002  6.30400e+003  2.75456e+001  1.91642e+000  6.25333e+002
          6305  6.16409e+002  6.30500e+003  2.76304e+001  1.91159e+000  6.25417e+002
          6306  6.16499e+002  6.30600e+003  2.77154e+001  1.90681e+000  6.25500e+002
          6307  6.16577e+002  6.30700e+003  2.78014e+001  1.90203e+000  6.25583e+002
          6308  6.16664e+002  6.30800e+003  2.78960e+001  1.89721e+000  6.25667e+002
          6309  6.16752e+002  6.30900e+003  2.79876e+001  1.89238e+000  6.25750e+002
          6310  6.16842e+002  6.31000e+003  2.80794e+001  1.88753e+000  6.25833e+002
          6311  6.16926e+002  6.31100e+003  2.81717e+001  1.88267e+000  6.25917e+002
          6312  6.17009e+002  6.31200e+003  2.82664e+001  1.87778e+000  6.26000e+002
          6313  6.17091e+002  6.31300e+003  2.83605e+001  1.87296e+000  6.26083e+002
          6314  6.17175e+002  6.31400e+003  2.84540e+001  1.86813e+000  6.26167e+002
          6315  6.17269e+002  6.31500e+003  2.85482e+001  1.86330e+000  6.26250e+002
          6316  6.17348e+002  6.31600e+003  2.86528e+001  1.85846e+000  6.26333e+002
          6317  6.17431e+002  6.31700e+003  2.87548e+001  1.85359e+000  6.26417e+002
          6318  6.17515e+002  6.31800e+003  2.88575e+001  1.84874e+000  6.26500e+002
          6319  6.17603e+002  6.31900e+003  2.89613e+001  1.84392e+000  6.26583e+002
          6320  6.17699e+002  6.32000e+003  2.90709e+001  1.83908e+000  6.26667e+002
          6321  6.17781e+002  6.32100e+003  2.91763e+001  1.83425e+000  6.26750e+002
          6322  6.17863e+002  6.32200e+003  2.92811e+001  1.82940e+000  6.26833e+002
          6323  6.17948e+002  6.32300e+003  2.93866e+001  1.82455e+000  6.26917e+002
          6324  6.18025e+002  6.32400e+003  2.95000e+001  1.81969e+000  6.27000e+002
          6325  6.18125e+002  6.32500e+003  2.96116e+001  1.81479e+000  6.27083e+002
          6326  6.18208e+002  6.32600e+003  2.97224e+001  1.80988e+000  6.27167e+002
          6327  6.18297e+002  6.32700e+003  2.98331e+001  1.80495e+000  6.27250e+002
          6328  6.18390e+002  6.32800e+003  2.99489e+001  1.79994e+000  6.27333e+002
          6329  6.18473e+002  6.32900e+003  3.00637e+001  1.79496e+000  6.27417e+002
          6330  6.18553e+002  6.33000e+003  3.01774e+001  1.78998e+000  6.27500e+002
          6331  6.18638e+002  6.33100e+003  3.02909e+001  1.78499e+000  6.27583e+002
          6332  6.18728e+002  6.33200e+003  3.04132e+001  1.78007e+000  6.27667e+002
          6333  6.18808e+002  6.33300e+003  3.05346e+001  1.77510e+000  6.27750e+002
          6334  6.18899e+002  6.33400e+003  3.06556e+001  1.77013e+000  6.27833e+002
          6335  6.18982e+002  6.33500e+003  3.07771e+001  1.76522e+000  6.27917e+002
          6336  6.19068e+002  6.33600e+003  3.09075e+001  1.76037e+000  6.28000e+002
          6337  6.19153e+002  6.33700e+003  3.10369e+001  1.75549e+000  6.28083e+002
          6338  6.19245e+002  6.33800e+003  3.11669e+001  1.75059e+000  6.28167e+002
          6339  6.19328e+002  6.33900e+003  3.12985e+001  1.74569e+000  6.28250e+002
          6340  6.19413e+002  6.34000e+003  3.14413e+001  1.74076e+000  6.28333e+002
          6341  6.19505e+002  6.34100e+003  3.15801e+001  1.73574e+000  6.28417e+002
          6342  6.19585e+002  6.34200e+003  3.17206e+001  1.73069e+000  6.28500e+002
          6343  6.19674e+002  6.34300e+003  3.18633e+001  1.72563e+000  6.28583e+002
          6344  6.19771e+002  6.34400e+003  3.20182e+001  1.72046e+000  6.28667e+002
          6345  6.19854e+002  6.34500e+003  3.21675e+001  1.71535e+000  6.28750e+002
          6346  6.19926e+002  6.34600e+003  3.23171e+001  1.71026e+000  6.28833e+002
          6347  6.20029e+002  6.34700e+003  3.24689e+001  1.70518e+000  6.28917e+002
          6348  6.20123e+002  6.34800e+003  3.26378e+001  1.70014e+000  6.29000e+002
          6349  6.20206e+002  6.34900e+003  3.28020e+001  1.69509e+000  6.29083e+002
          6350  6.20287e+002  6.35000e+003  3.29676e+001  1.69005e+000  6.29167e+002
          6351  6.20380e+002  6.35100e+003  3.31348e+001  1.68502e+000  6.29250e+002
          6352  6.20464e+002  6.35200e+003  3.33225e+001  1.68003e+000  6.29333e+002
          6353  6.20562e+002  6.35300e+003  3.34998e+001  1.67499e+000  6.29417e+002
          6354  6.20639e+002  6.35400e+003  3.36697e+001  1.66989e+000  6.29500e+002
          6355  6.20730e+002  6.35500e+003  3.38398e+001  1.66478e+000  6.29583e+002
          6356  6.20817e+002  6.35600e+003  3.40654e+001  1.65964e+000  6.29667e+002
          6357  6.20901e+002  6.35700e+003  3.42637e+001  1.65452e+000  6.29750e+002
          6358  6.21004e+002  6.35800e+003  3.44549e+001  1.64938e+000  6.29833e+002
          6359  6.21090e+002  6.35900e+003  3.46534e+001  1.64420e+000  6.29917e+002
          6360  6.21177e+002  6.36000e+003  3.48886e+001  1.63898e+000  6.30000e+002
          6361  6.21273e+002  6.36100e+003  3.50963e+001  1.63380e+000  6.30083e+002
          6362  6.21358e+002  6.36200e+003  3.53046e+001  1.62863e+000  6.30167e+002
          6363  6.21448e+002  6.36300e+003  3.55222e+001  1.62347e+000  6.30250e+002
          6364  6.21541e+002  6.36400e+003  3.57668e+001  1.61822e+000  6.30333e+002
          6365  6.21629e+002  6.36500e+003  3.59964e+001  1.61300e+000  6.30417e+002
          6366  6.21719e+002  6.36600e+003  3.62164e+001  1.60777e+000  6.30500e+002
          6367  6.21814e+002  6.36700e+003  3.64537e+001  1.60250e+000  6.30583e+002
          6368  6.21902e+002  6.36800e+003  3.67474e+001  1.59719e+000  6.30667e+002
          6369  6.21989e+002  6.36900e+003  3.70150e+001  1.59190e+000  6.30750e+002
          6370  6.22087e+002  6.37000e+003  3.72796e+001  1.58659e+000  6.30833e+002
          6371  6.22187e+002  6.37100e+003  3.75614e+001  1.58128e+000  6.30917e+002
          6372  6.22275e+002  6.37200e+003  3.78778e+001  1.57598e+000  6.31000e+002
          6373  6.22369e+002  6.37300e+003  3.81774e+001  1.57064e+000  6.31083e+002
          6374  6.22456e+002  6.37400e+003  3.84757e+001  1.56530e+000  6.31167e+002
          6375  6.22550e+002  6.37500e+003  3.87678e+001  1.55992e+000  6.31250e+002
          6376  6.22648e+002  6.37600e+003  3.90944e+001  1.55452e+000  6.31333e+002
          6377  6.22733e+002  6.37700e+003  3.94056e+001  1.54910e+000  6.31417e+002
          6378  6.22830e+002  6.37800e+003  3.97268e+001  1.54367e+000  6.31500e+002
          6379  6.22925e+002  6.37900e+003  4.00745e+001  1.53821e+000  6.31583e+002
          6380  6.23015e+002  6.38000e+003  4.04625e+001  1.53272e+000  6.31667e+002
          6381  6.23111e+002  6.38100e+003  4.08160e+001  1.52720e+000  6.31750e+002
          6382  6.23209e+002  6.38200e+003  4.11783e+001  1.52166e+000  6.31833e+002
          6383  6.23308e+002  6.38300e+003  4.15454e+001  1.51613e+000  6.31917e+002
          6384  6.23396e+002  6.38400e+003  4.19434e+001  1.51052e+000  6.32000e+002
          6385  6.23492e+002  6.38500e+003  4.23230e+001  1.50490e+000  6.32083e+002
          6386  6.23592e+002  6.38600e+003  4.27071e+001  1.49930e+000  6.32167e+002
          6387  6.23689e+002  6.38700e+003  4.31068e+001  1.49368e+000  6.32250e+002
          6388  6.23774e+002  6.38800e+003  4.35708e+001  1.48794e+000  6.32333e+002
          6389  6.23885e+002  6.38900e+003  4.40098e+001  1.48223e+000  6.32417e+002
          6390  6.23990e+002  6.39000e+003  4.44530e+001  1.47655e+000  6.32500e+002
          6391  6.24083e+002  6.39100e+003  4.49105e+001  1.47085e+000  6.32583e+002
          6392  6.24179e+002  6.39200e+003  4.54035e+001  1.46507e+000  6.32667e+002
          6393  6.24283e+002  6.39300e+003  4.58737e+001  1.45929e+000  6.32750e+002
          6394  6.24385e+002  6.39400e+003  4.63354e+001  1.45348e+000  6.32833e+002
          6395  6.24475e+002  6.39500e+003  4.67978e+001  1.44765e+000  6.32917e+002
          6396  6.24574e+002  6.39600e+003  4.73094e+001  1.44173e+000  6.33000e+002
          6397  6.24673e+002  6.39700e+003  4.77988e+001  1.43582e+000  6.33083e+002
          6398  6.24774e+002  6.39800e+003  4.83041e+001  1.42990e+000  6.33167e+002
          6399  6.24873e+002  6.39900e+003  4.88477e+001  1.42396e+000  6.33250e+002
          6400  6.24975e+002  6.40000e+003  4.94190e+001  1.41792e+000  6.33333e+002
          6401  6.25083e+002  6.40100e+003  4.99792e+001  1.41188e+000  6.33417e+002
          6402  6.25184e+002  6.40200e+003  5.05714e+001  1.40588e+000  6.33500e+002
          6403  6.25288e+002  6.40300e+003  5.11778e+001  1.39988e+000  6.33583e+002
          6404  6.25398e+002  6.40400e+003  5.18535e+001  1.39374e+000  6.33667e+002
          6405  6.25500e+002  6.40500e+003  5.25306e+001  1.38763e+000  6.33750e+002
          6406  6.25601e+002  6.40600e+003  5.32318e+001  1.38150e+000  6.33833e+002
          6407  6.25710e+002  6.40700e+003  5.39508e+001  1.37532e+000  6.33917e+002
          6408  6.25820e+002  6.40800e+003  5.47342e+001  1.36902e+000  6.34000e+002
          6409  6.25930e+002  6.40900e+003  5.55089e+001  1.36272e+000  6.34083e+002
          6410  6.26042e+002  6.41000e+003  5.63399e+001  1.35640e+000  6.34167e+002
          6411  6.26148e+002  6.41100e+003  5.72187e+001  1.35004e+000  6.34250e+002
          6412  6.26266e+002  6.41200e+003  5.81448e+001  1.34358e+000  6.34333e+002
          6413  6.26371e+002  6.41300e+003  5.90677e+001  1.33711e+000  6.34417e+002
          6414  6.26481e+002  6.41400e+003  6.00469e+001  1.33058e+000  6.34500e+002
          6415  6.26604e+002  6.41500e+003  6.10615e+001  1.32400e+000  6.34583e+002
          6416  6.26721e+002  6.41600e+003  6.21845e+001  1.31726e+000  6.34667e+002
          6417  6.26849e+002  6.41700e+003  6.32737e+001  1.31051e+000  6.34750e+002
          6418  6.26976e+002  6.41800e+003  6.43445e+001  1.30369e+000  6.34833e+002
          6419  6.27096e+002  6.41900e+003  6.54227e+001  1.29678e+000  6.34917e+002
          6420  6.27213e+002  6.42000e+003  6.65059e+001  1.28971e+000  6.35000e+002
          6421  6.27324e+002  6.42100e+003  6.75581e+001  1.28263e+000  6.35083e+002
          6422  6.27434e+002  6.42200e+003  6.85206e+001  1.27548e+000  6.35167e+002
          6423  6.27554e+002  6.42300e+003  6.94241e+001  1.26831e+000  6.35250e+002
          6424  6.27660e+002  6.42400e+003  7.01317e+001  1.26093e+000  6.35333e+002
          6425  6.27757e+002  6.42500e+003  7.07148e+001  1.25358e+000  6.35417e+002
          6426  6.27858e+002  6.42600e+003  7.11339e+001  1.24620e+000  6.35500e+002
          6427  6.27945e+002  6.42700e+003  7.14528e+001  1.23881e+000  6.35583e+002
          6428  6.28034e+002  6.42800e+003  7.15874e+001  1.23130e+000  6.35667e+002
          6429  6.28126e+002  6.42900e+003  7.16691e+001  1.22383e+000  6.35750e+002
          6430  6.28219e+002  6.43000e+003  7.16634e+001  1.21637e+000  6.35833e+002
          6431  6.28303e+002  6.43100e+003  7.15863e+001  1.20898e+000  6.35917e+002
          6432  6.28382e+002  6.43200e+003  7.14349e+001  1.20161e+000  6.36000e+002
          6433  6.28458e+002  6.43300e+003  7.12561e+001  1.19426e+000  6.36083e+002
          6434  6.28540e+002  6.43400e+003  7.10656e+001  1.18694e+000  6.36167e+002
          6435  6.28617e+002  6.43500e+003  7.08782e+001  1.17966e+000  6.36250e+002
          6436  6.28695e+002  6.43600e+003  7.06409e+001  1.17249e+000  6.36333e+002
          6437  6.28780e+002  6.43700e+003  7.04127e+001  1.16533e+000  6.36417e+002
          6438  6.28859e+002  6.43800e+003  7.01745e+001  1.15819e+000  6.36500e+002
          6439  6.28922e+002  6.43900e+003  6.98989e+001  1.15107e+000  6.36583e+002
          6440  6.29001e+002  6.44000e+003  6.95801e+001  1.14421e+000  6.36667e+002
          6441  6.29080e+002  6.44100e+003  6.92905e+001  1.13729e+000  6.36750e+002
          6442  6.29161e+002  6.44200e+003  6.89786e+001  1.13037e+000  6.36833e+002
          6443  6.29234e+002  6.44300e+003  6.86459e+001  1.12345e+000  6.36917e+002
          6444  6.29306e+002  6.44400e+003  6.82772e+001  1.11677e+000  6.37000e+002
          6445  6.29387e+002  6.44500e+003  6.79262e+001  1.11000e+000  6.37083e+002
          6446  6.29455e+002  6.44600e+003  6.75682e+001  1.10322e+000  6.37167e+002
          6447  6.29525e+002  6.44700e+003  6.72068e+001  1.09649e+000  6.37250e+002
          6448  6.29606e+002  6.44800e+003  6.68325e+001  1.08984e+000  6.37333e+002
          6449  6.29675e+002  6.44900e+003  6.64744e+001  1.08319e+000  6.37417e+002
          6450  6.29748e+002  6.45000e+003  6.61196e+001  1.07654e+000  6.37500e+002
          6451  6.29816e+002  6.45100e+003  6.57639e+001  1.06994e+000  6.37583e+002
          6452  6.29891e+002  6.45200e+003  6.53984e+001  1.06339e+000  6.37667e+002
          6453  6.29970e+002  6.45300e+003  6.50380e+001  1.05684e+000  6.37750e+002
          6454  6.30046e+002  6.45400e+003  6.46779e+001  1.05029e+000  6.37833e+002
          6455  6.30107e+002  6.45500e+003  6.43187e+001  1.04377e+000  6.37917e+002
          6456  6.30185e+002  6.45600e+003  6.39586e+001  1.03737e+000  6.38000e+002
          6457  6.30253e+002  6.45700e+003  6.35985e+001  1.03098e+000  6.38083e+002
          6458  6.30337e+002  6.45800e+003  6.32392e+001  1.02458e+000  6.38167e+002
          6459  6.30398e+002  6.45900e+003  6.28792e+001  1.01820e+000  6.38250e+002
          6460  6.30479e+002  6.46000e+003  6.25205e+001  1.01199e+000  6.38333e+002
          6461  6.30554e+002  6.46100e+003  6.21574e+001  1.00573e+000  6.38417e+002
          6462  6.30622e+002  6.46200e+003  6.17922e+001  9.99425e-001  6.38500e+002
          6463  6.30685e+002  6.46300e+003  6.14268e+001  9.93133e-001  6.38583e+002
          6464  6.30754e+002  6.46400e+003  6.10563e+001  9.86918e-001  6.38667e+002
          6465  6.30829e+002  6.46500e+003  6.06860e+001  9.80705e-001  6.38750e+002
          6466  6.30894e+002  6.46600e+003  6.03138e+001  9.74517e-001  6.38833e+002
          6467  6.30977e+002  6.46700e+003  5.99393e+001  9.68348e-001  6.38917e+002
          6468  6.31048e+002  6.46800e+003  5.95518e+001  9.62269e-001  6.39000e+002
          6469  6.31120e+002  6.46900e+003  5.91685e+001  9.56178e-001  6.39083e+002
          6470  6.31187e+002  6.47000e+003  5.87847e+001  9.50102e-001  6.39167e+002
          6471  6.31253e+002  6.47100e+003  5.84005e+001  9.44039e-001  6.39250e+002
          6472  6.31323e+002  6.47200e+003  5.80052e+001  9.38051e-001  6.39333e+002
          6473  6.31391e+002  6.47300e+003  5.76168e+001  9.32034e-001  6.39417e+002
          6474  6.31466e+002  6.47400e+003  5.72299e+001  9.26018e-001  6.39500e+002
          6475  6.31537e+002  6.47500e+003  5.68427e+001  9.20004e-001  6.39583e+002
          6476  6.31607e+002  6.47600e+003  5.64490e+001  9.14009e-001  6.39667e+002
          6477  6.31678e+002  6.47700e+003  5.60647e+001  9.08034e-001  6.39750e+002
          6478  6.31745e+002  6.47800e+003  5.56849e+001  9.02121e-001  6.39833e+002
          6479  6.31808e+002  6.47900e+003  5.53081e+001  8.96223e-001  6.39917e+002
          6480  6.31889e+002  6.48000e+003  5.49397e+001  8.90365e-001  6.40000e+002
          6481  6.31946e+002  6.48100e+003  5.45558e+001  8.84511e-001  6.40083e+002
          6482  6.32027e+002  6.48200e+003  5.41642e+001  8.78709e-001  6.40167e+002
          6483  6.32096e+002  6.48300e+003  5.37796e+001  8.72914e-001  6.40250e+002
          6484  6.32165e+002  6.48400e+003  5.34537e+001  8.67176e-001  6.40333e+002
          6485  6.32240e+002  6.48500e+003  5.31018e+001  8.61458e-001  6.40417e+002
          6486  6.32307e+002  6.48600e+003  5.27588e+001  8.55758e-001  6.40500e+002
          6487  6.32383e+002  6.48700e+003  5.24232e+001  8.50102e-001  6.40583e+002
          6488  6.32454e+002  6.48800e+003  5.21400e+001  8.44478e-001  6.40667e+002
          6489  6.32529e+002  6.48900e+003  5.18355e+001  8.38828e-001  6.40750e+002
          6490  6.32588e+002  6.49000e+003  5.15314e+001  8.33202e-001  6.40833e+002
          6491  6.32663e+002  6.49100e+003  5.12306e+001  8.27567e-001  6.40917e+002
          6492  6.32748e+002  6.49200e+003  5.09773e+001  8.21996e-001  6.41000e+002
          6493  6.32811e+002  6.49300e+003  5.07036e+001  8.16415e-001  6.41083e+002
          6494  6.32895e+002  6.49400e+003  5.04276e+001  8.10884e-001  6.41167e+002
          6495  6.32964e+002  6.49500e+003  5.01458e+001  8.05396e-001  6.41250e+002
          6496  6.33036e+002  6.49600e+003  4.99238e+001  7.99962e-001  6.41333e+002
          6497  6.33103e+002  6.49700e+003  4.96783e+001  7.94509e-001  6.41417e+002
          6498  6.33176e+002  6.49800e+003  4.94244e+001  7.89043e-001  6.41500e+002
          6499  6.33248e+002  6.49900e+003  4.91725e+001  7.83600e-001  6.41583e+002
          6500  6.33322e+002  6.50000e+003  4.89406e+001  7.78133e-001  6.41667e+002
          6501  6.33400e+002  6.50100e+003  4.86998e+001  7.72698e-001  6.41750e+002
          6502  6.33471e+002  6.50200e+003  4.84593e+001  7.67282e-001  6.41833e+002
          6503  6.33543e+002  6.50300e+003  4.82203e+001  7.61844e-001  6.41917e+002
          6504  6.33618e+002  6.50400e+003  4.79920e+001  7.56454e-001  6.42000e+002
          6505  6.33691e+002  6.50500e+003  4.77589e+001  7.51080e-001  6.42083e+002
          6506  6.33762e+002  6.50600e+003  4.75232e+001  7.45689e-001  6.42167e+002
          6507  6.33842e+002  6.50700e+003  4.72868e+001  7.40316e-001  6.42250e+002
          6508  6.33910e+002  6.50800e+003  4.70627e+001  7.35056e-001  6.42333e+002
          6509  6.33993e+002  6.50900e+003  4.68299e+001  7.29797e-001  6.42417e+002
          6510  6.34061e+002  6.51000e+003  4.65947e+001  7.24542e-001  6.42500e+002
          6511  6.34135e+002  6.51100e+003  4.63587e+001  7.19257e-001  6.42583e+002
          6512  6.34206e+002  6.51200e+003  4.61181e+001  7.14061e-001  6.42667e+002
          6513  6.34277e+002  6.51300e+003  4.58777e+001  7.08848e-001  6.42750e+002
          6514  6.34342e+002  6.51400e+003  4.56346e+001  7.03653e-001  6.42833e+002
          6515  6.34421e+002  6.51500e+003  4.53867e+001  6.98473e-001  6.42917e+002
          6516  6.34492e+002  6.51600e+003  4.51281e+001  6.93231e-001  6.43000e+002
          6517  6.34565e+002  6.51700e+003  4.48750e+001  6.88004e-001  6.43083e+002
          6518  6.34644e+002  6.51800e+003  4.46319e+001  6.82799e-001  6.43167e+002
          6519  6.34714e+002  6.51900e+003  4.43970e+001  6.77608e-001  6.43250e+002
          6520  6.34789e+002  6.52000e+003  4.41107e+001  6.72421e-001  6.43333e+002
          6521  6.34864e+002  6.52100e+003  4.38476e+001  6.67278e-001  6.43417e+002
          6522  6.34939e+002  6.52200e+003  4.35789e+001  6.62165e-001  6.43500e+002
          6523  6.35003e+002  6.52300e+003  4.32906e+001  6.57068e-001  6.43583e+002
          6524  6.35067e+002  6.52400e+003  4.29589e+001  6.52083e-001  6.43667e+002
          6525  6.35146e+002  6.52500e+003  4.26525e+001  6.47056e-001  6.43750e+002
          6526  6.35214e+002  6.52600e+003  4.23577e+001  6.42029e-001  6.43833e+002
          6527  6.35292e+002  6.52700e+003  4.20647e+001  6.37008e-001  6.43917e+002
          6528  6.35363e+002  6.52800e+003  4.17527e+001  6.32014e-001  6.44000e+002
          6529  6.35429e+002  6.52900e+003  4.14467e+001  6.27037e-001  6.44083e+002
          6530  6.35501e+002  6.53000e+003  4.11406e+001  6.22123e-001  6.44167e+002
          6531  6.35569e+002  6.53100e+003  4.08342e+001  6.17223e-001  6.44250e+002
          6532  6.35633e+002  6.53200e+003  4.05183e+001  6.12366e-001  6.44333e+002
          6533  6.35711e+002  6.53300e+003  4.02071e+001  6.07484e-001  6.44417e+002
          6534  6.35784e+002  6.53400e+003  3.98953e+001  6.02619e-001  6.44500e+002
          6535  6.35847e+002  6.53500e+003  3.95810e+001  5.97803e-001  6.44583e+002
          6536  6.35924e+002  6.53600e+003  3.92599e+001  5.93019e-001  6.44667e+002
          6537  6.35996e+002  6.53700e+003  3.89401e+001  5.88233e-001  6.44750e+002
          6538  6.36063e+002  6.53800e+003  3.86174e+001  5.83493e-001  6.44833e+002
          6539  6.36131e+002  6.53900e+003  3.82917e+001  5.78756e-001  6.44917e+002
          6540  6.36199e+002  6.54000e+003  3.79588e+001  5.74063e-001  6.45000e+002
          6541  6.36275e+002  6.54100e+003  3.76288e+001  5.69383e-001  6.45083e+002
          6542  6.36343e+002  6.54200e+003  3.72957e+001  5.64714e-001  6.45167e+002
          6543  6.36419e+002  6.54300e+003  3.69596e+001  5.60084e-001  6.45250e+002
          6544  6.36483e+002  6.54400e+003  3.66034e+001  5.55484e-001  6.45333e+002
          6545  6.36552e+002  6.54500e+003  3.62558e+001  5.50903e-001  6.45417e+002
          6546  6.36609e+002  6.54600e+003  3.59080e+001  5.46328e-001  6.45500e+002
          6547  6.36681e+002  6.54700e+003  3.55582e+001  5.41787e-001  6.45583e+002
          6548  6.36754e+002  6.54800e+003  3.51882e+001  5.37281e-001  6.45667e+002
          6549  6.36826e+002  6.54900e+003  3.48237e+001  5.32797e-001  6.45750e+002
          6550  6.36892e+002  6.55000e+003  3.44617e+001  5.28339e-001  6.45833e+002
          6551  6.36959e+002  6.55100e+003  3.41054e+001  5.23865e-001  6.45917e+002
          6552  6.37030e+002  6.55200e+003  3.37149e+001  5.19454e-001  6.46000e+002
          6553  6.37100e+002  6.55300e+003  3.33437e+001  5.15008e-001  6.46083e+002
          6554  6.37169e+002  6.55400e+003  3.29747e+001  5.10593e-001  6.46167e+002
          6555  6.37236e+002  6.55500e+003  3.26055e+001  5.06207e-001  6.46250e+002
          6556  6.37307e+002  6.55600e+003  3.21679e+001  5.01894e-001  6.46333e+002
          6557  6.37378e+002  6.55700e+003  3.17587e+001  4.97541e-001  6.46417e+002
          6558  6.37442e+002  6.55800e+003  3.13523e+001  4.93213e-001  6.46500e+002
          6559  6.37505e+002  6.55900e+003  3.09414e+001  4.88912e-001  6.46583e+002
          6560  6.37568e+002  6.56000e+003  3.04911e+001  4.84722e-001  6.46667e+002
          6561  6.37638e+002  6.56100e+003  3.00596e+001  4.80527e-001  6.46750e+002
          6562  6.37709e+002  6.56200e+003  2.96241e+001  4.76358e-001  6.46833e+002
          6563  6.37772e+002  6.56300e+003  2.91904e+001  4.72212e-001  6.46917e+002
          6564  6.37833e+002  6.56400e+003  2.87380e+001  4.68185e-001  6.47000e+002
          6565  6.37903e+002  6.56500e+003  2.82955e+001  4.64123e-001  6.47083e+002
          6566  6.37964e+002  6.56600e+003  2.78594e+001  4.60068e-001  6.47167e+002
          6567  6.38030e+002  6.56700e+003  2.74219e+001  4.56024e-001  6.47250e+002
          6568  6.38104e+002  6.56800e+003  2.69338e+001  4.52034e-001  6.47333e+002
          6569  6.38175e+002  6.56900e+003  2.64762e+001  4.48023e-001  6.47417e+002
          6570  6.38237e+002  6.57000e+003  2.60241e+001  4.44012e-001  6.47500e+002
          6571  6.38301e+002  6.57100e+003  2.55719e+001  4.40003e-001  6.47583e+002
          6572  6.38365e+002  6.57200e+003  2.50534e+001  4.36117e-001  6.47667e+002
          6573  6.38427e+002  6.57300e+003  2.45737e+001  4.32226e-001  6.47750e+002
          6574  6.38494e+002  6.57400e+003  2.40928e+001  4.28335e-001  6.47833e+002
          6575  6.38555e+002  6.57500e+003  2.35997e+001  4.24445e-001  6.47917e+002
          6576  6.38623e+002  6.57600e+003  2.30812e+001  4.20757e-001  6.48000e+002
          6577  6.38680e+002  6.57700e+003  2.25797e+001  4.16989e-001  6.48083e+002
          6578  6.38743e+002  6.57800e+003  2.20735e+001  4.13220e-001  6.48167e+002
          6579  6.38803e+002  6.57900e+003  2.15518e+001  4.09494e-001  6.48250e+002
          6580  6.38873e+002  6.58000e+003  2.09742e+001  4.05835e-001  6.48333e+002
          6581  6.38938e+002  6.58100e+003  2.04149e+001  4.02184e-001  6.48417e+002
          6582  6.38995e+002  6.58200e+003  1.98535e+001  3.98544e-001  6.48500e+002
          6583  6.39062e+002  6.58300e+003  1.92851e+001  3.94944e-001  6.48583e+002
          6584  6.39122e+002  6.58400e+003  1.86560e+001  3.91394e-001  6.48667e+002
          6585  6.39178e+002  6.58500e+003  1.80566e+001  3.87844e-001  6.48750e+002
          6586  6.39235e+002  6.58600e+003  1.74537e+001  3.84292e-001  6.48833e+002
          6587  6.39301e+002  6.58700e+003  1.68462e+001  3.80772e-001  6.48917e+002
          6588  6.39355e+002  6.58800e+003  1.62311e+001  3.77346e-001  6.49000e+002
          6589  6.39426e+002  6.58900e+003  1.56234e+001  3.73889e-001  6.49083e+002
          6590  6.39475e+002  6.59000e+003  1.50166e+001  3.70469e-001  6.49167e+002
          6591  6.39550e+002  6.59100e+003  1.44070e+001  3.67086e-001  6.49250e+002
          6592  6.39609e+002  6.59200e+003  1.37865e+001  3.63855e-001  6.49333e+002
          6593  6.39667e+002  6.59300e+003  1.31692e+001  3.60587e-001  6.49417e+002
          6594  6.39721e+002  6.59400e+003  1.25527e+001  3.57291e-001  6.49500e+002
          6595  6.39787e+002  6.59500e+003  1.19369e+001  3.54010e-001  6.49583e+002
          6596  6.39836e+002  6.59600e+003  1.13094e+001  3.50846e-001  6.49667e+002
          6597  6.39902e+002  6.59700e+003  1.06883e+001  3.47658e-001  6.49750e+002
          6598  6.39967e+002  6.59800e+003  1.00676e+001  3.44487e-001  6.49833e+002
          6599  6.40031e+002  6.59900e+003  9.44688e+000  3.41334e-001  6.49917e+002
          6600  6.40096e+002  6.60000e+003  8.82432e+000  3.38254e-001  6.50000e+002
          6601  6.40152e+002  6.60100e+003  8.20424e+000  3.35196e-001  6.50083e+002
          6602  6.40210e+002  6.60200e+003  7.58437e+000  3.32215e-001  6.50167e+002
          6603  6.40263e+002  6.60300e+003  6.96341e+000  3.29259e-001  6.50250e+002
          6604  6.40329e+002  6.60400e+003  6.34167e+000  3.26413e-001  6.50333e+002
          6605  6.40383e+002  6.60500e+003  5.72004e+000  3.23515e-001  6.50417e+002
          6606  6.40450e+002  6.60600e+003  5.09540e+000  3.20634e-001  6.50500e+002
          6607  6.40503e+002  6.60700e+003  4.46992e+000  3.17807e-001  6.50583e+002
          6608  6.40566e+002  6.60800e+003  3.84167e+000  3.15026e-001  6.50667e+002
          6609  6.40627e+002  6.60900e+003  3.21353e+000  3.12239e-001  6.50750e+002
          6610  6.40685e+002  6.61000e+003  2.58382e+000  3.09495e-001  6.50833e+002
          6611  6.40748e+002  6.61100e+003  1.95153e+000  3.06756e-001  6.50917e+002
          6612  6.40810e+002  6.61200e+003  1.31361e+000  3.04148e-001  6.51000e+002
          6613  6.40871e+002  6.61300e+003  6.77959e-001  3.01488e-001  6.51083e+002
          6614  6.40930e+002  6.61400e+003  4.21252e-002  2.98824e-001  6.51167e+002
          6615  6.40985e+002  6.61500e+003 -5.95469e-001  2.96195e-001  6.51250e+002
          6616  6.41040e+002  6.61600e+003 -1.24338e+000  2.93710e-001  6.51333e+002
          6617  6.41097e+002  6.61700e+003 -1.88313e+000  2.91178e-001  6.51417e+002
          6618  6.41160e+002  6.61800e+003 -2.52155e+000  2.88662e-001  6.51500e+002
          6619  6.41218e+002  6.61900e+003 -3.16103e+000  2.86133e-001  6.51583e+002
          6620  6.41279e+002  6.62000e+003 -3.80706e+000  2.83737e-001  6.51667e+002
          6621  6.41344e+002  6.62100e+003 -4.44899e+000  2.81316e-001  6.51750e+002
          6622  6.41404e+002  6.62200e+003 -5.08882e+000  2.78877e-001  6.51833e+002
          6623  6.41466e+002  6.62300e+003 -5.72773e+000  2.76459e-001  6.51917e+002
          6624  6.41512e+002  6.62400e+003 -6.36526e+000  2.74155e-001  6.52000e+002
          6625  6.41584e+002  6.62500e+003 -7.00061e+000  2.71862e-001  6.52083e+002
          6626  6.41641e+002  6.62600e+003 -7.63296e+000  2.69608e-001  6.52167e+002
          6627  6.41701e+002  6.62700e+003 -8.26382e+000  2.67384e-001  6.52250e+002
          6628  6.41755e+002  6.62800e+003 -8.88926e+000  2.65287e-001  6.52333e+002
          6629  6.41822e+002  6.62900e+003 -9.51708e+000  2.63091e-001  6.52417e+002
          6630  6.41877e+002  6.63000e+003 -1.01422e+001  2.60894e-001  6.52500e+002
          6631  6.41936e+002  6.63100e+003 -1.07636e+001  2.58709e-001  6.52583e+002
          6632  6.41996e+002  6.63200e+003 -1.13713e+001  2.56668e-001  6.52667e+002
          6633  6.42054e+002  6.63300e+003 -1.19838e+001  2.54639e-001  6.52750e+002
          6634  6.42117e+002  6.63400e+003 -1.25957e+001  2.52630e-001  6.52833e+002
          6635  6.42176e+002  6.63500e+003 -1.32061e+001  2.50634e-001  6.52917e+002
          6636  6.42242e+002  6.63600e+003 -1.37986e+001  2.48799e-001  6.53000e+002
          6637  6.42293e+002  6.63700e+003 -1.43985e+001  2.46868e-001  6.53083e+002
          6638  6.42363e+002  6.63800e+003 -1.49987e+001  2.44944e-001  6.53167e+002
          6639  6.42418e+002  6.63900e+003 -1.55986e+001  2.43070e-001  6.53250e+002
          6640  6.42481e+002  6.64000e+003 -1.61775e+001  2.41191e-001  6.53333e+002
          6641  6.42540e+002  6.64100e+003 -1.67661e+001  2.39319e-001  6.53417e+002
          6642  6.42605e+002  6.64200e+003 -1.73540e+001  2.37471e-001  6.53500e+002
          6643  6.42666e+002  6.64300e+003 -1.79402e+001  2.35675e-001  6.53583e+002
          6644  6.42725e+002  6.64400e+003 -1.85121e+001  2.33968e-001  6.53667e+002
          6645  6.42783e+002  6.64500e+003 -1.90887e+001  2.32272e-001  6.53750e+002
          6646  6.42847e+002  6.64600e+003 -1.96646e+001  2.30567e-001  6.53833e+002
          6647  6.42906e+002  6.64700e+003 -2.02396e+001  2.28853e-001  6.53917e+002
          6648  6.42973e+002  6.64800e+003 -2.08005e+001  2.27269e-001  6.54000e+002
          6649  6.43034e+002  6.64900e+003 -2.13643e+001  2.25645e-001  6.54083e+002
          6650  6.43086e+002  6.65000e+003 -2.19272e+001  2.24042e-001  6.54167e+002
          6651  6.43148e+002  6.65100e+003 -2.24896e+001  2.22428e-001  6.54250e+002
          6652  6.43210e+002  6.65200e+003 -2.30309e+001  2.20909e-001  6.54333e+002
          6653  6.43275e+002  6.65300e+003 -2.35813e+001  2.19358e-001  6.54417e+002
          6654  6.43338e+002  6.65400e+003 -2.41394e+001  2.17822e-001  6.54500e+002
          6655  6.43397e+002  6.65500e+003 -2.46977e+001  2.16270e-001  6.54583e+002
          6656  6.43451e+002  6.65600e+003 -2.52241e+001  2.14822e-001  6.54667e+002
          6657  6.43526e+002  6.65700e+003 -2.57670e+001  2.13400e-001  6.54750e+002
          6658  6.43586e+002  6.65800e+003 -2.63074e+001  2.12001e-001  6.54833e+002
          6659  6.43646e+002  6.65900e+003 -2.68381e+001  2.10586e-001  6.54917e+002
          6660  6.43706e+002  6.66000e+003 -2.73212e+001  2.09302e-001  6.55000e+002
          6661  6.43772e+002  6.66100e+003 -2.78297e+001  2.07980e-001  6.55083e+002
          6662  6.43841e+002  6.66200e+003 -2.83251e+001  2.06627e-001  6.55167e+002
          6663  6.43901e+002  6.66300e+003 -2.88053e+001  2.05287e-001  6.55250e+002
          6664  6.43965e+002  6.66400e+003 -2.92545e+001  2.04024e-001  6.55333e+002
          6665  6.44034e+002  6.66500e+003 -2.97291e+001  2.02776e-001  6.55417e+002
          6666  6.44094e+002  6.66600e+003 -3.01949e+001  2.01558e-001  6.55500e+002
          6667  6.44162e+002  6.66700e+003 -3.06578e+001  2.00365e-001  6.55583e+002
          6668  6.44226e+002  6.66800e+003 -3.10811e+001  1.99179e-001  6.55667e+002
          6669  6.44291e+002  6.66900e+003 -3.15249e+001  1.97970e-001  6.55750e+002
          6670  6.44357e+002  6.67000e+003 -3.19639e+001  1.96776e-001  6.55833e+002
          6671  6.44416e+002  6.67100e+003 -3.24095e+001  1.95596e-001  6.55917e+002
          6672  6.44484e+002  6.67200e+003 -3.27942e+001  1.94410e-001  6.56000e+002
          6673  6.44555e+002  6.67300e+003 -3.32027e+001  1.93271e-001  6.56083e+002
          6674  6.44621e+002  6.67400e+003 -3.36113e+001  1.92160e-001  6.56167e+002
          6675  6.44690e+002  6.67500e+003 -3.40004e+001  1.91066e-001  6.56250e+002
          6676  6.44760e+002  6.67600e+003 -3.43450e+001  1.90081e-001  6.56333e+002
          6677  6.44820e+002  6.67700e+003 -3.47178e+001  1.89054e-001  6.56417e+002
          6678  6.44897e+002  6.67800e+003 -3.50974e+001  1.88028e-001  6.56500e+002
          6679  6.44956e+002  6.67900e+003 -3.54824e+001  1.87007e-001  6.56583e+002
          6680  6.45026e+002  6.68000e+003 -3.58186e+001  1.86014e-001  6.56667e+002
          6681  6.45093e+002  6.68100e+003 -3.61746e+001  1.85009e-001  6.56750e+002
          6682  6.45161e+002  6.68200e+003 -3.65389e+001  1.84005e-001  6.56833e+002
          6683  6.45227e+002  6.68300e+003 -3.69030e+001  1.83001e-001  6.56917e+002
          6684  6.45292e+002  6.68400e+003 -3.72160e+001  1.82113e-001  6.57000e+002
          6685  6.45369e+002  6.68500e+003 -3.75573e+001  1.81224e-001  6.57083e+002
          6686  6.45433e+002  6.68600e+003 -3.78961e+001  1.80334e-001  6.57167e+002
          6687  6.45501e+002  6.68700e+003 -3.82229e+001  1.79445e-001  6.57250e+002
          6688  6.45570e+002  6.68800e+003 -3.84988e+001  1.78645e-001  6.57333e+002
          6689  6.45641e+002  6.68900e+003 -3.87957e+001  1.77766e-001  6.57417e+002
          6690  6.45721e+002  6.69000e+003 -3.90881e+001  1.76886e-001  6.57500e+002
          6691  6.45788e+002  6.69100e+003 -3.93711e+001  1.76049e-001  6.57583e+002
          6692  6.45864e+002  6.69200e+003 -3.96272e+001  1.75162e-001  6.57667e+002
          6693  6.45929e+002  6.69300e+003 -3.99015e+001  1.74300e-001  6.57750e+002
          6694  6.45995e+002  6.69400e+003 -4.01745e+001  1.73434e-001  6.57833e+002
          6695  6.46069e+002  6.69500e+003 -4.04427e+001  1.72561e-001  6.57917e+002
          6696  6.46136e+002  6.69600e+003 -4.06837e+001  1.71813e-001  6.58000e+002
          6697  6.46202e+002  6.69700e+003 -4.09468e+001  1.71025e-001  6.58083e+002
          6698  6.46276e+002  6.69800e+003 -4.12120e+001  1.70216e-001  6.58167e+002
          6699  6.46353e+002  6.69900e+003 -4.14762e+001  1.69396e-001  6.58250e+002
          6700  6.46424e+002  6.70000e+003 -4.16789e+001  1.68697e-001  6.58333e+002
          6701  6.46499e+002  6.70100e+003 -4.19138e+001  1.67949e-001  6.58417e+002
          6702  6.46573e+002  6.70200e+003 -4.21489e+001  1.67171e-001  6.58500e+002
          6703  6.46645e+002  6.70300e+003 -4.23896e+001  1.66377e-001  6.58583e+002
          6704  6.46712e+002  6.70400e+003 -4.25639e+001  1.65674e-001  6.58667e+002
          6705  6.46784e+002  6.70500e+003 -4.27698e+001  1.64934e-001  6.58750e+002
          6706  6.46857e+002  6.70600e+003 -4.29808e+001  1.64191e-001  6.58833e+002
          6707  6.46937e+002  6.70700e+003 -4.31920e+001  1.63486e-001  6.58917e+002
          6708  6.47007e+002  6.70800e+003 -4.33783e+001  1.62793e-001  6.59000e+002
          6709  6.47085e+002  6.70900e+003 -4.35722e+001  1.62084e-001  6.59083e+002
          6710  6.47152e+002  6.71000e+003 -4.37697e+001  1.61406e-001  6.59167e+002
          6711  6.47227e+002  6.71100e+003 -4.39717e+001  1.60721e-001  6.59250e+002
          6712  6.47305e+002  6.71200e+003 -4.41343e+001  1.60103e-001  6.59333e+002
          6713  6.47375e+002  6.71300e+003 -4.43101e+001  1.59458e-001  6.59417e+002
          6714  6.47459e+002  6.71400e+003 -4.44914e+001  1.58808e-001  6.59500e+002
          6715  6.47520e+002  6.71500e+003 -4.46784e+001  1.58191e-001  6.59583e+002
          6716  6.47601e+002  6.71600e+003 -4.48234e+001  1.57592e-001  6.59667e+002
          6717  6.47679e+002  6.71700e+003 -4.49834e+001  1.56951e-001  6.59750e+002
          6718  6.47755e+002  6.71800e+003 -4.51465e+001  1.56326e-001  6.59833e+002
          6719  6.47830e+002  6.71900e+003 -4.53087e+001  1.55688e-001  6.59917e+002
          6720  6.47898e+002  6.72000e+003 -4.54498e+001  1.55063e-001  6.60000e+002
          6721  6.47978e+002  6.72100e+003 -4.56013e+001  1.54459e-001  6.60083e+002
          6722  6.48055e+002  6.72200e+003 -4.57534e+001  1.53885e-001  6.60167e+002
          6723  6.48134e+002  6.72300e+003 -4.59026e+001  1.53299e-001  6.60250e+002
          6724  6.48208e+002  6.72400e+003 -4.60332e+001  1.52743e-001  6.60333e+002
          6725  6.48291e+002  6.72500e+003 -4.61724e+001  1.52171e-001  6.60417e+002
          6726  6.48365e+002  6.72600e+003 -4.63127e+001  1.51589e-001  6.60500e+002
          6727  6.48436e+002  6.72700e+003 -4.64507e+001  1.51033e-001  6.60583e+002
          6728  6.48511e+002  6.72800e+003 -4.65749e+001  1.50421e-001  6.60667e+002
          6729  6.48587e+002  6.72900e+003 -4.67038e+001  1.49861e-001  6.60750e+002
          6730  6.48664e+002  6.73000e+003 -4.68321e+001  1.49279e-001  6.60833e+002
          6731  6.48739e+002  6.73100e+003 -4.69596e+001  1.48670e-001  6.60917e+002
          6732  6.48823e+002  6.73200e+003 -4.70727e+001  1.48120e-001  6.61000e+002
          6733  6.48894e+002  6.73300e+003 -4.71932e+001  1.47546e-001  6.61083e+002
          6734  6.48975e+002  6.73400e+003 -4.73137e+001  1.46986e-001  6.61167e+002
          6735  6.49055e+002  6.73500e+003 -4.74330e+001  1.46408e-001  6.61250e+002
          6736  6.49132e+002  6.73600e+003 -4.75382e+001  1.45881e-001  6.61333e+002
          6737  6.49203e+002  6.73700e+003 -4.76493e+001  1.45339e-001  6.61417e+002
          6738  6.49274e+002  6.73800e+003 -4.77599e+001  1.44812e-001  6.61500e+002
          6739  6.49357e+002  6.73900e+003 -4.78690e+001  1.44268e-001  6.61583e+002
          6740  6.49428e+002  6.74000e+003 -4.79680e+001  1.43817e-001  6.61667e+002
          6741  6.49508e+002  6.74100e+003 -4.80706e+001  1.43369e-001  6.61750e+002
          6742  6.49585e+002  6.74200e+003 -4.81727e+001  1.42910e-001  6.61833e+002
          6743  6.49657e+002  6.74300e+003 -4.82736e+001  1.42474e-001  6.61917e+002
          6744  6.49737e+002  6.74400e+003 -4.83638e+001  1.42060e-001  6.62000e+002
          6745  6.49818e+002  6.74500e+003 -4.84590e+001  1.41623e-001  6.62083e+002
          6746  6.49899e+002  6.74600e+003 -4.85543e+001  1.41162e-001  6.62167e+002
          6747  6.49984e+002  6.74700e+003 -4.86493e+001  1.40719e-001  6.62250e+002
          6748  6.50054e+002  6.74800e+003 -4.87334e+001  1.40197e-001  6.62333e+002
          6749  6.50131e+002  6.74900e+003 -4.88218e+001  1.39713e-001  6.62417e+002
          6750  6.50204e+002  6.75000e+003 -4.89094e+001  1.39219e-001  6.62500e+002
          6751  6.50287e+002  6.75100e+003 -4.89953e+001  1.38747e-001  6.62583e+002
          6752  6.50366e+002  6.75200e+003 -4.90732e+001  1.38310e-001  6.62667e+002
          6753  6.50438e+002  6.75300e+003 -4.91539e+001  1.37864e-001  6.62750e+002
          6754  6.50519e+002  6.75400e+003 -4.92338e+001  1.37429e-001  6.62833e+002
          6755  6.50601e+002  6.75500e+003 -4.93140e+001  1.36972e-001  6.62917e+002
          6756  6.50674e+002  6.75600e+003 -4.93855e+001  1.36588e-001  6.63000e+002
          6757  6.50760e+002  6.75700e+003 -4.94617e+001  1.36145e-001  6.63083e+002
          6758  6.50838e+002  6.75800e+003 -4.95393e+001  1.35697e-001  6.63167e+002
          6759  6.50917e+002  6.75900e+003 -4.96149e+001  1.35219e-001  6.63250e+002
          6760  6.51001e+002  6.76000e+003 -4.96791e+001  1.34759e-001  6.63333e+002
          6761  6.51080e+002  6.76100e+003 -4.97494e+001  1.34330e-001  6.63417e+002
          6762  6.51152e+002  6.76200e+003 -4.98209e+001  1.33889e-001  6.63500e+002
          6763  6.51239e+002  6.76300e+003 -4.98927e+001  1.33469e-001  6.63583e+002
          6764  6.51308e+002  6.76400e+003 -4.99635e+001  1.33050e-001  6.63667e+002
          6765  6.51399e+002  6.76500e+003 -5.00318e+001  1.32644e-001  6.63750e+002
          6766  6.51469e+002  6.76600e+003 -5.00988e+001  1.32249e-001  6.63833e+002
          6767  6.51553e+002  6.76700e+003 -5.01650e+001  1.31830e-001  6.63917e+002
          6768  6.51641e+002  6.76800e+003 -5.02220e+001  1.31409e-001  6.64000e+002
          6769  6.51712e+002  6.76900e+003 -5.02818e+001  1.30978e-001  6.64083e+002
          6770  6.51794e+002  6.77000e+003 -5.03427e+001  1.30550e-001  6.64167e+002
          6771  6.51872e+002  6.77100e+003 -5.04031e+001  1.30092e-001  6.64250e+002
          6772  6.51947e+002  6.77200e+003 -5.04616e+001  1.29681e-001  6.64333e+002
          6773  6.52024e+002  6.77300e+003 -5.05222e+001  1.29278e-001  6.64417e+002
          6774  6.52105e+002  6.77400e+003 -5.05823e+001  1.28858e-001  6.64500e+002
          6775  6.52187e+002  6.77500e+003 -5.06416e+001  1.28455e-001  6.64583e+002
          6776  6.52273e+002  6.77600e+003 -5.06925e+001  1.28034e-001  6.64667e+002
          6777  6.52351e+002  6.77700e+003 -5.07473e+001  1.27633e-001  6.64750e+002
          6778  6.52433e+002  6.77800e+003 -5.08020e+001  1.27244e-001  6.64833e+002
          6779  6.52512e+002  6.77900e+003 -5.08556e+001  1.26828e-001  6.64917e+002
          6780  6.52594e+002  6.78000e+003 -5.09093e+001  1.26434e-001  6.65000e+002
          6781  6.52660e+002  6.78100e+003 -5.09611e+001  1.26066e-001  6.65083e+002
          6782  6.52746e+002  6.78200e+003 -5.10134e+001  1.25683e-001  6.65167e+002
          6783  6.52822e+002  6.78300e+003 -5.10658e+001  1.25314e-001  6.65250e+002
          6784  6.52906e+002  6.78400e+003 -5.11117e+001  1.24941e-001  6.65333e+002
          6785  6.52984e+002  6.78500e+003 -5.11602e+001  1.24572e-001  6.65417e+002
          6786  6.53067e+002  6.78600e+003 -5.12097e+001  1.24207e-001  6.65500e+002
          6787  6.53145e+002  6.78700e+003 -5.12585e+001  1.23813e-001  6.65583e+002
          6788  6.53234e+002  6.78800e+003 -5.13025e+001  1.23388e-001  6.65667e+002
          6789  6.53313e+002  6.78900e+003 -5.13496e+001  1.22964e-001  6.65750e+002
          6790  6.53396e+002  6.79000e+003 -5.13960e+001  1.22570e-001  6.65833e+002
          6791  6.53466e+002  6.79100e+003 -5.14420e+001  1.22201e-001  6.65917e+002
          6792  6.53551e+002  6.79200e+003 -5.14860e+001  1.21800e-001  6.66000e+002
          6793  6.53631e+002  6.79300e+003 -5.15309e+001  1.21429e-001  6.66083e+002
          6794  6.53714e+002  6.79400e+003 -5.15755e+001  1.21072e-001  6.66167e+002
          6795  6.53794e+002  6.79500e+003 -5.16196e+001  1.20689e-001  6.66250e+002
          6796  6.53877e+002  6.79600e+003 -5.16583e+001  1.20344e-001  6.66333e+002
          6797  6.53952e+002  6.79700e+003 -5.17005e+001  1.20007e-001  6.66417e+002
          6798  6.54042e+002  6.79800e+003 -5.17435e+001  1.19646e-001  6.66500e+002
          6799  6.54122e+002  6.79900e+003 -5.17863e+001  1.19299e-001  6.66583e+002
          6800  6.54205e+002  6.80000e+003 -5.18262e+001  1.19006e-001  6.66667e+002
          6801  6.54277e+002  6.80100e+003 -5.18668e+001  1.18664e-001  6.66750e+002
          6802  6.54361e+002  6.80200e+003 -5.19075e+001  1.18338e-001  6.66833e+002
          6803  6.54445e+002  6.80300e+003 -5.19487e+001  1.18033e-001  6.66917e+002
          6804  6.54514e+002  6.80400e+003 -5.19864e+001  1.17678e-001  6.67000e+002
          6805  6.54607e+002  6.80500e+003 -5.20242e+001  1.17348e-001  6.67083e+002
          6806  6.54685e+002  6.80600e+003 -5.20620e+001  1.17025e-001  6.67167e+002
          6807  6.54771e+002  6.80700e+003 -5.21015e+001  1.16670e-001  6.67250e+002
          6808  6.54845e+002  6.80800e+003 -5.21369e+001  1.16320e-001  6.67333e+002
          6809  6.54931e+002  6.80900e+003 -5.21725e+001  1.15991e-001  6.67417e+002
          6810  6.55008e+002  6.81000e+003 -5.22070e+001  1.15638e-001  6.67500e+002
          6811  6.55083e+002  6.81100e+003 -5.22421e+001  1.15297e-001  6.67583e+002
          6812  6.55169e+002  6.81200e+003 -5.22712e+001  1.15002e-001  6.67667e+002
          6813  6.55250e+002  6.81300e+003 -5.23030e+001  1.14661e-001  6.67750e+002
          6814  6.55334e+002  6.81400e+003 -5.23348e+001  1.14337e-001  6.67833e+002
          6815  6.55412e+002  6.81500e+003 -5.23684e+001  1.14033e-001  6.67917e+002
          6816  6.55493e+002  6.81600e+003 -5.24011e+001  1.13761e-001  6.68000e+002
          6817  6.55576e+002  6.81700e+003 -5.24333e+001  1.13452e-001  6.68083e+002
          6818  6.55663e+002  6.81800e+003 -5.24653e+001  1.13162e-001  6.68167e+002
          6819  6.55742e+002  6.81900e+003 -5.24965e+001  1.12893e-001  6.68250e+002
          6820  6.55818e+002  6.82000e+003 -5.25248e+001  1.12585e-001  6.68333e+002
          6821  6.55899e+002  6.82100e+003 -5.25550e+001  1.12259e-001  6.68417e+002
          6822  6.55982e+002  6.82200e+003 -5.25856e+001  1.11898e-001  6.68500e+002
          6823  6.56059e+002  6.82300e+003 -5.26170e+001  1.11544e-001  6.68583e+002
          6824  6.56149e+002  6.82400e+003 -5.26470e+001  1.11144e-001  6.68667e+002
          6825  6.56215e+002  6.82500e+003 -5.26756e+001  1.10754e-001  6.68750e+002
          6826  6.56309e+002  6.82600e+003 -5.27047e+001  1.10395e-001  6.68833e+002
          6827  6.56389e+002  6.82700e+003 -5.27349e+001  1.10060e-001  6.68917e+002
          6828  6.56472e+002  6.82800e+003 -5.27599e+001  1.09707e-001  6.69000e+002
          6829  6.56547e+002  6.82900e+003 -5.27871e+001  1.09368e-001  6.69083e+002
          6830  6.56629e+002  6.83000e+003 -5.28170e+001  1.09063e-001  6.69167e+002
          6831  6.56714e+002  6.83100e+003 -5.28487e+001  1.08784e-001  6.69250e+002
          6832  6.56789e+002  6.83200e+003 -5.28756e+001  1.08448e-001  6.69333e+002
          6833  6.56872e+002  6.83300e+003 -5.29019e+001  1.08147e-001  6.69417e+002
          6834  6.56962e+002  6.83400e+003 -5.29274e+001  1.07856e-001  6.69500e+002
          6835  6.57043e+002  6.83500e+003 -5.29521e+001  1.07532e-001  6.69583e+002
          6836  6.57120e+002  6.83600e+003 -5.29789e+001  1.07230e-001  6.69667e+002
          6837  6.57204e+002  6.83700e+003 -5.30038e+001  1.06931e-001  6.69750e+002
          6838  6.57288e+002  6.83800e+003 -5.30287e+001  1.06602e-001  6.69833e+002
          6839  6.57364e+002  6.83900e+003 -5.30543e+001  1.06281e-001  6.69917e+002
          6840  6.57444e+002  6.84000e+003 -5.30739e+001  1.06012e-001  6.70000e+002
          6841  6.57526e+002  6.84100e+003 -5.30977e+001  1.05740e-001  6.70083e+002
          6842  6.57612e+002  6.84200e+003 -5.31225e+001  1.05436e-001  6.70167e+002
          6843  6.57690e+002  6.84300e+003 -5.31481e+001  1.05142e-001  6.70250e+002
          6844  6.57773e+002  6.84400e+003 -5.31687e+001  1.04924e-001  6.70333e+002
          6845  6.57855e+002  6.84500e+003 -5.31905e+001  1.04681e-001  6.70417e+002
          6846  6.57929e+002  6.84600e+003 -5.32126e+001  1.04401e-001  6.70500e+002
          6847  6.58013e+002  6.84700e+003 -5.32353e+001  1.04127e-001  6.70583e+002
          6848  6.58097e+002  6.84800e+003 -5.32598e+001  1.03906e-001  6.70667e+002
          6849  6.58181e+002  6.84900e+003 -5.32817e+001  1.03669e-001  6.70750e+002
          6850  6.58265e+002  6.85000e+003 -5.33031e+001  1.03395e-001  6.70833e+002
          6851  6.58339e+002  6.85100e+003 -5.33241e+001  1.03125e-001  6.70917e+002
          6852  6.58411e+002  6.85200e+003 -5.33437e+001  1.02875e-001  6.71000e+002
          6853  6.58506e+002  6.85300e+003 -5.33640e+001  1.02577e-001  6.71083e+002
          6854  6.58583e+002  6.85400e+003 -5.33860e+001  1.02288e-001  6.71167e+002
          6855  6.58661e+002  6.85500e+003 -5.34088e+001  1.02014e-001  6.71250e+002
          6856  6.58747e+002  6.85600e+003 -5.34280e+001  1.01736e-001  6.71333e+002
          6857  6.58829e+002  6.85700e+003 -5.34478e+001  1.01436e-001  6.71417e+002
          6858  6.58912e+002  6.85800e+003 -5.34664e+001  1.01154e-001  6.71500e+002
          6859  6.58991e+002  6.85900e+003 -5.34858e+001  1.00890e-001  6.71583e+002
          6860  6.59066e+002  6.86000e+003 -5.35063e+001  1.00665e-001  6.71667e+002
          6861  6.59154e+002  6.86100e+003 -5.35267e+001  1.00389e-001  6.71750e+002
          6862  6.59228e+002  6.86200e+003 -5.35476e+001  1.00124e-001  6.71833e+002
          6863  6.59309e+002  6.86300e+003 -5.35680e+001  9.98767e-002  6.71917e+002
          6864  6.59392e+002  6.86400e+003 -5.35885e+001  9.96497e-002  6.72000e+002
          6865  6.59476e+002  6.86500e+003 -5.36080e+001  9.93785e-002  6.72083e+002
          6866  6.59554e+002  6.86600e+003 -5.36285e+001  9.91190e-002  6.72167e+002
          6867  6.59639e+002  6.86700e+003 -5.36479e+001  9.88752e-002  6.72250e+002
          6868  6.59718e+002  6.86800e+003 -5.36635e+001  9.86471e-002  6.72333e+002
          6869  6.59798e+002  6.86900e+003 -5.36811e+001  9.83768e-002  6.72417e+002
          6870  6.59883e+002  6.87000e+003 -5.36995e+001  9.81182e-002  6.72500e+002
          6871  6.59964e+002  6.87100e+003 -5.37186e+001  9.78750e-002  6.72583e+002
          6872  6.60045e+002  6.87200e+003 -5.37340e+001  9.75633e-002  6.72667e+002
          6873  6.60131e+002  6.87300e+003 -5.37505e+001  9.72723e-002  6.72750e+002
          6874  6.60210e+002  6.87400e+003 -5.37682e+001  9.69809e-002  6.72833e+002
          6875  6.60287e+002  6.87500e+003 -5.37854e+001  9.66528e-002  6.72917e+002
          6876  6.60373e+002  6.87600e+003 -5.38012e+001  9.62978e-002  6.73000e+002
          6877  6.60453e+002  6.87700e+003 -5.38201e+001  9.59757e-002  6.73083e+002
          6878  6.60528e+002  6.87800e+003 -5.38388e+001  9.56306e-002  6.73167e+002
          6879  6.60613e+002  6.87900e+003 -5.38575e+001  9.52948e-002  6.73250e+002
          6880  6.60693e+002  6.88000e+003 -5.38780e+001  9.50264e-002  6.73333e+002
          6881  6.60783e+002  6.88100e+003 -5.38956e+001  9.47768e-002  6.73417e+002
          6882  6.60869e+002  6.88200e+003 -5.39125e+001  9.45316e-002  6.73500e+002
          6883  6.60941e+002  6.88300e+003 -5.39292e+001  9.42550e-002  6.73583e+002
          6884  6.61024e+002  6.88400e+003 -5.39468e+001  9.40566e-002  6.73667e+002
          6885  6.61112e+002  6.88500e+003 -5.39641e+001  9.38451e-002  6.73750e+002
          6886  6.61191e+002  6.88600e+003 -5.39814e+001  9.36232e-002  6.73833e+002
          6887  6.61265e+002  6.88700e+003 -5.39983e+001  9.33617e-002  6.73917e+002
          6888  6.61349e+002  6.88800e+003 -5.40130e+001  9.31072e-002  6.74000e+002
          6889  6.61442e+002  6.88900e+003 -5.40291e+001  9.28780e-002  6.74083e+002
          6890  6.61516e+002  6.89000e+003 -5.40467e+001  9.26454e-002  6.74167e+002
          6891  6.61602e+002  6.89100e+003 -5.40641e+001  9.23735e-002  6.74250e+002
          6892  6.61678e+002  6.89200e+003 -5.40795e+001  9.21185e-002  6.74333e+002
          6893  6.61766e+002  6.89300e+003 -5.40951e+001  9.18855e-002  6.74417e+002
          6894  6.61849e+002  6.89400e+003 -5.41113e+001  9.16773e-002  6.74500e+002
          6895  6.61938e+002  6.89500e+003 -5.41288e+001  9.14859e-002  6.74583e+002
          6896  6.62009e+002  6.89600e+003 -5.41461e+001  9.12432e-002  6.74667e+002
          6897  6.62093e+002  6.89700e+003 -5.41611e+001  9.10125e-002  6.74750e+002
          6898  6.62177e+002  6.89800e+003 -5.41747e+001  9.07757e-002  6.74833e+002
          6899  6.62254e+002  6.89900e+003 -5.41890e+001  9.04984e-002  6.74917e+002
          6900  6.62342e+002  6.90000e+003 -5.42024e+001  9.01898e-002  6.75000e+002
          6901  6.62433e+002  6.90100e+003 -5.42167e+001  8.99321e-002  6.75083e+002
          6902  6.62516e+002  6.90200e+003 -5.42319e+001  8.97065e-002  6.75167e+002
          6903  6.62593e+002  6.90300e+003 -5.42476e+001  8.94998e-002  6.75250e+002
          6904  6.62663e+002  6.90400e+003 -5.42630e+001  8.92582e-002  6.75333e+002
          6905  6.62756e+002  6.90500e+003 -5.42794e+001  8.90224e-002  6.75417e+002
          6906  6.62841e+002  6.90600e+003 -5.42955e+001  8.88087e-002  6.75500e+002
          6907  6.62924e+002  6.90700e+003 -5.43106e+001  8.86111e-002  6.75583e+002
          6908  6.62994e+002  6.90800e+003 -5.43239e+001  8.83984e-002  6.75667e+002
          6909  6.63076e+002  6.90900e+003 -5.43380e+001  8.81636e-002  6.75750e+002
          6910  6.63166e+002  6.91000e+003 -5.43520e+001  8.79423e-002  6.75833e+002
          6911  6.63243e+002  6.91100e+003 -5.43667e+001  8.77346e-002  6.75917e+002
          6912  6.63332e+002  6.91200e+003 -5.43836e+001  8.75536e-002  6.76000e+002
          6913  6.63408e+002  6.91300e+003 -5.43973e+001  8.73150e-002  6.76083e+002
          6914  6.63486e+002  6.91400e+003 -5.44103e+001  8.70812e-002  6.76167e+002
          6915  6.63570e+002  6.91500e+003 -5.44231e+001  8.68594e-002  6.76250e+002
          6916  6.63656e+002  6.91600e+003 -5.44346e+001  8.66558e-002  6.76333e+002
          6917  6.63742e+002  6.91700e+003 -5.44505e+001  8.64543e-002  6.76417e+002
          6918  6.63822e+002  6.91800e+003 -5.44657e+001  8.62175e-002  6.76500e+002
          6919  6.63904e+002  6.91900e+003 -5.44794e+001  8.59844e-002  6.76583e+002
          6920  6.63976e+002  6.92000e+003 -5.44965e+001  8.58094e-002  6.76667e+002
          6921  6.64065e+002  6.92100e+003 -5.45107e+001  8.56333e-002  6.76750e+002
          6922  6.64153e+002  6.92200e+003 -5.45234e+001  8.54469e-002  6.76833e+002
          6923  6.64231e+002  6.92300e+003 -5.45365e+001  8.52205e-002  6.76917e+002
          6924  6.64311e+002  6.92400e+003 -5.45512e+001  8.50140e-002  6.77000e+002
          6925  6.64393e+002  6.92500e+003 -5.45643e+001  8.48165e-002  6.77083e+002
          6926  6.64471e+002  6.92600e+003 -5.45773e+001  8.46362e-002  6.77167e+002
          6927  6.64559e+002  6.92700e+003 -5.45902e+001  8.44689e-002  6.77250e+002
          6928  6.64643e+002  6.92800e+003 -5.46004e+001  8.42226e-002  6.77333e+002
          6929  6.64719e+002  6.92900e+003 -5.46126e+001  8.39987e-002  6.77417e+002
          6930  6.64801e+002  6.93000e+003 -5.46248e+001  8.37685e-002  6.77500e+002
          6931  6.64877e+002  6.93100e+003 -5.46359e+001  8.34965e-002  6.77583e+002
          6932  6.64971e+002  6.93200e+003 -5.46502e+001  8.31863e-002  6.77667e+002
          6933  6.65052e+002  6.93300e+003 -5.46644e+001  8.29019e-002  6.77750e+002
          6934  6.65135e+002  6.93400e+003 -5.46786e+001  8.25873e-002  6.77833e+002
          6935  6.65211e+002  6.93500e+003 -5.46924e+001  8.22774e-002  6.77917e+002
          6936  6.65293e+002  6.93600e+003 -5.47054e+001  8.20047e-002  6.78000e+002
          6937  6.65377e+002  6.93700e+003 -5.47179e+001  8.17622e-002  6.78083e+002
          6938  6.65461e+002  6.93800e+003 -5.47315e+001  8.15241e-002  6.78167e+002
          6939  6.65542e+002  6.93900e+003 -5.47464e+001  8.12530e-002  6.78250e+002
          6940  6.65620e+002  6.94000e+003 -5.47610e+001  8.10529e-002  6.78333e+002
          6941  6.65706e+002  6.94100e+003 -5.47748e+001  8.08426e-002  6.78417e+002
          6942  6.65785e+002  6.94200e+003 -5.47905e+001  8.06497e-002  6.78500e+002
          6943  6.65865e+002  6.94300e+003 -5.48062e+001  8.04726e-002  6.78583e+002
          6944  6.65952e+002  6.94400e+003 -5.48190e+001  8.03126e-002  6.78667e+002
          6945  6.66038e+002  6.94500e+003 -5.48328e+001  8.01074e-002  6.78750e+002
          6946  6.66122e+002  6.94600e+003 -5.48467e+001  7.99079e-002  6.78833e+002
          6947  6.66198e+002  6.94700e+003 -5.48602e+001  7.97192e-002  6.78917e+002
          6948  6.66280e+002  6.94800e+003 -5.48756e+001  7.95639e-002  6.79000e+002
          6949  6.66362e+002  6.94900e+003 -5.48891e+001  7.93936e-002  6.79083e+002
          6950  6.66446e+002  6.95000e+003 -5.49039e+001  7.91810e-002  6.79167e+002
          6951  6.66523e+002  6.95100e+003 -5.49194e+001  7.89688e-002  6.79250e+002
          6952  6.66611e+002  6.95200e+003 -5.49307e+001  7.87910e-002  6.79333e+002
          6953  6.66694e+002  6.95300e+003 -5.49434e+001  7.86210e-002  6.79417e+002
          6954  6.66776e+002  6.95400e+003 -5.49567e+001  7.84405e-002  6.79500e+002
          6955  6.66855e+002  6.95500e+003 -5.49703e+001  7.82188e-002  6.79583e+002
          6956  6.66940e+002  6.95600e+003 -5.49830e+001  7.80109e-002  6.79667e+002
          6957  6.67024e+002  6.95700e+003 -5.49964e+001  7.78144e-002  6.79750e+002
          6958  6.67102e+002  6.95800e+003 -5.50096e+001  7.76352e-002  6.79833e+002
          6959  6.67178e+002  6.95900e+003 -5.50219e+001  7.74688e-002  6.79917e+002
          6960  6.67265e+002  6.96000e+003 -5.50353e+001  7.72221e-002  6.80000e+002
          6961  6.67349e+002  6.96100e+003 -5.50486e+001  7.69983e-002  6.80083e+002
          6962  6.67419e+002  6.96200e+003 -5.50620e+001  7.67962e-002  6.80167e+002
          6963  6.67511e+002  6.96300e+003 -5.50761e+001  7.66076e-002  6.80250e+002
          6964  6.67599e+002  6.96400e+003 -5.50875e+001  7.64200e-002  6.80333e+002
          6965  6.67675e+002  6.96500e+003 -5.51005e+001  7.62497e-002  6.80417e+002
          6966  6.67756e+002  6.96600e+003 -5.51151e+001  7.60462e-002  6.80500e+002
          6967  6.67839e+002  6.96700e+003 -5.51298e+001  7.58453e-002  6.80583e+002
          6968  6.67921e+002  6.96800e+003 -5.51436e+001  7.57186e-002  6.80667e+002
          6969  6.68010e+002  6.96900e+003 -5.51569e+001  7.55734e-002  6.80750e+002
          6970  6.68092e+002  6.97000e+003 -5.51689e+001  7.54386e-002  6.80833e+002
          6971  6.68172e+002  6.97100e+003 -5.51802e+001  7.53161e-002  6.80917e+002
          6972  6.68259e+002  6.97200e+003 -5.51958e+001  7.51185e-002  6.81000e+002
          6973  6.68340e+002  6.97300e+003 -5.52089e+001  7.49299e-002  6.81083e+002
          6974  6.68424e+002  6.97400e+003 -5.52204e+001  7.47554e-002  6.81167e+002
          6975  6.68500e+002  6.97500e+003 -5.52314e+001  7.45907e-002  6.81250e+002
          6976  6.68581e+002  6.97600e+003 -5.52411e+001  7.43995e-002  6.81333e+002
          6977  6.68663e+002  6.97700e+003 -5.52512e+001  7.42359e-002  6.81417e+002
          6978  6.68754e+002  6.97800e+003 -5.52614e+001  7.40391e-002  6.81500e+002
          6979  6.68830e+002  6.97900e+003 -5.52728e+001  7.38434e-002  6.81583e+002
          6980  6.68909e+002  6.98000e+003 -5.52815e+001  7.37151e-002  6.81667e+002
          6981  6.68993e+002  6.98100e+003 -5.52922e+001  7.35710e-002  6.81750e+002
          6982  6.69079e+002  6.98200e+003 -5.53037e+001  7.34374e-002  6.81833e+002
          6983  6.69152e+002  6.98300e+003 -5.53149e+001  7.33159e-002  6.81917e+002
          6984  6.69237e+002  6.98400e+003 -5.53267e+001  7.31180e-002  6.82000e+002
          6985  6.69327e+002  6.98500e+003 -5.53375e+001  7.29295e-002  6.82083e+002
          6986  6.69409e+002  6.98600e+003 -5.53480e+001  7.27552e-002  6.82167e+002
          6987  6.69484e+002  6.98700e+003 -5.53595e+001  7.25907e-002  6.82250e+002
          6988  6.69563e+002  6.98800e+003 -5.53748e+001  7.23716e-002  6.82333e+002
          6989  6.69649e+002  6.98900e+003 -5.53891e+001  7.21456e-002  6.82417e+002
          6990  6.69733e+002  6.99000e+003 -5.54031e+001  7.19331e-002  6.82500e+002
          6991  6.69815e+002  6.99100e+003 -5.54165e+001  7.17323e-002  6.82583e+002
          6992  6.69901e+002  6.99200e+003 -5.54260e+001  7.14658e-002  6.82667e+002
          6993  6.69977e+002  6.99300e+003 -5.54378e+001  7.12078e-002  6.82750e+002
          6994  6.70065e+002  6.99400e+003 -5.54516e+001  7.09704e-002  6.82833e+002
          6995  6.70149e+002  6.99500e+003 -5.54649e+001  7.07480e-002  6.82917e+002
          6996  6.70224e+002  6.99600e+003 -5.54797e+001  7.05123e-002  6.83000e+002
          6997  6.70312e+002  6.99700e+003 -5.54925e+001  7.03106e-002  6.83083e+002
          6998  6.70387e+002  6.99800e+003 -5.55048e+001  7.00828e-002  6.83167e+002
          6999  6.70479e+002  6.99900e+003 -5.55169e+001  6.98609e-002  6.83250e+002
          7000  6.70557e+002  7.00000e+003 -5.55272e+001  6.97371e-002  6.83333e+002
          7001  6.70644e+002  7.00100e+003 -5.55395e+001  6.95857e-002  6.83417e+002
          7002  6.70723e+002  7.00200e+003 -5.55516e+001  6.94450e-002  6.83500e+002
          7003  6.70801e+002  7.00300e+003 -5.55634e+001  6.93179e-002  6.83583e+002
          7004  6.70886e+002  7.00400e+003 -5.55727e+001  6.92050e-002  6.83667e+002
          7005  6.70966e+002  7.00500e+003 -5.55822e+001  6.90363e-002  6.83750e+002
          7006  6.71056e+002  7.00600e+003 -5.55931e+001  6.88658e-002  6.83833e+002
          7007  6.71131e+002  7.00700e+003 -5.56035e+001  6.87020e-002  6.83917e+002
          7008  6.71221e+002  7.00800e+003 -5.56141e+001  6.85428e-002  6.84000e+002
          7009  6.71292e+002  7.00900e+003 -5.56255e+001  6.84073e-002  6.84083e+002
          7010  6.71371e+002  7.01000e+003 -5.56351e+001  6.82918e-002  6.84167e+002
          7011  6.71457e+002  7.01100e+003 -5.56445e+001  6.81891e-002  6.84250e+002
          7012  6.71535e+002  7.01200e+003 -5.56512e+001  6.80403e-002  6.84333e+002
          7013  6.71617e+002  7.01300e+003 -5.56607e+001  6.78783e-002  6.84417e+002
          7014  6.71703e+002  7.01400e+003 -5.56708e+001  6.77238e-002  6.84500e+002
          7015  6.71783e+002  7.01500e+003 -5.56808e+001  6.75766e-002  6.84583e+002
          7016  6.71872e+002  7.01600e+003 -5.56933e+001  6.73835e-002  6.84667e+002
          7017  6.71957e+002  7.01700e+003 -5.57046e+001  6.72253e-002  6.84750e+002
          7018  6.72037e+002  7.01800e+003 -5.57155e+001  6.70335e-002  6.84833e+002
          7019  6.72116e+002  7.01900e+003 -5.57269e+001  6.68418e-002  6.84917e+002
          7020  6.72200e+002  7.02000e+003 -5.57383e+001  6.67124e-002  6.85000e+002
          7021  6.72281e+002  7.02100e+003 -5.57506e+001  6.65691e-002  6.85083e+002
          7022  6.72369e+002  7.02200e+003 -5.57623e+001  6.64365e-002  6.85167e+002
          7023  6.72449e+002  7.02300e+003 -5.57738e+001  6.63158e-002  6.85250e+002
          7024  6.72527e+002  7.02400e+003 -5.57874e+001  6.62009e-002  6.85333e+002
          7025  6.72606e+002  7.02500e+003 -5.57999e+001  6.60334e-002  6.85417e+002
          7026  6.72695e+002  7.02600e+003 -5.58101e+001  6.58645e-002  6.85500e+002
          7027  6.72778e+002  7.02700e+003 -5.58206e+001  6.57018e-002  6.85583e+002
          7028  6.72856e+002  7.02800e+003 -5.58358e+001  6.55421e-002  6.85667e+002
          7029  6.72934e+002  7.02900e+003 -5.58478e+001  6.54068e-002  6.85750e+002
          7030  6.73017e+002  7.03000e+003 -5.58590e+001  6.52915e-002  6.85833e+002
          7031  6.73103e+002  7.03100e+003 -5.58707e+001  6.51891e-002  6.85917e+002
          7032  6.73187e+002  7.03200e+003 -5.58787e+001  6.50402e-002  6.86000e+002
          7033  6.73257e+002  7.03300e+003 -5.58874e+001  6.48783e-002  6.86083e+002
          7034  6.73348e+002  7.03400e+003 -5.58955e+001  6.47237e-002  6.86167e+002
          7035  6.73443e+002  7.03500e+003 -5.59040e+001  6.45766e-002  6.86250e+002
          7036  6.73516e+002  7.03600e+003 -5.59157e+001  6.43835e-002  6.86333e+002
          7037  6.73605e+002  7.03700e+003 -5.59284e+001  6.42530e-002  6.86417e+002
          7038  6.73682e+002  7.03800e+003 -5.59413e+001  6.41515e-002  6.86500e+002
          7039  6.73769e+002  7.03900e+003 -5.59523e+001  6.40641e-002  6.86583e+002
          7040  6.73851e+002  7.04000e+003 -5.59646e+001  6.39653e-002  6.86667e+002
          7041  6.73938e+002  7.04100e+003 -5.59761e+001  6.38289e-002  6.86750e+002
          7042  6.74013e+002  7.04200e+003 -5.59871e+001  6.36932e-002  6.86833e+002
          7043  6.74097e+002  7.04300e+003 -5.59982e+001  6.35627e-002  6.86917e+002
          7044  6.74178e+002  7.04400e+003 -5.60106e+001  6.33680e-002  6.87000e+002
          7045  6.74258e+002  7.04500e+003 -5.60209e+001  6.32427e-002  6.87083e+002
          7046  6.74342e+002  7.04600e+003 -5.60320e+001  6.31183e-002  6.87167e+002
          7047  6.74429e+002  7.04700e+003 -5.60434e+001  6.29514e-002  6.87250e+002
          7048  6.74512e+002  7.04800e+003 -5.60514e+001  6.28399e-002  6.87333e+002
          7049  6.74596e+002  7.04900e+003 -5.60609e+001  6.26737e-002  6.87417e+002
          7050  6.74676e+002  7.05000e+003 -5.60705e+001  6.24487e-002  6.87500e+002
          7051  6.74756e+002  7.05100e+003 -5.60794e+001  6.22168e-002  6.87583e+002
          7052  6.74843e+002  7.05200e+003 -5.60857e+001  6.19347e-002  6.87667e+002
          7053  6.74922e+002  7.05300e+003 -5.60934e+001  6.17155e-002  6.87750e+002
          7054  6.75000e+002  7.05400e+003 -5.61024e+001  6.15274e-002  6.87833e+002
          7055  6.75080e+002  7.05500e+003 -5.61119e+001  6.13574e-002  6.87917e+002
          7056  6.75155e+002  7.05600e+003 -5.61230e+001  6.12746e-002  6.88000e+002
          7057  6.75242e+002  7.05700e+003 -5.61335e+001  6.11544e-002  6.88083e+002
          7058  6.75325e+002  7.05800e+003 -5.61446e+001  6.09866e-002  6.88167e+002
          7059  6.75410e+002  7.05900e+003 -5.61550e+001  6.08175e-002  6.88250e+002
          7060  6.75493e+002  7.06000e+003 -5.61660e+001  6.06884e-002  6.88333e+002
          7061  6.75577e+002  7.06100e+003 -5.61782e+001  6.05532e-002  6.88417e+002
          7062  6.75656e+002  7.06200e+003 -5.61906e+001  6.04279e-002  6.88500e+002
          7063  6.75741e+002  7.06300e+003 -5.62045e+001  6.03131e-002  6.88583e+002
          7064  6.75828e+002  7.06400e+003 -5.62201e+001  6.02244e-002  6.88667e+002
          7065  6.75905e+002  7.06500e+003 -5.62325e+001  6.01208e-002  6.88750e+002
          7066  6.75984e+002  7.06600e+003 -5.62453e+001  5.99689e-002  6.88833e+002
          7067  6.76070e+002  7.06700e+003 -5.62590e+001  5.98126e-002  6.88917e+002
          7068  6.76160e+002  7.06800e+003 -5.62729e+001  5.96797e-002  6.89000e+002
          7069  6.76232e+002  7.06900e+003 -5.62854e+001  5.95473e-002  6.89083e+002
          7070  6.76318e+002  7.07000e+003 -5.62963e+001  5.94250e-002  6.89167e+002
          7071  6.76394e+002  7.07100e+003 -5.63075e+001  5.93125e-002  6.89250e+002
          7072  6.76481e+002  7.07200e+003 -5.63178e+001  5.92230e-002  6.89333e+002
          7073  6.76558e+002  7.07300e+003 -5.63265e+001  5.91198e-002  6.89417e+002
          7074  6.76638e+002  7.07400e+003 -5.63357e+001  5.89685e-002  6.89500e+002
          7075  6.76722e+002  7.07500e+003 -5.63449e+001  5.88125e-002  6.89583e+002
          7076  6.76812e+002  7.07600e+003 -5.63491e+001  5.86795e-002  6.89667e+002
          7077  6.76889e+002  7.07700e+003 -5.63573e+001  5.85472e-002  6.89750e+002
          7078  6.76966e+002  7.07800e+003 -5.63662e+001  5.84250e-002  6.89833e+002
          7079  6.77055e+002  7.07900e+003 -5.63748e+001  5.83125e-002  6.89917e+002
          7080  6.77135e+002  7.08000e+003 -5.63811e+001  5.82229e-002  6.90000e+002
          7081  6.77229e+002  7.08100e+003 -5.63888e+001  5.81476e-002  6.90083e+002
          7082  6.77310e+002  7.08200e+003 -5.63965e+001  5.80865e-002  6.90167e+002
          7083  6.77380e+002  7.08300e+003 -5.64043e+001  5.80347e-002  6.90250e+002
          7084  6.77471e+002  7.08400e+003 -5.64153e+001  5.80157e-002  6.90333e+002
          7085  6.77552e+002  7.08500e+003 -5.64257e+001  5.79111e-002  6.90417e+002
          7086  6.77631e+002  7.08600e+003 -5.64348e+001  5.77910e-002  6.90500e+002
          7087  6.77711e+002  7.08700e+003 -5.64438e+001  5.76705e-002  6.90583e+002
          7088  6.77794e+002  7.08800e+003 -5.64574e+001  5.75051e-002  6.90667e+002
          7089  6.77871e+002  7.08900e+003 -5.64667e+001  5.73820e-002  6.90750e+002
          7090  6.77959e+002  7.09000e+003 -5.64759e+001  5.72787e-002  6.90833e+002
          7091  6.78036e+002  7.09100e+003 -5.64850e+001  5.71856e-002  6.90917e+002
          7092  6.78124e+002  7.09200e+003 -5.64937e+001  5.71450e-002  6.91000e+002
          7093  6.78200e+002  7.09300e+003 -5.65036e+001  5.70684e-002  6.91083e+002
          7094  6.78290e+002  7.09400e+003 -5.65146e+001  5.69369e-002  6.91167e+002
          7095  6.78378e+002  7.09500e+003 -5.65240e+001  5.67984e-002  6.91250e+002
          7096  6.78451e+002  7.09600e+003 -5.65325e+001  5.66635e-002  6.91333e+002
          7097  6.78530e+002  7.09700e+003 -5.65430e+001  5.65365e-002  6.91417e+002
          7098  6.78620e+002  7.09800e+003 -5.65529e+001  5.64194e-002  6.91500e+002
          7099  6.78700e+002  7.09900e+003 -5.65615e+001  5.63109e-002  6.91583e+002
          7100  6.78779e+002  7.10000e+003 -5.65719e+001  5.62202e-002  6.91667e+002
          7101  6.78868e+002  7.10100e+003 -5.65824e+001  5.61457e-002  6.91750e+002
          7102  6.78953e+002  7.10200e+003 -5.65931e+001  5.60856e-002  6.91833e+002
          7103  6.79042e+002  7.10300e+003 -5.66043e+001  5.60346e-002  6.91917e+002
          7104  6.79119e+002  7.10400e+003 -5.66158e+001  5.59319e-002  6.92000e+002
          7105  6.79194e+002  7.10500e+003 -5.66253e+001  5.57789e-002  6.92083e+002
          7106  6.79278e+002  7.10600e+003 -5.66348e+001  5.55635e-002  6.92167e+002
          7107  6.79358e+002  7.10700e+003 -5.66449e+001  5.53372e-002  6.92250e+002
          7108  6.79443e+002  7.10800e+003 -5.66571e+001  5.49982e-002  6.92333e+002
          7109  6.79522e+002  7.10900e+003 -5.66673e+001  5.47568e-002  6.92417e+002
          7110  6.79606e+002  7.11000e+003 -5.66766e+001  5.45541e-002  6.92500e+002
          7111  6.79687e+002  7.11100e+003 -5.66866e+001  5.43708e-002  6.92583e+002
          7112  6.79762e+002  7.11200e+003 -5.66969e+001  5.42883e-002  6.92667e+002
          7113  6.79856e+002  7.11300e+003 -5.67062e+001  5.41912e-002  6.92750e+002
          7114  6.79944e+002  7.11400e+003 -5.67160e+001  5.41095e-002  6.92833e+002
          7115  6.80022e+002  7.11500e+003 -5.67261e+001  5.40412e-002  6.92917e+002
          7116  6.80106e+002  7.11600e+003 -5.67373e+001  5.40548e-002  6.93000e+002
          7117  6.80188e+002  7.11700e+003 -5.67470e+001  5.40091e-002  6.93083e+002
          7118  6.80268e+002  7.11800e+003 -5.67563e+001  5.39007e-002  6.93167e+002
          7119  6.80353e+002  7.11900e+003 -5.67647e+001  5.37824e-002  6.93250e+002
          7120  6.80438e+002  7.12000e+003 -5.67749e+001  5.36452e-002  6.93333e+002
          7121  6.80524e+002  7.12100e+003 -5.67846e+001  5.35243e-002  6.93417e+002
          7122  6.80602e+002  7.12200e+003 -5.67937e+001  5.34130e-002  6.93500e+002
          7123  6.80689e+002  7.12300e+003 -5.68021e+001  5.33092e-002  6.93583e+002
          7124  6.80770e+002  7.12400e+003 -5.68115e+001  5.32170e-002  6.93667e+002
          7125  6.80847e+002  7.12500e+003 -5.68203e+001  5.31436e-002  6.93750e+002
          7126  6.80936e+002  7.12600e+003 -5.68292e+001  5.30846e-002  6.93833e+002
          7127  6.81017e+002  7.12700e+003 -5.68371e+001  5.30344e-002  6.93917e+002
          7128  6.81103e+002  7.12800e+003 -5.68430e+001  5.30425e-002  6.94000e+002
          7129  6.81181e+002  7.12900e+003 -5.68492e+001  5.30007e-002  6.94083e+002
          7130  6.81267e+002  7.13000e+003 -5.68562e+001  5.28966e-002  6.94167e+002
          7131  6.81352e+002  7.13100e+003 -5.68647e+001  5.27816e-002  6.94250e+002
          7132  6.81433e+002  7.13200e+003 -5.68725e+001  5.26432e-002  6.94333e+002
          7133  6.81508e+002  7.13300e+003 -5.68793e+001  5.25229e-002  6.94417e+002
          7134  6.81588e+002  7.13400e+003 -5.68854e+001  5.24123e-002  6.94500e+002
          7135  6.81675e+002  7.13500e+003 -5.68919e+001  5.23091e-002  6.94583e+002
          7136  6.81754e+002  7.13600e+003 -5.68997e+001  5.22167e-002  6.94667e+002
          7137  6.81839e+002  7.13700e+003 -5.69066e+001  5.21433e-002  6.94750e+002
          7138  6.81919e+002  7.13800e+003 -5.69127e+001  5.20845e-002  6.94833e+002
          7139  6.82008e+002  7.13900e+003 -5.69191e+001  5.20343e-002  6.94917e+002
          7140  6.82080e+002  7.14000e+003 -5.69285e+001  5.20425e-002  6.95000e+002
          7141  6.82167e+002  7.14100e+003 -5.69370e+001  5.20285e-002  6.95083e+002
          7142  6.82253e+002  7.14200e+003 -5.69444e+001  5.20147e-002  6.95167e+002
          7143  6.82333e+002  7.14300e+003 -5.69509e+001  5.20038e-002  6.95250e+002
          7144  6.82421e+002  7.14400e+003 -5.69553e+001  5.18961e-002  6.95333e+002
          7145  6.82505e+002  7.14500e+003 -5.69616e+001  5.17827e-002  6.95417e+002
          7146  6.82581e+002  7.14600e+003 -5.69693e+001  5.16690e-002  6.95500e+002
          7147  6.82674e+002  7.14700e+003 -5.69775e+001  5.15560e-002  6.95583e+002
          7148  6.82753e+002  7.14800e+003 -5.69867e+001  5.13561e-002  6.95667e+002
          7149  6.82835e+002  7.14900e+003 -5.69945e+001  5.12346e-002  6.95750e+002
          7150  6.82913e+002  7.15000e+003 -5.70014e+001  5.11421e-002  6.95833e+002
          7151  6.83001e+002  7.15100e+003 -5.70084e+001  5.10618e-002  6.95917e+002
          7152  6.83084e+002  7.15200e+003 -5.70156e+001  5.10718e-002  6.96000e+002
          7153  6.83158e+002  7.15300e+003 -5.70232e+001  5.10480e-002  6.96083e+002
          7154  6.83243e+002  7.15400e+003 -5.70308e+001  5.10250e-002  6.96167e+002
          7155  6.83325e+002  7.15500e+003 -5.70377e+001  5.10069e-002  6.96250e+002
          7156  6.83407e+002  7.15600e+003 -5.70466e+001  5.10124e-002  6.96333e+002
          7157  6.83494e+002  7.15700e+003 -5.70542e+001  5.09806e-002  6.96417e+002
          7158  6.83580e+002  7.15800e+003 -5.70610e+001  5.08860e-002  6.96500e+002
          7159  6.83652e+002  7.15900e+003 -5.70680e+001  5.07785e-002  6.96583e+002
          7160  6.83744e+002  7.16000e+003 -5.70721e+001  5.06380e-002  6.96667e+002
          7161  6.83821e+002  7.16100e+003 -5.70773e+001  5.05194e-002  6.96750e+002
          7162  6.83891e+002  7.16200e+003 -5.70836e+001  5.04106e-002  6.96833e+002
          7163  6.83984e+002  7.16300e+003 -5.70908e+001  5.03087e-002  6.96917e+002
          7164  6.84060e+002  7.16400e+003 -5.70938e+001  5.02158e-002  6.97000e+002
          7165  6.84151e+002  7.16500e+003 -5.70990e+001  5.01150e-002  6.97083e+002
          7166  6.84228e+002  7.16600e+003 -5.71074e+001  4.99662e-002  6.97167e+002
          7167  6.84311e+002  7.16700e+003 -5.71169e+001  4.98121e-002  6.97250e+002
          7168  6.84396e+002  7.16800e+003 -5.71248e+001  4.96783e-002  6.97333e+002
          7169  6.84474e+002  7.16900e+003 -5.71331e+001  4.95464e-002  6.97417e+002
          7170  6.84563e+002  7.17000e+003 -5.71420e+001  4.94246e-002  6.97500e+002
          7171  6.84651e+002  7.17100e+003 -5.71515e+001  4.93125e-002  6.97583e+002
          7172  6.84732e+002  7.17200e+003 -5.71609e+001  4.92228e-002  6.97667e+002
          7173  6.84817e+002  7.17300e+003 -5.71697e+001  4.91475e-002  6.97750e+002
          7174  6.84901e+002  7.17400e+003 -5.71787e+001  4.90587e-002  6.97833e+002
          7175  6.84980e+002  7.17500e+003 -5.71875e+001  4.89236e-002  6.97917e+002
          7176  6.85059e+002  7.17600e+003 -5.71979e+001  4.88096e-002  6.98000e+002
          7177  6.85137e+002  7.17700e+003 -5.72051e+001  4.86814e-002  6.98083e+002
          7178  6.85221e+002  7.17800e+003 -5.72121e+001  4.85561e-002  6.98167e+002
          7179  6.85293e+002  7.17900e+003 -5.72200e+001  4.84360e-002  6.98250e+002
          7180  6.85388e+002  7.18000e+003 -5.72245e+001  4.82934e-002  6.98333e+002
          7181  6.85472e+002  7.18100e+003 -5.72299e+001  4.81939e-002  6.98417e+002
          7182  6.85556e+002  7.18200e+003 -5.72359e+001  4.81157e-002  6.98500e+002
          7183  6.85635e+002  7.18300e+003 -5.72406e+001  4.80484e-002  6.98583e+002
          7184  6.85708e+002  7.18400e+003 -5.72438e+001  4.80582e-002  6.98667e+002
          7185  6.85803e+002  7.18500e+003 -5.72496e+001  4.80390e-002  6.98750e+002
          7186  6.85882e+002  7.18600e+003 -5.72562e+001  4.80202e-002  6.98833e+002
          7187  6.85974e+002  7.18700e+003 -5.72613e+001  4.80054e-002  6.98917e+002
          7188  6.86042e+002  7.18800e+003 -5.72677e+001  4.80100e-002  6.99000e+002
          7189  6.86126e+002  7.18900e+003 -5.72736e+001  4.80068e-002  6.99083e+002
          7190  6.86216e+002  7.19000e+003 -5.72806e+001  4.80033e-002  6.99167e+002
          7191  6.86295e+002  7.19100e+003 -5.72882e+001  4.80006e-002  6.99250e+002
          7192  6.86377e+002  7.19200e+003 -5.72937e+001  4.78905e-002  6.99333e+002
          7193  6.86465e+002  7.19300e+003 -5.73004e+001  4.77789e-002  6.99417e+002
          7194  6.86546e+002  7.19400e+003 -5.73065e+001  4.76672e-002  6.99500e+002
          7195  6.86622e+002  7.19500e+003 -5.73120e+001  4.75556e-002  6.99583e+002
          7196  6.86715e+002  7.19600e+003 -5.73174e+001  4.73552e-002  6.99667e+002
          7197  6.86789e+002  7.19700e+003 -5.73233e+001  4.72340e-002  6.99750e+002
          7198  6.86875e+002  7.19800e+003 -5.73298e+001  4.71419e-002  6.99833e+002
          7199  6.86951e+002  7.19900e+003 -5.73374e+001  4.70617e-002  6.99917e+002
          7200  6.87040e+002  7.20000e+003 -5.73457e+001  4.70716e-002  7.00000e+002
          7201  6.87119e+002  7.20100e+003 -5.73522e+001  4.70479e-002  7.00083e+002
          7202  6.87199e+002  7.20200e+003 -5.73581e+001  4.70250e-002  7.00167e+002
          7203  6.87277e+002  7.20300e+003 -5.73647e+001  4.70069e-002  7.00250e+002
          7204  6.87365e+002  7.20400e+003 -5.73680e+001  4.70123e-002  7.00333e+002
          7205  6.87445e+002  7.20500e+003 -5.73719e+001  4.70084e-002  7.00417e+002
          7206  6.87532e+002  7.20600e+003 -5.73751e+001  4.70041e-002  7.00500e+002
          7207  6.87609e+002  7.20700e+003 -5.73781e+001  4.70008e-002  7.00583e+002
          7208  6.87690e+002  7.20800e+003 -5.73856e+001  4.70020e-002  7.00667e+002
          7209  6.87772e+002  7.20900e+003 -5.73916e+001  4.69736e-002  7.00750e+002
          7210  6.87857e+002  7.21000e+003 -5.73961e+001  4.68826e-002  7.00833e+002
          7211  6.87947e+002  7.21100e+003 -5.74005e+001  4.67779e-002  7.00917e+002
          7212  6.88021e+002  7.21200e+003 -5.74015e+001  4.66363e-002  7.01000e+002
          7213  6.88106e+002  7.21300e+003 -5.74044e+001  4.65182e-002  7.01083e+002
          7214  6.88190e+002  7.21400e+003 -5.74089e+001  4.64101e-002  7.01167e+002
          7215  6.88273e+002  7.21500e+003 -5.74165e+001  4.63087e-002  7.01250e+002
          7216  6.88354e+002  7.21600e+003 -5.74233e+001  4.62156e-002  7.01333e+002
          7217  6.88433e+002  7.21700e+003 -5.74286e+001  4.61426e-002  7.01417e+002
          7218  6.88523e+002  7.21800e+003 -5.74334e+001  4.60841e-002  7.01500e+002
          7219  6.88606e+002  7.21900e+003 -5.74385e+001  4.60343e-002  7.01583e+002
          7220  6.88686e+002  7.22000e+003 -5.74454e+001  4.60423e-002  7.01667e+002
          7221  6.88769e+002  7.22100e+003 -5.74505e+001  4.60284e-002  7.01750e+002
          7222  6.88851e+002  7.22200e+003 -5.74553e+001  4.60146e-002  7.01833e+002
          7223  6.88932e+002  7.22300e+003 -5.74604e+001  4.60038e-002  7.01917e+002
          7224  6.89012e+002  7.22400e+003 -5.74682e+001  4.60072e-002  7.02000e+002
          7225  6.89096e+002  7.22500e+003 -5.74747e+001  4.60049e-002  7.02083e+002
          7226  6.89175e+002  7.22600e+003 -5.74812e+001  4.59746e-002  7.02167e+002
          7227  6.89267e+002  7.22700e+003 -5.74880e+001  4.58893e-002  7.02250e+002
          7228  6.89351e+002  7.22800e+003 -5.74888e+001  4.57674e-002  7.02333e+002
          7229  6.89432e+002  7.22900e+003 -5.74921e+001  4.56530e-002  7.02417e+002
          7230  6.89511e+002  7.23000e+003 -5.74958e+001  4.55415e-002  7.02500e+002
          7231  6.89599e+002  7.23100e+003 -5.75015e+001  4.54321e-002  7.02583e+002
          7232  6.89681e+002  7.23200e+003 -5.75089e+001  4.52862e-002  7.02667e+002
          7233  6.89766e+002  7.23300e+003 -5.75158e+001  4.51890e-002  7.02750e+002
          7234  6.89843e+002  7.23400e+003 -5.75226e+001  4.51133e-002  7.02833e+002
          7235  6.89922e+002  7.23500e+003 -5.75298e+001  4.50480e-002  7.02917e+002
          7236  6.90003e+002  7.23600e+003 -5.75328e+001  4.50571e-002  7.03000e+002
          7237  6.90094e+002  7.23700e+003 -5.75360e+001  4.50104e-002  7.03083e+002
          7238  6.90167e+002  7.23800e+003 -5.75402e+001  4.49018e-002  7.03167e+002
          7239  6.90260e+002  7.23900e+003 -5.75452e+001  4.47831e-002  7.03250e+002
          7240  6.90340e+002  7.24000e+003 -5.75522e+001  4.46458e-002  7.03333e+002
          7241  6.90428e+002  7.24100e+003 -5.75571e+001  4.45247e-002  7.03417e+002
          7242  6.90511e+002  7.24200e+003 -5.75607e+001  4.44132e-002  7.03500e+002
          7243  6.90591e+002  7.24300e+003 -5.75626e+001  4.43092e-002  7.03583e+002
          7244  6.90666e+002  7.24400e+003 -5.75620e+001  4.42171e-002  7.03667e+002
          7245  6.90756e+002  7.24500e+003 -5.75648e+001  4.41436e-002  7.03750e+002
          7246  6.90839e+002  7.24600e+003 -5.75686e+001  4.40846e-002  7.03833e+002
          7247  6.90914e+002  7.24700e+003 -5.75726e+001  4.40344e-002  7.03917e+002
          7248  6.91003e+002  7.24800e+003 -5.75767e+001  4.40425e-002  7.04000e+002
          7249  6.91087e+002  7.24900e+003 -5.75814e+001  4.40285e-002  7.04083e+002
          7250  6.91166e+002  7.25000e+003 -5.75855e+001  4.40147e-002  7.04167e+002
          7251  6.91246e+002  7.25100e+003 -5.75893e+001  4.40038e-002  7.04250e+002
          7252  6.91340e+002  7.25200e+003 -5.75935e+001  4.40072e-002  7.04333e+002
          7253  6.91417e+002  7.25300e+003 -5.75985e+001  4.40049e-002  7.04417e+002
          7254  6.91503e+002  7.25400e+003 -5.76041e+001  4.40024e-002  7.04500e+002
          7255  6.91575e+002  7.25500e+003 -5.76099e+001  4.40004e-002  7.04583e+002
          7256  6.91659e+002  7.25600e+003 -5.76172e+001  4.40012e-002  7.04667e+002
          7257  6.91755e+002  7.25700e+003 -5.76241e+001  4.40008e-002  7.04750e+002
          7258  6.91831e+002  7.25800e+003 -5.76305e+001  4.40004e-002  7.04833e+002
          7259  6.91918e+002  7.25900e+003 -5.76353e+001  4.40000e-002  7.04917e+002
          7260  6.91994e+002  7.26000e+003 -5.76397e+001  4.40002e-002  7.05000e+002
          7261  6.92078e+002  7.26100e+003 -5.76443e+001  4.40001e-002  7.05083e+002
          7262  6.92168e+002  7.26200e+003 -5.76485e+001  4.40001e-002  7.05167e+002
          7263  6.92249e+002  7.26300e+003 -5.76533e+001  4.40000e-002  7.05250e+002
          7264  6.92331e+002  7.26400e+003 -5.76552e+001  4.40000e-002  7.05333e+002
          7265  6.92410e+002  7.26500e+003 -5.76572e+001  4.40000e-002  7.05417e+002
          7266  6.92491e+002  7.26600e+003 -5.76584e+001  4.39722e-002  7.05500e+002
          7267  6.92574e+002  7.26700e+003 -5.76598e+001  4.38889e-002  7.05583e+002
          7268  6.92653e+002  7.26800e+003 -5.76577e+001  4.37662e-002  7.05667e+002
          7269  6.92737e+002  7.26900e+003 -5.76585e+001  4.36522e-002  7.05750e+002
          7270  6.92830e+002  7.27000e+003 -5.76600e+001  4.35411e-002  7.05833e+002
          7271  6.92910e+002  7.27100e+003 -5.76603e+001  4.34321e-002  7.05917e+002
          7272  6.92988e+002  7.27200e+003 -5.76629e+001  4.32860e-002  7.06000e+002
          7273  6.93073e+002  7.27300e+003 -5.76659e+001  4.31888e-002  7.06083e+002
          7274  6.93159e+002  7.27400e+003 -5.76714e+001  4.31133e-002  7.06167e+002
          7275  6.93237e+002  7.27500e+003 -5.76768e+001  4.30480e-002  7.06250e+002
          7276  6.93319e+002  7.27600e+003 -5.76813e+001  4.30571e-002  7.06333e+002
          7277  6.93406e+002  7.27700e+003 -5.76857e+001  4.30382e-002  7.06417e+002
          7278  6.93490e+002  7.27800e+003 -5.76900e+001  4.30198e-002  7.06500e+002
          7279  6.93577e+002  7.27900e+003 -5.76947e+001  4.30053e-002  7.06583e+002
          7280  6.93646e+002  7.28000e+003 -5.76994e+001  4.30098e-002  7.06667e+002
          7281  6.93742e+002  7.28100e+003 -5.77020e+001  4.30067e-002  7.06750e+002
          7282  6.93818e+002  7.28200e+003 -5.77042e+001  4.30032e-002  7.06833e+002
          7283  6.93894e+002  7.28300e+003 -5.77044e+001  4.30006e-002  7.06917e+002
          7284  6.93981e+002  7.28400e+003 -5.77040e+001  4.30016e-002  7.07000e+002
          7285  6.94063e+002  7.28500e+003 -5.77050e+001  4.30011e-002  7.07083e+002
          7286  6.94147e+002  7.28600e+003 -5.77063e+001  4.30005e-002  7.07167e+002
          7287  6.94233e+002  7.28700e+003 -5.77079e+001  4.30001e-002  7.07250e+002
          7288  6.94308e+002  7.28800e+003 -5.77041e+001  4.28891e-002  7.07333e+002
          7289  6.94407e+002  7.28900e+003 -5.77045e+001  4.27779e-002  7.07417e+002
          7290  6.94483e+002  7.29000e+003 -5.77064e+001  4.26667e-002  7.07500e+002
          7291  6.94566e+002  7.29100e+003 -5.77075e+001  4.25556e-002  7.07583e+002
          7292  6.94655e+002  7.29200e+003 -5.77085e+001  4.23550e-002  7.07667e+002
          7293  6.94728e+002  7.29300e+003 -5.77109e+001  4.22338e-002  7.07750e+002
          7294  6.94809e+002  7.29400e+003 -5.77135e+001  4.21418e-002  7.07833e+002
          7295  6.94892e+002  7.29500e+003 -5.77171e+001  4.20617e-002  7.07917e+002
          7296  6.94974e+002  7.29600e+003 -5.77240e+001  4.20716e-002  7.08000e+002
          7297  6.95058e+002  7.29700e+003 -5.77285e+001  4.20479e-002  7.08083e+002
          7298  6.95141e+002  7.29800e+003 -5.77323e+001  4.20250e-002  7.08167e+002
          7299  6.95224e+002  7.29900e+003 -5.77362e+001  4.20069e-002  7.08250e+002
          7300  6.95306e+002  7.30000e+003 -5.77408e+001  4.20123e-002  7.08333e+002
          7301  6.95387e+002  7.30100e+003 -5.77451e+001  4.20084e-002  7.08417e+002
          7302  6.95472e+002  7.30200e+003 -5.77499e+001  4.20041e-002  7.08500e+002
          7303  6.95557e+002  7.30300e+003 -5.77553e+001  4.20008e-002  7.08583e+002
          7304  6.95644e+002  7.30400e+003 -5.77596e+001  4.20020e-002  7.08667e+002
          7305  6.95725e+002  7.30500e+003 -5.77628e+001  4.20014e-002  7.08750e+002
          7306  6.95805e+002  7.30600e+003 -5.77653e+001  4.20006e-002  7.08833e+002
          7307  6.95890e+002  7.30700e+003 -5.77673e+001  4.20001e-002  7.08917e+002
          7308  6.95971e+002  7.30800e+003 -5.77688e+001  4.20003e-002  7.09000e+002
          7309  6.96057e+002  7.30900e+003 -5.77689e+001  4.20002e-002  7.09083e+002
          7310  6.96140e+002  7.31000e+003 -5.77698e+001  4.20001e-002  7.09167e+002
          7311  6.96228e+002  7.31100e+003 -5.77702e+001  4.20000e-002  7.09250e+002
          7312  6.96303e+002  7.31200e+003 -5.77697e+001  4.20000e-002  7.09333e+002
          7313  6.96396e+002  7.31300e+003 -5.77709e+001  4.20000e-002  7.09417e+002
          7314  6.96472e+002  7.31400e+003 -5.77722e+001  4.20000e-002  7.09500e+002
          7315  6.96551e+002  7.31500e+003 -5.77735e+001  4.20000e-002  7.09583e+002
          7316  6.96637e+002  7.31600e+003 -5.77724e+001  4.19722e-002  7.09667e+002
          7317  6.96723e+002  7.31700e+003 -5.77736e+001  4.18819e-002  7.09750e+002
          7318  6.96800e+002  7.31800e+003 -5.77748e+001  4.17760e-002  7.09833e+002
          7319  6.96886e+002  7.31900e+003 -5.77743e+001  4.16667e-002  7.09917e+002
          7320  6.96968e+002  7.32000e+003 -5.77799e+001  4.14977e-002  7.10000e+002
          7321  6.97053e+002  7.32100e+003 -5.77828e+001  4.13770e-002  7.10083e+002
          7322  6.97132e+002  7.32200e+003 -5.77847e+001  4.12763e-002  7.10167e+002
          7323  6.97210e+002  7.32300e+003 -5.77857e+001  4.11852e-002  7.10250e+002
          7324  6.97298e+002  7.32400e+003 -5.77885e+001  4.11438e-002  7.10333e+002
          7325  6.97379e+002  7.32500e+003 -5.77905e+001  4.10954e-002  7.10417e+002
          7326  6.97460e+002  7.32600e+003 -5.77908e+001  4.10546e-002  7.10500e+002
          7327  6.97544e+002  7.32700e+003 -5.77910e+001  4.10206e-002  7.10583e+002
          7328  6.97629e+002  7.32800e+003 -5.77902e+001  4.10273e-002  7.10667e+002
          7329  6.97709e+002  7.32900e+003 -5.77908e+001  4.10184e-002  7.10750e+002
          7330  6.97801e+002  7.33000e+003 -5.77912e+001  4.10094e-002  7.10833e+002
          7331  6.97879e+002  7.33100e+003 -5.77921e+001  4.10023e-002  7.10917e+002
          7332  6.97961e+002  7.33200e+003 -5.77933e+001  4.10046e-002  7.11000e+002
          7333  6.98045e+002  7.33300e+003 -5.77940e+001  4.10031e-002  7.11083e+002
          7334  6.98124e+002  7.33400e+003 -5.77966e+001  4.10015e-002  7.11167e+002
          7335  6.98209e+002  7.33500e+003 -5.78000e+001  4.10003e-002  7.11250e+002
          7336  6.98285e+002  7.33600e+003 -5.77996e+001  4.10007e-002  7.11333e+002
          7337  6.98378e+002  7.33700e+003 -5.77992e+001  4.10005e-002  7.11417e+002
          7338  6.98455e+002  7.33800e+003 -5.77991e+001  4.10002e-002  7.11500e+002
          7339  6.98542e+002  7.33900e+003 -5.77996e+001  4.10000e-002  7.11583e+002
          7340  6.98625e+002  7.34000e+003 -5.78050e+001  4.10001e-002  7.11667e+002
          7341  6.98707e+002  7.34100e+003 -5.78070e+001  4.10001e-002  7.11750e+002
          7342  6.98785e+002  7.34200e+003 -5.78069e+001  4.10000e-002  7.11833e+002
          7343  6.98867e+002  7.34300e+003 -5.78080e+001  4.10000e-002  7.11917e+002
          7344  6.98951e+002  7.34400e+003 -5.78056e+001  4.10000e-002  7.12000e+002
          7345  6.99035e+002  7.34500e+003 -5.78059e+001  4.10000e-002  7.12083e+002
          7346  6.99120e+002  7.34600e+003 -5.78067e+001  4.10000e-002  7.12167e+002
          7347  6.99207e+002  7.34700e+003 -5.78061e+001  4.10000e-002  7.12250e+002
          7348  6.99282e+002  7.34800e+003 -5.78081e+001  4.10000e-002  7.12333e+002
          7349  6.99366e+002  7.34900e+003 -5.78089e+001  4.10000e-002  7.12417e+002
          7350  6.99452e+002  7.35000e+003 -5.78105e+001  4.09722e-002  7.12500e+002
          7351  6.99533e+002  7.35100e+003 -5.78118e+001  4.08889e-002  7.12583e+002
          7352  6.99615e+002  7.35200e+003 -5.78114e+001  4.07662e-002  7.12667e+002
          7353  6.99696e+002  7.35300e+003 -5.78097e+001  4.06522e-002  7.12750e+002
          7354  6.99778e+002  7.35400e+003 -5.78069e+001  4.05411e-002  7.12833e+002
          7355  6.99863e+002  7.35500e+003 -5.78035e+001  4.04321e-002  7.12917e+002
          7356  6.99940e+002  7.35600e+003 -5.78012e+001  4.02860e-002  7.13000e+002
          7357  7.00026e+002  7.35700e+003 -5.78012e+001  4.01888e-002  7.13083e+002
          7358  7.00108e+002  7.35800e+003 -5.77999e+001  4.01133e-002  7.13167e+002
          7359  7.00194e+002  7.35900e+003 -5.77981e+001  4.00480e-002  7.13250e+002
          7360  7.00263e+002  7.36000e+003 -5.77951e+001  4.00571e-002  7.13333e+002
          7361  7.00352e+002  7.36100e+003 -5.77946e+001  4.00382e-002  7.13417e+002
          7362  7.00440e+002  7.36200e+003 -5.77943e+001  4.00198e-002  7.13500e+002
          7363  7.00518e+002  7.36300e+003 -5.77944e+001  4.00053e-002  7.13583e+002
          7364  7.00606e+002  7.36400e+003 -5.77943e+001  4.00098e-002  7.13667e+002
          7365  7.00687e+002  7.36500e+003 -5.77929e+001  4.00067e-002  7.13750e+002
          7366  7.00769e+002  7.36600e+003 -5.77911e+001  4.00032e-002  7.13833e+002
          7367  7.00848e+002  7.36700e+003 -5.77884e+001  4.00006e-002  7.13917e+002
          7368  7.00934e+002  7.36800e+003 -5.77870e+001  4.00016e-002  7.14000e+002
          7369  7.01019e+002  7.36900e+003 -5.77848e+001  4.00011e-002  7.14083e+002
          7370  7.01104e+002  7.37000e+003 -5.77832e+001  4.00005e-002  7.14167e+002
          7371  7.01184e+002  7.37100e+003 -5.77828e+001  4.00001e-002  7.14250e+002
          7372  7.01262e+002  7.37200e+003 -5.77822e+001  4.00002e-002  7.14333e+002
          7373  7.01355e+002  7.37300e+003 -5.77811e+001  4.00002e-002  7.14417e+002
          7374  7.01442e+002  7.37400e+003 -5.77799e+001  4.00001e-002  7.14500e+002
          7375  7.01522e+002  7.37500e+003 -5.77794e+001  4.00000e-002  7.14583e+002
          7376  7.01600e+002  7.37600e+003 -5.77778e+001  4.00000e-002  7.14667e+002
          7377  7.01690e+002  7.37700e+003 -5.77777e+001  4.00000e-002  7.14750e+002
          7378  7.01767e+002  7.37800e+003 -5.77781e+001  4.00000e-002  7.14833e+002
          7379  7.01850e+002  7.37900e+003 -5.77794e+001  4.00000e-002  7.14917e+002
          7380  7.01932e+002  7.38000e+003 -5.77844e+001  4.00000e-002  7.15000e+002
          7381  7.02012e+002  7.38100e+003 -5.77855e+001  4.00000e-002  7.15083e+002
          7382  7.02096e+002  7.38200e+003 -5.77852e+001  4.00000e-002  7.15167e+002
          7383  7.02183e+002  7.38300e+003 -5.77850e+001  4.00000e-002  7.15250e+002
          7384  7.02264e+002  7.38400e+003 -5.77866e+001  4.00000e-002  7.15333e+002
          7385  7.02345e+002  7.38500e+003 -5.77880e+001  4.00000e-002  7.15417e+002
          7386  7.02426e+002  7.38600e+003 -5.77893e+001  4.00000e-002  7.15500e+002
          7387  7.02509e+002  7.38700e+003 -5.77909e+001  4.00000e-002  7.15583e+002
          7388  7.02596e+002  7.38800e+003 -5.77913e+001  4.00000e-002  7.15667e+002
          7389  7.02677e+002  7.38900e+003 -5.77925e+001  4.00000e-002  7.15750e+002
          7390  7.02763e+002  7.39000e+003 -5.77930e+001  4.00000e-002  7.15833e+002
          7391  7.02838e+002  7.39100e+003 -5.77931e+001  4.00000e-002  7.15917e+002
          7392  7.02921e+002  7.39200e+003 -5.77934e+001  4.00000e-002  7.16000e+002
          7393  7.03004e+002  7.39300e+003 -5.77933e+001  4.00000e-002  7.16083e+002
          7394  7.03090e+002  7.39400e+003 -5.77928e+001  4.00000e-002  7.16167e+002
          7395  7.03172e+002  7.39500e+003 -5.77925e+001  4.00000e-002  7.16250e+002
          7396  7.03248e+002  7.39600e+003 -5.77926e+001  4.00000e-002  7.16333e+002
          7397  7.03334e+002  7.39700e+003 -5.77936e+001  4.00000e-002  7.16417e+002
          7398  7.03418e+002  7.39800e+003 -5.77958e+001  4.00000e-002  7.16500e+002
          7399  7.03497e+002  7.39900e+003 -5.77973e+001  4.00000e-002  7.16583e+002
          7400  7.03583e+002  7.40000e+003 -5.77960e+001  4.00000e-002  7.16667e+002
          7401  7.03669e+002  7.40100e+003 -5.77956e+001  4.00000e-002  7.16750e+002
          7402  7.03752e+002  7.40200e+003 -5.77963e+001  4.00000e-002  7.16833e+002
          7403  7.03834e+002  7.40300e+003 -5.77963e+001  4.00000e-002  7.16917e+002
          7404  7.03911e+002  7.40400e+003 -5.77989e+001  4.00000e-002  7.17000e+002
          7405  7.03993e+002  7.40500e+003 -5.78000e+001  4.00000e-002  7.17083e+002
          7406  7.04074e+002  7.40600e+003 -5.78014e+001  4.00000e-002  7.17167e+002
          7407  7.04159e+002  7.40700e+003 -5.78032e+001  4.00000e-002  7.17250e+002
          7408  7.04240e+002  7.40800e+003 -5.77974e+001  4.00000e-002  7.17333e+002
          7409  7.04321e+002  7.40900e+003 -5.77945e+001  4.00000e-002  7.17417e+002
          7410  7.04399e+002  7.41000e+003 -5.77923e+001  4.00000e-002  7.17500e+002
          7411  7.04488e+002  7.41100e+003 -5.77897e+001  4.00000e-002  7.17583e+002
          7412  7.04573e+002  7.41200e+003 -5.77885e+001  4.00000e-002  7.17667e+002
          7413  7.04655e+002  7.41300e+003 -5.77870e+001  3.99722e-002  7.17750e+002
          7414  7.04731e+002  7.41400e+003 -5.77851e+001  3.98819e-002  7.17833e+002
          7415  7.04810e+002  7.41500e+003 -5.77847e+001  3.97778e-002  7.17917e+002
          7416  7.04899e+002  7.41600e+003 -5.77821e+001  3.96360e-002  7.18000e+002
          7417  7.04983e+002  7.41700e+003 -5.77801e+001  3.95180e-002  7.18083e+002
          7418  7.05074e+002  7.41800e+003 -5.77790e+001  3.94100e-002  7.18167e+002
          7419  7.05156e+002  7.41900e+003 -5.77764e+001  3.93086e-002  7.18250e+002
          7420  7.05237e+002  7.42000e+003 -5.77749e+001  3.92155e-002  7.18333e+002
          7421  7.05316e+002  7.42100e+003 -5.77720e+001  3.91425e-002  7.18417e+002
          7422  7.05399e+002  7.42200e+003 -5.77698e+001  3.90841e-002  7.18500e+002
          7423  7.05477e+002  7.42300e+003 -5.77683e+001  3.90343e-002  7.18583e+002
          7424  7.05560e+002  7.42400e+003 -5.77663e+001  3.90423e-002  7.18667e+002
          7425  7.05651e+002  7.42500e+003 -5.77643e+001  3.90284e-002  7.18750e+002
          7426  7.05727e+002  7.42600e+003 -5.77624e+001  3.90146e-002  7.18833e+002
          7427  7.05814e+002  7.42700e+003 -5.77588e+001  3.90038e-002  7.18917e+002
          7428  7.05899e+002  7.42800e+003 -5.77544e+001  3.90072e-002  7.19000e+002
          7429  7.05977e+002  7.42900e+003 -5.77547e+001  3.90049e-002  7.19083e+002
          7430  7.06061e+002  7.43000e+003 -5.77548e+001  3.90024e-002  7.19167e+002
          7431  7.06143e+002  7.43100e+003 -5.77532e+001  3.90004e-002  7.19250e+002
          7432  7.06236e+002  7.43200e+003 -5.77546e+001  3.90011e-002  7.19333e+002
          7433  7.06311e+002  7.43300e+003 -5.77535e+001  3.90008e-002  7.19417e+002
          7434  7.06393e+002  7.43400e+003 -5.77528e+001  3.90004e-002  7.19500e+002
          7435  7.06481e+002  7.43500e+003 -5.77521e+001  3.90000e-002  7.19583e+002
          7436  7.06559e+002  7.43600e+003 -5.77512e+001  3.90002e-002  7.19667e+002
          7437  7.06643e+002  7.43700e+003 -5.77476e+001  3.90001e-002  7.19750e+002
          7438  7.06721e+002  7.43800e+003 -5.77447e+001  3.90001e-002  7.19833e+002
          7439  7.06804e+002  7.43900e+003 -5.77440e+001  3.90000e-002  7.19917e+002
          7440  7.06895e+002  7.44000e+003 -5.77391e+001  3.90000e-002  7.20000e+002
          7441  7.06980e+002  7.44100e+003 -5.77356e+001  3.90000e-002  7.20083e+002
          7442  7.07061e+002  7.44200e+003 -5.77316e+001  3.90000e-002  7.20167e+002
          7443  7.07137e+002  7.44300e+003 -5.77267e+001  3.90000e-002  7.20250e+002
          7444  7.07224e+002  7.44400e+003 -5.77256e+001  3.90000e-002  7.20333e+002
          7445  7.07310e+002  7.44500e+003 -5.77232e+001  3.90000e-002  7.20417e+002
          7446  7.07393e+002  7.44600e+003 -5.77200e+001  3.90000e-002  7.20500e+002
          7447  7.07471e+002  7.44700e+003 -5.77173e+001  3.90000e-002  7.20583e+002
          7448  7.07548e+002  7.44800e+003 -5.77148e+001  3.90000e-002  7.20667e+002
          7449  7.07643e+002  7.44900e+003 -5.77127e+001  3.90000e-002  7.20750e+002
          7450  7.07725e+002  7.45000e+003 -5.77097e+001  3.90000e-002  7.20833e+002
          7451  7.07808e+002  7.45100e+003 -5.77059e+001  3.90000e-002  7.20917e+002
          7452  7.07890e+002  7.45200e+003 -5.77016e+001  3.90000e-002  7.21000e+002
          7453  7.07977e+002  7.45300e+003 -5.76982e+001  3.90000e-002  7.21083e+002
          7454  7.08062e+002  7.45400e+003 -5.76961e+001  3.90000e-002  7.21167e+002
          7455  7.08139e+002  7.45500e+003 -5.76952e+001  3.90000e-002  7.21250e+002
          7456  7.08219e+002  7.45600e+003 -5.76960e+001  3.90000e-002  7.21333e+002
          7457  7.08303e+002  7.45700e+003 -5.76963e+001  3.90000e-002  7.21417e+002
          7458  7.08389e+002  7.45800e+003 -5.76937e+001  3.90000e-002  7.21500e+002
          7459  7.08477e+002  7.45900e+003 -5.76896e+001  3.90000e-002  7.21583e+002
          7460  7.08558e+002  7.46000e+003 -5.76878e+001  3.90000e-002  7.21667e+002
          7461  7.08645e+002  7.46100e+003 -5.76876e+001  3.90000e-002  7.21750e+002
          7462  7.08723e+002  7.46200e+003 -5.76868e+001  3.90000e-002  7.21833e+002
          7463  7.08798e+002  7.46300e+003 -5.76851e+001  3.90000e-002  7.21917e+002
          7464  7.08884e+002  7.46400e+003 -5.76859e+001  3.90000e-002  7.22000e+002
          7465  7.08967e+002  7.46500e+003 -5.76836e+001  3.90000e-002  7.22083e+002
          7466  7.09050e+002  7.46600e+003 -5.76813e+001  3.90000e-002  7.22167e+002
          7467  7.09134e+002  7.46700e+003 -5.76798e+001  3.90000e-002  7.22250e+002
          7468  7.09216e+002  7.46800e+003 -5.76733e+001  3.90000e-002  7.22333e+002
          7469  7.09301e+002  7.46900e+003 -5.76702e+001  3.90000e-002  7.22417e+002
          7470  7.09374e+002  7.47000e+003 -5.76674e+001  3.90000e-002  7.22500e+002
          7471  7.09459e+002  7.47100e+003 -5.76640e+001  3.90000e-002  7.22583e+002
          7472  7.09555e+002  7.47200e+003 -5.76600e+001  3.90000e-002  7.22667e+002
          7473  7.09635e+002  7.47300e+003 -5.76550e+001  3.90000e-002  7.22750e+002
          7474  7.09706e+002  7.47400e+003 -5.76507e+001  3.90000e-002  7.22833e+002
          7475  7.09795e+002  7.47500e+003 -5.76471e+001  3.90000e-002  7.22917e+002
          7476  7.09872e+002  7.47600e+003 -5.76461e+001  3.90000e-002  7.23000e+002
          7477  7.09952e+002  7.47700e+003 -5.76439e+001  3.89722e-002  7.23083e+002
          7478  7.10033e+002  7.47800e+003 -5.76407e+001  3.88819e-002  7.23167e+002
          7479  7.10126e+002  7.47900e+003 -5.76381e+001  3.87778e-002  7.23250e+002
          7480  7.10210e+002  7.48000e+003 -5.76333e+001  3.86360e-002  7.23333e+002
          7481  7.10290e+002  7.48100e+003 -5.76308e+001  3.85180e-002  7.23417e+002
          7482  7.10377e+002  7.48200e+003 -5.76285e+001  3.84100e-002  7.23500e+002
          7483  7.10456e+002  7.48300e+003 -5.76255e+001  3.83086e-002  7.23583e+002
          7484  7.10536e+002  7.48400e+003 -5.76274e+001  3.82155e-002  7.23667e+002
          7485  7.10615e+002  7.48500e+003 -5.76261e+001  3.81425e-002  7.23750e+002
          7486  7.10700e+002  7.48600e+003 -5.76236e+001  3.80841e-002  7.23833e+002
          7487  7.10776e+002  7.48700e+003 -5.76193e+001  3.80343e-002  7.23917e+002
          7488  7.10866e+002  7.48800e+003 -5.76150e+001  3.80423e-002  7.24000e+002
          7489  7.10951e+002  7.48900e+003 -5.76123e+001  3.80284e-002  7.24083e+002
          7490  7.11030e+002  7.49000e+003 -5.76099e+001  3.80146e-002  7.24167e+002
          7491  7.11121e+002  7.49100e+003 -5.76081e+001  3.80038e-002  7.24250e+002
          7492  7.11198e+002  7.49200e+003 -5.76053e+001  3.80072e-002  7.24333e+002
          7493  7.11279e+002  7.49300e+003 -5.76032e+001  3.80049e-002  7.24417e+002
          7494  7.11358e+002  7.49400e+003 -5.76026e+001  3.80024e-002  7.24500e+002
          7495  7.11451e+002  7.49500e+003 -5.76021e+001  3.80004e-002  7.24583e+002
          7496  7.11531e+002  7.49600e+003 -5.75973e+001  3.80011e-002  7.24667e+002
          7497  7.11617e+002  7.49700e+003 -5.75935e+001  3.80008e-002  7.24750e+002
          7498  7.11698e+002  7.49800e+003 -5.75892e+001  3.80004e-002  7.24833e+002
          7499  7.11782e+002  7.49900e+003 -5.75863e+001  3.80000e-002  7.24917e+002
          7500  7.11859e+002  7.50000e+003 -5.75873e+001  3.80002e-002  7.25000e+002
          7501  7.11946e+002  7.50100e+003 -5.75855e+001  3.80001e-002  7.25083e+002
          7502  7.12026e+002  7.50200e+003 -5.75832e+001  3.80001e-002  7.25167e+002
          7503  7.12107e+002  7.50300e+003 -5.75813e+001  3.80000e-002  7.25250e+002
          7504  7.12197e+002  7.50400e+003 -5.75749e+001  3.80000e-002  7.25333e+002
          7505  7.12281e+002  7.50500e+003 -5.75701e+001  3.80000e-002  7.25417e+002
          7506  7.12356e+002  7.50600e+003 -5.75658e+001  3.80000e-002  7.25500e+002
          7507  7.12446e+002  7.50700e+003 -5.75600e+001  3.80000e-002  7.25583e+002
          7508  7.12519e+002  7.50800e+003 -5.75553e+001  3.80000e-002  7.25667e+002
          7509  7.12610e+002  7.50900e+003 -5.75501e+001  3.80000e-002  7.25750e+002
          7510  7.12691e+002  7.51000e+003 -5.75460e+001  3.80000e-002  7.25833e+002
          7511  7.12775e+002  7.51100e+003 -5.75425e+001  3.80000e-002  7.25917e+002
          7512  7.12857e+002  7.51200e+003 -5.75371e+001  3.80000e-002  7.26000e+002
          7513  7.12939e+002  7.51300e+003 -5.75339e+001  3.80000e-002  7.26083e+002
          7514  7.13027e+002  7.51400e+003 -5.75309e+001  3.80000e-002  7.26167e+002
          7515  7.13103e+002  7.51500e+003 -5.75276e+001  3.80000e-002  7.26250e+002
          7516  7.13194e+002  7.51600e+003 -5.75243e+001  3.80000e-002  7.26333e+002
          7517  7.13271e+002  7.51700e+003 -5.75207e+001  3.80000e-002  7.26417e+002
          7518  7.13352e+002  7.51800e+003 -5.75163e+001  3.80000e-002  7.26500e+002
          7519  7.13439e+002  7.51900e+003 -5.75116e+001  3.80000e-002  7.26583e+002
          7520  7.13519e+002  7.52000e+003 -5.75142e+001  3.80000e-002  7.26667e+002
          7521  7.13606e+002  7.52100e+003 -5.75124e+001  3.80000e-002  7.26750e+002
          7522  7.13686e+002  7.52200e+003 -5.75095e+001  3.80000e-002  7.26833e+002
          7523  7.13772e+002  7.52300e+003 -5.75071e+001  3.80000e-002  7.26917e+002
          7524  7.13856e+002  7.52400e+003 -5.75007e+001  3.80000e-002  7.27000e+002
          7525  7.13934e+002  7.52500e+003 -5.74944e+001  3.80000e-002  7.27083e+002
          7526  7.14018e+002  7.52600e+003 -5.74880e+001  3.80000e-002  7.27167e+002
          7527  7.14110e+002  7.52700e+003 -5.74842e+001  3.80000e-002  7.27250e+002
          7528  7.14185e+002  7.52800e+003 -5.74793e+001  3.80000e-002  7.27333e+002
          7529  7.14273e+002  7.52900e+003 -5.74752e+001  3.80000e-002  7.27417e+002
          7530  7.14349e+002  7.53000e+003 -5.74725e+001  3.80000e-002  7.27500e+002
          7531  7.14429e+002  7.53100e+003 -5.74697e+001  3.80000e-002  7.27583e+002
          7532  7.14516e+002  7.53200e+003 -5.74663e+001  3.80000e-002  7.27667e+002
          7533  7.14596e+002  7.53300e+003 -5.74642e+001  3.80000e-002  7.27750e+002
          7534  7.14676e+002  7.53400e+003 -5.74612e+001  3.80000e-002  7.27833e+002
          7535  7.14763e+002  7.53500e+003 -5.74575e+001  3.80000e-002  7.27917e+002
          7536  7.14847e+002  7.53600e+003 -5.74579e+001  3.80000e-002  7.28000e+002
          7537  7.14927e+002  7.53700e+003 -5.74553e+001  3.80000e-002  7.28083e+002
          7538  7.15010e+002  7.53800e+003 -5.74533e+001  3.80000e-002  7.28167e+002
          7539  7.15098e+002  7.53900e+003 -5.74521e+001  3.80000e-002  7.28250e+002
          7540  7.15179e+002  7.54000e+003 -5.74475e+001  3.80000e-002  7.28333e+002
          7541  7.15255e+002  7.54100e+003 -5.74449e+001  3.80000e-002  7.28417e+002
          7542  7.15347e+002  7.54200e+003 -5.74426e+001  3.79722e-002  7.28500e+002
          7543  7.15431e+002  7.54300e+003 -5.74396e+001  3.78889e-002  7.28583e+002
          7544  7.15505e+002  7.54400e+003 -5.74376e+001  3.77662e-002  7.28667e+002
          7545  7.15589e+002  7.54500e+003 -5.74354e+001  3.76522e-002  7.28750e+002
          7546  7.15672e+002  7.54600e+003 -5.74334e+001  3.75411e-002  7.28833e+002
          7547  7.15757e+002  7.54700e+003 -5.74308e+001  3.74321e-002  7.28917e+002
          7548  7.15838e+002  7.54800e+003 -5.74293e+001  3.72860e-002  7.29000e+002
          7549  7.15924e+002  7.54900e+003 -5.74250e+001  3.71888e-002  7.29083e+002
          7550  7.16005e+002  7.55000e+003 -5.74207e+001  3.71133e-002  7.29167e+002
          7551  7.16084e+002  7.55100e+003 -5.74168e+001  3.70480e-002  7.29250e+002
          7552  7.16167e+002  7.55200e+003 -5.74091e+001  3.70571e-002  7.29333e+002
          7553  7.16259e+002  7.55300e+003 -5.74038e+001  3.70382e-002  7.29417e+002
          7554  7.16339e+002  7.55400e+003 -5.73978e+001  3.70198e-002  7.29500e+002
          7555  7.16418e+002  7.55500e+003 -5.73922e+001  3.70053e-002  7.29583e+002
          7556  7.16511e+002  7.55600e+003 -5.73840e+001  3.70098e-002  7.29667e+002
          7557  7.16589e+002  7.55700e+003 -5.73765e+001  3.70067e-002  7.29750e+002
          7558  7.16672e+002  7.55800e+003 -5.73705e+001  3.70032e-002  7.29833e+002
          7559  7.16752e+002  7.55900e+003 -5.73656e+001  3.70006e-002  7.29917e+002
          7560  7.16835e+002  7.56000e+003 -5.73598e+001  3.70016e-002  7.30000e+002
          7561  7.16919e+002  7.56100e+003 -5.73560e+001  3.70011e-002  7.30083e+002
          7562  7.17000e+002  7.56200e+003 -5.73523e+001  3.70005e-002  7.30167e+002
          7563  7.17091e+002  7.56300e+003 -5.73487e+001  3.70001e-002  7.30250e+002
          7564  7.17164e+002  7.56400e+003 -5.73474e+001  3.70002e-002  7.30333e+002
          7565  7.17255e+002  7.56500e+003 -5.73447e+001  3.70002e-002  7.30417e+002
          7566  7.17338e+002  7.56600e+003 -5.73434e+001  3.70001e-002  7.30500e+002
          7567  7.17415e+002  7.56700e+003 -5.73436e+001  3.70000e-002  7.30583e+002
          7568  7.17492e+002  7.56800e+003 -5.73459e+001  3.70000e-002  7.30667e+002
          7569  7.17583e+002  7.56900e+003 -5.73444e+001  3.70000e-002  7.30750e+002
          7570  7.17661e+002  7.57000e+003 -5.73418e+001  3.70000e-002  7.30833e+002
          7571  7.17746e+002  7.57100e+003 -5.73398e+001  3.70000e-002  7.30917e+002
          7572  7.17835e+002  7.57200e+003 -5.73364e+001  3.70000e-002  7.31000e+002
          7573  7.17916e+002  7.57300e+003 -5.73326e+001  3.70000e-002  7.31083e+002
          7574  7.17993e+002  7.57400e+003 -5.73288e+001  3.70000e-002  7.31167e+002
          7575  7.18083e+002  7.57500e+003 -5.73245e+001  3.70000e-002  7.31250e+002
          7576  7.18165e+002  7.57600e+003 -5.73199e+001  3.70000e-002  7.31333e+002
          7577  7.18248e+002  7.57700e+003 -5.73154e+001  3.70000e-002  7.31417e+002
          7578  7.18328e+002  7.57800e+003 -5.73092e+001  3.70000e-002  7.31500e+002
          7579  7.18410e+002  7.57900e+003 -5.73020e+001  3.70000e-002  7.31583e+002
          7580  7.18492e+002  7.58000e+003 -5.72930e+001  3.70000e-002  7.31667e+002
          7581  7.18588e+002  7.58100e+003 -5.72880e+001  3.70000e-002  7.31750e+002
          7582  7.18659e+002  7.58200e+003 -5.72844e+001  3.70000e-002  7.31833e+002
          7583  7.18739e+002  7.58300e+003 -5.72800e+001  3.70000e-002  7.31917e+002
          7584  7.18827e+002  7.58400e+003 -5.72757e+001  3.70000e-002  7.32000e+002
          7585  7.18913e+002  7.58500e+003 -5.72704e+001  3.70000e-002  7.32083e+002
          7586  7.18986e+002  7.58600e+003 -5.72650e+001  3.70000e-002  7.32167e+002
          7587  7.19078e+002  7.58700e+003 -5.72600e+001  3.70000e-002  7.32250e+002
          7588  7.19156e+002  7.58800e+003 -5.72572e+001  3.70000e-002  7.32333e+002
          7589  7.19242e+002  7.58900e+003 -5.72539e+001  3.70000e-002  7.32417e+002
          7590  7.19323e+002  7.59000e+003 -5.72488e+001  3.70000e-002  7.32500e+002
          7591  7.19404e+002  7.59100e+003 -5.72430e+001  3.70000e-002  7.32583e+002
          7592  7.19489e+002  7.59200e+003 -5.72372e+001  3.70000e-002  7.32667e+002
          7593  7.19574e+002  7.59300e+003 -5.72338e+001  3.70000e-002  7.32750e+002
          7594  7.19652e+002  7.59400e+003 -5.72309e+001  3.70000e-002  7.32833e+002
          7595  7.19739e+002  7.59500e+003 -5.72265e+001  3.70000e-002  7.32917e+002
          7596  7.19814e+002  7.59600e+003 -5.72253e+001  3.70000e-002  7.33000e+002
          7597  7.19901e+002  7.59700e+003 -5.72226e+001  3.70000e-002  7.33083e+002
          7598  7.19976e+002  7.59800e+003 -5.72181e+001  3.70000e-002  7.33167e+002
          7599  7.20071e+002  7.59900e+003 -5.72127e+001  3.70000e-002  7.33250e+002
          7600  7.20153e+002  7.60000e+003 -5.72102e+001  3.70000e-002  7.33333e+002
          7601  7.20231e+002  7.60100e+003 -5.72068e+001  3.70000e-002  7.33417e+002
          7602  7.20316e+002  7.60200e+003 -5.72023e+001  3.70000e-002  7.33500e+002
          7603  7.20406e+002  7.60300e+003 -5.71974e+001  3.70000e-002  7.33583e+002
          7604  7.20491e+002  7.60400e+003 -5.71930e+001  3.70000e-002  7.33667e+002
          7605  7.20569e+002  7.60500e+003 -5.71897e+001  3.70000e-002  7.33750e+002
          7606  7.20654e+002  7.60600e+003 -5.71864e+001  3.70000e-002  7.33833e+002
          7607  7.20730e+002  7.60700e+003 -5.71821e+001  3.70000e-002  7.33917e+002
          7608  7.20813e+002  7.60800e+003 -5.71781e+001  3.70000e-002  7.34000e+002
          7609  7.20896e+002  7.60900e+003 -5.71744e+001  3.70000e-002  7.34083e+002
          7610  7.20987e+002  7.61000e+003 -5.71702e+001  3.70000e-002  7.34167e+002
          7611  7.21062e+002  7.61100e+003 -5.71653e+001  3.70000e-002  7.34250e+002
          7612  7.21155e+002  7.61200e+003 -5.71641e+001  3.70000e-002  7.34333e+002
          7613  7.21228e+002  7.61300e+003 -5.71630e+001  3.70000e-002  7.34417e+002
          7614  7.21312e+002  7.61400e+003 -5.71616e+001  3.70000e-002  7.34500e+002
          7615  7.21400e+002  7.61500e+003 -5.71611e+001  3.70000e-002  7.34583e+002
          7616  7.21477e+002  7.61600e+003 -5.71638e+001  3.70000e-002  7.34667e+002
          7617  7.21557e+002  7.61700e+003 -5.71642e+001  3.70000e-002  7.34750e+002
          7618  7.21635e+002  7.61800e+003 -5.71638e+001  3.70000e-002  7.34833e+002
          7619  7.21724e+002  7.61900e+003 -5.71639e+001  3.70000e-002  7.34917e+002
          7620  7.21802e+002  7.62000e+003 -5.71672e+001  3.70000e-002  7.35000e+002
          7621  7.21892e+002  7.62100e+003 -5.71680e+001  3.70000e-002  7.35083e+002
          7622  7.21967e+002  7.62200e+003 -5.71680e+001  3.70000e-002  7.35167e+002
          7623  7.22053e+002  7.62300e+003 -5.71651e+001  3.70000e-002  7.35250e+002
          7624  7.22137e+002  7.62400e+003 -5.71652e+001  3.70000e-002  7.35333e+002
          7625  7.22223e+002  7.62500e+003 -5.71647e+001  3.70000e-002  7.35417e+002
          7626  7.22306e+002  7.62600e+003 -5.71647e+001  3.70000e-002  7.35500e+002
          7627  7.22389e+002  7.62700e+003 -5.71643e+001  3.70000e-002  7.35583e+002
          7628  7.22468e+002  7.62800e+003 -5.71577e+001  3.70000e-002  7.35667e+002
          7629  7.22551e+002  7.62900e+003 -5.71550e+001  3.70000e-002  7.35750e+002
          7630  7.22636e+002  7.63000e+003 -5.71536e+001  3.70000e-002  7.35833e+002
          7631  7.22726e+002  7.63100e+003 -5.71529e+001  3.70000e-002  7.35917e+002
          7632  7.22798e+002  7.63200e+003 -5.71474e+001  3.70000e-002  7.36000e+002
          7633  7.22889e+002  7.63300e+003 -5.71439e+001  3.70000e-002  7.36083e+002
          7634  7.22966e+002  7.63400e+003 -5.71406e+001  3.70000e-002  7.36167e+002
          7635  7.23041e+002  7.63500e+003 -5.71379e+001  3.70000e-002  7.36250e+002
          7636  7.23131e+002  7.63600e+003 -5.71380e+001  3.70000e-002  7.36333e+002
          7637  7.23214e+002  7.63700e+003 -5.71365e+001  3.70000e-002  7.36417e+002
          7638  7.23291e+002  7.63800e+003 -5.71323e+001  3.70000e-002  7.36500e+002
          7639  7.23381e+002  7.63900e+003 -5.71274e+001  3.70000e-002  7.36583e+002
          7640  7.23463e+002  7.64000e+003 -5.71258e+001  3.70000e-002  7.36667e+002
          7641  7.23542e+002  7.64100e+003 -5.71230e+001  3.70000e-002  7.36750e+002
          7642  7.23624e+002  7.64200e+003 -5.71202e+001  3.70000e-002  7.36833e+002
          7643  7.23709e+002  7.64300e+003 -5.71165e+001  3.70000e-002  7.36917e+002
          7644  7.23800e+002  7.64400e+003 -5.71130e+001  3.70000e-002  7.37000e+002
          7645  7.23879e+002  7.64500e+003 -5.71094e+001  3.70000e-002  7.37083e+002
          7646  7.23962e+002  7.64600e+003 -5.71051e+001  3.70000e-002  7.37167e+002
          7647  7.24051e+002  7.64700e+003 -5.71008e+001  3.70000e-002  7.37250e+002
          7648  7.24130e+002  7.64800e+003 -5.70981e+001  3.70000e-002  7.37333e+002
          7649  7.24212e+002  7.64900e+003 -5.70962e+001  3.70000e-002  7.37417e+002
          7650  7.24293e+002  7.65000e+003 -5.70936e+001  3.70000e-002  7.37500e+002
          7651  7.24380e+002  7.65100e+003 -5.70909e+001  3.70000e-002  7.37583e+002
          7652  7.24459e+002  7.65200e+003 -5.70850e+001  3.70000e-002  7.37667e+002
          7653  7.24541e+002  7.65300e+003 -5.70811e+001  3.70000e-002  7.37750e+002
          7654  7.24622e+002  7.65400e+003 -5.70789e+001  3.70000e-002  7.37833e+002
          7655  7.24703e+002  7.65500e+003 -5.70776e+001  3.70000e-002  7.37917e+002
          7656  7.24787e+002  7.65600e+003 -5.70736e+001  3.70000e-002  7.38000e+002
          7657  7.24874e+002  7.65700e+003 -5.70696e+001  3.70000e-002  7.38083e+002
          7658  7.24955e+002  7.65800e+003 -5.70652e+001  3.70000e-002  7.38167e+002
          7659  7.25033e+002  7.65900e+003 -5.70602e+001  3.70000e-002  7.38250e+002
          7660  7.25118e+002  7.66000e+003 -5.70516e+001  3.70000e-002  7.38333e+002
          7661  7.25212e+002  7.66100e+003 -5.70469e+001  3.70000e-002  7.38417e+002
          7662  7.25287e+002  7.66200e+003 -5.70428e+001  3.70000e-002  7.38500e+002
          7663  7.25364e+002  7.66300e+003 -5.70393e+001  3.70000e-002  7.38583e+002
          7664  7.25451e+002  7.66400e+003 -5.70346e+001  3.70000e-002  7.38667e+002
          7665  7.25534e+002  7.66500e+003 -5.70308e+001  3.70000e-002  7.38750e+002
          7666  7.25619e+002  7.66600e+003 -5.70285e+001  3.70000e-002  7.38833e+002
          7667  7.25695e+002  7.66700e+003 -5.70262e+001  3.70000e-002  7.38917e+002
          7668  7.25782e+002  7.66800e+003 -5.70234e+001  3.70000e-002  7.39000e+002
          7669  7.25867e+002  7.66900e+003 -5.70189e+001  3.70000e-002  7.39083e+002
          7670  7.25944e+002  7.67000e+003 -5.70155e+001  3.70000e-002  7.39167e+002
          7671  7.26024e+002  7.67100e+003 -5.70136e+001  3.70000e-002  7.39250e+002
          7672  7.26110e+002  7.67200e+003 -5.70146e+001  3.70000e-002  7.39333e+002
          7673  7.26193e+002  7.67300e+003 -5.70146e+001  3.70000e-002  7.39417e+002
          7674  7.26277e+002  7.67400e+003 -5.70130e+001  3.70000e-002  7.39500e+002
          7675  7.26359e+002  7.67500e+003 -5.70113e+001  3.70000e-002  7.39583e+002
          7676  7.26448e+002  7.67600e+003 -5.70109e+001  3.70000e-002  7.39667e+002
          7677  7.26532e+002  7.67700e+003 -5.70092e+001  3.70000e-002  7.39750e+002
          7678  7.26608e+002  7.67800e+003 -5.70061e+001  3.70000e-002  7.39833e+002
          7679  7.26693e+002  7.67900e+003 -5.70014e+001  3.70000e-002  7.39917e+002
          7680  7.26771e+002  7.68000e+003 -5.70001e+001  3.70000e-002  7.40000e+002
          7681  7.26855e+002  7.68100e+003 -5.69984e+001  3.70000e-002  7.40083e+002
          7682  7.26940e+002  7.68200e+003 -5.69946e+001  3.70000e-002  7.40167e+002
          7683  7.27019e+002  7.68300e+003 -5.69907e+001  3.70000e-002  7.40250e+002
          7684  7.27100e+002  7.68400e+003 -5.69877e+001  3.70000e-002  7.40333e+002
          7685  7.27183e+002  7.68500e+003 -5.69851e+001  3.70000e-002  7.40417e+002
          7686  7.27276e+002  7.68600e+003 -5.69821e+001  3.70000e-002  7.40500e+002
          7687  7.27356e+002  7.68700e+003 -5.69791e+001  3.70000e-002  7.40583e+002
          7688  7.27435e+002  7.68800e+003 -5.69768e+001  3.70000e-002  7.40667e+002
          7689  7.27522e+002  7.68900e+003 -5.69740e+001  3.70000e-002  7.40750e+002
          7690  7.27602e+002  7.69000e+003 -5.69710e+001  3.70000e-002  7.40833e+002
          7691  7.27688e+002  7.69100e+003 -5.69692e+001  3.70000e-002  7.40917e+002
          7692  7.27769e+002  7.69200e+003 -5.69694e+001  3.70000e-002  7.41000e+002
          7693  7.27855e+002  7.69300e+003 -5.69683e+001  3.70000e-002  7.41083e+002
          7694  7.27929e+002  7.69400e+003 -5.69668e+001  3.70000e-002  7.41167e+002
          7695  7.28016e+002  7.69500e+003 -5.69643e+001  3.70000e-002  7.41250e+002
          7696  7.28097e+002  7.69600e+003 -5.69616e+001  3.70000e-002  7.41333e+002
          7697  7.28184e+002  7.69700e+003 -5.69585e+001  3.70000e-002  7.41417e+002
          7698  7.28265e+002  7.69800e+003 -5.69553e+001  3.70000e-002  7.41500e+002
          7699  7.28342e+002  7.69900e+003 -5.69528e+001  3.70000e-002  7.41583e+002
          7700  7.28428e+002  7.70000e+003 -5.69473e+001  3.70000e-002  7.41667e+002
          7701  7.28514e+002  7.70100e+003 -5.69440e+001  3.70000e-002  7.41750e+002
          7702  7.28595e+002  7.70200e+003 -5.69415e+001  3.70000e-002  7.41833e+002
          7703  7.28684e+002  7.70300e+003 -5.69380e+001  3.70000e-002  7.41917e+002
          7704  7.28763e+002  7.70400e+003 -5.69314e+001  3.70000e-002  7.42000e+002
          7705  7.28842e+002  7.70500e+003 -5.69259e+001  3.70000e-002  7.42083e+002
          7706  7.28928e+002  7.70600e+003 -5.69221e+001  3.70000e-002  7.42167e+002
          7707  7.29009e+002  7.70700e+003 -5.69181e+001  3.70000e-002  7.42250e+002
          7708  7.29094e+002  7.70800e+003 -5.69136e+001  3.70000e-002  7.42333e+002
          7709  7.29176e+002  7.70900e+003 -5.69099e+001  3.70000e-002  7.42417e+002
          7710  7.29258e+002  7.71000e+003 -5.69063e+001  3.70000e-002  7.42500e+002
          7711  7.29346e+002  7.71100e+003 -5.69022e+001  3.70000e-002  7.42583e+002
          7712  7.29430e+002  7.71200e+003 -5.68967e+001  3.70000e-002  7.42667e+002
          7713  7.29517e+002  7.71300e+003 -5.68916e+001  3.70000e-002  7.42750e+002
          7714  7.29602e+002  7.71400e+003 -5.68865e+001  3.70000e-002  7.42833e+002
          7715  7.29678e+002  7.71500e+003 -5.68819e+001  3.70000e-002  7.42917e+002
          7716  7.29762e+002  7.71600e+003 -5.68783e+001  3.70000e-002  7.43000e+002
          7717  7.29852e+002  7.71700e+003 -5.68731e+001  3.70000e-002  7.43083e+002
          7718  7.29927e+002  7.71800e+003 -5.68677e+001  3.70000e-002  7.43167e+002
          7719  7.30013e+002  7.71900e+003 -5.68629e+001  3.70000e-002  7.43250e+002
          7720  7.30093e+002  7.72000e+003 -5.68587e+001  3.70000e-002  7.43333e+002
          7721  7.30177e+002  7.72100e+003 -5.68560e+001  3.70000e-002  7.43417e+002
          7722  7.30261e+002  7.72200e+003 -5.68543e+001  3.70000e-002  7.43500e+002
          7723  7.30344e+002  7.72300e+003 -5.68518e+001  3.70000e-002  7.43583e+002
          7724  7.30420e+002  7.72400e+003 -5.68509e+001  3.70000e-002  7.43667e+002
          7725  7.30511e+002  7.72500e+003 -5.68486e+001  3.70000e-002  7.43750e+002
          7726  7.30596e+002  7.72600e+003 -5.68469e+001  3.70000e-002  7.43833e+002
          7727  7.30678e+002  7.72700e+003 -5.68455e+001  3.70000e-002  7.43917e+002
          7728  7.30756e+002  7.72800e+003 -5.68503e+001  3.70000e-002  7.44000e+002
          7729  7.30841e+002  7.72900e+003 -5.68505e+001  3.70000e-002  7.44083e+002
          7730  7.30924e+002  7.73000e+003 -5.68473e+001  3.70000e-002  7.44167e+002
          7731  7.31016e+002  7.73100e+003 -5.68424e+001  3.70000e-002  7.44250e+002
          7732  7.31096e+002  7.73200e+003 -5.68385e+001  3.70000e-002  7.44333e+002
          7733  7.31171e+002  7.73300e+003 -5.68345e+001  3.70000e-002  7.44417e+002
          7734  7.31256e+002  7.73400e+003 -5.68293e+001  3.70000e-002  7.44500e+002
          7735  7.31333e+002  7.73500e+003 -5.68249e+001  3.70000e-002  7.44583e+002
          7736  7.31419e+002  7.73600e+003 -5.68224e+001  3.70000e-002  7.44667e+002
          7737  7.31508e+002  7.73700e+003 -5.68200e+001  3.70000e-002  7.44750e+002
          7738  7.31586e+002  7.73800e+003 -5.68169e+001  3.70000e-002  7.44833e+002
          7739  7.31673e+002  7.73900e+003 -5.68137e+001  3.70000e-002  7.44917e+002
          7740  7.31755e+002  7.74000e+003 -5.68028e+001  3.70000e-002  7.45000e+002
          7741  7.31832e+002  7.74100e+003 -5.67956e+001  3.70000e-002  7.45083e+002
          7742  7.31922e+002  7.74200e+003 -5.67905e+001  3.70000e-002  7.45167e+002
          7743  7.32010e+002  7.74300e+003 -5.67858e+001  3.70000e-002  7.45250e+002
          7744  7.32091e+002  7.74400e+003 -5.67867e+001  3.70000e-002  7.45333e+002
          7745  7.32176e+002  7.74500e+003 -5.67846e+001  3.70000e-002  7.45417e+002
          7746  7.32258e+002  7.74600e+003 -5.67813e+001  3.70000e-002  7.45500e+002
          7747  7.32334e+002  7.74700e+003 -5.67772e+001  3.70000e-002  7.45583e+002
          7748  7.32424e+002  7.74800e+003 -5.67714e+001  3.70000e-002  7.45667e+002
          7749  7.32509e+002  7.74900e+003 -5.67669e+001  3.70000e-002  7.45750e+002
          7750  7.32592e+002  7.75000e+003 -5.67638e+001  3.70000e-002  7.45833e+002
          7751  7.32669e+002  7.75100e+003 -5.67604e+001  3.70000e-002  7.45917e+002
          7752  7.32754e+002  7.75200e+003 -5.67620e+001  3.70000e-002  7.46000e+002
          7753  7.32837e+002  7.75300e+003 -5.67628e+001  3.70000e-002  7.46083e+002
          7754  7.32924e+002  7.75400e+003 -5.67612e+001  3.70000e-002  7.46167e+002
          7755  7.33006e+002  7.75500e+003 -5.67583e+001  3.70000e-002  7.46250e+002
          7756  7.33084e+002  7.75600e+003 -5.67568e+001  3.70000e-002  7.46333e+002
          7757  7.33165e+002  7.75700e+003 -5.67533e+001  3.70000e-002  7.46417e+002
          7758  7.33247e+002  7.75800e+003 -5.67490e+001  3.70000e-002  7.46500e+002
          7759  7.33334e+002  7.75900e+003 -5.67455e+001  3.70000e-002  7.46583e+002
          7760  7.33421e+002  7.76000e+003 -5.67441e+001  3.70000e-002  7.46667e+002
          7761  7.33498e+002  7.76100e+003 -5.67412e+001  3.70000e-002  7.46750e+002
          7762  7.33583e+002  7.76200e+003 -5.67376e+001  3.70000e-002  7.46833e+002
          7763  7.33669e+002  7.76300e+003 -5.67344e+001  3.70000e-002  7.46917e+002
          7764  7.33753e+002  7.76400e+003 -5.67264e+001  3.70000e-002  7.47000e+002
          7765  7.33835e+002  7.76500e+003 -5.67223e+001  3.70000e-002  7.47083e+002
          7766  7.33921e+002  7.76600e+003 -5.67190e+001  3.70000e-002  7.47167e+002
          7767  7.34002e+002  7.76700e+003 -5.67167e+001  3.70000e-002  7.47250e+002
          7768  7.34086e+002  7.76800e+003 -5.67161e+001  3.70000e-002  7.47333e+002
          7769  7.34164e+002  7.76900e+003 -5.67144e+001  3.70000e-002  7.47417e+002
          7770  7.34250e+002  7.77000e+003 -5.67123e+001  3.70000e-002  7.47500e+002
          7771  7.34332e+002  7.77100e+003 -5.67107e+001  3.70000e-002  7.47583e+002
          7772  7.34415e+002  7.77200e+003 -5.67087e+001  3.70000e-002  7.47667e+002
          7773  7.34495e+002  7.77300e+003 -5.67047e+001  3.70000e-002  7.47750e+002
          7774  7.34575e+002  7.77400e+003 -5.67003e+001  3.70000e-002  7.47833e+002
          7775  7.34665e+002  7.77500e+003 -5.66960e+001  3.70000e-002  7.47917e+002
          7776  7.34749e+002  7.77600e+003 -5.66939e+001  3.70000e-002  7.48000e+002
          7777  7.34830e+002  7.77700e+003 -5.66909e+001  3.70000e-002  7.48083e+002
          7778  7.34911e+002  7.77800e+003 -5.66875e+001  3.70000e-002  7.48167e+002
          7779  7.34994e+002  7.77900e+003 -5.66834e+001  3.70000e-002  7.48250e+002
          7780  7.35072e+002  7.78000e+003 -5.66786e+001  3.70000e-002  7.48333e+002
          7781  7.35164e+002  7.78100e+003 -5.66752e+001  3.70000e-002  7.48417e+002
          7782  7.35244e+002  7.78200e+003 -5.66721e+001  3.70000e-002  7.48500e+002
          7783  7.35321e+002  7.78300e+003 -5.66700e+001  3.70000e-002  7.48583e+002
          7784  7.35405e+002  7.78400e+003 -5.66687e+001  3.70000e-002  7.48667e+002
          7785  7.35486e+002  7.78500e+003 -5.66669e+001  3.70000e-002  7.48750e+002
          7786  7.35570e+002  7.78600e+003 -5.66645e+001  3.70000e-002  7.48833e+002
          7787  7.35656e+002  7.78700e+003 -5.66609e+001  3.70000e-002  7.48917e+002
          7788  7.35739e+002  7.78800e+003 -5.66587e+001  3.70000e-002  7.49000e+002
          7789  7.35816e+002  7.78900e+003 -5.66565e+001  3.70000e-002  7.49083e+002
          7790  7.35902e+002  7.79000e+003 -5.66559e+001  3.70000e-002  7.49167e+002
          7791  7.35984e+002  7.79100e+003 -5.66553e+001  3.70000e-002  7.49250e+002
          7792  7.36064e+002  7.79200e+003 -5.66523e+001  3.70000e-002  7.49333e+002
          7793  7.36155e+002  7.79300e+003 -5.66499e+001  3.70000e-002  7.49417e+002
          7794  7.36243e+002  7.79400e+003 -5.66491e+001  3.70000e-002  7.49500e+002
          7795  7.36327e+002  7.79500e+003 -5.66496e+001  3.70000e-002  7.49583e+002
          7796  7.36405e+002  7.79600e+003 -5.66475e+001  3.70000e-002  7.49667e+002
          7797  7.36487e+002  7.79700e+003 -5.66459e+001  3.70000e-002  7.49750e+002
          7798  7.36565e+002  7.79800e+003 -5.66441e+001  3.70000e-002  7.49833e+002
          7799  7.36645e+002  7.79900e+003 -5.66420e+001  3.70000e-002  7.49917e+002
          7800  7.36731e+002  7.80000e+003 -5.66418e+001  3.70000e-002  7.50000e+002
          7801  7.36814e+002  7.80100e+003 -5.66383e+001  3.70000e-002  7.50083e+002
          7802  7.36897e+002  7.80200e+003 -5.66347e+001  3.70000e-002  7.50167e+002
          7803  7.36971e+002  7.80300e+003 -5.66311e+001  3.70000e-002  7.50250e+002
          7804  7.37066e+002  7.80400e+003 -5.66268e+001  3.70000e-002  7.50333e+002
          7805  7.37145e+002  7.80500e+003 -5.66221e+001  3.70000e-002  7.50417e+002
          7806  7.37226e+002  7.80600e+003 -5.66181e+001  3.70000e-002  7.50500e+002
          7807  7.37310e+002  7.80700e+003 -5.66139e+001  3.70000e-002  7.50583e+002
          7808  7.37397e+002  7.80800e+003 -5.66029e+001  3.70000e-002  7.50667e+002
          7809  7.37477e+002  7.80900e+003 -5.65982e+001  3.70000e-002  7.50750e+002
          7810  7.37555e+002  7.81000e+003 -5.65957e+001  3.70000e-002  7.50833e+002
          7811  7.37641e+002  7.81100e+003 -5.65919e+001  3.70000e-002  7.50917e+002
          7812  7.37719e+002  7.81200e+003 -5.65897e+001  3.70000e-002  7.51000e+002
          7813  7.37813e+002  7.81300e+003 -5.65885e+001  3.70000e-002  7.51083e+002
          7814  7.37893e+002  7.81400e+003 -5.65871e+001  3.70000e-002  7.51167e+002
          7815  7.37971e+002  7.81500e+003 -5.65855e+001  3.70000e-002  7.51250e+002
          7816  7.38052e+002  7.81600e+003 -5.65857e+001  3.70000e-002  7.51333e+002
          7817  7.38146e+002  7.81700e+003 -5.65833e+001  3.70000e-002  7.51417e+002
          7818  7.38219e+002  7.81800e+003 -5.65808e+001  3.70000e-002  7.51500e+002
          7819  7.38303e+002  7.81900e+003 -5.65802e+001  3.70000e-002  7.51583e+002
          7820  7.38388e+002  7.82000e+003 -5.65800e+001  3.70000e-002  7.51667e+002
          7821  7.38467e+002  7.82100e+003 -5.65770e+001  3.70000e-002  7.51750e+002
          7822  7.38558e+002  7.82200e+003 -5.65731e+001  3.70000e-002  7.51833e+002
          7823  7.38628e+002  7.82300e+003 -5.65688e+001  3.70000e-002  7.51917e+002
          7824  7.38716e+002  7.82400e+003 -5.65632e+001  3.70000e-002  7.52000e+002
          7825  7.38799e+002  7.82500e+003 -5.65607e+001  3.70000e-002  7.52083e+002
          7826  7.38887e+002  7.82600e+003 -5.65585e+001  3.70000e-002  7.52167e+002
          7827  7.38969e+002  7.82700e+003 -5.65561e+001  3.70000e-002  7.52250e+002
          7828  7.39052e+002  7.82800e+003 -5.65527e+001  3.70000e-002  7.52333e+002
          7829  7.39135e+002  7.82900e+003 -5.65500e+001  3.70000e-002  7.52417e+002
          7830  7.39233e+002  7.83000e+003 -5.65468e+001  3.70000e-002  7.52500e+002
          7831  7.39305e+002  7.83100e+003 -5.65425e+001  3.70000e-002  7.52583e+002
          7832  7.39391e+002  7.83200e+003 -5.65369e+001  3.70000e-002  7.52667e+002
          7833  7.39467e+002  7.83300e+003 -5.65328e+001  3.70000e-002  7.52750e+002
          7834  7.39551e+002  7.83400e+003 -5.65281e+001  3.70000e-002  7.52833e+002
          7835  7.39634e+002  7.83500e+003 -5.65231e+001  3.70000e-002  7.52917e+002
          7836  7.39724e+002  7.83600e+003 -5.65211e+001  3.70000e-002  7.53000e+002
          7837  7.39797e+002  7.83700e+003 -5.65185e+001  3.70000e-002  7.53083e+002
          7838  7.39883e+002  7.83800e+003 -5.65153e+001  3.70000e-002  7.53167e+002
          7839  7.39968e+002  7.83900e+003 -5.65120e+001  3.70000e-002  7.53250e+002
          7840  7.40048e+002  7.84000e+003 -5.65076e+001  3.70000e-002  7.53333e+002
          7841  7.40134e+002  7.84100e+003 -5.65025e+001  3.70000e-002  7.53417e+002
          7842  7.40216e+002  7.84200e+003 -5.64986e+001  3.70000e-002  7.53500e+002
          7843  7.40291e+002  7.84300e+003 -5.64957e+001  3.70000e-002  7.53583e+002
          7844  7.40374e+002  7.84400e+003 -5.64961e+001  3.70000e-002  7.53667e+002
          7845  7.40459e+002  7.84500e+003 -5.64925e+001  3.70000e-002  7.53750e+002
          7846  7.40546e+002  7.84600e+003 -5.64883e+001  3.70000e-002  7.53833e+002
          7847  7.40629e+002  7.84700e+003 -5.64857e+001  3.70000e-002  7.53917e+002
          7848  7.40709e+002  7.84800e+003 -5.64817e+001  3.70000e-002  7.54000e+002
          7849  7.40796e+002  7.84900e+003 -5.64787e+001  3.70000e-002  7.54083e+002
          7850  7.40884e+002  7.85000e+003 -5.64762e+001  3.70000e-002  7.54167e+002
          7851  7.40962e+002  7.85100e+003 -5.64751e+001  3.70000e-002  7.54250e+002
          7852  7.41043e+002  7.85200e+003 -5.64738e+001  3.70000e-002  7.54333e+002
          7853  7.41122e+002  7.85300e+003 -5.64713e+001  3.70000e-002  7.54417e+002
          7854  7.41205e+002  7.85400e+003 -5.64679e+001  3.70000e-002  7.54500e+002
          7855  7.41294e+002  7.85500e+003 -5.64650e+001  3.70000e-002  7.54583e+002
          7856  7.41375e+002  7.85600e+003 -5.64640e+001  3.70000e-002  7.54667e+002
          7857  7.41466e+002  7.85700e+003 -5.64632e+001  3.70000e-002  7.54750e+002
          7858  7.41539e+002  7.85800e+003 -5.64626e+001  3.70000e-002  7.54833e+002
          7859  7.41625e+002  7.85900e+003 -5.64606e+001  3.70000e-002  7.54917e+002
          7860  7.41705e+002  7.86000e+003 -5.64577e+001  3.70000e-002  7.55000e+002
          7861  7.41789e+002  7.86100e+003 -5.64549e+001  3.70000e-002  7.55083e+002
          7862  7.41873e+002  7.86200e+003 -5.64525e+001  3.70000e-002  7.55167e+002
          7863  7.41956e+002  7.86300e+003 -5.64507e+001  3.70000e-002  7.55250e+002
          7864  7.42044e+002  7.86400e+003 -5.64485e+001  3.70000e-002  7.55333e+002
          7865  7.42126e+002  7.86500e+003 -5.64464e+001  3.70000e-002  7.55417e+002
          7866  7.42207e+002  7.86600e+003 -5.64431e+001  3.70000e-002  7.55500e+002
          7867  7.42286e+002  7.86700e+003 -5.64394e+001  3.70000e-002  7.55583e+002
          7868  7.42367e+002  7.86800e+003 -5.64348e+001  3.70000e-002  7.55667e+002
          7869  7.42453e+002  7.86900e+003 -5.64320e+001  3.70000e-002  7.55750e+002
          7870  7.42532e+002  7.87000e+003 -5.64284e+001  3.70000e-002  7.55833e+002
          7871  7.42624e+002  7.87100e+003 -5.64245e+001  3.70000e-002  7.55917e+002
          7872  7.42702e+002  7.87200e+003 -5.64223e+001  3.70000e-002  7.56000e+002
          7873  7.42789e+002  7.87300e+003 -5.64199e+001  3.70000e-002  7.56083e+002
          7874  7.42866e+002  7.87400e+003 -5.64169e+001  3.70000e-002  7.56167e+002
          7875  7.42955e+002  7.87500e+003 -5.64137e+001  3.70000e-002  7.56250e+002
          7876  7.43032e+002  7.87600e+003 -5.64084e+001  3.70000e-002  7.56333e+002
          7877  7.43119e+002  7.87700e+003 -5.64045e+001  3.70000e-002  7.56417e+002
          7878  7.43198e+002  7.87800e+003 -5.64005e+001  3.70000e-002  7.56500e+002
          7879  7.43285e+002  7.87900e+003 -5.63967e+001  3.70000e-002  7.56583e+002
          7880  7.43370e+002  7.88000e+003 -5.63933e+001  3.70000e-002  7.56667e+002
          7881  7.43452e+002  7.88100e+003 -5.63884e+001  3.70000e-002  7.56750e+002
          7882  7.43536e+002  7.88200e+003 -5.63863e+001  3.70000e-002  7.56833e+002
          7883  7.43609e+002  7.88300e+003 -5.63857e+001  3.70000e-002  7.56917e+002
          7884  7.43699e+002  7.88400e+003 -5.63849e+001  3.70000e-002  7.57000e+002
          7885  7.43779e+002  7.88500e+003 -5.63843e+001  3.70000e-002  7.57083e+002
          7886  7.43863e+002  7.88600e+003 -5.63811e+001  3.70000e-002  7.57167e+002
          7887  7.43950e+002  7.88700e+003 -5.63776e+001  3.70000e-002  7.57250e+002
          7888  7.44032e+002  7.88800e+003 -5.63766e+001  3.70000e-002  7.57333e+002
          7889  7.44112e+002  7.88900e+003 -5.63744e+001  3.70000e-002  7.57417e+002
          7890  7.44201e+002  7.89000e+003 -5.63711e+001  3.70000e-002  7.57500e+002
          7891  7.44272e+002  7.89100e+003 -5.63684e+001  3.70000e-002  7.57583e+002
          7892  7.44361e+002  7.89200e+003 -5.63687e+001  3.70000e-002  7.57667e+002
          7893  7.44444e+002  7.89300e+003 -5.63657e+001  3.70000e-002  7.57750e+002
          7894  7.44521e+002  7.89400e+003 -5.63628e+001  3.70000e-002  7.57833e+002
          7895  7.44613e+002  7.89500e+003 -5.63607e+001  3.70000e-002  7.57917e+002
          7896  7.44693e+002  7.89600e+003 -5.63553e+001  3.70000e-002  7.58000e+002
          7897  7.44772e+002  7.89700e+003 -5.63547e+001  3.70000e-002  7.58083e+002
          7898  7.44855e+002  7.89800e+003 -5.63541e+001  3.70000e-002  7.58167e+002
          7899  7.44948e+002  7.89900e+003 -5.63510e+001  3.70000e-002  7.58250e+002
          7900  7.45024e+002  7.90000e+003 -5.63510e+001  3.70000e-002  7.58333e+002
          7901  7.45111e+002  7.90100e+003 -5.63504e+001  3.70000e-002  7.58417e+002
          7902  7.45194e+002  7.90200e+003 -5.63496e+001  3.70000e-002  7.58500e+002
          7903  7.45269e+002  7.90300e+003 -5.63480e+001  3.70000e-002  7.58583e+002
          7904  7.45347e+002  7.90400e+003 -5.63483e+001  3.70000e-002  7.58667e+002
          7905  7.45434e+002  7.90500e+003 -5.63473e+001  3.70000e-002  7.58750e+002
          7906  7.45517e+002  7.90600e+003 -5.63461e+001  3.70000e-002  7.58833e+002
          7907  7.45614e+002  7.90700e+003 -5.63443e+001  3.70000e-002  7.58917e+002
          7908  7.45685e+002  7.90800e+003 -5.63368e+001  3.70000e-002  7.59000e+002
          7909  7.45768e+002  7.90900e+003 -5.63340e+001  3.70000e-002  7.59083e+002
          7910  7.45850e+002  7.91000e+003 -5.63315e+001  3.70000e-002  7.59167e+002
          7911  7.45940e+002  7.91100e+003 -5.63278e+001  3.70000e-002  7.59250e+002
          7912  7.46021e+002  7.91200e+003 -5.63253e+001  3.70000e-002  7.59333e+002
          7913  7.46108e+002  7.91300e+003 -5.63216e+001  3.70000e-002  7.59417e+002
          7914  7.46190e+002  7.91400e+003 -5.63168e+001  3.70000e-002  7.59500e+002
          7915  7.46269e+002  7.91500e+003 -5.63126e+001  3.70000e-002  7.59583e+002
          7916  7.46354e+002  7.91600e+003 -5.63092e+001  3.70000e-002  7.59667e+002
          7917  7.46430e+002  7.91700e+003 -5.63048e+001  3.70000e-002  7.59750e+002
          7918  7.46510e+002  7.91800e+003 -5.63005e+001  3.70000e-002  7.59833e+002
          7919  7.46600e+002  7.91900e+003 -5.62966e+001  3.70000e-002  7.59917e+002
          7920  7.46686e+002  7.92000e+003 -5.62905e+001  3.70000e-002  7.60000e+002
          7921  7.46765e+002  7.92100e+003 -5.62856e+001  3.70000e-002  7.60083e+002
          7922  7.46839e+002  7.92200e+003 -5.62794e+001  3.70000e-002  7.60167e+002
          7923  7.46932e+002  7.92300e+003 -5.62726e+001  3.70000e-002  7.60250e+002
          7924  7.47012e+002  7.92400e+003 -5.62700e+001  3.70000e-002  7.60333e+002
          7925  7.47095e+002  7.92500e+003 -5.62661e+001  3.70000e-002  7.60417e+002
          7926  7.47181e+002  7.92600e+003 -5.62614e+001  3.70000e-002  7.60500e+002
          7927  7.47257e+002  7.92700e+003 -5.62557e+001  3.70000e-002  7.60583e+002
          7928  7.47341e+002  7.92800e+003 -5.62507e+001  3.70000e-002  7.60667e+002
          7929  7.47432e+002  7.92900e+003 -5.62459e+001  3.70000e-002  7.60750e+002
          7930  7.47513e+002  7.93000e+003 -5.62420e+001  3.70000e-002  7.60833e+002
          7931  7.47594e+002  7.93100e+003 -5.62390e+001  3.70000e-002  7.60917e+002
          7932  7.47673e+002  7.93200e+003 -5.62349e+001  3.70000e-002  7.61000e+002
          7933  7.47765e+002  7.93300e+003 -5.62311e+001  3.70000e-002  7.61083e+002
          7934  7.47846e+002  7.93400e+003 -5.62285e+001  3.70000e-002  7.61167e+002
          7935  7.47926e+002  7.93500e+003 -5.62260e+001  3.70000e-002  7.61250e+002
          7936  7.48016e+002  7.93600e+003 -5.62241e+001  3.70000e-002  7.61333e+002
          7937  7.48094e+002  7.93700e+003 -5.62214e+001  3.70000e-002  7.61417e+002
          7938  7.48180e+002  7.93800e+003 -5.62184e+001  3.70000e-002  7.61500e+002
          7939  7.48260e+002  7.93900e+003 -5.62161e+001  3.70000e-002  7.61583e+002
          7940  7.48344e+002  7.94000e+003 -5.62158e+001  3.70000e-002  7.61667e+002
          7941  7.48426e+002  7.94100e+003 -5.62137e+001  3.70000e-002  7.61750e+002
          7942  7.48514e+002  7.94200e+003 -5.62119e+001  3.70000e-002  7.61833e+002
          7943  7.48588e+002  7.94300e+003 -5.62102e+001  3.70000e-002  7.61917e+002
          7944  7.48673e+002  7.94400e+003 -5.62066e+001  3.70000e-002  7.62000e+002
          7945  7.48761e+002  7.94500e+003 -5.62033e+001  3.70000e-002  7.62083e+002
          7946  7.48842e+002  7.94600e+003 -5.62007e+001  3.70000e-002  7.62167e+002
          7947  7.48921e+002  7.94700e+003 -5.61985e+001  3.70000e-002  7.62250e+002
          7948  7.49004e+002  7.94800e+003 -5.61970e+001  3.70000e-002  7.62333e+002
          7949  7.49092e+002  7.94900e+003 -5.61938e+001  3.70000e-002  7.62417e+002
          7950  7.49177e+002  7.95000e+003 -5.61892e+001  3.70000e-002  7.62500e+002
          7951  7.49253e+002  7.95100e+003 -5.61844e+001  3.70000e-002  7.62583e+002
          7952  7.49339e+002  7.95200e+003 -5.61802e+001  3.70000e-002  7.62667e+002
          7953  7.49423e+002  7.95300e+003 -5.61778e+001  3.70000e-002  7.62750e+002
          7954  7.49501e+002  7.95400e+003 -5.61743e+001  3.70000e-002  7.62833e+002
          7955  7.49589e+002  7.95500e+003 -5.61699e+001  3.70000e-002  7.62917e+002
          7956  7.49672e+002  7.95600e+003 -5.61676e+001  3.70000e-002  7.63000e+002
          7957  7.49752e+002  7.95700e+003 -5.61644e+001  3.70000e-002  7.63083e+002
          7958  7.49834e+002  7.95800e+003 -5.61602e+001  3.70000e-002  7.63167e+002
          7959  7.49919e+002  7.95900e+003 -5.61551e+001  3.70000e-002  7.63250e+002
          7960  7.50007e+002  7.96000e+003 -5.61494e+001  3.70000e-002  7.63333e+002
          7961  7.50081e+002  7.96100e+003 -5.61447e+001  3.70000e-002  7.63417e+002
          7962  7.50154e+002  7.96200e+003 -5.61407e+001  3.70000e-002  7.63500e+002
          7963  7.50258e+002  7.96300e+003 -5.61363e+001  3.70000e-002  7.63583e+002
          7964  7.50338e+002  7.96400e+003 -5.61306e+001  3.70000e-002  7.63667e+002
          7965  7.50408e+002  7.96500e+003 -5.61262e+001  3.70000e-002  7.63750e+002
          7966  7.50501e+002  7.96600e+003 -5.61218e+001  3.70000e-002  7.63833e+002
          7967  7.50578e+002  7.96700e+003 -5.61169e+001  3.70000e-002  7.63917e+002
          7968  7.50659e+002  7.96800e+003 -5.61157e+001  3.70000e-002  7.64000e+002
          7969  7.50746e+002  7.96900e+003 -5.61152e+001  3.70000e-002  7.64083e+002
          7970  7.50825e+002  7.97000e+003 -5.61138e+001  3.70000e-002  7.64167e+002
          7971  7.50911e+002  7.97100e+003 -5.61129e+001  3.70000e-002  7.64250e+002
          7972  7.50988e+002  7.97200e+003 -5.61159e+001  3.70000e-002  7.64333e+002
          7973  7.51075e+002  7.97300e+003 -5.61158e+001  3.70000e-002  7.64417e+002
          7974  7.51161e+002  7.97400e+003 -5.61148e+001  3.70000e-002  7.64500e+002
          7975  7.51240e+002  7.97500e+003 -5.61144e+001  3.70000e-002  7.64583e+002
          7976  7.51323e+002  7.97600e+003 -5.61175e+001  3.70000e-002  7.64667e+002
          7977  7.51410e+002  7.97700e+003 -5.61185e+001  3.70000e-002  7.64750e+002
          7978  7.51484e+002  7.97800e+003 -5.61185e+001  3.70000e-002  7.64833e+002
          7979  7.51579e+002  7.97900e+003 -5.61177e+001  3.70000e-002  7.64917e+002
          7980  7.51652e+002  7.98000e+003 -5.61137e+001  3.70000e-002  7.65000e+002
          7981  7.51738e+002  7.98100e+003 -5.61099e+001  3.70000e-002  7.65083e+002
          7982  7.51823e+002  7.98200e+003 -5.61062e+001  3.70000e-002  7.65167e+002
          7983  7.51907e+002  7.98300e+003 -5.61040e+001  3.70000e-002  7.65250e+002
          7984  7.51990e+002  7.98400e+003 -5.60999e+001  3.70000e-002  7.65333e+002
          7985  7.52067e+002  7.98500e+003 -5.60971e+001  3.70000e-002  7.65417e+002
          7986  7.52157e+002  7.98600e+003 -5.60966e+001  3.70000e-002  7.65500e+002
          7987  7.52245e+002  7.98700e+003 -5.60971e+001  3.70000e-002  7.65583e+002
          7988  7.52327e+002  7.98800e+003 -5.60942e+001  3.70000e-002  7.65667e+002
          7989  7.52412e+002  7.98900e+003 -5.60933e+001  3.70000e-002  7.65750e+002
          7990  7.52500e+002  7.99000e+003 -5.60916e+001  3.70000e-002  7.65833e+002
          7991  7.52581e+002  7.99100e+003 -5.60903e+001  3.70000e-002  7.65917e+002
          7992  7.52660e+002  7.99200e+003 -5.60949e+001  3.70000e-002  7.66000e+002
          7993  7.52741e+002  7.99300e+003 -5.60948e+001  3.70000e-002  7.66083e+002
          7994  7.52823e+002  7.99400e+003 -5.60954e+001  3.70000e-002  7.66167e+002
          7995  7.52905e+002  7.99500e+003 -5.60952e+001  3.70000e-002  7.66250e+002
          7996  7.52996e+002  7.99600e+003 -5.60958e+001  3.70000e-002  7.66333e+002
          7997  7.53070e+002  7.99700e+003 -5.60936e+001  3.70000e-002  7.66417e+002
          7998  7.53155e+002  7.99800e+003 -5.60919e+001  3.70000e-002  7.66500e+002
          7999  7.53244e+002  7.99900e+003 -5.60909e+001  3.70000e-002  7.66583e+002
          8000  7.53323e+002  8.00000e+003 -5.60862e+001  3.70000e-002  7.66667e+002
          8001  7.53413e+002  8.00100e+003 -5.60851e+001  3.70000e-002  7.66750e+002
          8002  7.53488e+002  8.00200e+003 -5.60836e+001  3.70000e-002  7.66833e+002
          8003  7.53571e+002  8.00300e+003 -5.60809e+001  3.70000e-002  7.66917e+002
          8004  7.53652e+002  8.00400e+003 -5.60770e+001  3.70000e-002  7.67000e+002
          8005  7.53736e+002  8.00500e+003 -5.60728e+001  3.70000e-002  7.67083e+002
          8006  7.53824e+002  8.00600e+003 -5.60696e+001  3.70000e-002  7.67167e+002
          8007  7.53909e+002  8.00700e+003 -5.60665e+001  3.70000e-002  7.67250e+002
          8008  7.53983e+002  8.00800e+003 -5.60648e+001  3.70000e-002  7.67333e+002
          8009  7.54067e+002  8.00900e+003 -5.60626e+001  3.70000e-002  7.67417e+002
          8010  7.54143e+002  8.01000e+003 -5.60602e+001  3.70000e-002  7.67500e+002
          8011  7.54241e+002  8.01100e+003 -5.60580e+001  3.70000e-002  7.67583e+002
          8012  7.54320e+002  8.01200e+003 -5.60518e+001  3.70000e-002  7.67667e+002
          8013  7.54398e+002  8.01300e+003 -5.60471e+001  3.70000e-002  7.67750e+002
          8014  7.54483e+002  8.01400e+003 -5.60432e+001  3.70000e-002  7.67833e+002
          8015  7.54567e+002  8.01500e+003 -5.60397e+001  3.70000e-002  7.67917e+002
          8016  7.54651e+002  8.01600e+003 -5.60376e+001  3.70000e-002  7.68000e+002
          8017  7.54733e+002  8.01700e+003 -5.60351e+001  3.70000e-002  7.68083e+002
          8018  7.54819e+002  8.01800e+003 -5.60326e+001  3.70000e-002  7.68167e+002
          8019  7.54906e+002  8.01900e+003 -5.60296e+001  3.70000e-002  7.68250e+002
          8020  7.54987e+002  8.02000e+003 -5.60240e+001  3.70000e-002  7.68333e+002
          8021  7.55061e+002  8.02100e+003 -5.60205e+001  3.70000e-002  7.68417e+002
          8022  7.55149e+002  8.02200e+003 -5.60172e+001  3.70000e-002  7.68500e+002
          8023  7.55233e+002  8.02300e+003 -5.60138e+001  3.70000e-002  7.68583e+002
          8024  7.55316e+002  8.02400e+003 -5.60087e+001  3.70000e-002  7.68667e+002
          8025  7.55396e+002  8.02500e+003 -5.60064e+001  3.70000e-002  7.68750e+002
          8026  7.55482e+002  8.02600e+003 -5.60044e+001  3.70000e-002  7.68833e+002
          8027  7.55564e+002  8.02700e+003 -5.60020e+001  3.70000e-002  7.68917e+002
          8028  7.55644e+002  8.02800e+003 -5.59986e+001  3.70278e-002  7.69000e+002
          8029  7.55733e+002  8.02900e+003 -5.59952e+001  3.71181e-002  7.69083e+002
          8030  7.55814e+002  8.03000e+003 -5.59933e+001  3.72240e-002  7.69167e+002
          8031  7.55894e+002  8.03100e+003 -5.59920e+001  3.73333e-002  7.69250e+002
          8032  7.55981e+002  8.03200e+003 -5.59898e+001  3.75023e-002  7.69333e+002
          8033  7.56056e+002  8.03300e+003 -5.59888e+001  3.76230e-002  7.69417e+002
          8034  7.56136e+002  8.03400e+003 -5.59869e+001  3.77237e-002  7.69500e+002
          8035  7.56219e+002  8.03500e+003 -5.59854e+001  3.78148e-002  7.69583e+002
          8036  7.56306e+002  8.03600e+003 -5.59860e+001  3.78562e-002  7.69667e+002
          8037  7.56392e+002  8.03700e+003 -5.59865e+001  3.79046e-002  7.69750e+002
          8038  7.56472e+002  8.03800e+003 -5.59880e+001  3.79454e-002  7.69833e+002
          8039  7.56554e+002  8.03900e+003 -5.59891e+001  3.79794e-002  7.69917e+002
          8040  7.56646e+002  8.04000e+003 -5.59912e+001  3.79727e-002  7.70000e+002
          8041  7.56724e+002  8.04100e+003 -5.59895e+001  3.79816e-002  7.70083e+002
          8042  7.56815e+002  8.04200e+003 -5.59866e+001  3.79906e-002  7.70167e+002
          8043  7.56890e+002  8.04300e+003 -5.59848e+001  3.79977e-002  7.70250e+002
          8044  7.56975e+002  8.04400e+003 -5.59825e+001  3.79954e-002  7.70333e+002
          8045  7.57065e+002  8.04500e+003 -5.59803e+001  3.79969e-002  7.70417e+002
          8046  7.57140e+002  8.04600e+003 -5.59776e+001  3.79985e-002  7.70500e+002
          8047  7.57220e+002  8.04700e+003 -5.59753e+001  3.79997e-002  7.70583e+002
          8048  7.57307e+002  8.04800e+003 -5.59690e+001  3.79993e-002  7.70667e+002
          8049  7.57390e+002  8.04900e+003 -5.59660e+001  3.79995e-002  7.70750e+002
          8050  7.57479e+002  8.05000e+003 -5.59649e+001  3.79998e-002  7.70833e+002
          8051  7.57558e+002  8.05100e+003 -5.59647e+001  3.80000e-002  7.70917e+002
          8052  7.57636e+002  8.05200e+003 -5.59639e+001  3.79999e-002  7.71000e+002
          8053  7.57717e+002  8.05300e+003 -5.59630e+001  3.79999e-002  7.71083e+002
          8054  7.57808e+002  8.05400e+003 -5.59612e+001  3.80000e-002  7.71167e+002
          8055  7.57896e+002  8.05500e+003 -5.59593e+001  3.80000e-002  7.71250e+002
          8056  7.57971e+002  8.05600e+003 -5.59592e+001  3.80000e-002  7.71333e+002
          8057  7.58052e+002  8.05700e+003 -5.59574e+001  3.80000e-002  7.71417e+002
          8058  7.58134e+002  8.05800e+003 -5.59539e+001  3.80000e-002  7.71500e+002
          8059  7.58216e+002  8.05900e+003 -5.59496e+001  3.80000e-002  7.71583e+002
          8060  7.58302e+002  8.06000e+003 -5.59457e+001  3.80000e-002  7.71667e+002
          8061  7.58382e+002  8.06100e+003 -5.59411e+001  3.80000e-002  7.71750e+002
          8062  7.58460e+002  8.06200e+003 -5.59383e+001  3.80000e-002  7.71833e+002
          8063  7.58549e+002  8.06300e+003 -5.59349e+001  3.80000e-002  7.71917e+002
          8064  7.58634e+002  8.06400e+003 -5.59266e+001  3.80000e-002  7.72000e+002
          8065  7.58718e+002  8.06500e+003 -5.59238e+001  3.80000e-002  7.72083e+002
          8066  7.58795e+002  8.06600e+003 -5.59221e+001  3.80000e-002  7.72167e+002
          8067  7.58880e+002  8.06700e+003 -5.59212e+001  3.80000e-002  7.72250e+002
          8068  7.58958e+002  8.06800e+003 -5.59170e+001  3.80000e-002  7.72333e+002
          8069  7.59046e+002  8.06900e+003 -5.59125e+001  3.80000e-002  7.72417e+002
          8070  7.59125e+002  8.07000e+003 -5.59096e+001  3.80000e-002  7.72500e+002
          8071  7.59212e+002  8.07100e+003 -5.59072e+001  3.80000e-002  7.72583e+002
          8072  7.59298e+002  8.07200e+003 -5.59095e+001  3.80000e-002  7.72667e+002
          8073  7.59374e+002  8.07300e+003 -5.59072e+001  3.80000e-002  7.72750e+002
          8074  7.59450e+002  8.07400e+003 -5.59040e+001  3.80000e-002  7.72833e+002
          8075  7.59531e+002  8.07500e+003 -5.59007e+001  3.80000e-002  7.72917e+002
          8076  7.59623e+002  8.07600e+003 -5.58967e+001  3.80000e-002  7.73000e+002
          8077  7.59709e+002  8.07700e+003 -5.58923e+001  3.80000e-002  7.73083e+002
          8078  7.59788e+002  8.07800e+003 -5.58867e+001  3.80000e-002  7.73167e+002
          8079  7.59872e+002  8.07900e+003 -5.58830e+001  3.80000e-002  7.73250e+002
          8080  7.59953e+002  8.08000e+003 -5.58814e+001  3.80000e-002  7.73333e+002
          8081  7.60044e+002  8.08100e+003 -5.58794e+001  3.80000e-002  7.73417e+002
          8082  7.60125e+002  8.08200e+003 -5.58784e+001  3.80000e-002  7.73500e+002
          8083  7.60207e+002  8.08300e+003 -5.58782e+001  3.80000e-002  7.73583e+002
          8084  7.60288e+002  8.08400e+003 -5.58761e+001  3.80000e-002  7.73667e+002
          8085  7.60366e+002  8.08500e+003 -5.58742e+001  3.80000e-002  7.73750e+002
          8086  7.60461e+002  8.08600e+003 -5.58721e+001  3.80000e-002  7.73833e+002
          8087  7.60536e+002  8.08700e+003 -5.58704e+001  3.80000e-002  7.73917e+002
          8088  7.60621e+002  8.08800e+003 -5.58735e+001  3.80000e-002  7.74000e+002
          8089  7.60709e+002  8.08900e+003 -5.58737e+001  3.80000e-002  7.74083e+002
          8090  7.60783e+002  8.09000e+003 -5.58735e+001  3.80000e-002  7.74167e+002
          8091  7.60865e+002  8.09100e+003 -5.58745e+001  3.80000e-002  7.74250e+002
          8092  7.60948e+002  8.09200e+003 -5.58737e+001  3.80000e-002  7.74333e+002
          8093  7.61035e+002  8.09300e+003 -5.58727e+001  3.80000e-002  7.74417e+002
          8094  7.61111e+002  8.09400e+003 -5.58726e+001  3.80000e-002  7.74500e+002
          8095  7.61200e+002  8.09500e+003 -5.58730e+001  3.80000e-002  7.74583e+002
          8096  7.61274e+002  8.09600e+003 -5.58722e+001  3.79722e-002  7.74667e+002
          8097  7.61362e+002  8.09700e+003 -5.58698e+001  3.78819e-002  7.74750e+002
          8098  7.61442e+002  8.09800e+003 -5.58662e+001  3.77760e-002  7.74833e+002
          8099  7.61532e+002  8.09900e+003 -5.58630e+001  3.76667e-002  7.74917e+002
          8100  7.61610e+002  8.10000e+003 -5.58631e+001  3.74977e-002  7.75000e+002
          8101  7.61695e+002  8.10100e+003 -5.58619e+001  3.74048e-002  7.75083e+002
          8102  7.61771e+002  8.10200e+003 -5.58604e+001  3.73943e-002  7.75167e+002
          8103  7.61855e+002  8.10300e+003 -5.58595e+001  3.74074e-002  7.75250e+002
          8104  7.61938e+002  8.10400e+003 -5.58549e+001  3.75078e-002  7.75333e+002
          8105  7.62028e+002  8.10500e+003 -5.58526e+001  3.75774e-002  7.75417e+002
          8106  7.62108e+002  8.10600e+003 -5.58513e+001  3.76446e-002  7.75500e+002
          8107  7.62195e+002  8.10700e+003 -5.58499e+001  3.77119e-002  7.75583e+002
          8108  7.62280e+002  8.10800e+003 -5.58500e+001  3.78118e-002  7.75667e+002
          8109  7.62358e+002  8.10900e+003 -5.58490e+001  3.78759e-002  7.75750e+002
          8110  7.62439e+002  8.11000e+003 -5.58466e+001  3.79252e-002  7.75833e+002
          8111  7.62525e+002  8.11100e+003 -5.58438e+001  3.79680e-002  7.75917e+002
          8112  7.62612e+002  8.11200e+003 -5.58437e+001  3.79623e-002  7.76000e+002
          8113  7.62697e+002  8.11300e+003 -5.58423e+001  3.79748e-002  7.76083e+002
          8114  7.62778e+002  8.11400e+003 -5.58419e+001  3.79869e-002  7.76167e+002
          8115  7.62855e+002  8.11500e+003 -5.58419e+001  3.79964e-002  7.76250e+002
          8116  7.62938e+002  8.11600e+003 -5.58399e+001  3.79935e-002  7.76333e+002
          8117  7.63023e+002  8.11700e+003 -5.58377e+001  3.79956e-002  7.76417e+002
          8118  7.63104e+002  8.11800e+003 -5.58361e+001  3.79979e-002  7.76500e+002
          8119  7.63192e+002  8.11900e+003 -5.58351e+001  3.79996e-002  7.76583e+002
          8120  7.63275e+002  8.12000e+003 -5.58331e+001  3.79990e-002  7.76667e+002
          8121  7.63352e+002  8.12100e+003 -5.58317e+001  3.79993e-002  7.76750e+002
          8122  7.63441e+002  8.12200e+003 -5.58299e+001  3.79997e-002  7.76833e+002
          8123  7.63522e+002  8.12300e+003 -5.58275e+001  3.80000e-002  7.76917e+002
          8124  7.63609e+002  8.12400e+003 -5.58261e+001  3.79998e-002  7.77000e+002
          8125  7.63688e+002  8.12500e+003 -5.58232e+001  3.79999e-002  7.77083e+002
          8126  7.63774e+002  8.12600e+003 -5.58213e+001  3.80000e-002  7.77167e+002
          8127  7.63862e+002  8.12700e+003 -5.58192e+001  3.80000e-002  7.77250e+002
          8128  7.63943e+002  8.12800e+003 -5.58188e+001  3.80000e-002  7.77333e+002
          8129  7.64027e+002  8.12900e+003 -5.58196e+001  3.80000e-002  7.77417e+002
          8130  7.64105e+002  8.13000e+003 -5.58214e+001  3.80000e-002  7.77500e+002
          8131  7.64191e+002  8.13100e+003 -5.58214e+001  3.80000e-002  7.77583e+002
          8132  7.64276e+002  8.13200e+003 -5.58196e+001  3.80000e-002  7.77667e+002
          8133  7.64357e+002  8.13300e+003 -5.58176e+001  3.80000e-002  7.77750e+002
          8134  7.64433e+002  8.13400e+003 -5.58162e+001  3.80000e-002  7.77833e+002
          8135  7.64518e+002  8.13500e+003 -5.58148e+001  3.80000e-002  7.77917e+002
          8136  7.64601e+002  8.13600e+003 -5.58161e+001  3.80000e-002  7.78000e+002
          8137  7.64678e+002  8.13700e+003 -5.58169e+001  3.80000e-002  7.78083e+002
          8138  7.64766e+002  8.13800e+003 -5.58178e+001  3.80000e-002  7.78167e+002
          8139  7.64853e+002  8.13900e+003 -5.58173e+001  3.80000e-002  7.78250e+002
          8140  7.64937e+002  8.14000e+003 -5.58109e+001  3.80000e-002  7.78333e+002
          8141  7.65024e+002  8.14100e+003 -5.58086e+001  3.80000e-002  7.78417e+002
          8142  7.65104e+002  8.14200e+003 -5.58067e+001  3.80000e-002  7.78500e+002
          8143  7.65183e+002  8.14300e+003 -5.58051e+001  3.80000e-002  7.78583e+002
          8144  7.65273e+002  8.14400e+003 -5.58046e+001  3.80000e-002  7.78667e+002
          8145  7.65349e+002  8.14500e+003 -5.58042e+001  3.80000e-002  7.78750e+002
          8146  7.65434e+002  8.14600e+003 -5.58030e+001  3.80000e-002  7.78833e+002
          8147  7.65510e+002  8.14700e+003 -5.58012e+001  3.80000e-002  7.78917e+002
          8148  7.65598e+002  8.14800e+003 -5.57974e+001  3.80000e-002  7.79000e+002
          8149  7.65680e+002  8.14900e+003 -5.57960e+001  3.80000e-002  7.79083e+002
          8150  7.65764e+002  8.15000e+003 -5.57942e+001  3.80000e-002  7.79167e+002
          8151  7.65847e+002  8.15100e+003 -5.57922e+001  3.80000e-002  7.79250e+002
          8152  7.65932e+002  8.15200e+003 -5.57908e+001  3.80000e-002  7.79333e+002
          8153  7.66011e+002  8.15300e+003 -5.57892e+001  3.80000e-002  7.79417e+002
          8154  7.66085e+002  8.15400e+003 -5.57887e+001  3.80000e-002  7.79500e+002
          8155  7.66180e+002  8.15500e+003 -5.57891e+001  3.80000e-002  7.79583e+002
          8156  7.66257e+002  8.15600e+003 -5.57877e+001  3.80000e-002  7.79667e+002
          8157  7.66342e+002  8.15700e+003 -5.57865e+001  3.80000e-002  7.79750e+002
          8158  7.66426e+002  8.15800e+003 -5.57865e+001  3.80000e-002  7.79833e+002
          8159  7.66507e+002  8.15900e+003 -5.57871e+001  3.80000e-002  7.79917e+002
          8160  7.66585e+002  8.16000e+003 -5.57877e+001  3.80000e-002  7.80000e+002
          8161  7.66667e+002  8.16100e+003 -5.57869e+001  3.80000e-002  7.80083e+002
          8162  7.66757e+002  8.16200e+003 -5.57866e+001  3.80000e-002  7.80167e+002
          8163  7.66837e+002  8.16300e+003 -5.57874e+001  3.80000e-002  7.80250e+002
          8164  7.66917e+002  8.16400e+003 -5.57862e+001  3.80000e-002  7.80333e+002
          8165  7.66993e+002  8.16500e+003 -5.57825e+001  3.80000e-002  7.80417e+002
          8166  7.67082e+002  8.16600e+003 -5.57794e+001  3.80000e-002  7.80500e+002
          8167  7.67162e+002  8.16700e+003 -5.57774e+001  3.80000e-002  7.80583e+002
          8168  7.67240e+002  8.16800e+003 -5.57732e+001  3.80000e-002  7.80667e+002
          8169  7.67324e+002  8.16900e+003 -5.57686e+001  3.80000e-002  7.80750e+002
          8170  7.67403e+002  8.17000e+003 -5.57644e+001  3.80000e-002  7.80833e+002
          8171  7.67484e+002  8.17100e+003 -5.57603e+001  3.80000e-002  7.80917e+002
          8172  7.67573e+002  8.17200e+003 -5.57522e+001  3.80000e-002  7.81000e+002
          8173  7.67659e+002  8.17300e+003 -5.57467e+001  3.80000e-002  7.81083e+002
          8174  7.67741e+002  8.17400e+003 -5.57411e+001  3.80000e-002  7.81167e+002
          8175  7.67823e+002  8.17500e+003 -5.57352e+001  3.80000e-002  7.81250e+002
          8176  7.67906e+002  8.17600e+003 -5.57303e+001  3.80000e-002  7.81333e+002
          8177  7.67992e+002  8.17700e+003 -5.57246e+001  3.80000e-002  7.81417e+002
          8178  7.68075e+002  8.17800e+003 -5.57189e+001  3.80000e-002  7.81500e+002
          8179  7.68157e+002  8.17900e+003 -5.57116e+001  3.80000e-002  7.81583e+002
          8180  7.68242e+002  8.18000e+003 -5.57050e+001  3.80000e-002  7.81667e+002
          8181  7.68317e+002  8.18100e+003 -5.56998e+001  3.80000e-002  7.81750e+002
          8182  7.68409e+002  8.18200e+003 -5.56953e+001  3.80000e-002  7.81833e+002
          8183  7.68494e+002  8.18300e+003 -5.56922e+001  3.80000e-002  7.81917e+002
          8184  7.68569e+002  8.18400e+003 -5.56860e+001  3.80000e-002  7.82000e+002
          8185  7.68654e+002  8.18500e+003 -5.56809e+001  3.80000e-002  7.82083e+002
          8186  7.68739e+002  8.18600e+003 -5.56764e+001  3.80000e-002  7.82167e+002
          8187  7.68823e+002  8.18700e+003 -5.56725e+001  3.80000e-002  7.82250e+002
          8188  7.68901e+002  8.18800e+003 -5.56689e+001  3.80000e-002  7.82333e+002
          8189  7.68995e+002  8.18900e+003 -5.56662e+001  3.80000e-002  7.82417e+002
          8190  7.69073e+002  8.19000e+003 -5.56642e+001  3.80000e-002  7.82500e+002
          8191  7.69155e+002  8.19100e+003 -5.56631e+001  3.80000e-002  7.82583e+002
          8192  7.69241e+002  8.19200e+003 -5.56620e+001  3.80000e-002  7.82667e+002
          8193  7.69321e+002  8.19300e+003 -5.56583e+001  3.80000e-002  7.82750e+002
          8194  7.69407e+002  8.19400e+003 -5.56561e+001  3.80000e-002  7.82833e+002
          8195  7.69485e+002  8.19500e+003 -5.56559e+001  3.80000e-002  7.82917e+002
          8196  7.69571e+002  8.19600e+003 -5.56550e+001  3.80000e-002  7.83000e+002
          8197  7.69659e+002  8.19700e+003 -5.56501e+001  3.80000e-002  7.83083e+002
          8198  7.69735e+002  8.19800e+003 -5.56443e+001  3.80000e-002  7.83167e+002
          8199  7.69819e+002  8.19900e+003 -5.56392e+001  3.80000e-002  7.83250e+002
          8200  7.69900e+002  8.20000e+003 -5.56360e+001  3.80000e-002  7.83333e+002
          8201  7.69984e+002  8.20100e+003 -5.56337e+001  3.80000e-002  7.83417e+002
          8202  7.70065e+002  8.20200e+003 -5.56306e+001  3.80000e-002  7.83500e+002
          8203  7.70150e+002  8.20300e+003 -5.56277e+001  3.80000e-002  7.83583e+002
          8204  7.70229e+002  8.20400e+003 -5.56227e+001  3.80000e-002  7.83667e+002
          8205  7.70315e+002  8.20500e+003 -5.56179e+001  3.80000e-002  7.83750e+002
          8206  7.70400e+002  8.20600e+003 -5.56137e+001  3.80000e-002  7.83833e+002
          8207  7.70477e+002  8.20700e+003 -5.56090e+001  3.80000e-002  7.83917e+002
          8208  7.70563e+002  8.20800e+003 -5.56034e+001  3.80000e-002  7.84000e+002
          8209  7.70646e+002  8.20900e+003 -5.55989e+001  3.80000e-002  7.84083e+002
          8210  7.70726e+002  8.21000e+003 -5.55963e+001  3.80000e-002  7.84167e+002
          8211  7.70807e+002  8.21100e+003 -5.55934e+001  3.80000e-002  7.84250e+002
          8212  7.70898e+002  8.21200e+003 -5.55871e+001  3.80000e-002  7.84333e+002
          8213  7.70981e+002  8.21300e+003 -5.55821e+001  3.80000e-002  7.84417e+002
          8214  7.71069e+002  8.21400e+003 -5.55785e+001  3.80000e-002  7.84500e+002
          8215  7.71150e+002  8.21500e+003 -5.55764e+001  3.80000e-002  7.84583e+002
          8216  7.71231e+002  8.21600e+003 -5.55727e+001  3.80000e-002  7.84667e+002
          8217  7.71313e+002  8.21700e+003 -5.55696e+001  3.80000e-002  7.84750e+002
          8218  7.71395e+002  8.21800e+003 -5.55681e+001  3.80000e-002  7.84833e+002
          8219  7.71472e+002  8.21900e+003 -5.55659e+001  3.80000e-002  7.84917e+002
          8220  7.71562e+002  8.22000e+003 -5.55637e+001  3.80000e-002  7.85000e+002
          8221  7.71649e+002  8.22100e+003 -5.55544e+001  3.80000e-002  7.85083e+002
          8222  7.71720e+002  8.22200e+003 -5.55415e+001  3.80000e-002  7.85167e+002
          8223  7.71806e+002  8.22300e+003 -5.55291e+001  3.80000e-002  7.85250e+002
          8224  7.71893e+002  8.22400e+003 -5.55153e+001  3.80000e-002  7.85333e+002
          8225  7.71980e+002  8.22500e+003 -5.55009e+001  3.80000e-002  7.85417e+002
          8226  7.72057e+002  8.22600e+003 -5.54870e+001  3.80000e-002  7.85500e+002
          8227  7.72137e+002  8.22700e+003 -5.54740e+001  3.80000e-002  7.85583e+002
          8228  7.72218e+002  8.22800e+003 -5.54464e+001  3.80000e-002  7.85667e+002
          8229  7.72307e+002  8.22900e+003 -5.54284e+001  3.80000e-002  7.85750e+002
          8230  7.72397e+002  8.23000e+003 -5.54146e+001  3.80000e-002  7.85833e+002
          8231  7.72477e+002  8.23100e+003 -5.54016e+001  3.80000e-002  7.85917e+002
          8232  7.72559e+002  8.23200e+003 -5.53843e+001  3.80000e-002  7.86000e+002
          8233  7.72648e+002  8.23300e+003 -5.53704e+001  3.80000e-002  7.86083e+002
          8234  7.72725e+002  8.23400e+003 -5.53581e+001  3.80000e-002  7.86167e+002
          8235  7.72816e+002  8.23500e+003 -5.53453e+001  3.80000e-002  7.86250e+002
          8236  7.72889e+002  8.23600e+003 -5.53413e+001  3.80000e-002  7.86333e+002
          8237  7.72974e+002  8.23700e+003 -5.53329e+001  3.80000e-002  7.86417e+002
          8238  7.73057e+002  8.23800e+003 -5.53247e+001  3.80000e-002  7.86500e+002
          8239  7.73141e+002  8.23900e+003 -5.53167e+001  3.80000e-002  7.86583e+002
          8240  7.73223e+002  8.24000e+003 -5.53129e+001  3.80000e-002  7.86667e+002
          8241  7.73303e+002  8.24100e+003 -5.53065e+001  3.80000e-002  7.86750e+002
          8242  7.73395e+002  8.24200e+003 -5.52998e+001  3.80000e-002  7.86833e+002
          8243  7.73474e+002  8.24300e+003 -5.52938e+001  3.80000e-002  7.86917e+002
          8244  7.73559e+002  8.24400e+003 -5.52886e+001  3.80000e-002  7.87000e+002
          8245  7.73651e+002  8.24500e+003 -5.52832e+001  3.80000e-002  7.87083e+002
          8246  7.73727e+002  8.24600e+003 -5.52779e+001  3.80000e-002  7.87167e+002
          8247  7.73811e+002  8.24700e+003 -5.52731e+001  3.80000e-002  7.87250e+002
          8248  7.73886e+002  8.24800e+003 -5.52703e+001  3.80000e-002  7.87333e+002
          8249  7.73971e+002  8.24900e+003 -5.52661e+001  3.80000e-002  7.87417e+002
          8250  7.74057e+002  8.25000e+003 -5.52621e+001  3.80000e-002  7.87500e+002
          8251  7.74135e+002  8.25100e+003 -5.52576e+001  3.80000e-002  7.87583e+002
          8252  7.74231e+002  8.25200e+003 -5.52549e+001  3.80000e-002  7.87667e+002
          8253  7.74306e+002  8.25300e+003 -5.52510e+001  3.80000e-002  7.87750e+002
          8254  7.74389e+002  8.25400e+003 -5.52477e+001  3.80000e-002  7.87833e+002
          8255  7.74472e+002  8.25500e+003 -5.52454e+001  3.80000e-002  7.87917e+002
          8256  7.74555e+002  8.25600e+003 -5.52427e+001  3.80000e-002  7.88000e+002
          8257  7.74641e+002  8.25700e+003 -5.52399e+001  3.80000e-002  7.88083e+002
          8258  7.74728e+002  8.25800e+003 -5.52364e+001  3.80000e-002  7.88167e+002
          8259  7.74808e+002  8.25900e+003 -5.52346e+001  3.80000e-002  7.88250e+002
          8260  7.74891e+002  8.26000e+003 -5.52311e+001  3.80000e-002  7.88333e+002
          8261  7.74974e+002  8.26100e+003 -5.52276e+001  3.80000e-002  7.88417e+002
          8262  7.75054e+002  8.26200e+003 -5.52242e+001  3.80000e-002  7.88500e+002
          8263  7.75143e+002  8.26300e+003 -5.52210e+001  3.80000e-002  7.88583e+002
          8264  7.75226e+002  8.26400e+003 -5.52197e+001  3.80000e-002  7.88667e+002
          8265  7.75308e+002  8.26500e+003 -5.52176e+001  3.80000e-002  7.88750e+002
          8266  7.75385e+002  8.26600e+003 -5.52158e+001  3.80000e-002  7.88833e+002
          8267  7.75472e+002  8.26700e+003 -5.52136e+001  3.80000e-002  7.88917e+002
          8268  7.75554e+002  8.26800e+003 -5.52113e+001  3.80000e-002  7.89000e+002
          8269  7.75634e+002  8.26900e+003 -5.52106e+001  3.80000e-002  7.89083e+002
          8270  7.75718e+002  8.27000e+003 -5.52099e+001  3.80000e-002  7.89167e+002
          8271  7.75805e+002  8.27100e+003 -5.52094e+001  3.80000e-002  7.89250e+002
          8272  7.75893e+002  8.27200e+003 -5.52075e+001  3.80000e-002  7.89333e+002
          8273  7.75973e+002  8.27300e+003 -5.52061e+001  3.80000e-002  7.89417e+002
          8274  7.76056e+002  8.27400e+003 -5.52051e+001  3.80000e-002  7.89500e+002
          8275  7.76142e+002  8.27500e+003 -5.52042e+001  3.80000e-002  7.89583e+002
          8276  7.76224e+002  8.27600e+003 -5.52010e+001  3.80000e-002  7.89667e+002
          8277  7.76302e+002  8.27700e+003 -5.51977e+001  3.80000e-002  7.89750e+002
          8278  7.76384e+002  8.27800e+003 -5.51947e+001  3.80000e-002  7.89833e+002
          8279  7.76467e+002  8.27900e+003 -5.51910e+001  3.80000e-002  7.89917e+002
          8280  7.76556e+002  8.28000e+003 -5.51868e+001  3.80000e-002  7.90000e+002
          8281  7.76639e+002  8.28100e+003 -5.51847e+001  3.80000e-002  7.90083e+002
          8282  7.76714e+002  8.28200e+003 -5.51815e+001  3.80000e-002  7.90167e+002
          8283  7.76796e+002  8.28300e+003 -5.51784e+001  3.80000e-002  7.90250e+002
          8284  7.76885e+002  8.28400e+003 -5.51740e+001  3.80000e-002  7.90333e+002
          8285  7.76965e+002  8.28500e+003 -5.51718e+001  3.80000e-002  7.90417e+002
          8286  7.77051e+002  8.28600e+003 -5.51695e+001  3.80000e-002  7.90500e+002
          8287  7.77134e+002  8.28700e+003 -5.51681e+001  3.80000e-002  7.90583e+002
          8288  7.77210e+002  8.28800e+003 -5.51655e+001  3.80000e-002  7.90667e+002
          8289  7.77296e+002  8.28900e+003 -5.51616e+001  3.80000e-002  7.90750e+002
          8290  7.77379e+002  8.29000e+003 -5.51579e+001  3.80000e-002  7.90833e+002
          8291  7.77470e+002  8.29100e+003 -5.51532e+001  3.80000e-002  7.90917e+002
          8292  7.77551e+002  8.29200e+003 -5.51460e+001  3.80000e-002  7.91000e+002
          8293  7.77633e+002  8.29300e+003 -5.51394e+001  3.80000e-002  7.91083e+002
          8294  7.77714e+002  8.29400e+003 -5.51342e+001  3.80000e-002  7.91167e+002
          8295  7.77807e+002  8.29500e+003 -5.51311e+001  3.80000e-002  7.91250e+002
          8296  7.77882e+002  8.29600e+003 -5.51260e+001  3.80000e-002  7.91333e+002
          8297  7.77967e+002  8.29700e+003 -5.51226e+001  3.80000e-002  7.91417e+002
          8298  7.78052e+002  8.29800e+003 -5.51196e+001  3.80000e-002  7.91500e+002
          8299  7.78133e+002  8.29900e+003 -5.51170e+001  3.80000e-002  7.91583e+002
          8300  7.78221e+002  8.30000e+003 -5.51090e+001  3.80000e-002  7.91667e+002
          8301  7.78306e+002  8.30100e+003 -5.51030e+001  3.80000e-002  7.91750e+002
          8302  7.78386e+002  8.30200e+003 -5.50980e+001  3.80000e-002  7.91833e+002
          8303  7.78464e+002  8.30300e+003 -5.50933e+001  3.80000e-002  7.91917e+002
          8304  7.78544e+002  8.30400e+003 -5.50978e+001  3.80000e-002  7.92000e+002
          8305  7.78627e+002  8.30500e+003 -5.50946e+001  3.80000e-002  7.92083e+002
          8306  7.78713e+002  8.30600e+003 -5.50891e+001  3.80000e-002  7.92167e+002
          8307  7.78802e+002  8.30700e+003 -5.50847e+001  3.80000e-002  7.92250e+002
          8308  7.78880e+002  8.30800e+003 -5.50732e+001  3.80000e-002  7.92333e+002
          8309  7.78968e+002  8.30900e+003 -5.50657e+001  3.80000e-002  7.92417e+002
          8310  7.79056e+002  8.31000e+003 -5.50612e+001  3.80000e-002  7.92500e+002
          8311  7.79133e+002  8.31100e+003 -5.50578e+001  3.80000e-002  7.92583e+002
          8312  7.79211e+002  8.31200e+003 -5.50522e+001  3.80000e-002  7.92667e+002
          8313  7.79297e+002  8.31300e+003 -5.50479e+001  3.80000e-002  7.92750e+002
          8314  7.79383e+002  8.31400e+003 -5.50423e+001  3.80000e-002  7.92833e+002
          8315  7.79460e+002  8.31500e+003 -5.50360e+001  3.80000e-002  7.92917e+002
          8316  7.79549e+002  8.31600e+003 -5.50285e+001  3.80000e-002  7.93000e+002
          8317  7.79637e+002  8.31700e+003 -5.50216e+001  3.80000e-002  7.93083e+002
          8318  7.79721e+002  8.31800e+003 -5.50154e+001  3.80000e-002  7.93167e+002
          8319  7.79796e+002  8.31900e+003 -5.50101e+001  3.80000e-002  7.93250e+002
          8320  7.79884e+002  8.32000e+003 -5.50060e+001  3.80000e-002  7.93333e+002
          8321  7.79972e+002  8.32100e+003 -5.49999e+001  3.80000e-002  7.93417e+002
          8322  7.80050e+002  8.32200e+003 -5.49952e+001  3.80000e-002  7.93500e+002
          8323  7.80137e+002  8.32300e+003 -5.49921e+001  3.80000e-002  7.93583e+002
          8324  7.80213e+002  8.32400e+003 -5.49865e+001  3.80000e-002  7.93667e+002
          8325  7.80299e+002  8.32500e+003 -5.49807e+001  3.80000e-002  7.93750e+002
          8326  7.80392e+002  8.32600e+003 -5.49760e+001  3.80000e-002  7.93833e+002
          8327  7.80469e+002  8.32700e+003 -5.49721e+001  3.80000e-002  7.93917e+002
          8328  7.80554e+002  8.32800e+003 -5.49689e+001  3.80000e-002  7.94000e+002
          8329  7.80632e+002  8.32900e+003 -5.49638e+001  3.80000e-002  7.94083e+002
          8330  7.80711e+002  8.33000e+003 -5.49602e+001  3.80000e-002  7.94167e+002
          8331  7.80793e+002  8.33100e+003 -5.49571e+001  3.80000e-002  7.94250e+002
          8332  7.80880e+002  8.33200e+003 -5.49556e+001  3.80000e-002  7.94333e+002
          8333  7.80960e+002  8.33300e+003 -5.49521e+001  3.80000e-002  7.94417e+002
          8334  7.81051e+002  8.33400e+003 -5.49490e+001  3.80000e-002  7.94500e+002
          8335  7.81134e+002  8.33500e+003 -5.49463e+001  3.80000e-002  7.94583e+002
          8336  7.81219e+002  8.33600e+003 -5.49405e+001  3.80000e-002  7.94667e+002
          8337  7.81306e+002  8.33700e+003 -5.49348e+001  3.80000e-002  7.94750e+002
          8338  7.81386e+002  8.33800e+003 -5.49298e+001  3.80000e-002  7.94833e+002
          8339  7.81463e+002  8.33900e+003 -5.49257e+001  3.80000e-002  7.94917e+002
          8340  7.81544e+002  8.34000e+003 -5.49244e+001  3.80000e-002  7.95000e+002
          8341  7.81624e+002  8.34100e+003 -5.49211e+001  3.80000e-002  7.95083e+002
          8342  7.81708e+002  8.34200e+003 -5.49162e+001  3.80000e-002  7.95167e+002
          8343  7.81792e+002  8.34300e+003 -5.49113e+001  3.80000e-002  7.95250e+002
          8344  7.81878e+002  8.34400e+003 -5.49049e+001  3.80000e-002  7.95333e+002
          8345  7.81958e+002  8.34500e+003 -5.49011e+001  3.80000e-002  7.95417e+002
          8346  7.82039e+002  8.34600e+003 -5.48969e+001  3.80000e-002  7.95500e+002
          8347  7.82128e+002  8.34700e+003 -5.48925e+001  3.80000e-002  7.95583e+002
          8348  7.82211e+002  8.34800e+003 -5.48869e+001  3.80000e-002  7.95667e+002
          8349  7.82295e+002  8.34900e+003 -5.48822e+001  3.80000e-002  7.95750e+002
          8350  7.82374e+002  8.35000e+003 -5.48769e+001  3.80000e-002  7.95833e+002
          8351  7.82459e+002  8.35100e+003 -5.48715e+001  3.80000e-002  7.95917e+002
          8352  7.82540e+002  8.35200e+003 -5.48659e+001  3.80000e-002  7.96000e+002
          8353  7.82625e+002  8.35300e+003 -5.48606e+001  3.80000e-002  7.96083e+002
          8354  7.82703e+002  8.35400e+003 -5.48545e+001  3.80000e-002  7.96167e+002
          8355  7.82791e+002  8.35500e+003 -5.48482e+001  3.80000e-002  7.96250e+002
          8356  7.82876e+002  8.35600e+003 -5.48400e+001  3.80000e-002  7.96333e+002
          8357  7.82955e+002  8.35700e+003 -5.48340e+001  3.80000e-002  7.96417e+002
          8358  7.83039e+002  8.35800e+003 -5.48296e+001  3.80000e-002  7.96500e+002
          8359  7.83124e+002  8.35900e+003 -5.48269e+001  3.80000e-002  7.96583e+002
          8360  7.83212e+002  8.36000e+003 -5.48220e+001  3.80000e-002  7.96667e+002
          8361  7.83291e+002  8.36100e+003 -5.48173e+001  3.80000e-002  7.96750e+002
          8362  7.83375e+002  8.36200e+003 -5.48136e+001  3.80000e-002  7.96833e+002
          8363  7.83458e+002  8.36300e+003 -5.48094e+001  3.80000e-002  7.96917e+002
          8364  7.83542e+002  8.36400e+003 -5.48193e+001  3.80000e-002  7.97000e+002
          8365  7.83614e+002  8.36500e+003 -5.48299e+001  3.80000e-002  7.97083e+002
          8366  7.83700e+002  8.36600e+003 -5.48264e+001  3.80000e-002  7.97167e+002
          8367  7.83783e+002  8.36700e+003 -5.48095e+001  3.80000e-002  7.97250e+002
          8368  7.83865e+002  8.36800e+003 -5.48187e+001  3.80000e-002  7.97333e+002
          8369  7.83962e+002  8.36900e+003 -5.48214e+001  3.80000e-002  7.97417e+002
          8370  7.84039e+002  8.37000e+003 -5.48206e+001  3.80000e-002  7.97500e+002
          8371  7.84116e+002  8.37100e+003 -5.48186e+001  3.80000e-002  7.97583e+002
          8372  7.84197e+002  8.37200e+003 -5.48878e+001  3.80000e-002  7.97667e+002
          8373  7.84300e+002  8.37300e+003 -5.50215e+001  3.80000e-002  7.97750e+002
          8374  7.84391e+002  8.37400e+003 -5.51448e+001  3.80000e-002  7.97833e+002
          8375  7.84478e+002  8.37500e+003 -5.52464e+001  3.80000e-002  7.97917e+002
          8376  7.84560e+002  8.37600e+003 -5.53581e+001  3.80000e-002  7.98000e+002
          8377  7.84637e+002  8.37700e+003 -5.54484e+001  3.80000e-002  7.98083e+002
          8378  7.84709e+002  8.37800e+003 -5.55308e+001  3.80000e-002  7.98167e+002
          8379  7.84792e+002  8.37900e+003 -5.56126e+001  3.80000e-002  7.98250e+002
          8380  7.84866e+002  8.38000e+003 -5.56908e+001  3.80000e-002  7.98333e+002
          8381  7.84922e+002  8.38100e+003 -5.57751e+001  3.80000e-002  7.98417e+002
          8382  7.84988e+002  8.38200e+003 -5.58604e+001  3.80000e-002  7.98500e+002
          8383  7.85032e+002  8.38300e+003 -5.59441e+001  3.80000e-002  7.98583e+002
          8384  7.85089e+002  8.38400e+003 -5.60159e+001  3.80000e-002  7.98667e+002
          8385  7.85145e+002  8.38500e+003 -5.60897e+001  3.80000e-002  7.98750e+002
          8386  7.85194e+002  8.38600e+003 -5.61626e+001  3.80000e-002  7.98833e+002
          8387  7.85240e+002  8.38700e+003 -5.62338e+001  3.80000e-002  7.98917e+002
          8388  7.85301e+002  8.38800e+003 -5.62884e+001  3.80000e-002  7.99000e+002
          8389  7.85343e+002  8.38900e+003 -5.63495e+001  3.80000e-002  7.99083e+002
          8390  7.85376e+002  8.39000e+003 -5.64107e+001  3.80000e-002  7.99167e+002
          8391  7.85417e+002  8.39100e+003 -5.64717e+001  3.80000e-002  7.99250e+002
          8392  7.85445e+002  8.39200e+003 -5.65186e+001  3.80000e-002  7.99333e+002
          8393  7.85480e+002  8.39300e+003 -5.65713e+001  3.80000e-002  7.99417e+002
          8394  7.85512e+002  8.39400e+003 -5.66236e+001  3.80000e-002  7.99500e+002
          8395  7.85537e+002  8.39500e+003 -5.66739e+001  3.80000e-002  7.99583e+002
          8396  7.85576e+002  8.39600e+003 -5.67087e+001  3.80000e-002  7.99667e+002
          8397  7.85605e+002  8.39700e+003 -5.67489e+001  3.80000e-002  7.99750e+002
          8398  7.85642e+002  8.39800e+003 -5.67880e+001  3.80000e-002  7.99833e+002
          8399  7.85659e+002  8.39900e+003 -5.68257e+001  3.80000e-002  7.99917e+002
          8400  7.85685e+002  8.40000e+003 -5.68519e+001  3.80000e-002  8.00000e+002
          8401  7.85712e+002  8.40100e+003 -5.68818e+001  3.80000e-002  8.00000e+002
          8402  7.85732e+002  8.40200e+003 -5.69112e+001  3.80000e-002  8.00000e+002
          8403  7.85762e+002  8.40300e+003 -5.69405e+001  3.80000e-002  8.00000e+002
          8404  7.85782e+002  8.40400e+003 -5.69545e+001  3.80000e-002  8.00000e+002
          8405  7.85799e+002  8.40500e+003 -5.69753e+001  3.80000e-002  8.00000e+002
          8406  7.85820e+002  8.40600e+003 -5.69953e+001  3.80000e-002  8.00000e+002
          8407  7.85845e+002  8.40700e+003 -5.70139e+001  3.80000e-002  8.00000e+002
          8408  7.85868e+002  8.40800e+003 -5.70209e+001  3.80000e-002  8.00000e+002
          8409  7.85884e+002  8.40900e+003 -5.70360e+001  3.80000e-002  8.00000e+002
          8410  7.85903e+002  8.41000e+003 -5.70506e+001  3.80000e-002  8.00000e+002
          8411  7.85919e+002  8.41100e+003 -5.70637e+001  3.80000e-002  8.00000e+002
          8412  7.85937e+002  8.41200e+003 -5.70721e+001  3.80000e-002  8.00000e+002
          8413  7.85951e+002  8.41300e+003 -5.70836e+001  3.80000e-002  8.00000e+002
          8414  7.85962e+002  8.41400e+003 -5.70955e+001  3.80000e-002  8.00000e+002
          8415  7.85977e+002  8.41500e+003 -5.71062e+001  3.80000e-002  8.00000e+002
          8416  7.85997e+002  8.41600e+003 -5.71111e+001  3.80000e-002  8.00000e+002
          8417  7.86011e+002  8.41700e+003 -5.71182e+001  3.80000e-002  8.00000e+002
          8418  7.86022e+002  8.41800e+003 -5.71246e+001  3.80000e-002  8.00000e+002
          8419  7.86037e+002  8.41900e+003 -5.71306e+001  3.80000e-002  8.00000e+002
          8420  7.86048e+002  8.42000e+003 -5.71360e+001  3.80000e-002  8.00000e+002
          8421  7.86068e+002  8.42100e+003 -5.71417e+001  3.80000e-002  8.00000e+002
          8422  7.86080e+002  8.42200e+003 -5.71464e+001  3.80000e-002  8.00000e+002
          8423  7.86092e+002  8.42300e+003 -5.71496e+001  3.80000e-002  8.00000e+002
          8424  7.86102e+002  8.42400e+003 -5.71494e+001  3.80000e-002  8.00000e+002
          8425  7.86102e+002  8.42500e+003 -5.71505e+001  3.80000e-002  8.00000e+002
          8426  7.86122e+002  8.42600e+003 -5.71506e+001  3.80000e-002  8.00000e+002
          8427  7.86126e+002  8.42700e+003 -5.71499e+001  3.80000e-002  8.00000e+002
          8428  7.86138e+002  8.42800e+003 -5.71448e+001  3.80000e-002  8.00000e+002
          8429  7.86153e+002  8.42900e+003 -5.71436e+001  3.80000e-002  8.00000e+002
          8430  7.86165e+002  8.43000e+003 -5.71432e+001  3.80000e-002  8.00000e+002
          8431  7.86177e+002  8.43100e+003 -5.71424e+001  3.80000e-002  8.00000e+002
          8432  7.86179e+002  8.43200e+003 -5.71360e+001  3.80000e-002  8.00000e+002
          8433  7.86184e+002  8.43300e+003 -5.71334e+001  3.80000e-002  8.00000e+002
          8434  7.86195e+002  8.43400e+003 -5.71316e+001  3.80000e-002  8.00000e+002
          8435  7.86206e+002  8.43500e+003 -5.71302e+001  3.80000e-002  8.00000e+002
          8436  7.86212e+002  8.43600e+003 -5.71261e+001  3.80000e-002  8.00000e+002
          8437  7.86226e+002  8.43700e+003 -5.71247e+001  3.80000e-002  8.00000e+002
          8438  7.86225e+002  8.43800e+003 -5.71233e+001  3.80000e-002  8.00000e+002
          8439  7.86232e+002  8.43900e+003 -5.71204e+001  3.80000e-002  8.00000e+002
          8440  7.86247e+002  8.44000e+003 -5.71209e+001  3.80000e-002  8.00000e+002
          8441  7.86254e+002  8.44100e+003 -5.71195e+001  3.80000e-002  8.00000e+002
          8442  7.86257e+002  8.44200e+003 -5.71179e+001  3.80000e-002  8.00000e+002
          8443  7.86265e+002  8.44300e+003 -5.71164e+001  3.80000e-002  8.00000e+002
          8444  7.86277e+002  8.44400e+003 -5.71152e+001  3.80000e-002  8.00000e+002
          8445  7.86279e+002  8.44500e+003 -5.71153e+001  3.80000e-002  8.00000e+002
          8446  7.86286e+002  8.44600e+003 -5.71148e+001  3.80000e-002  8.00000e+002
          8447  7.86294e+002  8.44700e+003 -5.71133e+001  3.80000e-002  8.00000e+002
          8448  7.86300e+002  8.44800e+003 -5.71117e+001  3.80000e-002  8.00000e+002
          8449  7.86307e+002  8.44900e+003 -5.71109e+001  3.80000e-002  8.00000e+002
          8450  7.86312e+002  8.45000e+003 -5.71099e+001  3.80000e-002  8.00000e+002
          8451  7.86314e+002  8.45100e+003 -5.71088e+001  3.80000e-002  8.00000e+002
          8452  7.86324e+002  8.45200e+003 -5.71077e+001  3.80000e-002  8.00000e+002
          8453  7.86329e+002  8.45300e+003 -5.71052e+001  3.80000e-002  8.00000e+002
          8454  7.86333e+002  8.45400e+003 -5.71033e+001  3.80000e-002  8.00000e+002
          8455  7.86337e+002  8.45500e+003 -5.71020e+001  3.80000e-002  8.00000e+002
          8456  7.86342e+002  8.45600e+003 -5.70967e+001  3.80000e-002  8.00000e+002
          8457  7.86341e+002  8.45700e+003 -5.70930e+001  3.80000e-002  8.00000e+002
          8458  7.86349e+002  8.45800e+003 -5.70897e+001  3.80000e-002  8.00000e+002
          8459  7.86360e+002  8.45900e+003 -5.70863e+001  3.80000e-002  8.00000e+002
          8460  7.86358e+002  8.46000e+003 -5.70818e+001  3.80000e-002  8.00000e+002
          8461  7.86361e+002  8.46100e+003 -5.70793e+001  3.80000e-002  8.00000e+002
          8462  7.86372e+002  8.46200e+003 -5.70769e+001  3.80000e-002  8.00000e+002
          8463  7.86374e+002  8.46300e+003 -5.70746e+001  3.80000e-002  8.00000e+002
          8464  7.86384e+002  8.46400e+003 -5.70759e+001  3.80000e-002  8.00000e+002
          8465  7.86385e+002  8.46500e+003 -5.70743e+001  3.80000e-002  8.00000e+002
          8466  7.86393e+002  8.46600e+003 -5.70732e+001  3.80000e-002  8.00000e+002
          8467  7.86389e+002  8.46700e+003 -5.70724e+001  3.80000e-002  8.00000e+002
          8468  7.86398e+002  8.46800e+003 -5.70753e+001  3.80000e-002  8.00000e+002
          8469  7.86392e+002  8.46900e+003 -5.70764e+001  3.80000e-002  8.00000e+002
          8470  7.86402e+002  8.47000e+003 -5.70788e+001  3.80000e-002  8.00000e+002
          8471  7.86413e+002  8.47100e+003 -5.70826e+001  3.80000e-002  8.00000e+002
          8472  7.86404e+002  8.47200e+003 -5.70878e+001  3.80000e-002  8.00000e+002
          8473  7.86417e+002  8.47300e+003 -5.70899e+001  3.80000e-002  8.00000e+002
          8474  7.86420e+002  8.47400e+003 -5.70935e+001  3.80000e-002  8.00000e+002
          8475  7.86418e+002  8.47500e+003 -5.70965e+001  3.80000e-002  8.00000e+002
          8476  7.86419e+002  8.47600e+003 -5.70992e+001  3.80000e-002  8.00000e+002
          8477  7.86420e+002  8.47700e+003 -5.70998e+001  3.80000e-002  8.00000e+002
          8478  7.86430e+002  8.47800e+003 -5.71005e+001  3.80000e-002  8.00000e+002
          8479  7.86425e+002  8.47900e+003 -5.71017e+001  3.80000e-002  8.00000e+002
          8480  7.86437e+002  8.48000e+003 -5.71030e+001  3.80000e-002  8.00000e+002
          8481  7.86435e+002  8.48100e+003 -5.71051e+001  3.80000e-002  8.00000e+002
          8482  7.86435e+002  8.48200e+003 -5.71066e+001  3.80000e-002  8.00000e+002
          8483  7.86433e+002  8.48300e+003 -5.71083e+001  3.80000e-002  8.00000e+002
          8484  7.86437e+002  8.48400e+003 -5.71052e+001  3.80000e-002  8.00000e+002
          8485  7.86445e+002  8.48500e+003 -5.71054e+001  3.80000e-002  8.00000e+002
          8486  7.86445e+002  8.48600e+003 -5.71053e+001  3.80000e-002  8.00000e+002
          8487  7.86448e+002  8.48700e+003 -5.71051e+001  3.80000e-002  8.00000e+002
          8488  7.86440e+002  8.48800e+003 -5.71100e+001  3.80000e-002  8.00000e+002
          8489  7.86444e+002  8.48900e+003 -5.71145e+001  3.80000e-002  8.00000e+002
          8490  7.86457e+002  8.49000e+003 -5.71172e+001  3.80000e-002  8.00000e+002
          8491  7.86456e+002  8.49100e+003 -5.71201e+001  3.80000e-002  8.00000e+002
          8492  7.86456e+002  8.49200e+003 -5.71227e+001  3.80000e-002  8.00000e+002
          8493  7.86461e+002  8.49300e+003 -5.71255e+001  3.80000e-002  8.00000e+002
          8494  7.86462e+002  8.49400e+003 -5.71276e+001  3.80000e-002  8.00000e+002
          8495  7.86469e+002  8.49500e+003 -5.71303e+001  3.80000e-002  8.00000e+002
          8496  7.86471e+002  8.49600e+003 -5.71352e+001  3.80000e-002  8.00000e+002
          8497  7.86476e+002  8.49700e+003 -5.71383e+001  3.80000e-002  8.00000e+002
          8498  7.86476e+002  8.49800e+003 -5.71420e+001  3.80000e-002  8.00000e+002
          8499  7.86473e+002  8.49900e+003 -5.71465e+001  3.80000e-002  8.00000e+002
          8500  7.86480e+002  8.50000e+003 -5.71522e+001  3.80000e-002  8.00000e+002
          8501  7.86475e+002  8.50100e+003 -5.71591e+001  3.80278e-002  8.00000e+002
          8502  7.86482e+002  8.50200e+003 -5.71647e+001  3.81181e-002  8.00000e+002
          8503  7.86493e+002  8.50300e+003 -5.71720e+001  3.82222e-002  8.00000e+002
          8504  7.86483e+002  8.50400e+003 -5.71781e+001  3.83640e-002  8.00000e+002
          8505  7.86491e+002  8.50500e+003 -5.71836e+001  3.84820e-002  8.00000e+002
          8506  7.86491e+002  8.50600e+003 -5.71894e+001  3.85900e-002  8.00000e+002
          8507  7.86487e+002  8.50700e+003 -5.71947e+001  3.86914e-002  8.00000e+002
          8508  7.86490e+002  8.50800e+003 -5.72060e+001  3.87845e-002  8.00000e+002
          8509  7.86491e+002  8.50900e+003 -5.72135e+001  3.88575e-002  8.00000e+002
          8510  7.86490e+002  8.51000e+003 -5.72205e+001  3.89159e-002  8.00000e+002
          8511  7.86498e+002  8.51100e+003 -5.72279e+001  3.89657e-002  8.00000e+002
          8512  7.86491e+002  8.51200e+003 -5.72326e+001  3.89577e-002  8.00000e+002
          8513  7.86498e+002  8.51300e+003 -5.72380e+001  3.89716e-002  8.00000e+002
          8514  7.86505e+002  8.51400e+003 -5.72431e+001  3.89854e-002  8.00000e+002
          8515  7.86506e+002  8.51500e+003 -5.72499e+001  3.89962e-002  8.00000e+002
          8516  7.86495e+002  8.51600e+003 -5.72563e+001  3.89928e-002  8.00000e+002
          8517  7.86504e+002  8.51700e+003 -5.72619e+001  3.89951e-002  8.00000e+002
          8518  7.86501e+002  8.51800e+003 -5.72681e+001  3.89976e-002  8.00000e+002
          8519  7.86497e+002  8.51900e+003 -5.72735e+001  3.89996e-002  8.00000e+002
          8520  7.86511e+002  8.52000e+003 -5.72781e+001  3.89989e-002  8.00000e+002
          8521  7.86510e+002  8.52100e+003 -5.72830e+001  3.89992e-002  8.00000e+002
          8522  7.86511e+002  8.52200e+003 -5.72884e+001  3.89996e-002  8.00000e+002
          8523  7.86508e+002  8.52300e+003 -5.72936e+001  3.90000e-002  8.00000e+002
          8524  7.86511e+002  8.52400e+003 -5.72983e+001  3.89998e-002  8.00000e+002
          8525  7.86519e+002  8.52500e+003 -5.73029e+001  3.89999e-002  8.00000e+002
          8526  7.86525e+002  8.52600e+003 -5.73074e+001  3.89999e-002  8.00000e+002
          8527  7.86522e+002  8.52700e+003 -5.73116e+001  3.90000e-002  8.00000e+002
          8528  7.86519e+002  8.52800e+003 -5.73153e+001  3.90000e-002  8.00000e+002
          8529  7.86517e+002  8.52900e+003 -5.73196e+001  3.90000e-002  8.00000e+002
          8530  7.86527e+002  8.53000e+003 -5.73236e+001  3.90000e-002  8.00000e+002
          8531  7.86520e+002  8.53100e+003 -5.73279e+001  3.90000e-002  8.00000e+002
          8532  7.86519e+002  8.53200e+003 -5.73318e+001  3.90000e-002  8.00000e+002
          8533  7.86526e+002  8.53300e+003 -5.73335e+001  3.90000e-002  8.00000e+002
          8534  7.86519e+002  8.53400e+003 -5.73346e+001  3.90000e-002  8.00000e+002
          8535  7.86529e+002  8.53500e+003 -5.73369e+001  3.90000e-002  8.00000e+002
          8536  7.86523e+002  8.53600e+003 -5.73413e+001  3.90000e-002  8.00000e+002
          8537  7.86528e+002  8.53700e+003 -5.73457e+001  3.90000e-002  8.00000e+002
          8538  7.86533e+002  8.53800e+003 -5.73506e+001  3.90000e-002  8.00000e+002
          8539  7.86527e+002  8.53900e+003 -5.73555e+001  3.90000e-002  8.00000e+002
          8540  7.86527e+002  8.54000e+003 -5.73595e+001  3.90000e-002  8.00000e+002
          8541  7.86525e+002  8.54100e+003 -5.73649e+001  3.90000e-002  8.00000e+002
          8542  7.86533e+002  8.54200e+003 -5.73711e+001  3.90000e-002  8.00000e+002
          8543  7.86536e+002  8.54300e+003 -5.73770e+001  3.90000e-002  8.00000e+002
          8544  7.86537e+002  8.54400e+003 -5.73869e+001  3.90000e-002  8.00000e+002
          8545  7.86539e+002  8.54500e+003 -5.73937e+001  3.90000e-002  8.00000e+002
          8546  7.86539e+002  8.54600e+003 -5.73987e+001  3.90000e-002  8.00000e+002
          8547  7.86544e+002  8.54700e+003 -5.74026e+001  3.90000e-002  8.00000e+002
          8548  7.86538e+002  8.54800e+003 -5.74089e+001  3.90000e-002  8.00000e+002
          8549  7.86538e+002  8.54900e+003 -5.74157e+001  3.90000e-002  8.00000e+002
          8550  7.86541e+002  8.55000e+003 -5.74220e+001  3.90000e-002  8.00000e+002
          8551  7.86544e+002  8.55100e+003 -5.74276e+001  3.90000e-002  8.00000e+002
          8552  7.86545e+002  8.55200e+003 -5.74332e+001  3.90000e-002  8.00000e+002
          8553  7.86542e+002  8.55300e+003 -5.74405e+001  3.90000e-002  8.00000e+002
          8554  7.86548e+002  8.55400e+003 -5.74472e+001  3.90000e-002  8.00000e+002
          8555  7.86552e+002  8.55500e+003 -5.74540e+001  3.90000e-002  8.00000e+002
          8556  7.86550e+002  8.55600e+003 -5.74604e+001  3.90000e-002  8.00000e+002
          8557  7.86544e+002  8.55700e+003 -5.74670e+001  3.90000e-002  8.00000e+002
          8558  7.86548e+002  8.55800e+003 -5.74745e+001  3.90000e-002  8.00000e+002
          8559  7.86558e+002  8.55900e+003 -5.74829e+001  3.90000e-002  8.00000e+002
          8560  7.86553e+002  8.56000e+003 -5.74935e+001  3.90000e-002  8.00000e+002
          8561  7.86555e+002  8.56100e+003 -5.75028e+001  3.90000e-002  8.00000e+002
          8562  7.86562e+002  8.56200e+003 -5.75113e+001  3.90000e-002  8.00000e+002
          8563  7.86558e+002  8.56300e+003 -5.75192e+001  3.90000e-002  8.00000e+002
          8564  7.86555e+002  8.56400e+003 -5.75281e+001  3.90000e-002  8.00000e+002
          8565  7.86555e+002  8.56500e+003 -5.75365e+001  3.90000e-002  8.00000e+002
          8566  7.86557e+002  8.56600e+003 -5.75446e+001  3.90000e-002  8.00000e+002
          8567  7.86562e+002  8.56700e+003 -5.75531e+001  3.90000e-002  8.00000e+002
          8568  7.86561e+002  8.56800e+003 -5.75625e+001  3.90000e-002  8.00000e+002
          8569  7.86556e+002  8.56900e+003 -5.75722e+001  3.90000e-002  8.00000e+002
          8570  7.86561e+002  8.57000e+003 -5.75815e+001  3.90000e-002  8.00000e+002
          8571  7.86555e+002  8.57100e+003 -5.75910e+001  3.90000e-002  8.00000e+002
          8572  7.86559e+002  8.57200e+003 -5.75966e+001  3.90000e-002  8.00000e+002
          8573  7.86562e+002  8.57300e+003 -5.76032e+001  3.90000e-002  8.00000e+002
          8574  7.86560e+002  8.57400e+003 -5.76108e+001  3.90000e-002  8.00000e+002
          8575  7.86569e+002  8.57500e+003 -5.76177e+001  3.90000e-002  8.00000e+002
          8576  7.86567e+002  8.57600e+003 -5.76236e+001  3.90000e-002  8.00000e+002
          8577  7.86563e+002  8.57700e+003 -5.76299e+001  3.90000e-002  8.00000e+002
          8578  7.86565e+002  8.57800e+003 -5.76380e+001  3.90000e-002  8.00000e+002
          8579  7.86569e+002  8.57900e+003 -5.76463e+001  3.90000e-002  8.00000e+002
          8580  7.86566e+002  8.58000e+003 -5.76521e+001  3.90000e-002  8.00000e+002
          8581  7.86567e+002  8.58100e+003 -5.76583e+001  3.90000e-002  8.00000e+002
          8582  7.86567e+002  8.58200e+003 -5.76652e+001  3.90000e-002  8.00000e+002
          8583  7.86570e+002  8.58300e+003 -5.76735e+001  3.90000e-002  8.00000e+002
          8584  7.86567e+002  8.58400e+003 -5.76795e+001  3.90000e-002  8.00000e+002
          8585  7.86567e+002  8.58500e+003 -5.76856e+001  3.90000e-002  8.00000e+002
          8586  7.86571e+002  8.58600e+003 -5.76929e+001  3.90000e-002  8.00000e+002
          8587  7.86573e+002  8.58700e+003 -5.77015e+001  3.90000e-002  8.00000e+002
          8588  7.86571e+002  8.58800e+003 -5.77114e+001  3.90000e-002  8.00000e+002
          8589  7.86576e+002  8.58900e+003 -5.77205e+001  3.90000e-002  8.00000e+002
          8590  7.86572e+002  8.59000e+003 -5.77300e+001  3.90000e-002  8.00000e+002
          8591  7.86573e+002  8.59100e+003 -5.77388e+001  3.90000e-002  8.00000e+002
          8592  7.86569e+002  8.59200e+003 -5.77474e+001  3.90000e-002  8.00000e+002
          8593  7.86577e+002  8.59300e+003 -5.77543e+001  3.90000e-002  8.00000e+002
          8594  7.86579e+002  8.59400e+003 -5.77619e+001  3.90000e-002  8.00000e+002
          8595  7.86573e+002  8.59500e+003 -5.77691e+001  3.90000e-002  8.00000e+002
          8596  7.86581e+002  8.59600e+003 -5.77787e+001  3.90000e-002  8.00000e+002
          8597  7.86577e+002  8.59700e+003 -5.77874e+001  3.90000e-002  8.00000e+002
          8598  7.86577e+002  8.59800e+003 -5.77954e+001  3.90000e-002  8.00000e+002
          8599  7.86579e+002  8.59900e+003 -5.78031e+001  3.90000e-002  8.00000e+002
          8600  7.86580e+002  8.60000e+003 -5.78088e+001  3.90000e-002  8.00000e+002
          8601  7.86585e+002  8.60100e+003 -5.78150e+001  3.90000e-002  8.00000e+002
          8602  7.86576e+002  8.60200e+003 -5.78217e+001  3.90000e-002  8.00000e+002
          8603  7.86579e+002  8.60300e+003 -5.78287e+001  3.90000e-002  8.00000e+002
          8604  7.86576e+002  8.60400e+003 -5.78373e+001  3.90000e-002  8.00000e+002
          8605  7.86578e+002  8.60500e+003 -5.78456e+001  3.90000e-002  8.00000e+002
          8606  7.86575e+002  8.60600e+003 -5.78540e+001  3.90000e-002  8.00000e+002
          8607  7.86585e+002  8.60700e+003 -5.78612e+001  3.90000e-002  8.00000e+002
          8608  7.86584e+002  8.60800e+003 -5.78655e+001  3.90000e-002  8.00000e+002
          8609  7.86579e+002  8.60900e+003 -5.78710e+001  3.90000e-002  8.00000e+002
          8610  7.86584e+002  8.61000e+003 -5.78781e+001  3.90000e-002  8.00000e+002
          8611  7.86587e+002  8.61100e+003 -5.78846e+001  3.90000e-002  8.00000e+002
          8612  7.86586e+002  8.61200e+003 -5.78913e+001  3.90000e-002  8.00000e+002
          8613  7.86590e+002  8.61300e+003 -5.78975e+001  3.90000e-002  8.00000e+002
          8614  7.86581e+002  8.61400e+003 -5.79036e+001  3.90000e-002  8.00000e+002
          8615  7.86589e+002  8.61500e+003 -5.79108e+001  3.90000e-002  8.00000e+002
          8616  7.86580e+002  8.61600e+003 -5.79131e+001  3.90000e-002  8.00000e+002
          8617  7.86588e+002  8.61700e+003 -5.79175e+001  3.90000e-002  8.00000e+002
          8618  7.86586e+002  8.61800e+003 -5.79224e+001  3.90000e-002  8.00000e+002
          8619  7.86583e+002  8.61900e+003 -5.79280e+001  3.90000e-002  8.00000e+002
          8620  7.86587e+002  8.62000e+003 -5.79381e+001  3.90000e-002  8.00000e+002
          8621  7.86585e+002  8.62100e+003 -5.79461e+001  3.90000e-002  8.00000e+002
          8622  7.86590e+002  8.62200e+003 -5.79533e+001  3.90000e-002  8.00000e+002
          8623  7.86586e+002  8.62300e+003 -5.79597e+001  3.90000e-002  8.00000e+002
          8624  7.86598e+002  8.62400e+003 -5.79678e+001  3.90000e-002  8.00000e+002
          8625  7.86586e+002  8.62500e+003 -5.79761e+001  3.90000e-002  8.00000e+002
          8626  7.86593e+002  8.62600e+003 -5.79826e+001  3.90000e-002  8.00000e+002
          8627  7.86591e+002  8.62700e+003 -5.79878e+001  3.90000e-002  8.00000e+002
          8628  7.86582e+002  8.62800e+003 -5.79947e+001  3.90000e-002  8.00000e+002
          8629  7.86587e+002  8.62900e+003 -5.80014e+001  3.90000e-002  8.00000e+002
          8630  7.86593e+002  8.63000e+003 -5.80093e+001  3.90000e-002  8.00000e+002
          8631  7.86594e+002  8.63100e+003 -5.80191e+001  3.90000e-002  8.00000e+002
          8632  7.86592e+002  8.63200e+003 -5.80216e+001  3.90000e-002  8.00000e+002
          8633  7.86588e+002  8.63300e+003 -5.80273e+001  3.90000e-002  8.00000e+002
          8634  7.86591e+002  8.63400e+003 -5.80339e+001  3.90000e-002  8.00000e+002
          8635  7.86586e+002  8.63500e+003 -5.80390e+001  3.90000e-002  8.00000e+002
          8636  7.86594e+002  8.63600e+003 -5.80431e+001  3.90000e-002  8.00000e+002
          8637  7.86589e+002  8.63700e+003 -5.80476e+001  3.90000e-002  8.00000e+002
          8638  7.86593e+002  8.63800e+003 -5.80538e+001  3.90000e-002  8.00000e+002
          8639  7.86591e+002  8.63900e+003 -5.80626e+001  3.90000e-002  8.00000e+002
          8640  7.86585e+002  8.64000e+003 -5.80724e+001  3.90000e-002  8.00000e+002
          8641  7.86590e+002  8.64100e+003 -5.80804e+001  3.90000e-002  8.00000e+002
          8642  7.86584e+002  8.64200e+003 -5.80886e+001  3.90000e-002  8.00000e+002
          8643  7.86586e+002  8.64300e+003 -5.80961e+001  3.90000e-002  8.00000e+002
          8644  7.86591e+002  8.64400e+003 -5.81013e+001  3.90000e-002  8.00000e+002
          8645  7.86593e+002  8.64500e+003 -5.81077e+001  3.90000e-002  8.00000e+002
          8646  7.86585e+002  8.64600e+003 -5.81156e+001  3.90000e-002  8.00000e+002
          8647  7.86593e+002  8.64700e+003 -5.81246e+001  3.90000e-002  8.00000e+002
          8648  7.86591e+002  8.64800e+003 -5.81364e+001  3.90000e-002  8.00000e+002
          8649  7.86594e+002  8.64900e+003 -5.81447e+001  3.90000e-002  8.00000e+002
          8650  7.86598e+002  8.65000e+003 -5.81519e+001  3.90000e-002  8.00000e+002
          8651  7.86584e+002  8.65100e+003 -5.81589e+001  3.90000e-002  8.00000e+002
          8652  7.86590e+002  8.65200e+003 -5.81616e+001  3.90000e-002  8.00000e+002
          8653  7.86586e+002  8.65300e+003 -5.81674e+001  3.90000e-002  8.00000e+002
          8654  7.86589e+002  8.65400e+003 -5.81741e+001  3.90000e-002  8.00000e+002
          8655  7.86590e+002  8.65500e+003 -5.81805e+001  3.90000e-002  8.00000e+002
          8656  7.86581e+002  8.65600e+003 -5.81849e+001  3.90000e-002  8.00000e+002
          8657  7.86592e+002  8.65700e+003 -5.81891e+001  3.90000e-002  8.00000e+002
          8658  7.86587e+002  8.65800e+003 -5.81937e+001  3.90000e-002  8.00000e+002
          8659  7.86587e+002  8.65900e+003 -5.81985e+001  3.90000e-002  8.00000e+002
          8660  7.86587e+002  8.66000e+003 -5.82008e+001  3.90000e-002  8.00000e+002
          8661  7.86592e+002  8.66100e+003 -5.82047e+001  3.90000e-002  8.00000e+002
          8662  7.86592e+002  8.66200e+003 -5.82088e+001  3.90000e-002  8.00000e+002
          8663  7.86597e+002  8.66300e+003 -5.82140e+001  3.90000e-002  8.00000e+002
          8664  7.86599e+002  8.66400e+003 -5.82175e+001  3.90000e-002  8.00000e+002
          8665  7.86598e+002  8.66500e+003 -5.82212e+001  3.90000e-002  8.00000e+002
          8666  7.86604e+002  8.66600e+003 -5.82244e+001  3.90000e-002  8.00000e+002
          8667  7.86595e+002  8.66700e+003 -5.82280e+001  3.90000e-002  8.00000e+002
          8668  7.86598e+002  8.66800e+003 -5.82365e+001  3.90000e-002  8.00000e+002
          8669  7.86602e+002  8.66900e+003 -5.82442e+001  3.90000e-002  8.00000e+002
          8670  7.86606e+002  8.67000e+003 -5.82515e+001  3.90000e-002  8.00000e+002
          8671  7.86600e+002  8.67100e+003 -5.82589e+001  3.90000e-002  8.00000e+002
          8672  7.86597e+002  8.67200e+003 -5.82666e+001  3.90000e-002  8.00000e+002
          8673  7.86596e+002  8.67300e+003 -5.82733e+001  3.90000e-002  8.00000e+002
          8674  7.86598e+002  8.67400e+003 -5.82782e+001  3.90000e-002  8.00000e+002
          8675  7.86595e+002  8.67500e+003 -5.82829e+001  3.90000e-002  8.00000e+002
          8676  7.86603e+002  8.67600e+003 -5.82906e+001  3.90000e-002  8.00000e+002
          8677  7.86600e+002  8.67700e+003 -5.82961e+001  3.90000e-002  8.00000e+002
          8678  7.86605e+002  8.67800e+003 -5.83011e+001  3.90000e-002  8.00000e+002
          8679  7.86607e+002  8.67900e+003 -5.83055e+001  3.90000e-002  8.00000e+002
          8680  7.86603e+002  8.68000e+003 -5.83110e+001  3.90000e-002  8.00000e+002
          8681  7.86607e+002  8.68100e+003 -5.83184e+001  3.90000e-002  8.00000e+002
          8682  7.86605e+002  8.68200e+003 -5.83257e+001  3.90000e-002  8.00000e+002
          8683  7.86608e+002  8.68300e+003 -5.83328e+001  3.90000e-002  8.00000e+002
          8684  7.86608e+002  8.68400e+003 -5.83369e+001  3.90000e-002  8.00000e+002
          8685  7.86614e+002  8.68500e+003 -5.83412e+001  3.90000e-002  8.00000e+002
          8686  7.86609e+002  8.68600e+003 -5.83460e+001  3.90000e-002  8.00000e+002
          8687  7.86604e+002  8.68700e+003 -5.83503e+001  3.90000e-002  8.00000e+002
          8688  7.86608e+002  8.68800e+003 -5.83598e+001  3.90000e-002  8.00000e+002
          8689  7.86607e+002  8.68900e+003 -5.83669e+001  3.90000e-002  8.00000e+002
          8690  7.86610e+002  8.69000e+003 -5.83733e+001  3.90000e-002  8.00000e+002
          8691  7.86607e+002  8.69100e+003 -5.83790e+001  3.90000e-002  8.00000e+002
          8692  7.86609e+002  8.69200e+003 -5.83812e+001  3.90000e-002  8.00000e+002
          8693  7.86607e+002  8.69300e+003 -5.83866e+001  3.90000e-002  8.00000e+002
          8694  7.86609e+002  8.69400e+003 -5.83938e+001  3.90000e-002  8.00000e+002
          8695  7.86609e+002  8.69500e+003 -5.84016e+001  3.90000e-002  8.00000e+002
          8696  7.86608e+002  8.69600e+003 -5.84093e+001  3.90000e-002  8.00000e+002
          8697  7.86614e+002  8.69700e+003 -5.84154e+001  3.90000e-002  8.00000e+002
          8698  7.86617e+002  8.69800e+003 -5.84215e+001  3.90000e-002  8.00000e+002
          8699  7.86620e+002  8.69900e+003 -5.84278e+001  3.90000e-002  8.00000e+002
          8700  7.86619e+002  8.70000e+003 -5.84355e+001  3.90000e-002  8.00000e+002
          8701  7.86614e+002  8.70100e+003 -5.84437e+001  3.90000e-002  8.00000e+002
          8702  7.86609e+002  8.70200e+003 -5.84517e+001  3.90000e-002  8.00000e+002
          8703  7.86605e+002  8.70300e+003 -5.84586e+001  3.90000e-002  8.00000e+002
          8704  7.86607e+002  8.70400e+003 -5.84679e+001  3.90000e-002  8.00000e+002
          8705  7.86608e+002  8.70500e+003 -5.84759e+001  3.90000e-002  8.00000e+002
          8706  7.86617e+002  8.70600e+003 -5.84823e+001  3.90000e-002  8.00000e+002
          8707  7.86617e+002  8.70700e+003 -5.84884e+001  3.90000e-002  8.00000e+002
          8708  7.86624e+002  8.70800e+003 -5.84944e+001  3.90000e-002  8.00000e+002
          8709  7.86623e+002  8.70900e+003 -5.84979e+001  3.90000e-002  8.00000e+002
          8710  7.86616e+002  8.71000e+003 -5.85005e+001  3.90000e-002  8.00000e+002
          8711  7.86613e+002  8.71100e+003 -5.85027e+001  3.90000e-002  8.00000e+002
          8712  7.86619e+002  8.71200e+003 -5.85035e+001  3.90000e-002  8.00000e+002
          8713  7.86619e+002  8.71300e+003 -5.85049e+001  3.90000e-002  8.00000e+002
          8714  7.86617e+002  8.71400e+003 -5.85072e+001  3.90000e-002  8.00000e+002
          8715  7.86623e+002  8.71500e+003 -5.85093e+001  3.90000e-002  8.00000e+002
          8716  7.86615e+002  8.71600e+003 -5.85081e+001  3.90000e-002  8.00000e+002
          8717  7.86617e+002  8.71700e+003 -5.85102e+001  3.90000e-002  8.00000e+002
          8718  7.86617e+002  8.71800e+003 -5.85140e+001  3.90000e-002  8.00000e+002
          8719  7.86616e+002  8.71900e+003 -5.85200e+001  3.90000e-002  8.00000e+002
          8720  7.86614e+002  8.72000e+003 -5.85254e+001  3.90000e-002  8.00000e+002
          8721  7.86617e+002  8.72100e+003 -5.85296e+001  3.90000e-002  8.00000e+002
          8722  7.86619e+002  8.72200e+003 -5.85343e+001  3.90000e-002  8.00000e+002
          8723  7.86616e+002  8.72300e+003 -5.85402e+001  3.90000e-002  8.00000e+002
          8724  7.86621e+002  8.72400e+003 -5.85508e+001  3.90000e-002  8.00000e+002
          8725  7.86620e+002  8.72500e+003 -5.85567e+001  3.90000e-002  8.00000e+002
          8726  7.86612e+002  8.72600e+003 -5.85607e+001  3.90000e-002  8.00000e+002
          8727  7.86613e+002  8.72700e+003 -5.85650e+001  3.90000e-002  8.00000e+002
          8728  7.86608e+002  8.72800e+003 -5.85710e+001  3.90000e-002  8.00000e+002
          8729  7.86612e+002  8.72900e+003 -5.85748e+001  3.90000e-002  8.00000e+002
          8730  7.86620e+002  8.73000e+003 -5.85785e+001  3.90000e-002  8.00000e+002
          8731  7.86608e+002  8.73100e+003 -5.85829e+001  3.90000e-002  8.00000e+002
          8732  7.86608e+002  8.73200e+003 -5.85827e+001  3.90000e-002  8.00000e+002
          8733  7.86615e+002  8.73300e+003 -5.85838e+001  3.90000e-002  8.00000e+002
          8734  7.86619e+002  8.73400e+003 -5.85873e+001  3.90000e-002  8.00000e+002
          8735  7.86614e+002  8.73500e+003 -5.85907e+001  3.90000e-002  8.00000e+002
          8736  7.86610e+002  8.73600e+003 -5.85896e+001  3.90000e-002  8.00000e+002
          8737  7.86613e+002  8.73700e+003 -5.85913e+001  3.90000e-002  8.00000e+002
          8738  7.86606e+002  8.73800e+003 -5.85950e+001  3.90000e-002  8.00000e+002
          8739  7.86605e+002  8.73900e+003 -5.85975e+001  3.90000e-002  8.00000e+002
          8740  7.86607e+002  8.74000e+003 -5.86032e+001  3.90000e-002  8.00000e+002
          8741  7.86611e+002  8.74100e+003 -5.86095e+001  3.90000e-002  8.00000e+002
          8742  7.86612e+002  8.74200e+003 -5.86166e+001  3.90000e-002  8.00000e+002
          8743  7.86611e+002  8.74300e+003 -5.86242e+001  3.90000e-002  8.00000e+002
          8744  7.86610e+002  8.74400e+003 -5.86319e+001  3.90000e-002  8.00000e+002
          8745  7.86611e+002  8.74500e+003 -5.86384e+001  3.90000e-002  8.00000e+002
          8746  7.86611e+002  8.74600e+003 -5.86438e+001  3.90000e-002  8.00000e+002
          8747  7.86610e+002  8.74700e+003 -5.86485e+001  3.90000e-002  8.00000e+002
          8748  7.86609e+002  8.74800e+003 -5.86542e+001  3.90000e-002  8.00000e+002
          8749  7.86602e+002  8.74900e+003 -5.86580e+001  3.90000e-002  8.00000e+002
          8750  7.86604e+002  8.75000e+003 -5.86619e+001  3.90000e-002  8.00000e+002
          8751  7.86608e+002  8.75100e+003 -5.86665e+001  3.90000e-002  8.00000e+002
          8752  7.86606e+002  8.75200e+003 -5.86690e+001  3.90000e-002  8.00000e+002
          8753  7.86601e+002  8.75300e+003 -5.86742e+001  3.90000e-002  8.00000e+002
          8754  7.86612e+002  8.75400e+003 -5.86790e+001  3.90000e-002  8.00000e+002
          8755  7.86603e+002  8.75500e+003 -5.86838e+001  3.90000e-002  8.00000e+002
          8756  7.86607e+002  8.75600e+003 -5.86827e+001  3.90000e-002  8.00000e+002
          8757  7.86611e+002  8.75700e+003 -5.86835e+001  3.90000e-002  8.00000e+002
          8758  7.86609e+002  8.75800e+003 -5.86853e+001  3.90000e-002  8.00000e+002
          8759  7.86610e+002  8.75900e+003 -5.86874e+001  3.90000e-002  8.00000e+002
          8760  7.86610e+002  8.76000e+003 -5.86931e+001  3.90000e-002  8.00000e+002
          8761  7.86608e+002  8.76100e+003 -5.86972e+001  3.90000e-002  8.00000e+002
          8762  7.86606e+002  8.76200e+003 -5.87018e+001  3.90000e-002  8.00000e+002
          8763  7.86610e+002  8.76300e+003 -5.87069e+001  3.90000e-002  8.00000e+002
          8764  7.86605e+002  8.76400e+003 -5.87073e+001  3.90000e-002  8.00000e+002
          8765  7.86609e+002  8.76500e+003 -5.87106e+001  3.90000e-002  8.00000e+002
          8766  7.86604e+002  8.76600e+003 -5.87164e+001  3.90000e-002  8.00000e+002
          8767  7.86609e+002  8.76700e+003 -5.87230e+001  3.90000e-002  8.00000e+002
          8768  7.86608e+002  8.76800e+003 -5.87290e+001  3.90000e-002  8.00000e+002
          8769  7.86606e+002  8.76900e+003 -5.87326e+001  3.90000e-002  8.00000e+002
          8770  7.86601e+002  8.77000e+003 -5.87368e+001  3.90000e-002  8.00000e+002
          8771  7.86599e+002  8.77100e+003 -5.87412e+001  3.90000e-002  8.00000e+002
          8772  7.86600e+002  8.77200e+003 -5.87455e+001  3.90000e-002  8.00000e+002
          8773  7.86604e+002  8.77300e+003 -5.87497e+001  3.90000e-002  8.00000e+002
          8774  7.86595e+002  8.77400e+003 -5.87535e+001  3.90000e-002  8.00000e+002
          8775  7.86599e+002  8.77500e+003 -5.87580e+001  3.90000e-002  8.00000e+002
          8776  7.86596e+002  8.77600e+003 -5.87611e+001  3.90000e-002  8.00000e+002
          8777  7.86595e+002  8.77700e+003 -5.87662e+001  3.90000e-002  8.00000e+002
          8778  7.86603e+002  8.77800e+003 -5.87712e+001  3.90000e-002  8.00000e+002
          8779  7.86603e+002  8.77900e+003 -5.87763e+001  3.90000e-002  8.00000e+002
          8780  7.86605e+002  8.78000e+003 -5.87785e+001  3.90000e-002  8.00000e+002
          8781  7.86602e+002  8.78100e+003 -5.87817e+001  3.90000e-002  8.00000e+002
          8782  7.86603e+002  8.78200e+003 -5.87850e+001  3.90000e-002  8.00000e+002
          8783  7.86599e+002  8.78300e+003 -5.87881e+001  3.90000e-002  8.00000e+002
          8784  7.86602e+002  8.78400e+003 -5.87915e+001  3.90000e-002  8.00000e+002
          8785  7.86601e+002  8.78500e+003 -5.87931e+001  3.90000e-002  8.00000e+002
          8786  7.86597e+002  8.78600e+003 -5.87954e+001  3.90000e-002  8.00000e+002
          8787  7.86603e+002  8.78700e+003 -5.87983e+001  3.90000e-002  8.00000e+002
          8788  7.86595e+002  8.78800e+003 -5.87946e+001  3.90000e-002  8.00000e+002
          8789  7.86603e+002  8.78900e+003 -5.87948e+001  3.90000e-002  8.00000e+002
          8790  7.86604e+002  8.79000e+003 -5.87957e+001  3.90000e-002  8.00000e+002
          8791  7.86600e+002  8.79100e+003 -5.87973e+001  3.90000e-002  8.00000e+002
          8792  7.86601e+002  8.79200e+003 -5.87965e+001  3.90000e-002  8.00000e+002
          8793  7.86596e+002  8.79300e+003 -5.87983e+001  3.90000e-002  8.00000e+002
          8794  7.86602e+002  8.79400e+003 -5.88002e+001  3.90000e-002  8.00000e+002
          8795  7.86603e+002  8.79500e+003 -5.88021e+001  3.90000e-002  8.00000e+002
          8796  7.86606e+002  8.79600e+003 -5.88078e+001  3.90000e-002  8.00000e+002
          8797  7.86610e+002  8.79700e+003 -5.88101e+001  3.90000e-002  8.00000e+002
          8798  7.86601e+002  8.79800e+003 -5.88113e+001  3.90000e-002  8.00000e+002
          8799  7.86607e+002  8.79900e+003 -5.88116e+001  3.90000e-002  8.00000e+002
          8800  7.86608e+002  8.80000e+003 -5.88140e+001  3.90000e-002  8.00000e+002
          8801  7.86612e+002  8.80100e+003 -5.88147e+001  3.90000e-002  8.00000e+002
          8802  7.86608e+002  8.80200e+003 -5.88143e+001  3.90000e-002  8.00000e+002
          8803  7.86607e+002  8.80300e+003 -5.88149e+001  3.90000e-002  8.00000e+002
          8804  7.86611e+002  8.80400e+003 -5.88135e+001  3.90000e-002  8.00000e+002
          8805  7.86606e+002  8.80500e+003 -5.88129e+001  3.90000e-002  8.00000e+002
          8806  7.86606e+002  8.80600e+003 -5.88121e+001  3.90000e-002  8.00000e+002
          8807  7.86601e+002  8.80700e+003 -5.88119e+001  3.90000e-002  8.00000e+002
          8808  7.86616e+002  8.80800e+003 -5.88116e+001  3.90000e-002  8.00000e+002
          8809  7.86610e+002  8.80900e+003 -5.88132e+001  3.90000e-002  8.00000e+002
          8810  7.86614e+002  8.81000e+003 -5.88144e+001  3.90000e-002  8.00000e+002
          8811  7.86613e+002  8.81100e+003 -5.88162e+001  3.90000e-002  8.00000e+002
          8812  7.86612e+002  8.81200e+003 -5.88233e+001  3.90000e-002  8.00000e+002
          8813  7.86607e+002  8.81300e+003 -5.88273e+001  3.90000e-002  8.00000e+002
          8814  7.86611e+002  8.81400e+003 -5.88326e+001  3.90000e-002  8.00000e+002
          8815  7.86617e+002  8.81500e+003 -5.88390e+001  3.90000e-002  8.00000e+002
          8816  7.86615e+002  8.81600e+003 -5.88487e+001  3.90000e-002  8.00000e+002
          8817  7.86611e+002  8.81700e+003 -5.88545e+001  3.90000e-002  8.00000e+002
          8818  7.86606e+002  8.81800e+003 -5.88598e+001  3.90000e-002  8.00000e+002
          8819  7.86614e+002  8.81900e+003 -5.88652e+001  3.90000e-002  8.00000e+002
          8820  7.86608e+002  8.82000e+003 -5.88740e+001  3.90000e-002  8.00000e+002
          8821  7.86614e+002  8.82100e+003 -5.88804e+001  3.90000e-002  8.00000e+002
          8822  7.86609e+002  8.82200e+003 -5.88850e+001  3.90000e-002  8.00000e+002
          8823  7.86612e+002  8.82300e+003 -5.88911e+001  3.90000e-002  8.00000e+002
          8824  7.86607e+002  8.82400e+003 -5.88980e+001  3.90000e-002  8.00000e+002
          8825  7.86615e+002  8.82500e+003 -5.89026e+001  3.90000e-002  8.00000e+002
          8826  7.86609e+002  8.82600e+003 -5.89063e+001  3.90000e-002  8.00000e+002
          8827  7.86614e+002  8.82700e+003 -5.89110e+001  3.90000e-002  8.00000e+002
          8828  7.86610e+002  8.82800e+003 -5.89086e+001  3.90000e-002  8.00000e+002
          8829  7.86606e+002  8.82900e+003 -5.89085e+001  3.90000e-002  8.00000e+002
          8830  7.86612e+002  8.83000e+003 -5.89080e+001  3.90000e-002  8.00000e+002
          8831  7.86617e+002  8.83100e+003 -5.89074e+001  3.90000e-002  8.00000e+002
          8832  7.86609e+002  8.83200e+003 -5.89068e+001  3.90000e-002  8.00000e+002
          8833  7.86616e+002  8.83300e+003 -5.89071e+001  3.90000e-002  8.00000e+002
          8834  7.86609e+002  8.83400e+003 -5.89078e+001  3.90000e-002  8.00000e+002
          8835  7.86613e+002  8.83500e+003 -5.89083e+001  3.90000e-002  8.00000e+002
          8836  7.86612e+002  8.83600e+003 -5.89055e+001  3.90000e-002  8.00000e+002
          8837  7.86609e+002  8.83700e+003 -5.89052e+001  3.90000e-002  8.00000e+002
          8838  7.86614e+002  8.83800e+003 -5.89054e+001  3.90000e-002  8.00000e+002
          8839  7.86618e+002  8.83900e+003 -5.89056e+001  3.90000e-002  8.00000e+002
          8840  7.86614e+002  8.84000e+003 -5.89073e+001  3.90000e-002  8.00000e+002
          8841  7.86621e+002  8.84100e+003 -5.89079e+001  3.90000e-002  8.00000e+002
          8842  7.86613e+002  8.84200e+003 -5.89087e+001  3.90000e-002  8.00000e+002
          8843  7.86615e+002  8.84300e+003 -5.89085e+001  3.90000e-002  8.00000e+002
          8844  7.86618e+002  8.84400e+003 -5.89124e+001  3.90000e-002  8.00000e+002
          8845  7.86619e+002  8.84500e+003 -5.89163e+001  3.90000e-002  8.00000e+002
          8846  7.86624e+002  8.84600e+003 -5.89191e+001  3.90000e-002  8.00000e+002
          8847  7.86618e+002  8.84700e+003 -5.89212e+001  3.90000e-002  8.00000e+002
          8848  7.86618e+002  8.84800e+003 -5.89231e+001  3.90000e-002  8.00000e+002
          8849  7.86618e+002  8.84900e+003 -5.89259e+001  3.90000e-002  8.00000e+002
          8850  7.86617e+002  8.85000e+003 -5.89285e+001  3.90000e-002  8.00000e+002
          8851  7.86619e+002  8.85100e+003 -5.89321e+001  3.90000e-002  8.00000e+002
          8852  7.86618e+002  8.85200e+003 -5.89372e+001  3.90000e-002  8.00000e+002
          8853  7.86620e+002  8.85300e+003 -5.89390e+001  3.90000e-002  8.00000e+002
          8854  7.86618e+002  8.85400e+003 -5.89401e+001  3.90000e-002  8.00000e+002
          8855  7.86622e+002  8.85500e+003 -5.89425e+001  3.90000e-002  8.00000e+002
          8856  7.86623e+002  8.85600e+003 -5.89409e+001  3.90000e-002  8.00000e+002
          8857  7.86623e+002  8.85700e+003 -5.89419e+001  3.90000e-002  8.00000e+002
          8858  7.86618e+002  8.85800e+003 -5.89443e+001  3.90000e-002  8.00000e+002
          8859  7.86619e+002  8.85900e+003 -5.89459e+001  3.90000e-002  8.00000e+002
          8860  7.86623e+002  8.86000e+003 -5.89475e+001  3.90000e-002  8.00000e+002
          8861  7.86629e+002  8.86100e+003 -5.89512e+001  3.90000e-002  8.00000e+002
          8862  7.86628e+002  8.86200e+003 -5.89541e+001  3.90000e-002  8.00000e+002
          8863  7.86619e+002  8.86300e+003 -5.89582e+001  3.90000e-002  8.00000e+002
          8864  7.86623e+002  8.86400e+003 -5.89628e+001  3.90000e-002  8.00000e+002
          8865  7.86628e+002  8.86500e+003 -5.89670e+001  3.90000e-002  8.00000e+002
          8866  7.86622e+002  8.86600e+003 -5.89711e+001  3.90000e-002  8.00000e+002
          8867  7.86619e+002  8.86700e+003 -5.89754e+001  3.90000e-002  8.00000e+002
          8868  7.86624e+002  8.86800e+003 -5.89835e+001  3.90000e-002  8.00000e+002
          8869  7.86618e+002  8.86900e+003 -5.89884e+001  3.90000e-002  8.00000e+002
          8870  7.86620e+002  8.87000e+003 -5.89914e+001  3.90000e-002  8.00000e+002
          8871  7.86615e+002  8.87100e+003 -5.89945e+001  3.90000e-002  8.00000e+002
          8872  7.86620e+002  8.87200e+003 -5.89993e+001  3.90000e-002  8.00000e+002
          8873  7.86621e+002  8.87300e+003 -5.90023e+001  3.90000e-002  8.00000e+002
          8874  7.86625e+002  8.87400e+003 -5.90049e+001  3.90000e-002  8.00000e+002
          8875  7.86618e+002  8.87500e+003 -5.90072e+001  3.90000e-002  8.00000e+002
          8876  7.86620e+002  8.87600e+003 -5.90051e+001  3.90000e-002  8.00000e+002
          8877  7.86628e+002  8.87700e+003 -5.90061e+001  3.90000e-002  8.00000e+002
          8878  7.86623e+002  8.87800e+003 -5.90071e+001  3.90000e-002  8.00000e+002
          8879  7.86625e+002  8.87900e+003 -5.90077e+001  3.90000e-002  8.00000e+002
          8880  7.86627e+002  8.88000e+003 -5.90047e+001  3.90000e-002  8.00000e+002
          8881  7.86628e+002  8.88100e+003 -5.90029e+001  3.90000e-002  8.00000e+002
          8882  7.86628e+002  8.88200e+003 -5.90024e+001  3.90000e-002  8.00000e+002
          8883  7.86631e+002  8.88300e+003 -5.90025e+001  3.90000e-002  8.00000e+002
          8884  7.86631e+002  8.88400e+003 -5.90014e+001  3.90000e-002  8.00000e+002
          8885  7.86623e+002  8.88500e+003 -5.89997e+001  3.90000e-002  8.00000e+002
          8886  7.86619e+002  8.88600e+003 -5.89976e+001  3.90000e-002  8.00000e+002
          8887  7.86622e+002  8.88700e+003 -5.89960e+001  3.90000e-002  8.00000e+002
          8888  7.86619e+002  8.88800e+003 -5.89937e+001  3.90000e-002  8.00000e+002
          8889  7.86613e+002  8.88900e+003 -5.89922e+001  3.90000e-002  8.00000e+002
          8890  7.86622e+002  8.89000e+003 -5.89909e+001  3.90000e-002  8.00000e+002
          8891  7.86621e+002  8.89100e+003 -5.89904e+001  3.90000e-002  8.00000e+002
          8892  7.86616e+002  8.89200e+003 -5.89902e+001  3.90000e-002  8.00000e+002
          8893  7.86620e+002  8.89300e+003 -5.89896e+001  3.90000e-002  8.00000e+002
          8894  7.86623e+002  8.89400e+003 -5.89888e+001  3.90000e-002  8.00000e+002
          8895  7.86630e+002  8.89500e+003 -5.89886e+001  3.90000e-002  8.00000e+002
          8896  7.86616e+002  8.89600e+003 -5.89887e+001  3.90000e-002  8.00000e+002
          8897  7.86626e+002  8.89700e+003 -5.89896e+001  3.90000e-002  8.00000e+002
          8898  7.86622e+002  8.89800e+003 -5.89882e+001  3.90000e-002  8.00000e+002
          8899  7.86624e+002  8.89900e+003 -5.89869e+001  3.90000e-002  8.00000e+002
          8900  7.86626e+002  8.90000e+003 -5.89903e+001  3.90000e-002  8.00000e+002
          8901  7.86629e+002  8.90100e+003 -5.89929e+001  3.90000e-002  8.00000e+002
          8902  7.86626e+002  8.90200e+003 -5.89957e+001  3.90000e-002  8.00000e+002
          8903  7.86622e+002  8.90300e+003 -5.89972e+001  3.90000e-002  8.00000e+002
          8904  7.86622e+002  8.90400e+003 -5.89960e+001  3.90000e-002  8.00000e+002
          8905  7.86625e+002  8.90500e+003 -5.89958e+001  3.90000e-002  8.00000e+002
          8906  7.86629e+002  8.90600e+003 -5.89957e+001  3.90000e-002  8.00000e+002
          8907  7.86626e+002  8.90700e+003 -5.89960e+001  3.90000e-002  8.00000e+002
          8908  7.86619e+002  8.90800e+003 -5.89963e+001  3.90000e-002  8.00000e+002
          8909  7.86617e+002  8.90900e+003 -5.89959e+001  3.90000e-002  8.00000e+002
          8910  7.86633e+002  8.91000e+003 -5.89950e+001  3.90000e-002  8.00000e+002
          8911  7.86622e+002  8.91100e+003 -5.89951e+001  3.90000e-002  8.00000e+002
          8912  7.86621e+002  8.91200e+003 -5.89914e+001  3.90000e-002  8.00000e+002
          8913  7.86629e+002  8.91300e+003 -5.89896e+001  3.90000e-002  8.00000e+002
          8914  7.86633e+002  8.91400e+003 -5.89892e+001  3.90000e-002  8.00000e+002
          8915  7.86629e+002  8.91500e+003 -5.89900e+001  3.90000e-002  8.00000e+002
          8916  7.86626e+002  8.91600e+003 -5.89923e+001  3.90000e-002  8.00000e+002
          8917  7.86621e+002  8.91700e+003 -5.89927e+001  3.90000e-002  8.00000e+002
          8918  7.86622e+002  8.91800e+003 -5.89927e+001  3.90000e-002  8.00000e+002
          8919  7.86630e+002  8.91900e+003 -5.89914e+001  3.90000e-002  8.00000e+002
          8920  7.86626e+002  8.92000e+003 -5.89934e+001  3.90000e-002  8.00000e+002
          8921  7.86626e+002  8.92100e+003 -5.89951e+001  3.90000e-002  8.00000e+002
          8922  7.86625e+002  8.92200e+003 -5.89961e+001  3.90000e-002  8.00000e+002
          8923  7.86620e+002  8.92300e+003 -5.89970e+001  3.90000e-002  8.00000e+002
          8924  7.86626e+002  8.92400e+003 -5.89992e+001  3.90000e-002  8.00000e+002
          8925  7.86628e+002  8.92500e+003 -5.89991e+001  3.90000e-002  8.00000e+002
          8926  7.86630e+002  8.92600e+003 -5.89977e+001  3.90000e-002  8.00000e+002
          8927  7.86633e+002  8.92700e+003 -5.89977e+001  3.90000e-002  8.00000e+002
          8928  7.86621e+002  8.92800e+003 -5.89965e+001  3.90000e-002  8.00000e+002
          8929  7.86624e+002  8.92900e+003 -5.89972e+001  3.90000e-002  8.00000e+002
          8930  7.86625e+002  8.93000e+003 -5.89979e+001  3.90000e-002  8.00000e+002
          8931  7.86629e+002  8.93100e+003 -5.90000e+001  3.90000e-002  8.00000e+002
          8932  7.86620e+002  8.93200e+003 -5.90007e+001  3.90000e-002  8.00000e+002
          8933  7.86625e+002  8.93300e+003 -5.90009e+001  3.90000e-002  8.00000e+002
          8934  7.86623e+002  8.93400e+003 -5.90006e+001  3.90000e-002  8.00000e+002
          8935  7.86615e+002  8.93500e+003 -5.89994e+001  3.90000e-002  8.00000e+002
          8936  7.86618e+002  8.93600e+003 -5.89998e+001  3.90000e-002  8.00000e+002
          8937  7.86619e+002  8.93700e+003 -5.89976e+001  3.90000e-002  8.00000e+002
          8938  7.86628e+002  8.93800e+003 -5.89963e+001  3.90000e-002  8.00000e+002
          8939  7.86623e+002  8.93900e+003 -5.89951e+001  3.90000e-002  8.00000e+002
          8940  7.86620e+002  8.94000e+003 -5.89922e+001  3.90000e-002  8.00000e+002
          8941  7.86621e+002  8.94100e+003 -5.89903e+001  3.90000e-002  8.00000e+002
          8942  7.86619e+002  8.94200e+003 -5.89874e+001  3.90000e-002  8.00000e+002
          8943  7.86615e+002  8.94300e+003 -5.89821e+001  3.90000e-002  8.00000e+002
          8944  7.86626e+002  8.94400e+003 -5.89728e+001  3.90000e-002  8.00000e+002
          8945  7.86630e+002  8.94500e+003 -5.89693e+001  3.90000e-002  8.00000e+002
          8946  7.86626e+002  8.94600e+003 -5.89657e+001  3.90000e-002  8.00000e+002
          8947  7.86618e+002  8.94700e+003 -5.89619e+001  3.90000e-002  8.00000e+002
          8948  7.86621e+002  8.94800e+003 -5.89580e+001  3.90000e-002  8.00000e+002
          8949  7.86624e+002  8.94900e+003 -5.89543e+001  3.90000e-002  8.00000e+002
          8950  7.86628e+002  8.95000e+003 -5.89514e+001  3.90000e-002  8.00000e+002
          8951  7.86629e+002  8.95100e+003 -5.89494e+001  3.90000e-002  8.00000e+002
          8952  7.86634e+002  8.95200e+003 -5.89461e+001  3.90000e-002  8.00000e+002
          8953  7.86630e+002  8.95300e+003 -5.89441e+001  3.90000e-002  8.00000e+002
          8954  7.86626e+002  8.95400e+003 -5.89427e+001  3.90000e-002  8.00000e+002
          8955  7.86628e+002  8.95500e+003 -5.89417e+001  3.90000e-002  8.00000e+002
          8956  7.86629e+002  8.95600e+003 -5.89452e+001  3.90000e-002  8.00000e+002
          8957  7.86628e+002  8.95700e+003 -5.89452e+001  3.90000e-002  8.00000e+002
          8958  7.86629e+002  8.95800e+003 -5.89453e+001  3.90000e-002  8.00000e+002
          8959  7.86624e+002  8.95900e+003 -5.89444e+001  3.90000e-002  8.00000e+002
          8960  7.86623e+002  8.96000e+003 -5.89493e+001  3.90000e-002  8.00000e+002
          8961  7.86627e+002  8.96100e+003 -5.89509e+001  3.90000e-002  8.00000e+002
          8962  7.86622e+002  8.96200e+003 -5.89518e+001  3.90000e-002  8.00000e+002
          8963  7.86629e+002  8.96300e+003 -5.89528e+001  3.90000e-002  8.00000e+002
          8964  7.86627e+002  8.96400e+003 -5.89533e+001  3.90000e-002  8.00000e+002
          8965  7.86631e+002  8.96500e+003 -5.89539e+001  3.90000e-002  8.00000e+002
          8966  7.86627e+002  8.96600e+003 -5.89543e+001  3.90000e-002  8.00000e+002
          8967  7.86625e+002  8.96700e+003 -5.89558e+001  3.90000e-002  8.00000e+002
          8968  7.86625e+002  8.96800e+003 -5.89573e+001  3.90000e-002  8.00000e+002
          8969  7.86628e+002  8.96900e+003 -5.89589e+001  3.90000e-002  8.00000e+002
          8970  7.86628e+002  8.97000e+003 -5.89601e+001  3.90000e-002  8.00000e+002
          8971  7.86625e+002  8.97100e+003 -5.89614e+001  3.90000e-002  8.00000e+002
          8972  7.86629e+002  8.97200e+003 -5.89654e+001  3.90000e-002  8.00000e+002
          8973  7.86629e+002  8.97300e+003 -5.89674e+001  3.90000e-002  8.00000e+002
          8974  7.86628e+002  8.97400e+003 -5.89690e+001  3.90000e-002  8.00000e+002
          8975  7.86633e+002  8.97500e+003 -5.89700e+001  3.90000e-002  8.00000e+002
          8976  7.86627e+002  8.97600e+003 -5.89707e+001  3.90000e-002  8.00000e+002
          8977  7.86627e+002  8.97700e+003 -5.89701e+001  3.90000e-002  8.00000e+002
          8978  7.86629e+002  8.97800e+003 -5.89694e+001  3.90000e-002  8.00000e+002
          8979  7.86634e+002  8.97900e+003 -5.89683e+001  3.90000e-002  8.00000e+002
          8980  7.86633e+002  8.98000e+003 -5.89638e+001  3.90000e-002  8.00000e+002
          8981  7.86621e+002  8.98100e+003 -5.89605e+001  3.90000e-002  8.00000e+002
          8982  7.86623e+002  8.98200e+003 -5.89572e+001  3.90000e-002  8.00000e+002
          8983  7.86629e+002  8.98300e+003 -5.89535e+001  3.90000e-002  8.00000e+002
          8984  7.86628e+002  8.98400e+003 -5.89439e+001  3.90000e-002  8.00000e+002
          8985  7.86630e+002  8.98500e+003 -5.89392e+001  3.90000e-002  8.00000e+002
          8986  7.86631e+002  8.98600e+003 -5.89342e+001  3.90000e-002  8.00000e+002
          8987  7.86636e+002  8.98700e+003 -5.89283e+001  3.90000e-002  8.00000e+002
          8988  7.86637e+002  8.98800e+003 -5.89206e+001  3.90000e-002  8.00000e+002
          8989  7.86631e+002  8.98900e+003 -5.89141e+001  3.90000e-002  8.00000e+002
          8990  7.86637e+002  8.99000e+003 -5.89079e+001  3.90000e-002  8.00000e+002
          8991  7.86635e+002  8.99100e+003 -5.89032e+001  3.90000e-002  8.00000e+002
          8992  7.86633e+002  8.99200e+003 -5.89040e+001  3.90000e-002  8.00000e+002
          8993  7.86639e+002  8.99300e+003 -5.89031e+001  3.90000e-002  8.00000e+002
          8994  7.86635e+002  8.99400e+003 -5.89030e+001  3.90000e-002  8.00000e+002
          8995  7.86635e+002  8.99500e+003 -5.89037e+001  3.90000e-002  8.00000e+002
          8996  7.86635e+002  8.99600e+003 -5.89049e+001  3.90000e-002  8.00000e+002
          8997  7.86637e+002  8.99700e+003 -5.89041e+001  3.90000e-002  8.00000e+002
          8998  7.86630e+002  8.99800e+003 -5.89043e+001  3.90000e-002  8.00000e+002
          8999  7.86632e+002  8.99900e+003 -5.89051e+001  3.90000e-002  8.00000e+002
          9000  7.86636e+002  9.00000e+003 -5.89149e+001  3.90000e-002  8.00000e+002
          9001  7.86632e+002  9.00100e+003 -5.89190e+001  3.90000e-002  8.00000e+002
          9002  7.86632e+002  9.00200e+003 -5.89226e+001  3.90000e-002  8.00000e+002
          9003  7.86625e+002  9.00300e+003 -5.89260e+001  3.90000e-002  8.00000e+002
          9004  7.86628e+002  9.00400e+003 -5.89281e+001  3.90000e-002  8.00000e+002
          9005  7.86644e+002  9.00500e+003 -5.89321e+001  3.90000e-002  8.00000e+002
          9006  7.86638e+002  9.00600e+003 -5.89370e+001  3.90000e-002  8.00000e+002
          9007  7.86628e+002  9.00700e+003 -5.89419e+001  3.90000e-002  8.00000e+002
          9008  7.86635e+002  9.00800e+003 -5.89472e+001  3.90000e-002  8.00000e+002
          9009  7.86635e+002  9.00900e+003 -5.89527e+001  3.90000e-002  8.00000e+002
          9010  7.86626e+002  9.01000e+003 -5.89573e+001  3.90000e-002  8.00000e+002
          9011  7.86632e+002  9.01100e+003 -5.89627e+001  3.90000e-002  8.00000e+002
          9012  7.86634e+002  9.01200e+003 -5.89667e+001  3.90000e-002  8.00000e+002
          9013  7.86633e+002  9.01300e+003 -5.89693e+001  3.90000e-002  8.00000e+002
          9014  7.86634e+002  9.01400e+003 -5.89720e+001  3.90000e-002  8.00000e+002
          9015  7.86632e+002  9.01500e+003 -5.89741e+001  3.90000e-002  8.00000e+002
          9016  7.86630e+002  9.01600e+003 -5.89763e+001  3.90000e-002  8.00000e+002
          9017  7.86636e+002  9.01700e+003 -5.89799e+001  3.90000e-002  8.00000e+002
          9018  7.86633e+002  9.01800e+003 -5.89823e+001  3.90000e-002  8.00000e+002
          9019  7.86635e+002  9.01900e+003 -5.89833e+001  3.90000e-002  8.00000e+002
          9020  7.86635e+002  9.02000e+003 -5.89834e+001  3.90000e-002  8.00000e+002
          9021  7.86634e+002  9.02100e+003 -5.89831e+001  3.90000e-002  8.00000e+002
          9022  7.86625e+002  9.02200e+003 -5.89825e+001  3.90000e-002  8.00000e+002
          9023  7.86628e+002  9.02300e+003 -5.89818e+001  3.90000e-002  8.00000e+002
          9024  7.86624e+002  9.02400e+003 -5.89824e+001  3.90000e-002  8.00000e+002
          9025  7.86632e+002  9.02500e+003 -5.89816e+001  3.90000e-002  8.00000e+002
          9026  7.86628e+002  9.02600e+003 -5.89799e+001  3.90000e-002  8.00000e+002
          9027  7.86631e+002  9.02700e+003 -5.89787e+001  3.90000e-002  8.00000e+002
          9028  7.86634e+002  9.02800e+003 -5.89740e+001  3.90000e-002  8.00000e+002
          9029  7.86637e+002  9.02900e+003 -5.89718e+001  3.90000e-002  8.00000e+002
          9030  7.86632e+002  9.03000e+003 -5.89715e+001  3.90000e-002  8.00000e+002
          9031  7.86636e+002  9.03100e+003 -5.89712e+001  3.90000e-002  8.00000e+002
          9032  7.86637e+002  9.03200e+003 -5.89706e+001  3.90000e-002  8.00000e+002
          9033  7.86629e+002  9.03300e+003 -5.89701e+001  3.90000e-002  8.00000e+002
          9034  7.86637e+002  9.03400e+003 -5.89691e+001  3.90000e-002  8.00000e+002
          9035  7.86637e+002  9.03500e+003 -5.89672e+001  3.90000e-002  8.00000e+002
          9036  7.86634e+002  9.03600e+003 -5.89660e+001  3.90000e-002  8.00000e+002
          9037  7.86638e+002  9.03700e+003 -5.89642e+001  3.90000e-002  8.00000e+002
          9038  7.86636e+002  9.03800e+003 -5.89625e+001  3.90000e-002  8.00000e+002
          9039  7.86629e+002  9.03900e+003 -5.89601e+001  3.90000e-002  8.00000e+002
          9040  7.86638e+002  9.04000e+003 -5.89574e+001  3.90000e-002  8.00000e+002
          9041  7.86632e+002  9.04100e+003 -5.89554e+001  3.90000e-002  8.00000e+002
          9042  7.86634e+002  9.04200e+003 -5.89534e+001  3.90000e-002  8.00000e+002
          9043  7.86646e+002  9.04300e+003 -5.89516e+001  3.90000e-002  8.00000e+002
          9044  7.86635e+002  9.04400e+003 -5.89469e+001  3.90000e-002  8.00000e+002
          9045  7.86633e+002  9.04500e+003 -5.89448e+001  3.90000e-002  8.00000e+002
          9046  7.86641e+002  9.04600e+003 -5.89431e+001  3.90000e-002  8.00000e+002
          9047  7.86640e+002  9.04700e+003 -5.89421e+001  3.90000e-002  8.00000e+002
          9048  7.86642e+002  9.04800e+003 -5.89440e+001  3.90000e-002  8.00000e+002
          9049  7.86645e+002  9.04900e+003 -5.89465e+001  3.90000e-002  8.00000e+002
          9050  7.86637e+002  9.05000e+003 -5.89480e+001  3.90000e-002  8.00000e+002
          9051  7.86650e+002  9.05100e+003 -5.89487e+001  3.90000e-002  8.00000e+002
          9052  7.86643e+002  9.05200e+003 -5.89504e+001  3.90000e-002  8.00000e+002
          9053  7.86643e+002  9.05300e+003 -5.89517e+001  3.90000e-002  8.00000e+002
          9054  7.86644e+002  9.05400e+003 -5.89532e+001  3.90000e-002  8.00000e+002
          9055  7.86646e+002  9.05500e+003 -5.89543e+001  3.90000e-002  8.00000e+002
          9056  7.86645e+002  9.05600e+003 -5.89586e+001  3.90000e-002  8.00000e+002
          9057  7.86641e+002  9.05700e+003 -5.89609e+001  3.90000e-002  8.00000e+002
          9058  7.86638e+002  9.05800e+003 -5.89622e+001  3.90000e-002  8.00000e+002
          9059  7.86650e+002  9.05900e+003 -5.89622e+001  3.90000e-002  8.00000e+002
          9060  7.86651e+002  9.06000e+003 -5.89589e+001  3.90000e-002  8.00000e+002
          9061  7.86637e+002  9.06100e+003 -5.89581e+001  3.90000e-002  8.00000e+002
          9062  7.86641e+002  9.06200e+003 -5.89584e+001  3.90000e-002  8.00000e+002
          9063  7.86633e+002  9.06300e+003 -5.89570e+001  3.90000e-002  8.00000e+002
          9064  7.86644e+002  9.06400e+003 -5.89555e+001  3.90000e-002  8.00000e+002
          9065  7.86640e+002  9.06500e+003 -5.89552e+001  3.90000e-002  8.00000e+002
          9066  7.86640e+002  9.06600e+003 -5.89542e+001  3.90000e-002  8.00000e+002
          9067  7.86638e+002  9.06700e+003 -5.89531e+001  3.90000e-002  8.00000e+002
          9068  7.86642e+002  9.06800e+003 -5.89499e+001  3.90000e-002  8.00000e+002
          9069  7.86643e+002  9.06900e+003 -5.89496e+001  3.90000e-002  8.00000e+002
          9070  7.86641e+002  9.07000e+003 -5.89485e+001  3.90000e-002  8.00000e+002
          9071  7.86641e+002  9.07100e+003 -5.89470e+001  3.90000e-002  8.00000e+002
          9072  7.86653e+002  9.07200e+003 -5.89441e+001  3.90000e-002  8.00000e+002
          9073  7.86640e+002  9.07300e+003 -5.89429e+001  3.90000e-002  8.00000e+002
          9074  7.86636e+002  9.07400e+003 -5.89411e+001  3.90000e-002  8.00000e+002
          9075  7.86642e+002  9.07500e+003 -5.89389e+001  3.90000e-002  8.00000e+002
          9076  7.86644e+002  9.07600e+003 -5.89373e+001  3.90000e-002  8.00000e+002
          9077  7.86641e+002  9.07700e+003 -5.89355e+001  3.90000e-002  8.00000e+002
          9078  7.86643e+002  9.07800e+003 -5.89348e+001  3.90000e-002  8.00000e+002
          9079  7.86646e+002  9.07900e+003 -5.89342e+001  3.90000e-002  8.00000e+002
          9080  7.86637e+002  9.08000e+003 -5.89304e+001  3.90000e-002  8.00000e+002
          9081  7.86647e+002  9.08100e+003 -5.89279e+001  3.90000e-002  8.00000e+002
          9082  7.86640e+002  9.08200e+003 -5.89274e+001  3.90000e-002  8.00000e+002
          9083  7.86634e+002  9.08300e+003 -5.89273e+001  3.90000e-002  8.00000e+002
          9084  7.86646e+002  9.08400e+003 -5.89267e+001  3.90000e-002  8.00000e+002
          9085  7.86648e+002  9.08500e+003 -5.89238e+001  3.90000e-002  8.00000e+002
          9086  7.86641e+002  9.08600e+003 -5.89199e+001  3.90000e-002  8.00000e+002
          9087  7.86638e+002  9.08700e+003 -5.89171e+001  3.90000e-002  8.00000e+002
          9088  7.86642e+002  9.08800e+003 -5.89166e+001  3.90000e-002  8.00000e+002
          9089  7.86648e+002  9.08900e+003 -5.89152e+001  3.90000e-002  8.00000e+002
          9090  7.86635e+002  9.09000e+003 -5.89135e+001  3.90000e-002  8.00000e+002
          9091  7.86638e+002  9.09100e+003 -5.89131e+001  3.90000e-002  8.00000e+002
          9092  7.86644e+002  9.09200e+003 -5.89140e+001  3.90000e-002  8.00000e+002
          9093  7.86641e+002  9.09300e+003 -5.89153e+001  3.90000e-002  8.00000e+002
          9094  7.86645e+002  9.09400e+003 -5.89160e+001  3.90000e-002  8.00000e+002
          9095  7.86647e+002  9.09500e+003 -5.89154e+001  3.90000e-002  8.00000e+002
          9096  7.86648e+002  9.09600e+003 -5.89158e+001  3.90000e-002  8.00000e+002
          9097  7.86646e+002  9.09700e+003 -5.89152e+001  3.90000e-002  8.00000e+002
          9098  7.86646e+002  9.09800e+003 -5.89147e+001  3.90000e-002  8.00000e+002
          9099  7.86641e+002  9.09900e+003 -5.89147e+001  3.90000e-002  8.00000e+002
          9100  7.86642e+002  9.10000e+003 -5.89182e+001  3.90000e-002  8.00000e+002
          9101  7.86642e+002  9.10100e+003 -5.89195e+001  3.90000e-002  8.00000e+002
          9102  7.86648e+002  9.10200e+003 -5.89192e+001  3.90000e-002  8.00000e+002
          9103  7.86644e+002  9.10300e+003 -5.89181e+001  3.90000e-002  8.00000e+002
          9104  7.86651e+002  9.10400e+003 -5.89132e+001  3.90000e-002  8.00000e+002
          9105  7.86646e+002  9.10500e+003 -5.89130e+001  3.90000e-002  8.00000e+002
          9106  7.86648e+002  9.10600e+003 -5.89130e+001  3.90000e-002  8.00000e+002
          9107  7.86649e+002  9.10700e+003 -5.89132e+001  3.90000e-002  8.00000e+002
          9108  7.86644e+002  9.10800e+003 -5.89168e+001  3.90000e-002  8.00000e+002
          9109  7.86645e+002  9.10900e+003 -5.89182e+001  3.90000e-002  8.00000e+002
          9110  7.86640e+002  9.11000e+003 -5.89173e+001  3.90000e-002  8.00000e+002
          9111  7.86638e+002  9.11100e+003 -5.89149e+001  3.90000e-002  8.00000e+002
          9112  7.86643e+002  9.11200e+003 -5.89137e+001  3.90000e-002  8.00000e+002
          9113  7.86640e+002  9.11300e+003 -5.89137e+001  3.90000e-002  8.00000e+002
          9114  7.86646e+002  9.11400e+003 -5.89138e+001  3.90000e-002  8.00000e+002
          9115  7.86645e+002  9.11500e+003 -5.89133e+001  3.90000e-002  8.00000e+002
          9116  7.86644e+002  9.11600e+003 -5.89097e+001  3.90000e-002  8.00000e+002
          9117  7.86643e+002  9.11700e+003 -5.89079e+001  3.90000e-002  8.00000e+002
          9118  7.86647e+002  9.11800e+003 -5.89069e+001  3.90000e-002  8.00000e+002
          9119  7.86646e+002  9.11900e+003 -5.89069e+001  3.90000e-002  8.00000e+002
          9120  7.86644e+002  9.12000e+003 -5.89009e+001  3.90000e-002  8.00000e+002
          9121  7.86646e+002  9.12100e+003 -5.88967e+001  3.90000e-002  8.00000e+002
          9122  7.86639e+002  9.12200e+003 -5.88946e+001  3.90000e-002  8.00000e+002
          9123  7.86652e+002  9.12300e+003 -5.88933e+001  3.90000e-002  8.00000e+002
          9124  7.86649e+002  9.12400e+003 -5.88910e+001  3.90000e-002  8.00000e+002
          9125  7.86651e+002  9.12500e+003 -5.88887e+001  3.90000e-002  8.00000e+002
          9126  7.86652e+002  9.12600e+003 -5.88851e+001  3.90000e-002  8.00000e+002
          9127  7.86643e+002  9.12700e+003 -5.88809e+001  3.90000e-002  8.00000e+002
          9128  7.86635e+002  9.12800e+003 -5.88788e+001  3.90000e-002  8.00000e+002
          9129  7.86645e+002  9.12900e+003 -5.88775e+001  3.90000e-002  8.00000e+002
          9130  7.86651e+002  9.13000e+003 -5.88751e+001  3.90000e-002  8.00000e+002
          9131  7.86646e+002  9.13100e+003 -5.88733e+001  3.90000e-002  8.00000e+002
          9132  7.86645e+002  9.13200e+003 -5.88715e+001  3.90000e-002  8.00000e+002
          9133  7.86652e+002  9.13300e+003 -5.88706e+001  3.90000e-002  8.00000e+002
          9134  7.86652e+002  9.13400e+003 -5.88696e+001  3.90000e-002  8.00000e+002
          9135  7.86646e+002  9.13500e+003 -5.88683e+001  3.90000e-002  8.00000e+002
          9136  7.86652e+002  9.13600e+003 -5.88667e+001  3.90000e-002  8.00000e+002
          9137  7.86647e+002  9.13700e+003 -5.88651e+001  3.90000e-002  8.00000e+002
          9138  7.86650e+002  9.13800e+003 -5.88642e+001  3.90000e-002  8.00000e+002
          9139  7.86652e+002  9.13900e+003 -5.88636e+001  3.90000e-002  8.00000e+002
          9140  7.86650e+002  9.14000e+003 -5.88642e+001  3.90000e-002  8.00000e+002
          9141  7.86653e+002  9.14100e+003 -5.88631e+001  3.90000e-002  8.00000e+002
          9142  7.86654e+002  9.14200e+003 -5.88614e+001  3.90000e-002  8.00000e+002
          9143  7.86651e+002  9.14300e+003 -5.88616e+001  3.90000e-002  8.00000e+002
          9144  7.86650e+002  9.14400e+003 -5.88610e+001  3.90000e-002  8.00000e+002
          9145  7.86654e+002  9.14500e+003 -5.88603e+001  3.90000e-002  8.00000e+002
          9146  7.86654e+002  9.14600e+003 -5.88584e+001  3.90000e-002  8.00000e+002
          9147  7.86651e+002  9.14700e+003 -5.88556e+001  3.90000e-002  8.00000e+002
          9148  7.86650e+002  9.14800e+003 -5.88545e+001  3.90000e-002  8.00000e+002
          9149  7.86648e+002  9.14900e+003 -5.88529e+001  3.90000e-002  8.00000e+002
          9150  7.86648e+002  9.15000e+003 -5.88504e+001  3.90000e-002  8.00000e+002
          9151  7.86651e+002  9.15100e+003 -5.88478e+001  3.90000e-002  8.00000e+002
          9152  7.86645e+002  9.15200e+003 -5.88471e+001  3.90000e-002  8.00000e+002
          9153  7.86656e+002  9.15300e+003 -5.88463e+001  3.90000e-002  8.00000e+002
          9154  7.86650e+002  9.15400e+003 -5.88455e+001  3.90000e-002  8.00000e+002
          9155  7.86653e+002  9.15500e+003 -5.88440e+001  3.90000e-002  8.00000e+002
          9156  7.86646e+002  9.15600e+003 -5.88412e+001  3.90000e-002  8.00000e+002
          9157  7.86645e+002  9.15700e+003 -5.88384e+001  3.90000e-002  8.00000e+002
          9158  7.86652e+002  9.15800e+003 -5.88363e+001  3.90000e-002  8.00000e+002
          9159  7.86652e+002  9.15900e+003 -5.88355e+001  3.90000e-002  8.00000e+002
          9160  7.86658e+002  9.16000e+003 -5.88363e+001  3.90000e-002  8.00000e+002
          9161  7.86648e+002  9.16100e+003 -5.88354e+001  3.90000e-002  8.00000e+002
          9162  7.86650e+002  9.16200e+003 -5.88339e+001  3.90000e-002  8.00000e+002
          9163  7.86652e+002  9.16300e+003 -5.88307e+001  3.90000e-002  8.00000e+002
          9164  7.86649e+002  9.16400e+003 -5.88301e+001  3.90000e-002  8.00000e+002
          9165  7.86653e+002  9.16500e+003 -5.88309e+001  3.90000e-002  8.00000e+002
          9166  7.86647e+002  9.16600e+003 -5.88322e+001  3.90000e-002  8.00000e+002
          9167  7.86652e+002  9.16700e+003 -5.88338e+001  3.90000e-002  8.00000e+002
          9168  7.86647e+002  9.16800e+003 -5.88353e+001  3.90000e-002  8.00000e+002
          9169  7.86652e+002  9.16900e+003 -5.88359e+001  3.90000e-002  8.00000e+002
          9170  7.86647e+002  9.17000e+003 -5.88356e+001  3.90000e-002  8.00000e+002
          9171  7.86650e+002  9.17100e+003 -5.88353e+001  3.90000e-002  8.00000e+002
          9172  7.86650e+002  9.17200e+003 -5.88349e+001  3.90000e-002  8.00000e+002
          9173  7.86649e+002  9.17300e+003 -5.88341e+001  3.90000e-002  8.00000e+002
          9174  7.86647e+002  9.17400e+003 -5.88340e+001  3.90000e-002  8.00000e+002
          9175  7.86648e+002  9.17500e+003 -5.88339e+001  3.90000e-002  8.00000e+002
          9176  7.86650e+002  9.17600e+003 -5.88336e+001  3.90000e-002  8.00000e+002
          9177  7.86646e+002  9.17700e+003 -5.88327e+001  3.90000e-002  8.00000e+002
          9178  7.86647e+002  9.17800e+003 -5.88317e+001  3.90000e-002  8.00000e+002
          9179  7.86652e+002  9.17900e+003 -5.88309e+001  3.90000e-002  8.00000e+002
          9180  7.86652e+002  9.18000e+003 -5.88271e+001  3.90000e-002  8.00000e+002
          9181  7.86647e+002  9.18100e+003 -5.88259e+001  3.90000e-002  8.00000e+002
          9182  7.86656e+002  9.18200e+003 -5.88251e+001  3.90000e-002  8.00000e+002
          9183  7.86658e+002  9.18300e+003 -5.88237e+001  3.90000e-002  8.00000e+002
          9184  7.86650e+002  9.18400e+003 -5.88215e+001  3.90000e-002  8.00000e+002
          9185  7.86652e+002  9.18500e+003 -5.88181e+001  3.90000e-002  8.00000e+002
          9186  7.86656e+002  9.18600e+003 -5.88150e+001  3.90000e-002  8.00000e+002
          9187  7.86648e+002  9.18700e+003 -5.88143e+001  3.90000e-002  8.00000e+002
          9188  7.86651e+002  9.18800e+003 -5.88145e+001  3.90000e-002  8.00000e+002
          9189  7.86656e+002  9.18900e+003 -5.88135e+001  3.90000e-002  8.00000e+002
          9190  7.86657e+002  9.19000e+003 -5.88135e+001  3.90000e-002  8.00000e+002
          9191  7.86658e+002  9.19100e+003 -5.88140e+001  3.90000e-002  8.00000e+002
          9192  7.86656e+002  9.19200e+003 -5.88107e+001  3.90000e-002  8.00000e+002
          9193  7.86656e+002  9.19300e+003 -5.88096e+001  3.90000e-002  8.00000e+002
          9194  7.86652e+002  9.19400e+003 -5.88092e+001  3.90000e-002  8.00000e+002
          9195  7.86658e+002  9.19500e+003 -5.88094e+001  3.90000e-002  8.00000e+002
          9196  7.86651e+002  9.19600e+003 -5.88164e+001  3.90000e-002  8.00000e+002
          9197  7.86656e+002  9.19700e+003 -5.88177e+001  3.90000e-002  8.00000e+002
          9198  7.86657e+002  9.19800e+003 -5.88169e+001  3.90000e-002  8.00000e+002
          9199  7.86653e+002  9.19900e+003 -5.88160e+001  3.90000e-002  8.00000e+002
          9200  7.86652e+002  9.20000e+003 -5.88131e+001  3.90000e-002  8.00000e+002
          9201  7.86658e+002  9.20100e+003 -5.88101e+001  3.90000e-002  8.00000e+002
          9202  7.86655e+002  9.20200e+003 -5.88086e+001  3.90000e-002  8.00000e+002
          9203  7.86652e+002  9.20300e+003 -5.88075e+001  3.90000e-002  8.00000e+002
          9204  7.86658e+002  9.20400e+003 -5.88050e+001  3.90000e-002  8.00000e+002
          9205  7.86652e+002  9.20500e+003 -5.88020e+001  3.90000e-002  8.00000e+002
          9206  7.86658e+002  9.20600e+003 -5.88011e+001  3.90000e-002  8.00000e+002
          9207  7.86661e+002  9.20700e+003 -5.88013e+001  3.90000e-002  8.00000e+002
          9208  7.86654e+002  9.20800e+003 -5.87971e+001  3.90000e-002  8.00000e+002
          9209  7.86655e+002  9.20900e+003 -5.87930e+001  3.90000e-002  8.00000e+002
          9210  7.86652e+002  9.21000e+003 -5.87901e+001  3.90000e-002  8.00000e+002
          9211  7.86653e+002  9.21100e+003 -5.87880e+001  3.90000e-002  8.00000e+002
          9212  7.86656e+002  9.21200e+003 -5.87845e+001  3.90000e-002  8.00000e+002
          9213  7.86664e+002  9.21300e+003 -5.87808e+001  3.90000e-002  8.00000e+002
          9214  7.86660e+002  9.21400e+003 -5.87793e+001  3.90000e-002  8.00000e+002
          9215  7.86657e+002  9.21500e+003 -5.87783e+001  3.90000e-002  8.00000e+002
          9216  7.86649e+002  9.21600e+003 -5.87770e+001  3.90000e-002  8.00000e+002
          9217  7.86655e+002  9.21700e+003 -5.87747e+001  3.90000e-002  8.00000e+002
          9218  7.86651e+002  9.21800e+003 -5.87730e+001  3.90000e-002  8.00000e+002
          9219  7.86659e+002  9.21900e+003 -5.87722e+001  3.90000e-002  8.00000e+002
          9220  7.86659e+002  9.22000e+003 -5.87677e+001  3.90000e-002  8.00000e+002
          9221  7.86650e+002  9.22100e+003 -5.87659e+001  3.90000e-002  8.00000e+002
          9222  7.86661e+002  9.22200e+003 -5.87647e+001  3.90000e-002  8.00000e+002
          9223  7.86653e+002  9.22300e+003 -5.87635e+001  3.90000e-002  8.00000e+002
          9224  7.86656e+002  9.22400e+003 -5.87669e+001  3.90000e-002  8.00000e+002
          9225  7.86657e+002  9.22500e+003 -5.87677e+001  3.90000e-002  8.00000e+002
          9226  7.86661e+002  9.22600e+003 -5.87666e+001  3.90000e-002  8.00000e+002
          9227  7.86658e+002  9.22700e+003 -5.87644e+001  3.90000e-002  8.00000e+002
          9228  7.86666e+002  9.22800e+003 -5.87629e+001  3.90000e-002  8.00000e+002
          9229  7.86654e+002  9.22900e+003 -5.87612e+001  3.90000e-002  8.00000e+002
          9230  7.86656e+002  9.23000e+003 -5.87601e+001  3.90000e-002  8.00000e+002
          9231  7.86657e+002  9.23100e+003 -5.87602e+001  3.90000e-002  8.00000e+002
          9232  7.86662e+002  9.23200e+003 -5.87625e+001  3.90000e-002  8.00000e+002
          9233  7.86656e+002  9.23300e+003 -5.87624e+001  3.90000e-002  8.00000e+002
          9234  7.86656e+002  9.23400e+003 -5.87630e+001  3.90000e-002  8.00000e+002
          9235  7.86656e+002  9.23500e+003 -5.87635e+001  3.90000e-002  8.00000e+002
          9236  7.86658e+002  9.23600e+003 -5.87612e+001  3.90000e-002  8.00000e+002
          9237  7.86656e+002  9.23700e+003 -5.87595e+001  3.90000e-002  8.00000e+002
          9238  7.86661e+002  9.23800e+003 -5.87569e+001  3.90000e-002  8.00000e+002
          9239  7.86661e+002  9.23900e+003 -5.87540e+001  3.90000e-002  8.00000e+002
          9240  7.86656e+002  9.24000e+003 -5.87577e+001  3.90000e-002  8.00000e+002
          9241  7.86658e+002  9.24100e+003 -5.87586e+001  3.90000e-002  8.00000e+002
          9242  7.86661e+002  9.24200e+003 -5.87591e+001  3.90000e-002  8.00000e+002
          9243  7.86663e+002  9.24300e+003 -5.87581e+001  3.90000e-002  8.00000e+002
          9244  7.86662e+002  9.24400e+003 -5.87509e+001  3.90000e-002  8.00000e+002
          9245  7.86664e+002  9.24500e+003 -5.87475e+001  3.90000e-002  8.00000e+002
          9246  7.86668e+002  9.24600e+003 -5.87433e+001  3.90000e-002  8.00000e+002
          9247  7.86662e+002  9.24700e+003 -5.87389e+001  3.90000e-002  8.00000e+002
          9248  7.86663e+002  9.24800e+003 -5.87334e+001  3.90000e-002  8.00000e+002
          9249  7.86662e+002  9.24900e+003 -5.87282e+001  3.90000e-002  8.00000e+002
          9250  7.86661e+002  9.25000e+003 -5.87236e+001  3.90000e-002  8.00000e+002
          9251  7.86660e+002  9.25100e+003 -5.87204e+001  3.90000e-002  8.00000e+002
          9252  7.86664e+002  9.25200e+003 -5.87129e+001  3.90000e-002  8.00000e+002
          9253  7.86654e+002  9.25300e+003 -5.87075e+001  3.90000e-002  8.00000e+002
          9254  7.86662e+002  9.25400e+003 -5.87028e+001  3.90000e-002  8.00000e+002
          9255  7.86667e+002  9.25500e+003 -5.86990e+001  3.90000e-002  8.00000e+002
          9256  7.86663e+002  9.25600e+003 -5.86972e+001  3.90000e-002  8.00000e+002
          9257  7.86658e+002  9.25700e+003 -5.86944e+001  3.90000e-002  8.00000e+002
          9258  7.86656e+002  9.25800e+003 -5.86926e+001  3.90000e-002  8.00000e+002
          9259  7.86660e+002  9.25900e+003 -5.86915e+001  3.90000e-002  8.00000e+002
          9260  7.86656e+002  9.26000e+003 -5.86942e+001  3.90000e-002  8.00000e+002
          9261  7.86660e+002  9.26100e+003 -5.86941e+001  3.90000e-002  8.00000e+002
          9262  7.86665e+002  9.26200e+003 -5.86951e+001  3.90000e-002  8.00000e+002
          9263  7.86667e+002  9.26300e+003 -5.86966e+001  3.90000e-002  8.00000e+002
          9264  7.86662e+002  9.26400e+003 -5.86983e+001  3.90000e-002  8.00000e+002
          9265  7.86659e+002  9.26500e+003 -5.86989e+001  3.90000e-002  8.00000e+002
          9266  7.86663e+002  9.26600e+003 -5.86976e+001  3.90000e-002  8.00000e+002
          9267  7.86663e+002  9.26700e+003 -5.86959e+001  3.90000e-002  8.00000e+002
          9268  7.86661e+002  9.26800e+003 -5.86977e+001  3.90000e-002  8.00000e+002
          9269  7.86661e+002  9.26900e+003 -5.86986e+001  3.90000e-002  8.00000e+002
          9270  7.86662e+002  9.27000e+003 -5.86991e+001  3.90000e-002  8.00000e+002
          9271  7.86661e+002  9.27100e+003 -5.86994e+001  3.90000e-002  8.00000e+002
          9272  7.86658e+002  9.27200e+003 -5.86966e+001  3.90000e-002  8.00000e+002
          9273  7.86662e+002  9.27300e+003 -5.86950e+001  3.90000e-002  8.00000e+002
          9274  7.86666e+002  9.27400e+003 -5.86953e+001  3.90000e-002  8.00000e+002
          9275  7.86667e+002  9.27500e+003 -5.86966e+001  3.90000e-002  8.00000e+002
          9276  7.86668e+002  9.27600e+003 -5.86949e+001  3.90000e-002  8.00000e+002
          9277  7.86662e+002  9.27700e+003 -5.86929e+001  3.90000e-002  8.00000e+002
          9278  7.86672e+002  9.27800e+003 -5.86912e+001  3.90000e-002  8.00000e+002
          9279  7.86664e+002  9.27900e+003 -5.86909e+001  3.90000e-002  8.00000e+002
          9280  7.86669e+002  9.28000e+003 -5.86899e+001  3.90000e-002  8.00000e+002
          9281  7.86658e+002  9.28100e+003 -5.86892e+001  3.90000e-002  8.00000e+002
          9282  7.86673e+002  9.28200e+003 -5.86888e+001  3.90000e-002  8.00000e+002
          9283  7.86662e+002  9.28300e+003 -5.86881e+001  3.90000e-002  8.00000e+002
          9284  7.86666e+002  9.28400e+003 -5.86864e+001  3.90000e-002  8.00000e+002
          9285  7.86672e+002  9.28500e+003 -5.86836e+001  3.90000e-002  8.00000e+002
          9286  7.86667e+002  9.28600e+003 -5.86804e+001  3.90000e-002  8.00000e+002
          9287  7.86664e+002  9.28700e+003 -5.86761e+001  3.90000e-002  8.00000e+002
          9288  7.86670e+002  9.28800e+003 -5.86740e+001  3.90000e-002  8.00000e+002
          9289  7.86675e+002  9.28900e+003 -5.86704e+001  3.90000e-002  8.00000e+002
          9290  7.86669e+002  9.29000e+003 -5.86656e+001  3.90000e-002  8.00000e+002
          9291  7.86666e+002  9.29100e+003 -5.86604e+001  3.90000e-002  8.00000e+002
          9292  7.86670e+002  9.29200e+003 -5.86542e+001  3.90000e-002  8.00000e+002
          9293  7.86678e+002  9.29300e+003 -5.86518e+001  3.90000e-002  8.00000e+002
          9294  7.86671e+002  9.29400e+003 -5.86496e+001  3.90000e-002  8.00000e+002
          9295  7.86674e+002  9.29500e+003 -5.86471e+001  3.90000e-002  8.00000e+002
          9296  7.86671e+002  9.29600e+003 -5.86466e+001  3.90000e-002  8.00000e+002
          9297  7.86670e+002  9.29700e+003 -5.86464e+001  3.90000e-002  8.00000e+002
          9298  7.86674e+002  9.29800e+003 -5.86456e+001  3.90000e-002  8.00000e+002
          9299  7.86672e+002  9.29900e+003 -5.86450e+001  3.90000e-002  8.00000e+002
          9300  7.86674e+002  9.30000e+003 -5.86487e+001  3.90000e-002  8.00000e+002
          9301  7.86672e+002  9.30100e+003 -5.86496e+001  3.90000e-002  8.00000e+002
          9302  7.86671e+002  9.30200e+003 -5.86487e+001  3.90000e-002  8.00000e+002
          9303  7.86679e+002  9.30300e+003 -5.86480e+001  3.90000e-002  8.00000e+002
          9304  7.86674e+002  9.30400e+003 -5.86492e+001  3.90000e-002  8.00000e+002
          9305  7.86680e+002  9.30500e+003 -5.86504e+001  3.90000e-002  8.00000e+002
          9306  7.86676e+002  9.30600e+003 -5.86508e+001  3.90000e-002  8.00000e+002
          9307  7.86675e+002  9.30700e+003 -5.86492e+001  3.90000e-002  8.00000e+002
          9308  7.86667e+002  9.30800e+003 -5.86469e+001  3.90000e-002  8.00000e+002
          9309  7.86676e+002  9.30900e+003 -5.86441e+001  3.90000e-002  8.00000e+002
          9310  7.86676e+002  9.31000e+003 -5.86417e+001  3.90000e-002  8.00000e+002
          9311  7.86676e+002  9.31100e+003 -5.86389e+001  3.90000e-002  8.00000e+002
          9312  7.86677e+002  9.31200e+003 -5.86363e+001  3.90000e-002  8.00000e+002
          9313  7.86676e+002  9.31300e+003 -5.86353e+001  3.90000e-002  8.00000e+002
          9314  7.86668e+002  9.31400e+003 -5.86343e+001  3.90000e-002  8.00000e+002
          9315  7.86672e+002  9.31500e+003 -5.86335e+001  3.90000e-002  8.00000e+002
          9316  7.86678e+002  9.31600e+003 -5.86292e+001  3.90000e-002  8.00000e+002
          9317  7.86673e+002  9.31700e+003 -5.86281e+001  3.90000e-002  8.00000e+002
          9318  7.86685e+002  9.31800e+003 -5.86271e+001  3.90000e-002  8.00000e+002
          9319  7.86670e+002  9.31900e+003 -5.86257e+001  3.90000e-002  8.00000e+002
          9320  7.86672e+002  9.32000e+003 -5.86271e+001  3.90000e-002  8.00000e+002
          9321  7.86668e+002  9.32100e+003 -5.86259e+001  3.90000e-002  8.00000e+002
          9322  7.86669e+002  9.32200e+003 -5.86255e+001  3.90000e-002  8.00000e+002
          9323  7.86676e+002  9.32300e+003 -5.86258e+001  3.90000e-002  8.00000e+002
          9324  7.86675e+002  9.32400e+003 -5.86236e+001  3.90000e-002  8.00000e+002
          9325  7.86668e+002  9.32500e+003 -5.86219e+001  3.90000e-002  8.00000e+002
          9326  7.86673e+002  9.32600e+003 -5.86202e+001  3.90000e-002  8.00000e+002
          9327  7.86667e+002  9.32700e+003 -5.86166e+001  3.90000e-002  8.00000e+002
          9328  7.86668e+002  9.32800e+003 -5.86117e+001  3.90000e-002  8.00000e+002
          9329  7.86668e+002  9.32900e+003 -5.86078e+001  3.90000e-002  8.00000e+002
          9330  7.86667e+002  9.33000e+003 -5.86047e+001  3.90000e-002  8.00000e+002
          9331  7.86665e+002  9.33100e+003 -5.86026e+001  3.90000e-002  8.00000e+002
          9332  7.86667e+002  9.33200e+003 -5.85991e+001  3.90000e-002  8.00000e+002
          9333  7.86677e+002  9.33300e+003 -5.85989e+001  3.90000e-002  8.00000e+002
          9334  7.86674e+002  9.33400e+003 -5.85986e+001  3.90000e-002  8.00000e+002
          9335  7.86668e+002  9.33500e+003 -5.85964e+001  3.90000e-002  8.00000e+002
          9336  7.86668e+002  9.33600e+003 -5.85909e+001  3.90000e-002  8.00000e+002
          9337  7.86658e+002  9.33700e+003 -5.85874e+001  3.90000e-002  8.00000e+002
          9338  7.86669e+002  9.33800e+003 -5.85859e+001  3.90000e-002  8.00000e+002
          9339  7.86672e+002  9.33900e+003 -5.85841e+001  3.90000e-002  8.00000e+002
          9340  7.86663e+002  9.34000e+003 -5.85867e+001  3.90000e-002  8.00000e+002
          9341  7.86672e+002  9.34100e+003 -5.85855e+001  3.90000e-002  8.00000e+002
          9342  7.86668e+002  9.34200e+003 -5.85834e+001  3.90000e-002  8.00000e+002
          9343  7.86667e+002  9.34300e+003 -5.85804e+001  3.90000e-002  8.00000e+002
          9344  7.86677e+002  9.34400e+003 -5.85754e+001  3.90000e-002  8.00000e+002
          9345  7.86671e+002  9.34500e+003 -5.85736e+001  3.90000e-002  8.00000e+002
          9346  7.86667e+002  9.34600e+003 -5.85725e+001  3.90000e-002  8.00000e+002
          9347  7.86663e+002  9.34700e+003 -5.85718e+001  3.90000e-002  8.00000e+002
          9348  7.86663e+002  9.34800e+003 -5.85714e+001  3.90000e-002  8.00000e+002
          9349  7.86666e+002  9.34900e+003 -5.85706e+001  3.90000e-002  8.00000e+002
          9350  7.86669e+002  9.35000e+003 -5.85702e+001  3.90000e-002  8.00000e+002
          9351  7.86670e+002  9.35100e+003 -5.85707e+001  3.90000e-002  8.00000e+002
          9352  7.86672e+002  9.35200e+003 -5.85696e+001  3.90000e-002  8.00000e+002
          9353  7.86664e+002  9.35300e+003 -5.85667e+001  3.90000e-002  8.00000e+002
          9354  7.86660e+002  9.35400e+003 -5.85646e+001  3.90000e-002  8.00000e+002
          9355  7.86664e+002  9.35500e+003 -5.85629e+001  3.90000e-002  8.00000e+002
          9356  7.86663e+002  9.35600e+003 -5.85624e+001  3.90000e-002  8.00000e+002
          9357  7.86665e+002  9.35700e+003 -5.85617e+001  3.90000e-002  8.00000e+002
          9358  7.86668e+002  9.35800e+003 -5.85609e+001  3.90000e-002  8.00000e+002
          9359  7.86671e+002  9.35900e+003 -5.85595e+001  3.90000e-002  8.00000e+002
          9360  7.86664e+002  9.36000e+003 -5.85578e+001  3.90000e-002  8.00000e+002
          9361  7.86658e+002  9.36100e+003 -5.85577e+001  3.90000e-002  8.00000e+002
          9362  7.86670e+002  9.36200e+003 -5.85576e+001  3.90000e-002  8.00000e+002
          9363  7.86660e+002  9.36300e+003 -5.85581e+001  3.90000e-002  8.00000e+002
          9364  7.86658e+002  9.36400e+003 -5.85567e+001  3.90000e-002  8.00000e+002
          9365  7.86662e+002  9.36500e+003 -5.85547e+001  3.90000e-002  8.00000e+002
          9366  7.86666e+002  9.36600e+003 -5.85518e+001  3.90000e-002  8.00000e+002
          9367  7.86667e+002  9.36700e+003 -5.85488e+001  3.90000e-002  8.00000e+002
          9368  7.86665e+002  9.36800e+003 -5.85470e+001  3.90000e-002  8.00000e+002
          9369  7.86666e+002  9.36900e+003 -5.85446e+001  3.90000e-002  8.00000e+002
          9370  7.86663e+002  9.37000e+003 -5.85414e+001  3.90000e-002  8.00000e+002
          9371  7.86664e+002  9.37100e+003 -5.85392e+001  3.90000e-002  8.00000e+002
          9372  7.86661e+002  9.37200e+003 -5.85343e+001  3.90000e-002  8.00000e+002
          9373  7.86665e+002  9.37300e+003 -5.85313e+001  3.90000e-002  8.00000e+002
          9374  7.86665e+002  9.37400e+003 -5.85300e+001  3.90000e-002  8.00000e+002
          9375  7.86671e+002  9.37500e+003 -5.85286e+001  3.90000e-002  8.00000e+002
          9376  7.86666e+002  9.37600e+003 -5.85285e+001  3.90000e-002  8.00000e+002
          9377  7.86658e+002  9.37700e+003 -5.85279e+001  3.90000e-002  8.00000e+002
          9378  7.86666e+002  9.37800e+003 -5.85259e+001  3.90000e-002  8.00000e+002
          9379  7.86656e+002  9.37900e+003 -5.85224e+001  3.90000e-002  8.00000e+002
          9380  7.86661e+002  9.38000e+003 -5.85215e+001  3.90000e-002  8.00000e+002
          9381  7.86662e+002  9.38100e+003 -5.85206e+001  3.90000e-002  8.00000e+002
          9382  7.86660e+002  9.38200e+003 -5.85191e+001  3.90000e-002  8.00000e+002
          9383  7.86650e+002  9.38300e+003 -5.85164e+001  3.90000e-002  8.00000e+002
          9384  7.86658e+002  9.38400e+003 -5.85123e+001  3.90000e-002  8.00000e+002
          9385  7.86655e+002  9.38500e+003 -5.85087e+001  3.90000e-002  8.00000e+002
          9386  7.86657e+002  9.38600e+003 -5.85051e+001  3.90000e-002  8.00000e+002
          9387  7.86664e+002  9.38700e+003 -5.85014e+001  3.90000e-002  8.00000e+002
          9388  7.86662e+002  9.38800e+003 -5.84932e+001  3.90000e-002  8.00000e+002
          9389  7.86666e+002  9.38900e+003 -5.84903e+001  3.90000e-002  8.00000e+002
          9390  7.86665e+002  9.39000e+003 -5.84895e+001  3.90000e-002  8.00000e+002
          9391  7.86667e+002  9.39100e+003 -5.84879e+001  3.90000e-002  8.00000e+002
          9392  7.86658e+002  9.39200e+003 -5.84846e+001  3.90000e-002  8.00000e+002
          9393  7.86660e+002  9.39300e+003 -5.84815e+001  3.90000e-002  8.00000e+002
          9394  7.86669e+002  9.39400e+003 -5.84784e+001  3.90000e-002  8.00000e+002
          9395  7.86665e+002  9.39500e+003 -5.84756e+001  3.90000e-002  8.00000e+002
          9396  7.86661e+002  9.39600e+003 -5.84789e+001  3.90000e-002  8.00000e+002
          9397  7.86665e+002  9.39700e+003 -5.84798e+001  3.90000e-002  8.00000e+002
          9398  7.86660e+002  9.39800e+003 -5.84800e+001  3.90000e-002  8.00000e+002
          9399  7.86660e+002  9.39900e+003 -5.84785e+001  3.90000e-002  8.00000e+002
          9400  7.86659e+002  9.40000e+003 -5.84753e+001  3.90000e-002  8.00000e+002
          9401  7.86660e+002  9.40100e+003 -5.84718e+001  3.90000e-002  8.00000e+002
          9402  7.86661e+002  9.40200e+003 -5.84688e+001  3.90000e-002  8.00000e+002
          9403  7.86666e+002  9.40300e+003 -5.84673e+001  3.90000e-002  8.00000e+002
          9404  7.86658e+002  9.40400e+003 -5.84679e+001  3.90000e-002  8.00000e+002
          9405  7.86658e+002  9.40500e+003 -5.84686e+001  3.90000e-002  8.00000e+002
          9406  7.86656e+002  9.40600e+003 -5.84700e+001  3.90000e-002  8.00000e+002
          9407  7.86659e+002  9.40700e+003 -5.84698e+001  3.90000e-002  8.00000e+002
          9408  7.86657e+002  9.40800e+003 -5.84644e+001  3.90000e-002  8.00000e+002
          9409  7.86665e+002  9.40900e+003 -5.84621e+001  3.90000e-002  8.00000e+002
          9410  7.86665e+002  9.41000e+003 -5.84605e+001  3.90000e-002  8.00000e+002
          9411  7.86665e+002  9.41100e+003 -5.84591e+001  3.90000e-002  8.00000e+002
          9412  7.86666e+002  9.41200e+003 -5.84642e+001  3.90000e-002  8.00000e+002
          9413  7.86657e+002  9.41300e+003 -5.84652e+001  3.90000e-002  8.00000e+002
          9414  7.86656e+002  9.41400e+003 -5.84644e+001  3.90000e-002  8.00000e+002
          9415  7.86665e+002  9.41500e+003 -5.84628e+001  3.90000e-002  8.00000e+002
          9416  7.86659e+002  9.41600e+003 -5.84564e+001  3.90000e-002  8.00000e+002
          9417  7.86657e+002  9.41700e+003 -5.84510e+001  3.90000e-002  8.00000e+002
          9418  7.86654e+002  9.41800e+003 -5.84457e+001  3.90000e-002  8.00000e+002
          9419  7.86655e+002  9.41900e+003 -5.84412e+001  3.90000e-002  8.00000e+002
          9420  7.86653e+002  9.42000e+003 -5.84370e+001  3.90000e-002  8.00000e+002
          9421  7.86658e+002  9.42100e+003 -5.84314e+001  3.90000e-002  8.00000e+002
          9422  7.86657e+002  9.42200e+003 -5.84235e+001  3.90000e-002  8.00000e+002
          9423  7.86660e+002  9.42300e+003 -5.84156e+001  3.90000e-002  8.00000e+002
          9424  7.86651e+002  9.42400e+003 -5.84051e+001  3.90000e-002  8.00000e+002
          9425  7.86660e+002  9.42500e+003 -5.83971e+001  3.90000e-002  8.00000e+002
          9426  7.86658e+002  9.42600e+003 -5.83916e+001  3.90000e-002  8.00000e+002
          9427  7.86652e+002  9.42700e+003 -5.83876e+001  3.90000e-002  8.00000e+002
          9428  7.86658e+002  9.42800e+003 -5.83849e+001  3.90000e-002  8.00000e+002
          9429  7.86654e+002  9.42900e+003 -5.83816e+001  3.90000e-002  8.00000e+002
          9430  7.86661e+002  9.43000e+003 -5.83780e+001  3.90000e-002  8.00000e+002
          9431  7.86669e+002  9.43100e+003 -5.83745e+001  3.90000e-002  8.00000e+002
          9432  7.86665e+002  9.43200e+003 -5.83744e+001  3.90000e-002  8.00000e+002
          9433  7.86660e+002  9.43300e+003 -5.83739e+001  3.90000e-002  8.00000e+002
          9434  7.86663e+002  9.43400e+003 -5.83756e+001  3.90000e-002  8.00000e+002
          9435  7.86654e+002  9.43500e+003 -5.83781e+001  3.90000e-002  8.00000e+002
          9436  7.86656e+002  9.43600e+003 -5.83876e+001  3.90000e-002  8.00000e+002
          9437  7.86661e+002  9.43700e+003 -5.83925e+001  3.90000e-002  8.00000e+002
          9438  7.86657e+002  9.43800e+003 -5.83971e+001  3.90000e-002  8.00000e+002
          9439  7.86663e+002  9.43900e+003 -5.84019e+001  3.90000e-002  8.00000e+002
          9440  7.86665e+002  9.44000e+003 -5.84074e+001  3.90000e-002  8.00000e+002
          9441  7.86669e+002  9.44100e+003 -5.84118e+001  3.90000e-002  8.00000e+002
          9442  7.86663e+002  9.44200e+003 -5.84164e+001  3.90000e-002  8.00000e+002
          9443  7.86656e+002  9.44300e+003 -5.84211e+001  3.90000e-002  8.00000e+002
          9444  7.86667e+002  9.44400e+003 -5.84297e+001  3.90000e-002  8.00000e+002
          9445  7.86660e+002  9.44500e+003 -5.84352e+001  3.90000e-002  8.00000e+002
          9446  7.86660e+002  9.44600e+003 -5.84390e+001  3.90000e-002  8.00000e+002
          9447  7.86662e+002  9.44700e+003 -5.84415e+001  3.90000e-002  8.00000e+002
          9448  7.86658e+002  9.44800e+003 -5.84417e+001  3.90000e-002  8.00000e+002
          9449  7.86662e+002  9.44900e+003 -5.84428e+001  3.90000e-002  8.00000e+002
          9450  7.86656e+002  9.45000e+003 -5.84436e+001  3.90000e-002  8.00000e+002
          9451  7.86660e+002  9.45100e+003 -5.84433e+001  3.90000e-002  8.00000e+002
          9452  7.86660e+002  9.45200e+003 -5.84406e+001  3.90000e-002  8.00000e+002
          9453  7.86659e+002  9.45300e+003 -5.84391e+001  3.90000e-002  8.00000e+002
          9454  7.86659e+002  9.45400e+003 -5.84383e+001  3.90000e-002  8.00000e+002
          9455  7.86663e+002  9.45500e+003 -5.84386e+001  3.90000e-002  8.00000e+002
          9456  7.86660e+002  9.45600e+003 -5.84334e+001  3.90000e-002  8.00000e+002
          9457  7.86665e+002  9.45700e+003 -5.84312e+001  3.90000e-002  8.00000e+002
          9458  7.86661e+002  9.45800e+003 -5.84309e+001  3.90000e-002  8.00000e+002
          9459  7.86657e+002  9.45900e+003 -5.84302e+001  3.90000e-002  8.00000e+002
          9460  7.86665e+002  9.46000e+003 -5.84258e+001  3.90000e-002  8.00000e+002
          9461  7.86656e+002  9.46100e+003 -5.84207e+001  3.90000e-002  8.00000e+002
          9462  7.86662e+002  9.46200e+003 -5.84151e+001  3.90000e-002  8.00000e+002
          9463  7.86670e+002  9.46300e+003 -5.84099e+001  3.90000e-002  8.00000e+002
          9464  7.86664e+002  9.46400e+003 -5.84078e+001  3.90000e-002  8.00000e+002
          9465  7.86662e+002  9.46500e+003 -5.84036e+001  3.90000e-002  8.00000e+002
          9466  7.86665e+002  9.46600e+003 -5.83986e+001  3.90000e-002  8.00000e+002
          9467  7.86673e+002  9.46700e+003 -5.83947e+001  3.90000e-002  8.00000e+002
          9468  7.86667e+002  9.46800e+003 -5.83859e+001  3.90000e-002  8.00000e+002
          9469  7.86668e+002  9.46900e+003 -5.83800e+001  3.90000e-002  8.00000e+002
          9470  7.86672e+002  9.47000e+003 -5.83753e+001  3.90000e-002  8.00000e+002
          9471  7.86675e+002  9.47100e+003 -5.83717e+001  3.90000e-002  8.00000e+002
          9472  7.86667e+002  9.47200e+003 -5.83694e+001  3.90000e-002  8.00000e+002
          9473  7.86668e+002  9.47300e+003 -5.83667e+001  3.90000e-002  8.00000e+002
          9474  7.86668e+002  9.47400e+003 -5.83632e+001  3.90000e-002  8.00000e+002
          9475  7.86667e+002  9.47500e+003 -5.83597e+001  3.90000e-002  8.00000e+002
          9476  7.86671e+002  9.47600e+003 -5.83600e+001  3.90000e-002  8.00000e+002
          9477  7.86661e+002  9.47700e+003 -5.83571e+001  3.90000e-002  8.00000e+002
          9478  7.86666e+002  9.47800e+003 -5.83548e+001  3.90000e-002  8.00000e+002
          9479  7.86662e+002  9.47900e+003 -5.83527e+001  3.90000e-002  8.00000e+002
          9480  7.86669e+002  9.48000e+003 -5.83530e+001  3.90000e-002  8.00000e+002
          9481  7.86668e+002  9.48100e+003 -5.83537e+001  3.90000e-002  8.00000e+002
          9482  7.86675e+002  9.48200e+003 -5.83548e+001  3.90000e-002  8.00000e+002
          9483  7.86668e+002  9.48300e+003 -5.83563e+001  3.90000e-002  8.00000e+002
          9484  7.86662e+002  9.48400e+003 -5.83577e+001  3.90000e-002  8.00000e+002
          9485  7.86666e+002  9.48500e+003 -5.83578e+001  3.90000e-002  8.00000e+002
          9486  7.86667e+002  9.48600e+003 -5.83577e+001  3.90000e-002  8.00000e+002
          9487  7.86666e+002  9.48700e+003 -5.83571e+001  3.90000e-002  8.00000e+002
          9488  7.86672e+002  9.48800e+003 -5.83606e+001  3.90000e-002  8.00000e+002
          9489  7.86666e+002  9.48900e+003 -5.83608e+001  3.90000e-002  8.00000e+002
          9490  7.86676e+002  9.49000e+003 -5.83606e+001  3.90000e-002  8.00000e+002
          9491  7.86668e+002  9.49100e+003 -5.83603e+001  3.90000e-002  8.00000e+002
          9492  7.86670e+002  9.49200e+003 -5.83560e+001  3.90000e-002  8.00000e+002
          9493  7.86668e+002  9.49300e+003 -5.83521e+001  3.90000e-002  8.00000e+002
          9494  7.86669e+002  9.49400e+003 -5.83498e+001  3.90000e-002  8.00000e+002
          9495  7.86669e+002  9.49500e+003 -5.83484e+001  3.90000e-002  8.00000e+002
          9496  7.86674e+002  9.49600e+003 -5.83412e+001  3.90000e-002  8.00000e+002
          9497  7.86667e+002  9.49700e+003 -5.83395e+001  3.90000e-002  8.00000e+002
          9498  7.86679e+002  9.49800e+003 -5.83397e+001  3.90000e-002  8.00000e+002
          9499  7.86671e+002  9.49900e+003 -5.83390e+001  3.90000e-002  8.00000e+002
          9500  7.86673e+002  9.50000e+003 -5.83393e+001  3.90000e-002  8.00000e+002
          9501  7.86678e+002  9.50100e+003 -5.83396e+001  3.90000e-002  8.00000e+002
          9502  7.86681e+002  9.50200e+003 -5.83401e+001  3.90000e-002  8.00000e+002
          9503  7.86678e+002  9.50300e+003 -5.83410e+001  3.90000e-002  8.00000e+002
          9504  7.86676e+002  9.50400e+003 -5.83449e+001  3.90000e-002  8.00000e+002
          9505  7.86677e+002  9.50500e+003 -5.83442e+001  3.90000e-002  8.00000e+002
          9506  7.86668e+002  9.50600e+003 -5.83437e+001  3.90000e-002  8.00000e+002
          9507  7.86671e+002  9.50700e+003 -5.83435e+001  3.90000e-002  8.00000e+002
          9508  7.86669e+002  9.50800e+003 -5.83425e+001  3.90000e-002  8.00000e+002
          9509  7.86671e+002  9.50900e+003 -5.83415e+001  3.90000e-002  8.00000e+002
          9510  7.86669e+002  9.51000e+003 -5.83405e+001  3.90000e-002  8.00000e+002
          9511  7.86677e+002  9.51100e+003 -5.83396e+001  3.90000e-002  8.00000e+002
          9512  7.86675e+002  9.51200e+003 -5.83356e+001  3.90000e-002  8.00000e+002
          9513  7.86673e+002  9.51300e+003 -5.83325e+001  3.90000e-002  8.00000e+002
          9514  7.86672e+002  9.51400e+003 -5.83282e+001  3.90000e-002  8.00000e+002
          9515  7.86671e+002  9.51500e+003 -5.83239e+001  3.90000e-002  8.00000e+002
          9516  7.86671e+002  9.51600e+003 -5.83197e+001  3.90000e-002  8.00000e+002
          9517  7.86669e+002  9.51700e+003 -5.83171e+001  3.90000e-002  8.00000e+002
          9518  7.86674e+002  9.51800e+003 -5.83155e+001  3.90000e-002  8.00000e+002
          9519  7.86673e+002  9.51900e+003 -5.83153e+001  3.90000e-002  8.00000e+002
          9520  7.86674e+002  9.52000e+003 -5.83141e+001  3.90000e-002  8.00000e+002
          9521  7.86671e+002  9.52100e+003 -5.83122e+001  3.90000e-002  8.00000e+002
          9522  7.86676e+002  9.52200e+003 -5.83093e+001  3.90000e-002  8.00000e+002
          9523  7.86674e+002  9.52300e+003 -5.83061e+001  3.90000e-002  8.00000e+002
          9524  7.86673e+002  9.52400e+003 -5.83038e+001  3.90000e-002  8.00000e+002
          9525  7.86670e+002  9.52500e+003 -5.83021e+001  3.90000e-002  8.00000e+002
          9526  7.86676e+002  9.52600e+003 -5.83016e+001  3.90000e-002  8.00000e+002
          9527  7.86671e+002  9.52700e+003 -5.83013e+001  3.90000e-002  8.00000e+002
          9528  7.86673e+002  9.52800e+003 -5.83015e+001  3.90000e-002  8.00000e+002
          9529  7.86674e+002  9.52900e+003 -5.82998e+001  3.90000e-002  8.00000e+002
          9530  7.86684e+002  9.53000e+003 -5.82983e+001  3.90000e-002  8.00000e+002
          9531  7.86678e+002  9.53100e+003 -5.82968e+001  3.90000e-002  8.00000e+002
          9532  7.86683e+002  9.53200e+003 -5.82930e+001  3.90000e-002  8.00000e+002
          9533  7.86675e+002  9.53300e+003 -5.82932e+001  3.90000e-002  8.00000e+002
          9534  7.86676e+002  9.53400e+003 -5.82941e+001  3.90000e-002  8.00000e+002
          9535  7.86674e+002  9.53500e+003 -5.82953e+001  3.90000e-002  8.00000e+002
          9536  7.86672e+002  9.53600e+003 -5.82959e+001  3.90000e-002  8.00000e+002
          9537  7.86671e+002  9.53700e+003 -5.82950e+001  3.90000e-002  8.00000e+002
          9538  7.86675e+002  9.53800e+003 -5.82953e+001  3.90000e-002  8.00000e+002
          9539  7.86677e+002  9.53900e+003 -5.82970e+001  3.90000e-002  8.00000e+002
          9540  7.86680e+002  9.54000e+003 -5.83012e+001  3.90000e-002  8.00000e+002
          9541  7.86676e+002  9.54100e+003 -5.83018e+001  3.90000e-002  8.00000e+002
          9542  7.86670e+002  9.54200e+003 -5.83012e+001  3.90000e-002  8.00000e+002
          9543  7.86665e+002  9.54300e+003 -5.83009e+001  3.90000e-002  8.00000e+002
          9544  7.86672e+002  9.54400e+003 -5.82971e+001  3.90000e-002  8.00000e+002
          9545  7.86672e+002  9.54500e+003 -5.82945e+001  3.90000e-002  8.00000e+002
          9546  7.86671e+002  9.54600e+003 -5.82933e+001  3.90000e-002  8.00000e+002
          9547  7.86677e+002  9.54700e+003 -5.82910e+001  3.90000e-002  8.00000e+002
          9548  7.86675e+002  9.54800e+003 -5.82896e+001  3.90000e-002  8.00000e+002
          9549  7.86677e+002  9.54900e+003 -5.82878e+001  3.90000e-002  8.00000e+002
          9550  7.86677e+002  9.55000e+003 -5.82854e+001  3.90000e-002  8.00000e+002
          9551  7.86678e+002  9.55100e+003 -5.82832e+001  3.90000e-002  8.00000e+002
          9552  7.86677e+002  9.55200e+003 -5.82788e+001  3.90000e-002  8.00000e+002
          9553  7.86673e+002  9.55300e+003 -5.82760e+001  3.90000e-002  8.00000e+002
          9554  7.86677e+002  9.55400e+003 -5.82723e+001  3.90000e-002  8.00000e+002
          9555  7.86675e+002  9.55500e+003 -5.82694e+001  3.90000e-002  8.00000e+002
          9556  7.86673e+002  9.55600e+003 -5.82694e+001  3.90000e-002  8.00000e+002
          9557  7.86669e+002  9.55700e+003 -5.82680e+001  3.90000e-002  8.00000e+002
          9558  7.86673e+002  9.55800e+003 -5.82661e+001  3.90000e-002  8.00000e+002
          9559  7.86676e+002  9.55900e+003 -5.82634e+001  3.90000e-002  8.00000e+002
          9560  7.86675e+002  9.56000e+003 -5.82598e+001  3.90000e-002  8.00000e+002
          9561  7.86673e+002  9.56100e+003 -5.82571e+001  3.90000e-002  8.00000e+002
          9562  7.86674e+002  9.56200e+003 -5.82550e+001  3.90000e-002  8.00000e+002
          9563  7.86675e+002  9.56300e+003 -5.82518e+001  3.90000e-002  8.00000e+002
          9564  7.86672e+002  9.56400e+003 -5.82486e+001  3.90000e-002  8.00000e+002
          9565  7.86668e+002  9.56500e+003 -5.82475e+001  3.90000e-002  8.00000e+002
          9566  7.86666e+002  9.56600e+003 -5.82458e+001  3.90000e-002  8.00000e+002
          9567  7.86669e+002  9.56700e+003 -5.82430e+001  3.90000e-002  8.00000e+002
          9568  7.86676e+002  9.56800e+003 -5.82400e+001  3.90000e-002  8.00000e+002
          9569  7.86674e+002  9.56900e+003 -5.82378e+001  3.90000e-002  8.00000e+002
          9570  7.86672e+002  9.57000e+003 -5.82340e+001  3.90000e-002  8.00000e+002
          9571  7.86675e+002  9.57100e+003 -5.82301e+001  3.90000e-002  8.00000e+002
          9572  7.86675e+002  9.57200e+003 -5.82291e+001  3.90000e-002  8.00000e+002
          9573  7.86666e+002  9.57300e+003 -5.82261e+001  3.90000e-002  8.00000e+002
          9574  7.86668e+002  9.57400e+003 -5.82240e+001  3.90000e-002  8.00000e+002
          9575  7.86672e+002  9.57500e+003 -5.82221e+001  3.90000e-002  8.00000e+002
          9576  7.86673e+002  9.57600e+003 -5.82170e+001  3.90000e-002  8.00000e+002
          9577  7.86673e+002  9.57700e+003 -5.82120e+001  3.90000e-002  8.00000e+002
          9578  7.86676e+002  9.57800e+003 -5.82066e+001  3.90000e-002  8.00000e+002
          9579  7.86673e+002  9.57900e+003 -5.82023e+001  3.90000e-002  8.00000e+002
          9580  7.86678e+002  9.58000e+003 -5.81972e+001  3.90000e-002  8.00000e+002
          9581  7.86679e+002  9.58100e+003 -5.81938e+001  3.90000e-002  8.00000e+002
          9582  7.86690e+002  9.58200e+003 -5.81918e+001  3.90000e-002  8.00000e+002
          9583  7.86684e+002  9.58300e+003 -5.81902e+001  3.90000e-002  8.00000e+002
          9584  7.86690e+002  9.58400e+003 -5.81898e+001  3.90000e-002  8.00000e+002
          9585  7.86679e+002  9.58500e+003 -5.81873e+001  3.90000e-002  8.00000e+002
          9586  7.86686e+002  9.58600e+003 -5.81847e+001  3.90000e-002  8.00000e+002
          9587  7.86682e+002  9.58700e+003 -5.81816e+001  3.90000e-002  8.00000e+002
          9588  7.86682e+002  9.58800e+003 -5.81848e+001  3.90000e-002  8.00000e+002
          9589  7.86687e+002  9.58900e+003 -5.81869e+001  3.90000e-002  8.00000e+002
          9590  7.86681e+002  9.59000e+003 -5.81874e+001  3.90000e-002  8.00000e+002
          9591  7.86680e+002  9.59100e+003 -5.81876e+001  3.90000e-002  8.00000e+002
          9592  7.86681e+002  9.59200e+003 -5.81889e+001  3.90000e-002  8.00000e+002
          9593  7.86680e+002  9.59300e+003 -5.81867e+001  3.90000e-002  8.00000e+002
          9594  7.86679e+002  9.59400e+003 -5.81852e+001  3.90000e-002  8.00000e+002
          9595  7.86679e+002  9.59500e+003 -5.81854e+001  3.90000e-002  8.00000e+002
          9596  7.86677e+002  9.59600e+003 -5.81856e+001  3.90000e-002  8.00000e+002
          9597  7.86675e+002  9.59700e+003 -5.81841e+001  3.90000e-002  8.00000e+002
          9598  7.86673e+002  9.59800e+003 -5.81827e+001  3.90000e-002  8.00000e+002
          9599  7.86675e+002  9.59900e+003 -5.81811e+001  3.90000e-002  8.00000e+002
          9600  7.86674e+002  9.60000e+003 -5.81740e+001  3.90000e-002  8.00000e+002
          9601  7.86679e+002  9.60100e+003 -5.81710e+001  3.90000e-002  8.00000e+002
          9602  7.86681e+002  9.60200e+003 -5.81684e+001  3.90000e-002  8.00000e+002
          9603  7.86689e+002  9.60300e+003 -5.81662e+001  3.90000e-002  8.00000e+002
          9604  7.86680e+002  9.60400e+003 -5.81633e+001  3.90000e-002  8.00000e+002
          9605  7.86682e+002  9.60500e+003 -5.81596e+001  3.90000e-002  8.00000e+002
          9606  7.86679e+002  9.60600e+003 -5.81569e+001  3.90000e-002  8.00000e+002
          9607  7.86681e+002  9.60700e+003 -5.81543e+001  3.90000e-002  8.00000e+002
          9608  7.86681e+002  9.60800e+003 -5.81488e+001  3.90000e-002  8.00000e+002
          9609  7.86682e+002  9.60900e+003 -5.81467e+001  3.90000e-002  8.00000e+002
          9610  7.86687e+002  9.61000e+003 -5.81450e+001  3.90000e-002  8.00000e+002
          9611  7.86683e+002  9.61100e+003 -5.81428e+001  3.90000e-002  8.00000e+002
          9612  7.86685e+002  9.61200e+003 -5.81428e+001  3.90000e-002  8.00000e+002
          9613  7.86683e+002  9.61300e+003 -5.81419e+001  3.90000e-002  8.00000e+002
          9614  7.86684e+002  9.61400e+003 -5.81406e+001  3.90000e-002  8.00000e+002
          9615  7.86684e+002  9.61500e+003 -5.81382e+001  3.90000e-002  8.00000e+002
          9616  7.86685e+002  9.61600e+003 -5.81394e+001  3.90000e-002  8.00000e+002
          9617  7.86684e+002  9.61700e+003 -5.81372e+001  3.90000e-002  8.00000e+002
          9618  7.86686e+002  9.61800e+003 -5.81344e+001  3.90000e-002  8.00000e+002
          9619  7.86682e+002  9.61900e+003 -5.81313e+001  3.90000e-002  8.00000e+002
          9620  7.86687e+002  9.62000e+003 -5.81272e+001  3.90000e-002  8.00000e+002
          9621  7.86682e+002  9.62100e+003 -5.81255e+001  3.90000e-002  8.00000e+002
          9622  7.86677e+002  9.62200e+003 -5.81236e+001  3.90000e-002  8.00000e+002
          9623  7.86685e+002  9.62300e+003 -5.81202e+001  3.90000e-002  8.00000e+002
          9624  7.86684e+002  9.62400e+003 -5.81172e+001  3.90000e-002  8.00000e+002
          9625  7.86680e+002  9.62500e+003 -5.81173e+001  3.90000e-002  8.00000e+002
          9626  7.86680e+002  9.62600e+003 -5.81191e+001  3.90000e-002  8.00000e+002
          9627  7.86685e+002  9.62700e+003 -5.81211e+001  3.90000e-002  8.00000e+002
          9628  7.86684e+002  9.62800e+003 -5.81233e+001  3.90000e-002  8.00000e+002
          9629  7.86687e+002  9.62900e+003 -5.81243e+001  3.90000e-002  8.00000e+002
          9630  7.86681e+002  9.63000e+003 -5.81245e+001  3.90000e-002  8.00000e+002
          9631  7.86684e+002  9.63100e+003 -5.81240e+001  3.90000e-002  8.00000e+002
          9632  7.86690e+002  9.63200e+003 -5.81281e+001  3.90000e-002  8.00000e+002
          9633  7.86687e+002  9.63300e+003 -5.81307e+001  3.90000e-002  8.00000e+002
          9634  7.86684e+002  9.63400e+003 -5.81326e+001  3.90000e-002  8.00000e+002
          9635  7.86688e+002  9.63500e+003 -5.81338e+001  3.90000e-002  8.00000e+002
          9636  7.86682e+002  9.63600e+003 -5.81355e+001  3.90000e-002  8.00000e+002
          9637  7.86681e+002  9.63700e+003 -5.81363e+001  3.90000e-002  8.00000e+002
          9638  7.86684e+002  9.63800e+003 -5.81362e+001  3.90000e-002  8.00000e+002
          9639  7.86680e+002  9.63900e+003 -5.81357e+001  3.90000e-002  8.00000e+002
          9640  7.86683e+002  9.64000e+003 -5.81295e+001  3.90000e-002  8.00000e+002
          9641  7.86677e+002  9.64100e+003 -5.81253e+001  3.90000e-002  8.00000e+002
          9642  7.86680e+002  9.64200e+003 -5.81231e+001  3.90000e-002  8.00000e+002
          9643  7.86682e+002  9.64300e+003 -5.81218e+001  3.90000e-002  8.00000e+002
          9644  7.86682e+002  9.64400e+003 -5.81180e+001  3.90000e-002  8.00000e+002
          9645  7.86675e+002  9.64500e+003 -5.81149e+001  3.90000e-002  8.00000e+002
          9646  7.86684e+002  9.64600e+003 -5.81109e+001  3.90000e-002  8.00000e+002
          9647  7.86686e+002  9.64700e+003 -5.81060e+001  3.90000e-002  8.00000e+002
          9648  7.86683e+002  9.64800e+003 -5.80986e+001  3.90000e-002  8.00000e+002
          9649  7.86693e+002  9.64900e+003 -5.80945e+001  3.90000e-002  8.00000e+002
          9650  7.86693e+002  9.65000e+003 -5.80911e+001  3.90000e-002  8.00000e+002
          9651  7.86692e+002  9.65100e+003 -5.80884e+001  3.90000e-002  8.00000e+002
          9652  7.86683e+002  9.65200e+003 -5.80880e+001  3.90000e-002  8.00000e+002
          9653  7.86684e+002  9.65300e+003 -5.80852e+001  3.90000e-002  8.00000e+002
          9654  7.86681e+002  9.65400e+003 -5.80821e+001  3.90000e-002  8.00000e+002
          9655  7.86682e+002  9.65500e+003 -5.80795e+001  3.90000e-002  8.00000e+002
          9656  7.86680e+002  9.65600e+003 -5.80736e+001  3.90000e-002  8.00000e+002
          9657  7.86685e+002  9.65700e+003 -5.80676e+001  3.90000e-002  8.00000e+002
          9658  7.86680e+002  9.65800e+003 -5.80620e+001  3.90000e-002  8.00000e+002
          9659  7.86684e+002  9.65900e+003 -5.80561e+001  3.90000e-002  8.00000e+002
          9660  7.86684e+002  9.66000e+003 -5.80527e+001  3.90000e-002  8.00000e+002
          9661  7.86690e+002  9.66100e+003 -5.80486e+001  3.90000e-002  8.00000e+002
          9662  7.86683e+002  9.66200e+003 -5.80437e+001  3.90000e-002  8.00000e+002
          9663  7.86679e+002  9.66300e+003 -5.80396e+001  3.90000e-002  8.00000e+002
          9664  7.86684e+002  9.66400e+003 -5.80354e+001  3.90000e-002  8.00000e+002
          9665  7.86684e+002  9.66500e+003 -5.80323e+001  3.90000e-002  8.00000e+002
          9666  7.86689e+002  9.66600e+003 -5.80300e+001  3.90000e-002  8.00000e+002
          9667  7.86686e+002  9.66700e+003 -5.80284e+001  3.90000e-002  8.00000e+002
          9668  7.86689e+002  9.66800e+003 -5.80250e+001  3.90000e-002  8.00000e+002
          9669  7.86685e+002  9.66900e+003 -5.80236e+001  3.90000e-002  8.00000e+002
          9670  7.86693e+002  9.67000e+003 -5.80233e+001  3.90000e-002  8.00000e+002
          9671  7.86691e+002  9.67100e+003 -5.80237e+001  3.90000e-002  8.00000e+002
          9672  7.86686e+002  9.67200e+003 -5.80271e+001  3.90000e-002  8.00000e+002
          9673  7.86689e+002  9.67300e+003 -5.80260e+001  3.90000e-002  8.00000e+002
          9674  7.86690e+002  9.67400e+003 -5.80241e+001  3.90000e-002  8.00000e+002
          9675  7.86685e+002  9.67500e+003 -5.80218e+001  3.90000e-002  8.00000e+002
          9676  7.86686e+002  9.67600e+003 -5.80176e+001  3.90000e-002  8.00000e+002
          9677  7.86685e+002  9.67700e+003 -5.80155e+001  3.90000e-002  8.00000e+002
          9678  7.86686e+002  9.67800e+003 -5.80153e+001  3.90000e-002  8.00000e+002
          9679  7.86694e+002  9.67900e+003 -5.80156e+001  3.90000e-002  8.00000e+002
          9680  7.86685e+002  9.68000e+003 -5.80145e+001  3.90000e-002  8.00000e+002
          9681  7.86692e+002  9.68100e+003 -5.80139e+001  3.90000e-002  8.00000e+002
          9682  7.86691e+002  9.68200e+003 -5.80134e+001  3.90000e-002  8.00000e+002
          9683  7.86689e+002  9.68300e+003 -5.80137e+001  3.90000e-002  8.00000e+002
          9684  7.86690e+002  9.68400e+003 -5.80119e+001  3.90000e-002  8.00000e+002
          9685  7.86691e+002  9.68500e+003 -5.80104e+001  3.90000e-002  8.00000e+002
          9686  7.86690e+002  9.68600e+003 -5.80100e+001  3.90000e-002  8.00000e+002
          9687  7.86685e+002  9.68700e+003 -5.80089e+001  3.90000e-002  8.00000e+002
          9688  7.86687e+002  9.68800e+003 -5.80122e+001  3.90000e-002  8.00000e+002
          9689  7.86692e+002  9.68900e+003 -5.80128e+001  3.90000e-002  8.00000e+002
          9690  7.86689e+002  9.69000e+003 -5.80129e+001  3.90000e-002  8.00000e+002
          9691  7.86684e+002  9.69100e+003 -5.80120e+001  3.90000e-002  8.00000e+002
          9692  7.86690e+002  9.69200e+003 -5.80070e+001  3.90000e-002  8.00000e+002
          9693  7.86690e+002  9.69300e+003 -5.80031e+001  3.90000e-002  8.00000e+002
          9694  7.86686e+002  9.69400e+003 -5.80008e+001  3.90000e-002  8.00000e+002
          9695  7.86685e+002  9.69500e+003 -5.79980e+001  3.90000e-002  8.00000e+002
          9696  7.86688e+002  9.69600e+003 -5.79924e+001  3.90000e-002  8.00000e+002
          9697  7.86689e+002  9.69700e+003 -5.79889e+001  3.90000e-002  8.00000e+002
          9698  7.86692e+002  9.69800e+003 -5.79854e+001  3.90000e-002  8.00000e+002
          9699  7.86681e+002  9.69900e+003 -5.79825e+001  3.90000e-002  8.00000e+002
          9700  7.86683e+002  9.70000e+003 -5.79777e+001  3.90000e-002  8.00000e+002
          9701  7.86683e+002  9.70100e+003 -5.79748e+001  3.90000e-002  8.00000e+002
          9702  7.86689e+002  9.70200e+003 -5.79724e+001  3.90000e-002  8.00000e+002
          9703  7.86688e+002  9.70300e+003 -5.79698e+001  3.90000e-002  8.00000e+002
          9704  7.86689e+002  9.70400e+003 -5.79695e+001  3.90000e-002  8.00000e+002
          9705  7.86691e+002  9.70500e+003 -5.79671e+001  3.90000e-002  8.00000e+002
          9706  7.86686e+002  9.70600e+003 -5.79637e+001  3.90000e-002  8.00000e+002
          9707  7.86695e+002  9.70700e+003 -5.79603e+001  3.90000e-002  8.00000e+002
          9708  7.86685e+002  9.70800e+003 -5.79613e+001  3.90000e-002  8.00000e+002
          9709  7.86687e+002  9.70900e+003 -5.79604e+001  3.90000e-002  8.00000e+002
          9710  7.86681e+002  9.71000e+003 -5.79590e+001  3.90000e-002  8.00000e+002
          9711  7.86682e+002  9.71100e+003 -5.79565e+001  3.90000e-002  8.00000e+002
          9712  7.86683e+002  9.71200e+003 -5.79520e+001  3.90000e-002  8.00000e+002
          9713  7.86688e+002  9.71300e+003 -5.79486e+001  3.90000e-002  8.00000e+002
          9714  7.86684e+002  9.71400e+003 -5.79458e+001  3.90000e-002  8.00000e+002
          9715  7.86687e+002  9.71500e+003 -5.79455e+001  3.90000e-002  8.00000e+002
          9716  7.86683e+002  9.71600e+003 -5.79482e+001  3.90000e-002  8.00000e+002
          9717  7.86682e+002  9.71700e+003 -5.79485e+001  3.90000e-002  8.00000e+002
          9718  7.86684e+002  9.71800e+003 -5.79477e+001  3.90000e-002  8.00000e+002
          9719  7.86677e+002  9.71900e+003 -5.79468e+001  3.90000e-002  8.00000e+002
          9720  7.86676e+002  9.72000e+003 -5.79475e+001  3.90000e-002  8.00000e+002
          9721  7.86676e+002  9.72100e+003 -5.79487e+001  3.90000e-002  8.00000e+002
          9722  7.86685e+002  9.72200e+003 -5.79495e+001  3.90000e-002  8.00000e+002
          9723  7.86679e+002  9.72300e+003 -5.79504e+001  3.90000e-002  8.00000e+002
          9724  7.86678e+002  9.72400e+003 -5.79579e+001  3.90000e-002  8.00000e+002
          9725  7.86680e+002  9.72500e+003 -5.79630e+001  3.90000e-002  8.00000e+002
          9726  7.86684e+002  9.72600e+003 -5.79669e+001  3.90000e-002  8.00000e+002
          9727  7.86686e+002  9.72700e+003 -5.79700e+001  3.90000e-002  8.00000e+002
          9728  7.86687e+002  9.72800e+003 -5.79669e+001  3.90000e-002  8.00000e+002
          9729  7.86682e+002  9.72900e+003 -5.79664e+001  3.90000e-002  8.00000e+002
          9730  7.86685e+002  9.73000e+003 -5.79655e+001  3.90000e-002  8.00000e+002
          9731  7.86680e+002  9.73100e+003 -5.79654e+001  3.90000e-002  8.00000e+002
          9732  7.86690e+002  9.73200e+003 -5.79655e+001  3.90000e-002  8.00000e+002
          9733  7.86685e+002  9.73300e+003 -5.79653e+001  3.90000e-002  8.00000e+002
          9734  7.86683e+002  9.73400e+003 -5.79650e+001  3.90000e-002  8.00000e+002
          9735  7.86687e+002  9.73500e+003 -5.79645e+001  3.90000e-002  8.00000e+002
          9736  7.86683e+002  9.73600e+003 -5.79577e+001  3.90000e-002  8.00000e+002
          9737  7.86682e+002  9.73700e+003 -5.79549e+001  3.90000e-002  8.00000e+002
          9738  7.86689e+002  9.73800e+003 -5.79535e+001  3.90000e-002  8.00000e+002
          9739  7.86687e+002  9.73900e+003 -5.79531e+001  3.90000e-002  8.00000e+002
          9740  7.86683e+002  9.74000e+003 -5.79534e+001  3.90000e-002  8.00000e+002
          9741  7.86690e+002  9.74100e+003 -5.79519e+001  3.90000e-002  8.00000e+002
          9742  7.86683e+002  9.74200e+003 -5.79502e+001  3.90000e-002  8.00000e+002
          9743  7.86683e+002  9.74300e+003 -5.79480e+001  3.90000e-002  8.00000e+002
          9744  7.86683e+002  9.74400e+003 -5.79466e+001  3.90000e-002  8.00000e+002
          9745  7.86682e+002  9.74500e+003 -5.79450e+001  3.90000e-002  8.00000e+002
          9746  7.86682e+002  9.74600e+003 -5.79436e+001  3.90000e-002  8.00000e+002
          9747  7.86680e+002  9.74700e+003 -5.79411e+001  3.90000e-002  8.00000e+002
          9748  7.86686e+002  9.74800e+003 -5.79412e+001  3.90000e-002  8.00000e+002
          9749  7.86686e+002  9.74900e+003 -5.79423e+001  3.90000e-002  8.00000e+002
          9750  7.86685e+002  9.75000e+003 -5.79426e+001  3.90000e-002  8.00000e+002
          9751  7.86683e+002  9.75100e+003 -5.79419e+001  3.90000e-002  8.00000e+002
          9752  7.86688e+002  9.75200e+003 -5.79403e+001  3.90000e-002  8.00000e+002
          9753  7.86679e+002  9.75300e+003 -5.79397e+001  3.90000e-002  8.00000e+002
          9754  7.86682e+002  9.75400e+003 -5.79393e+001  3.90000e-002  8.00000e+002
          9755  7.86684e+002  9.75500e+003 -5.79384e+001  3.90000e-002  8.00000e+002
          9756  7.86682e+002  9.75600e+003 -5.79392e+001  3.90000e-002  8.00000e+002
          9757  7.86686e+002  9.75700e+003 -5.79375e+001  3.90000e-002  8.00000e+002
          9758  7.86683e+002  9.75800e+003 -5.79351e+001  3.90000e-002  8.00000e+002
          9759  7.86692e+002  9.75900e+003 -5.79341e+001  3.90000e-002  8.00000e+002
          9760  7.86688e+002  9.76000e+003 -5.79323e+001  3.90000e-002  8.00000e+002
          9761  7.86691e+002  9.76100e+003 -5.79315e+001  3.90000e-002  8.00000e+002
          9762  7.86686e+002  9.76200e+003 -5.79307e+001  3.90000e-002  8.00000e+002
          9763  7.86690e+002  9.76300e+003 -5.79298e+001  3.90000e-002  8.00000e+002
          9764  7.86689e+002  9.76400e+003 -5.79280e+001  3.90000e-002  8.00000e+002
          9765  7.86680e+002  9.76500e+003 -5.79281e+001  3.90000e-002  8.00000e+002
          9766  7.86685e+002  9.76600e+003 -5.79277e+001  3.90000e-002  8.00000e+002
          9767  7.86688e+002  9.76700e+003 -5.79268e+001  3.90000e-002  8.00000e+002
          9768  7.86683e+002  9.76800e+003 -5.79284e+001  3.90000e-002  8.00000e+002
          9769  7.86679e+002  9.76900e+003 -5.79268e+001  3.90000e-002  8.00000e+002
          9770  7.86696e+002  9.77000e+003 -5.79249e+001  3.90000e-002  8.00000e+002
          9771  7.86689e+002  9.77100e+003 -5.79235e+001  3.90000e-002  8.00000e+002
          9772  7.86688e+002  9.77200e+003 -5.79195e+001  3.90000e-002  8.00000e+002
          9773  7.86685e+002  9.77300e+003 -5.79175e+001  3.90000e-002  8.00000e+002
          9774  7.86690e+002  9.77400e+003 -5.79164e+001  3.90000e-002  8.00000e+002
          9775  7.86687e+002  9.77500e+003 -5.79158e+001  3.90000e-002  8.00000e+002
          9776  7.86692e+002  9.77600e+003 -5.79128e+001  3.90000e-002  8.00000e+002
          9777  7.86690e+002  9.77700e+003 -5.79105e+001  3.90000e-002  8.00000e+002
          9778  7.86693e+002  9.77800e+003 -5.79086e+001  3.90000e-002  8.00000e+002
          9779  7.86685e+002  9.77900e+003 -5.79062e+001  3.90000e-002  8.00000e+002
          9780  7.86690e+002  9.78000e+003 -5.79060e+001  3.90000e-002  8.00000e+002
          9781  7.86684e+002  9.78100e+003 -5.79052e+001  3.90000e-002  8.00000e+002
          9782  7.86685e+002  9.78200e+003 -5.79047e+001  3.90000e-002  8.00000e+002
          9783  7.86695e+002  9.78300e+003 -5.79034e+001  3.90000e-002  8.00000e+002
          9784  7.86690e+002  9.78400e+003 -5.79034e+001  3.90000e-002  8.00000e+002
          9785  7.86691e+002  9.78500e+003 -5.79024e+001  3.90000e-002  8.00000e+002
          9786  7.86688e+002  9.78600e+003 -5.78996e+001  3.90000e-002  8.00000e+002
          9787  7.86698e+002  9.78700e+003 -5.78964e+001  3.90000e-002  8.00000e+002
          9788  7.86690e+002  9.78800e+003 -5.78929e+001  3.90000e-002  8.00000e+002
          9789  7.86692e+002  9.78900e+003 -5.78909e+001  3.90000e-002  8.00000e+002
          9790  7.86689e+002  9.79000e+003 -5.78903e+001  3.90000e-002  8.00000e+002
          9791  7.86690e+002  9.79100e+003 -5.78915e+001  3.90000e-002  8.00000e+002
          9792  7.86682e+002  9.79200e+003 -5.78917e+001  3.90000e-002  8.00000e+002
          9793  7.86691e+002  9.79300e+003 -5.78914e+001  3.90000e-002  8.00000e+002
          9794  7.86682e+002  9.79400e+003 -5.78895e+001  3.90000e-002  8.00000e+002
          9795  7.86689e+002  9.79500e+003 -5.78866e+001  3.90000e-002  8.00000e+002
          9796  7.86693e+002  9.79600e+003 -5.78858e+001  3.90000e-002  8.00000e+002
          9797  7.86696e+002  9.79700e+003 -5.78847e+001  3.90000e-002  8.00000e+002
          9798  7.86686e+002  9.79800e+003 -5.78831e+001  3.90000e-002  8.00000e+002
          9799  7.86684e+002  9.79900e+003 -5.78800e+001  3.90000e-002  8.00000e+002
          9800  7.86684e+002  9.80000e+003 -5.78807e+001  3.90000e-002  8.00000e+002
          9801  7.86688e+002  9.80100e+003 -5.78806e+001  3.90000e-002  8.00000e+002
          9802  7.86696e+002  9.80200e+003 -5.78801e+001  3.90000e-002  8.00000e+002
          9803  7.86690e+002  9.80300e+003 -5.78790e+001  3.90000e-002  8.00000e+002
          9804  7.86699e+002  9.80400e+003 -5.78733e+001  3.90000e-002  8.00000e+002
          9805  7.86688e+002  9.80500e+003 -5.78705e+001  3.90000e-002  8.00000e+002
          9806  7.86687e+002  9.80600e+003 -5.78665e+001  3.90000e-002  8.00000e+002
          9807  7.86686e+002  9.80700e+003 -5.78620e+001  3.90000e-002  8.00000e+002
          9808  7.86690e+002  9.80800e+003 -5.78626e+001  3.90000e-002  8.00000e+002
          9809  7.86690e+002  9.80900e+003 -5.78616e+001  3.90000e-002  8.00000e+002
          9810  7.86691e+002  9.81000e+003 -5.78603e+001  3.90000e-002  8.00000e+002
          9811  7.86685e+002  9.81100e+003 -5.78598e+001  3.90000e-002  8.00000e+002
          9812  7.86691e+002  9.81200e+003 -5.78584e+001  3.90000e-002  8.00000e+002
          9813  7.86684e+002  9.81300e+003 -5.78561e+001  3.90000e-002  8.00000e+002
          9814  7.86691e+002  9.81400e+003 -5.78528e+001  3.90000e-002  8.00000e+002
          9815  7.86695e+002  9.81500e+003 -5.78496e+001  3.90000e-002  8.00000e+002
          9816  7.86690e+002  9.81600e+003 -5.78492e+001  3.90000e-002  8.00000e+002
          9817  7.86689e+002  9.81700e+003 -5.78489e+001  3.90000e-002  8.00000e+002
          9818  7.86694e+002  9.81800e+003 -5.78485e+001  3.90000e-002  8.00000e+002
          9819  7.86686e+002  9.81900e+003 -5.78471e+001  3.90000e-002  8.00000e+002
          9820  7.86691e+002  9.82000e+003 -5.78478e+001  3.90000e-002  8.00000e+002
          9821  7.86689e+002  9.82100e+003 -5.78486e+001  3.90000e-002  8.00000e+002
          9822  7.86695e+002  9.82200e+003 -5.78508e+001  3.90000e-002  8.00000e+002
          9823  7.86696e+002  9.82300e+003 -5.78525e+001  3.90000e-002  8.00000e+002
          9824  7.86690e+002  9.82400e+003 -5.78520e+001  3.90000e-002  8.00000e+002
          9825  7.86693e+002  9.82500e+003 -5.78507e+001  3.90000e-002  8.00000e+002
          9826  7.86688e+002  9.82600e+003 -5.78500e+001  3.90000e-002  8.00000e+002
          9827  7.86688e+002  9.82700e+003 -5.78485e+001  3.90000e-002  8.00000e+002
          9828  7.86694e+002  9.82800e+003 -5.78490e+001  3.90000e-002  8.00000e+002
          9829  7.86687e+002  9.82900e+003 -5.78484e+001  3.90000e-002  8.00000e+002
          9830  7.86693e+002  9.83000e+003 -5.78452e+001  3.90000e-002  8.00000e+002
          9831  7.86688e+002  9.83100e+003 -5.78420e+001  3.90000e-002  8.00000e+002
          9832  7.86690e+002  9.83200e+003 -5.78369e+001  3.90000e-002  8.00000e+002
          9833  7.86695e+002  9.83300e+003 -5.78344e+001  3.90000e-002  8.00000e+002
          9834  7.86687e+002  9.83400e+003 -5.78324e+001  3.90000e-002  8.00000e+002
          9835  7.86695e+002  9.83500e+003 -5.78297e+001  3.90000e-002  8.00000e+002
          9836  7.86691e+002  9.83600e+003 -5.78283e+001  3.90000e-002  8.00000e+002
          9837  7.86688e+002  9.83700e+003 -5.78268e+001  3.90000e-002  8.00000e+002
          9838  7.86693e+002  9.83800e+003 -5.78260e+001  3.90000e-002  8.00000e+002
          9839  7.86683e+002  9.83900e+003 -5.78257e+001  3.90000e-002  8.00000e+002
          9840  7.86685e+002  9.84000e+003 -5.78237e+001  3.90000e-002  8.00000e+002
          9841  7.86683e+002  9.84100e+003 -5.78216e+001  3.90000e-002  8.00000e+002
          9842  7.86684e+002  9.84200e+003 -5.78190e+001  3.90000e-002  8.00000e+002
          9843  7.86685e+002  9.84300e+003 -5.78176e+001  3.90000e-002  8.00000e+002
          9844  7.86689e+002  9.84400e+003 -5.78153e+001  3.90000e-002  8.00000e+002
          9845  7.86689e+002  9.84500e+003 -5.78130e+001  3.90000e-002  8.00000e+002
          9846  7.86699e+002  9.84600e+003 -5.78124e+001  3.90000e-002  8.00000e+002
          9847  7.86697e+002  9.84700e+003 -5.78118e+001  3.90000e-002  8.00000e+002
          9848  7.86698e+002  9.84800e+003 -5.78090e+001  3.90000e-002  8.00000e+002
          9849  7.86699e+002  9.84900e+003 -5.78073e+001  3.90000e-002  8.00000e+002
          9850  7.86694e+002  9.85000e+003 -5.78057e+001  3.90000e-002  8.00000e+002
          9851  7.86693e+002  9.85100e+003 -5.78046e+001  3.90000e-002  8.00000e+002
          9852  7.86702e+002  9.85200e+003 -5.78059e+001  3.90000e-002  8.00000e+002
          9853  7.86696e+002  9.85300e+003 -5.78065e+001  3.90000e-002  8.00000e+002
          9854  7.86692e+002  9.85400e+003 -5.78074e+001  3.90000e-002  8.00000e+002
          9855  7.86696e+002  9.85500e+003 -5.78082e+001  3.90000e-002  8.00000e+002
          9856  7.86689e+002  9.85600e+003 -5.78108e+001  3.90000e-002  8.00000e+002
          9857  7.86697e+002  9.85700e+003 -5.78124e+001  3.90000e-002  8.00000e+002
          9858  7.86694e+002  9.85800e+003 -5.78140e+001  3.90000e-002  8.00000e+002
          9859  7.86693e+002  9.85900e+003 -5.78147e+001  3.90000e-002  8.00000e+002
          9860  7.86689e+002  9.86000e+003 -5.78169e+001  3.90000e-002  8.00000e+002
          9861  7.86692e+002  9.86100e+003 -5.78169e+001  3.90000e-002  8.00000e+002
          9862  7.86700e+002  9.86200e+003 -5.78155e+001  3.90000e-002  8.00000e+002
          9863  7.86685e+002  9.86300e+003 -5.78145e+001  3.90000e-002  8.00000e+002
          9864  7.86688e+002  9.86400e+003 -5.78106e+001  3.90000e-002  8.00000e+002
          9865  7.86692e+002  9.86500e+003 -5.78081e+001  3.90000e-002  8.00000e+002
          9866  7.86687e+002  9.86600e+003 -5.78063e+001  3.89722e-002  8.00000e+002
          9867  7.86684e+002  9.86700e+003 -5.78040e+001  3.88889e-002  8.00000e+002
          9868  7.86691e+002  9.86800e+003 -5.77975e+001  3.87662e-002  8.00000e+002
          9869  7.86689e+002  9.86900e+003 -5.77962e+001  3.86522e-002  8.00000e+002
          9870  7.86693e+002  9.87000e+003 -5.77964e+001  3.85411e-002  8.00000e+002
          9871  7.86689e+002  9.87100e+003 -5.77970e+001  3.84321e-002  8.00000e+002
          9872  7.86703e+002  9.87200e+003 -5.77975e+001  3.82860e-002  8.00000e+002
          9873  7.86695e+002  9.87300e+003 -5.77981e+001  3.81888e-002  8.00000e+002
          9874  7.86694e+002  9.87400e+003 -5.77988e+001  3.81133e-002  8.00000e+002
          9875  7.86689e+002  9.87500e+003 -5.77994e+001  3.80480e-002  8.00000e+002
          9876  7.86693e+002  9.87600e+003 -5.78048e+001  3.80571e-002  8.00000e+002
          9877  7.86685e+002  9.87700e+003 -5.78059e+001  3.80382e-002  8.00000e+002
          9878  7.86687e+002  9.87800e+003 -5.78056e+001  3.80198e-002  8.00000e+002
          9879  7.86686e+002  9.87900e+003 -5.78044e+001  3.80053e-002  8.00000e+002
          9880  7.86687e+002  9.88000e+003 -5.78049e+001  3.80098e-002  8.00000e+002
          9881  7.86690e+002  9.88100e+003 -5.78047e+001  3.80067e-002  8.00000e+002
          9882  7.86691e+002  9.88200e+003 -5.78034e+001  3.80032e-002  8.00000e+002
          9883  7.86693e+002  9.88300e+003 -5.78006e+001  3.80006e-002  8.00000e+002
          9884  7.86688e+002  9.88400e+003 -5.77945e+001  3.80016e-002  8.00000e+002
          9885  7.86689e+002  9.88500e+003 -5.77920e+001  3.80011e-002  8.00000e+002
          9886  7.86690e+002  9.88600e+003 -5.77913e+001  3.80005e-002  8.00000e+002
          9887  7.86692e+002  9.88700e+003 -5.77899e+001  3.80001e-002  8.00000e+002
          9888  7.86685e+002  9.88800e+003 -5.77862e+001  3.80002e-002  8.00000e+002
          9889  7.86688e+002  9.88900e+003 -5.77846e+001  3.80002e-002  8.00000e+002
          9890  7.86687e+002  9.89000e+003 -5.77838e+001  3.80001e-002  8.00000e+002
          9891  7.86687e+002  9.89100e+003 -5.77846e+001  3.80000e-002  8.00000e+002
          9892  7.86692e+002  9.89200e+003 -5.77852e+001  3.80000e-002  8.00000e+002
          9893  7.86688e+002  9.89300e+003 -5.77860e+001  3.80000e-002  8.00000e+002
          9894  7.86689e+002  9.89400e+003 -5.77866e+001  3.80000e-002  8.00000e+002
          9895  7.86681e+002  9.89500e+003 -5.77877e+001  3.80000e-002  8.00000e+002
          9896  7.86686e+002  9.89600e+003 -5.77892e+001  3.80000e-002  8.00000e+002
          9897  7.86684e+002  9.89700e+003 -5.77883e+001  3.80000e-002  8.00000e+002
          9898  7.86689e+002  9.89800e+003 -5.77876e+001  3.80000e-002  8.00000e+002
          9899  7.86688e+002  9.89900e+003 -5.77883e+001  3.80000e-002  8.00000e+002
          9900  7.86686e+002  9.90000e+003 -5.77876e+001  3.80000e-002  8.00000e+002
          9901  7.86684e+002  9.90100e+003 -5.77863e+001  3.80000e-002  8.00000e+002
          9902  7.86681e+002  9.90200e+003 -5.77854e+001  3.80000e-002  8.00000e+002
          9903  7.86681e+002  9.90300e+003 -5.77851e+001  3.80000e-002  8.00000e+002
          9904  7.86684e+002  9.90400e+003 -5.77832e+001  3.80000e-002  8.00000e+002
          9905  7.86698e+002  9.90500e+003 -5.77833e+001  3.80000e-002  8.00000e+002
          9906  7.86688e+002  9.90600e+003 -5.77846e+001  3.80000e-002  8.00000e+002
          9907  7.86689e+002  9.90700e+003 -5.77860e+001  3.80000e-002  8.00000e+002
          9908  7.86689e+002  9.90800e+003 -5.77891e+001  3.80000e-002  8.00000e+002
          9909  7.86690e+002  9.90900e+003 -5.77895e+001  3.80000e-002  8.00000e+002
          9910  7.86695e+002  9.91000e+003 -5.77877e+001  3.80000e-002  8.00000e+002
          9911  7.86695e+002  9.91100e+003 -5.77851e+001  3.80000e-002  8.00000e+002
          9912  7.86692e+002  9.91200e+003 -5.77859e+001  3.80000e-002  8.00000e+002
          9913  7.86694e+002  9.91300e+003 -5.77847e+001  3.80000e-002  8.00000e+002
          9914  7.86696e+002  9.91400e+003 -5.77831e+001  3.80000e-002  8.00000e+002
          9915  7.86689e+002  9.91500e+003 -5.77806e+001  3.80000e-002  8.00000e+002
          9916  7.86690e+002  9.91600e+003 -5.77729e+001  3.80000e-002  8.00000e+002
          9917  7.86694e+002  9.91700e+003 -5.77687e+001  3.80000e-002  8.00000e+002
          9918  7.86692e+002  9.91800e+003 -5.77662e+001  3.80000e-002  8.00000e+002
          9919  7.86696e+002  9.91900e+003 -5.77644e+001  3.80000e-002  8.00000e+002
          9920  7.86692e+002  9.92000e+003 -5.77597e+001  3.80000e-002  8.00000e+002
          9921  7.86698e+002  9.92100e+003 -5.77581e+001  3.80000e-002  8.00000e+002
          9922  7.86697e+002  9.92200e+003 -5.77565e+001  3.80000e-002  8.00000e+002
          9923  7.86698e+002  9.92300e+003 -5.77550e+001  3.80000e-002  8.00000e+002
          9924  7.86694e+002  9.92400e+003 -5.77554e+001  3.80000e-002  8.00000e+002
          9925  7.86706e+002  9.92500e+003 -5.77559e+001  3.80000e-002  8.00000e+002
          9926  7.86700e+002  9.92600e+003 -5.77572e+001  3.80000e-002  8.00000e+002
          9927  7.86690e+002  9.92700e+003 -5.77593e+001  3.80000e-002  8.00000e+002
          9928  7.86701e+002  9.92800e+003 -5.77634e+001  3.80000e-002  8.00000e+002
          9929  7.86693e+002  9.92900e+003 -5.77644e+001  3.80000e-002  8.00000e+002
          9930  7.86690e+002  9.93000e+003 -5.77640e+001  3.80000e-002  8.00000e+002
          9931  7.86693e+002  9.93100e+003 -5.77629e+001  3.80000e-002  8.00000e+002
          9932  7.86694e+002  9.93200e+003 -5.77623e+001  3.80000e-002  8.00000e+002
          9933  7.86692e+002  9.93300e+003 -5.77619e+001  3.80000e-002  8.00000e+002
          9934  7.86695e+002  9.93400e+003 -5.77610e+001  3.80000e-002  8.00000e+002
          9935  7.86687e+002  9.93500e+003 -5.77617e+001  3.80000e-002  8.00000e+002
          9936  7.86694e+002  9.93600e+003 -5.77597e+001  3.80000e-002  8.00000e+002
          9937  7.86694e+002  9.93700e+003 -5.77577e+001  3.80000e-002  8.00000e+002
          9938  7.86688e+002  9.93800e+003 -5.77565e+001  3.80000e-002  8.00000e+002
          9939  7.86695e+002  9.93900e+003 -5.77542e+001  3.80000e-002  8.00000e+002
          9940  7.86695e+002  9.94000e+003 -5.77499e+001  3.80000e-002  8.00000e+002
          9941  7.86691e+002  9.94100e+003 -5.77472e+001  3.80000e-002  8.00000e+002
          9942  7.86697e+002  9.94200e+003 -5.77444e+001  3.80000e-002  8.00000e+002
          9943  7.86695e+002  9.94300e+003 -5.77416e+001  3.80000e-002  8.00000e+002
          9944  7.86692e+002  9.94400e+003 -5.77407e+001  3.80000e-002  8.00000e+002
          9945  7.86695e+002  9.94500e+003 -5.77401e+001  3.80000e-002  8.00000e+002
          9946  7.86693e+002  9.94600e+003 -5.77398e+001  3.80000e-002  8.00000e+002
          9947  7.86692e+002  9.94700e+003 -5.77391e+001  3.80000e-002  8.00000e+002
          9948  7.86694e+002  9.94800e+003 -5.77324e+001  3.80000e-002  8.00000e+002
          9949  7.86693e+002  9.94900e+003 -5.77305e+001  3.80000e-002  8.00000e+002
          9950  7.86687e+002  9.95000e+003 -5.77285e+001  3.80000e-002  8.00000e+002
          9951  7.86693e+002  9.95100e+003 -5.77246e+001  3.80000e-002  8.00000e+002
          9952  7.86691e+002  9.95200e+003 -5.77230e+001  3.80000e-002  8.00000e+002
          9953  7.86686e+002  9.95300e+003 -5.77213e+001  3.80000e-002  8.00000e+002
          9954  7.86690e+002  9.95400e+003 -5.77195e+001  3.80000e-002  8.00000e+002
          9955  7.86693e+002  9.95500e+003 -5.77168e+001  3.80000e-002  8.00000e+002
          9956  7.86696e+002  9.95600e+003 -5.77112e+001  3.80000e-002  8.00000e+002
          9957  7.86695e+002  9.95700e+003 -5.77068e+001  3.80000e-002  8.00000e+002
          9958  7.86689e+002  9.95800e+003 -5.77036e+001  3.80000e-002  8.00000e+002
          9959  7.86689e+002  9.95900e+003 -5.76998e+001  3.80000e-002  8.00000e+002
          9960  7.86694e+002  9.96000e+003 -5.76936e+001  3.80000e-002  8.00000e+002
          9961  7.86692e+002  9.96100e+003 -5.76890e+001  3.80000e-002  8.00000e+002
          9962  7.86697e+002  9.96200e+003 -5.76868e+001  3.80000e-002  8.00000e+002
          9963  7.86689e+002  9.96300e+003 -5.76864e+001  3.80000e-002  8.00000e+002
          9964  7.86692e+002  9.96400e+003 -5.76865e+001  3.80000e-002  8.00000e+002
          9965  7.86698e+002  9.96500e+003 -5.76867e+001  3.80000e-002  8.00000e+002
          9966  7.86693e+002  9.96600e+003 -5.76858e+001  3.80000e-002  8.00000e+002
          9967  7.86698e+002  9.96700e+003 -5.76846e+001  3.80000e-002  8.00000e+002
          9968  7.86694e+002  9.96800e+003 -5.76863e+001  3.80000e-002  8.00000e+002
          9969  7.86695e+002  9.96900e+003 -5.76868e+001  3.80000e-002  8.00000e+002
          9970  7.86696e+002  9.97000e+003 -5.76862e+001  3.80000e-002  8.00000e+002
          9971  7.86692e+002  9.97100e+003 -5.76853e+001  3.80000e-002  8.00000e+002
          9972  7.86690e+002  9.97200e+003 -5.76907e+001  3.80000e-002  8.00000e+002
          9973  7.86688e+002  9.97300e+003 -5.76913e+001  3.80000e-002  8.00000e+002
          9974  7.86691e+002  9.97400e+003 -5.76908e+001  3.80000e-002  8.00000e+002
          9975  7.86687e+002  9.97500e+003 -5.76921e+001  3.80000e-002  8.00000e+002
          9976  7.86693e+002  9.97600e+003 -5.76906e+001  3.80000e-002  8.00000e+002
          9977  7.86694e+002  9.97700e+003 -5.76893e+001  3.80000e-002  8.00000e+002
          9978  7.86690e+002  9.97800e+003 -5.76887e+001  3.80000e-002  8.00000e+002
          9979  7.86690e+002  9.97900e+003 -5.76887e+001  3.80000e-002  8.00000e+002
          9980  7.86687e+002  9.98000e+003 -5.76903e+001  3.80000e-002  8.00000e+002
          9981  7.86692e+002  9.98100e+003 -5.76923e+001  3.80000e-002  8.00000e+002
          9982  7.86698e+002  9.98200e+003 -5.76921e+001  3.80000e-002  8.00000e+002
          9983  7.86697e+002  9.98300e+003 -5.76896e+001  3.80000e-002  8.00000e+002
          9984  7.86691e+002  9.98400e+003 -5.76920e+001  3.80000e-002  8.00000e+002
          9985  7.86701e+002  9.98500e+003 -5.76906e+001  3.80000e-002  8.00000e+002
          9986  7.86691e+002  9.98600e+003 -5.76893e+001  3.80000e-002  8.00000e+002
          9987  7.86693e+002  9.98700e+003 -5.76880e+001  3.80000e-002  8.00000e+002
          9988  7.86703e+002  9.98800e+003 -5.76863e+001  3.80000e-002  8.00000e+002
          9989  7.86701e+002  9.98900e+003 -5.76864e+001  3.80000e-002  8.00000e+002
          9990  7.86697e+002  9.99000e+003 -5.76857e+001  3.80000e-002  8.00000e+002
          9991  7.86696e+002  9.99100e+003 -5.76841e+001  3.80000e-002  8.00000e+002
          9992  7.86699e+002  9.99200e+003 -5.76771e+001  3.80000e-002  8.00000e+002
          9993  7.86692e+002  9.99300e+003 -5.76748e+001  3.80000e-002  8.00000e+002
          9994  7.86695e+002  9.99400e+003 -5.76728e+001  3.80000e-002  8.00000e+002
          9995  7.86697e+002  9.99500e+003 -5.76716e+001  3.80000e-002  8.00000e+002
          9996  7.86705e+002  9.99600e+003 -5.76748e+001  3.80000e-002  8.00000e+002
          9997  7.86703e+002  9.99700e+003 -5.76753e+001  3.80000e-002  8.00000e+002
          9998  7.86702e+002  9.99800e+003 -5.76723e+001  3.80000e-002  8.00000e+002
          9999  7.86693e+002  9.99900e+003 -5.76694e+001  3.80000e-002  8.00000e+002
         10000  7.86705e+002  1.00000e+004 -5.76673e+001  3.80000e-002  8.00000e+002
         10001  7.86706e+002  1.00010e+004 -5.76648e+001  3.80000e-002  8.00000e+002
         10002  7.86702e+002  1.00020e+004 -5.76621e+001  3.80000e-002  8.00000e+002
         10003  7.86694e+002  1.00030e+004 -5.76592e+001  3.80000e-002  8.00000e+002
         10004  7.86693e+002  1.00040e+004 -5.76596e+001  3.80000e-002  8.00000e+002
         10005  7.86691e+002  1.00050e+004 -5.76573e+001  3.80000e-002  8.00000e+002
         10006  7.86700e+002  1.00060e+004 -5.76542e+001  3.80000e-002  8.00000e+002
         10007  7.86701e+002  1.00070e+004 -5.76518e+001  3.80000e-002  8.00000e+002
         10008  7.86696e+002  1.00080e+004 -5.76481e+001  3.80000e-002  8.00000e+002
         10009  7.86701e+002  1.00090e+004 -5.76455e+001  3.80000e-002  8.00000e+002
         10010  7.86704e+002  1.00100e+004 -5.76436e+001  3.80000e-002  8.00000e+002
         10011  7.86696e+002  1.00110e+004 -5.76410e+001  3.80000e-002  8.00000e+002
         10012  7.86695e+002  1.00120e+004 -5.76390e+001  3.80000e-002  8.00000e+002
         10013  7.86699e+002  1.00130e+004 -5.76371e+001  3.80000e-002  8.00000e+002
         10014  7.86698e+002  1.00140e+004 -5.76357e+001  3.80000e-002  8.00000e+002
         10015  7.86695e+002  1.00150e+004 -5.76344e+001  3.80000e-002  8.00000e+002
         10016  7.86705e+002  1.00160e+004 -5.76357e+001  3.80000e-002  8.00000e+002
         10017  7.86705e+002  1.00170e+004 -5.76370e+001  3.80000e-002  8.00000e+002
         10018  7.86698e+002  1.00180e+004 -5.76385e+001  3.80000e-002  8.00000e+002
         10019  7.86696e+002  1.00190e+004 -5.76392e+001  3.80000e-002  8.00000e+002
         10020  7.86701e+002  1.00200e+004 -5.76385e+001  3.80000e-002  8.00000e+002
         10021  7.86693e+002  1.00210e+004 -5.76375e+001  3.80000e-002  8.00000e+002
         10022  7.86692e+002  1.00220e+004 -5.76369e+001  3.80000e-002  8.00000e+002
         10023  7.86698e+002  1.00230e+004 -5.76361e+001  3.80000e-002  8.00000e+002
         10024  7.86692e+002  1.00240e+004 -5.76374e+001  3.80000e-002  8.00000e+002
         10025  7.86689e+002  1.00250e+004 -5.76385e+001  3.80000e-002  8.00000e+002
         10026  7.86701e+002  1.00260e+004 -5.76396e+001  3.80000e-002  8.00000e+002
         10027  7.86697e+002  1.00270e+004 -5.76403e+001  3.80000e-002  8.00000e+002
         10028  7.86698e+002  1.00280e+004 -5.76349e+001  3.80000e-002  8.00000e+002
         10029  7.86700e+002  1.00290e+004 -5.76312e+001  3.80000e-002  8.00000e+002
         10030  7.86695e+002  1.00300e+004 -5.76292e+001  3.80000e-002  8.00000e+002
         10031  7.86693e+002  1.00310e+004 -5.76261e+001  3.80000e-002  8.00000e+002
         10032  7.86697e+002  1.00320e+004 -5.76235e+001  3.80000e-002  8.00000e+002
         10033  7.86695e+002  1.00330e+004 -5.76230e+001  3.80000e-002  8.00000e+002
         10034  7.86693e+002  1.00340e+004 -5.76228e+001  3.80000e-002  8.00000e+002
         10035  7.86699e+002  1.00350e+004 -5.76214e+001  3.80000e-002  8.00000e+002
         10036  7.86696e+002  1.00360e+004 -5.76189e+001  3.80000e-002  8.00000e+002
         10037  7.86700e+002  1.00370e+004 -5.76188e+001  3.80000e-002  8.00000e+002
         10038  7.86699e+002  1.00380e+004 -5.76191e+001  3.80000e-002  8.00000e+002
         10039  7.86698e+002  1.00390e+004 -5.76189e+001  3.80000e-002  8.00000e+002
         10040  7.86695e+002  1.00400e+004 -5.76197e+001  3.80000e-002  8.00000e+002
         10041  7.86696e+002  1.00410e+004 -5.76203e+001  3.80000e-002  8.00000e+002
         10042  7.86693e+002  1.00420e+004 -5.76219e+001  3.80000e-002  8.00000e+002
         10043  7.86697e+002  1.00430e+004 -5.76238e+001  3.80000e-002  8.00000e+002
         10044  7.86702e+002  1.00440e+004 -5.76254e+001  3.80000e-002  8.00000e+002
         10045  7.86694e+002  1.00450e+004 -5.76253e+001  3.80000e-002  8.00000e+002
         10046  7.86697e+002  1.00460e+004 -5.76242e+001  3.80000e-002  8.00000e+002
         10047  7.86703e+002  1.00470e+004 -5.76224e+001  3.80000e-002  8.00000e+002
         10048  7.86702e+002  1.00480e+004 -5.76211e+001  3.80000e-002  8.00000e+002
         10049  7.86699e+002  1.00490e+004 -5.76200e+001  3.80000e-002  8.00000e+002
         10050  7.86700e+002  1.00500e+004 -5.76181e+001  3.80000e-002  8.00000e+002
         10051  7.86687e+002  1.00510e+004 -5.76168e+001  3.80000e-002  8.00000e+002
         10052  7.86701e+002  1.00520e+004 -5.76141e+001  3.80000e-002  8.00000e+002
         10053  7.86706e+002  1.00530e+004 -5.76120e+001  3.80000e-002  8.00000e+002
         10054  7.86697e+002  1.00540e+004 -5.76096e+001  3.80000e-002  8.00000e+002
         10055  7.86699e+002  1.00550e+004 -5.76072e+001  3.80000e-002  8.00000e+002
         10056  7.86706e+002  1.00560e+004 -5.76037e+001  3.80000e-002  8.00000e+002
         10057  7.86705e+002  1.00570e+004 -5.76009e+001  3.80000e-002  8.00000e+002
         10058  7.86701e+002  1.00580e+004 -5.75987e+001  3.80000e-002  8.00000e+002
         10059  7.86703e+002  1.00590e+004 -5.75972e+001  3.80000e-002  8.00000e+002
         10060  7.86701e+002  1.00600e+004 -5.75953e+001  3.80000e-002  8.00000e+002
         10061  7.86695e+002  1.00610e+004 -5.75959e+001  3.80000e-002  8.00000e+002
         10062  7.86697e+002  1.00620e+004 -5.75979e+001  3.80000e-002  8.00000e+002
         10063  7.86701e+002  1.00630e+004 -5.75982e+001  3.80000e-002  8.00000e+002
         10064  7.86700e+002  1.00640e+004 -5.75975e+001  3.80000e-002  8.00000e+002
         10065  7.86699e+002  1.00650e+004 -5.75982e+001  3.80000e-002  8.00000e+002
         10066  7.86698e+002  1.00660e+004 -5.76002e+001  3.80000e-002  8.00000e+002
         10067  7.86703e+002  1.00670e+004 -5.76027e+001  3.80000e-002  8.00000e+002
         10068  7.86695e+002  1.00680e+004 -5.76071e+001  3.80000e-002  8.00000e+002
         10069  7.86707e+002  1.00690e+004 -5.76093e+001  3.80000e-002  8.00000e+002
         10070  7.86698e+002  1.00700e+004 -5.76098e+001  3.80000e-002  8.00000e+002
         10071  7.86704e+002  1.00710e+004 -5.76082e+001  3.80000e-002  8.00000e+002
         10072  7.86699e+002  1.00720e+004 -5.76059e+001  3.80000e-002  8.00000e+002
         10073  7.86705e+002  1.00730e+004 -5.76046e+001  3.80000e-002  8.00000e+002
         10074  7.86706e+002  1.00740e+004 -5.76036e+001  3.80000e-002  8.00000e+002
         10075  7.86699e+002  1.00750e+004 -5.76034e+001  3.80000e-002  8.00000e+002
         10076  7.86706e+002  1.00760e+004 -5.75996e+001  3.80000e-002  8.00000e+002
         10077  7.86699e+002  1.00770e+004 -5.75980e+001  3.80000e-002  8.00000e+002
         10078  7.86701e+002  1.00780e+004 -5.75970e+001  3.80000e-002  8.00000e+002
         10079  7.86703e+002  1.00790e+004 -5.75965e+001  3.80000e-002  8.00000e+002
         10080  7.86699e+002  1.00800e+004 -5.75898e+001  3.80000e-002  8.00000e+002
         10081  7.86704e+002  1.00810e+004 -5.75866e+001  3.80000e-002  8.00000e+002
         10082  7.86703e+002  1.00820e+004 -5.75837e+001  3.80000e-002  8.00000e+002
         10083  7.86704e+002  1.00830e+004 -5.75810e+001  3.80000e-002  8.00000e+002
         10084  7.86707e+002  1.00840e+004 -5.75825e+001  3.80000e-002  8.00000e+002
         10085  7.86705e+002  1.00850e+004 -5.75812e+001  3.80000e-002  8.00000e+002
         10086  7.86706e+002  1.00860e+004 -5.75804e+001  3.80000e-002  8.00000e+002
         10087  7.86712e+002  1.00870e+004 -5.75786e+001  3.80000e-002  8.00000e+002
         10088  7.86702e+002  1.00880e+004 -5.75774e+001  3.80000e-002  8.00000e+002
         10089  7.86690e+002  1.00890e+004 -5.75751e+001  3.80000e-002  8.00000e+002
         10090  7.86700e+002  1.00900e+004 -5.75738e+001  3.80000e-002  8.00000e+002
         10091  7.86699e+002  1.00910e+004 -5.75721e+001  3.80000e-002  8.00000e+002
         10092  7.86693e+002  1.00920e+004 -5.75683e+001  3.80000e-002  8.00000e+002
         10093  7.86696e+002  1.00930e+004 -5.75651e+001  3.80000e-002  8.00000e+002
         10094  7.86702e+002  1.00940e+004 -5.75633e+001  3.80000e-002  8.00000e+002
         10095  7.86691e+002  1.00950e+004 -5.75614e+001  3.80000e-002  8.00000e+002
         10096  7.86704e+002  1.00960e+004 -5.75583e+001  3.80000e-002  8.00000e+002
         10097  7.86703e+002  1.00970e+004 -5.75556e+001  3.80000e-002  8.00000e+002
         10098  7.86697e+002  1.00980e+004 -5.75531e+001  3.80000e-002  8.00000e+002
         10099  7.86702e+002  1.00990e+004 -5.75502e+001  3.80000e-002  8.00000e+002
         10100  7.86701e+002  1.01000e+004 -5.75478e+001  3.80000e-002  8.00000e+002
         10101  7.86705e+002  1.01010e+004 -5.75459e+001  3.80000e-002  8.00000e+002
         10102  7.86708e+002  1.01020e+004 -5.75433e+001  3.80000e-002  8.00000e+002
         10103  7.86702e+002  1.01030e+004 -5.75403e+001  3.80000e-002  8.00000e+002
         10104  7.86699e+002  1.01040e+004 -5.75406e+001  3.80000e-002  8.00000e+002
         10105  7.86693e+002  1.01050e+004 -5.75410e+001  3.80000e-002  8.00000e+002
         10106  7.86706e+002  1.01060e+004 -5.75388e+001  3.80000e-002  8.00000e+002
         10107  7.86703e+002  1.01070e+004 -5.75340e+001  3.80000e-002  8.00000e+002
         10108  7.86704e+002  1.01080e+004 -5.75310e+001  3.80000e-002  8.00000e+002
         10109  7.86698e+002  1.01090e+004 -5.75292e+001  3.80000e-002  8.00000e+002
         10110  7.86703e+002  1.01100e+004 -5.75285e+001  3.80000e-002  8.00000e+002
         10111  7.86699e+002  1.01110e+004 -5.75284e+001  3.80000e-002  8.00000e+002
         10112  7.86699e+002  1.01120e+004 -5.75270e+001  3.80000e-002  8.00000e+002
         10113  7.86696e+002  1.01130e+004 -5.75257e+001  3.80000e-002  8.00000e+002
         10114  7.86695e+002  1.01140e+004 -5.75247e+001  3.80000e-002  8.00000e+002
         10115  7.86700e+002  1.01150e+004 -5.75229e+001  3.80000e-002  8.00000e+002
         10116  7.86709e+002  1.01160e+004 -5.75197e+001  3.80000e-002  8.00000e+002
         10117  7.86694e+002  1.01170e+004 -5.75190e+001  3.80000e-002  8.00000e+002
         10118  7.86691e+002  1.01180e+004 -5.75183e+001  3.80000e-002  8.00000e+002
         10119  7.86695e+002  1.01190e+004 -5.75163e+001  3.80000e-002  8.00000e+002
         10120  7.86705e+002  1.01200e+004 -5.75198e+001  3.80000e-002  8.00000e+002
         10121  7.86700e+002  1.01210e+004 -5.75204e+001  3.80000e-002  8.00000e+002
         10122  7.86698e+002  1.01220e+004 -5.75200e+001  3.80000e-002  8.00000e+002
         10123  7.86698e+002  1.01230e+004 -5.75183e+001  3.80000e-002  8.00000e+002
         10124  7.86703e+002  1.01240e+004 -5.75121e+001  3.80000e-002  8.00000e+002
         10125  7.86701e+002  1.01250e+004 -5.75091e+001  3.80000e-002  8.00000e+002
         10126  7.86699e+002  1.01260e+004 -5.75086e+001  3.80000e-002  8.00000e+002
         10127  7.86700e+002  1.01270e+004 -5.75078e+001  3.80000e-002  8.00000e+002
         10128  7.86698e+002  1.01280e+004 -5.75048e+001  3.80000e-002  8.00000e+002
         10129  7.86703e+002  1.01290e+004 -5.75040e+001  3.80000e-002  8.00000e+002
         10130  7.86691e+002  1.01300e+004 -5.75027e+001  3.80000e-002  8.00000e+002
         10131  7.86696e+002  1.01310e+004 -5.75006e+001  3.80000e-002  8.00000e+002
         10132  7.86703e+002  1.01320e+004 -5.74976e+001  3.80000e-002  8.00000e+002
         10133  7.86701e+002  1.01330e+004 -5.74960e+001  3.80000e-002  8.00000e+002
         10134  7.86700e+002  1.01340e+004 -5.74946e+001  3.80000e-002  8.00000e+002
         10135  7.86702e+002  1.01350e+004 -5.74921e+001  3.80000e-002  8.00000e+002
         10136  7.86699e+002  1.01360e+004 -5.74949e+001  3.80000e-002  8.00000e+002
         10137  7.86698e+002  1.01370e+004 -5.74966e+001  3.80000e-002  8.00000e+002
         10138  7.86697e+002  1.01380e+004 -5.74976e+001  3.80000e-002  8.00000e+002
         10139  7.86699e+002  1.01390e+004 -5.74976e+001  3.80000e-002  8.00000e+002
         10140  7.86695e+002  1.01400e+004 -5.74960e+001  3.80000e-002  8.00000e+002
         10141  7.86695e+002  1.01410e+004 -5.74967e+001  3.80000e-002  8.00000e+002
         10142  7.86700e+002  1.01420e+004 -5.74975e+001  3.80000e-002  8.00000e+002
         10143  7.86699e+002  1.01430e+004 -5.74976e+001  3.80000e-002  8.00000e+002
         10144  7.86703e+002  1.01440e+004 -5.74978e+001  3.80000e-002  8.00000e+002
         10145  7.86698e+002  1.01450e+004 -5.74971e+001  3.80000e-002  8.00000e+002
         10146  7.86699e+002  1.01460e+004 -5.74951e+001  3.80000e-002  8.00000e+002
         10147  7.86703e+002  1.01470e+004 -5.74931e+001  3.80000e-002  8.00000e+002
         10148  7.86707e+002  1.01480e+004 -5.74893e+001  3.80000e-002  8.00000e+002
         10149  7.86704e+002  1.01490e+004 -5.74864e+001  3.80000e-002  8.00000e+002
         10150  7.86697e+002  1.01500e+004 -5.74836e+001  3.80000e-002  8.00000e+002
         10151  7.86705e+002  1.01510e+004 -5.74795e+001  3.80000e-002  8.00000e+002
         10152  7.86708e+002  1.01520e+004 -5.74758e+001  3.80000e-002  8.00000e+002
         10153  7.86699e+002  1.01530e+004 -5.74720e+001  3.80000e-002  8.00000e+002
         10154  7.86705e+002  1.01540e+004 -5.74698e+001  3.80000e-002  8.00000e+002
         10155  7.86695e+002  1.01550e+004 -5.74696e+001  3.80000e-002  8.00000e+002
         10156  7.86695e+002  1.01560e+004 -5.74679e+001  3.80000e-002  8.00000e+002
         10157  7.86699e+002  1.01570e+004 -5.74677e+001  3.80000e-002  8.00000e+002
         10158  7.86696e+002  1.01580e+004 -5.74689e+001  3.80000e-002  8.00000e+002
         10159  7.86704e+002  1.01590e+004 -5.74701e+001  3.80000e-002  8.00000e+002
         10160  7.86699e+002  1.01600e+004 -5.74711e+001  3.80000e-002  8.00000e+002
         10161  7.86702e+002  1.01610e+004 -5.74720e+001  3.80000e-002  8.00000e+002
         10162  7.86704e+002  1.01620e+004 -5.74720e+001  3.80000e-002  8.00000e+002
         10163  7.86699e+002  1.01630e+004 -5.74704e+001  3.80000e-002  8.00000e+002
         10164  7.86702e+002  1.01640e+004 -5.74761e+001  3.80000e-002  8.00000e+002
         10165  7.86699e+002  1.01650e+004 -5.74778e+001  3.80000e-002  8.00000e+002
         10166  7.86696e+002  1.01660e+004 -5.74768e+001  3.80000e-002  8.00000e+002
         10167  7.86698e+002  1.01670e+004 -5.74744e+001  3.80000e-002  8.00000e+002
         10168  7.86700e+002  1.01680e+004 -5.74733e+001  3.80000e-002  8.00000e+002
         10169  7.86704e+002  1.01690e+004 -5.74728e+001  3.80000e-002  8.00000e+002
         10170  7.86700e+002  1.01700e+004 -5.74713e+001  3.80000e-002  8.00000e+002
         10171  7.86704e+002  1.01710e+004 -5.74696e+001  3.80000e-002  8.00000e+002
         10172  7.86706e+002  1.01720e+004 -5.74658e+001  3.80000e-002  8.00000e+002
         10173  7.86701e+002  1.01730e+004 -5.74635e+001  3.80000e-002  8.00000e+002
         10174  7.86704e+002  1.01740e+004 -5.74620e+001  3.80000e-002  8.00000e+002
         10175  7.86711e+002  1.01750e+004 -5.74608e+001  3.80000e-002  8.00000e+002
         10176  7.86705e+002  1.01760e+004 -5.74613e+001  3.80000e-002  8.00000e+002
         10177  7.86702e+002  1.01770e+004 -5.74623e+001  3.80000e-002  8.00000e+002
         10178  7.86703e+002  1.01780e+004 -5.74639e+001  3.80000e-002  8.00000e+002
         10179  7.86703e+002  1.01790e+004 -5.74656e+001  3.80000e-002  8.00000e+002
         10180  7.86706e+002  1.01800e+004 -5.74662e+001  3.80000e-002  8.00000e+002
         10181  7.86703e+002  1.01810e+004 -5.74652e+001  3.80000e-002  8.00000e+002
         10182  7.86707e+002  1.01820e+004 -5.74637e+001  3.80000e-002  8.00000e+002
         10183  7.86707e+002  1.01830e+004 -5.74631e+001  3.80000e-002  8.00000e+002
         10184  7.86703e+002  1.01840e+004 -5.74612e+001  3.80000e-002  8.00000e+002
         10185  7.86704e+002  1.01850e+004 -5.74606e+001  3.80000e-002  8.00000e+002
         10186  7.86695e+002  1.01860e+004 -5.74604e+001  3.80000e-002  8.00000e+002
         10187  7.86703e+002  1.01870e+004 -5.74576e+001  3.80000e-002  8.00000e+002
         10188  7.86707e+002  1.01880e+004 -5.74567e+001  3.80000e-002  8.00000e+002
         10189  7.86695e+002  1.01890e+004 -5.74579e+001  3.80000e-002  8.00000e+002
         10190  7.86700e+002  1.01900e+004 -5.74579e+001  3.80000e-002  8.00000e+002
         10191  7.86699e+002  1.01910e+004 -5.74568e+001  3.80000e-002  8.00000e+002
         10192  7.86693e+002  1.01920e+004 -5.74554e+001  3.80000e-002  8.00000e+002
         10193  7.86707e+002  1.01930e+004 -5.74534e+001  3.80000e-002  8.00000e+002
         10194  7.86703e+002  1.01940e+004 -5.74506e+001  3.80000e-002  8.00000e+002
         10195  7.86706e+002  1.01950e+004 -5.74468e+001  3.80000e-002  8.00000e+002
         10196  7.86698e+002  1.01960e+004 -5.74425e+001  3.80000e-002  8.00000e+002
         10197  7.86702e+002  1.01970e+004 -5.74376e+001  3.80000e-002  8.00000e+002
         10198  7.86697e+002  1.01980e+004 -5.74327e+001  3.80000e-002  8.00000e+002
         10199  7.86705e+002  1.01990e+004 -5.74290e+001  3.80000e-002  8.00000e+002
         10200  7.86707e+002  1.02000e+004 -5.74263e+001  3.80000e-002  8.00000e+002

