         Index            Ts             t            HF        Weight            Tr
           [#]          [°C]           [s]          [mW]          [mg]          [°C]
             0   7.58838e+01   0.00000e+00  -2.91336e+01   1.58918e+01   1.00000e+02
             1   7.61003e+01   1.00000e+00  -2.83123e+01   1.58903e+01   1.00083e+02
             2   7.63206e+01   2.00000e+00  -2.74185e+01   1.58889e+01   1.00167e+02
             3   7.65356e+01   3.00000e+00  -2.65681e+01   1.58874e+01   1.00250e+02
             4   7.67901e+01   4.00000e+00  -2.57726e+01   1.58856e+01   1.00333e+02
             5   7.70547e+01   5.00000e+00  -2.50106e+01   1.58842e+01   1.00417e+02
             6   7.73378e+01   6.00000e+00  -2.43483e+01   1.58830e+01   1.00500e+02
             7   7.76124e+01   7.00000e+00  -2.37111e+01   1.58818e+01   1.00583e+02
             8   7.78934e+01   8.00000e+00  -2.31740e+01   1.58812e+01   1.00667e+02
             9   7.81668e+01   9.00000e+00  -2.26590e+01   1.58805e+01   1.00750e+02
            10   7.84491e+01   1.00000e+01  -2.21878e+01   1.58798e+01   1.00833e+02
            11   7.87277e+01   1.10000e+01  -2.17243e+01   1.58792e+01   1.00917e+02
            12   7.90155e+01   1.20000e+01  -2.13231e+01   1.58790e+01   1.01000e+02
            13   7.92963e+01   1.30000e+01  -2.09280e+01   1.58787e+01   1.01083e+02
            14   7.95597e+01   1.40000e+01  -2.05547e+01   1.58784e+01   1.01167e+02
            15   7.98456e+01   1.50000e+01  -2.01790e+01   1.58781e+01   1.01250e+02
            16   8.01343e+01   1.60000e+01  -1.98684e+01   1.58779e+01   1.01333e+02
            17   8.04010e+01   1.70000e+01  -1.95365e+01   1.58775e+01   1.01417e+02
            18   8.06824e+01   1.80000e+01  -1.92086e+01   1.58770e+01   1.01500e+02
            19   8.09677e+01   1.90000e+01  -1.88859e+01   1.58766e+01   1.01583e+02
            20   8.12341e+01   2.00000e+01  -1.86172e+01   1.58759e+01   1.01667e+02
            21   8.15015e+01   2.10000e+01  -1.83298e+01   1.58754e+01   1.01750e+02
            22   8.17716e+01   2.20000e+01  -1.80386e+01   1.58748e+01   1.01833e+02
            23   8.20340e+01   2.30000e+01  -1.77403e+01   1.58743e+01   1.01917e+02
            24   8.23054e+01   2.40000e+01  -1.75172e+01   1.58737e+01   1.02000e+02
            25   8.25655e+01   2.50000e+01  -1.72609e+01   1.58731e+01   1.02083e+02
            26   8.28339e+01   2.60000e+01  -1.69974e+01   1.58724e+01   1.02167e+02
            27   8.30919e+01   2.70000e+01  -1.67433e+01   1.58718e+01   1.02250e+02
            28   8.33325e+01   2.80000e+01  -1.65323e+01   1.58711e+01   1.02333e+02
            29   8.35890e+01   2.90000e+01  -1.62977e+01   1.58705e+01   1.02417e+02
            30   8.38397e+01   3.00000e+01  -1.60724e+01   1.58698e+01   1.02500e+02
            31   8.40948e+01   3.10000e+01  -1.58510e+01   1.58692e+01   1.02583e+02
            32   8.43528e+01   3.20000e+01  -1.56785e+01   1.58686e+01   1.02667e+02
            33   8.45927e+01   3.30000e+01  -1.54792e+01   1.58680e+01   1.02750e+02
            34   8.48401e+01   3.40000e+01  -1.52775e+01   1.58674e+01   1.02833e+02
            35   8.50796e+01   3.50000e+01  -1.50780e+01   1.58668e+01   1.02917e+02
            36   8.53154e+01   3.60000e+01  -1.49139e+01   1.58662e+01   1.03000e+02
            37   8.55414e+01   3.70000e+01  -1.47353e+01   1.58657e+01   1.03083e+02
            38   8.57976e+01   3.80000e+01  -1.45515e+01   1.58653e+01   1.03167e+02
            39   8.60246e+01   3.90000e+01  -1.43623e+01   1.58649e+01   1.03250e+02
            40   8.62513e+01   4.00000e+01  -1.42094e+01   1.58646e+01   1.03333e+02
            41   8.64795e+01   4.10000e+01  -1.40436e+01   1.58643e+01   1.03417e+02
            42   8.67022e+01   4.20000e+01  -1.38702e+01   1.58640e+01   1.03500e+02
            43   8.69349e+01   4.30000e+01  -1.36969e+01   1.58638e+01   1.03583e+02
            44   8.71570e+01   4.40000e+01  -1.35811e+01   1.58636e+01   1.03667e+02
            45   8.73560e+01   4.50000e+01  -1.34350e+01   1.58635e+01   1.03750e+02
            46   8.75926e+01   4.60000e+01  -1.32937e+01   1.58633e+01   1.03833e+02
            47   8.78045e+01   4.70000e+01  -1.31555e+01   1.58632e+01   1.03917e+02
            48   8.80180e+01   4.80000e+01  -1.30638e+01   1.58631e+01   1.04000e+02
            49   8.82366e+01   4.90000e+01  -1.29429e+01   1.58629e+01   1.04083e+02
            50   8.84443e+01   5.00000e+01  -1.28146e+01   1.58626e+01   1.04167e+02
            51   8.86625e+01   5.10000e+01  -1.26952e+01   1.58624e+01   1.04250e+02
            52   8.88720e+01   5.20000e+01  -1.26095e+01   1.58620e+01   1.04333e+02
            53   8.90722e+01   5.30000e+01  -1.25068e+01   1.58618e+01   1.04417e+02
            54   8.92730e+01   5.40000e+01  -1.24031e+01   1.58616e+01   1.04500e+02
            55   8.94774e+01   5.50000e+01  -1.23008e+01   1.58614e+01   1.04583e+02
            56   8.96832e+01   5.60000e+01  -1.22179e+01   1.58613e+01   1.04667e+02
            57   8.98918e+01   5.70000e+01  -1.21280e+01   1.58612e+01   1.04750e+02
            58   9.00856e+01   5.80000e+01  -1.20374e+01   1.58611e+01   1.04833e+02
            59   9.02831e+01   5.90000e+01  -1.19475e+01   1.58610e+01   1.04917e+02
            60   9.04802e+01   6.00000e+01  -1.18788e+01   1.58611e+01   1.05000e+02
            61   9.06780e+01   6.10000e+01  -1.18014e+01   1.58610e+01   1.05083e+02
            62   9.08611e+01   6.20000e+01  -1.17237e+01   1.58610e+01   1.05167e+02
            63   9.10623e+01   6.30000e+01  -1.16474e+01   1.58610e+01   1.05250e+02
            64   9.12449e+01   6.40000e+01  -1.15888e+01   1.58610e+01   1.05333e+02
            65   9.14523e+01   6.50000e+01  -1.15229e+01   1.58610e+01   1.05417e+02
            66   9.16180e+01   6.60000e+01  -1.14581e+01   1.58610e+01   1.05500e+02
            67   9.18251e+01   6.70000e+01  -1.13953e+01   1.58610e+01   1.05583e+02
            68   9.20064e+01   6.80000e+01  -1.13449e+01   1.58610e+01   1.05667e+02
            69   9.21916e+01   6.90000e+01  -1.12895e+01   1.58610e+01   1.05750e+02
            70   9.23775e+01   7.00000e+01  -1.12349e+01   1.58610e+01   1.05833e+02
            71   9.25573e+01   7.10000e+01  -1.11815e+01   1.58610e+01   1.05917e+02
            72   9.27480e+01   7.20000e+01  -1.11440e+01   1.58610e+01   1.06000e+02
            73   9.29250e+01   7.30000e+01  -1.11005e+01   1.58610e+01   1.06083e+02
            74   9.31009e+01   7.40000e+01  -1.10572e+01   1.58610e+01   1.06167e+02
            75   9.32863e+01   7.50000e+01  -1.10156e+01   1.58610e+01   1.06250e+02
            76   9.34591e+01   7.60000e+01  -1.09854e+01   1.58610e+01   1.06333e+02
            77   9.36355e+01   7.70000e+01  -1.09487e+01   1.58610e+01   1.06417e+02
            78   9.38204e+01   7.80000e+01  -1.09114e+01   1.58610e+01   1.06500e+02
            79   9.40050e+01   7.90000e+01  -1.08758e+01   1.58610e+01   1.06583e+02
            80   9.41682e+01   8.00000e+01  -1.08538e+01   1.58610e+01   1.06667e+02
            81   9.43619e+01   8.10000e+01  -1.08251e+01   1.58610e+01   1.06750e+02
            82   9.45210e+01   8.20000e+01  -1.07963e+01   1.58610e+01   1.06833e+02
            83   9.46867e+01   8.30000e+01  -1.07678e+01   1.58610e+01   1.06917e+02
            84   9.48718e+01   8.40000e+01  -1.07462e+01   1.58610e+01   1.07000e+02
            85   9.50309e+01   8.50000e+01  -1.07220e+01   1.58610e+01   1.07083e+02
            86   9.52055e+01   8.60000e+01  -1.06979e+01   1.58610e+01   1.07167e+02
            87   9.53680e+01   8.70000e+01  -1.06739e+01   1.58610e+01   1.07250e+02
            88   9.55348e+01   8.80000e+01  -1.06573e+01   1.58610e+01   1.07333e+02
            89   9.57030e+01   8.90000e+01  -1.06372e+01   1.58610e+01   1.07417e+02
            90   9.58735e+01   9.00000e+01  -1.06168e+01   1.58610e+01   1.07500e+02
            91   9.60455e+01   9.10000e+01  -1.05971e+01   1.58610e+01   1.07583e+02
            92   9.62027e+01   9.20000e+01  -1.05811e+01   1.58610e+01   1.07667e+02
            93   9.63706e+01   9.30000e+01  -1.05639e+01   1.58610e+01   1.07750e+02
            94   9.65341e+01   9.40000e+01  -1.05465e+01   1.58610e+01   1.07833e+02
            95   9.66864e+01   9.50000e+01  -1.05291e+01   1.58610e+01   1.07917e+02
            96   9.68618e+01   9.60000e+01  -1.05168e+01   1.58610e+01   1.08000e+02
            97   9.70247e+01   9.70000e+01  -1.05036e+01   1.58610e+01   1.08083e+02
            98   9.71789e+01   9.80000e+01  -1.04907e+01   1.58610e+01   1.08167e+02
            99   9.73323e+01   9.90000e+01  -1.04765e+01   1.58610e+01   1.08250e+02
           100   9.75059e+01   1.00000e+02  -1.04670e+01   1.58609e+01   1.08333e+02
           101   9.76540e+01   1.01000e+02  -1.04551e+01   1.58608e+01   1.08417e+02
           102   9.78163e+01   1.02000e+02  -1.04434e+01   1.58607e+01   1.08500e+02
           103   9.79634e+01   1.03000e+02  -1.04315e+01   1.58606e+01   1.08583e+02
           104   9.81127e+01   1.04000e+02  -1.04254e+01   1.58604e+01   1.08667e+02
           105   9.82883e+01   1.05000e+02  -1.04170e+01   1.58602e+01   1.08750e+02
           106   9.84377e+01   1.06000e+02  -1.04098e+01   1.58601e+01   1.08833e+02
           107   9.86041e+01   1.07000e+02  -1.04036e+01   1.58601e+01   1.08917e+02
           108   9.87530e+01   1.08000e+02  -1.03960e+01   1.58601e+01   1.09000e+02
           109   9.89118e+01   1.09000e+02  -1.03880e+01   1.58600e+01   1.09083e+02
           110   9.90556e+01   1.10000e+02  -1.03812e+01   1.58600e+01   1.09167e+02
           111   9.92175e+01   1.11000e+02  -1.03747e+01   1.58600e+01   1.09250e+02
           112   9.93459e+01   1.12000e+02  -1.03738e+01   1.58600e+01   1.09333e+02
           113   9.95087e+01   1.13000e+02  -1.03699e+01   1.58600e+01   1.09417e+02
           114   9.96634e+01   1.14000e+02  -1.03658e+01   1.58600e+01   1.09500e+02
           115   9.98139e+01   1.15000e+02  -1.03604e+01   1.58600e+01   1.09583e+02
           116   9.99589e+01   1.16000e+02  -1.03565e+01   1.58600e+01   1.09667e+02
           117   1.00119e+02   1.17000e+02  -1.03536e+01   1.58600e+01   1.09750e+02
           118   1.00261e+02   1.18000e+02  -1.03496e+01   1.58600e+01   1.09833e+02
           119   1.00413e+02   1.19000e+02  -1.03447e+01   1.58600e+01   1.09917e+02
           120   1.00560e+02   1.20000e+02  -1.03420e+01   1.58600e+01   1.10000e+02
           121   1.00701e+02   1.21000e+02  -1.03390e+01   1.58600e+01   1.10083e+02
           122   1.00854e+02   1.22000e+02  -1.03362e+01   1.58600e+01   1.10167e+02
           123   1.01005e+02   1.23000e+02  -1.03332e+01   1.58600e+01   1.10250e+02
           124   1.01152e+02   1.24000e+02  -1.03304e+01   1.58600e+01   1.10333e+02
           125   1.01290e+02   1.25000e+02  -1.03292e+01   1.58600e+01   1.10417e+02
           126   1.01432e+02   1.26000e+02  -1.03278e+01   1.58600e+01   1.10500e+02
           127   1.01579e+02   1.27000e+02  -1.03247e+01   1.58600e+01   1.10583e+02
           128   1.01722e+02   1.28000e+02  -1.03259e+01   1.58599e+01   1.10667e+02
           129   1.01871e+02   1.29000e+02  -1.03271e+01   1.58598e+01   1.10750e+02
           130   1.02011e+02   1.30000e+02  -1.03281e+01   1.58597e+01   1.10833e+02
           131   1.02150e+02   1.31000e+02  -1.03279e+01   1.58596e+01   1.10917e+02
           132   1.02292e+02   1.32000e+02  -1.03326e+01   1.58594e+01   1.11000e+02
           133   1.02434e+02   1.33000e+02  -1.03342e+01   1.58592e+01   1.11083e+02
           134   1.02568e+02   1.34000e+02  -1.03340e+01   1.58591e+01   1.11167e+02
           135   1.02705e+02   1.35000e+02  -1.03327e+01   1.58591e+01   1.11250e+02
           136   1.02850e+02   1.36000e+02  -1.03324e+01   1.58591e+01   1.11333e+02
           137   1.02990e+02   1.37000e+02  -1.03325e+01   1.58590e+01   1.11417e+02
           138   1.03128e+02   1.38000e+02  -1.03335e+01   1.58590e+01   1.11500e+02
           139   1.03261e+02   1.39000e+02  -1.03349e+01   1.58590e+01   1.11583e+02
           140   1.03407e+02   1.40000e+02  -1.03360e+01   1.58590e+01   1.11667e+02
           141   1.03531e+02   1.41000e+02  -1.03366e+01   1.58590e+01   1.11750e+02
           142   1.03677e+02   1.42000e+02  -1.03369e+01   1.58590e+01   1.11833e+02
           143   1.03817e+02   1.43000e+02  -1.03357e+01   1.58590e+01   1.11917e+02
           144   1.03952e+02   1.44000e+02  -1.03357e+01   1.58590e+01   1.12000e+02
           145   1.04091e+02   1.45000e+02  -1.03381e+01   1.58590e+01   1.12083e+02
           146   1.04229e+02   1.46000e+02  -1.03402e+01   1.58590e+01   1.12167e+02
           147   1.04357e+02   1.47000e+02  -1.03420e+01   1.58590e+01   1.12250e+02
           148   1.04501e+02   1.48000e+02  -1.03460e+01   1.58590e+01   1.12333e+02
           149   1.04623e+02   1.49000e+02  -1.03481e+01   1.58590e+01   1.12417e+02
           150   1.04756e+02   1.50000e+02  -1.03496e+01   1.58590e+01   1.12500e+02
           151   1.04895e+02   1.51000e+02  -1.03517e+01   1.58590e+01   1.12583e+02
           152   1.05028e+02   1.52000e+02  -1.03534e+01   1.58590e+01   1.12667e+02
           153   1.05156e+02   1.53000e+02  -1.03571e+01   1.58590e+01   1.12750e+02
           154   1.05288e+02   1.54000e+02  -1.03611e+01   1.58590e+01   1.12833e+02
           155   1.05412e+02   1.55000e+02  -1.03635e+01   1.58590e+01   1.12917e+02
           156   1.05554e+02   1.56000e+02  -1.03647e+01   1.58589e+01   1.13000e+02
           157   1.05678e+02   1.57000e+02  -1.03670e+01   1.58588e+01   1.13083e+02
           158   1.05811e+02   1.58000e+02  -1.03707e+01   1.58587e+01   1.13167e+02
           159   1.05935e+02   1.59000e+02  -1.03749e+01   1.58586e+01   1.13250e+02
           160   1.06069e+02   1.60000e+02  -1.03798e+01   1.58584e+01   1.13333e+02
           161   1.06195e+02   1.61000e+02  -1.03829e+01   1.58582e+01   1.13417e+02
           162   1.06322e+02   1.62000e+02  -1.03849e+01   1.58581e+01   1.13500e+02
           163   1.06450e+02   1.63000e+02  -1.03864e+01   1.58581e+01   1.13583e+02
           164   1.06573e+02   1.64000e+02  -1.03870e+01   1.58581e+01   1.13667e+02
           165   1.06714e+02   1.65000e+02  -1.03900e+01   1.58580e+01   1.13750e+02
           166   1.06843e+02   1.66000e+02  -1.03927e+01   1.58580e+01   1.13833e+02
           167   1.06962e+02   1.67000e+02  -1.03953e+01   1.58580e+01   1.13917e+02
           168   1.07083e+02   1.68000e+02  -1.04012e+01   1.58580e+01   1.14000e+02
           169   1.07204e+02   1.69000e+02  -1.04059e+01   1.58580e+01   1.14083e+02
           170   1.07354e+02   1.70000e+02  -1.04092e+01   1.58580e+01   1.14167e+02
           171   1.07483e+02   1.71000e+02  -1.04132e+01   1.58580e+01   1.14250e+02
           172   1.07594e+02   1.72000e+02  -1.04170e+01   1.58580e+01   1.14333e+02
           173   1.07726e+02   1.73000e+02  -1.04216e+01   1.58580e+01   1.14417e+02
           174   1.07851e+02   1.74000e+02  -1.04257e+01   1.58580e+01   1.14500e+02
           175   1.07971e+02   1.75000e+02  -1.04298e+01   1.58580e+01   1.14583e+02
           176   1.08092e+02   1.76000e+02  -1.04372e+01   1.58580e+01   1.14667e+02
           177   1.08215e+02   1.77000e+02  -1.04419e+01   1.58579e+01   1.14750e+02
           178   1.08347e+02   1.78000e+02  -1.04457e+01   1.58578e+01   1.14833e+02
           179   1.08467e+02   1.79000e+02  -1.04507e+01   1.58577e+01   1.14917e+02
           180   1.08595e+02   1.80000e+02  -1.04568e+01   1.58575e+01   1.15000e+02
           181   1.08720e+02   1.81000e+02  -1.04631e+01   1.58574e+01   1.15083e+02
           182   1.08840e+02   1.82000e+02  -1.04681e+01   1.58573e+01   1.15167e+02
           183   1.08957e+02   1.83000e+02  -1.04733e+01   1.58572e+01   1.15250e+02
           184   1.09066e+02   1.84000e+02  -1.04777e+01   1.58571e+01   1.15333e+02
           185   1.09194e+02   1.85000e+02  -1.04824e+01   1.58571e+01   1.15417e+02
           186   1.09313e+02   1.86000e+02  -1.04884e+01   1.58571e+01   1.15500e+02
           187   1.09433e+02   1.87000e+02  -1.04943e+01   1.58570e+01   1.15583e+02
           188   1.09555e+02   1.88000e+02  -1.05014e+01   1.58570e+01   1.15667e+02
           189   1.09679e+02   1.89000e+02  -1.05091e+01   1.58570e+01   1.15750e+02
           190   1.09806e+02   1.90000e+02  -1.05175e+01   1.58570e+01   1.15833e+02
           191   1.09923e+02   1.91000e+02  -1.05267e+01   1.58569e+01   1.15917e+02
           192   1.10039e+02   1.92000e+02  -1.05322e+01   1.58568e+01   1.16000e+02
           193   1.10161e+02   1.93000e+02  -1.05385e+01   1.58567e+01   1.16083e+02
           194   1.10265e+02   1.94000e+02  -1.05463e+01   1.58565e+01   1.16167e+02
           195   1.10393e+02   1.95000e+02  -1.05541e+01   1.58564e+01   1.16250e+02
           196   1.10510e+02   1.96000e+02  -1.05650e+01   1.58563e+01   1.16333e+02
           197   1.10628e+02   1.97000e+02  -1.05727e+01   1.58562e+01   1.16417e+02
           198   1.10743e+02   1.98000e+02  -1.05788e+01   1.58561e+01   1.16500e+02
           199   1.10862e+02   1.99000e+02  -1.05843e+01   1.58560e+01   1.16583e+02
           200   1.10988e+02   2.00000e+02  -1.05890e+01   1.58561e+01   1.16667e+02
           201   1.11114e+02   2.01000e+02  -1.05933e+01   1.58560e+01   1.16750e+02
           202   1.11221e+02   2.02000e+02  -1.05979e+01   1.58560e+01   1.16833e+02
           203   1.11336e+02   2.03000e+02  -1.06030e+01   1.58560e+01   1.16917e+02
           204   1.11442e+02   2.04000e+02  -1.06070e+01   1.58560e+01   1.17000e+02
           205   1.11555e+02   2.05000e+02  -1.06131e+01   1.58560e+01   1.17083e+02
           206   1.11675e+02   2.06000e+02  -1.06199e+01   1.58560e+01   1.17167e+02
           207   1.11804e+02   2.07000e+02  -1.06259e+01   1.58560e+01   1.17250e+02
           208   1.11914e+02   2.08000e+02  -1.06300e+01   1.58560e+01   1.17333e+02
           209   1.12030e+02   2.09000e+02  -1.06360e+01   1.58560e+01   1.17417e+02
           210   1.12142e+02   2.10000e+02  -1.06415e+01   1.58560e+01   1.17500e+02
           211   1.12253e+02   2.11000e+02  -1.06478e+01   1.58560e+01   1.17583e+02
           212   1.12378e+02   2.12000e+02  -1.06573e+01   1.58560e+01   1.17667e+02
           213   1.12490e+02   2.13000e+02  -1.06653e+01   1.58560e+01   1.17750e+02
           214   1.12597e+02   2.14000e+02  -1.06720e+01   1.58560e+01   1.17833e+02
           215   1.12707e+02   2.15000e+02  -1.06775e+01   1.58560e+01   1.17917e+02
           216   1.12811e+02   2.16000e+02  -1.06840e+01   1.58560e+01   1.18000e+02
           217   1.12932e+02   2.17000e+02  -1.06898e+01   1.58560e+01   1.18083e+02
           218   1.13035e+02   2.18000e+02  -1.06964e+01   1.58560e+01   1.18167e+02
           219   1.13148e+02   2.19000e+02  -1.07044e+01   1.58560e+01   1.18250e+02
           220   1.13265e+02   2.20000e+02  -1.07134e+01   1.58560e+01   1.18333e+02
           221   1.13381e+02   2.21000e+02  -1.07215e+01   1.58560e+01   1.18417e+02
           222   1.13496e+02   2.22000e+02  -1.07286e+01   1.58560e+01   1.18500e+02
           223   1.13600e+02   2.23000e+02  -1.07345e+01   1.58560e+01   1.18583e+02
           224   1.13711e+02   2.24000e+02  -1.07408e+01   1.58560e+01   1.18667e+02
           225   1.13819e+02   2.25000e+02  -1.07473e+01   1.58560e+01   1.18750e+02
           226   1.13931e+02   2.26000e+02  -1.07536e+01   1.58560e+01   1.18833e+02
           227   1.14039e+02   2.27000e+02  -1.07603e+01   1.58560e+01   1.18917e+02
           228   1.14152e+02   2.28000e+02  -1.07699e+01   1.58559e+01   1.19000e+02
           229   1.14258e+02   2.29000e+02  -1.07780e+01   1.58558e+01   1.19083e+02
           230   1.14374e+02   2.30000e+02  -1.07857e+01   1.58557e+01   1.19167e+02
           231   1.14484e+02   2.31000e+02  -1.07940e+01   1.58556e+01   1.19250e+02
           232   1.14599e+02   2.32000e+02  -1.07994e+01   1.58554e+01   1.19333e+02
           233   1.14695e+02   2.33000e+02  -1.08061e+01   1.58552e+01   1.19417e+02
           234   1.14814e+02   2.34000e+02  -1.08129e+01   1.58551e+01   1.19500e+02
           235   1.14921e+02   2.35000e+02  -1.08202e+01   1.58551e+01   1.19583e+02
           236   1.15026e+02   2.36000e+02  -1.08316e+01   1.58551e+01   1.19667e+02
           237   1.15137e+02   2.37000e+02  -1.08419e+01   1.58550e+01   1.19750e+02
           238   1.15243e+02   2.38000e+02  -1.08511e+01   1.58550e+01   1.19833e+02
           239   1.15350e+02   2.39000e+02  -1.08590e+01   1.58550e+01   1.19917e+02
           240   1.15459e+02   2.40000e+02  -1.08671e+01   1.58550e+01   1.20000e+02
           241   1.15571e+02   2.41000e+02  -1.08752e+01   1.58550e+01   1.20083e+02
           242   1.15684e+02   2.42000e+02  -1.08845e+01   1.58550e+01   1.20167e+02
           243   1.15791e+02   2.43000e+02  -1.08946e+01   1.58550e+01   1.20250e+02
           244   1.15904e+02   2.44000e+02  -1.09050e+01   1.58550e+01   1.20333e+02
           245   1.16005e+02   2.45000e+02  -1.09160e+01   1.58550e+01   1.20417e+02
           246   1.16102e+02   2.46000e+02  -1.09264e+01   1.58550e+01   1.20500e+02
           247   1.16223e+02   2.47000e+02  -1.09368e+01   1.58550e+01   1.20583e+02
           248   1.16325e+02   2.48000e+02  -1.09461e+01   1.58550e+01   1.20667e+02
           249   1.16430e+02   2.49000e+02  -1.09554e+01   1.58550e+01   1.20750e+02
           250   1.16547e+02   2.50000e+02  -1.09653e+01   1.58550e+01   1.20833e+02
           251   1.16638e+02   2.51000e+02  -1.09758e+01   1.58550e+01   1.20917e+02
           252   1.16749e+02   2.52000e+02  -1.09905e+01   1.58550e+01   1.21000e+02
           253   1.16846e+02   2.53000e+02  -1.10012e+01   1.58550e+01   1.21083e+02
           254   1.16948e+02   2.54000e+02  -1.10111e+01   1.58550e+01   1.21167e+02
           255   1.17064e+02   2.55000e+02  -1.10208e+01   1.58550e+01   1.21250e+02
           256   1.17164e+02   2.56000e+02  -1.10281e+01   1.58549e+01   1.21333e+02
           257   1.17265e+02   2.57000e+02  -1.10386e+01   1.58548e+01   1.21417e+02
           258   1.17383e+02   2.58000e+02  -1.10502e+01   1.58547e+01   1.21500e+02
           259   1.17480e+02   2.59000e+02  -1.10613e+01   1.58546e+01   1.21583e+02
           260   1.17595e+02   2.60000e+02  -1.10713e+01   1.58544e+01   1.21667e+02
           261   1.17683e+02   2.61000e+02  -1.10814e+01   1.58542e+01   1.21750e+02
           262   1.17791e+02   2.62000e+02  -1.10905e+01   1.58541e+01   1.21833e+02
           263   1.17895e+02   2.63000e+02  -1.10987e+01   1.58541e+01   1.21917e+02
           264   1.17996e+02   2.64000e+02  -1.11072e+01   1.58541e+01   1.22000e+02
           265   1.18096e+02   2.65000e+02  -1.11168e+01   1.58540e+01   1.22083e+02
           266   1.18200e+02   2.66000e+02  -1.11276e+01   1.58540e+01   1.22167e+02
           267   1.18298e+02   2.67000e+02  -1.11374e+01   1.58540e+01   1.22250e+02
           268   1.18414e+02   2.68000e+02  -1.11448e+01   1.58540e+01   1.22333e+02
           269   1.18510e+02   2.69000e+02  -1.11551e+01   1.58540e+01   1.22417e+02
           270   1.18611e+02   2.70000e+02  -1.11657e+01   1.58540e+01   1.22500e+02
           271   1.18709e+02   2.71000e+02  -1.11762e+01   1.58540e+01   1.22583e+02
           272   1.18825e+02   2.72000e+02  -1.11864e+01   1.58540e+01   1.22667e+02
           273   1.18920e+02   2.73000e+02  -1.11982e+01   1.58540e+01   1.22750e+02
           274   1.19018e+02   2.74000e+02  -1.12104e+01   1.58540e+01   1.22833e+02
           275   1.19115e+02   2.75000e+02  -1.12222e+01   1.58540e+01   1.22917e+02
           276   1.19226e+02   2.76000e+02  -1.12360e+01   1.58539e+01   1.23000e+02
           277   1.19330e+02   2.77000e+02  -1.12480e+01   1.58538e+01   1.23083e+02
           278   1.19427e+02   2.78000e+02  -1.12595e+01   1.58537e+01   1.23167e+02
           279   1.19519e+02   2.79000e+02  -1.12711e+01   1.58536e+01   1.23250e+02
           280   1.19628e+02   2.80000e+02  -1.12842e+01   1.58534e+01   1.23333e+02
           281   1.19750e+02   2.81000e+02  -1.12964e+01   1.58532e+01   1.23417e+02
           282   1.19830e+02   2.82000e+02  -1.13073e+01   1.58531e+01   1.23500e+02
           283   1.19931e+02   2.83000e+02  -1.13181e+01   1.58531e+01   1.23583e+02
           284   1.20034e+02   2.84000e+02  -1.13282e+01   1.58531e+01   1.23667e+02
           285   1.20145e+02   2.85000e+02  -1.13389e+01   1.58530e+01   1.23750e+02
           286   1.20245e+02   2.86000e+02  -1.13498e+01   1.58530e+01   1.23833e+02
           287   1.20342e+02   2.87000e+02  -1.13608e+01   1.58530e+01   1.23917e+02
           288   1.20439e+02   2.88000e+02  -1.13713e+01   1.58530e+01   1.24000e+02
           289   1.20535e+02   2.89000e+02  -1.13811e+01   1.58530e+01   1.24083e+02
           290   1.20647e+02   2.90000e+02  -1.13912e+01   1.58530e+01   1.24167e+02
           291   1.20742e+02   2.91000e+02  -1.14031e+01   1.58530e+01   1.24250e+02
           292   1.20846e+02   2.92000e+02  -1.14126e+01   1.58530e+01   1.24333e+02
           293   1.20933e+02   2.93000e+02  -1.14226e+01   1.58530e+01   1.24417e+02
           294   1.21034e+02   2.94000e+02  -1.14318e+01   1.58530e+01   1.24500e+02
           295   1.21139e+02   2.95000e+02  -1.14407e+01   1.58529e+01   1.24583e+02
           296   1.21244e+02   2.96000e+02  -1.14530e+01   1.58528e+01   1.24667e+02
           297   1.21338e+02   2.97000e+02  -1.14644e+01   1.58527e+01   1.24750e+02
           298   1.21440e+02   2.98000e+02  -1.14739e+01   1.58525e+01   1.24833e+02
           299   1.21533e+02   2.99000e+02  -1.14830e+01   1.58524e+01   1.24917e+02
           300   1.21641e+02   3.00000e+02  -1.14953e+01   1.58523e+01   1.25000e+02
           301   1.21739e+02   3.01000e+02  -1.15070e+01   1.58522e+01   1.25083e+02
           302   1.21835e+02   3.02000e+02  -1.15197e+01   1.58521e+01   1.25167e+02
           303   1.21929e+02   3.03000e+02  -1.15328e+01   1.58520e+01   1.25250e+02
           304   1.22035e+02   3.04000e+02  -1.15438e+01   1.58521e+01   1.25333e+02
           305   1.22128e+02   3.05000e+02  -1.15558e+01   1.58520e+01   1.25417e+02
           306   1.22221e+02   3.06000e+02  -1.15670e+01   1.58520e+01   1.25500e+02
           307   1.22334e+02   3.07000e+02  -1.15768e+01   1.58520e+01   1.25583e+02
           308   1.22428e+02   3.08000e+02  -1.15909e+01   1.58520e+01   1.25667e+02
           309   1.22535e+02   3.09000e+02  -1.16047e+01   1.58520e+01   1.25750e+02
           310   1.22616e+02   3.10000e+02  -1.16175e+01   1.58520e+01   1.25833e+02
           311   1.22726e+02   3.11000e+02  -1.16306e+01   1.58519e+01   1.25917e+02
           312   1.22813e+02   3.12000e+02  -1.16446e+01   1.58518e+01   1.26000e+02
           313   1.22917e+02   3.13000e+02  -1.16565e+01   1.58517e+01   1.26083e+02
           314   1.23026e+02   3.14000e+02  -1.16693e+01   1.58515e+01   1.26167e+02
           315   1.23113e+02   3.15000e+02  -1.16839e+01   1.58514e+01   1.26250e+02
           316   1.23219e+02   3.16000e+02  -1.16954e+01   1.58513e+01   1.26333e+02
           317   1.23309e+02   3.17000e+02  -1.17068e+01   1.58512e+01   1.26417e+02
           318   1.23397e+02   3.18000e+02  -1.17179e+01   1.58511e+01   1.26500e+02
           319   1.23502e+02   3.19000e+02  -1.17289e+01   1.58510e+01   1.26583e+02
           320   1.23608e+02   3.20000e+02  -1.17433e+01   1.58511e+01   1.26667e+02
           321   1.23701e+02   3.21000e+02  -1.17571e+01   1.58510e+01   1.26750e+02
           322   1.23790e+02   3.22000e+02  -1.17700e+01   1.58510e+01   1.26833e+02
           323   1.23883e+02   3.23000e+02  -1.17832e+01   1.58510e+01   1.26917e+02
           324   1.23981e+02   3.24000e+02  -1.17955e+01   1.58510e+01   1.27000e+02
           325   1.24087e+02   3.25000e+02  -1.18073e+01   1.58510e+01   1.27083e+02
           326   1.24178e+02   3.26000e+02  -1.18189e+01   1.58510e+01   1.27167e+02
           327   1.24285e+02   3.27000e+02  -1.18299e+01   1.58510e+01   1.27250e+02
           328   1.24375e+02   3.28000e+02  -1.18415e+01   1.58510e+01   1.27333e+02
           329   1.24475e+02   3.29000e+02  -1.18544e+01   1.58510e+01   1.27417e+02
           330   1.24559e+02   3.30000e+02  -1.18682e+01   1.58510e+01   1.27500e+02
           331   1.24660e+02   3.31000e+02  -1.18823e+01   1.58510e+01   1.27583e+02
           332   1.24759e+02   3.32000e+02  -1.18946e+01   1.58510e+01   1.27667e+02
           333   1.24859e+02   3.33000e+02  -1.19084e+01   1.58510e+01   1.27750e+02
           334   1.24942e+02   3.34000e+02  -1.19231e+01   1.58510e+01   1.27833e+02
           335   1.25039e+02   3.35000e+02  -1.19374e+01   1.58510e+01   1.27917e+02
           336   1.25142e+02   3.36000e+02  -1.19522e+01   1.58510e+01   1.28000e+02
           337   1.25234e+02   3.37000e+02  -1.19669e+01   1.58510e+01   1.28083e+02
           338   1.25328e+02   3.38000e+02  -1.19806e+01   1.58510e+01   1.28167e+02
           339   1.25418e+02   3.39000e+02  -1.19938e+01   1.58510e+01   1.28250e+02
           340   1.25521e+02   3.40000e+02  -1.20085e+01   1.58510e+01   1.28333e+02
           341   1.25610e+02   3.41000e+02  -1.20219e+01   1.58510e+01   1.28417e+02
           342   1.25707e+02   3.42000e+02  -1.20359e+01   1.58509e+01   1.28500e+02
           343   1.25806e+02   3.43000e+02  -1.20504e+01   1.58508e+01   1.28583e+02
           344   1.25891e+02   3.44000e+02  -1.20639e+01   1.58506e+01   1.28667e+02
           345   1.25992e+02   3.45000e+02  -1.20780e+01   1.58505e+01   1.28750e+02
           346   1.26088e+02   3.46000e+02  -1.20934e+01   1.58504e+01   1.28833e+02
           347   1.26173e+02   3.47000e+02  -1.21098e+01   1.58503e+01   1.28917e+02
           348   1.26271e+02   3.48000e+02  -1.21239e+01   1.58502e+01   1.29000e+02
           349   1.26382e+02   3.49000e+02  -1.21384e+01   1.58501e+01   1.29083e+02
           350   1.26466e+02   3.50000e+02  -1.21536e+01   1.58501e+01   1.29167e+02
           351   1.26551e+02   3.51000e+02  -1.21684e+01   1.58500e+01   1.29250e+02
           352   1.26654e+02   3.52000e+02  -1.21884e+01   1.58500e+01   1.29333e+02
           353   1.26743e+02   3.53000e+02  -1.22035e+01   1.58500e+01   1.29417e+02
           354   1.26848e+02   3.54000e+02  -1.22171e+01   1.58500e+01   1.29500e+02
           355   1.26931e+02   3.55000e+02  -1.22307e+01   1.58500e+01   1.29583e+02
           356   1.27024e+02   3.56000e+02  -1.22419e+01   1.58500e+01   1.29667e+02
           357   1.27123e+02   3.57000e+02  -1.22550e+01   1.58500e+01   1.29750e+02
           358   1.27214e+02   3.58000e+02  -1.22682e+01   1.58500e+01   1.29833e+02
           359   1.27318e+02   3.59000e+02  -1.22814e+01   1.58500e+01   1.29917e+02
           360   1.27414e+02   3.60000e+02  -1.22917e+01   1.58500e+01   1.30000e+02
           361   1.27504e+02   3.61000e+02  -1.23037e+01   1.58500e+01   1.30083e+02
           362   1.27587e+02   3.62000e+02  -1.23165e+01   1.58500e+01   1.30167e+02
           363   1.27689e+02   3.63000e+02  -1.23287e+01   1.58500e+01   1.30250e+02
           364   1.27776e+02   3.64000e+02  -1.23412e+01   1.58500e+01   1.30333e+02
           365   1.27875e+02   3.65000e+02  -1.23539e+01   1.58500e+01   1.30417e+02
           366   1.27965e+02   3.66000e+02  -1.23660e+01   1.58500e+01   1.30500e+02
           367   1.28063e+02   3.67000e+02  -1.23776e+01   1.58500e+01   1.30583e+02
           368   1.28143e+02   3.68000e+02  -1.23917e+01   1.58500e+01   1.30667e+02
           369   1.28248e+02   3.69000e+02  -1.24050e+01   1.58500e+01   1.30750e+02
           370   1.28336e+02   3.70000e+02  -1.24168e+01   1.58500e+01   1.30833e+02
           371   1.28443e+02   3.71000e+02  -1.24289e+01   1.58500e+01   1.30917e+02
           372   1.28532e+02   3.72000e+02  -1.24424e+01   1.58500e+01   1.31000e+02
           373   1.28616e+02   3.73000e+02  -1.24562e+01   1.58500e+01   1.31083e+02
           374   1.28707e+02   3.74000e+02  -1.24710e+01   1.58500e+01   1.31167e+02
           375   1.28808e+02   3.75000e+02  -1.24851e+01   1.58500e+01   1.31250e+02
           376   1.28894e+02   3.76000e+02  -1.25003e+01   1.58500e+01   1.31333e+02
           377   1.28978e+02   3.77000e+02  -1.25162e+01   1.58500e+01   1.31417e+02
           378   1.29076e+02   3.78000e+02  -1.25314e+01   1.58500e+01   1.31500e+02
           379   1.29171e+02   3.79000e+02  -1.25450e+01   1.58500e+01   1.31583e+02
           380   1.29254e+02   3.80000e+02  -1.25612e+01   1.58500e+01   1.31667e+02
           381   1.29356e+02   3.81000e+02  -1.25749e+01   1.58500e+01   1.31750e+02
           382   1.29449e+02   3.82000e+02  -1.25887e+01   1.58500e+01   1.31833e+02
           383   1.29541e+02   3.83000e+02  -1.26040e+01   1.58500e+01   1.31917e+02
           384   1.29640e+02   3.84000e+02  -1.26179e+01   1.58500e+01   1.32000e+02
           385   1.29720e+02   3.85000e+02  -1.26325e+01   1.58499e+01   1.32083e+02
           386   1.29812e+02   3.86000e+02  -1.26485e+01   1.58498e+01   1.32167e+02
           387   1.29912e+02   3.87000e+02  -1.26643e+01   1.58497e+01   1.32250e+02
           388   1.30010e+02   3.88000e+02  -1.26751e+01   1.58495e+01   1.32333e+02
           389   1.30102e+02   3.89000e+02  -1.26875e+01   1.58494e+01   1.32417e+02
           390   1.30194e+02   3.90000e+02  -1.27002e+01   1.58493e+01   1.32500e+02
           391   1.30276e+02   3.91000e+02  -1.27128e+01   1.58492e+01   1.32583e+02
           392   1.30367e+02   3.92000e+02  -1.27305e+01   1.58491e+01   1.32667e+02
           393   1.30449e+02   3.93000e+02  -1.27456e+01   1.58491e+01   1.32750e+02
           394   1.30547e+02   3.94000e+02  -1.27601e+01   1.58491e+01   1.32833e+02
           395   1.30628e+02   3.95000e+02  -1.27747e+01   1.58490e+01   1.32917e+02
           396   1.30720e+02   3.96000e+02  -1.27864e+01   1.58490e+01   1.33000e+02
           397   1.30818e+02   3.97000e+02  -1.27994e+01   1.58490e+01   1.33083e+02
           398   1.30924e+02   3.98000e+02  -1.28142e+01   1.58490e+01   1.33167e+02
           399   1.31012e+02   3.99000e+02  -1.28287e+01   1.58490e+01   1.33250e+02
           400   1.31092e+02   4.00000e+02  -1.28419e+01   1.58490e+01   1.33333e+02
           401   1.31192e+02   4.01000e+02  -1.28554e+01   1.58490e+01   1.33417e+02
           402   1.31282e+02   4.02000e+02  -1.28688e+01   1.58490e+01   1.33500e+02
           403   1.31375e+02   4.03000e+02  -1.28817e+01   1.58490e+01   1.33583e+02
           404   1.31474e+02   4.04000e+02  -1.28961e+01   1.58490e+01   1.33667e+02
           405   1.31574e+02   4.05000e+02  -1.29091e+01   1.58490e+01   1.33750e+02
           406   1.31661e+02   4.06000e+02  -1.29230e+01   1.58490e+01   1.33833e+02
           407   1.31731e+02   4.07000e+02  -1.29369e+01   1.58490e+01   1.33917e+02
           408   1.31834e+02   4.08000e+02  -1.29490e+01   1.58490e+01   1.34000e+02
           409   1.31931e+02   4.09000e+02  -1.29622e+01   1.58490e+01   1.34083e+02
           410   1.32024e+02   4.10000e+02  -1.29765e+01   1.58490e+01   1.34167e+02
           411   1.32105e+02   4.11000e+02  -1.29911e+01   1.58490e+01   1.34250e+02
           412   1.32191e+02   4.12000e+02  -1.30066e+01   1.58490e+01   1.34333e+02
           413   1.32287e+02   4.13000e+02  -1.30218e+01   1.58490e+01   1.34417e+02
           414   1.32378e+02   4.14000e+02  -1.30364e+01   1.58490e+01   1.34500e+02
           415   1.32467e+02   4.15000e+02  -1.30506e+01   1.58490e+01   1.34583e+02
           416   1.32557e+02   4.16000e+02  -1.30655e+01   1.58490e+01   1.34667e+02
           417   1.32651e+02   4.17000e+02  -1.30800e+01   1.58490e+01   1.34750e+02
           418   1.32742e+02   4.18000e+02  -1.30939e+01   1.58490e+01   1.34833e+02
           419   1.32829e+02   4.19000e+02  -1.31071e+01   1.58490e+01   1.34917e+02
           420   1.32921e+02   4.20000e+02  -1.31202e+01   1.58490e+01   1.35000e+02
           421   1.33013e+02   4.21000e+02  -1.31348e+01   1.58490e+01   1.35083e+02
           422   1.33096e+02   4.22000e+02  -1.31502e+01   1.58490e+01   1.35167e+02
           423   1.33197e+02   4.23000e+02  -1.31653e+01   1.58490e+01   1.35250e+02
           424   1.33290e+02   4.24000e+02  -1.31755e+01   1.58490e+01   1.35333e+02
           425   1.33380e+02   4.25000e+02  -1.31888e+01   1.58490e+01   1.35417e+02
           426   1.33470e+02   4.26000e+02  -1.32017e+01   1.58490e+01   1.35500e+02
           427   1.33554e+02   4.27000e+02  -1.32155e+01   1.58490e+01   1.35583e+02
           428   1.33649e+02   4.28000e+02  -1.32309e+01   1.58490e+01   1.35667e+02
           429   1.33731e+02   4.29000e+02  -1.32468e+01   1.58490e+01   1.35750e+02
           430   1.33819e+02   4.30000e+02  -1.32625e+01   1.58490e+01   1.35833e+02
           431   1.33905e+02   4.31000e+02  -1.32786e+01   1.58490e+01   1.35917e+02
           432   1.34004e+02   4.32000e+02  -1.32948e+01   1.58490e+01   1.36000e+02
           433   1.34099e+02   4.33000e+02  -1.33091e+01   1.58490e+01   1.36083e+02
           434   1.34186e+02   4.34000e+02  -1.33240e+01   1.58490e+01   1.36167e+02
           435   1.34276e+02   4.35000e+02  -1.33409e+01   1.58490e+01   1.36250e+02
           436   1.34360e+02   4.36000e+02  -1.33581e+01   1.58490e+01   1.36333e+02
           437   1.34448e+02   4.37000e+02  -1.33737e+01   1.58490e+01   1.36417e+02
           438   1.34547e+02   4.38000e+02  -1.33891e+01   1.58489e+01   1.36500e+02
           439   1.34631e+02   4.39000e+02  -1.34039e+01   1.58488e+01   1.36583e+02
           440   1.34716e+02   4.40000e+02  -1.34169e+01   1.58486e+01   1.36667e+02
           441   1.34827e+02   4.41000e+02  -1.34313e+01   1.58485e+01   1.36750e+02
           442   1.34913e+02   4.42000e+02  -1.34460e+01   1.58484e+01   1.36833e+02
           443   1.34996e+02   4.43000e+02  -1.34610e+01   1.58483e+01   1.36917e+02
           444   1.35088e+02   4.44000e+02  -1.34740e+01   1.58482e+01   1.37000e+02
           445   1.35181e+02   4.45000e+02  -1.34886e+01   1.58481e+01   1.37083e+02
           446   1.35269e+02   4.46000e+02  -1.35041e+01   1.58481e+01   1.37167e+02
           447   1.35366e+02   4.47000e+02  -1.35193e+01   1.58480e+01   1.37250e+02
           448   1.35455e+02   4.48000e+02  -1.35326e+01   1.58480e+01   1.37333e+02
           449   1.35538e+02   4.49000e+02  -1.35462e+01   1.58480e+01   1.37417e+02
           450   1.35623e+02   4.50000e+02  -1.35604e+01   1.58480e+01   1.37500e+02
           451   1.35716e+02   4.51000e+02  -1.35750e+01   1.58480e+01   1.37583e+02
           452   1.35809e+02   4.52000e+02  -1.35914e+01   1.58480e+01   1.37667e+02
           453   1.35895e+02   4.53000e+02  -1.36059e+01   1.58480e+01   1.37750e+02
           454   1.35980e+02   4.54000e+02  -1.36209e+01   1.58480e+01   1.37833e+02
           455   1.36071e+02   4.55000e+02  -1.36363e+01   1.58480e+01   1.37917e+02
           456   1.36153e+02   4.56000e+02  -1.36516e+01   1.58480e+01   1.38000e+02
           457   1.36255e+02   4.57000e+02  -1.36660e+01   1.58480e+01   1.38083e+02
           458   1.36333e+02   4.58000e+02  -1.36811e+01   1.58480e+01   1.38167e+02
           459   1.36422e+02   4.59000e+02  -1.36963e+01   1.58480e+01   1.38250e+02
           460   1.36508e+02   4.60000e+02  -1.37112e+01   1.58480e+01   1.38333e+02
           461   1.36595e+02   4.61000e+02  -1.37251e+01   1.58480e+01   1.38417e+02
           462   1.36699e+02   4.62000e+02  -1.37386e+01   1.58480e+01   1.38500e+02
           463   1.36774e+02   4.63000e+02  -1.37527e+01   1.58480e+01   1.38583e+02
           464   1.36857e+02   4.64000e+02  -1.37681e+01   1.58479e+01   1.38667e+02
           465   1.36948e+02   4.65000e+02  -1.37835e+01   1.58478e+01   1.38750e+02
           466   1.37040e+02   4.66000e+02  -1.37992e+01   1.58477e+01   1.38833e+02
           467   1.37127e+02   4.67000e+02  -1.38138e+01   1.58476e+01   1.38917e+02
           468   1.37230e+02   4.68000e+02  -1.38267e+01   1.58474e+01   1.39000e+02
           469   1.37321e+02   4.69000e+02  -1.38395e+01   1.58472e+01   1.39083e+02
           470   1.37400e+02   4.70000e+02  -1.38529e+01   1.58471e+01   1.39167e+02
           471   1.37491e+02   4.71000e+02  -1.38664e+01   1.58471e+01   1.39250e+02
           472   1.37570e+02   4.72000e+02  -1.38811e+01   1.58471e+01   1.39333e+02
           473   1.37665e+02   4.73000e+02  -1.38954e+01   1.58470e+01   1.39417e+02
           474   1.37751e+02   4.74000e+02  -1.39104e+01   1.58470e+01   1.39500e+02
           475   1.37849e+02   4.75000e+02  -1.39260e+01   1.58470e+01   1.39583e+02
           476   1.37942e+02   4.76000e+02  -1.39394e+01   1.58470e+01   1.39667e+02
           477   1.38027e+02   4.77000e+02  -1.39547e+01   1.58470e+01   1.39750e+02
           478   1.38108e+02   4.78000e+02  -1.39705e+01   1.58470e+01   1.39833e+02
           479   1.38195e+02   4.79000e+02  -1.39860e+01   1.58470e+01   1.39917e+02
           480   1.38282e+02   4.80000e+02  -1.40047e+01   1.58470e+01   1.40000e+02
           481   1.38376e+02   4.81000e+02  -1.40205e+01   1.58470e+01   1.40083e+02
           482   1.38463e+02   4.82000e+02  -1.40360e+01   1.58470e+01   1.40167e+02
           483   1.38554e+02   4.83000e+02  -1.40516e+01   1.58470e+01   1.40250e+02
           484   1.38648e+02   4.84000e+02  -1.40708e+01   1.58470e+01   1.40333e+02
           485   1.38733e+02   4.85000e+02  -1.40874e+01   1.58470e+01   1.40417e+02
           486   1.38820e+02   4.86000e+02  -1.41025e+01   1.58470e+01   1.40500e+02
           487   1.38911e+02   4.87000e+02  -1.41173e+01   1.58470e+01   1.40583e+02
           488   1.38987e+02   4.88000e+02  -1.41320e+01   1.58470e+01   1.40667e+02
           489   1.39086e+02   4.89000e+02  -1.41469e+01   1.58470e+01   1.40750e+02
           490   1.39175e+02   4.90000e+02  -1.41619e+01   1.58469e+01   1.40833e+02
           491   1.39273e+02   4.91000e+02  -1.41776e+01   1.58468e+01   1.40917e+02
           492   1.39355e+02   4.92000e+02  -1.41926e+01   1.58466e+01   1.41000e+02
           493   1.39440e+02   4.93000e+02  -1.42078e+01   1.58465e+01   1.41083e+02
           494   1.39521e+02   4.94000e+02  -1.42223e+01   1.58464e+01   1.41167e+02
           495   1.39621e+02   4.95000e+02  -1.42372e+01   1.58463e+01   1.41250e+02
           496   1.39716e+02   4.96000e+02  -1.42521e+01   1.58462e+01   1.41333e+02
           497   1.39793e+02   4.97000e+02  -1.42687e+01   1.58461e+01   1.41417e+02
           498   1.39885e+02   4.98000e+02  -1.42853e+01   1.58461e+01   1.41500e+02
           499   1.39977e+02   4.99000e+02  -1.43017e+01   1.58460e+01   1.41583e+02
           500   1.40062e+02   5.00000e+02  -1.43182e+01   1.58460e+01   1.41667e+02
           501   1.40140e+02   5.01000e+02  -1.43340e+01   1.58460e+01   1.41750e+02
           502   1.40231e+02   5.02000e+02  -1.43497e+01   1.58460e+01   1.41833e+02
           503   1.40326e+02   5.03000e+02  -1.43645e+01   1.58460e+01   1.41917e+02
           504   1.40414e+02   5.04000e+02  -1.43806e+01   1.58460e+01   1.42000e+02
           505   1.40507e+02   5.05000e+02  -1.43956e+01   1.58460e+01   1.42083e+02
           506   1.40577e+02   5.06000e+02  -1.44104e+01   1.58460e+01   1.42167e+02
           507   1.40680e+02   5.07000e+02  -1.44247e+01   1.58460e+01   1.42250e+02
           508   1.40757e+02   5.08000e+02  -1.44385e+01   1.58460e+01   1.42333e+02
           509   1.40841e+02   5.09000e+02  -1.44539e+01   1.58460e+01   1.42417e+02
           510   1.40941e+02   5.10000e+02  -1.44707e+01   1.58460e+01   1.42500e+02
           511   1.41024e+02   5.11000e+02  -1.44881e+01   1.58460e+01   1.42583e+02
           512   1.41115e+02   5.12000e+02  -1.45017e+01   1.58460e+01   1.42667e+02
           513   1.41201e+02   5.13000e+02  -1.45155e+01   1.58460e+01   1.42750e+02
           514   1.41294e+02   5.14000e+02  -1.45298e+01   1.58460e+01   1.42833e+02
           515   1.41374e+02   5.15000e+02  -1.45429e+01   1.58460e+01   1.42917e+02
           516   1.41463e+02   5.16000e+02  -1.45604e+01   1.58460e+01   1.43000e+02
           517   1.41551e+02   5.17000e+02  -1.45752e+01   1.58460e+01   1.43083e+02
           518   1.41632e+02   5.18000e+02  -1.45887e+01   1.58460e+01   1.43167e+02
           519   1.41718e+02   5.19000e+02  -1.46018e+01   1.58460e+01   1.43250e+02
           520   1.41814e+02   5.20000e+02  -1.46141e+01   1.58460e+01   1.43333e+02
           521   1.41904e+02   5.21000e+02  -1.46280e+01   1.58460e+01   1.43417e+02
           522   1.41991e+02   5.22000e+02  -1.46422e+01   1.58460e+01   1.43500e+02
           523   1.42088e+02   5.23000e+02  -1.46562e+01   1.58460e+01   1.43583e+02
           524   1.42176e+02   5.24000e+02  -1.46676e+01   1.58460e+01   1.43667e+02
           525   1.42258e+02   5.25000e+02  -1.46805e+01   1.58460e+01   1.43750e+02
           526   1.42347e+02   5.26000e+02  -1.46937e+01   1.58460e+01   1.43833e+02
           527   1.42436e+02   5.27000e+02  -1.47081e+01   1.58459e+01   1.43917e+02
           528   1.42536e+02   5.28000e+02  -1.47247e+01   1.58458e+01   1.44000e+02
           529   1.42613e+02   5.29000e+02  -1.47398e+01   1.58457e+01   1.44083e+02
           530   1.42696e+02   5.30000e+02  -1.47541e+01   1.58457e+01   1.44167e+02
           531   1.42784e+02   5.31000e+02  -1.47689e+01   1.58457e+01   1.44250e+02
           532   1.42878e+02   5.32000e+02  -1.47849e+01   1.58456e+01   1.44333e+02
           533   1.42961e+02   5.33000e+02  -1.47990e+01   1.58457e+01   1.44417e+02
           534   1.43057e+02   5.34000e+02  -1.48132e+01   1.58457e+01   1.44500e+02
           535   1.43141e+02   5.35000e+02  -1.48286e+01   1.58457e+01   1.44583e+02
           536   1.43225e+02   5.36000e+02  -1.48460e+01   1.58458e+01   1.44667e+02
           537   1.43312e+02   5.37000e+02  -1.48629e+01   1.58459e+01   1.44750e+02
           538   1.43401e+02   5.38000e+02  -1.48796e+01   1.58459e+01   1.44833e+02
           539   1.43487e+02   5.39000e+02  -1.48962e+01   1.58460e+01   1.44917e+02
           540   1.43585e+02   5.40000e+02  -1.49105e+01   1.58459e+01   1.45000e+02
           541   1.43662e+02   5.41000e+02  -1.49252e+01   1.58458e+01   1.45083e+02
           542   1.43757e+02   5.42000e+02  -1.49397e+01   1.58457e+01   1.45167e+02
           543   1.43845e+02   5.43000e+02  -1.49537e+01   1.58456e+01   1.45250e+02
           544   1.43935e+02   5.44000e+02  -1.49732e+01   1.58453e+01   1.45333e+02
           545   1.44016e+02   5.45000e+02  -1.49890e+01   1.58452e+01   1.45417e+02
           546   1.44093e+02   5.46000e+02  -1.50034e+01   1.58451e+01   1.45500e+02
           547   1.44189e+02   5.47000e+02  -1.50170e+01   1.58451e+01   1.45583e+02
           548   1.44284e+02   5.48000e+02  -1.50303e+01   1.58451e+01   1.45667e+02
           549   1.44369e+02   5.49000e+02  -1.50443e+01   1.58450e+01   1.45750e+02
           550   1.44460e+02   5.50000e+02  -1.50588e+01   1.58450e+01   1.45833e+02
           551   1.44537e+02   5.51000e+02  -1.50739e+01   1.58450e+01   1.45917e+02
           552   1.44634e+02   5.52000e+02  -1.50860e+01   1.58450e+01   1.46000e+02
           553   1.44719e+02   5.53000e+02  -1.50991e+01   1.58450e+01   1.46083e+02
           554   1.44803e+02   5.54000e+02  -1.51125e+01   1.58450e+01   1.46167e+02
           555   1.44894e+02   5.55000e+02  -1.51248e+01   1.58450e+01   1.46250e+02
           556   1.44982e+02   5.56000e+02  -1.51369e+01   1.58450e+01   1.46333e+02
           557   1.45059e+02   5.57000e+02  -1.51505e+01   1.58450e+01   1.46417e+02
           558   1.45164e+02   5.58000e+02  -1.51643e+01   1.58450e+01   1.46500e+02
           559   1.45248e+02   5.59000e+02  -1.51778e+01   1.58450e+01   1.46583e+02
           560   1.45344e+02   5.60000e+02  -1.51913e+01   1.58450e+01   1.46667e+02
           561   1.45427e+02   5.61000e+02  -1.52062e+01   1.58450e+01   1.46750e+02
           562   1.45516e+02   5.62000e+02  -1.52211e+01   1.58450e+01   1.46833e+02
           563   1.45593e+02   5.63000e+02  -1.52357e+01   1.58450e+01   1.46917e+02
           564   1.45692e+02   5.64000e+02  -1.52492e+01   1.58450e+01   1.47000e+02
           565   1.45761e+02   5.65000e+02  -1.52621e+01   1.58449e+01   1.47083e+02
           566   1.45850e+02   5.66000e+02  -1.52755e+01   1.58448e+01   1.47167e+02
           567   1.45945e+02   5.67000e+02  -1.52892e+01   1.58447e+01   1.47250e+02
           568   1.46036e+02   5.68000e+02  -1.53040e+01   1.58445e+01   1.47333e+02
           569   1.46113e+02   5.69000e+02  -1.53171e+01   1.58444e+01   1.47417e+02
           570   1.46205e+02   5.70000e+02  -1.53285e+01   1.58443e+01   1.47500e+02
           571   1.46302e+02   5.71000e+02  -1.53400e+01   1.58442e+01   1.47583e+02
           572   1.46395e+02   5.72000e+02  -1.53515e+01   1.58441e+01   1.47667e+02
           573   1.46480e+02   5.73000e+02  -1.53643e+01   1.58441e+01   1.47750e+02
           574   1.46570e+02   5.74000e+02  -1.53779e+01   1.58441e+01   1.47833e+02
           575   1.46652e+02   5.75000e+02  -1.53906e+01   1.58440e+01   1.47917e+02
           576   1.46743e+02   5.76000e+02  -1.54021e+01   1.58440e+01   1.48000e+02
           577   1.46824e+02   5.77000e+02  -1.54147e+01   1.58440e+01   1.48083e+02
           578   1.46913e+02   5.78000e+02  -1.54273e+01   1.58440e+01   1.48167e+02
           579   1.47003e+02   5.79000e+02  -1.54401e+01   1.58440e+01   1.48250e+02
           580   1.47078e+02   5.80000e+02  -1.54539e+01   1.58440e+01   1.48333e+02
           581   1.47172e+02   5.81000e+02  -1.54679e+01   1.58440e+01   1.48417e+02
           582   1.47259e+02   5.82000e+02  -1.54825e+01   1.58440e+01   1.48500e+02
           583   1.47351e+02   5.83000e+02  -1.54979e+01   1.58440e+01   1.48583e+02
           584   1.47444e+02   5.84000e+02  -1.55117e+01   1.58440e+01   1.48667e+02
           585   1.47524e+02   5.85000e+02  -1.55257e+01   1.58440e+01   1.48750e+02
           586   1.47602e+02   5.86000e+02  -1.55404e+01   1.58440e+01   1.48833e+02
           587   1.47693e+02   5.87000e+02  -1.55553e+01   1.58440e+01   1.48917e+02
           588   1.47784e+02   5.88000e+02  -1.55729e+01   1.58440e+01   1.49000e+02
           589   1.47861e+02   5.89000e+02  -1.55881e+01   1.58440e+01   1.49083e+02
           590   1.47962e+02   5.90000e+02  -1.56033e+01   1.58440e+01   1.49167e+02
           591   1.48043e+02   5.91000e+02  -1.56185e+01   1.58439e+01   1.49250e+02
           592   1.48121e+02   5.92000e+02  -1.56331e+01   1.58438e+01   1.49333e+02
           593   1.48221e+02   5.93000e+02  -1.56465e+01   1.58437e+01   1.49417e+02
           594   1.48297e+02   5.94000e+02  -1.56605e+01   1.58435e+01   1.49500e+02
           595   1.48390e+02   5.95000e+02  -1.56744e+01   1.58434e+01   1.49583e+02
           596   1.48480e+02   5.96000e+02  -1.56872e+01   1.58433e+01   1.49667e+02
           597   1.48569e+02   5.97000e+02  -1.57010e+01   1.58432e+01   1.49750e+02
           598   1.48651e+02   5.98000e+02  -1.57145e+01   1.58431e+01   1.49833e+02
           599   1.48737e+02   5.99000e+02  -1.57273e+01   1.58431e+01   1.49917e+02
           600   1.48828e+02   6.00000e+02  -1.57386e+01   1.58431e+01   1.50000e+02
           601   1.48923e+02   6.01000e+02  -1.57513e+01   1.58430e+01   1.50083e+02
           602   1.49007e+02   6.02000e+02  -1.57644e+01   1.58430e+01   1.50167e+02
           603   1.49095e+02   6.03000e+02  -1.57772e+01   1.58430e+01   1.50250e+02
           604   1.49186e+02   6.04000e+02  -1.57884e+01   1.58430e+01   1.50333e+02
           605   1.49256e+02   6.05000e+02  -1.58003e+01   1.58430e+01   1.50417e+02
           606   1.49344e+02   6.06000e+02  -1.58115e+01   1.58430e+01   1.50500e+02
           607   1.49443e+02   6.07000e+02  -1.58231e+01   1.58430e+01   1.50583e+02
           608   1.49529e+02   6.08000e+02  -1.58341e+01   1.58430e+01   1.50667e+02
           609   1.49605e+02   6.09000e+02  -1.58460e+01   1.58430e+01   1.50750e+02
           610   1.49703e+02   6.10000e+02  -1.58579e+01   1.58430e+01   1.50833e+02
           611   1.49785e+02   6.11000e+02  -1.58696e+01   1.58430e+01   1.50917e+02
           612   1.49880e+02   6.12000e+02  -1.58793e+01   1.58430e+01   1.51000e+02
           613   1.49964e+02   6.13000e+02  -1.58905e+01   1.58430e+01   1.51083e+02
           614   1.50044e+02   6.14000e+02  -1.59034e+01   1.58430e+01   1.51167e+02
           615   1.50132e+02   6.15000e+02  -1.59165e+01   1.58429e+01   1.51250e+02
           616   1.50231e+02   6.16000e+02  -1.59313e+01   1.58428e+01   1.51333e+02
           617   1.50313e+02   6.17000e+02  -1.59432e+01   1.58427e+01   1.51417e+02
           618   1.50401e+02   6.18000e+02  -1.59551e+01   1.58425e+01   1.51500e+02
           619   1.50491e+02   6.19000e+02  -1.59675e+01   1.58424e+01   1.51583e+02
           620   1.50570e+02   6.20000e+02  -1.59775e+01   1.58423e+01   1.51667e+02
           621   1.50660e+02   6.21000e+02  -1.59872e+01   1.58422e+01   1.51750e+02
           622   1.50749e+02   6.22000e+02  -1.59981e+01   1.58421e+01   1.51833e+02
           623   1.50832e+02   6.23000e+02  -1.60104e+01   1.58420e+01   1.51917e+02
           624   1.50918e+02   6.24000e+02  -1.60244e+01   1.58421e+01   1.52000e+02
           625   1.51005e+02   6.25000e+02  -1.60363e+01   1.58420e+01   1.52083e+02
           626   1.51096e+02   6.26000e+02  -1.60461e+01   1.58420e+01   1.52167e+02
           627   1.51172e+02   6.27000e+02  -1.60561e+01   1.58420e+01   1.52250e+02
           628   1.51252e+02   6.28000e+02  -1.60666e+01   1.58419e+01   1.52333e+02
           629   1.51352e+02   6.29000e+02  -1.60789e+01   1.58418e+01   1.52417e+02
           630   1.51434e+02   6.30000e+02  -1.60910e+01   1.58417e+01   1.52500e+02
           631   1.51519e+02   6.31000e+02  -1.61023e+01   1.58416e+01   1.52583e+02
           632   1.51605e+02   6.32000e+02  -1.61154e+01   1.58414e+01   1.52667e+02
           633   1.51694e+02   6.33000e+02  -1.61245e+01   1.58412e+01   1.52750e+02
           634   1.51776e+02   6.34000e+02  -1.61320e+01   1.58411e+01   1.52833e+02
           635   1.51865e+02   6.35000e+02  -1.61392e+01   1.58411e+01   1.52917e+02
           636   1.51950e+02   6.36000e+02  -1.61462e+01   1.58411e+01   1.53000e+02
           637   1.52040e+02   6.37000e+02  -1.61549e+01   1.58411e+01   1.53083e+02
           638   1.52119e+02   6.38000e+02  -1.61652e+01   1.58410e+01   1.53167e+02
           639   1.52205e+02   6.39000e+02  -1.61757e+01   1.58410e+01   1.53250e+02
           640   1.52291e+02   6.40000e+02  -1.61810e+01   1.58410e+01   1.53333e+02
           641   1.52378e+02   6.41000e+02  -1.61898e+01   1.58410e+01   1.53417e+02
           642   1.52471e+02   6.42000e+02  -1.62005e+01   1.58410e+01   1.53500e+02
           643   1.52551e+02   6.43000e+02  -1.62132e+01   1.58410e+01   1.53583e+02
           644   1.52645e+02   6.44000e+02  -1.62250e+01   1.58410e+01   1.53667e+02
           645   1.52720e+02   6.45000e+02  -1.62350e+01   1.58410e+01   1.53750e+02
           646   1.52820e+02   6.46000e+02  -1.62442e+01   1.58410e+01   1.53833e+02
           647   1.52894e+02   6.47000e+02  -1.62541e+01   1.58410e+01   1.53917e+02
           648   1.52976e+02   6.48000e+02  -1.62667e+01   1.58410e+01   1.54000e+02
           649   1.53076e+02   6.49000e+02  -1.62776e+01   1.58410e+01   1.54083e+02
           650   1.53165e+02   6.50000e+02  -1.62876e+01   1.58410e+01   1.54167e+02
           651   1.53245e+02   6.51000e+02  -1.62959e+01   1.58410e+01   1.54250e+02
           652   1.53332e+02   6.52000e+02  -1.63029e+01   1.58410e+01   1.54333e+02
           653   1.53420e+02   6.53000e+02  -1.63103e+01   1.58409e+01   1.54417e+02
           654   1.53510e+02   6.54000e+02  -1.63191e+01   1.58408e+01   1.54500e+02
           655   1.53593e+02   6.55000e+02  -1.63280e+01   1.58407e+01   1.54583e+02
           656   1.53690e+02   6.56000e+02  -1.63345e+01   1.58405e+01   1.54667e+02
           657   1.53769e+02   6.57000e+02  -1.63408e+01   1.58404e+01   1.54750e+02
           658   1.53842e+02   6.58000e+02  -1.63461e+01   1.58403e+01   1.54833e+02
           659   1.53939e+02   6.59000e+02  -1.63522e+01   1.58402e+01   1.54917e+02
           660   1.54028e+02   6.60000e+02  -1.63577e+01   1.58401e+01   1.55000e+02
           661   1.54111e+02   6.61000e+02  -1.63641e+01   1.58401e+01   1.55083e+02
           662   1.54202e+02   6.62000e+02  -1.63699e+01   1.58401e+01   1.55167e+02
           663   1.54282e+02   6.63000e+02  -1.63747e+01   1.58400e+01   1.55250e+02
           664   1.54368e+02   6.64000e+02  -1.63829e+01   1.58400e+01   1.55333e+02
           665   1.54454e+02   6.65000e+02  -1.63912e+01   1.58400e+01   1.55417e+02
           666   1.54546e+02   6.66000e+02  -1.63992e+01   1.58399e+01   1.55500e+02
           667   1.54634e+02   6.67000e+02  -1.64067e+01   1.58398e+01   1.55583e+02
           668   1.54716e+02   6.68000e+02  -1.64143e+01   1.58396e+01   1.55667e+02
           669   1.54797e+02   6.69000e+02  -1.64217e+01   1.58395e+01   1.55750e+02
           670   1.54890e+02   6.70000e+02  -1.64289e+01   1.58394e+01   1.55833e+02
           671   1.54975e+02   6.71000e+02  -1.64359e+01   1.58393e+01   1.55917e+02
           672   1.55058e+02   6.72000e+02  -1.64430e+01   1.58392e+01   1.56000e+02
           673   1.55140e+02   6.73000e+02  -1.64487e+01   1.58391e+01   1.56083e+02
           674   1.55229e+02   6.74000e+02  -1.64551e+01   1.58391e+01   1.56167e+02
           675   1.55318e+02   6.75000e+02  -1.64612e+01   1.58390e+01   1.56250e+02
           676   1.55396e+02   6.76000e+02  -1.64677e+01   1.58390e+01   1.56333e+02
           677   1.55486e+02   6.77000e+02  -1.64753e+01   1.58390e+01   1.56417e+02
           678   1.55582e+02   6.78000e+02  -1.64836e+01   1.58390e+01   1.56500e+02
           679   1.55656e+02   6.79000e+02  -1.64918e+01   1.58389e+01   1.56583e+02
           680   1.55747e+02   6.80000e+02  -1.64965e+01   1.58388e+01   1.56667e+02
           681   1.55830e+02   6.81000e+02  -1.65038e+01   1.58387e+01   1.56750e+02
           682   1.55917e+02   6.82000e+02  -1.65125e+01   1.58385e+01   1.56833e+02
           683   1.56003e+02   6.83000e+02  -1.65212e+01   1.58384e+01   1.56917e+02
           684   1.56095e+02   6.84000e+02  -1.65279e+01   1.58383e+01   1.57000e+02
           685   1.56176e+02   6.85000e+02  -1.65334e+01   1.58382e+01   1.57083e+02
           686   1.56255e+02   6.86000e+02  -1.65384e+01   1.58381e+01   1.57167e+02
           687   1.56349e+02   6.87000e+02  -1.65439e+01   1.58380e+01   1.57250e+02
           688   1.56440e+02   6.88000e+02  -1.65499e+01   1.58381e+01   1.57333e+02
           689   1.56520e+02   6.89000e+02  -1.65565e+01   1.58380e+01   1.57417e+02
           690   1.56604e+02   6.90000e+02  -1.65626e+01   1.58380e+01   1.57500e+02
           691   1.56696e+02   6.91000e+02  -1.65674e+01   1.58380e+01   1.57583e+02
           692   1.56775e+02   6.92000e+02  -1.65713e+01   1.58380e+01   1.57667e+02
           693   1.56876e+02   6.93000e+02  -1.65754e+01   1.58380e+01   1.57750e+02
           694   1.56958e+02   6.94000e+02  -1.65806e+01   1.58380e+01   1.57833e+02
           695   1.57047e+02   6.95000e+02  -1.65861e+01   1.58380e+01   1.57917e+02
           696   1.57137e+02   6.96000e+02  -1.65912e+01   1.58380e+01   1.58000e+02
           697   1.57219e+02   6.97000e+02  -1.65951e+01   1.58380e+01   1.58083e+02
           698   1.57298e+02   6.98000e+02  -1.66006e+01   1.58380e+01   1.58167e+02
           699   1.57389e+02   6.99000e+02  -1.66057e+01   1.58380e+01   1.58250e+02
           700   1.57476e+02   7.00000e+02  -1.66065e+01   1.58380e+01   1.58333e+02
           701   1.57558e+02   7.01000e+02  -1.66103e+01   1.58380e+01   1.58417e+02
           702   1.57653e+02   7.02000e+02  -1.66149e+01   1.58380e+01   1.58500e+02
           703   1.57733e+02   7.03000e+02  -1.66184e+01   1.58380e+01   1.58583e+02
           704   1.57818e+02   7.04000e+02  -1.66232e+01   1.58379e+01   1.58667e+02
           705   1.57912e+02   7.05000e+02  -1.66270e+01   1.58378e+01   1.58750e+02
           706   1.57985e+02   7.06000e+02  -1.66307e+01   1.58377e+01   1.58833e+02
           707   1.58069e+02   7.07000e+02  -1.66344e+01   1.58376e+01   1.58917e+02
           708   1.58172e+02   7.08000e+02  -1.66384e+01   1.58374e+01   1.59000e+02
           709   1.58252e+02   7.09000e+02  -1.66411e+01   1.58372e+01   1.59083e+02
           710   1.58335e+02   7.10000e+02  -1.66434e+01   1.58371e+01   1.59167e+02
           711   1.58430e+02   7.11000e+02  -1.66459e+01   1.58371e+01   1.59250e+02
           712   1.58505e+02   7.12000e+02  -1.66461e+01   1.58371e+01   1.59333e+02
           713   1.58589e+02   7.13000e+02  -1.66466e+01   1.58370e+01   1.59417e+02
           714   1.58673e+02   7.14000e+02  -1.66476e+01   1.58370e+01   1.59500e+02
           715   1.58772e+02   7.15000e+02  -1.66496e+01   1.58370e+01   1.59583e+02
           716   1.58851e+02   7.16000e+02  -1.66505e+01   1.58370e+01   1.59667e+02
           717   1.58943e+02   7.17000e+02  -1.66525e+01   1.58369e+01   1.59750e+02
           718   1.59025e+02   7.18000e+02  -1.66540e+01   1.58368e+01   1.59833e+02
           719   1.59113e+02   7.19000e+02  -1.66536e+01   1.58367e+01   1.59917e+02
           720   1.59195e+02   7.20000e+02  -1.66530e+01   1.58365e+01   1.60000e+02
           721   1.59279e+02   7.21000e+02  -1.66528e+01   1.58364e+01   1.60083e+02
           722   1.59372e+02   7.22000e+02  -1.66534e+01   1.58363e+01   1.60167e+02
           723   1.59469e+02   7.23000e+02  -1.66532e+01   1.58362e+01   1.60250e+02
           724   1.59545e+02   7.24000e+02  -1.66550e+01   1.58360e+01   1.60333e+02
           725   1.59628e+02   7.25000e+02  -1.66552e+01   1.58359e+01   1.60417e+02
           726   1.59714e+02   7.26000e+02  -1.66538e+01   1.58357e+01   1.60500e+02
           727   1.59802e+02   7.27000e+02  -1.66514e+01   1.58356e+01   1.60583e+02
           728   1.59896e+02   7.28000e+02  -1.66435e+01   1.58354e+01   1.60667e+02
           729   1.59982e+02   7.29000e+02  -1.66406e+01   1.58352e+01   1.60750e+02
           730   1.60064e+02   7.30000e+02  -1.66387e+01   1.58350e+01   1.60833e+02
           731   1.60151e+02   7.31000e+02  -1.66371e+01   1.58348e+01   1.60917e+02
           732   1.60240e+02   7.32000e+02  -1.66357e+01   1.58347e+01   1.61000e+02
           733   1.60329e+02   7.33000e+02  -1.66326e+01   1.58346e+01   1.61083e+02
           734   1.60406e+02   7.34000e+02  -1.66297e+01   1.58344e+01   1.61167e+02
           735   1.60500e+02   7.35000e+02  -1.66275e+01   1.58343e+01   1.61250e+02
           736   1.60584e+02   7.36000e+02  -1.66242e+01   1.58342e+01   1.61333e+02
           737   1.60677e+02   7.37000e+02  -1.66212e+01   1.58342e+01   1.61417e+02
           738   1.60764e+02   7.38000e+02  -1.66174e+01   1.58341e+01   1.61500e+02
           739   1.60844e+02   7.39000e+02  -1.66132e+01   1.58340e+01   1.61583e+02
           740   1.60931e+02   7.40000e+02  -1.66113e+01   1.58340e+01   1.61667e+02
           741   1.61012e+02   7.41000e+02  -1.66073e+01   1.58340e+01   1.61750e+02
           742   1.61105e+02   7.42000e+02  -1.66012e+01   1.58339e+01   1.61833e+02
           743   1.61190e+02   7.43000e+02  -1.65949e+01   1.58338e+01   1.61917e+02
           744   1.61283e+02   7.44000e+02  -1.65870e+01   1.58336e+01   1.62000e+02
           745   1.61368e+02   7.45000e+02  -1.65800e+01   1.58335e+01   1.62083e+02
           746   1.61450e+02   7.46000e+02  -1.65736e+01   1.58334e+01   1.62167e+02
           747   1.61539e+02   7.47000e+02  -1.65675e+01   1.58332e+01   1.62250e+02
           748   1.61631e+02   7.48000e+02  -1.65580e+01   1.58330e+01   1.62333e+02
           749   1.61710e+02   7.49000e+02  -1.65515e+01   1.58328e+01   1.62417e+02
           750   1.61799e+02   7.50000e+02  -1.65448e+01   1.58326e+01   1.62500e+02
           751   1.61884e+02   7.51000e+02  -1.65385e+01   1.58325e+01   1.62583e+02
           752   1.61965e+02   7.52000e+02  -1.65312e+01   1.58323e+01   1.62667e+02
           753   1.62053e+02   7.53000e+02  -1.65235e+01   1.58322e+01   1.62750e+02
           754   1.62138e+02   7.54000e+02  -1.65147e+01   1.58321e+01   1.62833e+02
           755   1.62218e+02   7.55000e+02  -1.65065e+01   1.58319e+01   1.62917e+02
           756   1.62304e+02   7.56000e+02  -1.65000e+01   1.58318e+01   1.63000e+02
           757   1.62392e+02   7.57000e+02  -1.64934e+01   1.58317e+01   1.63083e+02
           758   1.62484e+02   7.58000e+02  -1.64864e+01   1.58316e+01   1.63167e+02
           759   1.62569e+02   7.59000e+02  -1.64796e+01   1.58314e+01   1.63250e+02
           760   1.62654e+02   7.60000e+02  -1.64711e+01   1.58313e+01   1.63333e+02
           761   1.62750e+02   7.61000e+02  -1.64623e+01   1.58312e+01   1.63417e+02
           762   1.62836e+02   7.62000e+02  -1.64526e+01   1.58311e+01   1.63500e+02
           763   1.62924e+02   7.63000e+02  -1.64426e+01   1.58310e+01   1.63583e+02
           764   1.63003e+02   7.64000e+02  -1.64330e+01   1.58310e+01   1.63667e+02
           765   1.63091e+02   7.65000e+02  -1.64220e+01   1.58309e+01   1.63750e+02
           766   1.63172e+02   7.66000e+02  -1.64097e+01   1.58308e+01   1.63833e+02
           767   1.63266e+02   7.67000e+02  -1.63977e+01   1.58307e+01   1.63917e+02
           768   1.63351e+02   7.68000e+02  -1.63835e+01   1.58305e+01   1.64000e+02
           769   1.63428e+02   7.69000e+02  -1.63705e+01   1.58303e+01   1.64083e+02
           770   1.63523e+02   7.70000e+02  -1.63572e+01   1.58301e+01   1.64167e+02
           771   1.63602e+02   7.71000e+02  -1.63441e+01   1.58299e+01   1.64250e+02
           772   1.63700e+02   7.72000e+02  -1.63237e+01   1.58296e+01   1.64333e+02
           773   1.63776e+02   7.73000e+02  -1.63081e+01   1.58295e+01   1.64417e+02
           774   1.63879e+02   7.74000e+02  -1.62923e+01   1.58293e+01   1.64500e+02
           775   1.63961e+02   7.75000e+02  -1.62756e+01   1.58292e+01   1.64583e+02
           776   1.64045e+02   7.76000e+02  -1.62558e+01   1.58292e+01   1.64667e+02
           777   1.64128e+02   7.77000e+02  -1.62373e+01   1.58291e+01   1.64750e+02
           778   1.64215e+02   7.78000e+02  -1.62192e+01   1.58289e+01   1.64833e+02
           779   1.64309e+02   7.79000e+02  -1.62002e+01   1.58288e+01   1.64917e+02
           780   1.64392e+02   7.80000e+02  -1.61787e+01   1.58287e+01   1.65000e+02
           781   1.64483e+02   7.81000e+02  -1.61591e+01   1.58285e+01   1.65083e+02
           782   1.64570e+02   7.82000e+02  -1.61405e+01   1.58283e+01   1.65167e+02
           783   1.64664e+02   7.83000e+02  -1.61216e+01   1.58281e+01   1.65250e+02
           784   1.64755e+02   7.84000e+02  -1.60971e+01   1.58279e+01   1.65333e+02
           785   1.64852e+02   7.85000e+02  -1.60773e+01   1.58277e+01   1.65417e+02
           786   1.64928e+02   7.86000e+02  -1.60586e+01   1.58275e+01   1.65500e+02
           787   1.65018e+02   7.87000e+02  -1.60399e+01   1.58273e+01   1.65583e+02
           788   1.65106e+02   7.88000e+02  -1.60188e+01   1.58271e+01   1.65667e+02
           789   1.65190e+02   7.89000e+02  -1.59966e+01   1.58269e+01   1.65750e+02
           790   1.65281e+02   7.90000e+02  -1.59737e+01   1.58268e+01   1.65833e+02
           791   1.65361e+02   7.91000e+02  -1.59521e+01   1.58266e+01   1.65917e+02
           792   1.65464e+02   7.92000e+02  -1.59295e+01   1.58264e+01   1.66000e+02
           793   1.65546e+02   7.93000e+02  -1.59065e+01   1.58262e+01   1.66083e+02
           794   1.65627e+02   7.94000e+02  -1.58837e+01   1.58260e+01   1.66167e+02
           795   1.65715e+02   7.95000e+02  -1.58607e+01   1.58258e+01   1.66250e+02
           796   1.65821e+02   7.96000e+02  -1.58321e+01   1.58256e+01   1.66333e+02
           797   1.65899e+02   7.97000e+02  -1.58048e+01   1.58253e+01   1.66417e+02
           798   1.65974e+02   7.98000e+02  -1.57782e+01   1.58251e+01   1.66500e+02
           799   1.66055e+02   7.99000e+02  -1.57512e+01   1.58249e+01   1.66583e+02
           800   1.66152e+02   8.00000e+02  -1.57222e+01   1.58246e+01   1.66667e+02
           801   1.66247e+02   8.01000e+02  -1.56941e+01   1.58244e+01   1.66750e+02
           802   1.66330e+02   8.02000e+02  -1.56668e+01   1.58242e+01   1.66833e+02
           803   1.66412e+02   8.03000e+02  -1.56387e+01   1.58241e+01   1.66917e+02
           804   1.66512e+02   8.04000e+02  -1.56050e+01   1.58240e+01   1.67000e+02
           805   1.66590e+02   8.05000e+02  -1.55739e+01   1.58239e+01   1.67083e+02
           806   1.66687e+02   8.06000e+02  -1.55432e+01   1.58237e+01   1.67167e+02
           807   1.66768e+02   8.07000e+02  -1.55131e+01   1.58236e+01   1.67250e+02
           808   1.66860e+02   8.08000e+02  -1.54804e+01   1.58233e+01   1.67333e+02
           809   1.66942e+02   8.09000e+02  -1.54481e+01   1.58231e+01   1.67417e+02
           810   1.67031e+02   8.10000e+02  -1.54153e+01   1.58229e+01   1.67500e+02
           811   1.67116e+02   8.11000e+02  -1.53821e+01   1.58226e+01   1.67583e+02
           812   1.67204e+02   8.12000e+02  -1.53485e+01   1.58223e+01   1.67667e+02
           813   1.67293e+02   8.13000e+02  -1.53145e+01   1.58221e+01   1.67750e+02
           814   1.67381e+02   8.14000e+02  -1.52786e+01   1.58218e+01   1.67833e+02
           815   1.67461e+02   8.15000e+02  -1.52432e+01   1.58215e+01   1.67917e+02
           816   1.67553e+02   8.16000e+02  -1.52041e+01   1.58212e+01   1.68000e+02
           817   1.67646e+02   8.17000e+02  -1.51668e+01   1.58209e+01   1.68083e+02
           818   1.67739e+02   8.18000e+02  -1.51297e+01   1.58207e+01   1.68167e+02
           819   1.67821e+02   8.19000e+02  -1.50910e+01   1.58205e+01   1.68250e+02
           820   1.67917e+02   8.20000e+02  -1.50484e+01   1.58203e+01   1.68333e+02
           821   1.68005e+02   8.21000e+02  -1.50077e+01   1.58200e+01   1.68417e+02
           822   1.68097e+02   8.22000e+02  -1.49645e+01   1.58197e+01   1.68500e+02
           823   1.68174e+02   8.23000e+02  -1.49205e+01   1.58194e+01   1.68583e+02
           824   1.68244e+02   8.24000e+02  -1.48719e+01   1.58191e+01   1.68667e+02
           825   1.68348e+02   8.25000e+02  -1.48265e+01   1.58188e+01   1.68750e+02
           826   1.68447e+02   8.26000e+02  -1.47818e+01   1.58186e+01   1.68833e+02
           827   1.68530e+02   8.27000e+02  -1.47358e+01   1.58184e+01   1.68917e+02
           828   1.68620e+02   8.28000e+02  -1.46834e+01   1.58182e+01   1.69000e+02
           829   1.68713e+02   8.29000e+02  -1.46349e+01   1.58180e+01   1.69083e+02
           830   1.68812e+02   8.30000e+02  -1.45860e+01   1.58178e+01   1.69167e+02
           831   1.68909e+02   8.31000e+02  -1.45369e+01   1.58176e+01   1.69250e+02
           832   1.68988e+02   8.32000e+02  -1.44829e+01   1.58173e+01   1.69333e+02
           833   1.69073e+02   8.33000e+02  -1.44306e+01   1.58171e+01   1.69417e+02
           834   1.69156e+02   8.34000e+02  -1.43778e+01   1.58168e+01   1.69500e+02
           835   1.69243e+02   8.35000e+02  -1.43253e+01   1.58165e+01   1.69583e+02
           836   1.69344e+02   8.36000e+02  -1.42684e+01   1.58162e+01   1.69667e+02
           837   1.69439e+02   8.37000e+02  -1.42122e+01   1.58158e+01   1.69750e+02
           838   1.69523e+02   8.38000e+02  -1.41567e+01   1.58155e+01   1.69833e+02
           839   1.69612e+02   8.39000e+02  -1.41010e+01   1.58151e+01   1.69917e+02
           840   1.69698e+02   8.40000e+02  -1.40373e+01   1.58146e+01   1.70000e+02
           841   1.69798e+02   8.41000e+02  -1.39739e+01   1.58142e+01   1.70083e+02
           842   1.69877e+02   8.42000e+02  -1.39099e+01   1.58137e+01   1.70167e+02
           843   1.69975e+02   8.43000e+02  -1.38472e+01   1.58133e+01   1.70250e+02
           844   1.70060e+02   8.44000e+02  -1.37757e+01   1.58130e+01   1.70333e+02
           845   1.70150e+02   8.45000e+02  -1.37057e+01   1.58126e+01   1.70417e+02
           846   1.70238e+02   8.46000e+02  -1.36346e+01   1.58122e+01   1.70500e+02
           847   1.70331e+02   8.47000e+02  -1.35627e+01   1.58119e+01   1.70583e+02
           848   1.70431e+02   8.48000e+02  -1.34821e+01   1.58117e+01   1.70667e+02
           849   1.70520e+02   8.49000e+02  -1.34065e+01   1.58114e+01   1.70750e+02
           850   1.70607e+02   8.50000e+02  -1.33296e+01   1.58111e+01   1.70833e+02
           851   1.70698e+02   8.51000e+02  -1.32527e+01   1.58108e+01   1.70917e+02
           852   1.70789e+02   8.52000e+02  -1.31661e+01   1.58105e+01   1.71000e+02
           853   1.70874e+02   8.53000e+02  -1.30832e+01   1.58101e+01   1.71083e+02
           854   1.70969e+02   8.54000e+02  -1.30003e+01   1.58098e+01   1.71167e+02
           855   1.71063e+02   8.55000e+02  -1.29165e+01   1.58094e+01   1.71250e+02
           856   1.71147e+02   8.56000e+02  -1.28258e+01   1.58091e+01   1.71333e+02
           857   1.71241e+02   8.57000e+02  -1.27379e+01   1.58088e+01   1.71417e+02
           858   1.71333e+02   8.58000e+02  -1.26496e+01   1.58084e+01   1.71500e+02
           859   1.71432e+02   8.59000e+02  -1.25610e+01   1.58080e+01   1.71583e+02
           860   1.71514e+02   8.60000e+02  -1.24642e+01   1.58076e+01   1.71667e+02
           861   1.71605e+02   8.61000e+02  -1.23694e+01   1.58072e+01   1.71750e+02
           862   1.71709e+02   8.62000e+02  -1.22734e+01   1.58067e+01   1.71833e+02
           863   1.71797e+02   8.63000e+02  -1.21758e+01   1.58062e+01   1.71917e+02
           864   1.71897e+02   8.64000e+02  -1.20699e+01   1.58057e+01   1.72000e+02
           865   1.71980e+02   8.65000e+02  -1.19659e+01   1.58051e+01   1.72083e+02
           866   1.72076e+02   8.66000e+02  -1.18612e+01   1.58046e+01   1.72167e+02
           867   1.72185e+02   8.67000e+02  -1.17553e+01   1.58041e+01   1.72250e+02
           868   1.72266e+02   8.68000e+02  -1.16376e+01   1.58037e+01   1.72333e+02
           869   1.72358e+02   8.69000e+02  -1.15254e+01   1.58032e+01   1.72417e+02
           870   1.72457e+02   8.70000e+02  -1.14129e+01   1.58027e+01   1.72500e+02
           871   1.72537e+02   8.71000e+02  -1.12980e+01   1.58022e+01   1.72583e+02
           872   1.72645e+02   8.72000e+02  -1.11662e+01   1.58018e+01   1.72667e+02
           873   1.72737e+02   8.73000e+02  -1.10420e+01   1.58013e+01   1.72750e+02
           874   1.72829e+02   8.74000e+02  -1.09182e+01   1.58009e+01   1.72833e+02
           875   1.72935e+02   8.75000e+02  -1.07932e+01   1.58005e+01   1.72917e+02
           876   1.73014e+02   8.76000e+02  -1.06535e+01   1.58000e+01   1.73000e+02
           877   1.73108e+02   8.77000e+02  -1.05178e+01   1.57995e+01   1.73083e+02
           878   1.73198e+02   8.78000e+02  -1.03809e+01   1.57990e+01   1.73167e+02
           879   1.73293e+02   8.79000e+02  -1.02433e+01   1.57985e+01   1.73250e+02
           880   1.73396e+02   8.80000e+02  -1.00878e+01   1.57978e+01   1.73333e+02
           881   1.73496e+02   8.81000e+02  -9.93952e+00   1.57972e+01   1.73417e+02
           882   1.73589e+02   8.82000e+02  -9.78997e+00   1.57966e+01   1.73500e+02
           883   1.73684e+02   8.83000e+02  -9.63822e+00   1.57961e+01   1.73583e+02
           884   1.73784e+02   8.84000e+02  -9.46827e+00   1.57954e+01   1.73667e+02
           885   1.73880e+02   8.85000e+02  -9.30774e+00   1.57948e+01   1.73750e+02
           886   1.73975e+02   8.86000e+02  -9.14982e+00   1.57942e+01   1.73833e+02
           887   1.74069e+02   8.87000e+02  -8.98405e+00   1.57936e+01   1.73917e+02
           888   1.74166e+02   8.88000e+02  -8.78796e+00   1.57929e+01   1.74000e+02
           889   1.74265e+02   8.89000e+02  -8.61556e+00   1.57923e+01   1.74083e+02
           890   1.74357e+02   8.90000e+02  -8.44330e+00   1.57916e+01   1.74167e+02
           891   1.74455e+02   8.91000e+02  -8.26383e+00   1.57910e+01   1.74250e+02
           892   1.74553e+02   8.92000e+02  -8.03590e+00   1.57903e+01   1.74333e+02
           893   1.74658e+02   8.93000e+02  -7.83873e+00   1.57897e+01   1.74417e+02
           894   1.74753e+02   8.94000e+02  -7.64188e+00   1.57891e+01   1.74500e+02
           895   1.74842e+02   8.95000e+02  -7.44940e+00   1.57884e+01   1.74583e+02
           896   1.74938e+02   8.96000e+02  -7.21274e+00   1.57878e+01   1.74667e+02
           897   1.75042e+02   8.97000e+02  -6.99736e+00   1.57871e+01   1.74750e+02
           898   1.75137e+02   8.98000e+02  -6.77837e+00   1.57865e+01   1.74833e+02
           899   1.75233e+02   8.99000e+02  -6.56445e+00   1.57858e+01   1.74917e+02
           900   1.75333e+02   9.00000e+02  -6.29806e+00   1.57850e+01   1.75000e+02
           901   1.75431e+02   9.01000e+02  -6.06165e+00   1.57843e+01   1.75083e+02
           902   1.75535e+02   9.02000e+02  -5.82383e+00   1.57835e+01   1.75167e+02
           903   1.75646e+02   9.03000e+02  -5.57612e+00   1.57826e+01   1.75250e+02
           904   1.75737e+02   9.04000e+02  -5.26760e+00   1.57818e+01   1.75333e+02
           905   1.75840e+02   9.05000e+02  -4.99371e+00   1.57810e+01   1.75417e+02
           906   1.75951e+02   9.06000e+02  -4.71247e+00   1.57802e+01   1.75500e+02
           907   1.76050e+02   9.07000e+02  -4.42833e+00   1.57794e+01   1.75583e+02
           908   1.76151e+02   9.08000e+02  -4.10269e+00   1.57786e+01   1.75667e+02
           909   1.76271e+02   9.09000e+02  -3.80516e+00   1.57777e+01   1.75750e+02
           910   1.76373e+02   9.10000e+02  -3.50304e+00   1.57768e+01   1.75833e+02
           911   1.76474e+02   9.11000e+02  -3.18723e+00   1.57759e+01   1.75917e+02
           912   1.76584e+02   9.12000e+02  -2.83013e+00   1.57749e+01   1.76000e+02
           913   1.76681e+02   9.13000e+02  -2.49154e+00   1.57739e+01   1.76083e+02
           914   1.76775e+02   9.14000e+02  -2.13839e+00   1.57730e+01   1.76167e+02
           915   1.76891e+02   9.15000e+02  -1.77679e+00   1.57720e+01   1.76250e+02
           916   1.76997e+02   9.16000e+02  -1.35146e+00   1.57710e+01   1.76333e+02
           917   1.77105e+02   9.17000e+02  -9.46190e-01   1.57700e+01   1.76417e+02
           918   1.77217e+02   9.18000e+02  -5.42593e-01   1.57690e+01   1.76500e+02
           919   1.77326e+02   9.19000e+02  -1.45039e-01   1.57680e+01   1.76583e+02
           920   1.77443e+02   9.20000e+02   3.19823e-01   1.57670e+01   1.76667e+02
           921   1.77545e+02   9.21000e+02   7.69049e-01   1.57660e+01   1.76750e+02
           922   1.77661e+02   9.22000e+02   1.22292e+00   1.57649e+01   1.76833e+02
           923   1.77782e+02   9.23000e+02   1.70654e+00   1.57638e+01   1.76917e+02
           924   1.77886e+02   9.24000e+02   2.23971e+00   1.57626e+01   1.77000e+02
           925   1.78010e+02   9.25000e+02   2.80001e+00   1.57615e+01   1.77083e+02
           926   1.78127e+02   9.26000e+02   3.36904e+00   1.57603e+01   1.77167e+02
           927   1.78231e+02   9.27000e+02   3.95397e+00   1.57591e+01   1.77250e+02
           928   1.78364e+02   9.28000e+02   4.59890e+00   1.57578e+01   1.77333e+02
           929   1.78486e+02   9.29000e+02   5.23671e+00   1.57565e+01   1.77417e+02
           930   1.78602e+02   9.30000e+02   5.89190e+00   1.57552e+01   1.77500e+02
           931   1.78726e+02   9.31000e+02   6.59093e+00   1.57539e+01   1.77583e+02
           932   1.78862e+02   9.32000e+02   7.38758e+00   1.57525e+01   1.77667e+02
           933   1.78994e+02   9.33000e+02   8.17442e+00   1.57511e+01   1.77750e+02
           934   1.79107e+02   9.34000e+02   8.98116e+00   1.57497e+01   1.77833e+02
           935   1.79246e+02   9.35000e+02   9.78521e+00   1.57482e+01   1.77917e+02
           936   1.79380e+02   9.36000e+02   1.05861e+01   1.57466e+01   1.78000e+02
           937   1.79504e+02   9.37000e+02   1.13867e+01   1.57450e+01   1.78083e+02
           938   1.79631e+02   9.38000e+02   1.21775e+01   1.57433e+01   1.78167e+02
           939   1.79772e+02   9.39000e+02   1.29466e+01   1.57416e+01   1.78250e+02
           940   1.79888e+02   9.40000e+02   1.36884e+01   1.57396e+01   1.78333e+02
           941   1.80012e+02   9.41000e+02   1.44056e+01   1.57378e+01   1.78417e+02
           942   1.80134e+02   9.42000e+02   1.50358e+01   1.57359e+01   1.78500e+02
           943   1.80231e+02   9.43000e+02   1.56103e+01   1.57340e+01   1.78583e+02
           944   1.80352e+02   9.44000e+02   1.60173e+01   1.57318e+01   1.78667e+02
           945   1.80455e+02   9.45000e+02   1.63548e+01   1.57297e+01   1.78750e+02
           946   1.80566e+02   9.46000e+02   1.66124e+01   1.57275e+01   1.78833e+02
           947   1.80680e+02   9.47000e+02   1.68635e+01   1.57253e+01   1.78917e+02
           948   1.80766e+02   9.48000e+02   1.69271e+01   1.57228e+01   1.79000e+02
           949   1.80864e+02   9.49000e+02   1.69162e+01   1.57204e+01   1.79083e+02
           950   1.80953e+02   9.50000e+02   1.68111e+01   1.57180e+01   1.79167e+02
           951   1.81052e+02   9.51000e+02   1.66767e+01   1.57155e+01   1.79250e+02
           952   1.81130e+02   9.52000e+02   1.64442e+01   1.57128e+01   1.79333e+02
           953   1.81209e+02   9.53000e+02   1.61889e+01   1.57102e+01   1.79417e+02
           954   1.81286e+02   9.54000e+02   1.58866e+01   1.57077e+01   1.79500e+02
           955   1.81365e+02   9.55000e+02   1.55413e+01   1.57052e+01   1.79583e+02
           956   1.81456e+02   9.56000e+02   1.51094e+01   1.57026e+01   1.79667e+02
           957   1.81520e+02   9.57000e+02   1.46639e+01   1.57001e+01   1.79750e+02
           958   1.81588e+02   9.58000e+02   1.41733e+01   1.56977e+01   1.79833e+02
           959   1.81660e+02   9.59000e+02   1.36341e+01   1.56952e+01   1.79917e+02
           960   1.81736e+02   9.60000e+02   1.30505e+01   1.56930e+01   1.80000e+02
           961   1.81796e+02   9.61000e+02   1.24665e+01   1.56907e+01   1.80083e+02
           962   1.81865e+02   9.62000e+02   1.18609e+01   1.56885e+01   1.80167e+02
           963   1.81926e+02   9.63000e+02   1.12358e+01   1.56862e+01   1.80250e+02
           964   1.82000e+02   9.64000e+02   1.05486e+01   1.56841e+01   1.80333e+02
           965   1.82050e+02   9.65000e+02   9.85771e+00   1.56819e+01   1.80417e+02
           966   1.82111e+02   9.66000e+02   9.14111e+00   1.56798e+01   1.80500e+02
           967   1.82178e+02   9.67000e+02   8.41464e+00   1.56776e+01   1.80583e+02
           968   1.82239e+02   9.68000e+02   7.66509e+00   1.56754e+01   1.80667e+02
           969   1.82293e+02   9.69000e+02   6.95033e+00   1.56733e+01   1.80750e+02
           970   1.82360e+02   9.70000e+02   6.25139e+00   1.56712e+01   1.80833e+02
           971   1.82418e+02   9.71000e+02   5.55890e+00   1.56691e+01   1.80917e+02
           972   1.82465e+02   9.72000e+02   4.85007e+00   1.56671e+01   1.81000e+02
           973   1.82520e+02   9.73000e+02   4.13339e+00   1.56651e+01   1.81083e+02
           974   1.82588e+02   9.74000e+02   3.41655e+00   1.56630e+01   1.81167e+02
           975   1.82662e+02   9.75000e+02   2.71822e+00   1.56610e+01   1.81250e+02
           976   1.82710e+02   9.76000e+02   2.05033e+00   1.56590e+01   1.81333e+02
           977   1.82770e+02   9.77000e+02   1.38067e+00   1.56571e+01   1.81417e+02
           978   1.82839e+02   9.78000e+02   7.18183e-01   1.56552e+01   1.81500e+02
           979   1.82894e+02   9.79000e+02   8.75999e-02   1.56533e+01   1.81583e+02
           980   1.82954e+02   9.80000e+02  -5.11346e-01   1.56515e+01   1.81667e+02
           981   1.83020e+02   9.81000e+02  -1.12330e+00   1.56497e+01   1.81750e+02
           982   1.83073e+02   9.82000e+02  -1.70825e+00   1.56478e+01   1.81833e+02
           983   1.83133e+02   9.83000e+02  -2.27797e+00   1.56460e+01   1.81917e+02
           984   1.83206e+02   9.84000e+02  -2.77796e+00   1.56442e+01   1.82000e+02
           985   1.83277e+02   9.85000e+02  -3.27591e+00   1.56424e+01   1.82083e+02
           986   1.83322e+02   9.86000e+02  -3.77531e+00   1.56407e+01   1.82167e+02
           987   1.83400e+02   9.87000e+02  -4.26768e+00   1.56389e+01   1.82250e+02
           988   1.83456e+02   9.88000e+02  -4.69167e+00   1.56372e+01   1.82333e+02
           989   1.83525e+02   9.89000e+02  -5.15390e+00   1.56355e+01   1.82417e+02
           990   1.83591e+02   9.90000e+02  -5.60609e+00   1.56339e+01   1.82500e+02
           991   1.83654e+02   9.91000e+02  -6.05288e+00   1.56322e+01   1.82583e+02
           992   1.83717e+02   9.92000e+02  -6.44816e+00   1.56306e+01   1.82667e+02
           993   1.83786e+02   9.93000e+02  -6.86481e+00   1.56291e+01   1.82750e+02
           994   1.83856e+02   9.94000e+02  -7.28653e+00   1.56274e+01   1.82833e+02
           995   1.83905e+02   9.95000e+02  -7.69701e+00   1.56258e+01   1.82917e+02
           996   1.83975e+02   9.96000e+02  -8.05371e+00   1.56242e+01   1.83000e+02
           997   1.84042e+02   9.97000e+02  -8.44283e+00   1.56227e+01   1.83083e+02
           998   1.84116e+02   9.98000e+02  -8.82754e+00   1.56212e+01   1.83167e+02
           999   1.84190e+02   9.99000e+02  -9.19369e+00   1.56196e+01   1.83250e+02
          1000   1.84261e+02   1.00000e+03  -9.50433e+00   1.56182e+01   1.83333e+02
          1001   1.84336e+02   1.00100e+03  -9.83080e+00   1.56167e+01   1.83417e+02
          1002   1.84407e+02   1.00200e+03  -1.01539e+01   1.56153e+01   1.83500e+02
          1003   1.84467e+02   1.00300e+03  -1.04698e+01   1.56138e+01   1.83583e+02
          1004   1.84537e+02   1.00400e+03  -1.07519e+01   1.56124e+01   1.83667e+02
          1005   1.84598e+02   1.00500e+03  -1.10467e+01   1.56110e+01   1.83750e+02
          1006   1.84684e+02   1.00600e+03  -1.13245e+01   1.56095e+01   1.83833e+02
          1007   1.84760e+02   1.00700e+03  -1.15916e+01   1.56080e+01   1.83917e+02
          1008   1.84822e+02   1.00800e+03  -1.17921e+01   1.56064e+01   1.84000e+02
          1009   1.84902e+02   1.00900e+03  -1.20180e+01   1.56049e+01   1.84083e+02
          1010   1.84965e+02   1.01000e+03  -1.22371e+01   1.56034e+01   1.84167e+02
          1011   1.85052e+02   1.01100e+03  -1.24419e+01   1.56019e+01   1.84250e+02
          1012   1.85125e+02   1.01200e+03  -1.26092e+01   1.56003e+01   1.84333e+02
          1013   1.85191e+02   1.01300e+03  -1.28044e+01   1.55988e+01   1.84417e+02
          1014   1.85268e+02   1.01400e+03  -1.29999e+01   1.55973e+01   1.84500e+02
          1015   1.85351e+02   1.01500e+03  -1.31935e+01   1.55958e+01   1.84583e+02
          1016   1.85412e+02   1.01600e+03  -1.33559e+01   1.55942e+01   1.84667e+02
          1017   1.85492e+02   1.01700e+03  -1.35408e+01   1.55928e+01   1.84750e+02
          1018   1.85565e+02   1.01800e+03  -1.37274e+01   1.55913e+01   1.84833e+02
          1019   1.85645e+02   1.01900e+03  -1.39130e+01   1.55899e+01   1.84917e+02
          1020   1.85728e+02   1.02000e+03  -1.40607e+01   1.55884e+01   1.85000e+02
          1021   1.85798e+02   1.02100e+03  -1.42333e+01   1.55870e+01   1.85083e+02
          1022   1.85876e+02   1.02200e+03  -1.43822e+01   1.55856e+01   1.85167e+02
          1023   1.85952e+02   1.02300e+03  -1.45241e+01   1.55842e+01   1.85250e+02
          1024   1.86031e+02   1.02400e+03  -1.46026e+01   1.55828e+01   1.85333e+02
          1025   1.86104e+02   1.02500e+03  -1.47104e+01   1.55814e+01   1.85417e+02
          1026   1.86182e+02   1.02600e+03  -1.48154e+01   1.55800e+01   1.85500e+02
          1027   1.86250e+02   1.02700e+03  -1.49051e+01   1.55786e+01   1.85583e+02
          1028   1.86333e+02   1.02800e+03  -1.49880e+01   1.55771e+01   1.85667e+02
          1029   1.86408e+02   1.02900e+03  -1.50876e+01   1.55757e+01   1.85750e+02
          1030   1.86495e+02   1.03000e+03  -1.51883e+01   1.55742e+01   1.85833e+02
          1031   1.86578e+02   1.03100e+03  -1.52867e+01   1.55727e+01   1.85917e+02
          1032   1.86646e+02   1.03200e+03  -1.53726e+01   1.55712e+01   1.86000e+02
          1033   1.86732e+02   1.03300e+03  -1.54636e+01   1.55697e+01   1.86083e+02
          1034   1.86800e+02   1.03400e+03  -1.55563e+01   1.55682e+01   1.86167e+02
          1035   1.86881e+02   1.03500e+03  -1.56496e+01   1.55667e+01   1.86250e+02
          1036   1.86965e+02   1.03600e+03  -1.57367e+01   1.55653e+01   1.86333e+02
          1037   1.87037e+02   1.03700e+03  -1.58274e+01   1.55640e+01   1.86417e+02
          1038   1.87104e+02   1.03800e+03  -1.59191e+01   1.55626e+01   1.86500e+02
          1039   1.87185e+02   1.03900e+03  -1.60114e+01   1.55612e+01   1.86583e+02
          1040   1.87269e+02   1.04000e+03  -1.60985e+01   1.55600e+01   1.86667e+02
          1041   1.87352e+02   1.04100e+03  -1.61857e+01   1.55588e+01   1.86750e+02
          1042   1.87427e+02   1.04200e+03  -1.62721e+01   1.55575e+01   1.86833e+02
          1043   1.87494e+02   1.04300e+03  -1.63578e+01   1.55562e+01   1.86917e+02
          1044   1.87579e+02   1.04400e+03  -1.64412e+01   1.55550e+01   1.87000e+02
          1045   1.87660e+02   1.04500e+03  -1.65207e+01   1.55538e+01   1.87083e+02
          1046   1.87736e+02   1.04600e+03  -1.65982e+01   1.55525e+01   1.87167e+02
          1047   1.87808e+02   1.04700e+03  -1.66744e+01   1.55513e+01   1.87250e+02
          1048   1.87894e+02   1.04800e+03  -1.67381e+01   1.55499e+01   1.87333e+02
          1049   1.87967e+02   1.04900e+03  -1.68028e+01   1.55486e+01   1.87417e+02
          1050   1.88048e+02   1.05000e+03  -1.68680e+01   1.55473e+01   1.87500e+02
          1051   1.88129e+02   1.05100e+03  -1.69396e+01   1.55460e+01   1.87583e+02
          1052   1.88201e+02   1.05200e+03  -1.69821e+01   1.55447e+01   1.87667e+02
          1053   1.88291e+02   1.05300e+03  -1.70458e+01   1.55433e+01   1.87750e+02
          1054   1.88375e+02   1.05400e+03  -1.71125e+01   1.55420e+01   1.87833e+02
          1055   1.88450e+02   1.05500e+03  -1.71626e+01   1.55407e+01   1.87917e+02
          1056   1.88520e+02   1.05600e+03  -1.71603e+01   1.55392e+01   1.88000e+02
          1057   1.88600e+02   1.05700e+03  -1.71727e+01   1.55378e+01   1.88083e+02
          1058   1.88692e+02   1.05800e+03  -1.71990e+01   1.55363e+01   1.88167e+02
          1059   1.88772e+02   1.05900e+03  -1.72286e+01   1.55347e+01   1.88250e+02
          1060   1.88858e+02   1.06000e+03  -1.72401e+01   1.55331e+01   1.88333e+02
          1061   1.88941e+02   1.06100e+03  -1.72619e+01   1.55315e+01   1.88417e+02
          1062   1.89019e+02   1.06200e+03  -1.72848e+01   1.55299e+01   1.88500e+02
          1063   1.89090e+02   1.06300e+03  -1.73074e+01   1.55283e+01   1.88583e+02
          1064   1.89172e+02   1.06400e+03  -1.73203e+01   1.55266e+01   1.88667e+02
          1065   1.89259e+02   1.06500e+03  -1.73398e+01   1.55250e+01   1.88750e+02
          1066   1.89346e+02   1.06600e+03  -1.73617e+01   1.55234e+01   1.88833e+02
          1067   1.89434e+02   1.06700e+03  -1.73838e+01   1.55217e+01   1.88917e+02
          1068   1.89511e+02   1.06800e+03  -1.74051e+01   1.55201e+01   1.89000e+02
          1069   1.89594e+02   1.06900e+03  -1.74278e+01   1.55185e+01   1.89083e+02
          1070   1.89671e+02   1.07000e+03  -1.74510e+01   1.55169e+01   1.89167e+02
          1071   1.89748e+02   1.07100e+03  -1.74755e+01   1.55153e+01   1.89250e+02
          1072   1.89833e+02   1.07200e+03  -1.75061e+01   1.55138e+01   1.89333e+02
          1073   1.89904e+02   1.07300e+03  -1.75324e+01   1.55123e+01   1.89417e+02
          1074   1.90000e+02   1.07400e+03  -1.75599e+01   1.55108e+01   1.89500e+02
          1075   1.90067e+02   1.07500e+03  -1.75889e+01   1.55093e+01   1.89583e+02
          1076   1.90160e+02   1.07600e+03  -1.76191e+01   1.55078e+01   1.89667e+02
          1077   1.90233e+02   1.07700e+03  -1.76508e+01   1.55064e+01   1.89750e+02
          1078   1.90319e+02   1.07800e+03  -1.76844e+01   1.55049e+01   1.89833e+02
          1079   1.90399e+02   1.07900e+03  -1.77184e+01   1.55035e+01   1.89917e+02
          1080   1.90480e+02   1.08000e+03  -1.77585e+01   1.55022e+01   1.90000e+02
          1081   1.90560e+02   1.08100e+03  -1.77948e+01   1.55008e+01   1.90083e+02
          1082   1.90651e+02   1.08200e+03  -1.78305e+01   1.54995e+01   1.90167e+02
          1083   1.90716e+02   1.08300e+03  -1.78661e+01   1.54982e+01   1.90250e+02
          1084   1.90792e+02   1.08400e+03  -1.79128e+01   1.54970e+01   1.90333e+02
          1085   1.90875e+02   1.08500e+03  -1.79575e+01   1.54957e+01   1.90417e+02
          1086   1.90951e+02   1.08600e+03  -1.80018e+01   1.54945e+01   1.90500e+02
          1087   1.91028e+02   1.08700e+03  -1.80463e+01   1.54932e+01   1.90583e+02
          1088   1.91117e+02   1.08800e+03  -1.80970e+01   1.54920e+01   1.90667e+02
          1089   1.91199e+02   1.08900e+03  -1.81470e+01   1.54908e+01   1.90750e+02
          1090   1.91280e+02   1.09000e+03  -1.81987e+01   1.54896e+01   1.90833e+02
          1091   1.91362e+02   1.09100e+03  -1.82510e+01   1.54885e+01   1.90917e+02
          1092   1.91439e+02   1.09200e+03  -1.83151e+01   1.54873e+01   1.91000e+02
          1093   1.91526e+02   1.09300e+03  -1.83741e+01   1.54862e+01   1.91083e+02
          1094   1.91594e+02   1.09400e+03  -1.84331e+01   1.54851e+01   1.91167e+02
          1095   1.91683e+02   1.09500e+03  -1.84923e+01   1.54841e+01   1.91250e+02
          1096   1.91757e+02   1.09600e+03  -1.85621e+01   1.54831e+01   1.91333e+02
          1097   1.91839e+02   1.09700e+03  -1.86264e+01   1.54820e+01   1.91417e+02
          1098   1.91914e+02   1.09800e+03  -1.86918e+01   1.54809e+01   1.91500e+02
          1099   1.91993e+02   1.09900e+03  -1.87591e+01   1.54798e+01   1.91583e+02
          1100   1.92082e+02   1.10000e+03  -1.88324e+01   1.54786e+01   1.91667e+02
          1101   1.92152e+02   1.10100e+03  -1.89010e+01   1.54775e+01   1.91750e+02
          1102   1.92239e+02   1.10200e+03  -1.89704e+01   1.54764e+01   1.91833e+02
          1103   1.92311e+02   1.10300e+03  -1.90409e+01   1.54753e+01   1.91917e+02
          1104   1.92388e+02   1.10400e+03  -1.91136e+01   1.54743e+01   1.92000e+02
          1105   1.92468e+02   1.10500e+03  -1.91844e+01   1.54734e+01   1.92083e+02
          1106   1.92553e+02   1.10600e+03  -1.92555e+01   1.54724e+01   1.92167e+02
          1107   1.92624e+02   1.10700e+03  -1.93264e+01   1.54715e+01   1.92250e+02
          1108   1.92711e+02   1.10800e+03  -1.94020e+01   1.54707e+01   1.92333e+02
          1109   1.92794e+02   1.10900e+03  -1.94741e+01   1.54698e+01   1.92417e+02
          1110   1.92860e+02   1.11000e+03  -1.95446e+01   1.54688e+01   1.92500e+02
          1111   1.92945e+02   1.11100e+03  -1.96148e+01   1.54677e+01   1.92583e+02
          1112   1.93028e+02   1.11200e+03  -1.96842e+01   1.54666e+01   1.92667e+02
          1113   1.93108e+02   1.11300e+03  -1.97537e+01   1.54655e+01   1.92750e+02
          1114   1.93190e+02   1.11400e+03  -1.98248e+01   1.54644e+01   1.92833e+02
          1115   1.93265e+02   1.11500e+03  -1.98973e+01   1.54633e+01   1.92917e+02
          1116   1.93339e+02   1.11600e+03  -1.99666e+01   1.54622e+01   1.93000e+02
          1117   1.93433e+02   1.11700e+03  -2.00374e+01   1.54611e+01   1.93083e+02
          1118   1.93517e+02   1.11800e+03  -2.01073e+01   1.54601e+01   1.93167e+02
          1119   1.93585e+02   1.11900e+03  -2.01758e+01   1.54590e+01   1.93250e+02
          1120   1.93670e+02   1.12000e+03  -2.02403e+01   1.54580e+01   1.93333e+02
          1121   1.93757e+02   1.12100e+03  -2.03062e+01   1.54571e+01   1.93417e+02
          1122   1.93831e+02   1.12200e+03  -2.03718e+01   1.54561e+01   1.93500e+02
          1123   1.93903e+02   1.12300e+03  -2.04369e+01   1.54552e+01   1.93583e+02
          1124   1.93990e+02   1.12400e+03  -2.05038e+01   1.54544e+01   1.93667e+02
          1125   1.94068e+02   1.12500e+03  -2.05687e+01   1.54535e+01   1.93750e+02
          1126   1.94151e+02   1.12600e+03  -2.06328e+01   1.54526e+01   1.93833e+02
          1127   1.94228e+02   1.12700e+03  -2.06978e+01   1.54517e+01   1.93917e+02
          1128   1.94309e+02   1.12800e+03  -2.07523e+01   1.54508e+01   1.94000e+02
          1129   1.94397e+02   1.12900e+03  -2.08125e+01   1.54499e+01   1.94083e+02
          1130   1.94470e+02   1.13000e+03  -2.08745e+01   1.54489e+01   1.94167e+02
          1131   1.94549e+02   1.13100e+03  -2.09375e+01   1.54480e+01   1.94250e+02
          1132   1.94627e+02   1.13200e+03  -2.10004e+01   1.54470e+01   1.94333e+02
          1133   1.94706e+02   1.13300e+03  -2.10611e+01   1.54460e+01   1.94417e+02
          1134   1.94794e+02   1.13400e+03  -2.11206e+01   1.54450e+01   1.94500e+02
          1135   1.94873e+02   1.13500e+03  -2.11798e+01   1.54440e+01   1.94583e+02
          1136   1.94950e+02   1.13600e+03  -2.12359e+01   1.54430e+01   1.94667e+02
          1137   1.95032e+02   1.13700e+03  -2.12923e+01   1.54420e+01   1.94750e+02
          1138   1.95103e+02   1.13800e+03  -2.13489e+01   1.54410e+01   1.94833e+02
          1139   1.95197e+02   1.13900e+03  -2.14053e+01   1.54400e+01   1.94917e+02
          1140   1.95281e+02   1.14000e+03  -2.14593e+01   1.54390e+01   1.95000e+02
          1141   1.95364e+02   1.14100e+03  -2.15151e+01   1.54380e+01   1.95083e+02
          1142   1.95450e+02   1.14200e+03  -2.15725e+01   1.54370e+01   1.95167e+02
          1143   1.95516e+02   1.14300e+03  -2.16288e+01   1.54360e+01   1.95250e+02
          1144   1.95609e+02   1.14400e+03  -2.16779e+01   1.54350e+01   1.95333e+02
          1145   1.95692e+02   1.14500e+03  -2.17293e+01   1.54340e+01   1.95417e+02
          1146   1.95766e+02   1.14600e+03  -2.17794e+01   1.54330e+01   1.95500e+02
          1147   1.95842e+02   1.14700e+03  -2.18291e+01   1.54321e+01   1.95583e+02
          1148   1.95919e+02   1.14800e+03  -2.18809e+01   1.54312e+01   1.95667e+02
          1149   1.96001e+02   1.14900e+03  -2.19305e+01   1.54303e+01   1.95750e+02
          1150   1.96079e+02   1.15000e+03  -2.19807e+01   1.54295e+01   1.95833e+02
          1151   1.96164e+02   1.15100e+03  -2.20312e+01   1.54286e+01   1.95917e+02
          1152   1.96252e+02   1.15200e+03  -2.20745e+01   1.54277e+01   1.96000e+02
          1153   1.96334e+02   1.15300e+03  -2.21208e+01   1.54268e+01   1.96083e+02
          1154   1.96411e+02   1.15400e+03  -2.21675e+01   1.54259e+01   1.96167e+02
          1155   1.96496e+02   1.15500e+03  -2.22149e+01   1.54250e+01   1.96250e+02
          1156   1.96566e+02   1.15600e+03  -2.22578e+01   1.54240e+01   1.96333e+02
          1157   1.96660e+02   1.15700e+03  -2.23033e+01   1.54231e+01   1.96417e+02
          1158   1.96735e+02   1.15800e+03  -2.23486e+01   1.54222e+01   1.96500e+02
          1159   1.96826e+02   1.15900e+03  -2.23936e+01   1.54213e+01   1.96583e+02
          1160   1.96901e+02   1.16000e+03  -2.24387e+01   1.54205e+01   1.96667e+02
          1161   1.96988e+02   1.16100e+03  -2.24831e+01   1.54196e+01   1.96750e+02
          1162   1.97066e+02   1.16200e+03  -2.25279e+01   1.54187e+01   1.96833e+02
          1163   1.97153e+02   1.16300e+03  -2.25732e+01   1.54178e+01   1.96917e+02
          1164   1.97235e+02   1.16400e+03  -2.26157e+01   1.54169e+01   1.97000e+02
          1165   1.97315e+02   1.16500e+03  -2.26589e+01   1.54159e+01   1.97083e+02
          1166   1.97397e+02   1.16600e+03  -2.27016e+01   1.54149e+01   1.97167e+02
          1167   1.97467e+02   1.16700e+03  -2.27436e+01   1.54140e+01   1.97250e+02
          1168   1.97552e+02   1.16800e+03  -2.27872e+01   1.54130e+01   1.97333e+02
          1169   1.97644e+02   1.16900e+03  -2.28278e+01   1.54120e+01   1.97417e+02
          1170   1.97712e+02   1.17000e+03  -2.28670e+01   1.54110e+01   1.97500e+02
          1171   1.97792e+02   1.17100e+03  -2.29073e+01   1.54100e+01   1.97583e+02
          1172   1.97865e+02   1.17200e+03  -2.29490e+01   1.54090e+01   1.97667e+02
          1173   1.97947e+02   1.17300e+03  -2.29920e+01   1.54081e+01   1.97750e+02
          1174   1.98036e+02   1.17400e+03  -2.30346e+01   1.54072e+01   1.97833e+02
          1175   1.98124e+02   1.17500e+03  -2.30773e+01   1.54063e+01   1.97917e+02
          1176   1.98205e+02   1.17600e+03  -2.31164e+01   1.54055e+01   1.98000e+02
          1177   1.98289e+02   1.17700e+03  -2.31568e+01   1.54046e+01   1.98083e+02
          1178   1.98366e+02   1.17800e+03  -2.31973e+01   1.54037e+01   1.98167e+02
          1179   1.98452e+02   1.17900e+03  -2.32379e+01   1.54028e+01   1.98250e+02
          1180   1.98516e+02   1.18000e+03  -2.32787e+01   1.54019e+01   1.98333e+02
          1181   1.98605e+02   1.18100e+03  -2.33173e+01   1.54009e+01   1.98417e+02
          1182   1.98684e+02   1.18200e+03  -2.33575e+01   1.53999e+01   1.98500e+02
          1183   1.98773e+02   1.18300e+03  -2.33980e+01   1.53990e+01   1.98583e+02
          1184   1.98844e+02   1.18400e+03  -2.34365e+01   1.53980e+01   1.98667e+02
          1185   1.98934e+02   1.18500e+03  -2.34760e+01   1.53970e+01   1.98750e+02
          1186   1.99024e+02   1.18600e+03  -2.35159e+01   1.53960e+01   1.98833e+02
          1187   1.99086e+02   1.18700e+03  -2.35555e+01   1.53950e+01   1.98917e+02
          1188   1.99184e+02   1.18800e+03  -2.35909e+01   1.53941e+01   1.99000e+02
          1189   1.99262e+02   1.18900e+03  -2.36286e+01   1.53932e+01   1.99083e+02
          1190   1.99342e+02   1.19000e+03  -2.36662e+01   1.53923e+01   1.99167e+02
          1191   1.99417e+02   1.19100e+03  -2.37059e+01   1.53914e+01   1.99250e+02
          1192   1.99504e+02   1.19200e+03  -2.37496e+01   1.53906e+01   1.99333e+02
          1193   1.99580e+02   1.19300e+03  -2.37901e+01   1.53898e+01   1.99417e+02
          1194   1.99661e+02   1.19400e+03  -2.38286e+01   1.53889e+01   1.99500e+02
          1195   1.99741e+02   1.19500e+03  -2.38657e+01   1.53879e+01   1.99583e+02
          1196   1.99826e+02   1.19600e+03  -2.38991e+01   1.53870e+01   1.99667e+02
          1197   1.99905e+02   1.19700e+03  -2.39343e+01   1.53861e+01   1.99750e+02
          1198   2.00000e+02   1.19800e+03  -2.39707e+01   1.53852e+01   1.99833e+02
          1199   2.00075e+02   1.19900e+03  -2.40090e+01   1.53843e+01   1.99917e+02
          1200   2.00144e+02   1.20000e+03  -2.40487e+01   1.53835e+01   2.00000e+02
          1201   2.00237e+02   1.20100e+03  -2.40869e+01   1.53826e+01   2.00083e+02
          1202   2.00318e+02   1.20200e+03  -2.41249e+01   1.53817e+01   2.00167e+02
          1203   2.00392e+02   1.20300e+03  -2.41622e+01   1.53808e+01   2.00250e+02
          1204   2.00479e+02   1.20400e+03  -2.41949e+01   1.53799e+01   2.00333e+02
          1205   2.00557e+02   1.20500e+03  -2.42306e+01   1.53789e+01   2.00417e+02
          1206   2.00652e+02   1.20600e+03  -2.42662e+01   1.53781e+01   2.00500e+02
          1207   2.00733e+02   1.20700e+03  -2.43016e+01   1.53772e+01   2.00583e+02
          1208   2.00819e+02   1.20800e+03  -2.43417e+01   1.53763e+01   2.00667e+02
          1209   2.00894e+02   1.20900e+03  -2.43783e+01   1.53755e+01   2.00750e+02
          1210   2.00973e+02   1.21000e+03  -2.44126e+01   1.53746e+01   2.00833e+02
          1211   2.01067e+02   1.21100e+03  -2.44467e+01   1.53737e+01   2.00917e+02
          1212   2.01140e+02   1.21200e+03  -2.44779e+01   1.53728e+01   2.01000e+02
          1213   2.01226e+02   1.21300e+03  -2.45111e+01   1.53719e+01   2.01083e+02
          1214   2.01302e+02   1.21400e+03  -2.45438e+01   1.53709e+01   2.01167e+02
          1215   2.01390e+02   1.21500e+03  -2.45768e+01   1.53700e+01   2.01250e+02
          1216   2.01465e+02   1.21600e+03  -2.46084e+01   1.53691e+01   2.01333e+02
          1217   2.01554e+02   1.21700e+03  -2.46420e+01   1.53682e+01   2.01417e+02
          1218   2.01639e+02   1.21800e+03  -2.46749e+01   1.53673e+01   2.01500e+02
          1219   2.01726e+02   1.21900e+03  -2.47071e+01   1.53664e+01   2.01583e+02
          1220   2.01806e+02   1.22000e+03  -2.47372e+01   1.53656e+01   2.01667e+02
          1221   2.01887e+02   1.22100e+03  -2.47674e+01   1.53648e+01   2.01750e+02
          1222   2.01975e+02   1.22200e+03  -2.47990e+01   1.53639e+01   2.01833e+02
          1223   2.02043e+02   1.22300e+03  -2.48302e+01   1.53629e+01   2.01917e+02
          1224   2.02131e+02   1.22400e+03  -2.48631e+01   1.53619e+01   2.02000e+02
          1225   2.02211e+02   1.22500e+03  -2.48969e+01   1.53610e+01   2.02083e+02
          1226   2.02295e+02   1.22600e+03  -2.49312e+01   1.53600e+01   2.02167e+02
          1227   2.02386e+02   1.22700e+03  -2.49642e+01   1.53591e+01   2.02250e+02
          1228   2.02463e+02   1.22800e+03  -2.49939e+01   1.53582e+01   2.02333e+02
          1229   2.02549e+02   1.22900e+03  -2.50244e+01   1.53573e+01   2.02417e+02
          1230   2.02621e+02   1.23000e+03  -2.50552e+01   1.53565e+01   2.02500e+02
          1231   2.02704e+02   1.23100e+03  -2.50868e+01   1.53556e+01   2.02583e+02
          1232   2.02786e+02   1.23200e+03  -2.51244e+01   1.53547e+01   2.02667e+02
          1233   2.02864e+02   1.23300e+03  -2.51588e+01   1.53538e+01   2.02750e+02
          1234   2.02954e+02   1.23400e+03  -2.51921e+01   1.53529e+01   2.02833e+02
          1235   2.03032e+02   1.23500e+03  -2.52254e+01   1.53520e+01   2.02917e+02
          1236   2.03121e+02   1.23600e+03  -2.52533e+01   1.53509e+01   2.03000e+02
          1237   2.03200e+02   1.23700e+03  -2.52838e+01   1.53500e+01   2.03083e+02
          1238   2.03285e+02   1.23800e+03  -2.53142e+01   1.53490e+01   2.03167e+02
          1239   2.03362e+02   1.23900e+03  -2.53449e+01   1.53480e+01   2.03250e+02
          1240   2.03446e+02   1.24000e+03  -2.53782e+01   1.53470e+01   2.03333e+02
          1241   2.03532e+02   1.24100e+03  -2.54085e+01   1.53460e+01   2.03417e+02
          1242   2.03609e+02   1.24200e+03  -2.54371e+01   1.53450e+01   2.03500e+02
          1243   2.03691e+02   1.24300e+03  -2.54654e+01   1.53440e+01   2.03583e+02
          1244   2.03779e+02   1.24400e+03  -2.54887e+01   1.53430e+01   2.03667e+02
          1245   2.03859e+02   1.24500e+03  -2.55149e+01   1.53420e+01   2.03750e+02
          1246   2.03940e+02   1.24600e+03  -2.55419e+01   1.53410e+01   2.03833e+02
          1247   2.04022e+02   1.24700e+03  -2.55688e+01   1.53400e+01   2.03917e+02
          1248   2.04109e+02   1.24800e+03  -2.55921e+01   1.53391e+01   2.04000e+02
          1249   2.04188e+02   1.24900e+03  -2.56186e+01   1.53382e+01   2.04083e+02
          1250   2.04279e+02   1.25000e+03  -2.56453e+01   1.53373e+01   2.04167e+02
          1251   2.04363e+02   1.25100e+03  -2.56720e+01   1.53364e+01   2.04250e+02
          1252   2.04438e+02   1.25200e+03  -2.56944e+01   1.53356e+01   2.04333e+02
          1253   2.04526e+02   1.25300e+03  -2.57186e+01   1.53348e+01   2.04417e+02
          1254   2.04609e+02   1.25400e+03  -2.57438e+01   1.53339e+01   2.04500e+02
          1255   2.04687e+02   1.25500e+03  -2.57685e+01   1.53329e+01   2.04583e+02
          1256   2.04770e+02   1.25600e+03  -2.57941e+01   1.53319e+01   2.04667e+02
          1257   2.04867e+02   1.25700e+03  -2.58190e+01   1.53310e+01   2.04750e+02
          1258   2.04943e+02   1.25800e+03  -2.58439e+01   1.53300e+01   2.04833e+02
          1259   2.05020e+02   1.25900e+03  -2.58685e+01   1.53290e+01   2.04917e+02
          1260   2.05110e+02   1.26000e+03  -2.58943e+01   1.53280e+01   2.05000e+02
          1261   2.05195e+02   1.26100e+03  -2.59202e+01   1.53270e+01   2.05083e+02
          1262   2.05277e+02   1.26200e+03  -2.59462e+01   1.53260e+01   2.05167e+02
          1263   2.05359e+02   1.26300e+03  -2.59734e+01   1.53250e+01   2.05250e+02
          1264   2.05436e+02   1.26400e+03  -2.60007e+01   1.53240e+01   2.05333e+02
          1265   2.05522e+02   1.26500e+03  -2.60265e+01   1.53230e+01   2.05417e+02
          1266   2.05617e+02   1.26600e+03  -2.60498e+01   1.53220e+01   2.05500e+02
          1267   2.05699e+02   1.26700e+03  -2.60734e+01   1.53210e+01   2.05583e+02
          1268   2.05776e+02   1.26800e+03  -2.61001e+01   1.53200e+01   2.05667e+02
          1269   2.05857e+02   1.26900e+03  -2.61228e+01   1.53190e+01   2.05750e+02
          1270   2.05940e+02   1.27000e+03  -2.61439e+01   1.53180e+01   2.05833e+02
          1271   2.06023e+02   1.27100e+03  -2.61643e+01   1.53169e+01   2.05917e+02
          1272   2.06106e+02   1.27200e+03  -2.61785e+01   1.53158e+01   2.06000e+02
          1273   2.06194e+02   1.27300e+03  -2.61945e+01   1.53147e+01   2.06083e+02
          1274   2.06278e+02   1.27400e+03  -2.62105e+01   1.53135e+01   2.06167e+02
          1275   2.06366e+02   1.27500e+03  -2.62270e+01   1.53124e+01   2.06250e+02
          1276   2.06443e+02   1.27600e+03  -2.62339e+01   1.53113e+01   2.06333e+02
          1277   2.06524e+02   1.27700e+03  -2.62452e+01   1.53102e+01   2.06417e+02
          1278   2.06607e+02   1.27800e+03  -2.62574e+01   1.53091e+01   2.06500e+02
          1279   2.06698e+02   1.27900e+03  -2.62696e+01   1.53079e+01   2.06583e+02
          1280   2.06789e+02   1.28000e+03  -2.62742e+01   1.53068e+01   2.06667e+02
          1281   2.06866e+02   1.28100e+03  -2.62832e+01   1.53057e+01   2.06750e+02
          1282   2.06952e+02   1.28200e+03  -2.62916e+01   1.53044e+01   2.06833e+02
          1283   2.07030e+02   1.28300e+03  -2.62997e+01   1.53032e+01   2.06917e+02
          1284   2.07113e+02   1.28400e+03  -2.63076e+01   1.53019e+01   2.07000e+02
          1285   2.07197e+02   1.28500e+03  -2.63146e+01   1.53007e+01   2.07083e+02
          1286   2.07292e+02   1.28600e+03  -2.63197e+01   1.52994e+01   2.07167e+02
          1287   2.07363e+02   1.28700e+03  -2.63241e+01   1.52981e+01   2.07250e+02
          1288   2.07442e+02   1.28800e+03  -2.63274e+01   1.52969e+01   2.07333e+02
          1289   2.07534e+02   1.28900e+03  -2.63304e+01   1.52956e+01   2.07417e+02
          1290   2.07625e+02   1.29000e+03  -2.63336e+01   1.52943e+01   2.07500e+02
          1291   2.07709e+02   1.29100e+03  -2.63379e+01   1.52930e+01   2.07583e+02
          1292   2.07790e+02   1.29200e+03  -2.63380e+01   1.52917e+01   2.07667e+02
          1293   2.07874e+02   1.29300e+03  -2.63403e+01   1.52903e+01   2.07750e+02
          1294   2.07957e+02   1.29400e+03  -2.63424e+01   1.52890e+01   2.07833e+02
          1295   2.08046e+02   1.29500e+03  -2.63440e+01   1.52878e+01   2.07917e+02
          1296   2.08129e+02   1.29600e+03  -2.63437e+01   1.52864e+01   2.08000e+02
          1297   2.08220e+02   1.29700e+03  -2.63445e+01   1.52851e+01   2.08083e+02
          1298   2.08294e+02   1.29800e+03  -2.63451e+01   1.52839e+01   2.08167e+02
          1299   2.08369e+02   1.29900e+03  -2.63467e+01   1.52825e+01   2.08250e+02
          1300   2.08457e+02   1.30000e+03  -2.63505e+01   1.52812e+01   2.08333e+02
          1301   2.08535e+02   1.30100e+03  -2.63520e+01   1.52799e+01   2.08417e+02
          1302   2.08621e+02   1.30200e+03  -2.63532e+01   1.52786e+01   2.08500e+02
          1303   2.08711e+02   1.30300e+03  -2.63547e+01   1.52773e+01   2.08583e+02
          1304   2.08806e+02   1.30400e+03  -2.63560e+01   1.52760e+01   2.08667e+02
          1305   2.08888e+02   1.30500e+03  -2.63575e+01   1.52747e+01   2.08750e+02
          1306   2.08970e+02   1.30600e+03  -2.63591e+01   1.52734e+01   2.08833e+02
          1307   2.09051e+02   1.30700e+03  -2.63619e+01   1.52721e+01   2.08917e+02
          1308   2.09146e+02   1.30800e+03  -2.63698e+01   1.52709e+01   2.09000e+02
          1309   2.09225e+02   1.30900e+03  -2.63761e+01   1.52697e+01   2.09083e+02
          1310   2.09317e+02   1.31000e+03  -2.63810e+01   1.52685e+01   2.09167e+02
          1311   2.09395e+02   1.31100e+03  -2.63846e+01   1.52673e+01   2.09250e+02
          1312   2.09476e+02   1.31200e+03  -2.63918e+01   1.52662e+01   2.09333e+02
          1313   2.09567e+02   1.31300e+03  -2.63973e+01   1.52651e+01   2.09417e+02
          1314   2.09658e+02   1.31400e+03  -2.64035e+01   1.52639e+01   2.09500e+02
          1315   2.09737e+02   1.31500e+03  -2.64104e+01   1.52627e+01   2.09583e+02
          1316   2.09821e+02   1.31600e+03  -2.64183e+01   1.52615e+01   2.09667e+02
          1317   2.09898e+02   1.31700e+03  -2.64249e+01   1.52604e+01   2.09750e+02
          1318   2.09987e+02   1.31800e+03  -2.64318e+01   1.52592e+01   2.09833e+02
          1319   2.10071e+02   1.31900e+03  -2.64385e+01   1.52580e+01   2.09917e+02
          1320   2.10162e+02   1.32000e+03  -2.64430e+01   1.52568e+01   2.10000e+02
          1321   2.10234e+02   1.32100e+03  -2.64492e+01   1.52556e+01   2.10083e+02
          1322   2.10320e+02   1.32200e+03  -2.64550e+01   1.52543e+01   2.10167e+02
          1323   2.10410e+02   1.32300e+03  -2.64599e+01   1.52531e+01   2.10250e+02
          1324   2.10495e+02   1.32400e+03  -2.64644e+01   1.52519e+01   2.10333e+02
          1325   2.10572e+02   1.32500e+03  -2.64664e+01   1.52506e+01   2.10417e+02
          1326   2.10662e+02   1.32600e+03  -2.64677e+01   1.52493e+01   2.10500e+02
          1327   2.10746e+02   1.32700e+03  -2.64683e+01   1.52479e+01   2.10583e+02
          1328   2.10834e+02   1.32800e+03  -2.64667e+01   1.52465e+01   2.10667e+02
          1329   2.10912e+02   1.32900e+03  -2.64667e+01   1.52452e+01   2.10750e+02
          1330   2.10991e+02   1.33000e+03  -2.64664e+01   1.52438e+01   2.10833e+02
          1331   2.11090e+02   1.33100e+03  -2.64664e+01   1.52424e+01   2.10917e+02
          1332   2.11173e+02   1.33200e+03  -2.64588e+01   1.52410e+01   2.11000e+02
          1333   2.11256e+02   1.33300e+03  -2.64552e+01   1.52396e+01   2.11083e+02
          1334   2.11346e+02   1.33400e+03  -2.64541e+01   1.52381e+01   2.11167e+02
          1335   2.11429e+02   1.33500e+03  -2.64540e+01   1.52367e+01   2.11250e+02
          1336   2.11517e+02   1.33600e+03  -2.64525e+01   1.52352e+01   2.11333e+02
          1337   2.11605e+02   1.33700e+03  -2.64520e+01   1.52337e+01   2.11417e+02
          1338   2.11689e+02   1.33800e+03  -2.64515e+01   1.52323e+01   2.11500e+02
          1339   2.11773e+02   1.33900e+03  -2.64511e+01   1.52309e+01   2.11583e+02
          1340   2.11855e+02   1.34000e+03  -2.64548e+01   1.52294e+01   2.11667e+02
          1341   2.11949e+02   1.34100e+03  -2.64557e+01   1.52280e+01   2.11750e+02
          1342   2.12029e+02   1.34200e+03  -2.64543e+01   1.52266e+01   2.11833e+02
          1343   2.12113e+02   1.34300e+03  -2.64528e+01   1.52252e+01   2.11917e+02
          1344   2.12203e+02   1.34400e+03  -2.64566e+01   1.52238e+01   2.12000e+02
          1345   2.12282e+02   1.34500e+03  -2.64587e+01   1.52224e+01   2.12083e+02
          1346   2.12368e+02   1.34600e+03  -2.64605e+01   1.52211e+01   2.12167e+02
          1347   2.12456e+02   1.34700e+03  -2.64623e+01   1.52198e+01   2.12250e+02
          1348   2.12537e+02   1.34800e+03  -2.64668e+01   1.52185e+01   2.12333e+02
          1349   2.12621e+02   1.34900e+03  -2.64729e+01   1.52172e+01   2.12417e+02
          1350   2.12711e+02   1.35000e+03  -2.64785e+01   1.52159e+01   2.12500e+02
          1351   2.12801e+02   1.35100e+03  -2.64840e+01   1.52146e+01   2.12583e+02
          1352   2.12887e+02   1.35200e+03  -2.64935e+01   1.52134e+01   2.12667e+02
          1353   2.12974e+02   1.35300e+03  -2.65020e+01   1.52122e+01   2.12750e+02
          1354   2.13063e+02   1.35400e+03  -2.65115e+01   1.52110e+01   2.12833e+02
          1355   2.13149e+02   1.35500e+03  -2.65219e+01   1.52097e+01   2.12917e+02
          1356   2.13233e+02   1.35600e+03  -2.65407e+01   1.52085e+01   2.13000e+02
          1357   2.13307e+02   1.35700e+03  -2.65553e+01   1.52072e+01   2.13083e+02
          1358   2.13396e+02   1.35800e+03  -2.65693e+01   1.52059e+01   2.13167e+02
          1359   2.13491e+02   1.35900e+03  -2.65841e+01   1.52046e+01   2.13250e+02
          1360   2.13576e+02   1.36000e+03  -2.66009e+01   1.52033e+01   2.13333e+02
          1361   2.13665e+02   1.36100e+03  -2.66148e+01   1.52020e+01   2.13417e+02
          1362   2.13749e+02   1.36200e+03  -2.66289e+01   1.52007e+01   2.13500e+02
          1363   2.13822e+02   1.36300e+03  -2.66437e+01   1.51994e+01   2.13583e+02
          1364   2.13900e+02   1.36400e+03  -2.66621e+01   1.51982e+01   2.13667e+02
          1365   2.13988e+02   1.36500e+03  -2.66779e+01   1.51969e+01   2.13750e+02
          1366   2.14079e+02   1.36600e+03  -2.66928e+01   1.51957e+01   2.13833e+02
          1367   2.14166e+02   1.36700e+03  -2.67074e+01   1.51944e+01   2.13917e+02
          1368   2.14248e+02   1.36800e+03  -2.67208e+01   1.51931e+01   2.14000e+02
          1369   2.14338e+02   1.36900e+03  -2.67358e+01   1.51919e+01   2.14083e+02
          1370   2.14426e+02   1.37000e+03  -2.67517e+01   1.51907e+01   2.14167e+02
          1371   2.14508e+02   1.37100e+03  -2.67681e+01   1.51894e+01   2.14250e+02
          1372   2.14598e+02   1.37200e+03  -2.67838e+01   1.51881e+01   2.14333e+02
          1373   2.14679e+02   1.37300e+03  -2.68013e+01   1.51869e+01   2.14417e+02
          1374   2.14763e+02   1.37400e+03  -2.68170e+01   1.51856e+01   2.14500e+02
          1375   2.14852e+02   1.37500e+03  -2.68323e+01   1.51844e+01   2.14583e+02
          1376   2.14931e+02   1.37600e+03  -2.68488e+01   1.51831e+01   2.14667e+02
          1377   2.15030e+02   1.37700e+03  -2.68656e+01   1.51819e+01   2.14750e+02
          1378   2.15106e+02   1.37800e+03  -2.68821e+01   1.51806e+01   2.14833e+02
          1379   2.15192e+02   1.37900e+03  -2.68982e+01   1.51794e+01   2.14917e+02
          1380   2.15272e+02   1.38000e+03  -2.69129e+01   1.51781e+01   2.15000e+02
          1381   2.15360e+02   1.38100e+03  -2.69271e+01   1.51769e+01   2.15083e+02
          1382   2.15441e+02   1.38200e+03  -2.69419e+01   1.51757e+01   2.15167e+02
          1383   2.15521e+02   1.38300e+03  -2.69566e+01   1.51744e+01   2.15250e+02
          1384   2.15614e+02   1.38400e+03  -2.69680e+01   1.51731e+01   2.15333e+02
          1385   2.15702e+02   1.38500e+03  -2.69809e+01   1.51719e+01   2.15417e+02
          1386   2.15790e+02   1.38600e+03  -2.69940e+01   1.51707e+01   2.15500e+02
          1387   2.15869e+02   1.38700e+03  -2.70059e+01   1.51694e+01   2.15583e+02
          1388   2.15954e+02   1.38800e+03  -2.70139e+01   1.51681e+01   2.15667e+02
          1389   2.16040e+02   1.38900e+03  -2.70247e+01   1.51669e+01   2.15750e+02
          1390   2.16124e+02   1.39000e+03  -2.70361e+01   1.51656e+01   2.15833e+02
          1391   2.16209e+02   1.39100e+03  -2.70480e+01   1.51643e+01   2.15917e+02
          1392   2.16287e+02   1.39200e+03  -2.70605e+01   1.51630e+01   2.16000e+02
          1393   2.16377e+02   1.39300e+03  -2.70724e+01   1.51616e+01   2.16083e+02
          1394   2.16469e+02   1.39400e+03  -2.70843e+01   1.51603e+01   2.16167e+02
          1395   2.16546e+02   1.39500e+03  -2.70956e+01   1.51590e+01   2.16250e+02
          1396   2.16636e+02   1.39600e+03  -2.71065e+01   1.51578e+01   2.16333e+02
          1397   2.16725e+02   1.39700e+03  -2.71183e+01   1.51564e+01   2.16417e+02
          1398   2.16806e+02   1.39800e+03  -2.71301e+01   1.51552e+01   2.16500e+02
          1399   2.16894e+02   1.39900e+03  -2.71426e+01   1.51539e+01   2.16583e+02
          1400   2.16971e+02   1.40000e+03  -2.71587e+01   1.51526e+01   2.16667e+02
          1401   2.17060e+02   1.40100e+03  -2.71730e+01   1.51513e+01   2.16750e+02
          1402   2.17160e+02   1.40200e+03  -2.71880e+01   1.51500e+01   2.16833e+02
          1403   2.17235e+02   1.40300e+03  -2.72032e+01   1.51488e+01   2.16917e+02
          1404   2.17328e+02   1.40400e+03  -2.72176e+01   1.51474e+01   2.17000e+02
          1405   2.17403e+02   1.40500e+03  -2.72329e+01   1.51461e+01   2.17083e+02
          1406   2.17490e+02   1.40600e+03  -2.72473e+01   1.51449e+01   2.17167e+02
          1407   2.17580e+02   1.40700e+03  -2.72617e+01   1.51436e+01   2.17250e+02
          1408   2.17660e+02   1.40800e+03  -2.72780e+01   1.51423e+01   2.17333e+02
          1409   2.17752e+02   1.40900e+03  -2.72929e+01   1.51411e+01   2.17417e+02
          1410   2.17826e+02   1.41000e+03  -2.73080e+01   1.51398e+01   2.17500e+02
          1411   2.17925e+02   1.41100e+03  -2.73223e+01   1.51386e+01   2.17583e+02
          1412   2.18005e+02   1.41200e+03  -2.73408e+01   1.51373e+01   2.17667e+02
          1413   2.18098e+02   1.41300e+03  -2.73576e+01   1.51361e+01   2.17750e+02
          1414   2.18169e+02   1.41400e+03  -2.73731e+01   1.51348e+01   2.17833e+02
          1415   2.18261e+02   1.41500e+03  -2.73891e+01   1.51336e+01   2.17917e+02
          1416   2.18345e+02   1.41600e+03  -2.74007e+01   1.51323e+01   2.18000e+02
          1417   2.18436e+02   1.41700e+03  -2.74145e+01   1.51311e+01   2.18083e+02
          1418   2.18521e+02   1.41800e+03  -2.74279e+01   1.51298e+01   2.18167e+02
          1419   2.18608e+02   1.41900e+03  -2.74415e+01   1.51285e+01   2.18250e+02
          1420   2.18687e+02   1.42000e+03  -2.74543e+01   1.51272e+01   2.18333e+02
          1421   2.18782e+02   1.42100e+03  -2.74662e+01   1.51258e+01   2.18417e+02
          1422   2.18865e+02   1.42200e+03  -2.74773e+01   1.51245e+01   2.18500e+02
          1423   2.18950e+02   1.42300e+03  -2.74885e+01   1.51232e+01   2.18583e+02
          1424   2.19035e+02   1.42400e+03  -2.74966e+01   1.51218e+01   2.18667e+02
          1425   2.19121e+02   1.42500e+03  -2.75069e+01   1.51204e+01   2.18750e+02
          1426   2.19195e+02   1.42600e+03  -2.75184e+01   1.51191e+01   2.18833e+02
          1427   2.19291e+02   1.42700e+03  -2.75307e+01   1.51178e+01   2.18917e+02
          1428   2.19373e+02   1.42800e+03  -2.75398e+01   1.51165e+01   2.19000e+02
          1429   2.19462e+02   1.42900e+03  -2.75508e+01   1.51152e+01   2.19083e+02
          1430   2.19547e+02   1.43000e+03  -2.75620e+01   1.51139e+01   2.19167e+02
          1431   2.19632e+02   1.43100e+03  -2.75725e+01   1.51125e+01   2.19250e+02
          1432   2.19719e+02   1.43200e+03  -2.75829e+01   1.51112e+01   2.19333e+02
          1433   2.19807e+02   1.43300e+03  -2.75934e+01   1.51099e+01   2.19417e+02
          1434   2.19888e+02   1.43400e+03  -2.76051e+01   1.51086e+01   2.19500e+02
          1435   2.19973e+02   1.43500e+03  -2.76159e+01   1.51073e+01   2.19583e+02
          1436   2.20053e+02   1.43600e+03  -2.76271e+01   1.51060e+01   2.19667e+02
          1437   2.20145e+02   1.43700e+03  -2.76380e+01   1.51047e+01   2.19750e+02
          1438   2.20240e+02   1.43800e+03  -2.76500e+01   1.51034e+01   2.19833e+02
          1439   2.20319e+02   1.43900e+03  -2.76629e+01   1.51021e+01   2.19917e+02
          1440   2.20408e+02   1.44000e+03  -2.76742e+01   1.51009e+01   2.20000e+02
          1441   2.20502e+02   1.44100e+03  -2.76861e+01   1.50997e+01   2.20083e+02
          1442   2.20583e+02   1.44200e+03  -2.76995e+01   1.50984e+01   2.20167e+02
          1443   2.20664e+02   1.44300e+03  -2.77148e+01   1.50971e+01   2.20250e+02
          1444   2.20745e+02   1.44400e+03  -2.77309e+01   1.50959e+01   2.20333e+02
          1445   2.20834e+02   1.44500e+03  -2.77450e+01   1.50947e+01   2.20417e+02
          1446   2.20921e+02   1.44600e+03  -2.77592e+01   1.50934e+01   2.20500e+02
          1447   2.21005e+02   1.44700e+03  -2.77729e+01   1.50921e+01   2.20583e+02
          1448   2.21084e+02   1.44800e+03  -2.77940e+01   1.50909e+01   2.20667e+02
          1449   2.21176e+02   1.44900e+03  -2.78131e+01   1.50896e+01   2.20750e+02
          1450   2.21257e+02   1.45000e+03  -2.78311e+01   1.50883e+01   2.20833e+02
          1451   2.21344e+02   1.45100e+03  -2.78488e+01   1.50870e+01   2.20917e+02
          1452   2.21434e+02   1.45200e+03  -2.78702e+01   1.50858e+01   2.21000e+02
          1453   2.21517e+02   1.45300e+03  -2.78913e+01   1.50845e+01   2.21083e+02
          1454   2.21607e+02   1.45400e+03  -2.79142e+01   1.50833e+01   2.21167e+02
          1455   2.21696e+02   1.45500e+03  -2.79361e+01   1.50820e+01   2.21250e+02
          1456   2.21776e+02   1.45600e+03  -2.79619e+01   1.50808e+01   2.21333e+02
          1457   2.21859e+02   1.45700e+03  -2.79848e+01   1.50796e+01   2.21417e+02
          1458   2.21948e+02   1.45800e+03  -2.80071e+01   1.50784e+01   2.21500e+02
          1459   2.22042e+02   1.45900e+03  -2.80302e+01   1.50771e+01   2.21583e+02
          1460   2.22107e+02   1.46000e+03  -2.80551e+01   1.50759e+01   2.21667e+02
          1461   2.22202e+02   1.46100e+03  -2.80782e+01   1.50747e+01   2.21750e+02
          1462   2.22281e+02   1.46200e+03  -2.81019e+01   1.50734e+01   2.21833e+02
          1463   2.22360e+02   1.46300e+03  -2.81251e+01   1.50721e+01   2.21917e+02
          1464   2.22468e+02   1.46400e+03  -2.81497e+01   1.50709e+01   2.22000e+02
          1465   2.22551e+02   1.46500e+03  -2.81746e+01   1.50697e+01   2.22083e+02
          1466   2.22640e+02   1.46600e+03  -2.81980e+01   1.50684e+01   2.22167e+02
          1467   2.22718e+02   1.46700e+03  -2.82205e+01   1.50671e+01   2.22250e+02
          1468   2.22801e+02   1.46800e+03  -2.82450e+01   1.50659e+01   2.22333e+02
          1469   2.22893e+02   1.46900e+03  -2.82697e+01   1.50647e+01   2.22417e+02
          1470   2.22973e+02   1.47000e+03  -2.82956e+01   1.50635e+01   2.22500e+02
          1471   2.23058e+02   1.47100e+03  -2.83219e+01   1.50623e+01   2.22583e+02
          1472   2.23146e+02   1.47200e+03  -2.83491e+01   1.50612e+01   2.22667e+02
          1473   2.23222e+02   1.47300e+03  -2.83751e+01   1.50601e+01   2.22750e+02
          1474   2.23313e+02   1.47400e+03  -2.84019e+01   1.50589e+01   2.22833e+02
          1475   2.23410e+02   1.47500e+03  -2.84292e+01   1.50577e+01   2.22917e+02
          1476   2.23490e+02   1.47600e+03  -2.84576e+01   1.50565e+01   2.23000e+02
          1477   2.23564e+02   1.47700e+03  -2.84853e+01   1.50553e+01   2.23083e+02
          1478   2.23653e+02   1.47800e+03  -2.85131e+01   1.50541e+01   2.23167e+02
          1479   2.23739e+02   1.47900e+03  -2.85409e+01   1.50529e+01   2.23250e+02
          1480   2.23828e+02   1.48000e+03  -2.85704e+01   1.50517e+01   2.23333e+02
          1481   2.23912e+02   1.48100e+03  -2.85968e+01   1.50505e+01   2.23417e+02
          1482   2.24004e+02   1.48200e+03  -2.86223e+01   1.50493e+01   2.23500e+02
          1483   2.24078e+02   1.48300e+03  -2.86470e+01   1.50482e+01   2.23583e+02
          1484   2.24168e+02   1.48400e+03  -2.86733e+01   1.50471e+01   2.23667e+02
          1485   2.24255e+02   1.48500e+03  -2.87000e+01   1.50459e+01   2.23750e+02
          1486   2.24338e+02   1.48600e+03  -2.87262e+01   1.50447e+01   2.23833e+02
          1487   2.24433e+02   1.48700e+03  -2.87513e+01   1.50436e+01   2.23917e+02
          1488   2.24506e+02   1.48800e+03  -2.87694e+01   1.50424e+01   2.24000e+02
          1489   2.24593e+02   1.48900e+03  -2.87912e+01   1.50412e+01   2.24083e+02
          1490   2.24668e+02   1.49000e+03  -2.88136e+01   1.50400e+01   2.24167e+02
          1491   2.24754e+02   1.49100e+03  -2.88366e+01   1.50388e+01   2.24250e+02
          1492   2.24846e+02   1.49200e+03  -2.88578e+01   1.50377e+01   2.24333e+02
          1493   2.24930e+02   1.49300e+03  -2.88795e+01   1.50366e+01   2.24417e+02
          1494   2.25012e+02   1.49400e+03  -2.89008e+01   1.50354e+01   2.24500e+02
          1495   2.25096e+02   1.49500e+03  -2.89225e+01   1.50342e+01   2.24583e+02
          1496   2.25181e+02   1.49600e+03  -2.89409e+01   1.50330e+01   2.24667e+02
          1497   2.25271e+02   1.49700e+03  -2.89617e+01   1.50318e+01   2.24750e+02
          1498   2.25361e+02   1.49800e+03  -2.89819e+01   1.50306e+01   2.24833e+02
          1499   2.25442e+02   1.49900e+03  -2.90012e+01   1.50295e+01   2.24917e+02
          1500   2.25523e+02   1.50000e+03  -2.90227e+01   1.50282e+01   2.25000e+02
          1501   2.25608e+02   1.50100e+03  -2.90449e+01   1.50270e+01   2.25083e+02
          1502   2.25699e+02   1.50200e+03  -2.90667e+01   1.50258e+01   2.25167e+02
          1503   2.25786e+02   1.50300e+03  -2.90864e+01   1.50246e+01   2.25250e+02
          1504   2.25865e+02   1.50400e+03  -2.91062e+01   1.50233e+01   2.25333e+02
          1505   2.25949e+02   1.50500e+03  -2.91253e+01   1.50221e+01   2.25417e+02
          1506   2.26048e+02   1.50600e+03  -2.91448e+01   1.50208e+01   2.25500e+02
          1507   2.26132e+02   1.50700e+03  -2.91649e+01   1.50196e+01   2.25583e+02
          1508   2.26222e+02   1.50800e+03  -2.91806e+01   1.50183e+01   2.25667e+02
          1509   2.26288e+02   1.50900e+03  -2.91982e+01   1.50171e+01   2.25750e+02
          1510   2.26379e+02   1.51000e+03  -2.92159e+01   1.50158e+01   2.25833e+02
          1511   2.26466e+02   1.51100e+03  -2.92330e+01   1.50146e+01   2.25917e+02
          1512   2.26550e+02   1.51200e+03  -2.92468e+01   1.50133e+01   2.26000e+02
          1513   2.26644e+02   1.51300e+03  -2.92631e+01   1.50121e+01   2.26083e+02
          1514   2.26719e+02   1.51400e+03  -2.92795e+01   1.50108e+01   2.26167e+02
          1515   2.26812e+02   1.51500e+03  -2.92955e+01   1.50096e+01   2.26250e+02
          1516   2.26891e+02   1.51600e+03  -2.93117e+01   1.50084e+01   2.26333e+02
          1517   2.26975e+02   1.51700e+03  -2.93270e+01   1.50072e+01   2.26417e+02
          1518   2.27068e+02   1.51800e+03  -2.93408e+01   1.50059e+01   2.26500e+02
          1519   2.27153e+02   1.51900e+03  -2.93534e+01   1.50047e+01   2.26583e+02
          1520   2.27246e+02   1.52000e+03  -2.93661e+01   1.50036e+01   2.26667e+02
          1521   2.27317e+02   1.52100e+03  -2.93808e+01   1.50024e+01   2.26750e+02
          1522   2.27418e+02   1.52200e+03  -2.93964e+01   1.50012e+01   2.26833e+02
          1523   2.27498e+02   1.52300e+03  -2.94114e+01   1.50000e+01   2.26917e+02
          1524   2.27576e+02   1.52400e+03  -2.94254e+01   1.49988e+01   2.27000e+02
          1525   2.27668e+02   1.52500e+03  -2.94391e+01   1.49976e+01   2.27083e+02
          1526   2.27756e+02   1.52600e+03  -2.94528e+01   1.49964e+01   2.27167e+02
          1527   2.27850e+02   1.52700e+03  -2.94661e+01   1.49952e+01   2.27250e+02
          1528   2.27938e+02   1.52800e+03  -2.94782e+01   1.49940e+01   2.27333e+02
          1529   2.28016e+02   1.52900e+03  -2.94913e+01   1.49928e+01   2.27417e+02
          1530   2.28098e+02   1.53000e+03  -2.95047e+01   1.49916e+01   2.27500e+02
          1531   2.28178e+02   1.53100e+03  -2.95180e+01   1.49904e+01   2.27583e+02
          1532   2.28268e+02   1.53200e+03  -2.95309e+01   1.49891e+01   2.27667e+02
          1533   2.28345e+02   1.53300e+03  -2.95445e+01   1.49878e+01   2.27750e+02
          1534   2.28448e+02   1.53400e+03  -2.95573e+01   1.49866e+01   2.27833e+02
          1535   2.28530e+02   1.53500e+03  -2.95699e+01   1.49853e+01   2.27917e+02
          1536   2.28605e+02   1.53600e+03  -2.95801e+01   1.49840e+01   2.28000e+02
          1537   2.28699e+02   1.53700e+03  -2.95920e+01   1.49826e+01   2.28083e+02
          1538   2.28787e+02   1.53800e+03  -2.96043e+01   1.49813e+01   2.28167e+02
          1539   2.28864e+02   1.53900e+03  -2.96158e+01   1.49800e+01   2.28250e+02
          1540   2.28949e+02   1.54000e+03  -2.96279e+01   1.49787e+01   2.28333e+02
          1541   2.29052e+02   1.54100e+03  -2.96407e+01   1.49773e+01   2.28417e+02
          1542   2.29123e+02   1.54200e+03  -2.96538e+01   1.49760e+01   2.28500e+02
          1543   2.29212e+02   1.54300e+03  -2.96669e+01   1.49747e+01   2.28583e+02
          1544   2.29304e+02   1.54400e+03  -2.96772e+01   1.49733e+01   2.28667e+02
          1545   2.29391e+02   1.54500e+03  -2.96886e+01   1.49720e+01   2.28750e+02
          1546   2.29465e+02   1.54600e+03  -2.97002e+01   1.49707e+01   2.28833e+02
          1547   2.29549e+02   1.54700e+03  -2.97120e+01   1.49694e+01   2.28917e+02
          1548   2.29646e+02   1.54800e+03  -2.97229e+01   1.49682e+01   2.29000e+02
          1549   2.29734e+02   1.54900e+03  -2.97339e+01   1.49669e+01   2.29083e+02
          1550   2.29827e+02   1.55000e+03  -2.97447e+01   1.49656e+01   2.29167e+02
          1551   2.29905e+02   1.55100e+03  -2.97545e+01   1.49643e+01   2.29250e+02
          1552   2.29994e+02   1.55200e+03  -2.97650e+01   1.49630e+01   2.29333e+02
          1553   2.30072e+02   1.55300e+03  -2.97772e+01   1.49617e+01   2.29417e+02
          1554   2.30163e+02   1.55400e+03  -2.97893e+01   1.49604e+01   2.29500e+02
          1555   2.30245e+02   1.55500e+03  -2.98008e+01   1.49591e+01   2.29583e+02
          1556   2.30346e+02   1.55600e+03  -2.98132e+01   1.49579e+01   2.29667e+02
          1557   2.30426e+02   1.55700e+03  -2.98260e+01   1.49566e+01   2.29750e+02
          1558   2.30508e+02   1.55800e+03  -2.98396e+01   1.49553e+01   2.29833e+02
          1559   2.30601e+02   1.55900e+03  -2.98523e+01   1.49540e+01   2.29917e+02
          1560   2.30688e+02   1.56000e+03  -2.98641e+01   1.49527e+01   2.30000e+02
          1561   2.30768e+02   1.56100e+03  -2.98747e+01   1.49513e+01   2.30083e+02
          1562   2.30857e+02   1.56200e+03  -2.98851e+01   1.49500e+01   2.30167e+02
          1563   2.30940e+02   1.56300e+03  -2.98957e+01   1.49487e+01   2.30250e+02
          1564   2.31030e+02   1.56400e+03  -2.99072e+01   1.49473e+01   2.30333e+02
          1565   2.31110e+02   1.56500e+03  -2.99170e+01   1.49459e+01   2.30417e+02
          1566   2.31213e+02   1.56600e+03  -2.99263e+01   1.49445e+01   2.30500e+02
          1567   2.31283e+02   1.56700e+03  -2.99355e+01   1.49432e+01   2.30583e+02
          1568   2.31368e+02   1.56800e+03  -2.99410e+01   1.49418e+01   2.30667e+02
          1569   2.31459e+02   1.56900e+03  -2.99488e+01   1.49404e+01   2.30750e+02
          1570   2.31553e+02   1.57000e+03  -2.99582e+01   1.49390e+01   2.30833e+02
          1571   2.31641e+02   1.57100e+03  -2.99682e+01   1.49376e+01   2.30917e+02
          1572   2.31725e+02   1.57200e+03  -2.99770e+01   1.49362e+01   2.31000e+02
          1573   2.31808e+02   1.57300e+03  -2.99857e+01   1.49348e+01   2.31083e+02
          1574   2.31901e+02   1.57400e+03  -2.99949e+01   1.49334e+01   2.31167e+02
          1575   2.31990e+02   1.57500e+03  -3.00036e+01   1.49321e+01   2.31250e+02
          1576   2.32080e+02   1.57600e+03  -3.00146e+01   1.49307e+01   2.31333e+02
          1577   2.32152e+02   1.57700e+03  -3.00249e+01   1.49293e+01   2.31417e+02
          1578   2.32250e+02   1.57800e+03  -3.00353e+01   1.49279e+01   2.31500e+02
          1579   2.32334e+02   1.57900e+03  -3.00455e+01   1.49266e+01   2.31583e+02
          1580   2.32425e+02   1.58000e+03  -3.00557e+01   1.49251e+01   2.31667e+02
          1581   2.32509e+02   1.58100e+03  -3.00655e+01   1.49236e+01   2.31750e+02
          1582   2.32596e+02   1.58200e+03  -3.00748e+01   1.49222e+01   2.31833e+02
          1583   2.32685e+02   1.58300e+03  -3.00834e+01   1.49207e+01   2.31917e+02
          1584   2.32778e+02   1.58400e+03  -3.00927e+01   1.49192e+01   2.32000e+02
          1585   2.32860e+02   1.58500e+03  -3.01014e+01   1.49177e+01   2.32083e+02
          1586   2.32937e+02   1.58600e+03  -3.01106e+01   1.49162e+01   2.32167e+02
          1587   2.33030e+02   1.58700e+03  -3.01203e+01   1.49147e+01   2.32250e+02
          1588   2.33134e+02   1.58800e+03  -3.01276e+01   1.49133e+01   2.32333e+02
          1589   2.33198e+02   1.58900e+03  -3.01357e+01   1.49119e+01   2.32417e+02
          1590   2.33291e+02   1.59000e+03  -3.01444e+01   1.49104e+01   2.32500e+02
          1591   2.33384e+02   1.59100e+03  -3.01525e+01   1.49090e+01   2.32583e+02
          1592   2.33471e+02   1.59200e+03  -3.01603e+01   1.49076e+01   2.32667e+02
          1593   2.33562e+02   1.59300e+03  -3.01680e+01   1.49061e+01   2.32750e+02
          1594   2.33647e+02   1.59400e+03  -3.01764e+01   1.49046e+01   2.32833e+02
          1595   2.33728e+02   1.59500e+03  -3.01853e+01   1.49031e+01   2.32917e+02
          1596   2.33809e+02   1.59600e+03  -3.01963e+01   1.49015e+01   2.33000e+02
          1597   2.33897e+02   1.59700e+03  -3.02061e+01   1.49000e+01   2.33083e+02
          1598   2.33981e+02   1.59800e+03  -3.02149e+01   1.48984e+01   2.33167e+02
          1599   2.34070e+02   1.59900e+03  -3.02237e+01   1.48969e+01   2.33250e+02
          1600   2.34166e+02   1.60000e+03  -3.02311e+01   1.48953e+01   2.33333e+02
          1601   2.34235e+02   1.60100e+03  -3.02404e+01   1.48938e+01   2.33417e+02
          1602   2.34328e+02   1.60200e+03  -3.02503e+01   1.48923e+01   2.33500e+02
          1603   2.34412e+02   1.60300e+03  -3.02605e+01   1.48908e+01   2.33583e+02
          1604   2.34498e+02   1.60400e+03  -3.02715e+01   1.48892e+01   2.33667e+02
          1605   2.34590e+02   1.60500e+03  -3.02815e+01   1.48877e+01   2.33750e+02
          1606   2.34667e+02   1.60600e+03  -3.02910e+01   1.48861e+01   2.33833e+02
          1607   2.34755e+02   1.60700e+03  -3.02987e+01   1.48845e+01   2.33917e+02
          1608   2.34855e+02   1.60800e+03  -3.03056e+01   1.48829e+01   2.34000e+02
          1609   2.34940e+02   1.60900e+03  -3.03148e+01   1.48814e+01   2.34083e+02
          1610   2.35030e+02   1.61000e+03  -3.03241e+01   1.48798e+01   2.34167e+02
          1611   2.35105e+02   1.61100e+03  -3.03326e+01   1.48783e+01   2.34250e+02
          1612   2.35199e+02   1.61200e+03  -3.03397e+01   1.48768e+01   2.34333e+02
          1613   2.35285e+02   1.61300e+03  -3.03476e+01   1.48753e+01   2.34417e+02
          1614   2.35365e+02   1.61400e+03  -3.03552e+01   1.48738e+01   2.34500e+02
          1615   2.35455e+02   1.61500e+03  -3.03623e+01   1.48723e+01   2.34583e+02
          1616   2.35540e+02   1.61600e+03  -3.03665e+01   1.48708e+01   2.34667e+02
          1617   2.35633e+02   1.61700e+03  -3.03735e+01   1.48692e+01   2.34750e+02
          1618   2.35711e+02   1.61800e+03  -3.03805e+01   1.48677e+01   2.34833e+02
          1619   2.35801e+02   1.61900e+03  -3.03872e+01   1.48660e+01   2.34917e+02
          1620   2.35883e+02   1.62000e+03  -3.03950e+01   1.48644e+01   2.35000e+02
          1621   2.35971e+02   1.62100e+03  -3.04022e+01   1.48628e+01   2.35083e+02
          1622   2.36058e+02   1.62200e+03  -3.04086e+01   1.48611e+01   2.35167e+02
          1623   2.36148e+02   1.62300e+03  -3.04152e+01   1.48594e+01   2.35250e+02
          1624   2.36232e+02   1.62400e+03  -3.04221e+01   1.48577e+01   2.35333e+02
          1625   2.36334e+02   1.62500e+03  -3.04295e+01   1.48560e+01   2.35417e+02
          1626   2.36414e+02   1.62600e+03  -3.04365e+01   1.48544e+01   2.35500e+02
          1627   2.36504e+02   1.62700e+03  -3.04432e+01   1.48527e+01   2.35583e+02
          1628   2.36592e+02   1.62800e+03  -3.04511e+01   1.48510e+01   2.35667e+02
          1629   2.36663e+02   1.62900e+03  -3.04582e+01   1.48493e+01   2.35750e+02
          1630   2.36752e+02   1.63000e+03  -3.04647e+01   1.48476e+01   2.35833e+02
          1631   2.36842e+02   1.63100e+03  -3.04715e+01   1.48459e+01   2.35917e+02
          1632   2.36930e+02   1.63200e+03  -3.04786e+01   1.48442e+01   2.36000e+02
          1633   2.37023e+02   1.63300e+03  -3.04852e+01   1.48425e+01   2.36083e+02
          1634   2.37107e+02   1.63400e+03  -3.04919e+01   1.48408e+01   2.36167e+02
          1635   2.37192e+02   1.63500e+03  -3.04995e+01   1.48392e+01   2.36250e+02
          1636   2.37279e+02   1.63600e+03  -3.05061e+01   1.48376e+01   2.36333e+02
          1637   2.37365e+02   1.63700e+03  -3.05114e+01   1.48360e+01   2.36417e+02
          1638   2.37452e+02   1.63800e+03  -3.05167e+01   1.48343e+01   2.36500e+02
          1639   2.37539e+02   1.63900e+03  -3.05222e+01   1.48327e+01   2.36583e+02
          1640   2.37629e+02   1.64000e+03  -3.05284e+01   1.48310e+01   2.36667e+02
          1641   2.37713e+02   1.64100e+03  -3.05350e+01   1.48292e+01   2.36750e+02
          1642   2.37800e+02   1.64200e+03  -3.05415e+01   1.48276e+01   2.36833e+02
          1643   2.37899e+02   1.64300e+03  -3.05482e+01   1.48259e+01   2.36917e+02
          1644   2.37972e+02   1.64400e+03  -3.05539e+01   1.48241e+01   2.37000e+02
          1645   2.38067e+02   1.64500e+03  -3.05583e+01   1.48223e+01   2.37083e+02
          1646   2.38147e+02   1.64600e+03  -3.05628e+01   1.48205e+01   2.37167e+02
          1647   2.38231e+02   1.64700e+03  -3.05677e+01   1.48187e+01   2.37250e+02
          1648   2.38327e+02   1.64800e+03  -3.05710e+01   1.48168e+01   2.37333e+02
          1649   2.38406e+02   1.64900e+03  -3.05745e+01   1.48150e+01   2.37417e+02
          1650   2.38494e+02   1.65000e+03  -3.05784e+01   1.48132e+01   2.37500e+02
          1651   2.38590e+02   1.65100e+03  -3.05820e+01   1.48114e+01   2.37583e+02
          1652   2.38671e+02   1.65200e+03  -3.05826e+01   1.48096e+01   2.37667e+02
          1653   2.38752e+02   1.65300e+03  -3.05849e+01   1.48078e+01   2.37750e+02
          1654   2.38842e+02   1.65400e+03  -3.05869e+01   1.48061e+01   2.37833e+02
          1655   2.38922e+02   1.65500e+03  -3.05883e+01   1.48043e+01   2.37917e+02
          1656   2.39011e+02   1.65600e+03  -3.05885e+01   1.48025e+01   2.38000e+02
          1657   2.39102e+02   1.65700e+03  -3.05900e+01   1.48007e+01   2.38083e+02
          1658   2.39190e+02   1.65800e+03  -3.05913e+01   1.47989e+01   2.38167e+02
          1659   2.39270e+02   1.65900e+03  -3.05928e+01   1.47971e+01   2.38250e+02
          1660   2.39358e+02   1.66000e+03  -3.05953e+01   1.47953e+01   2.38333e+02
          1661   2.39442e+02   1.66100e+03  -3.05984e+01   1.47935e+01   2.38417e+02
          1662   2.39517e+02   1.66200e+03  -3.06019e+01   1.47917e+01   2.38500e+02
          1663   2.39620e+02   1.66300e+03  -3.06058e+01   1.47898e+01   2.38583e+02
          1664   2.39711e+02   1.66400e+03  -3.06111e+01   1.47879e+01   2.38667e+02
          1665   2.39795e+02   1.66500e+03  -3.06145e+01   1.47861e+01   2.38750e+02
          1666   2.39886e+02   1.66600e+03  -3.06176e+01   1.47843e+01   2.38833e+02
          1667   2.39969e+02   1.66700e+03  -3.06213e+01   1.47824e+01   2.38917e+02
          1668   2.40051e+02   1.66800e+03  -3.06291e+01   1.47806e+01   2.39000e+02
          1669   2.40144e+02   1.66900e+03  -3.06346e+01   1.47787e+01   2.39083e+02
          1670   2.40229e+02   1.67000e+03  -3.06386e+01   1.47768e+01   2.39167e+02
          1671   2.40312e+02   1.67100e+03  -3.06423e+01   1.47749e+01   2.39250e+02
          1672   2.40391e+02   1.67200e+03  -3.06449e+01   1.47729e+01   2.39333e+02
          1673   2.40479e+02   1.67300e+03  -3.06472e+01   1.47709e+01   2.39417e+02
          1674   2.40577e+02   1.67400e+03  -3.06499e+01   1.47690e+01   2.39500e+02
          1675   2.40654e+02   1.67500e+03  -3.06534e+01   1.47670e+01   2.39583e+02
          1676   2.40738e+02   1.67600e+03  -3.06560e+01   1.47650e+01   2.39667e+02
          1677   2.40839e+02   1.67700e+03  -3.06594e+01   1.47630e+01   2.39750e+02
          1678   2.40922e+02   1.67800e+03  -3.06621e+01   1.47610e+01   2.39833e+02
          1679   2.41012e+02   1.67900e+03  -3.06650e+01   1.47590e+01   2.39917e+02
          1680   2.41101e+02   1.68000e+03  -3.06658e+01   1.47570e+01   2.40000e+02
          1681   2.41179e+02   1.68100e+03  -3.06662e+01   1.47551e+01   2.40083e+02
          1682   2.41259e+02   1.68200e+03  -3.06669e+01   1.47532e+01   2.40167e+02
          1683   2.41352e+02   1.68300e+03  -3.06681e+01   1.47513e+01   2.40250e+02
          1684   2.41437e+02   1.68400e+03  -3.06724e+01   1.47494e+01   2.40333e+02
          1685   2.41524e+02   1.68500e+03  -3.06765e+01   1.47474e+01   2.40417e+02
          1686   2.41610e+02   1.68600e+03  -3.06810e+01   1.47454e+01   2.40500e+02
          1687   2.41700e+02   1.68700e+03  -3.06861e+01   1.47434e+01   2.40583e+02
          1688   2.41795e+02   1.68800e+03  -3.06904e+01   1.47412e+01   2.40667e+02
          1689   2.41867e+02   1.68900e+03  -3.06952e+01   1.47391e+01   2.40750e+02
          1690   2.41966e+02   1.69000e+03  -3.07015e+01   1.47371e+01   2.40833e+02
          1691   2.42050e+02   1.69100e+03  -3.07083e+01   1.47350e+01   2.40917e+02
          1692   2.42135e+02   1.69200e+03  -3.07184e+01   1.47330e+01   2.41000e+02
          1693   2.42216e+02   1.69300e+03  -3.07255e+01   1.47310e+01   2.41083e+02
          1694   2.42305e+02   1.69400e+03  -3.07328e+01   1.47290e+01   2.41167e+02
          1695   2.42393e+02   1.69500e+03  -3.07403e+01   1.47270e+01   2.41250e+02
          1696   2.42477e+02   1.69600e+03  -3.07513e+01   1.47250e+01   2.41333e+02
          1697   2.42561e+02   1.69700e+03  -3.07596e+01   1.47230e+01   2.41417e+02
          1698   2.42650e+02   1.69800e+03  -3.07673e+01   1.47210e+01   2.41500e+02
          1699   2.42731e+02   1.69900e+03  -3.07749e+01   1.47190e+01   2.41583e+02
          1700   2.42816e+02   1.70000e+03  -3.07823e+01   1.47170e+01   2.41667e+02
          1701   2.42908e+02   1.70100e+03  -3.07897e+01   1.47150e+01   2.41750e+02
          1702   2.42990e+02   1.70200e+03  -3.07979e+01   1.47130e+01   2.41833e+02
          1703   2.43083e+02   1.70300e+03  -3.08055e+01   1.47110e+01   2.41917e+02
          1704   2.43170e+02   1.70400e+03  -3.08162e+01   1.47090e+01   2.42000e+02
          1705   2.43254e+02   1.70500e+03  -3.08253e+01   1.47070e+01   2.42083e+02
          1706   2.43339e+02   1.70600e+03  -3.08350e+01   1.47050e+01   2.42167e+02
          1707   2.43426e+02   1.70700e+03  -3.08469e+01   1.47029e+01   2.42250e+02
          1708   2.43513e+02   1.70800e+03  -3.08576e+01   1.47008e+01   2.42333e+02
          1709   2.43606e+02   1.70900e+03  -3.08685e+01   1.46987e+01   2.42417e+02
          1710   2.43683e+02   1.71000e+03  -3.08773e+01   1.46965e+01   2.42500e+02
          1711   2.43774e+02   1.71100e+03  -3.08855e+01   1.46944e+01   2.42583e+02
          1712   2.43844e+02   1.71200e+03  -3.08969e+01   1.46923e+01   2.42667e+02
          1713   2.43933e+02   1.71300e+03  -3.09068e+01   1.46902e+01   2.42750e+02
          1714   2.44025e+02   1.71400e+03  -3.09169e+01   1.46881e+01   2.42833e+02
          1715   2.44113e+02   1.71500e+03  -3.09260e+01   1.46859e+01   2.42917e+02
          1716   2.44197e+02   1.71600e+03  -3.09345e+01   1.46838e+01   2.43000e+02
          1717   2.44294e+02   1.71700e+03  -3.09426e+01   1.46817e+01   2.43083e+02
          1718   2.44377e+02   1.71800e+03  -3.09500e+01   1.46795e+01   2.43167e+02
          1719   2.44464e+02   1.71900e+03  -3.09566e+01   1.46773e+01   2.43250e+02
          1720   2.44548e+02   1.72000e+03  -3.09601e+01   1.46751e+01   2.43333e+02
          1721   2.44640e+02   1.72100e+03  -3.09662e+01   1.46728e+01   2.43417e+02
          1722   2.44715e+02   1.72200e+03  -3.09735e+01   1.46706e+01   2.43500e+02
          1723   2.44799e+02   1.72300e+03  -3.09799e+01   1.46684e+01   2.43583e+02
          1724   2.44890e+02   1.72400e+03  -3.09869e+01   1.46661e+01   2.43667e+02
          1725   2.44978e+02   1.72500e+03  -3.09941e+01   1.46639e+01   2.43750e+02
          1726   2.45062e+02   1.72600e+03  -3.10014e+01   1.46616e+01   2.43833e+02
          1727   2.45152e+02   1.72700e+03  -3.10088e+01   1.46594e+01   2.43917e+02
          1728   2.45239e+02   1.72800e+03  -3.10175e+01   1.46571e+01   2.44000e+02
          1729   2.45327e+02   1.72900e+03  -3.10266e+01   1.46549e+01   2.44083e+02
          1730   2.45418e+02   1.73000e+03  -3.10364e+01   1.46527e+01   2.44167e+02
          1731   2.45497e+02   1.73100e+03  -3.10456e+01   1.46505e+01   2.44250e+02
          1732   2.45590e+02   1.73200e+03  -3.10543e+01   1.46483e+01   2.44333e+02
          1733   2.45679e+02   1.73300e+03  -3.10621e+01   1.46461e+01   2.44417e+02
          1734   2.45763e+02   1.73400e+03  -3.10705e+01   1.46439e+01   2.44500e+02
          1735   2.45851e+02   1.73500e+03  -3.10809e+01   1.46417e+01   2.44583e+02
          1736   2.45932e+02   1.73600e+03  -3.10939e+01   1.46396e+01   2.44667e+02
          1737   2.46024e+02   1.73700e+03  -3.11041e+01   1.46374e+01   2.44750e+02
          1738   2.46107e+02   1.73800e+03  -3.11130e+01   1.46352e+01   2.44833e+02
          1739   2.46190e+02   1.73900e+03  -3.11233e+01   1.46330e+01   2.44917e+02
          1740   2.46293e+02   1.74000e+03  -3.11340e+01   1.46308e+01   2.45000e+02
          1741   2.46371e+02   1.74100e+03  -3.11460e+01   1.46285e+01   2.45083e+02
          1742   2.46444e+02   1.74200e+03  -3.11576e+01   1.46262e+01   2.45167e+02
          1743   2.46539e+02   1.74300e+03  -3.11685e+01   1.46240e+01   2.45250e+02
          1744   2.46628e+02   1.74400e+03  -3.11846e+01   1.46216e+01   2.45333e+02
          1745   2.46707e+02   1.74500e+03  -3.11967e+01   1.46193e+01   2.45417e+02
          1746   2.46802e+02   1.74600e+03  -3.12071e+01   1.46170e+01   2.45500e+02
          1747   2.46889e+02   1.74700e+03  -3.12173e+01   1.46148e+01   2.45583e+02
          1748   2.46979e+02   1.74800e+03  -3.12289e+01   1.46124e+01   2.45667e+02
          1749   2.47061e+02   1.74900e+03  -3.12409e+01   1.46101e+01   2.45750e+02
          1750   2.47154e+02   1.75000e+03  -3.12526e+01   1.46079e+01   2.45833e+02
          1751   2.47237e+02   1.75100e+03  -3.12652e+01   1.46055e+01   2.45917e+02
          1752   2.47317e+02   1.75200e+03  -3.12736e+01   1.46032e+01   2.46000e+02
          1753   2.47408e+02   1.75300e+03  -3.12853e+01   1.46009e+01   2.46083e+02
          1754   2.47494e+02   1.75400e+03  -3.12976e+01   1.45986e+01   2.46167e+02
          1755   2.47581e+02   1.75500e+03  -3.13097e+01   1.45963e+01   2.46250e+02
          1756   2.47666e+02   1.75600e+03  -3.13225e+01   1.45940e+01   2.46333e+02
          1757   2.47753e+02   1.75700e+03  -3.13344e+01   1.45916e+01   2.46417e+02
          1758   2.47839e+02   1.75800e+03  -3.13465e+01   1.45893e+01   2.46500e+02
          1759   2.47932e+02   1.75900e+03  -3.13585e+01   1.45869e+01   2.46583e+02
          1760   2.48014e+02   1.76000e+03  -3.13709e+01   1.45846e+01   2.46667e+02
          1761   2.48106e+02   1.76100e+03  -3.13829e+01   1.45822e+01   2.46750e+02
          1762   2.48180e+02   1.76200e+03  -3.13942e+01   1.45798e+01   2.46833e+02
          1763   2.48270e+02   1.76300e+03  -3.14051e+01   1.45774e+01   2.46917e+02
          1764   2.48362e+02   1.76400e+03  -3.14129e+01   1.45750e+01   2.47000e+02
          1765   2.48441e+02   1.76500e+03  -3.14211e+01   1.45726e+01   2.47083e+02
          1766   2.48526e+02   1.76600e+03  -3.14294e+01   1.45702e+01   2.47167e+02
          1767   2.48611e+02   1.76700e+03  -3.14375e+01   1.45678e+01   2.47250e+02
          1768   2.48714e+02   1.76800e+03  -3.14455e+01   1.45654e+01   2.47333e+02
          1769   2.48788e+02   1.76900e+03  -3.14553e+01   1.45631e+01   2.47417e+02
          1770   2.48884e+02   1.77000e+03  -3.14663e+01   1.45607e+01   2.47500e+02
          1771   2.48961e+02   1.77100e+03  -3.14764e+01   1.45583e+01   2.47583e+02
          1772   2.49042e+02   1.77200e+03  -3.14840e+01   1.45559e+01   2.47667e+02
          1773   2.49135e+02   1.77300e+03  -3.14949e+01   1.45536e+01   2.47750e+02
          1774   2.49225e+02   1.77400e+03  -3.15071e+01   1.45512e+01   2.47833e+02
          1775   2.49313e+02   1.77500e+03  -3.15193e+01   1.45488e+01   2.47917e+02
          1776   2.49401e+02   1.77600e+03  -3.15340e+01   1.45464e+01   2.48000e+02
          1777   2.49479e+02   1.77700e+03  -3.15468e+01   1.45441e+01   2.48083e+02
          1778   2.49578e+02   1.77800e+03  -3.15588e+01   1.45417e+01   2.48167e+02
          1779   2.49664e+02   1.77900e+03  -3.15709e+01   1.45393e+01   2.48250e+02
          1780   2.49747e+02   1.78000e+03  -3.15864e+01   1.45369e+01   2.48333e+02
          1781   2.49829e+02   1.78100e+03  -3.16010e+01   1.45345e+01   2.48417e+02
          1782   2.49919e+02   1.78200e+03  -3.16162e+01   1.45321e+01   2.48500e+02
          1783   2.49995e+02   1.78300e+03  -3.16316e+01   1.45297e+01   2.48583e+02
          1784   2.50090e+02   1.78400e+03  -3.16470e+01   1.45273e+01   2.48667e+02
          1785   2.50176e+02   1.78500e+03  -3.16603e+01   1.45248e+01   2.48750e+02
          1786   2.50269e+02   1.78600e+03  -3.16732e+01   1.45224e+01   2.48833e+02
          1787   2.50354e+02   1.78700e+03  -3.16858e+01   1.45200e+01   2.48917e+02
          1788   2.50434e+02   1.78800e+03  -3.17006e+01   1.45176e+01   2.49000e+02
          1789   2.50528e+02   1.78900e+03  -3.17138e+01   1.45151e+01   2.49083e+02
          1790   2.50603e+02   1.79000e+03  -3.17253e+01   1.45127e+01   2.49167e+02
          1791   2.50694e+02   1.79100e+03  -3.17369e+01   1.45102e+01   2.49250e+02
          1792   2.50780e+02   1.79200e+03  -3.17510e+01   1.45077e+01   2.49333e+02
          1793   2.50872e+02   1.79300e+03  -3.17646e+01   1.45052e+01   2.49417e+02
          1794   2.50952e+02   1.79400e+03  -3.17769e+01   1.45028e+01   2.49500e+02
          1795   2.51044e+02   1.79500e+03  -3.17894e+01   1.45002e+01   2.49583e+02
          1796   2.51128e+02   1.79600e+03  -3.18004e+01   1.44978e+01   2.49667e+02
          1797   2.51220e+02   1.79700e+03  -3.18112e+01   1.44953e+01   2.49750e+02
          1798   2.51307e+02   1.79800e+03  -3.18224e+01   1.44928e+01   2.49833e+02
          1799   2.51402e+02   1.79900e+03  -3.18331e+01   1.44902e+01   2.49917e+02
          1800   2.51479e+02   1.80000e+03  -3.18479e+01   1.44878e+01   2.50000e+02
          1801   2.51561e+02   1.80100e+03  -3.18601e+01   1.44853e+01   2.50083e+02
          1802   2.51654e+02   1.80200e+03  -3.18707e+01   1.44828e+01   2.50167e+02
          1803   2.51733e+02   1.80300e+03  -3.18808e+01   1.44803e+01   2.50250e+02
          1804   2.51827e+02   1.80400e+03  -3.18874e+01   1.44778e+01   2.50333e+02
          1805   2.51910e+02   1.80500e+03  -3.18959e+01   1.44753e+01   2.50417e+02
          1806   2.51999e+02   1.80600e+03  -3.19045e+01   1.44728e+01   2.50500e+02
          1807   2.52085e+02   1.80700e+03  -3.19130e+01   1.44703e+01   2.50583e+02
          1808   2.52167e+02   1.80800e+03  -3.19210e+01   1.44677e+01   2.50667e+02
          1809   2.52247e+02   1.80900e+03  -3.19282e+01   1.44651e+01   2.50750e+02
          1810   2.52339e+02   1.81000e+03  -3.19344e+01   1.44626e+01   2.50833e+02
          1811   2.52424e+02   1.81100e+03  -3.19397e+01   1.44600e+01   2.50917e+02
          1812   2.52512e+02   1.81200e+03  -3.19424e+01   1.44574e+01   2.51000e+02
          1813   2.52592e+02   1.81300e+03  -3.19478e+01   1.44549e+01   2.51083e+02
          1814   2.52698e+02   1.81400e+03  -3.19564e+01   1.44523e+01   2.51167e+02
          1815   2.52773e+02   1.81500e+03  -3.19647e+01   1.44498e+01   2.51250e+02
          1816   2.52848e+02   1.81600e+03  -3.19724e+01   1.44473e+01   2.51333e+02
          1817   2.52944e+02   1.81700e+03  -3.19797e+01   1.44448e+01   2.51417e+02
          1818   2.53027e+02   1.81800e+03  -3.19879e+01   1.44422e+01   2.51500e+02
          1819   2.53123e+02   1.81900e+03  -3.19964e+01   1.44396e+01   2.51583e+02
          1820   2.53207e+02   1.82000e+03  -3.20079e+01   1.44371e+01   2.51667e+02
          1821   2.53288e+02   1.82100e+03  -3.20174e+01   1.44345e+01   2.51750e+02
          1822   2.53371e+02   1.82200e+03  -3.20262e+01   1.44319e+01   2.51833e+02
          1823   2.53451e+02   1.82300e+03  -3.20361e+01   1.44293e+01   2.51917e+02
          1824   2.53546e+02   1.82400e+03  -3.20495e+01   1.44266e+01   2.52000e+02
          1825   2.53625e+02   1.82500e+03  -3.20591e+01   1.44240e+01   2.52083e+02
          1826   2.53728e+02   1.82600e+03  -3.20690e+01   1.44213e+01   2.52167e+02
          1827   2.53807e+02   1.82700e+03  -3.20790e+01   1.44187e+01   2.52250e+02
          1828   2.53893e+02   1.82800e+03  -3.20863e+01   1.44160e+01   2.52333e+02
          1829   2.53987e+02   1.82900e+03  -3.20923e+01   1.44133e+01   2.52417e+02
          1830   2.54080e+02   1.83000e+03  -3.20980e+01   1.44107e+01   2.52500e+02
          1831   2.54149e+02   1.83100e+03  -3.21036e+01   1.44080e+01   2.52583e+02
          1832   2.54238e+02   1.83200e+03  -3.21083e+01   1.44053e+01   2.52667e+02
          1833   2.54321e+02   1.83300e+03  -3.21145e+01   1.44027e+01   2.52750e+02
          1834   2.54415e+02   1.83400e+03  -3.21200e+01   1.44000e+01   2.52833e+02
          1835   2.54490e+02   1.83500e+03  -3.21249e+01   1.43973e+01   2.52917e+02
          1836   2.54589e+02   1.83600e+03  -3.21266e+01   1.43947e+01   2.53000e+02
          1837   2.54671e+02   1.83700e+03  -3.21305e+01   1.43921e+01   2.53083e+02
          1838   2.54768e+02   1.83800e+03  -3.21362e+01   1.43895e+01   2.53167e+02
          1839   2.54851e+02   1.83900e+03  -3.21427e+01   1.43868e+01   2.53250e+02
          1840   2.54942e+02   1.84000e+03  -3.21490e+01   1.43842e+01   2.53333e+02
          1841   2.55029e+02   1.84100e+03  -3.21540e+01   1.43816e+01   2.53417e+02
          1842   2.55117e+02   1.84200e+03  -3.21583e+01   1.43789e+01   2.53500e+02
          1843   2.55205e+02   1.84300e+03  -3.21623e+01   1.43762e+01   2.53583e+02
          1844   2.55287e+02   1.84400e+03  -3.21675e+01   1.43735e+01   2.53667e+02
          1845   2.55370e+02   1.84500e+03  -3.21737e+01   1.43708e+01   2.53750e+02
          1846   2.55458e+02   1.84600e+03  -3.21797e+01   1.43681e+01   2.53833e+02
          1847   2.55544e+02   1.84700e+03  -3.21853e+01   1.43654e+01   2.53917e+02
          1848   2.55622e+02   1.84800e+03  -3.21916e+01   1.43626e+01   2.54000e+02
          1849   2.55716e+02   1.84900e+03  -3.21968e+01   1.43598e+01   2.54083e+02
          1850   2.55800e+02   1.85000e+03  -3.22024e+01   1.43570e+01   2.54167e+02
          1851   2.55882e+02   1.85100e+03  -3.22087e+01   1.43543e+01   2.54250e+02
          1852   2.55969e+02   1.85200e+03  -3.22136e+01   1.43514e+01   2.54333e+02
          1853   2.56052e+02   1.85300e+03  -3.22197e+01   1.43486e+01   2.54417e+02
          1854   2.56140e+02   1.85400e+03  -3.22263e+01   1.43458e+01   2.54500e+02
          1855   2.56225e+02   1.85500e+03  -3.22315e+01   1.43430e+01   2.54583e+02
          1856   2.56315e+02   1.85600e+03  -3.22375e+01   1.43402e+01   2.54667e+02
          1857   2.56403e+02   1.85700e+03  -3.22447e+01   1.43374e+01   2.54750e+02
          1858   2.56489e+02   1.85800e+03  -3.22517e+01   1.43346e+01   2.54833e+02
          1859   2.56575e+02   1.85900e+03  -3.22577e+01   1.43318e+01   2.54917e+02
          1860   2.56659e+02   1.86000e+03  -3.22646e+01   1.43290e+01   2.55000e+02
          1861   2.56750e+02   1.86100e+03  -3.22718e+01   1.43262e+01   2.55083e+02
          1862   2.56828e+02   1.86200e+03  -3.22788e+01   1.43234e+01   2.55167e+02
          1863   2.56926e+02   1.86300e+03  -3.22860e+01   1.43205e+01   2.55250e+02
          1864   2.57010e+02   1.86400e+03  -3.22910e+01   1.43177e+01   2.55333e+02
          1865   2.57099e+02   1.86500e+03  -3.22964e+01   1.43148e+01   2.55417e+02
          1866   2.57175e+02   1.86600e+03  -3.23023e+01   1.43120e+01   2.55500e+02
          1867   2.57260e+02   1.86700e+03  -3.23086e+01   1.43092e+01   2.55583e+02
          1868   2.57346e+02   1.86800e+03  -3.23143e+01   1.43063e+01   2.55667e+02
          1869   2.57435e+02   1.86900e+03  -3.23205e+01   1.43034e+01   2.55750e+02
          1870   2.57519e+02   1.87000e+03  -3.23263e+01   1.43006e+01   2.55833e+02
          1871   2.57602e+02   1.87100e+03  -3.23305e+01   1.42977e+01   2.55917e+02
          1872   2.57700e+02   1.87200e+03  -3.23342e+01   1.42948e+01   2.56000e+02
          1873   2.57777e+02   1.87300e+03  -3.23389e+01   1.42919e+01   2.56083e+02
          1874   2.57868e+02   1.87400e+03  -3.23445e+01   1.42889e+01   2.56167e+02
          1875   2.57948e+02   1.87500e+03  -3.23507e+01   1.42860e+01   2.56250e+02
          1876   2.58031e+02   1.87600e+03  -3.23563e+01   1.42830e+01   2.56333e+02
          1877   2.58119e+02   1.87700e+03  -3.23628e+01   1.42800e+01   2.56417e+02
          1878   2.58205e+02   1.87800e+03  -3.23696e+01   1.42770e+01   2.56500e+02
          1879   2.58294e+02   1.87900e+03  -3.23767e+01   1.42740e+01   2.56583e+02
          1880   2.58383e+02   1.88000e+03  -3.23826e+01   1.42710e+01   2.56667e+02
          1881   2.58469e+02   1.88100e+03  -3.23909e+01   1.42680e+01   2.56750e+02
          1882   2.58564e+02   1.88200e+03  -3.24006e+01   1.42650e+01   2.56833e+02
          1883   2.58645e+02   1.88300e+03  -3.24097e+01   1.42620e+01   2.56917e+02
          1884   2.58732e+02   1.88400e+03  -3.24205e+01   1.42590e+01   2.57000e+02
          1885   2.58819e+02   1.88500e+03  -3.24285e+01   1.42560e+01   2.57083e+02
          1886   2.58903e+02   1.88600e+03  -3.24351e+01   1.42530e+01   2.57167e+02
          1887   2.58992e+02   1.88700e+03  -3.24411e+01   1.42500e+01   2.57250e+02
          1888   2.59079e+02   1.88800e+03  -3.24498e+01   1.42470e+01   2.57333e+02
          1889   2.59163e+02   1.88900e+03  -3.24566e+01   1.42440e+01   2.57417e+02
          1890   2.59254e+02   1.89000e+03  -3.24634e+01   1.42410e+01   2.57500e+02
          1891   2.59336e+02   1.89100e+03  -3.24700e+01   1.42380e+01   2.57583e+02
          1892   2.59427e+02   1.89200e+03  -3.24697e+01   1.42350e+01   2.57667e+02
          1893   2.59513e+02   1.89300e+03  -3.24727e+01   1.42320e+01   2.57750e+02
          1894   2.59590e+02   1.89400e+03  -3.24766e+01   1.42290e+01   2.57833e+02
          1895   2.59695e+02   1.89500e+03  -3.24804e+01   1.42260e+01   2.57917e+02
          1896   2.59767e+02   1.89600e+03  -3.24830e+01   1.42230e+01   2.58000e+02
          1897   2.59850e+02   1.89700e+03  -3.24858e+01   1.42200e+01   2.58083e+02
          1898   2.59939e+02   1.89800e+03  -3.24875e+01   1.42170e+01   2.58167e+02
          1899   2.60030e+02   1.89900e+03  -3.24881e+01   1.42139e+01   2.58250e+02
          1900   2.60127e+02   1.90000e+03  -3.24856e+01   1.42108e+01   2.58333e+02
          1901   2.60205e+02   1.90100e+03  -3.24863e+01   1.42077e+01   2.58417e+02
          1902   2.60289e+02   1.90200e+03  -3.24894e+01   1.42045e+01   2.58500e+02
          1903   2.60375e+02   1.90300e+03  -3.24925e+01   1.42014e+01   2.58583e+02
          1904   2.60465e+02   1.90400e+03  -3.24947e+01   1.41983e+01   2.58667e+02
          1905   2.60553e+02   1.90500e+03  -3.24956e+01   1.41951e+01   2.58750e+02
          1906   2.60635e+02   1.90600e+03  -3.24973e+01   1.41919e+01   2.58833e+02
          1907   2.60725e+02   1.90700e+03  -3.25002e+01   1.41887e+01   2.58917e+02
          1908   2.60810e+02   1.90800e+03  -3.25043e+01   1.41856e+01   2.59000e+02
          1909   2.60901e+02   1.90900e+03  -3.25073e+01   1.41824e+01   2.59083e+02
          1910   2.60982e+02   1.91000e+03  -3.25100e+01   1.41792e+01   2.59167e+02
          1911   2.61068e+02   1.91100e+03  -3.25119e+01   1.41760e+01   2.59250e+02
          1912   2.61148e+02   1.91200e+03  -3.25170e+01   1.41728e+01   2.59333e+02
          1913   2.61249e+02   1.91300e+03  -3.25198e+01   1.41696e+01   2.59417e+02
          1914   2.61333e+02   1.91400e+03  -3.25225e+01   1.41663e+01   2.59500e+02
          1915   2.61421e+02   1.91500e+03  -3.25254e+01   1.41631e+01   2.59583e+02
          1916   2.61503e+02   1.91600e+03  -3.25279e+01   1.41599e+01   2.59667e+02
          1917   2.61588e+02   1.91700e+03  -3.25300e+01   1.41566e+01   2.59750e+02
          1918   2.61681e+02   1.91800e+03  -3.25322e+01   1.41533e+01   2.59833e+02
          1919   2.61765e+02   1.91900e+03  -3.25342e+01   1.41500e+01   2.59917e+02
          1920   2.61857e+02   1.92000e+03  -3.25318e+01   1.41466e+01   2.60000e+02
          1921   2.61931e+02   1.92100e+03  -3.25308e+01   1.41433e+01   2.60083e+02
          1922   2.62029e+02   1.92200e+03  -3.25312e+01   1.41400e+01   2.60167e+02
          1923   2.62125e+02   1.92300e+03  -3.25333e+01   1.41367e+01   2.60250e+02
          1924   2.62219e+02   1.92400e+03  -3.25381e+01   1.41333e+01   2.60333e+02
          1925   2.62297e+02   1.92500e+03  -3.25414e+01   1.41300e+01   2.60417e+02
          1926   2.62374e+02   1.92600e+03  -3.25439e+01   1.41266e+01   2.60500e+02
          1927   2.62464e+02   1.92700e+03  -3.25472e+01   1.41233e+01   2.60583e+02
          1928   2.62544e+02   1.92800e+03  -3.25478e+01   1.41200e+01   2.60667e+02
          1929   2.62636e+02   1.92900e+03  -3.25492e+01   1.41167e+01   2.60750e+02
          1930   2.62727e+02   1.93000e+03  -3.25520e+01   1.41133e+01   2.60833e+02
          1931   2.62804e+02   1.93100e+03  -3.25562e+01   1.41100e+01   2.60917e+02
          1932   2.62899e+02   1.93200e+03  -3.25623e+01   1.41067e+01   2.61000e+02
          1933   2.62990e+02   1.93300e+03  -3.25652e+01   1.41033e+01   2.61083e+02
          1934   2.63080e+02   1.93400e+03  -3.25678e+01   1.40999e+01   2.61167e+02
          1935   2.63165e+02   1.93500e+03  -3.25689e+01   1.40966e+01   2.61250e+02
          1936   2.63248e+02   1.93600e+03  -3.25679e+01   1.40931e+01   2.61333e+02
          1937   2.63343e+02   1.93700e+03  -3.25689e+01   1.40897e+01   2.61417e+02
          1938   2.63422e+02   1.93800e+03  -3.25692e+01   1.40863e+01   2.61500e+02
          1939   2.63500e+02   1.93900e+03  -3.25694e+01   1.40828e+01   2.61583e+02
          1940   2.63590e+02   1.94000e+03  -3.25701e+01   1.40793e+01   2.61667e+02
          1941   2.63688e+02   1.94100e+03  -3.25697e+01   1.40759e+01   2.61750e+02
          1942   2.63766e+02   1.94200e+03  -3.25687e+01   1.40724e+01   2.61833e+02
          1943   2.63858e+02   1.94300e+03  -3.25667e+01   1.40689e+01   2.61917e+02
          1944   2.63953e+02   1.94400e+03  -3.25625e+01   1.40653e+01   2.62000e+02
          1945   2.64030e+02   1.94500e+03  -3.25611e+01   1.40618e+01   2.62083e+02
          1946   2.64128e+02   1.94600e+03  -3.25611e+01   1.40583e+01   2.62167e+02
          1947   2.64213e+02   1.94700e+03  -3.25594e+01   1.40548e+01   2.62250e+02
          1948   2.64296e+02   1.94800e+03  -3.25590e+01   1.40512e+01   2.62333e+02
          1949   2.64385e+02   1.94900e+03  -3.25581e+01   1.40477e+01   2.62417e+02
          1950   2.64468e+02   1.95000e+03  -3.25572e+01   1.40441e+01   2.62500e+02
          1951   2.64551e+02   1.95100e+03  -3.25561e+01   1.40405e+01   2.62583e+02
          1952   2.64640e+02   1.95200e+03  -3.25546e+01   1.40369e+01   2.62667e+02
          1953   2.64739e+02   1.95300e+03  -3.25525e+01   1.40334e+01   2.62750e+02
          1954   2.64818e+02   1.95400e+03  -3.25506e+01   1.40297e+01   2.62833e+02
          1955   2.64907e+02   1.95500e+03  -3.25480e+01   1.40262e+01   2.62917e+02
          1956   2.64991e+02   1.95600e+03  -3.25447e+01   1.40226e+01   2.63000e+02
          1957   2.65073e+02   1.95700e+03  -3.25417e+01   1.40189e+01   2.63083e+02
          1958   2.65170e+02   1.95800e+03  -3.25393e+01   1.40153e+01   2.63167e+02
          1959   2.65264e+02   1.95900e+03  -3.25358e+01   1.40117e+01   2.63250e+02
          1960   2.65342e+02   1.96000e+03  -3.25308e+01   1.40080e+01   2.63333e+02
          1961   2.65434e+02   1.96100e+03  -3.25264e+01   1.40043e+01   2.63417e+02
          1962   2.65524e+02   1.96200e+03  -3.25215e+01   1.40007e+01   2.63500e+02
          1963   2.65603e+02   1.96300e+03  -3.25175e+01   1.39970e+01   2.63583e+02
          1964   2.65691e+02   1.96400e+03  -3.25105e+01   1.39933e+01   2.63667e+02
          1965   2.65792e+02   1.96500e+03  -3.25051e+01   1.39896e+01   2.63750e+02
          1966   2.65871e+02   1.96600e+03  -3.25005e+01   1.39859e+01   2.63833e+02
          1967   2.65962e+02   1.96700e+03  -3.24966e+01   1.39822e+01   2.63917e+02
          1968   2.66040e+02   1.96800e+03  -3.24905e+01   1.39785e+01   2.64000e+02
          1969   2.66133e+02   1.96900e+03  -3.24850e+01   1.39748e+01   2.64083e+02
          1970   2.66227e+02   1.97000e+03  -3.24810e+01   1.39710e+01   2.64167e+02
          1971   2.66310e+02   1.97100e+03  -3.24776e+01   1.39672e+01   2.64250e+02
          1972   2.66389e+02   1.97200e+03  -3.24739e+01   1.39634e+01   2.64333e+02
          1973   2.66479e+02   1.97300e+03  -3.24682e+01   1.39596e+01   2.64417e+02
          1974   2.66564e+02   1.97400e+03  -3.24620e+01   1.39557e+01   2.64500e+02
          1975   2.66659e+02   1.97500e+03  -3.24566e+01   1.39518e+01   2.64583e+02
          1976   2.66747e+02   1.97600e+03  -3.24537e+01   1.39478e+01   2.64667e+02
          1977   2.66827e+02   1.97700e+03  -3.24489e+01   1.39439e+01   2.64750e+02
          1978   2.66918e+02   1.97800e+03  -3.24432e+01   1.39400e+01   2.64833e+02
          1979   2.67004e+02   1.97900e+03  -3.24369e+01   1.39361e+01   2.64917e+02
          1980   2.67093e+02   1.98000e+03  -3.24312e+01   1.39321e+01   2.65000e+02
          1981   2.67179e+02   1.98100e+03  -3.24253e+01   1.39281e+01   2.65083e+02
          1982   2.67275e+02   1.98200e+03  -3.24186e+01   1.39242e+01   2.65167e+02
          1983   2.67357e+02   1.98300e+03  -3.24112e+01   1.39203e+01   2.65250e+02
          1984   2.67436e+02   1.98400e+03  -3.24040e+01   1.39164e+01   2.65333e+02
          1985   2.67532e+02   1.98500e+03  -3.23986e+01   1.39125e+01   2.65417e+02
          1986   2.67624e+02   1.98600e+03  -3.23928e+01   1.39086e+01   2.65500e+02
          1987   2.67715e+02   1.98700e+03  -3.23870e+01   1.39047e+01   2.65583e+02
          1988   2.67793e+02   1.98800e+03  -3.23780e+01   1.39008e+01   2.65667e+02
          1989   2.67890e+02   1.98900e+03  -3.23717e+01   1.38967e+01   2.65750e+02
          1990   2.67973e+02   1.99000e+03  -3.23644e+01   1.38927e+01   2.65833e+02
          1991   2.68059e+02   1.99100e+03  -3.23574e+01   1.38886e+01   2.65917e+02
          1992   2.68152e+02   1.99200e+03  -3.23537e+01   1.38845e+01   2.66000e+02
          1993   2.68235e+02   1.99300e+03  -3.23510e+01   1.38804e+01   2.66083e+02
          1994   2.68316e+02   1.99400e+03  -3.23472e+01   1.38762e+01   2.66167e+02
          1995   2.68405e+02   1.99500e+03  -3.23423e+01   1.38721e+01   2.66250e+02
          1996   2.68500e+02   1.99600e+03  -3.23408e+01   1.38679e+01   2.66333e+02
          1997   2.68583e+02   1.99700e+03  -3.23378e+01   1.38637e+01   2.66417e+02
          1998   2.68675e+02   1.99800e+03  -3.23330e+01   1.38596e+01   2.66500e+02
          1999   2.68768e+02   1.99900e+03  -3.23274e+01   1.38555e+01   2.66583e+02
          2000   2.68850e+02   2.00000e+03  -3.23261e+01   1.38513e+01   2.66667e+02
          2001   2.68927e+02   2.00100e+03  -3.23228e+01   1.38471e+01   2.66750e+02
          2002   2.69020e+02   2.00200e+03  -3.23183e+01   1.38429e+01   2.66833e+02
          2003   2.69108e+02   2.00300e+03  -3.23132e+01   1.38387e+01   2.66917e+02
          2004   2.69193e+02   2.00400e+03  -3.23064e+01   1.38345e+01   2.67000e+02
          2005   2.69290e+02   2.00500e+03  -3.23006e+01   1.38303e+01   2.67083e+02
          2006   2.69381e+02   2.00600e+03  -3.22946e+01   1.38261e+01   2.67167e+02
          2007   2.69477e+02   2.00700e+03  -3.22885e+01   1.38219e+01   2.67250e+02
          2008   2.69557e+02   2.00800e+03  -3.22816e+01   1.38175e+01   2.67333e+02
          2009   2.69645e+02   2.00900e+03  -3.22752e+01   1.38133e+01   2.67417e+02
          2010   2.69735e+02   2.01000e+03  -3.22687e+01   1.38090e+01   2.67500e+02
          2011   2.69824e+02   2.01100e+03  -3.22626e+01   1.38047e+01   2.67583e+02
          2012   2.69916e+02   2.01200e+03  -3.22556e+01   1.38003e+01   2.67667e+02
          2013   2.70011e+02   2.01300e+03  -3.22489e+01   1.37960e+01   2.67750e+02
          2014   2.70103e+02   2.01400e+03  -3.22431e+01   1.37916e+01   2.67833e+02
          2015   2.70191e+02   2.01500e+03  -3.22361e+01   1.37873e+01   2.67917e+02
          2016   2.70280e+02   2.01600e+03  -3.22302e+01   1.37830e+01   2.68000e+02
          2017   2.70368e+02   2.01700e+03  -3.22236e+01   1.37787e+01   2.68083e+02
          2018   2.70466e+02   2.01800e+03  -3.22175e+01   1.37743e+01   2.68167e+02
          2019   2.70552e+02   2.01900e+03  -3.22127e+01   1.37699e+01   2.68250e+02
          2020   2.70641e+02   2.02000e+03  -3.22065e+01   1.37655e+01   2.68333e+02
          2021   2.70730e+02   2.02100e+03  -3.21995e+01   1.37611e+01   2.68417e+02
          2022   2.70823e+02   2.02200e+03  -3.21912e+01   1.37567e+01   2.68500e+02
          2023   2.70922e+02   2.02300e+03  -3.21831e+01   1.37522e+01   2.68583e+02
          2024   2.71009e+02   2.02400e+03  -3.21757e+01   1.37476e+01   2.68667e+02
          2025   2.71099e+02   2.02500e+03  -3.21680e+01   1.37430e+01   2.68750e+02
          2026   2.71179e+02   2.02600e+03  -3.21591e+01   1.37384e+01   2.68833e+02
          2027   2.71278e+02   2.02700e+03  -3.21502e+01   1.37338e+01   2.68917e+02
          2028   2.71358e+02   2.02800e+03  -3.21408e+01   1.37291e+01   2.69000e+02
          2029   2.71454e+02   2.02900e+03  -3.21309e+01   1.37245e+01   2.69083e+02
          2030   2.71553e+02   2.03000e+03  -3.21222e+01   1.37198e+01   2.69167e+02
          2031   2.71645e+02   2.03100e+03  -3.21143e+01   1.37152e+01   2.69250e+02
          2032   2.71738e+02   2.03200e+03  -3.21028e+01   1.37106e+01   2.69333e+02
          2033   2.71826e+02   2.03300e+03  -3.20932e+01   1.37059e+01   2.69417e+02
          2034   2.71926e+02   2.03400e+03  -3.20844e+01   1.37012e+01   2.69500e+02
          2035   2.72015e+02   2.03500e+03  -3.20750e+01   1.36966e+01   2.69583e+02
          2036   2.72100e+02   2.03600e+03  -3.20638e+01   1.36918e+01   2.69667e+02
          2037   2.72191e+02   2.03700e+03  -3.20539e+01   1.36871e+01   2.69750e+02
          2038   2.72275e+02   2.03800e+03  -3.20437e+01   1.36823e+01   2.69833e+02
          2039   2.72368e+02   2.03900e+03  -3.20334e+01   1.36775e+01   2.69917e+02
          2040   2.72457e+02   2.04000e+03  -3.20219e+01   1.36726e+01   2.70000e+02
          2041   2.72552e+02   2.04100e+03  -3.20101e+01   1.36678e+01   2.70083e+02
          2042   2.72640e+02   2.04200e+03  -3.19987e+01   1.36629e+01   2.70167e+02
          2043   2.72733e+02   2.04300e+03  -3.19869e+01   1.36579e+01   2.70250e+02
          2044   2.72831e+02   2.04400e+03  -3.19702e+01   1.36529e+01   2.70333e+02
          2045   2.72916e+02   2.04500e+03  -3.19556e+01   1.36480e+01   2.70417e+02
          2046   2.73004e+02   2.04600e+03  -3.19406e+01   1.36430e+01   2.70500e+02
          2047   2.73100e+02   2.04700e+03  -3.19257e+01   1.36381e+01   2.70583e+02
          2048   2.73184e+02   2.04800e+03  -3.19097e+01   1.36332e+01   2.70667e+02
          2049   2.73279e+02   2.04900e+03  -3.18940e+01   1.36283e+01   2.70750e+02
          2050   2.73370e+02   2.05000e+03  -3.18780e+01   1.36234e+01   2.70833e+02
          2051   2.73452e+02   2.05100e+03  -3.18636e+01   1.36185e+01   2.70917e+02
          2052   2.73541e+02   2.05200e+03  -3.18484e+01   1.36135e+01   2.71000e+02
          2053   2.73627e+02   2.05300e+03  -3.18351e+01   1.36085e+01   2.71083e+02
          2054   2.73722e+02   2.05400e+03  -3.18231e+01   1.36034e+01   2.71167e+02
          2055   2.73814e+02   2.05500e+03  -3.18103e+01   1.35984e+01   2.71250e+02
          2056   2.73899e+02   2.05600e+03  -3.17994e+01   1.35931e+01   2.71333e+02
          2057   2.73987e+02   2.05700e+03  -3.17887e+01   1.35879e+01   2.71417e+02
          2058   2.74067e+02   2.05800e+03  -3.17781e+01   1.35828e+01   2.71500e+02
          2059   2.74169e+02   2.05900e+03  -3.17661e+01   1.35776e+01   2.71583e+02
          2060   2.74259e+02   2.06000e+03  -3.17581e+01   1.35724e+01   2.71667e+02
          2061   2.74350e+02   2.06100e+03  -3.17463e+01   1.35671e+01   2.71750e+02
          2062   2.74429e+02   2.06200e+03  -3.17325e+01   1.35619e+01   2.71833e+02
          2063   2.74530e+02   2.06300e+03  -3.17199e+01   1.35567e+01   2.71917e+02
          2064   2.74607e+02   2.06400e+03  -3.17064e+01   1.35515e+01   2.72000e+02
          2065   2.74704e+02   2.06500e+03  -3.16926e+01   1.35462e+01   2.72083e+02
          2066   2.74789e+02   2.06600e+03  -3.16797e+01   1.35409e+01   2.72167e+02
          2067   2.74872e+02   2.06700e+03  -3.16675e+01   1.35355e+01   2.72250e+02
          2068   2.74974e+02   2.06800e+03  -3.16507e+01   1.35301e+01   2.72333e+02
          2069   2.75060e+02   2.06900e+03  -3.16368e+01   1.35247e+01   2.72417e+02
          2070   2.75147e+02   2.07000e+03  -3.16223e+01   1.35194e+01   2.72500e+02
          2071   2.75238e+02   2.07100e+03  -3.16070e+01   1.35139e+01   2.72583e+02
          2072   2.75324e+02   2.07200e+03  -3.15909e+01   1.35086e+01   2.72667e+02
          2073   2.75411e+02   2.07300e+03  -3.15747e+01   1.35031e+01   2.72750e+02
          2074   2.75502e+02   2.07400e+03  -3.15582e+01   1.34977e+01   2.72833e+02
          2075   2.75580e+02   2.07500e+03  -3.15392e+01   1.34922e+01   2.72917e+02
          2076   2.75676e+02   2.07600e+03  -3.15188e+01   1.34867e+01   2.73000e+02
          2077   2.75764e+02   2.07700e+03  -3.14985e+01   1.34812e+01   2.73083e+02
          2078   2.75859e+02   2.07800e+03  -3.14780e+01   1.34757e+01   2.73167e+02
          2079   2.75955e+02   2.07900e+03  -3.14586e+01   1.34701e+01   2.73250e+02
          2080   2.76034e+02   2.08000e+03  -3.14318e+01   1.34645e+01   2.73333e+02
          2081   2.76123e+02   2.08100e+03  -3.14094e+01   1.34590e+01   2.73417e+02
          2082   2.76212e+02   2.08200e+03  -3.13877e+01   1.34534e+01   2.73500e+02
          2083   2.76304e+02   2.08300e+03  -3.13660e+01   1.34478e+01   2.73583e+02
          2084   2.76394e+02   2.08400e+03  -3.13434e+01   1.34421e+01   2.73667e+02
          2085   2.76485e+02   2.08500e+03  -3.13219e+01   1.34364e+01   2.73750e+02
          2086   2.76571e+02   2.08600e+03  -3.13001e+01   1.34307e+01   2.73833e+02
          2087   2.76655e+02   2.08700e+03  -3.12770e+01   1.34250e+01   2.73917e+02
          2088   2.76750e+02   2.08800e+03  -3.12560e+01   1.34191e+01   2.74000e+02
          2089   2.76846e+02   2.08900e+03  -3.12338e+01   1.34133e+01   2.74083e+02
          2090   2.76935e+02   2.09000e+03  -3.12116e+01   1.34075e+01   2.74167e+02
          2091   2.77022e+02   2.09100e+03  -3.11878e+01   1.34017e+01   2.74250e+02
          2092   2.77101e+02   2.09200e+03  -3.11612e+01   1.33957e+01   2.74333e+02
          2093   2.77197e+02   2.09300e+03  -3.11354e+01   1.33898e+01   2.74417e+02
          2094   2.77283e+02   2.09400e+03  -3.11099e+01   1.33839e+01   2.74500e+02
          2095   2.77382e+02   2.09500e+03  -3.10842e+01   1.33780e+01   2.74583e+02
          2096   2.77468e+02   2.09600e+03  -3.10538e+01   1.33720e+01   2.74667e+02
          2097   2.77559e+02   2.09700e+03  -3.10256e+01   1.33660e+01   2.74750e+02
          2098   2.77652e+02   2.09800e+03  -3.09970e+01   1.33600e+01   2.74833e+02
          2099   2.77733e+02   2.09900e+03  -3.09690e+01   1.33540e+01   2.74917e+02
          2100   2.77825e+02   2.10000e+03  -3.09412e+01   1.33480e+01   2.75000e+02
          2101   2.77912e+02   2.10100e+03  -3.09158e+01   1.33420e+01   2.75083e+02
          2102   2.78011e+02   2.10200e+03  -3.08928e+01   1.33360e+01   2.75167e+02
          2103   2.78092e+02   2.10300e+03  -3.08704e+01   1.33299e+01   2.75250e+02
          2104   2.78194e+02   2.10400e+03  -3.08465e+01   1.33238e+01   2.75333e+02
          2105   2.78275e+02   2.10500e+03  -3.08219e+01   1.33176e+01   2.75417e+02
          2106   2.78353e+02   2.10600e+03  -3.07982e+01   1.33114e+01   2.75500e+02
          2107   2.78454e+02   2.10700e+03  -3.07752e+01   1.33052e+01   2.75583e+02
          2108   2.78532e+02   2.10800e+03  -3.07554e+01   1.32989e+01   2.75667e+02
          2109   2.78626e+02   2.10900e+03  -3.07334e+01   1.32926e+01   2.75750e+02
          2110   2.78716e+02   2.11000e+03  -3.07114e+01   1.32863e+01   2.75833e+02
          2111   2.78803e+02   2.11100e+03  -3.06898e+01   1.32799e+01   2.75917e+02
          2112   2.78889e+02   2.11200e+03  -3.06695e+01   1.32734e+01   2.76000e+02
          2113   2.78975e+02   2.11300e+03  -3.06490e+01   1.32670e+01   2.76083e+02
          2114   2.79065e+02   2.11400e+03  -3.06281e+01   1.32605e+01   2.76167e+02
          2115   2.79153e+02   2.11500e+03  -3.06066e+01   1.32540e+01   2.76250e+02
          2116   2.79249e+02   2.11600e+03  -3.05832e+01   1.32474e+01   2.76333e+02
          2117   2.79332e+02   2.11700e+03  -3.05590e+01   1.32408e+01   2.76417e+02
          2118   2.79425e+02   2.11800e+03  -3.05343e+01   1.32343e+01   2.76500e+02
          2119   2.79512e+02   2.11900e+03  -3.05100e+01   1.32278e+01   2.76583e+02
          2120   2.79599e+02   2.12000e+03  -3.04857e+01   1.32212e+01   2.76667e+02
          2121   2.79684e+02   2.12100e+03  -3.04606e+01   1.32147e+01   2.76750e+02
          2122   2.79773e+02   2.12200e+03  -3.04352e+01   1.32081e+01   2.76833e+02
          2123   2.79860e+02   2.12300e+03  -3.04097e+01   1.32015e+01   2.76917e+02
          2124   2.79944e+02   2.12400e+03  -3.03784e+01   1.31948e+01   2.77000e+02
          2125   2.80051e+02   2.12500e+03  -3.03514e+01   1.31880e+01   2.77083e+02
          2126   2.80140e+02   2.12600e+03  -3.03240e+01   1.31813e+01   2.77167e+02
          2127   2.80226e+02   2.12700e+03  -3.02950e+01   1.31745e+01   2.77250e+02
          2128   2.80301e+02   2.12800e+03  -3.02651e+01   1.31677e+01   2.77333e+02
          2129   2.80395e+02   2.12900e+03  -3.02361e+01   1.31609e+01   2.77417e+02
          2130   2.80487e+02   2.13000e+03  -3.02080e+01   1.31541e+01   2.77500e+02
          2131   2.80568e+02   2.13100e+03  -3.01797e+01   1.31473e+01   2.77583e+02
          2132   2.80656e+02   2.13200e+03  -3.01517e+01   1.31405e+01   2.77667e+02
          2133   2.80761e+02   2.13300e+03  -3.01245e+01   1.31337e+01   2.77750e+02
          2134   2.80840e+02   2.13400e+03  -3.00954e+01   1.31267e+01   2.77833e+02
          2135   2.80937e+02   2.13500e+03  -3.00649e+01   1.31197e+01   2.77917e+02
          2136   2.81020e+02   2.13600e+03  -3.00307e+01   1.31125e+01   2.78000e+02
          2137   2.81109e+02   2.13700e+03  -2.99987e+01   1.31054e+01   2.78083e+02
          2138   2.81204e+02   2.13800e+03  -2.99666e+01   1.30983e+01   2.78167e+02
          2139   2.81294e+02   2.13900e+03  -2.99356e+01   1.30912e+01   2.78250e+02
          2140   2.81381e+02   2.14000e+03  -2.99052e+01   1.30840e+01   2.78333e+02
          2141   2.81470e+02   2.14100e+03  -2.98744e+01   1.30768e+01   2.78417e+02
          2142   2.81560e+02   2.14200e+03  -2.98421e+01   1.30696e+01   2.78500e+02
          2143   2.81650e+02   2.14300e+03  -2.98083e+01   1.30624e+01   2.78583e+02
          2144   2.81745e+02   2.14400e+03  -2.97704e+01   1.30551e+01   2.78667e+02
          2145   2.81831e+02   2.14500e+03  -2.97374e+01   1.30477e+01   2.78750e+02
          2146   2.81921e+02   2.14600e+03  -2.97063e+01   1.30404e+01   2.78833e+02
          2147   2.82003e+02   2.14700e+03  -2.96767e+01   1.30331e+01   2.78917e+02
          2148   2.82104e+02   2.14800e+03  -2.96466e+01   1.30257e+01   2.79000e+02
          2149   2.82203e+02   2.14900e+03  -2.96170e+01   1.30183e+01   2.79083e+02
          2150   2.82275e+02   2.15000e+03  -2.95893e+01   1.30108e+01   2.79167e+02
          2151   2.82374e+02   2.15100e+03  -2.95623e+01   1.30034e+01   2.79250e+02
          2152   2.82463e+02   2.15200e+03  -2.95351e+01   1.29957e+01   2.79333e+02
          2153   2.82546e+02   2.15300e+03  -2.95075e+01   1.29882e+01   2.79417e+02
          2154   2.82631e+02   2.15400e+03  -2.94804e+01   1.29806e+01   2.79500e+02
          2155   2.82719e+02   2.15500e+03  -2.94531e+01   1.29729e+01   2.79583e+02
          2156   2.82810e+02   2.15600e+03  -2.94300e+01   1.29652e+01   2.79667e+02
          2157   2.82895e+02   2.15700e+03  -2.94030e+01   1.29575e+01   2.79750e+02
          2158   2.82995e+02   2.15800e+03  -2.93753e+01   1.29498e+01   2.79833e+02
          2159   2.83084e+02   2.15900e+03  -2.93481e+01   1.29421e+01   2.79917e+02
          2160   2.83169e+02   2.16000e+03  -2.93209e+01   1.29343e+01   2.80000e+02
          2161   2.83262e+02   2.16100e+03  -2.92908e+01   1.29265e+01   2.80083e+02
          2162   2.83344e+02   2.16200e+03  -2.92598e+01   1.29186e+01   2.80167e+02
          2163   2.83432e+02   2.16300e+03  -2.92284e+01   1.29108e+01   2.80250e+02
          2164   2.83519e+02   2.16400e+03  -2.91912e+01   1.29028e+01   2.80333e+02
          2165   2.83612e+02   2.16500e+03  -2.91567e+01   1.28949e+01   2.80417e+02
          2166   2.83700e+02   2.16600e+03  -2.91236e+01   1.28869e+01   2.80500e+02
          2167   2.83781e+02   2.16700e+03  -2.90918e+01   1.28790e+01   2.80583e+02
          2168   2.83873e+02   2.16800e+03  -2.90569e+01   1.28709e+01   2.80667e+02
          2169   2.83958e+02   2.16900e+03  -2.90235e+01   1.28629e+01   2.80750e+02
          2170   2.84047e+02   2.17000e+03  -2.89900e+01   1.28549e+01   2.80833e+02
          2171   2.84135e+02   2.17100e+03  -2.89564e+01   1.28468e+01   2.80917e+02
          2172   2.84236e+02   2.17200e+03  -2.89188e+01   1.28386e+01   2.81000e+02
          2173   2.84327e+02   2.17300e+03  -2.88834e+01   1.28305e+01   2.81083e+02
          2174   2.84408e+02   2.17400e+03  -2.88470e+01   1.28223e+01   2.81167e+02
          2175   2.84498e+02   2.17500e+03  -2.88110e+01   1.28140e+01   2.81250e+02
          2176   2.84589e+02   2.17600e+03  -2.87812e+01   1.28056e+01   2.81333e+02
          2177   2.84678e+02   2.17700e+03  -2.87493e+01   1.27972e+01   2.81417e+02
          2178   2.84766e+02   2.17800e+03  -2.87149e+01   1.27888e+01   2.81500e+02
          2179   2.84855e+02   2.17900e+03  -2.86793e+01   1.27803e+01   2.81583e+02
          2180   2.84943e+02   2.18000e+03  -2.86402e+01   1.27717e+01   2.81667e+02
          2181   2.85027e+02   2.18100e+03  -2.86041e+01   1.27631e+01   2.81750e+02
          2182   2.85128e+02   2.18200e+03  -2.85690e+01   1.27546e+01   2.81833e+02
          2183   2.85213e+02   2.18300e+03  -2.85343e+01   1.27459e+01   2.81917e+02
          2184   2.85293e+02   2.18400e+03  -2.84983e+01   1.27373e+01   2.82000e+02
          2185   2.85384e+02   2.18500e+03  -2.84595e+01   1.27286e+01   2.82083e+02
          2186   2.85478e+02   2.18600e+03  -2.84187e+01   1.27198e+01   2.82167e+02
          2187   2.85572e+02   2.18700e+03  -2.83782e+01   1.27111e+01   2.82250e+02
          2188   2.85657e+02   2.18800e+03  -2.83338e+01   1.27023e+01   2.82333e+02
          2189   2.85747e+02   2.18900e+03  -2.82921e+01   1.26935e+01   2.82417e+02
          2190   2.85833e+02   2.19000e+03  -2.82504e+01   1.26847e+01   2.82500e+02
          2191   2.85931e+02   2.19100e+03  -2.82089e+01   1.26758e+01   2.82583e+02
          2192   2.86027e+02   2.19200e+03  -2.81669e+01   1.26668e+01   2.82667e+02
          2193   2.86116e+02   2.19300e+03  -2.81271e+01   1.26578e+01   2.82750e+02
          2194   2.86201e+02   2.19400e+03  -2.80869e+01   1.26488e+01   2.82833e+02
          2195   2.86300e+02   2.19500e+03  -2.80470e+01   1.26398e+01   2.82917e+02
          2196   2.86385e+02   2.19600e+03  -2.80062e+01   1.26307e+01   2.83000e+02
          2197   2.86472e+02   2.19700e+03  -2.79661e+01   1.26216e+01   2.83083e+02
          2198   2.86566e+02   2.19800e+03  -2.79271e+01   1.26125e+01   2.83167e+02
          2199   2.86648e+02   2.19900e+03  -2.78886e+01   1.26033e+01   2.83250e+02
          2200   2.86749e+02   2.20000e+03  -2.78538e+01   1.25941e+01   2.83333e+02
          2201   2.86828e+02   2.20100e+03  -2.78170e+01   1.25848e+01   2.83417e+02
          2202   2.86924e+02   2.20200e+03  -2.77794e+01   1.25755e+01   2.83500e+02
          2203   2.87012e+02   2.20300e+03  -2.77401e+01   1.25661e+01   2.83583e+02
          2204   2.87106e+02   2.20400e+03  -2.77015e+01   1.25566e+01   2.83667e+02
          2205   2.87187e+02   2.20500e+03  -2.76634e+01   1.25470e+01   2.83750e+02
          2206   2.87280e+02   2.20600e+03  -2.76252e+01   1.25375e+01   2.83833e+02
          2207   2.87364e+02   2.20700e+03  -2.75874e+01   1.25279e+01   2.83917e+02
          2208   2.87458e+02   2.20800e+03  -2.75489e+01   1.25181e+01   2.84000e+02
          2209   2.87534e+02   2.20900e+03  -2.75115e+01   1.25084e+01   2.84083e+02
          2210   2.87627e+02   2.21000e+03  -2.74736e+01   1.24986e+01   2.84167e+02
          2211   2.87719e+02   2.21100e+03  -2.74359e+01   1.24888e+01   2.84250e+02
          2212   2.87814e+02   2.21200e+03  -2.73938e+01   1.24789e+01   2.84333e+02
          2213   2.87902e+02   2.21300e+03  -2.73543e+01   1.24691e+01   2.84417e+02
          2214   2.87997e+02   2.21400e+03  -2.73146e+01   1.24593e+01   2.84500e+02
          2215   2.88085e+02   2.21500e+03  -2.72737e+01   1.24494e+01   2.84583e+02
          2216   2.88180e+02   2.21600e+03  -2.72339e+01   1.24396e+01   2.84667e+02
          2217   2.88269e+02   2.21700e+03  -2.71932e+01   1.24297e+01   2.84750e+02
          2218   2.88358e+02   2.21800e+03  -2.71516e+01   1.24198e+01   2.84833e+02
          2219   2.88439e+02   2.21900e+03  -2.71093e+01   1.24098e+01   2.84917e+02
          2220   2.88541e+02   2.22000e+03  -2.70645e+01   1.23997e+01   2.85000e+02
          2221   2.88633e+02   2.22100e+03  -2.70214e+01   1.23896e+01   2.85083e+02
          2222   2.88720e+02   2.22200e+03  -2.69796e+01   1.23794e+01   2.85167e+02
          2223   2.88814e+02   2.22300e+03  -2.69364e+01   1.23692e+01   2.85250e+02
          2224   2.88898e+02   2.22400e+03  -2.68880e+01   1.23588e+01   2.85333e+02
          2225   2.88981e+02   2.22500e+03  -2.68411e+01   1.23484e+01   2.85417e+02
          2226   2.89073e+02   2.22600e+03  -2.67930e+01   1.23381e+01   2.85500e+02
          2227   2.89167e+02   2.22700e+03  -2.67433e+01   1.23277e+01   2.85583e+02
          2228   2.89254e+02   2.22800e+03  -2.66900e+01   1.23171e+01   2.85667e+02
          2229   2.89343e+02   2.22900e+03  -2.66367e+01   1.23066e+01   2.85750e+02
          2230   2.89433e+02   2.23000e+03  -2.65815e+01   1.22960e+01   2.85833e+02
          2231   2.89524e+02   2.23100e+03  -2.65239e+01   1.22853e+01   2.85917e+02
          2232   2.89614e+02   2.23200e+03  -2.64590e+01   1.22746e+01   2.86000e+02
          2233   2.89708e+02   2.23300e+03  -2.64001e+01   1.22638e+01   2.86083e+02
          2234   2.89796e+02   2.23400e+03  -2.63428e+01   1.22530e+01   2.86167e+02
          2235   2.89876e+02   2.23500e+03  -2.62864e+01   1.22421e+01   2.86250e+02
          2236   2.89980e+02   2.23600e+03  -2.62200e+01   1.22312e+01   2.86333e+02
          2237   2.90062e+02   2.23700e+03  -2.61595e+01   1.22202e+01   2.86417e+02
          2238   2.90154e+02   2.23800e+03  -2.61001e+01   1.22092e+01   2.86500e+02
          2239   2.90254e+02   2.23900e+03  -2.60412e+01   1.21981e+01   2.86583e+02
          2240   2.90351e+02   2.24000e+03  -2.59876e+01   1.21869e+01   2.86667e+02
          2241   2.90434e+02   2.24100e+03  -2.59366e+01   1.21756e+01   2.86750e+02
          2242   2.90523e+02   2.24200e+03  -2.58883e+01   1.21644e+01   2.86833e+02
          2243   2.90616e+02   2.24300e+03  -2.58424e+01   1.21531e+01   2.86917e+02
          2244   2.90704e+02   2.24400e+03  -2.58052e+01   1.21416e+01   2.87000e+02
          2245   2.90796e+02   2.24500e+03  -2.57621e+01   1.21300e+01   2.87083e+02
          2246   2.90886e+02   2.24600e+03  -2.57193e+01   1.21185e+01   2.87167e+02
          2247   2.90996e+02   2.24700e+03  -2.56769e+01   1.21070e+01   2.87250e+02
          2248   2.91075e+02   2.24800e+03  -2.56469e+01   1.20953e+01   2.87333e+02
          2249   2.91163e+02   2.24900e+03  -2.56100e+01   1.20837e+01   2.87417e+02
          2250   2.91251e+02   2.25000e+03  -2.55706e+01   1.20721e+01   2.87500e+02
          2251   2.91334e+02   2.25100e+03  -2.55306e+01   1.20604e+01   2.87583e+02
          2252   2.91429e+02   2.25200e+03  -2.54996e+01   1.20488e+01   2.87667e+02
          2253   2.91522e+02   2.25300e+03  -2.54629e+01   1.20371e+01   2.87750e+02
          2254   2.91607e+02   2.25400e+03  -2.54247e+01   1.20254e+01   2.87833e+02
          2255   2.91695e+02   2.25500e+03  -2.53871e+01   1.20136e+01   2.87917e+02
          2256   2.91790e+02   2.25600e+03  -2.53446e+01   1.20017e+01   2.88000e+02
          2257   2.91876e+02   2.25700e+03  -2.53030e+01   1.19898e+01   2.88083e+02
          2258   2.91960e+02   2.25800e+03  -2.52637e+01   1.19779e+01   2.88167e+02
          2259   2.92056e+02   2.25900e+03  -2.52277e+01   1.19658e+01   2.88250e+02
          2260   2.92142e+02   2.26000e+03  -2.51922e+01   1.19538e+01   2.88333e+02
          2261   2.92246e+02   2.26100e+03  -2.51579e+01   1.19417e+01   2.88417e+02
          2262   2.92329e+02   2.26200e+03  -2.51239e+01   1.19295e+01   2.88500e+02
          2263   2.92419e+02   2.26300e+03  -2.50901e+01   1.19173e+01   2.88583e+02
          2264   2.92501e+02   2.26400e+03  -2.50568e+01   1.19050e+01   2.88667e+02
          2265   2.92604e+02   2.26500e+03  -2.50196e+01   1.18926e+01   2.88750e+02
          2266   2.92686e+02   2.26600e+03  -2.49809e+01   1.18802e+01   2.88833e+02
          2267   2.92771e+02   2.26700e+03  -2.49407e+01   1.18678e+01   2.88917e+02
          2268   2.92859e+02   2.26800e+03  -2.49081e+01   1.18551e+01   2.89000e+02
          2269   2.92951e+02   2.26900e+03  -2.48693e+01   1.18425e+01   2.89083e+02
          2270   2.93037e+02   2.27000e+03  -2.48277e+01   1.18299e+01   2.89167e+02
          2271   2.93128e+02   2.27100e+03  -2.47854e+01   1.18172e+01   2.89250e+02
          2272   2.93217e+02   2.27200e+03  -2.47318e+01   1.18043e+01   2.89333e+02
          2273   2.93314e+02   2.27300e+03  -2.46826e+01   1.17915e+01   2.89417e+02
          2274   2.93406e+02   2.27400e+03  -2.46337e+01   1.17787e+01   2.89500e+02
          2275   2.93487e+02   2.27500e+03  -2.45834e+01   1.17659e+01   2.89583e+02
          2276   2.93591e+02   2.27600e+03  -2.45204e+01   1.17529e+01   2.89667e+02
          2277   2.93666e+02   2.27700e+03  -2.44618e+01   1.17400e+01   2.89750e+02
          2278   2.93767e+02   2.27800e+03  -2.44042e+01   1.17271e+01   2.89833e+02
          2279   2.93856e+02   2.27900e+03  -2.43462e+01   1.17141e+01   2.89917e+02
          2280   2.93953e+02   2.28000e+03  -2.42830e+01   1.17009e+01   2.90000e+02
          2281   2.94042e+02   2.28100e+03  -2.42233e+01   1.16878e+01   2.90083e+02
          2282   2.94122e+02   2.28200e+03  -2.41625e+01   1.16746e+01   2.90167e+02
          2283   2.94218e+02   2.28300e+03  -2.40991e+01   1.16613e+01   2.90250e+02
          2284   2.94309e+02   2.28400e+03  -2.40277e+01   1.16479e+01   2.90333e+02
          2285   2.94411e+02   2.28500e+03  -2.39633e+01   1.16345e+01   2.90417e+02
          2286   2.94503e+02   2.28600e+03  -2.38999e+01   1.16211e+01   2.90500e+02
          2287   2.94585e+02   2.28700e+03  -2.38380e+01   1.16076e+01   2.90583e+02
          2288   2.94686e+02   2.28800e+03  -2.37769e+01   1.15939e+01   2.90667e+02
          2289   2.94772e+02   2.28900e+03  -2.37155e+01   1.15801e+01   2.90750e+02
          2290   2.94845e+02   2.29000e+03  -2.36546e+01   1.15663e+01   2.90833e+02
          2291   2.94949e+02   2.29100e+03  -2.35939e+01   1.15524e+01   2.90917e+02
          2292   2.95039e+02   2.29200e+03  -2.35313e+01   1.15382e+01   2.91000e+02
          2293   2.95127e+02   2.29300e+03  -2.34703e+01   1.15241e+01   2.91083e+02
          2294   2.95228e+02   2.29400e+03  -2.34112e+01   1.15099e+01   2.91167e+02
          2295   2.95309e+02   2.29500e+03  -2.33545e+01   1.14957e+01   2.91250e+02
          2296   2.95415e+02   2.29600e+03  -2.33081e+01   1.14813e+01   2.91333e+02
          2297   2.95496e+02   2.29700e+03  -2.32591e+01   1.14670e+01   2.91417e+02
          2298   2.95594e+02   2.29800e+03  -2.32108e+01   1.14526e+01   2.91500e+02
          2299   2.95686e+02   2.29900e+03  -2.31619e+01   1.14382e+01   2.91583e+02
          2300   2.95778e+02   2.30000e+03  -2.31193e+01   1.14236e+01   2.91667e+02
          2301   2.95859e+02   2.30100e+03  -2.30727e+01   1.14090e+01   2.91750e+02
          2302   2.95957e+02   2.30200e+03  -2.30245e+01   1.13944e+01   2.91833e+02
          2303   2.96043e+02   2.30300e+03  -2.29761e+01   1.13798e+01   2.91917e+02
          2304   2.96135e+02   2.30400e+03  -2.29381e+01   1.13650e+01   2.92000e+02
          2305   2.96223e+02   2.30500e+03  -2.28926e+01   1.13502e+01   2.92083e+02
          2306   2.96301e+02   2.30600e+03  -2.28459e+01   1.13354e+01   2.92167e+02
          2307   2.96400e+02   2.30700e+03  -2.27987e+01   1.13205e+01   2.92250e+02
          2308   2.96486e+02   2.30800e+03  -2.27496e+01   1.13055e+01   2.92333e+02
          2309   2.96574e+02   2.30900e+03  -2.27039e+01   1.12905e+01   2.92417e+02
          2310   2.96665e+02   2.31000e+03  -2.26595e+01   1.12754e+01   2.92500e+02
          2311   2.96760e+02   2.31100e+03  -2.26139e+01   1.12603e+01   2.92583e+02
          2312   2.96855e+02   2.31200e+03  -2.25604e+01   1.12450e+01   2.92667e+02
          2313   2.96948e+02   2.31300e+03  -2.25081e+01   1.12297e+01   2.92750e+02
          2314   2.97035e+02   2.31400e+03  -2.24557e+01   1.12144e+01   2.92833e+02
          2315   2.97119e+02   2.31500e+03  -2.24027e+01   1.11990e+01   2.92917e+02
          2316   2.97209e+02   2.31600e+03  -2.23511e+01   1.11835e+01   2.93000e+02
          2317   2.97296e+02   2.31700e+03  -2.22961e+01   1.11679e+01   2.93083e+02
          2318   2.97390e+02   2.31800e+03  -2.22402e+01   1.11522e+01   2.93167e+02
          2319   2.97477e+02   2.31900e+03  -2.21833e+01   1.11366e+01   2.93250e+02
          2320   2.97579e+02   2.32000e+03  -2.21162e+01   1.11206e+01   2.93333e+02
          2321   2.97673e+02   2.32100e+03  -2.20559e+01   1.11047e+01   2.93417e+02
          2322   2.97767e+02   2.32200e+03  -2.19975e+01   1.10889e+01   2.93500e+02
          2323   2.97858e+02   2.32300e+03  -2.19397e+01   1.10730e+01   2.93583e+02
          2324   2.97943e+02   2.32400e+03  -2.18782e+01   1.10568e+01   2.93667e+02
          2325   2.98031e+02   2.32500e+03  -2.18211e+01   1.10407e+01   2.93750e+02
          2326   2.98123e+02   2.32600e+03  -2.17654e+01   1.10245e+01   2.93833e+02
          2327   2.98216e+02   2.32700e+03  -2.17103e+01   1.10083e+01   2.93917e+02
          2328   2.98308e+02   2.32800e+03  -2.16562e+01   1.09918e+01   2.94000e+02
          2329   2.98399e+02   2.32900e+03  -2.15991e+01   1.09754e+01   2.94083e+02
          2330   2.98492e+02   2.33000e+03  -2.15401e+01   1.09588e+01   2.94167e+02
          2331   2.98578e+02   2.33100e+03  -2.14811e+01   1.09423e+01   2.94250e+02
          2332   2.98678e+02   2.33200e+03  -2.14239e+01   1.09254e+01   2.94333e+02
          2333   2.98761e+02   2.33300e+03  -2.13625e+01   1.09086e+01   2.94417e+02
          2334   2.98857e+02   2.33400e+03  -2.12992e+01   1.08918e+01   2.94500e+02
          2335   2.98944e+02   2.33500e+03  -2.12352e+01   1.08749e+01   2.94583e+02
          2336   2.99039e+02   2.33600e+03  -2.11670e+01   1.08579e+01   2.94667e+02
          2337   2.99124e+02   2.33700e+03  -2.11014e+01   1.08409e+01   2.94750e+02
          2338   2.99222e+02   2.33800e+03  -2.10352e+01   1.08239e+01   2.94833e+02
          2339   2.99306e+02   2.33900e+03  -2.09692e+01   1.08069e+01   2.94917e+02
          2340   2.99402e+02   2.34000e+03  -2.08952e+01   1.07897e+01   2.95000e+02
          2341   2.99493e+02   2.34100e+03  -2.08289e+01   1.07725e+01   2.95083e+02
          2342   2.99592e+02   2.34200e+03  -2.07654e+01   1.07553e+01   2.95167e+02
          2343   2.99684e+02   2.34300e+03  -2.07032e+01   1.07380e+01   2.95250e+02
          2344   2.99769e+02   2.34400e+03  -2.06405e+01   1.07204e+01   2.95333e+02
          2345   2.99868e+02   2.34500e+03  -2.05781e+01   1.07028e+01   2.95417e+02
          2346   2.99961e+02   2.34600e+03  -2.05157e+01   1.06851e+01   2.95500e+02
          2347   3.00047e+02   2.34700e+03  -2.04529e+01   1.06673e+01   2.95583e+02
          2348   3.00136e+02   2.34800e+03  -2.03943e+01   1.06492e+01   2.95667e+02
          2349   3.00223e+02   2.34900e+03  -2.03286e+01   1.06312e+01   2.95750e+02
          2350   3.00320e+02   2.35000e+03  -2.02603e+01   1.06131e+01   2.95833e+02
          2351   3.00412e+02   2.35100e+03  -2.01901e+01   1.05950e+01   2.95917e+02
          2352   3.00496e+02   2.35200e+03  -2.01158e+01   1.05767e+01   2.96000e+02
          2353   3.00594e+02   2.35300e+03  -2.00382e+01   1.05584e+01   2.96083e+02
          2354   3.00687e+02   2.35400e+03  -1.99651e+01   1.05401e+01   2.96167e+02
          2355   3.00779e+02   2.35500e+03  -1.99031e+01   1.05218e+01   2.96250e+02
          2356   3.00868e+02   2.35600e+03  -1.97960e+01   1.05032e+01   2.96333e+02
          2357   3.00955e+02   2.35700e+03  -1.97102e+01   1.04847e+01   2.96417e+02
          2358   3.01055e+02   2.35800e+03  -1.96286e+01   1.04661e+01   2.96500e+02
          2359   3.01152e+02   2.35900e+03  -1.95486e+01   1.04474e+01   2.96583e+02
          2360   3.01241e+02   2.36000e+03  -1.94574e+01   1.04284e+01   2.96667e+02
          2361   3.01335e+02   2.36100e+03  -1.93768e+01   1.04094e+01   2.96750e+02
          2362   3.01434e+02   2.36200e+03  -1.93027e+01   1.03903e+01   2.96833e+02
          2363   3.01525e+02   2.36300e+03  -1.92310e+01   1.03712e+01   2.96917e+02
          2364   3.01617e+02   2.36400e+03  -1.91674e+01   1.03515e+01   2.97000e+02
          2365   3.01705e+02   2.36500e+03  -1.90925e+01   1.03320e+01   2.97083e+02
          2366   3.01797e+02   2.36600e+03  -1.90167e+01   1.03124e+01   2.97167e+02
          2367   3.01894e+02   2.36700e+03  -1.89415e+01   1.02927e+01   2.97250e+02
          2368   3.01994e+02   2.36800e+03  -1.89027e+01   1.02727e+01   2.97333e+02
          2369   3.02084e+02   2.36900e+03  -1.88449e+01   1.02528e+01   2.97417e+02
          2370   3.02163e+02   2.37000e+03  -1.87929e+01   1.02329e+01   2.97500e+02
          2371   3.02256e+02   2.37100e+03  -1.87593e+01   1.02130e+01   2.97583e+02
          2372   3.02353e+02   2.37200e+03  -1.87473e+01   1.01929e+01   2.97667e+02
          2373   3.02440e+02   2.37300e+03  -1.87400e+01   1.01730e+01   2.97750e+02
          2374   3.02523e+02   2.37400e+03  -1.87782e+01   1.01530e+01   2.97833e+02
          2375   3.02605e+02   2.37500e+03  -1.88500e+01   1.01330e+01   2.97917e+02
          2376   3.02687e+02   2.37600e+03  -1.90218e+01   1.01129e+01   2.98000e+02
          2377   3.02767e+02   2.37700e+03  -1.92080e+01   1.00928e+01   2.98083e+02
          2378   3.02853e+02   2.37800e+03  -1.94461e+01   1.00728e+01   2.98167e+02
          2379   3.02935e+02   2.37900e+03  -1.97300e+01   1.00528e+01   2.98250e+02
          2380   3.03010e+02   2.38000e+03  -2.00163e+01   1.00328e+01   2.98333e+02
          2381   3.03098e+02   2.38100e+03  -2.02877e+01   1.00130e+01   2.98417e+02
          2382   3.03179e+02   2.38200e+03  -2.05663e+01   9.99321e+00   2.98500e+02
          2383   3.03253e+02   2.38300e+03  -2.08494e+01   9.97353e+00   2.98583e+02
          2384   3.03331e+02   2.38400e+03  -2.13015e+01   9.95424e+00   2.98667e+02
          2385   3.03414e+02   2.38500e+03  -2.17132e+01   9.93487e+00   2.98750e+02
          2386   3.03488e+02   2.38600e+03  -2.21423e+01   9.91555e+00   2.98833e+02
          2387   3.03562e+02   2.38700e+03  -2.25800e+01   9.89628e+00   2.98917e+02
          2388   3.03635e+02   2.38800e+03  -2.30895e+01   9.87739e+00   2.99000e+02
          2389   3.03705e+02   2.38900e+03  -2.35865e+01   9.85844e+00   2.99083e+02
          2390   3.03788e+02   2.39000e+03  -2.40814e+01   9.83958e+00   2.99167e+02
          2391   3.03856e+02   2.39100e+03  -2.45336e+01   9.82081e+00   2.99250e+02
          2392   3.03932e+02   2.39200e+03  -2.48888e+01   9.80240e+00   2.99333e+02
          2393   3.04010e+02   2.39300e+03  -2.52929e+01   9.78388e+00   2.99417e+02
          2394   3.04087e+02   2.39400e+03  -2.56949e+01   9.76543e+00   2.99500e+02
          2395   3.04145e+02   2.39500e+03  -2.61269e+01   9.74709e+00   2.99583e+02
          2396   3.04218e+02   2.39600e+03  -2.66455e+01   9.72905e+00   2.99667e+02
          2397   3.04278e+02   2.39700e+03  -2.71824e+01   9.71097e+00   2.99750e+02
          2398   3.04340e+02   2.39800e+03  -2.78259e+01   9.69300e+00   2.99833e+02
          2399   3.04414e+02   2.39900e+03  -2.85460e+01   9.67512e+00   2.99917e+02
          2400   3.04481e+02   2.40000e+03  -2.92837e+01   9.65754e+00   3.00000e+02
          2401   3.04537e+02   2.40100e+03  -2.99872e+01   9.63992e+00   3.00083e+02
          2402   3.04614e+02   2.40200e+03  -3.05882e+01   9.62241e+00   3.00167e+02
          2403   3.04675e+02   2.40300e+03  -3.11087e+01   9.60501e+00   3.00250e+02
          2404   3.04736e+02   2.40400e+03  -3.14149e+01   9.58795e+00   3.00333e+02
          2405   3.04819e+02   2.40500e+03  -3.13174e+01   9.57080e+00   3.00417e+02
          2406   3.04935e+02   2.40600e+03  -3.07163e+01   9.55358e+00   3.00500e+02
          2407   3.05016e+02   2.40700e+03  -2.99912e+01   9.53633e+00   3.00583e+02
          2408   3.05105e+02   2.40800e+03  -2.95906e+01   9.51908e+00   3.00667e+02
          2409   3.05188e+02   2.40900e+03  -2.93895e+01   9.50153e+00   3.00750e+02
          2410   3.05293e+02   2.41000e+03  -2.92633e+01   9.48367e+00   3.00833e+02
          2411   3.05371e+02   2.41100e+03  -2.91649e+01   9.46559e+00   3.00917e+02
          2412   3.05470e+02   2.41200e+03  -2.91053e+01   9.44661e+00   3.01000e+02
          2413   3.05553e+02   2.41300e+03  -2.90533e+01   9.42773e+00   3.01083e+02
          2414   3.05639e+02   2.41400e+03  -2.90186e+01   9.40874e+00   3.01167e+02
          2415   3.05725e+02   2.41500e+03  -2.89998e+01   9.38962e+00   3.01250e+02
          2416   3.05817e+02   2.41600e+03  -2.90390e+01   9.36978e+00   3.01333e+02
          2417   3.05900e+02   2.41700e+03  -2.90406e+01   9.35027e+00   3.01417e+02
          2418   3.05984e+02   2.41800e+03  -2.90457e+01   9.33083e+00   3.01500e+02
          2419   3.06067e+02   2.41900e+03  -2.90582e+01   9.31140e+00   3.01583e+02
          2420   3.06160e+02   2.42000e+03  -2.90183e+01   9.29193e+00   3.01667e+02
          2421   3.06247e+02   2.42100e+03  -2.89008e+01   9.27249e+00   3.01750e+02
          2422   3.06347e+02   2.42200e+03  -2.86866e+01   9.25301e+00   3.01833e+02
          2423   3.06445e+02   2.42300e+03  -2.84334e+01   9.23349e+00   3.01917e+02
          2424   3.06536e+02   2.42400e+03  -2.82313e+01   9.21398e+00   3.02000e+02
          2425   3.06625e+02   2.42500e+03  -2.80313e+01   9.19442e+00   3.02083e+02
          2426   3.06727e+02   2.42600e+03  -2.78572e+01   9.17481e+00   3.02167e+02
          2427   3.06820e+02   2.42700e+03  -2.77119e+01   9.15516e+00   3.02250e+02
          2428   3.06908e+02   2.42800e+03  -2.75999e+01   9.13527e+00   3.02333e+02
          2429   3.07003e+02   2.42900e+03  -2.74874e+01   9.11537e+00   3.02417e+02
          2430   3.07101e+02   2.43000e+03  -2.73884e+01   9.09540e+00   3.02500e+02
          2431   3.07180e+02   2.43100e+03  -2.72909e+01   9.07535e+00   3.02583e+02
          2432   3.07270e+02   2.43200e+03  -2.72179e+01   9.05497e+00   3.02667e+02
          2433   3.07363e+02   2.43300e+03  -2.71225e+01   9.03469e+00   3.02750e+02
          2434   3.07449e+02   2.43400e+03  -2.70163e+01   9.01439e+00   3.02833e+02
          2435   3.07552e+02   2.43500e+03  -2.69083e+01   8.99404e+00   3.02917e+02
          2436   3.07636e+02   2.43600e+03  -2.68053e+01   8.97349e+00   3.03000e+02
          2437   3.07729e+02   2.43700e+03  -2.67043e+01   8.95300e+00   3.03083e+02
          2438   3.07825e+02   2.43800e+03  -2.66052e+01   8.93244e+00   3.03167e+02
          2439   3.07900e+02   2.43900e+03  -2.65055e+01   8.91178e+00   3.03250e+02
          2440   3.08004e+02   2.44000e+03  -2.64051e+01   8.89088e+00   3.03333e+02
          2441   3.08091e+02   2.44100e+03  -2.63011e+01   8.87002e+00   3.03417e+02
          2442   3.08189e+02   2.44200e+03  -2.61950e+01   8.84912e+00   3.03500e+02
          2443   3.08279e+02   2.44300e+03  -2.60869e+01   8.82820e+00   3.03583e+02
          2444   3.08377e+02   2.44400e+03  -2.59706e+01   8.80704e+00   3.03667e+02
          2445   3.08461e+02   2.44500e+03  -2.58599e+01   8.78593e+00   3.03750e+02
          2446   3.08551e+02   2.44600e+03  -2.57515e+01   8.76478e+00   3.03833e+02
          2447   3.08641e+02   2.44700e+03  -2.56425e+01   8.74358e+00   3.03917e+02
          2448   3.08740e+02   2.44800e+03  -2.55303e+01   8.72214e+00   3.04000e+02
          2449   3.08834e+02   2.44900e+03  -2.54191e+01   8.70067e+00   3.04083e+02
          2450   3.08924e+02   2.45000e+03  -2.53056e+01   8.67912e+00   3.04167e+02
          2451   3.09017e+02   2.45100e+03  -2.51900e+01   8.65751e+00   3.04250e+02
          2452   3.09108e+02   2.45200e+03  -2.50660e+01   8.63552e+00   3.04333e+02
          2453   3.09205e+02   2.45300e+03  -2.49478e+01   8.61358e+00   3.04417e+02
          2454   3.09296e+02   2.45400e+03  -2.48302e+01   8.59158e+00   3.04500e+02
          2455   3.09388e+02   2.45500e+03  -2.47122e+01   8.56950e+00   3.04583e+02
          2456   3.09489e+02   2.45600e+03  -2.45985e+01   8.54715e+00   3.04667e+02
          2457   3.09575e+02   2.45700e+03  -2.44859e+01   8.52483e+00   3.04750e+02
          2458   3.09664e+02   2.45800e+03  -2.43767e+01   8.50245e+00   3.04833e+02
          2459   3.09767e+02   2.45900e+03  -2.42701e+01   8.48006e+00   3.04917e+02
          2460   3.09865e+02   2.46000e+03  -2.41564e+01   8.45741e+00   3.05000e+02
          2461   3.09947e+02   2.46100e+03  -2.40347e+01   8.43483e+00   3.05083e+02
          2462   3.10032e+02   2.46200e+03  -2.39191e+01   8.41226e+00   3.05167e+02
          2463   3.10138e+02   2.46300e+03  -2.38049e+01   8.38967e+00   3.05250e+02
          2464   3.10221e+02   2.46400e+03  -2.37467e+01   8.36692e+00   3.05333e+02
          2465   3.10325e+02   2.46500e+03  -2.36703e+01   8.34416e+00   3.05417e+02
          2466   3.10407e+02   2.46600e+03  -2.35979e+01   8.32131e+00   3.05500e+02
          2467   3.10494e+02   2.46700e+03  -2.35221e+01   8.29841e+00   3.05583e+02
          2468   3.10586e+02   2.46800e+03  -2.34853e+01   8.27534e+00   3.05667e+02
          2469   3.10670e+02   2.46900e+03  -2.34247e+01   8.25229e+00   3.05750e+02
          2470   3.10769e+02   2.47000e+03  -2.33632e+01   8.22918e+00   3.05833e+02
          2471   3.10869e+02   2.47100e+03  -2.33041e+01   8.20605e+00   3.05917e+02
          2472   3.10958e+02   2.47200e+03  -2.32593e+01   8.18268e+00   3.06000e+02
          2473   3.11051e+02   2.47300e+03  -2.32097e+01   8.15940e+00   3.06083e+02
          2474   3.11130e+02   2.47400e+03  -2.31607e+01   8.13611e+00   3.06167e+02
          2475   3.11220e+02   2.47500e+03  -2.31144e+01   8.11278e+00   3.06250e+02
          2476   3.11309e+02   2.47600e+03  -2.30816e+01   8.08934e+00   3.06333e+02
          2477   3.11401e+02   2.47700e+03  -2.30448e+01   8.06593e+00   3.06417e+02
          2478   3.11494e+02   2.47800e+03  -2.30080e+01   8.04253e+00   3.06500e+02
          2479   3.11595e+02   2.47900e+03  -2.29723e+01   8.01909e+00   3.06583e+02
          2480   3.11687e+02   2.48000e+03  -2.29549e+01   7.99553e+00   3.06667e+02
          2481   3.11775e+02   2.48100e+03  -2.29272e+01   7.97193e+00   3.06750e+02
          2482   3.11871e+02   2.48200e+03  -2.28969e+01   7.94827e+00   3.06833e+02
          2483   3.11959e+02   2.48300e+03  -2.28655e+01   7.92457e+00   3.06917e+02
          2484   3.12047e+02   2.48400e+03  -2.28417e+01   7.90062e+00   3.07000e+02
          2485   3.12136e+02   2.48500e+03  -2.28112e+01   7.87675e+00   3.07083e+02
          2486   3.12218e+02   2.48600e+03  -2.27789e+01   7.85286e+00   3.07167e+02
          2487   3.12310e+02   2.48700e+03  -2.27459e+01   7.82895e+00   3.07250e+02
          2488   3.12409e+02   2.48800e+03  -2.27159e+01   7.80482e+00   3.07333e+02
          2489   3.12491e+02   2.48900e+03  -2.26859e+01   7.78073e+00   3.07417e+02
          2490   3.12578e+02   2.49000e+03  -2.26559e+01   7.75664e+00   3.07500e+02
          2491   3.12671e+02   2.49100e+03  -2.26248e+01   7.73255e+00   3.07583e+02
          2492   3.12766e+02   2.49200e+03  -2.25858e+01   7.70823e+00   3.07667e+02
          2493   3.12860e+02   2.49300e+03  -2.25540e+01   7.68398e+00   3.07750e+02
          2494   3.12946e+02   2.49400e+03  -2.25228e+01   7.65969e+00   3.07833e+02
          2495   3.13036e+02   2.49500e+03  -2.24917e+01   7.63539e+00   3.07917e+02
          2496   3.13130e+02   2.49600e+03  -2.24629e+01   7.61095e+00   3.08000e+02
          2497   3.13219e+02   2.49700e+03  -2.24331e+01   7.58655e+00   3.08083e+02
          2498   3.13300e+02   2.49800e+03  -2.24043e+01   7.56210e+00   3.08167e+02
          2499   3.13387e+02   2.49900e+03  -2.23768e+01   7.53760e+00   3.08250e+02
          2500   3.13486e+02   2.50000e+03  -2.23486e+01   7.51292e+00   3.08333e+02
          2501   3.13576e+02   2.50100e+03  -2.23198e+01   7.48823e+00   3.08417e+02
          2502   3.13670e+02   2.50200e+03  -2.22928e+01   7.46350e+00   3.08500e+02
          2503   3.13760e+02   2.50300e+03  -2.22668e+01   7.43873e+00   3.08583e+02
          2504   3.13847e+02   2.50400e+03  -2.22413e+01   7.41383e+00   3.08667e+02
          2505   3.13944e+02   2.50500e+03  -2.22150e+01   7.38893e+00   3.08750e+02
          2506   3.14030e+02   2.50600e+03  -2.21881e+01   7.36402e+00   3.08833e+02
          2507   3.14125e+02   2.50700e+03  -2.21596e+01   7.33908e+00   3.08917e+02
          2508   3.14214e+02   2.50800e+03  -2.21306e+01   7.31410e+00   3.09000e+02
          2509   3.14304e+02   2.50900e+03  -2.20990e+01   7.28908e+00   3.09083e+02
          2510   3.14392e+02   2.51000e+03  -2.20676e+01   7.26400e+00   3.09167e+02
          2511   3.14488e+02   2.51100e+03  -2.20373e+01   7.23890e+00   3.09250e+02
          2512   3.14582e+02   2.51200e+03  -2.20057e+01   7.21370e+00   3.09333e+02
          2513   3.14671e+02   2.51300e+03  -2.19748e+01   7.18853e+00   3.09417e+02
          2514   3.14766e+02   2.51400e+03  -2.19453e+01   7.16332e+00   3.09500e+02
          2515   3.14861e+02   2.51500e+03  -2.19161e+01   7.13810e+00   3.09583e+02
          2516   3.14951e+02   2.51600e+03  -2.18821e+01   7.11284e+00   3.09667e+02
          2517   3.15044e+02   2.51700e+03  -2.18552e+01   7.08752e+00   3.09750e+02
          2518   3.15132e+02   2.51800e+03  -2.18308e+01   7.06216e+00   3.09833e+02
          2519   3.15222e+02   2.51900e+03  -2.18059e+01   7.03679e+00   3.09917e+02
          2520   3.15312e+02   2.52000e+03  -2.17909e+01   7.01128e+00   3.10000e+02
          2521   3.15404e+02   2.52100e+03  -2.17712e+01   6.98582e+00   3.10083e+02
          2522   3.15492e+02   2.52200e+03  -2.17521e+01   6.96031e+00   3.10167e+02
          2523   3.15587e+02   2.52300e+03  -2.17328e+01   6.93475e+00   3.10250e+02
          2524   3.15677e+02   2.52400e+03  -2.17243e+01   6.90905e+00   3.10333e+02
          2525   3.15770e+02   2.52500e+03  -2.17127e+01   6.88342e+00   3.10417e+02
          2526   3.15854e+02   2.52600e+03  -2.17014e+01   6.85777e+00   3.10500e+02
          2527   3.15945e+02   2.52700e+03  -2.16919e+01   6.83208e+00   3.10583e+02
          2528   3.16038e+02   2.52800e+03  -2.16874e+01   6.80627e+00   3.10667e+02
          2529   3.16138e+02   2.52900e+03  -2.16816e+01   6.78047e+00   3.10750e+02
          2530   3.16226e+02   2.53000e+03  -2.16777e+01   6.75464e+00   3.10833e+02
          2531   3.16310e+02   2.53100e+03  -2.16754e+01   6.72879e+00   3.10917e+02
          2532   3.16405e+02   2.53200e+03  -2.16848e+01   6.70281e+00   3.11000e+02
          2533   3.16489e+02   2.53300e+03  -2.16888e+01   6.67688e+00   3.11083e+02
          2534   3.16585e+02   2.53400e+03  -2.16920e+01   6.65090e+00   3.11167e+02
          2535   3.16673e+02   2.53500e+03  -2.16958e+01   6.62487e+00   3.11250e+02
          2536   3.16753e+02   2.53600e+03  -2.17105e+01   6.59873e+00   3.11333e+02
          2537   3.16844e+02   2.53700e+03  -2.17186e+01   6.57263e+00   3.11417e+02
          2538   3.16934e+02   2.53800e+03  -2.17271e+01   6.54653e+00   3.11500e+02
          2539   3.17025e+02   2.53900e+03  -2.17375e+01   6.52043e+00   3.11583e+02
          2540   3.17115e+02   2.54000e+03  -2.17584e+01   6.49428e+00   3.11667e+02
          2541   3.17214e+02   2.54100e+03  -2.17732e+01   6.46816e+00   3.11750e+02
          2542   3.17299e+02   2.54200e+03  -2.17872e+01   6.44199e+00   3.11833e+02
          2543   3.17390e+02   2.54300e+03  -2.18017e+01   6.41583e+00   3.11917e+02
          2544   3.17472e+02   2.54400e+03  -2.18215e+01   6.38969e+00   3.12000e+02
          2545   3.17553e+02   2.54500e+03  -2.18414e+01   6.36356e+00   3.12083e+02
          2546   3.17650e+02   2.54600e+03  -2.18623e+01   6.33743e+00   3.12167e+02
          2547   3.17748e+02   2.54700e+03  -2.18843e+01   6.31131e+00   3.12250e+02
          2548   3.17828e+02   2.54800e+03  -2.19122e+01   6.28523e+00   3.12333e+02
          2549   3.17915e+02   2.54900e+03  -2.19356e+01   6.25915e+00   3.12417e+02
          2550   3.18012e+02   2.55000e+03  -2.19586e+01   6.23306e+00   3.12500e+02
          2551   3.18094e+02   2.55100e+03  -2.19832e+01   6.20692e+00   3.12583e+02
          2552   3.18188e+02   2.55200e+03  -2.20123e+01   6.18081e+00   3.12667e+02
          2553   3.18278e+02   2.55300e+03  -2.20434e+01   6.15468e+00   3.12750e+02
          2554   3.18365e+02   2.55400e+03  -2.20763e+01   6.12853e+00   3.12833e+02
          2555   3.18453e+02   2.55500e+03  -2.21050e+01   6.10233e+00   3.12917e+02
          2556   3.18545e+02   2.55600e+03  -2.21377e+01   6.07606e+00   3.13000e+02
          2557   3.18626e+02   2.55700e+03  -2.21683e+01   6.04985e+00   3.13083e+02
          2558   3.18722e+02   2.55800e+03  -2.21992e+01   6.02366e+00   3.13167e+02
          2559   3.18813e+02   2.55900e+03  -2.22302e+01   5.99748e+00   3.13250e+02
          2560   3.18899e+02   2.56000e+03  -2.22797e+01   5.97134e+00   3.13333e+02
          2561   3.18999e+02   2.56100e+03  -2.23254e+01   5.94523e+00   3.13417e+02
          2562   3.19073e+02   2.56200e+03  -2.24132e+01   5.91913e+00   3.13500e+02
          2563   3.19163e+02   2.56300e+03  -2.25743e+01   5.89305e+00   3.13583e+02
          2564   3.19239e+02   2.56400e+03  -2.29592e+01   5.86707e+00   3.13667e+02
          2565   3.19327e+02   2.56500e+03  -2.35989e+01   5.84105e+00   3.13750e+02
          2566   3.19432e+02   2.56600e+03  -2.41424e+01   5.81502e+00   3.13833e+02
          2567   3.19535e+02   2.56700e+03  -2.43890e+01   5.78901e+00   3.13917e+02
          2568   3.19622e+02   2.56800e+03  -2.43582e+01   5.76301e+00   3.14000e+02
          2569   3.19709e+02   2.56900e+03  -2.42912e+01   5.73701e+00   3.14083e+02
          2570   3.19800e+02   2.57000e+03  -2.42322e+01   5.71100e+00   3.14167e+02
          2571   3.19892e+02   2.57100e+03  -2.41956e+01   5.68500e+00   3.14250e+02
          2572   3.19980e+02   2.57200e+03  -2.41460e+01   5.65900e+00   3.14333e+02
          2573   3.20052e+02   2.57300e+03  -2.41143e+01   5.63303e+00   3.14417e+02
          2574   3.20147e+02   2.57400e+03  -2.41266e+01   5.60712e+00   3.14500e+02
          2575   3.20224e+02   2.57500e+03  -2.41630e+01   5.58122e+00   3.14583e+02
          2576   3.20321e+02   2.57600e+03  -2.42076e+01   5.55548e+00   3.14667e+02
          2577   3.20405e+02   2.57700e+03  -2.42210e+01   5.52970e+00   3.14750e+02
          2578   3.20484e+02   2.57800e+03  -2.43856e+01   5.50395e+00   3.14833e+02
          2579   3.20585e+02   2.57900e+03  -2.45656e+01   5.47825e+00   3.14917e+02
          2580   3.20671e+02   2.58000e+03  -2.44461e+01   5.45269e+00   3.15000e+02
          2581   3.20749e+02   2.58100e+03  -2.45830e+01   5.42709e+00   3.15083e+02
          2582   3.20847e+02   2.58200e+03  -2.47911e+01   5.40148e+00   3.15167e+02
          2583   3.20932e+02   2.58300e+03  -2.50190e+01   5.37592e+00   3.15250e+02
          2584   3.21038e+02   2.58400e+03  -2.47900e+01   5.35045e+00   3.15333e+02
          2585   3.21115e+02   2.58500e+03  -2.45931e+01   5.32496e+00   3.15417e+02
          2586   3.21186e+02   2.58600e+03  -2.48032e+01   5.29951e+00   3.15500e+02
          2587   3.21293e+02   2.58700e+03  -2.51037e+01   5.27410e+00   3.15583e+02
          2588   3.21383e+02   2.58800e+03  -2.49758e+01   5.24885e+00   3.15667e+02
          2589   3.21465e+02   2.58900e+03  -2.47133e+01   5.22351e+00   3.15750e+02
          2590   3.21544e+02   2.59000e+03  -2.46516e+01   5.19819e+00   3.15833e+02
          2591   3.21625e+02   2.59100e+03  -2.50023e+01   5.17290e+00   3.15917e+02
          2592   3.21729e+02   2.59200e+03  -2.53809e+01   5.14771e+00   3.16000e+02
          2593   3.21821e+02   2.59300e+03  -2.54698e+01   5.12255e+00   3.16083e+02
          2594   3.21906e+02   2.59400e+03  -2.54458e+01   5.09747e+00   3.16167e+02
          2595   3.21996e+02   2.59500e+03  -2.53952e+01   5.07243e+00   3.16250e+02
          2596   3.22089e+02   2.59600e+03  -2.52874e+01   5.04755e+00   3.16333e+02
          2597   3.22164e+02   2.59700e+03  -2.52506e+01   5.02260e+00   3.16417e+02
          2598   3.22247e+02   2.59800e+03  -2.53352e+01   4.99769e+00   3.16500e+02
          2599   3.22330e+02   2.59900e+03  -2.53862e+01   4.97283e+00   3.16583e+02
          2600   3.22442e+02   2.60000e+03  -2.54748e+01   4.94808e+00   3.16667e+02
          2601   3.22510e+02   2.60100e+03  -2.55415e+01   4.92335e+00   3.16750e+02
          2602   3.22607e+02   2.60200e+03  -2.56060e+01   4.89864e+00   3.16833e+02
          2603   3.22692e+02   2.60300e+03  -2.56826e+01   4.87398e+00   3.16917e+02
          2604   3.22781e+02   2.60400e+03  -2.57406e+01   4.84955e+00   3.17000e+02
          2605   3.22872e+02   2.60500e+03  -2.57765e+01   4.82510e+00   3.17083e+02
          2606   3.22947e+02   2.60600e+03  -2.58116e+01   4.80064e+00   3.17167e+02
          2607   3.23039e+02   2.60700e+03  -2.59083e+01   4.77622e+00   3.17250e+02
          2608   3.23139e+02   2.60800e+03  -2.60793e+01   4.75203e+00   3.17333e+02
          2609   3.23203e+02   2.60900e+03  -2.62257e+01   4.72781e+00   3.17417e+02
          2610   3.23309e+02   2.61000e+03  -2.63504e+01   4.70367e+00   3.17500e+02
          2611   3.23383e+02   2.61100e+03  -2.64845e+01   4.67958e+00   3.17583e+02
          2612   3.23458e+02   2.61200e+03  -2.66249e+01   4.65568e+00   3.17667e+02
          2613   3.23569e+02   2.61300e+03  -2.67342e+01   4.63179e+00   3.17750e+02
          2614   3.23655e+02   2.61400e+03  -2.67692e+01   4.60795e+00   3.17833e+02
          2615   3.23715e+02   2.61500e+03  -2.67755e+01   4.58418e+00   3.17917e+02
          2616   3.23816e+02   2.61600e+03  -2.67843e+01   4.56071e+00   3.18000e+02
          2617   3.23910e+02   2.61700e+03  -2.68174e+01   4.53723e+00   3.18083e+02
          2618   3.23966e+02   2.61800e+03  -2.68419e+01   4.51382e+00   3.18167e+02
          2619   3.24077e+02   2.61900e+03  -2.68827e+01   4.49046e+00   3.18250e+02
          2620   3.24139e+02   2.62000e+03  -2.69360e+01   4.46742e+00   3.18333e+02
          2621   3.24224e+02   2.62100e+03  -2.70095e+01   4.44428e+00   3.18417e+02
          2622   3.24339e+02   2.62200e+03  -2.70811e+01   4.42115e+00   3.18500e+02
          2623   3.24405e+02   2.62300e+03  -2.71616e+01   4.39805e+00   3.18583e+02
          2624   3.24497e+02   2.62400e+03  -2.69723e+01   4.37519e+00   3.18667e+02
          2625   3.24589e+02   2.62500e+03  -2.69409e+01   4.35230e+00   3.18750e+02
          2626   3.24650e+02   2.62600e+03  -2.68442e+01   4.32950e+00   3.18833e+02
          2627   3.24760e+02   2.62700e+03  -2.70314e+01   4.30678e+00   3.18917e+02
          2628   3.24836e+02   2.62800e+03  -2.71813e+01   4.28428e+00   3.19000e+02
          2629   3.24919e+02   2.62900e+03  -2.72395e+01   4.26175e+00   3.19083e+02
          2630   3.25031e+02   2.63000e+03  -2.72241e+01   4.23928e+00   3.19167e+02
          2631   3.25114e+02   2.63100e+03  -2.71977e+01   4.21687e+00   3.19250e+02
          2632   3.25175e+02   2.63200e+03  -2.71743e+01   4.19467e+00   3.19333e+02
          2633   3.25263e+02   2.63300e+03  -2.71653e+01   4.17244e+00   3.19417e+02
          2634   3.25369e+02   2.63400e+03  -2.71701e+01   4.15028e+00   3.19500e+02
          2635   3.25450e+02   2.63500e+03  -2.71807e+01   4.12821e+00   3.19583e+02
          2636   3.25519e+02   2.63600e+03  -2.71955e+01   4.10639e+00   3.19667e+02
          2637   3.25616e+02   2.63700e+03  -2.72115e+01   4.08455e+00   3.19750e+02
          2638   3.25718e+02   2.63800e+03  -2.72240e+01   4.06275e+00   3.19833e+02
          2639   3.25780e+02   2.63900e+03  -2.72352e+01   4.04102e+00   3.19917e+02
          2640   3.25866e+02   2.64000e+03  -2.72616e+01   4.01961e+00   3.20000e+02
          2641   3.25949e+02   2.64100e+03  -2.72767e+01   3.99816e+00   3.20083e+02
          2642   3.26035e+02   2.64200e+03  -2.72902e+01   3.97681e+00   3.20167e+02
          2643   3.26127e+02   2.64300e+03  -2.73026e+01   3.95556e+00   3.20250e+02
          2644   3.26205e+02   2.64400e+03  -2.73181e+01   3.93466e+00   3.20333e+02
          2645   3.26298e+02   2.64500e+03  -2.73305e+01   3.91376e+00   3.20417e+02
          2646   3.26364e+02   2.64600e+03  -2.73399e+01   3.89298e+00   3.20500e+02
          2647   3.26441e+02   2.64700e+03  -2.73460e+01   3.87228e+00   3.20583e+02
          2648   3.26519e+02   2.64800e+03  -2.73441e+01   3.85203e+00   3.20667e+02
          2649   3.26616e+02   2.64900e+03  -2.73457e+01   3.83171e+00   3.20750e+02
          2650   3.26696e+02   2.65000e+03  -2.73464e+01   3.81151e+00   3.20833e+02
          2651   3.26785e+02   2.65100e+03  -2.73457e+01   3.79136e+00   3.20917e+02
          2652   3.26868e+02   2.65200e+03  -2.73276e+01   3.77170e+00   3.21000e+02
          2653   3.26946e+02   2.65300e+03  -2.73144e+01   3.75198e+00   3.21083e+02
          2654   3.27022e+02   2.65400e+03  -2.72996e+01   3.73236e+00   3.21167e+02
          2655   3.27103e+02   2.65500e+03  -2.72833e+01   3.71282e+00   3.21250e+02
          2656   3.27198e+02   2.65600e+03  -2.72478e+01   3.69381e+00   3.21333e+02
          2657   3.27278e+02   2.65700e+03  -2.72221e+01   3.67472e+00   3.21417e+02
          2658   3.27354e+02   2.65800e+03  -2.72034e+01   3.65574e+00   3.21500e+02
          2659   3.27433e+02   2.65900e+03  -2.71846e+01   3.63687e+00   3.21583e+02
          2660   3.27515e+02   2.66000e+03  -2.71176e+01   3.61851e+00   3.21667e+02
          2661   3.27595e+02   2.66100e+03  -2.70781e+01   3.60005e+00   3.21750e+02
          2662   3.27684e+02   2.66200e+03  -2.70430e+01   3.58168e+00   3.21833e+02
          2663   3.27762e+02   2.66300e+03  -2.70080e+01   3.56343e+00   3.21917e+02
          2664   3.27840e+02   2.66400e+03  -2.68995e+01   3.54559e+00   3.22000e+02
          2665   3.27928e+02   2.66500e+03  -2.68239e+01   3.52772e+00   3.22083e+02
          2666   3.28005e+02   2.66600e+03  -2.67558e+01   3.50995e+00   3.22167e+02
          2667   3.28095e+02   2.66700e+03  -2.66789e+01   3.49227e+00   3.22250e+02
          2668   3.28169e+02   2.66800e+03  -2.65593e+01   3.47512e+00   3.22333e+02
          2669   3.28256e+02   2.66900e+03  -2.64622e+01   3.45792e+00   3.22417e+02
          2670   3.28346e+02   2.67000e+03  -2.63598e+01   3.44086e+00   3.22500e+02
          2671   3.28432e+02   2.67100e+03  -2.62644e+01   3.42392e+00   3.22583e+02
          2672   3.28511e+02   2.67200e+03  -2.61076e+01   3.40757e+00   3.22667e+02
          2673   3.28587e+02   2.67300e+03  -2.59728e+01   3.39109e+00   3.22750e+02
          2674   3.28667e+02   2.67400e+03  -2.58423e+01   3.37470e+00   3.22833e+02
          2675   3.28754e+02   2.67500e+03  -2.56988e+01   3.35844e+00   3.22917e+02
          2676   3.28842e+02   2.67600e+03  -2.54946e+01   3.34260e+00   3.23000e+02
          2677   3.28929e+02   2.67700e+03  -2.53189e+01   3.32672e+00   3.23083e+02
          2678   3.29007e+02   2.67800e+03  -2.51405e+01   3.31098e+00   3.23167e+02
          2679   3.29099e+02   2.67900e+03  -2.49647e+01   3.29538e+00   3.23250e+02
          2680   3.29185e+02   2.68000e+03  -2.47652e+01   3.28025e+00   3.23333e+02
          2681   3.29273e+02   2.68100e+03  -2.45742e+01   3.26505e+00   3.23417e+02
          2682   3.29360e+02   2.68200e+03  -2.43840e+01   3.24999e+00   3.23500e+02
          2683   3.29442e+02   2.68300e+03  -2.41972e+01   3.23504e+00   3.23583e+02
          2684   3.29525e+02   2.68400e+03  -2.39711e+01   3.22064e+00   3.23667e+02
          2685   3.29609e+02   2.68500e+03  -2.37687e+01   3.20614e+00   3.23750e+02
          2686   3.29693e+02   2.68600e+03  -2.35649e+01   3.19173e+00   3.23833e+02
          2687   3.29777e+02   2.68700e+03  -2.33522e+01   3.17745e+00   3.23917e+02
          2688   3.29868e+02   2.68800e+03  -2.30902e+01   3.16362e+00   3.24000e+02
          2689   3.29952e+02   2.68900e+03  -2.28488e+01   3.14973e+00   3.24083e+02
          2690   3.30039e+02   2.69000e+03  -2.26152e+01   3.13596e+00   3.24167e+02
          2691   3.30139e+02   2.69100e+03  -2.23813e+01   3.12227e+00   3.24250e+02
          2692   3.30213e+02   2.69200e+03  -2.21292e+01   3.10913e+00   3.24333e+02
          2693   3.30297e+02   2.69300e+03  -2.18825e+01   3.09592e+00   3.24417e+02
          2694   3.30394e+02   2.69400e+03  -2.16348e+01   3.08283e+00   3.24500e+02
          2695   3.30483e+02   2.69500e+03  -2.13857e+01   3.06981e+00   3.24583e+02
          2696   3.30566e+02   2.69600e+03  -2.11190e+01   3.05745e+00   3.24667e+02
          2697   3.30651e+02   2.69700e+03  -2.08585e+01   3.04497e+00   3.24750e+02
          2698   3.30732e+02   2.69800e+03  -2.05995e+01   3.03255e+00   3.24833e+02
          2699   3.30822e+02   2.69900e+03  -2.03391e+01   3.02020e+00   3.24917e+02
          2700   3.30905e+02   2.70000e+03  -2.00590e+01   3.00841e+00   3.25000e+02
          2701   3.30995e+02   2.70100e+03  -1.97892e+01   2.99655e+00   3.25083e+02
          2702   3.31075e+02   2.70200e+03  -1.95204e+01   2.98482e+00   3.25167e+02
          2703   3.31168e+02   2.70300e+03  -1.92514e+01   2.97324e+00   3.25250e+02
          2704   3.31256e+02   2.70400e+03  -1.89708e+01   2.96216e+00   3.25333e+02
          2705   3.31345e+02   2.70500e+03  -1.86946e+01   2.95099e+00   3.25417e+02
          2706   3.31442e+02   2.70600e+03  -1.84209e+01   2.93993e+00   3.25500e+02
          2707   3.31519e+02   2.70700e+03  -1.81480e+01   2.92892e+00   3.25583e+02
          2708   3.31611e+02   2.70800e+03  -1.78678e+01   2.91839e+00   3.25667e+02
          2709   3.31688e+02   2.70900e+03  -1.75930e+01   2.90778e+00   3.25750e+02
          2710   3.31772e+02   2.71000e+03  -1.73193e+01   2.89727e+00   3.25833e+02
          2711   3.31862e+02   2.71100e+03  -1.70443e+01   2.88688e+00   3.25917e+02
          2712   3.31948e+02   2.71200e+03  -1.67737e+01   2.87690e+00   3.26000e+02
          2713   3.32033e+02   2.71300e+03  -1.65048e+01   2.86692e+00   3.26083e+02
          2714   3.32123e+02   2.71400e+03  -1.62384e+01   2.85707e+00   3.26167e+02
          2715   3.32214e+02   2.71500e+03  -1.59731e+01   2.84732e+00   3.26250e+02
          2716   3.32294e+02   2.71600e+03  -1.57169e+01   2.83807e+00   3.26333e+02
          2717   3.32380e+02   2.71700e+03  -1.54598e+01   2.82871e+00   3.26417e+02
          2718   3.32469e+02   2.71800e+03  -1.52064e+01   2.81943e+00   3.26500e+02
          2719   3.32560e+02   2.71900e+03  -1.49546e+01   2.81026e+00   3.26583e+02
          2720   3.32652e+02   2.72000e+03  -1.47143e+01   2.80149e+00   3.26667e+02
          2721   3.32727e+02   2.72100e+03  -1.44618e+01   2.79272e+00   3.26750e+02
          2722   3.32822e+02   2.72200e+03  -1.42085e+01   2.78400e+00   3.26833e+02
          2723   3.32903e+02   2.72300e+03  -1.39561e+01   2.77536e+00   3.26917e+02
          2724   3.32990e+02   2.72400e+03  -1.37591e+01   2.76724e+00   3.27000e+02
          2725   3.33078e+02   2.72500e+03  -1.35307e+01   2.75902e+00   3.27083e+02
          2726   3.33162e+02   2.72600e+03  -1.33025e+01   2.75084e+00   3.27167e+02
          2727   3.33250e+02   2.72700e+03  -1.30856e+01   2.74271e+00   3.27250e+02
          2728   3.33337e+02   2.72800e+03  -1.29291e+01   2.73504e+00   3.27333e+02
          2729   3.33420e+02   2.72900e+03  -1.27370e+01   2.72728e+00   3.27417e+02
          2730   3.33512e+02   2.73000e+03  -1.25516e+01   2.71956e+00   3.27500e+02
          2731   3.33591e+02   2.73100e+03  -1.23698e+01   2.71197e+00   3.27583e+02
          2732   3.33672e+02   2.73200e+03  -1.22333e+01   2.70473e+00   3.27667e+02
          2733   3.33749e+02   2.73300e+03  -1.20755e+01   2.69744e+00   3.27750e+02
          2734   3.33836e+02   2.73400e+03  -1.19124e+01   2.69019e+00   3.27833e+02
          2735   3.33918e+02   2.73500e+03  -1.17569e+01   2.68300e+00   3.27917e+02
          2736   3.33998e+02   2.73600e+03  -1.16446e+01   2.67620e+00   3.28000e+02
          2737   3.34088e+02   2.73700e+03  -1.15045e+01   2.66931e+00   3.28083e+02
          2738   3.34174e+02   2.73800e+03  -1.13671e+01   2.66248e+00   3.28167e+02
          2739   3.34250e+02   2.73900e+03  -1.12412e+01   2.65567e+00   3.28250e+02
          2740   3.34337e+02   2.74000e+03  -1.11653e+01   2.64916e+00   3.28333e+02
          2741   3.34424e+02   2.74100e+03  -1.10691e+01   2.64262e+00   3.28417e+02
          2742   3.34519e+02   2.74200e+03  -1.09721e+01   2.63615e+00   3.28500e+02
          2743   3.34589e+02   2.74300e+03  -1.08788e+01   2.62974e+00   3.28583e+02
          2744   3.34670e+02   2.74400e+03  -1.08319e+01   2.62360e+00   3.28667e+02
          2745   3.34757e+02   2.74500e+03  -1.07618e+01   2.61743e+00   3.28750e+02
          2746   3.34837e+02   2.74600e+03  -1.06880e+01   2.61134e+00   3.28833e+02
          2747   3.34919e+02   2.74700e+03  -1.06238e+01   2.60530e+00   3.28917e+02
          2748   3.35004e+02   2.74800e+03  -1.05987e+01   2.59950e+00   3.29000e+02
          2749   3.35087e+02   2.74900e+03  -1.05470e+01   2.59368e+00   3.29083e+02
          2750   3.35156e+02   2.75000e+03  -1.04978e+01   2.58788e+00   3.29167e+02
          2751   3.35251e+02   2.75100e+03  -1.04591e+01   2.58214e+00   3.29250e+02
          2752   3.35330e+02   2.75200e+03  -1.04792e+01   2.57665e+00   3.29333e+02
          2753   3.35409e+02   2.75300e+03  -1.04721e+01   2.57109e+00   3.29417e+02
          2754   3.35496e+02   2.75400e+03  -1.04617e+01   2.56558e+00   3.29500e+02
          2755   3.35572e+02   2.75500e+03  -1.04527e+01   2.56013e+00   3.29583e+02
          2756   3.35643e+02   2.75600e+03  -1.04901e+01   2.55491e+00   3.29667e+02
          2757   3.35724e+02   2.75700e+03  -1.05005e+01   2.54965e+00   3.29750e+02
          2758   3.35803e+02   2.75800e+03  -1.05069e+01   2.54443e+00   3.29833e+02
          2759   3.35878e+02   2.75900e+03  -1.05151e+01   2.53924e+00   3.29917e+02
          2760   3.35967e+02   2.76000e+03  -1.05455e+01   2.53425e+00   3.30000e+02
          2761   3.36046e+02   2.76100e+03  -1.05668e+01   2.52926e+00   3.30083e+02
          2762   3.36123e+02   2.76200e+03  -1.05877e+01   2.52430e+00   3.30167e+02
          2763   3.36195e+02   2.76300e+03  -1.06097e+01   2.51936e+00   3.30250e+02
          2764   3.36275e+02   2.76400e+03  -1.06432e+01   2.51465e+00   3.30333e+02
          2765   3.36359e+02   2.76500e+03  -1.06719e+01   2.50990e+00   3.30417e+02
          2766   3.36443e+02   2.76600e+03  -1.07006e+01   2.50519e+00   3.30500e+02
          2767   3.36520e+02   2.76700e+03  -1.07303e+01   2.50048e+00   3.30583e+02
          2768   3.36600e+02   2.76800e+03  -1.07752e+01   2.49601e+00   3.30667e+02
          2769   3.36669e+02   2.76900e+03  -1.08153e+01   2.49153e+00   3.30750e+02
          2770   3.36750e+02   2.77000e+03  -1.08557e+01   2.48707e+00   3.30833e+02
          2771   3.36828e+02   2.77100e+03  -1.08979e+01   2.48261e+00   3.30917e+02
          2772   3.36903e+02   2.77200e+03  -1.09501e+01   2.47834e+00   3.31000e+02
          2773   3.36986e+02   2.77300e+03  -1.09987e+01   2.47403e+00   3.31083e+02
          2774   3.37068e+02   2.77400e+03  -1.10468e+01   2.46976e+00   3.31167e+02
          2775   3.37149e+02   2.77500e+03  -1.10953e+01   2.46551e+00   3.31250e+02
          2776   3.37228e+02   2.77600e+03  -1.11596e+01   2.46139e+00   3.31333e+02
          2777   3.37303e+02   2.77700e+03  -1.12178e+01   2.45726e+00   3.31417e+02
          2778   3.37375e+02   2.77800e+03  -1.12756e+01   2.45315e+00   3.31500e+02
          2779   3.37459e+02   2.77900e+03  -1.13333e+01   2.44906e+00   3.31583e+02
          2780   3.37537e+02   2.78000e+03  -1.14022e+01   2.44508e+00   3.31667e+02
          2781   3.37608e+02   2.78100e+03  -1.14671e+01   2.44105e+00   3.31750e+02
          2782   3.37691e+02   2.78200e+03  -1.15334e+01   2.43705e+00   3.31833e+02
          2783   3.37766e+02   2.78300e+03  -1.16010e+01   2.43312e+00   3.31917e+02
          2784   3.37847e+02   2.78400e+03  -1.16747e+01   2.42927e+00   3.32000e+02
          2785   3.37924e+02   2.78500e+03  -1.17465e+01   2.42547e+00   3.32083e+02
          2786   3.38001e+02   2.78600e+03  -1.18206e+01   2.42169e+00   3.32167e+02
          2787   3.38079e+02   2.78700e+03  -1.18956e+01   2.41790e+00   3.32250e+02
          2788   3.38151e+02   2.78800e+03  -1.19826e+01   2.41425e+00   3.32333e+02
          2789   3.38237e+02   2.78900e+03  -1.20643e+01   2.41055e+00   3.32417e+02
          2790   3.38314e+02   2.79000e+03  -1.21449e+01   2.40684e+00   3.32500e+02
          2791   3.38391e+02   2.79100e+03  -1.22258e+01   2.40310e+00   3.32583e+02
          2792   3.38478e+02   2.79200e+03  -1.23164e+01   2.39944e+00   3.32667e+02
          2793   3.38552e+02   2.79300e+03  -1.24018e+01   2.39583e+00   3.32750e+02
          2794   3.38632e+02   2.79400e+03  -1.24865e+01   2.39223e+00   3.32833e+02
          2795   3.38703e+02   2.79500e+03  -1.25722e+01   2.38868e+00   3.32917e+02
          2796   3.38786e+02   2.79600e+03  -1.26654e+01   2.38534e+00   3.33000e+02
          2797   3.38867e+02   2.79700e+03  -1.27553e+01   2.38196e+00   3.33083e+02
          2798   3.38944e+02   2.79800e+03  -1.28444e+01   2.37856e+00   3.33167e+02
          2799   3.39013e+02   2.79900e+03  -1.29349e+01   2.37519e+00   3.33250e+02
          2800   3.39095e+02   2.80000e+03  -1.30248e+01   2.37198e+00   3.33333e+02
          2801   3.39176e+02   2.80100e+03  -1.31170e+01   2.36875e+00   3.33417e+02
          2802   3.39244e+02   2.80200e+03  -1.32100e+01   2.36551e+00   3.33500e+02
          2803   3.39321e+02   2.80300e+03  -1.33049e+01   2.36224e+00   3.33583e+02
          2804   3.39401e+02   2.80400e+03  -1.34044e+01   2.35905e+00   3.33667e+02
          2805   3.39481e+02   2.80500e+03  -1.35004e+01   2.35584e+00   3.33750e+02
          2806   3.39560e+02   2.80600e+03  -1.35947e+01   2.35265e+00   3.33833e+02
          2807   3.39641e+02   2.80700e+03  -1.36882e+01   2.34947e+00   3.33917e+02
          2808   3.39714e+02   2.80800e+03  -1.37874e+01   2.34634e+00   3.34000e+02
          2809   3.39788e+02   2.80900e+03  -1.38828e+01   2.34322e+00   3.34083e+02
          2810   3.39859e+02   2.81000e+03  -1.39768e+01   2.34013e+00   3.34167e+02
          2811   3.39934e+02   2.81100e+03  -1.40710e+01   2.33705e+00   3.34250e+02
          2812   3.40010e+02   2.81200e+03  -1.41672e+01   2.33407e+00   3.34333e+02
          2813   3.40100e+02   2.81300e+03  -1.42629e+01   2.33104e+00   3.34417e+02
          2814   3.40168e+02   2.81400e+03  -1.43574e+01   2.32802e+00   3.34500e+02
          2815   3.40247e+02   2.81500e+03  -1.44515e+01   2.32501e+00   3.34583e+02
          2816   3.40319e+02   2.81600e+03  -1.45393e+01   2.32212e+00   3.34667e+02
          2817   3.40404e+02   2.81700e+03  -1.46305e+01   2.31923e+00   3.34750e+02
          2818   3.40488e+02   2.81800e+03  -1.47222e+01   2.31634e+00   3.34833e+02
          2819   3.40575e+02   2.81900e+03  -1.48125e+01   2.31345e+00   3.34917e+02
          2820   3.40641e+02   2.82000e+03  -1.49029e+01   2.31067e+00   3.35000e+02
          2821   3.40719e+02   2.82100e+03  -1.49946e+01   2.30789e+00   3.35083e+02
          2822   3.40798e+02   2.82200e+03  -1.50863e+01   2.30508e+00   3.35167e+02
          2823   3.40875e+02   2.82300e+03  -1.51764e+01   2.30227e+00   3.35250e+02
          2824   3.40951e+02   2.82400e+03  -1.52632e+01   2.29954e+00   3.35333e+02
          2825   3.41041e+02   2.82500e+03  -1.53527e+01   2.29680e+00   3.35417e+02
          2826   3.41116e+02   2.82600e+03  -1.54426e+01   2.29406e+00   3.35500e+02
          2827   3.41192e+02   2.82700e+03  -1.55316e+01   2.29136e+00   3.35583e+02
          2828   3.41278e+02   2.82800e+03  -1.56167e+01   2.28875e+00   3.35667e+02
          2829   3.41347e+02   2.82900e+03  -1.57028e+01   2.28613e+00   3.35750e+02
          2830   3.41428e+02   2.83000e+03  -1.57905e+01   2.28348e+00   3.35833e+02
          2831   3.41507e+02   2.83100e+03  -1.58793e+01   2.28082e+00   3.35917e+02
          2832   3.41575e+02   2.83200e+03  -1.59646e+01   2.27823e+00   3.36000e+02
          2833   3.41654e+02   2.83300e+03  -1.60511e+01   2.27559e+00   3.36083e+02
          2834   3.41732e+02   2.83400e+03  -1.61379e+01   2.27294e+00   3.36167e+02
          2835   3.41811e+02   2.83500e+03  -1.62250e+01   2.27031e+00   3.36250e+02
          2836   3.41893e+02   2.83600e+03  -1.63087e+01   2.26769e+00   3.36333e+02
          2837   3.41975e+02   2.83700e+03  -1.63938e+01   2.26509e+00   3.36417e+02
          2838   3.42050e+02   2.83800e+03  -1.64785e+01   2.26249e+00   3.36500e+02
          2839   3.42128e+02   2.83900e+03  -1.65620e+01   2.25992e+00   3.36583e+02
          2840   3.42209e+02   2.84000e+03  -1.66431e+01   2.25737e+00   3.36667e+02
          2841   3.42283e+02   2.84100e+03  -1.67240e+01   2.25483e+00   3.36750e+02
          2842   3.42367e+02   2.84200e+03  -1.68050e+01   2.25228e+00   3.36833e+02
          2843   3.42445e+02   2.84300e+03  -1.68860e+01   2.24977e+00   3.36917e+02
          2844   3.42520e+02   2.84400e+03  -1.69607e+01   2.24734e+00   3.37000e+02
          2845   3.42607e+02   2.84500e+03  -1.70365e+01   2.24489e+00   3.37083e+02
          2846   3.42674e+02   2.84600e+03  -1.71115e+01   2.24247e+00   3.37167e+02
          2847   3.42761e+02   2.84700e+03  -1.71871e+01   2.24009e+00   3.37250e+02
          2848   3.42841e+02   2.84800e+03  -1.72525e+01   2.23774e+00   3.37333e+02
          2849   3.42919e+02   2.84900e+03  -1.73242e+01   2.23536e+00   3.37417e+02
          2850   3.42987e+02   2.85000e+03  -1.73968e+01   2.23296e+00   3.37500e+02
          2851   3.43074e+02   2.85100e+03  -1.74691e+01   2.23057e+00   3.37583e+02
          2852   3.43151e+02   2.85200e+03  -1.75374e+01   2.22817e+00   3.37667e+02
          2853   3.43233e+02   2.85300e+03  -1.76061e+01   2.22577e+00   3.37750e+02
          2854   3.43314e+02   2.85400e+03  -1.76742e+01   2.22340e+00   3.37833e+02
          2855   3.43393e+02   2.85500e+03  -1.77411e+01   2.22106e+00   3.37917e+02
          2856   3.43463e+02   2.85600e+03  -1.78061e+01   2.21871e+00   3.38000e+02
          2857   3.43553e+02   2.85700e+03  -1.78736e+01   2.21637e+00   3.38083e+02
          2858   3.43633e+02   2.85800e+03  -1.79420e+01   2.21407e+00   3.38167e+02
          2859   3.43709e+02   2.85900e+03  -1.80101e+01   2.21178e+00   3.38250e+02
          2860   3.43783e+02   2.86000e+03  -1.80759e+01   2.20945e+00   3.38333e+02
          2861   3.43869e+02   2.86100e+03  -1.81438e+01   2.20715e+00   3.38417e+02
          2862   3.43942e+02   2.86200e+03  -1.82118e+01   2.20488e+00   3.38500e+02
          2863   3.44028e+02   2.86300e+03  -1.82795e+01   2.20264e+00   3.38583e+02
          2864   3.44112e+02   2.86400e+03  -1.83499e+01   2.20044e+00   3.38667e+02
          2865   3.44181e+02   2.86500e+03  -1.84202e+01   2.19819e+00   3.38750e+02
          2866   3.44262e+02   2.86600e+03  -1.84891e+01   2.19596e+00   3.38833e+02
          2867   3.44349e+02   2.86700e+03  -1.85576e+01   2.19374e+00   3.38917e+02
          2868   3.44428e+02   2.86800e+03  -1.86306e+01   2.19148e+00   3.39000e+02
          2869   3.44499e+02   2.86900e+03  -1.87015e+01   2.18922e+00   3.39083e+02
          2870   3.44576e+02   2.87000e+03  -1.87712e+01   2.18697e+00   3.39167e+02
          2871   3.44667e+02   2.87100e+03  -1.88413e+01   2.18475e+00   3.39250e+02
          2872   3.44740e+02   2.87200e+03  -1.89111e+01   2.18251e+00   3.39333e+02
          2873   3.44819e+02   2.87300e+03  -1.89809e+01   2.18034e+00   3.39417e+02
          2874   3.44897e+02   2.87400e+03  -1.90504e+01   2.17817e+00   3.39500e+02
          2875   3.44972e+02   2.87500e+03  -1.91194e+01   2.17597e+00   3.39583e+02
          2876   3.45054e+02   2.87600e+03  -1.91867e+01   2.17387e+00   3.39667e+02
          2877   3.45127e+02   2.87700e+03  -1.92550e+01   2.17172e+00   3.39750e+02
          2878   3.45215e+02   2.87800e+03  -1.93233e+01   2.16958e+00   3.39833e+02
          2879   3.45297e+02   2.87900e+03  -1.93907e+01   2.16744e+00   3.39917e+02
          2880   3.45385e+02   2.88000e+03  -1.94612e+01   2.16530e+00   3.40000e+02
          2881   3.45465e+02   2.88100e+03  -1.95317e+01   2.16320e+00   3.40083e+02
          2882   3.45533e+02   2.88200e+03  -1.96024e+01   2.16112e+00   3.40167e+02
          2883   3.45610e+02   2.88300e+03  -1.96735e+01   2.15905e+00   3.40250e+02
          2884   3.45696e+02   2.88400e+03  -1.97433e+01   2.15703e+00   3.40333e+02
          2885   3.45784e+02   2.88500e+03  -1.98149e+01   2.15492e+00   3.40417e+02
          2886   3.45848e+02   2.88600e+03  -1.98876e+01   2.15280e+00   3.40500e+02
          2887   3.45926e+02   2.88700e+03  -1.99604e+01   2.15067e+00   3.40583e+02
          2888   3.46013e+02   2.88800e+03  -2.00398e+01   2.14851e+00   3.40667e+02
          2889   3.46088e+02   2.88900e+03  -2.01157e+01   2.14638e+00   3.40750e+02
          2890   3.46171e+02   2.89000e+03  -2.01905e+01   2.14428e+00   3.40833e+02
          2891   3.46251e+02   2.89100e+03  -2.02645e+01   2.14219e+00   3.40917e+02
          2892   3.46334e+02   2.89200e+03  -2.03414e+01   2.14015e+00   3.41000e+02
          2893   3.46415e+02   2.89300e+03  -2.04156e+01   2.13810e+00   3.41083e+02
          2894   3.46493e+02   2.89400e+03  -2.04902e+01   2.13606e+00   3.41167e+02
          2895   3.46573e+02   2.89500e+03  -2.05650e+01   2.13402e+00   3.41250e+02
          2896   3.46650e+02   2.89600e+03  -2.06429e+01   2.13203e+00   3.41333e+02
          2897   3.46733e+02   2.89700e+03  -2.07204e+01   2.13002e+00   3.41417e+02
          2898   3.46814e+02   2.89800e+03  -2.07971e+01   2.12801e+00   3.41500e+02
          2899   3.46887e+02   2.89900e+03  -2.08736e+01   2.12600e+00   3.41583e+02
          2900   3.46968e+02   2.90000e+03  -2.09477e+01   2.12400e+00   3.41667e+02
          2901   3.47051e+02   2.90100e+03  -2.10239e+01   2.12200e+00   3.41750e+02
          2902   3.47133e+02   2.90200e+03  -2.10990e+01   2.12000e+00   3.41833e+02
          2903   3.47199e+02   2.90300e+03  -2.11739e+01   2.11800e+00   3.41917e+02
          2904   3.47284e+02   2.90400e+03  -2.12523e+01   2.11600e+00   3.42000e+02
          2905   3.47364e+02   2.90500e+03  -2.13299e+01   2.11400e+00   3.42083e+02
          2906   3.47447e+02   2.90600e+03  -2.14064e+01   2.11203e+00   3.42167e+02
          2907   3.47524e+02   2.90700e+03  -2.14828e+01   2.11011e+00   3.42250e+02
          2908   3.47604e+02   2.90800e+03  -2.15576e+01   2.10823e+00   3.42333e+02
          2909   3.47684e+02   2.90900e+03  -2.16339e+01   2.10635e+00   3.42417e+02
          2910   3.47762e+02   2.91000e+03  -2.17107e+01   2.10446e+00   3.42500e+02
          2911   3.47841e+02   2.91100e+03  -2.17876e+01   2.10257e+00   3.42583e+02
          2912   3.47915e+02   2.91200e+03  -2.18649e+01   2.10071e+00   3.42667e+02
          2913   3.48004e+02   2.91300e+03  -2.19434e+01   2.09881e+00   3.42750e+02
          2914   3.48083e+02   2.91400e+03  -2.20233e+01   2.09689e+00   3.42833e+02
          2915   3.48166e+02   2.91500e+03  -2.21037e+01   2.09495e+00   3.42917e+02
          2916   3.48250e+02   2.91600e+03  -2.21877e+01   2.09294e+00   3.43000e+02
          2917   3.48327e+02   2.91700e+03  -2.22705e+01   2.09099e+00   3.43083e+02
          2918   3.48404e+02   2.91800e+03  -2.23526e+01   2.08910e+00   3.43167e+02
          2919   3.48488e+02   2.91900e+03  -2.24350e+01   2.08722e+00   3.43250e+02
          2920   3.48569e+02   2.92000e+03  -2.25212e+01   2.08535e+00   3.43333e+02
          2921   3.48638e+02   2.92100e+03  -2.26057e+01   2.08348e+00   3.43417e+02
          2922   3.48719e+02   2.92200e+03  -2.26911e+01   2.08159e+00   3.43500e+02
          2923   3.48805e+02   2.92300e+03  -2.27772e+01   2.07969e+00   3.43583e+02
          2924   3.48882e+02   2.92400e+03  -2.28651e+01   2.07778e+00   3.43667e+02
          2925   3.48950e+02   2.92500e+03  -2.29503e+01   2.07588e+00   3.43750e+02
          2926   3.49038e+02   2.92600e+03  -2.30346e+01   2.07403e+00   3.43833e+02
          2927   3.49121e+02   2.92700e+03  -2.31180e+01   2.07219e+00   3.43917e+02
          2928   3.49199e+02   2.92800e+03  -2.32007e+01   2.07032e+00   3.44000e+02
          2929   3.49269e+02   2.92900e+03  -2.32847e+01   2.06845e+00   3.44083e+02
          2930   3.49344e+02   2.93000e+03  -2.33687e+01   2.06660e+00   3.44167e+02
          2931   3.49420e+02   2.93100e+03  -2.34520e+01   2.06480e+00   3.44250e+02
          2932   3.49510e+02   2.93200e+03  -2.35343e+01   2.06301e+00   3.44333e+02
          2933   3.49588e+02   2.93300e+03  -2.36163e+01   2.06120e+00   3.44417e+02
          2934   3.49684e+02   2.93400e+03  -2.36973e+01   2.05940e+00   3.44500e+02
          2935   3.49743e+02   2.93500e+03  -2.37773e+01   2.05764e+00   3.44583e+02
          2936   3.49832e+02   2.93600e+03  -2.38566e+01   2.05590e+00   3.44667e+02
          2937   3.49913e+02   2.93700e+03  -2.39373e+01   2.05413e+00   3.44750e+02
          2938   3.49985e+02   2.93800e+03  -2.40172e+01   2.05233e+00   3.44833e+02
          2939   3.50065e+02   2.93900e+03  -2.40968e+01   2.05052e+00   3.44917e+02
          2940   3.50154e+02   2.94000e+03  -2.41730e+01   2.04876e+00   3.45000e+02
          2941   3.50224e+02   2.94100e+03  -2.42500e+01   2.04699e+00   3.45083e+02
          2942   3.50305e+02   2.94200e+03  -2.43284e+01   2.04520e+00   3.45167e+02
          2943   3.50384e+02   2.94300e+03  -2.44067e+01   2.04339e+00   3.45250e+02
          2944   3.50470e+02   2.94400e+03  -2.44796e+01   2.04169e+00   3.45333e+02
          2945   3.50553e+02   2.94500e+03  -2.45548e+01   2.03994e+00   3.45417e+02
          2946   3.50626e+02   2.94600e+03  -2.46323e+01   2.03820e+00   3.45500e+02
          2947   3.50704e+02   2.94700e+03  -2.47091e+01   2.03649e+00   3.45583e+02
          2948   3.50789e+02   2.94800e+03  -2.47813e+01   2.03480e+00   3.45667e+02
          2949   3.50868e+02   2.94900e+03  -2.48549e+01   2.03306e+00   3.45750e+02
          2950   3.50948e+02   2.95000e+03  -2.49285e+01   2.03132e+00   3.45833e+02
          2951   3.51029e+02   2.95100e+03  -2.50014e+01   2.02961e+00   3.45917e+02
          2952   3.51109e+02   2.95200e+03  -2.50760e+01   2.02786e+00   3.46000e+02
          2953   3.51188e+02   2.95300e+03  -2.51514e+01   2.02613e+00   3.46083e+02
          2954   3.51263e+02   2.95400e+03  -2.52259e+01   2.02443e+00   3.46167e+02
          2955   3.51337e+02   2.95500e+03  -2.53004e+01   2.02273e+00   3.46250e+02
          2956   3.51418e+02   2.95600e+03  -2.53735e+01   2.02101e+00   3.46333e+02
          2957   3.51505e+02   2.95700e+03  -2.54470e+01   2.01927e+00   3.46417e+02
          2958   3.51583e+02   2.95800e+03  -2.55200e+01   2.01757e+00   3.46500e+02
          2959   3.51665e+02   2.95900e+03  -2.55920e+01   2.01586e+00   3.46583e+02
          2960   3.51744e+02   2.96000e+03  -2.56626e+01   2.01411e+00   3.46667e+02
          2961   3.51812e+02   2.96100e+03  -2.57324e+01   2.01241e+00   3.46750e+02
          2962   3.51901e+02   2.96200e+03  -2.58031e+01   2.01071e+00   3.46833e+02
          2963   3.51987e+02   2.96300e+03  -2.58749e+01   2.00898e+00   3.46917e+02
          2964   3.52064e+02   2.96400e+03  -2.59421e+01   2.00734e+00   3.47000e+02
          2965   3.52147e+02   2.96500e+03  -2.60113e+01   2.00567e+00   3.47083e+02
          2966   3.52218e+02   2.96600e+03  -2.60823e+01   2.00398e+00   3.47167e+02
          2967   3.52306e+02   2.96700e+03  -2.61529e+01   2.00233e+00   3.47250e+02
          2968   3.52376e+02   2.96800e+03  -2.62155e+01   2.00068e+00   3.47333e+02
          2969   3.52458e+02   2.96900e+03  -2.62815e+01   1.99901e+00   3.47417e+02
          2970   3.52543e+02   2.97000e+03  -2.63482e+01   1.99736e+00   3.47500e+02
          2971   3.52618e+02   2.97100e+03  -2.64134e+01   1.99570e+00   3.47583e+02
          2972   3.52701e+02   2.97200e+03  -2.64802e+01   1.99408e+00   3.47667e+02
          2973   3.52788e+02   2.97300e+03  -2.65451e+01   1.99244e+00   3.47750e+02
          2974   3.52857e+02   2.97400e+03  -2.66086e+01   1.99077e+00   3.47833e+02
          2975   3.52935e+02   2.97500e+03  -2.66714e+01   1.98908e+00   3.47917e+02
          2976   3.53028e+02   2.97600e+03  -2.67308e+01   1.98747e+00   3.48000e+02
          2977   3.53108e+02   2.97700e+03  -2.67950e+01   1.98582e+00   3.48083e+02
          2978   3.53185e+02   2.97800e+03  -2.68590e+01   1.98420e+00   3.48167e+02
          2979   3.53267e+02   2.97900e+03  -2.69215e+01   1.98256e+00   3.48250e+02
          2980   3.53347e+02   2.98000e+03  -2.69825e+01   1.98099e+00   3.48333e+02
          2981   3.53429e+02   2.98100e+03  -2.70446e+01   1.97939e+00   3.48417e+02
          2982   3.53501e+02   2.98200e+03  -2.71053e+01   1.97777e+00   3.48500e+02
          2983   3.53584e+02   2.98300e+03  -2.71656e+01   1.97617e+00   3.48583e+02
          2984   3.53669e+02   2.98400e+03  -2.72288e+01   1.97457e+00   3.48667e+02
          2985   3.53749e+02   2.98500e+03  -2.72896e+01   1.97294e+00   3.48750e+02
          2986   3.53828e+02   2.98600e+03  -2.73499e+01   1.97132e+00   3.48833e+02
          2987   3.53905e+02   2.98700e+03  -2.74102e+01   1.96969e+00   3.48917e+02
          2988   3.53990e+02   2.98800e+03  -2.74650e+01   1.96798e+00   3.49000e+02
          2989   3.54068e+02   2.98900e+03  -2.75213e+01   1.96632e+00   3.49083e+02
          2990   3.54148e+02   2.99000e+03  -2.75790e+01   1.96468e+00   3.49167e+02
          2991   3.54230e+02   2.99100e+03  -2.76382e+01   1.96308e+00   3.49250e+02
          2992   3.54310e+02   2.99200e+03  -2.76923e+01   1.96147e+00   3.49333e+02
          2993   3.54387e+02   2.99300e+03  -2.77479e+01   1.95989e+00   3.49417e+02
          2994   3.54473e+02   2.99400e+03  -2.78035e+01   1.95832e+00   3.49500e+02
          2995   3.54554e+02   2.99500e+03  -2.78596e+01   1.95679e+00   3.49583e+02
          2996   3.54631e+02   2.99600e+03  -2.79130e+01   1.95528e+00   3.49667e+02
          2997   3.54715e+02   2.99700e+03  -2.79678e+01   1.95377e+00   3.49750e+02
          2998   3.54794e+02   2.99800e+03  -2.80233e+01   1.95222e+00   3.49833e+02
          2999   3.54878e+02   2.99900e+03  -2.80784e+01   1.95064e+00   3.49917e+02
          3000   3.54956e+02   3.00000e+03  -2.81376e+01   1.94909e+00   3.50000e+02
          3001   3.55037e+02   3.00100e+03  -2.81958e+01   1.94753e+00   3.50083e+02
          3002   3.55127e+02   3.00200e+03  -2.82527e+01   1.94598e+00   3.50167e+02
          3003   3.55209e+02   3.00300e+03  -2.83089e+01   1.94440e+00   3.50250e+02
          3004   3.55293e+02   3.00400e+03  -2.83671e+01   1.94288e+00   3.50333e+02
          3005   3.55368e+02   3.00500e+03  -2.84247e+01   1.94131e+00   3.50417e+02
          3006   3.55450e+02   3.00600e+03  -2.84818e+01   1.93972e+00   3.50500e+02
          3007   3.55530e+02   3.00700e+03  -2.85387e+01   1.93816e+00   3.50583e+02
          3008   3.55612e+02   3.00800e+03  -2.85986e+01   1.93655e+00   3.50667e+02
          3009   3.55691e+02   3.00900e+03  -2.86576e+01   1.93492e+00   3.50750e+02
          3010   3.55770e+02   3.01000e+03  -2.87170e+01   1.93331e+00   3.50833e+02
          3011   3.55853e+02   3.01100e+03  -2.87760e+01   1.93168e+00   3.50917e+02
          3012   3.55931e+02   3.01200e+03  -2.88344e+01   1.93006e+00   3.51000e+02
          3013   3.56017e+02   3.01300e+03  -2.88919e+01   1.92845e+00   3.51083e+02
          3014   3.56092e+02   3.01400e+03  -2.89489e+01   1.92688e+00   3.51167e+02
          3015   3.56176e+02   3.01500e+03  -2.90062e+01   1.92530e+00   3.51250e+02
          3016   3.56256e+02   3.01600e+03  -2.90632e+01   1.92382e+00   3.51333e+02
          3017   3.56333e+02   3.01700e+03  -2.91189e+01   1.92230e+00   3.51417e+02
          3018   3.56419e+02   3.01800e+03  -2.91742e+01   1.92079e+00   3.51500e+02
          3019   3.56502e+02   3.01900e+03  -2.92293e+01   1.91926e+00   3.51583e+02
          3020   3.56578e+02   3.02000e+03  -2.92808e+01   1.91778e+00   3.51667e+02
          3021   3.56664e+02   3.02100e+03  -2.93323e+01   1.91627e+00   3.51750e+02
          3022   3.56741e+02   3.02200e+03  -2.93833e+01   1.91477e+00   3.51833e+02
          3023   3.56821e+02   3.02300e+03  -2.94337e+01   1.91325e+00   3.51917e+02
          3024   3.56900e+02   3.02400e+03  -2.94807e+01   1.91177e+00   3.52000e+02
          3025   3.56973e+02   3.02500e+03  -2.95309e+01   1.91026e+00   3.52083e+02
          3026   3.57064e+02   3.02600e+03  -2.95802e+01   1.90877e+00   3.52167e+02
          3027   3.57153e+02   3.02700e+03  -2.96286e+01   1.90725e+00   3.52250e+02
          3028   3.57224e+02   3.02800e+03  -2.96722e+01   1.90577e+00   3.52333e+02
          3029   3.57309e+02   3.02900e+03  -2.97172e+01   1.90426e+00   3.52417e+02
          3030   3.57389e+02   3.03000e+03  -2.97631e+01   1.90277e+00   3.52500e+02
          3031   3.57471e+02   3.03100e+03  -2.98087e+01   1.90125e+00   3.52583e+02
          3032   3.57554e+02   3.03200e+03  -2.98528e+01   1.89977e+00   3.52667e+02
          3033   3.57632e+02   3.03300e+03  -2.98980e+01   1.89826e+00   3.52750e+02
          3034   3.57717e+02   3.03400e+03  -2.99446e+01   1.89677e+00   3.52833e+02
          3035   3.57804e+02   3.03500e+03  -2.99905e+01   1.89525e+00   3.52917e+02
          3036   3.57873e+02   3.03600e+03  -3.00313e+01   1.89377e+00   3.53000e+02
          3037   3.57972e+02   3.03700e+03  -3.00741e+01   1.89226e+00   3.53083e+02
          3038   3.58044e+02   3.03800e+03  -3.01175e+01   1.89077e+00   3.53167e+02
          3039   3.58121e+02   3.03900e+03  -3.01613e+01   1.88925e+00   3.53250e+02
          3040   3.58213e+02   3.04000e+03  -3.02029e+01   1.88777e+00   3.53333e+02
          3041   3.58295e+02   3.04100e+03  -3.02437e+01   1.88626e+00   3.53417e+02
          3042   3.58383e+02   3.04200e+03  -3.02843e+01   1.88477e+00   3.53500e+02
          3043   3.58454e+02   3.04300e+03  -3.03241e+01   1.88325e+00   3.53583e+02
          3044   3.58533e+02   3.04400e+03  -3.03634e+01   1.88180e+00   3.53667e+02
          3045   3.58624e+02   3.04500e+03  -3.04027e+01   1.88035e+00   3.53750e+02
          3046   3.58702e+02   3.04600e+03  -3.04418e+01   1.87890e+00   3.53833e+02
          3047   3.58779e+02   3.04700e+03  -3.04809e+01   1.87747e+00   3.53917e+02
          3048   3.58867e+02   3.04800e+03  -3.05147e+01   1.87606e+00   3.54000e+02
          3049   3.58956e+02   3.04900e+03  -3.05510e+01   1.87462e+00   3.54083e+02
          3050   3.59032e+02   3.05000e+03  -3.05884e+01   1.87316e+00   3.54167e+02
          3051   3.59117e+02   3.05100e+03  -3.06262e+01   1.87172e+00   3.54250e+02
          3052   3.59200e+02   3.05200e+03  -3.06599e+01   1.87020e+00   3.54333e+02
          3053   3.59275e+02   3.05300e+03  -3.06949e+01   1.86871e+00   3.54417e+02
          3054   3.59358e+02   3.05400e+03  -3.07308e+01   1.86722e+00   3.54500e+02
          3055   3.59438e+02   3.05500e+03  -3.07663e+01   1.86575e+00   3.54583e+02
          3056   3.59519e+02   3.05600e+03  -3.08009e+01   1.86423e+00   3.54667e+02
          3057   3.59606e+02   3.05700e+03  -3.08360e+01   1.86273e+00   3.54750e+02
          3058   3.59683e+02   3.05800e+03  -3.08708e+01   1.86123e+00   3.54833e+02
          3059   3.59767e+02   3.05900e+03  -3.09052e+01   1.85975e+00   3.54917e+02
          3060   3.59849e+02   3.06000e+03  -3.09401e+01   1.85831e+00   3.55000e+02
          3061   3.59932e+02   3.06100e+03  -3.09744e+01   1.85687e+00   3.55083e+02
          3062   3.60013e+02   3.06200e+03  -3.10080e+01   1.85543e+00   3.55167e+02
          3063   3.60092e+02   3.06300e+03  -3.10422e+01   1.85397e+00   3.55250e+02
          3064   3.60183e+02   3.06400e+03  -3.10766e+01   1.85259e+00   3.55333e+02
          3065   3.60260e+02   3.06500e+03  -3.11108e+01   1.85115e+00   3.55417e+02
          3066   3.60343e+02   3.06600e+03  -3.11446e+01   1.84970e+00   3.55500e+02
          3067   3.60420e+02   3.06700e+03  -3.11764e+01   1.84822e+00   3.55583e+02
          3068   3.60507e+02   3.06800e+03  -3.12070e+01   1.84673e+00   3.55667e+02
          3069   3.60589e+02   3.06900e+03  -3.12380e+01   1.84524e+00   3.55750e+02
          3070   3.60662e+02   3.07000e+03  -3.12678e+01   1.84378e+00   3.55833e+02
          3071   3.60754e+02   3.07100e+03  -3.12982e+01   1.84236e+00   3.55917e+02
          3072   3.60833e+02   3.07200e+03  -3.13297e+01   1.84091e+00   3.56000e+02
          3073   3.60922e+02   3.07300e+03  -3.13622e+01   1.83948e+00   3.56083e+02
          3074   3.61003e+02   3.07400e+03  -3.13950e+01   1.83803e+00   3.56167e+02
          3075   3.61085e+02   3.07500e+03  -3.14277e+01   1.83660e+00   3.56250e+02
          3076   3.61174e+02   3.07600e+03  -3.14568e+01   1.83521e+00   3.56333e+02
          3077   3.61255e+02   3.07700e+03  -3.14908e+01   1.83380e+00   3.56417e+02
          3078   3.61328e+02   3.07800e+03  -3.15271e+01   1.83239e+00   3.56500e+02
          3079   3.61417e+02   3.07900e+03  -3.15634e+01   1.83096e+00   3.56583e+02
          3080   3.61502e+02   3.08000e+03  -3.16023e+01   1.82957e+00   3.56667e+02
          3081   3.61574e+02   3.08100e+03  -3.16368e+01   1.82813e+00   3.56750e+02
          3082   3.61658e+02   3.08200e+03  -3.16706e+01   1.82669e+00   3.56833e+02
          3083   3.61738e+02   3.08300e+03  -3.17043e+01   1.82522e+00   3.56917e+02
          3084   3.61823e+02   3.08400e+03  -3.17423e+01   1.82373e+00   3.57000e+02
          3085   3.61907e+02   3.08500e+03  -3.17788e+01   1.82224e+00   3.57083e+02
          3086   3.61992e+02   3.08600e+03  -3.18154e+01   1.82075e+00   3.57167e+02
          3087   3.62071e+02   3.08700e+03  -3.18515e+01   1.81925e+00   3.57250e+02
          3088   3.62155e+02   3.08800e+03  -3.18836e+01   1.81779e+00   3.57333e+02
          3089   3.62241e+02   3.08900e+03  -3.19178e+01   1.81635e+00   3.57417e+02
          3090   3.62316e+02   3.09000e+03  -3.19522e+01   1.81490e+00   3.57500e+02
          3091   3.62406e+02   3.09100e+03  -3.19877e+01   1.81347e+00   3.57583e+02
          3092   3.62484e+02   3.09200e+03  -3.20221e+01   1.81214e+00   3.57667e+02
          3093   3.62572e+02   3.09300e+03  -3.20547e+01   1.81075e+00   3.57750e+02
          3094   3.62644e+02   3.09400e+03  -3.20858e+01   1.80936e+00   3.57833e+02
          3095   3.62733e+02   3.09500e+03  -3.21179e+01   1.80794e+00   3.57917e+02
          3096   3.62814e+02   3.09600e+03  -3.21483e+01   1.80655e+00   3.58000e+02
          3097   3.62895e+02   3.09700e+03  -3.21798e+01   1.80512e+00   3.58083e+02
          3098   3.62979e+02   3.09800e+03  -3.22100e+01   1.80368e+00   3.58167e+02
          3099   3.63063e+02   3.09900e+03  -3.22402e+01   1.80222e+00   3.58250e+02
          3100   3.63149e+02   3.10000e+03  -3.22669e+01   1.80075e+00   3.58333e+02
          3101   3.63239e+02   3.10100e+03  -3.22943e+01   1.79933e+00   3.58417e+02
          3102   3.63310e+02   3.10200e+03  -3.23218e+01   1.79789e+00   3.58500e+02
          3103   3.63401e+02   3.10300e+03  -3.23498e+01   1.79647e+00   3.58583e+02
          3104   3.63482e+02   3.10400e+03  -3.23753e+01   1.79513e+00   3.58667e+02
          3105   3.63561e+02   3.10500e+03  -3.24009e+01   1.79375e+00   3.58750e+02
          3106   3.63658e+02   3.10600e+03  -3.24248e+01   1.79239e+00   3.58833e+02
          3107   3.63733e+02   3.10700e+03  -3.24484e+01   1.79105e+00   3.58917e+02
          3108   3.63819e+02   3.10800e+03  -3.24696e+01   1.78970e+00   3.59000e+02
          3109   3.63898e+02   3.10900e+03  -3.24919e+01   1.78834e+00   3.59083e+02
          3110   3.63981e+02   3.11000e+03  -3.25150e+01   1.78694e+00   3.59167e+02
          3111   3.64063e+02   3.11100e+03  -3.25387e+01   1.78556e+00   3.59250e+02
          3112   3.64145e+02   3.11200e+03  -3.25594e+01   1.78408e+00   3.59333e+02
          3113   3.64228e+02   3.11300e+03  -3.25813e+01   1.78264e+00   3.59417e+02
          3114   3.64316e+02   3.11400e+03  -3.26041e+01   1.78118e+00   3.59500e+02
          3115   3.64395e+02   3.11500e+03  -3.26265e+01   1.77973e+00   3.59583e+02
          3116   3.64477e+02   3.11600e+03  -3.26466e+01   1.77829e+00   3.59667e+02
          3117   3.64551e+02   3.11700e+03  -3.26698e+01   1.77685e+00   3.59750e+02
          3118   3.64641e+02   3.11800e+03  -3.26928e+01   1.77545e+00   3.59833e+02
          3119   3.64720e+02   3.11900e+03  -3.27148e+01   1.77408e+00   3.59917e+02
          3120   3.64807e+02   3.12000e+03  -3.27399e+01   1.77273e+00   3.60000e+02
          3121   3.64885e+02   3.12100e+03  -3.27634e+01   1.77136e+00   3.60083e+02
          3122   3.64981e+02   3.12200e+03  -3.27879e+01   1.76995e+00   3.60167e+02
          3123   3.65052e+02   3.12300e+03  -3.28134e+01   1.76856e+00   3.60250e+02
          3124   3.65146e+02   3.12400e+03  -3.28383e+01   1.76717e+00   3.60333e+02
          3125   3.65223e+02   3.12500e+03  -3.28643e+01   1.76577e+00   3.60417e+02
          3126   3.65311e+02   3.12600e+03  -3.28903e+01   1.76438e+00   3.60500e+02
          3127   3.65386e+02   3.12700e+03  -3.29155e+01   1.76295e+00   3.60583e+02
          3128   3.65466e+02   3.12800e+03  -3.29418e+01   1.76159e+00   3.60667e+02
          3129   3.65555e+02   3.12900e+03  -3.29677e+01   1.76022e+00   3.60750e+02
          3130   3.65633e+02   3.13000e+03  -3.29948e+01   1.75882e+00   3.60833e+02
          3131   3.65723e+02   3.13100e+03  -3.30216e+01   1.75744e+00   3.60917e+02
          3132   3.65803e+02   3.13200e+03  -3.30507e+01   1.75602e+00   3.61000e+02
          3133   3.65888e+02   3.13300e+03  -3.30780e+01   1.75459e+00   3.61083e+02
          3134   3.65967e+02   3.13400e+03  -3.31048e+01   1.75315e+00   3.61167e+02
          3135   3.66057e+02   3.13500e+03  -3.31316e+01   1.75172e+00   3.61250e+02
          3136   3.66129e+02   3.13600e+03  -3.31564e+01   1.75027e+00   3.61333e+02
          3137   3.66217e+02   3.13700e+03  -3.31814e+01   1.74884e+00   3.61417e+02
          3138   3.66296e+02   3.13800e+03  -3.32057e+01   1.74744e+00   3.61500e+02
          3139   3.66377e+02   3.13900e+03  -3.32297e+01   1.74608e+00   3.61583e+02
          3140   3.66457e+02   3.14000e+03  -3.32546e+01   1.74473e+00   3.61667e+02
          3141   3.66549e+02   3.14100e+03  -3.32788e+01   1.74336e+00   3.61750e+02
          3142   3.66632e+02   3.14200e+03  -3.33020e+01   1.74195e+00   3.61833e+02
          3143   3.66714e+02   3.14300e+03  -3.33250e+01   1.74056e+00   3.61917e+02
          3144   3.66796e+02   3.14400e+03  -3.33447e+01   1.73917e+00   3.62000e+02
          3145   3.66871e+02   3.14500e+03  -3.33658e+01   1.73777e+00   3.62083e+02
          3146   3.66953e+02   3.14600e+03  -3.33870e+01   1.73640e+00   3.62167e+02
          3147   3.67042e+02   3.14700e+03  -3.34087e+01   1.73506e+00   3.62250e+02
          3148   3.67120e+02   3.14800e+03  -3.34275e+01   1.73371e+00   3.62333e+02
          3149   3.67212e+02   3.14900e+03  -3.34484e+01   1.73234e+00   3.62417e+02
          3150   3.67292e+02   3.15000e+03  -3.34701e+01   1.73095e+00   3.62500e+02
          3151   3.67378e+02   3.15100e+03  -3.34915e+01   1.72956e+00   3.62583e+02
          3152   3.67459e+02   3.15200e+03  -3.35119e+01   1.72817e+00   3.62667e+02
          3153   3.67543e+02   3.15300e+03  -3.35324e+01   1.72677e+00   3.62750e+02
          3154   3.67630e+02   3.15400e+03  -3.35529e+01   1.72540e+00   3.62833e+02
          3155   3.67719e+02   3.15500e+03  -3.35723e+01   1.72406e+00   3.62917e+02
          3156   3.67798e+02   3.15600e+03  -3.35916e+01   1.72271e+00   3.63000e+02
          3157   3.67879e+02   3.15700e+03  -3.36110e+01   1.72134e+00   3.63083e+02
          3158   3.67956e+02   3.15800e+03  -3.36306e+01   1.71995e+00   3.63167e+02
          3159   3.68039e+02   3.15900e+03  -3.36514e+01   1.71856e+00   3.63250e+02
          3160   3.68127e+02   3.16000e+03  -3.36682e+01   1.71717e+00   3.63333e+02
          3161   3.68203e+02   3.16100e+03  -3.36853e+01   1.71577e+00   3.63417e+02
          3162   3.68294e+02   3.16200e+03  -3.37022e+01   1.71438e+00   3.63500e+02
          3163   3.68376e+02   3.16300e+03  -3.37200e+01   1.71295e+00   3.63583e+02
          3164   3.68452e+02   3.16400e+03  -3.37346e+01   1.71159e+00   3.63667e+02
          3165   3.68535e+02   3.16500e+03  -3.37516e+01   1.71022e+00   3.63750e+02
          3166   3.68619e+02   3.16600e+03  -3.37700e+01   1.70882e+00   3.63833e+02
          3167   3.68706e+02   3.16700e+03  -3.37899e+01   1.70744e+00   3.63917e+02
          3168   3.68796e+02   3.16800e+03  -3.38083e+01   1.70610e+00   3.64000e+02
          3169   3.68863e+02   3.16900e+03  -3.38258e+01   1.70473e+00   3.64083e+02
          3170   3.68955e+02   3.17000e+03  -3.38424e+01   1.70335e+00   3.64167e+02
          3171   3.69046e+02   3.17100e+03  -3.38582e+01   1.70194e+00   3.64250e+02
          3172   3.69124e+02   3.17200e+03  -3.38761e+01   1.70057e+00   3.64333e+02
          3173   3.69206e+02   3.17300e+03  -3.38944e+01   1.69921e+00   3.64417e+02
          3174   3.69275e+02   3.17400e+03  -3.39121e+01   1.69782e+00   3.64500e+02
          3175   3.69370e+02   3.17500e+03  -3.39303e+01   1.69644e+00   3.64583e+02
          3176   3.69459e+02   3.17600e+03  -3.39493e+01   1.69510e+00   3.64667e+02
          3177   3.69535e+02   3.17700e+03  -3.39669e+01   1.69372e+00   3.64750e+02
          3178   3.69609e+02   3.17800e+03  -3.39832e+01   1.69237e+00   3.64833e+02
          3179   3.69711e+02   3.17900e+03  -3.39987e+01   1.69105e+00   3.64917e+02
          3180   3.69793e+02   3.18000e+03  -3.40128e+01   1.68970e+00   3.65000e+02
          3181   3.69860e+02   3.18100e+03  -3.40294e+01   1.68833e+00   3.65083e+02
          3182   3.69953e+02   3.18200e+03  -3.40474e+01   1.68694e+00   3.65167e+02
          3183   3.70038e+02   3.18300e+03  -3.40660e+01   1.68556e+00   3.65250e+02
          3184   3.70120e+02   3.18400e+03  -3.40846e+01   1.68417e+00   3.65333e+02
          3185   3.70206e+02   3.18500e+03  -3.41019e+01   1.68277e+00   3.65417e+02
          3186   3.70286e+02   3.18600e+03  -3.41195e+01   1.68137e+00   3.65500e+02
          3187   3.70376e+02   3.18700e+03  -3.41369e+01   1.67995e+00   3.65583e+02
          3188   3.70466e+02   3.18800e+03  -3.41511e+01   1.67859e+00   3.65667e+02
          3189   3.70544e+02   3.18900e+03  -3.41665e+01   1.67722e+00   3.65750e+02
          3190   3.70624e+02   3.19000e+03  -3.41817e+01   1.67582e+00   3.65833e+02
          3191   3.70707e+02   3.19100e+03  -3.41961e+01   1.67444e+00   3.65917e+02
          3192   3.70794e+02   3.19200e+03  -3.42116e+01   1.67310e+00   3.66000e+02
          3193   3.70878e+02   3.19300e+03  -3.42253e+01   1.67173e+00   3.66083e+02
          3194   3.70969e+02   3.19400e+03  -3.42368e+01   1.67037e+00   3.66167e+02
          3195   3.71045e+02   3.19500e+03  -3.42477e+01   1.66905e+00   3.66250e+02
          3196   3.71121e+02   3.19600e+03  -3.42534e+01   1.66770e+00   3.66333e+02
          3197   3.71210e+02   3.19700e+03  -3.42614e+01   1.66636e+00   3.66417e+02
          3198   3.71294e+02   3.19800e+03  -3.42688e+01   1.66503e+00   3.66500e+02
          3199   3.71379e+02   3.19900e+03  -3.42756e+01   1.66367e+00   3.66583e+02
          3200   3.71464e+02   3.20000e+03  -3.42803e+01   1.66230e+00   3.66667e+02
          3201   3.71551e+02   3.20100e+03  -3.42871e+01   1.66090e+00   3.66750e+02
          3202   3.71626e+02   3.20200e+03  -3.42932e+01   1.65953e+00   3.66833e+02
          3203   3.71717e+02   3.20300e+03  -3.43001e+01   1.65819e+00   3.66917e+02
          3204   3.71798e+02   3.20400e+03  -3.43054e+01   1.65678e+00   3.67000e+02
          3205   3.71890e+02   3.20500e+03  -3.43133e+01   1.65542e+00   3.67083e+02
          3206   3.71957e+02   3.20600e+03  -3.43221e+01   1.65407e+00   3.67167e+02
          3207   3.72061e+02   3.20700e+03  -3.43305e+01   1.65269e+00   3.67250e+02
          3208   3.72135e+02   3.20800e+03  -3.43377e+01   1.65134e+00   3.67333e+02
          3209   3.72213e+02   3.20900e+03  -3.43442e+01   1.65000e+00   3.67417e+02
          3210   3.72305e+02   3.21000e+03  -3.43510e+01   1.64865e+00   3.67500e+02
          3211   3.72395e+02   3.21100e+03  -3.43577e+01   1.64730e+00   3.67583e+02
          3212   3.72469e+02   3.21200e+03  -3.43674e+01   1.64592e+00   3.67667e+02
          3213   3.72562e+02   3.21300e+03  -3.43754e+01   1.64453e+00   3.67750e+02
          3214   3.72640e+02   3.21400e+03  -3.43824e+01   1.64311e+00   3.67833e+02
          3215   3.72727e+02   3.21500e+03  -3.43898e+01   1.64170e+00   3.67917e+02
          3216   3.72809e+02   3.21600e+03  -3.43943e+01   1.64025e+00   3.68000e+02
          3217   3.72887e+02   3.21700e+03  -3.44013e+01   1.63883e+00   3.68083e+02
          3218   3.72973e+02   3.21800e+03  -3.44092e+01   1.63744e+00   3.68167e+02
          3219   3.73061e+02   3.21900e+03  -3.44176e+01   1.63608e+00   3.68250e+02
          3220   3.73148e+02   3.22000e+03  -3.44266e+01   1.63473e+00   3.68333e+02
          3221   3.73226e+02   3.22100e+03  -3.44345e+01   1.63335e+00   3.68417e+02
          3222   3.73309e+02   3.22200e+03  -3.44420e+01   1.63195e+00   3.68500e+02
          3223   3.73392e+02   3.22300e+03  -3.44493e+01   1.63056e+00   3.68583e+02
          3224   3.73483e+02   3.22400e+03  -3.44558e+01   1.62917e+00   3.68667e+02
          3225   3.73566e+02   3.22500e+03  -3.44626e+01   1.62777e+00   3.68750e+02
          3226   3.73645e+02   3.22600e+03  -3.44695e+01   1.62638e+00   3.68833e+02
          3227   3.73721e+02   3.22700e+03  -3.44746e+01   1.62495e+00   3.68917e+02
          3228   3.73814e+02   3.22800e+03  -3.44765e+01   1.62359e+00   3.69000e+02
          3229   3.73904e+02   3.22900e+03  -3.44810e+01   1.62222e+00   3.69083e+02
          3230   3.73982e+02   3.23000e+03  -3.44859e+01   1.62082e+00   3.69167e+02
          3231   3.74060e+02   3.23100e+03  -3.44908e+01   1.61944e+00   3.69250e+02
          3232   3.74153e+02   3.23200e+03  -3.44905e+01   1.61802e+00   3.69333e+02
          3233   3.74235e+02   3.23300e+03  -3.44922e+01   1.61662e+00   3.69417e+02
          3234   3.74319e+02   3.23400e+03  -3.44944e+01   1.61524e+00   3.69500e+02
          3235   3.74402e+02   3.23500e+03  -3.44952e+01   1.61383e+00   3.69583e+02
          3236   3.74495e+02   3.23600e+03  -3.44942e+01   1.61243e+00   3.69667e+02
          3237   3.74573e+02   3.23700e+03  -3.44961e+01   1.61106e+00   3.69750e+02
          3238   3.74638e+02   3.23800e+03  -3.44986e+01   1.60968e+00   3.69833e+02
          3239   3.74732e+02   3.23900e+03  -3.45003e+01   1.60831e+00   3.69917e+02
          3240   3.74815e+02   3.24000e+03  -3.45012e+01   1.60702e+00   3.70000e+02
          3241   3.74902e+02   3.24100e+03  -3.45018e+01   1.60568e+00   3.70083e+02
          3242   3.74983e+02   3.24200e+03  -3.45029e+01   1.60432e+00   3.70167e+02
          3243   3.75071e+02   3.24300e+03  -3.45031e+01   1.60292e+00   3.70250e+02
          3244   3.75152e+02   3.24400e+03  -3.45023e+01   1.60156e+00   3.70333e+02
          3245   3.75246e+02   3.24500e+03  -3.45042e+01   1.60020e+00   3.70417e+02
          3246   3.75315e+02   3.24600e+03  -3.45054e+01   1.59881e+00   3.70500e+02
          3247   3.75406e+02   3.24700e+03  -3.45078e+01   1.59744e+00   3.70583e+02
          3248   3.75492e+02   3.24800e+03  -3.45067e+01   1.59609e+00   3.70667e+02
          3249   3.75580e+02   3.24900e+03  -3.45063e+01   1.59472e+00   3.70750e+02
          3250   3.75658e+02   3.25000e+03  -3.45076e+01   1.59335e+00   3.70833e+02
          3251   3.75751e+02   3.25100e+03  -3.45079e+01   1.59194e+00   3.70917e+02
          3252   3.75837e+02   3.25200e+03  -3.45116e+01   1.59055e+00   3.71000e+02
          3253   3.75911e+02   3.25300e+03  -3.45144e+01   1.58912e+00   3.71083e+02
          3254   3.76000e+02   3.25400e+03  -3.45160e+01   1.58771e+00   3.71167e+02
          3255   3.76082e+02   3.25500e+03  -3.45178e+01   1.58633e+00   3.71250e+02
          3256   3.76163e+02   3.25600e+03  -3.45209e+01   1.58487e+00   3.71333e+02
          3257   3.76257e+02   3.25700e+03  -3.45238e+01   1.58345e+00   3.71417e+02
          3258   3.76335e+02   3.25800e+03  -3.45284e+01   1.58201e+00   3.71500e+02
          3259   3.76418e+02   3.25900e+03  -3.45340e+01   1.58059e+00   3.71583e+02
          3260   3.76505e+02   3.26000e+03  -3.45403e+01   1.57920e+00   3.71667e+02
          3261   3.76584e+02   3.26100e+03  -3.45445e+01   1.57779e+00   3.71750e+02
          3262   3.76671e+02   3.26200e+03  -3.45476e+01   1.57639e+00   3.71833e+02
          3263   3.76751e+02   3.26300e+03  -3.45486e+01   1.57495e+00   3.71917e+02
          3264   3.76835e+02   3.26400e+03  -3.45493e+01   1.57357e+00   3.72000e+02
          3265   3.76924e+02   3.26500e+03  -3.45500e+01   1.57213e+00   3.72083e+02
          3266   3.77005e+02   3.26600e+03  -3.45506e+01   1.57072e+00   3.72167e+02
          3267   3.77097e+02   3.26700e+03  -3.45505e+01   1.56933e+00   3.72250e+02
          3268   3.77171e+02   3.26800e+03  -3.45469e+01   1.56788e+00   3.72333e+02
          3269   3.77259e+02   3.26900e+03  -3.45443e+01   1.56648e+00   3.72417e+02
          3270   3.77339e+02   3.27000e+03  -3.45431e+01   1.56510e+00   3.72500e+02
          3271   3.77429e+02   3.27100e+03  -3.45420e+01   1.56370e+00   3.72583e+02
          3272   3.77515e+02   3.27200e+03  -3.45305e+01   1.56233e+00   3.72667e+02
          3273   3.77586e+02   3.27300e+03  -3.45253e+01   1.56093e+00   3.72750e+02
          3274   3.77684e+02   3.27400e+03  -3.45214e+01   1.55955e+00   3.72833e+02
          3275   3.77758e+02   3.27500e+03  -3.45177e+01   1.55819e+00   3.72917e+02
          3276   3.77854e+02   3.27600e+03  -3.45149e+01   1.55679e+00   3.73000e+02
          3277   3.77943e+02   3.27700e+03  -3.45103e+01   1.55539e+00   3.73083e+02
          3278   3.78026e+02   3.27800e+03  -3.45041e+01   1.55398e+00   3.73167e+02
          3279   3.78105e+02   3.27900e+03  -3.44975e+01   1.55258e+00   3.73250e+02
          3280   3.78188e+02   3.28000e+03  -3.44931e+01   1.55118e+00   3.73333e+02
          3281   3.78276e+02   3.28100e+03  -3.44881e+01   1.54978e+00   3.73417e+02
          3282   3.78365e+02   3.28200e+03  -3.44823e+01   1.54841e+00   3.73500e+02
          3283   3.78449e+02   3.28300e+03  -3.44759e+01   1.54706e+00   3.73583e+02
          3284   3.78524e+02   3.28400e+03  -3.44668e+01   1.54571e+00   3.73667e+02
          3285   3.78612e+02   3.28500e+03  -3.44589e+01   1.54434e+00   3.73750e+02
          3286   3.78703e+02   3.28600e+03  -3.44516e+01   1.54295e+00   3.73833e+02
          3287   3.78788e+02   3.28700e+03  -3.44439e+01   1.54156e+00   3.73917e+02
          3288   3.78856e+02   3.28800e+03  -3.44339e+01   1.54008e+00   3.74000e+02
          3289   3.78960e+02   3.28900e+03  -3.44242e+01   1.53867e+00   3.74083e+02
          3290   3.79031e+02   3.29000e+03  -3.44145e+01   1.53727e+00   3.74167e+02
          3291   3.79124e+02   3.29100e+03  -3.44057e+01   1.53584e+00   3.74250e+02
          3292   3.79212e+02   3.29200e+03  -3.43936e+01   1.53442e+00   3.74333e+02
          3293   3.79299e+02   3.29300e+03  -3.43832e+01   1.53298e+00   3.74417e+02
          3294   3.79372e+02   3.29400e+03  -3.43732e+01   1.53155e+00   3.74500e+02
          3295   3.79453e+02   3.29500e+03  -3.43634e+01   1.53009e+00   3.74583e+02
          3296   3.79553e+02   3.29600e+03  -3.43510e+01   1.52865e+00   3.74667e+02
          3297   3.79640e+02   3.29700e+03  -3.43393e+01   1.52719e+00   3.74750e+02
          3298   3.79728e+02   3.29800e+03  -3.43272e+01   1.52572e+00   3.74833e+02
          3299   3.79807e+02   3.29900e+03  -3.43151e+01   1.52423e+00   3.74917e+02
          3300   3.79888e+02   3.30000e+03  -3.43046e+01   1.52277e+00   3.75000e+02
          3301   3.79980e+02   3.30100e+03  -3.42927e+01   1.52134e+00   3.75083e+02
          3302   3.80056e+02   3.30200e+03  -3.42794e+01   1.51989e+00   3.75167e+02
          3303   3.80143e+02   3.30300e+03  -3.42653e+01   1.51847e+00   3.75250e+02
          3304   3.80228e+02   3.30400e+03  -3.42511e+01   1.51705e+00   3.75333e+02
          3305   3.80313e+02   3.30500e+03  -3.42380e+01   1.51565e+00   3.75417e+02
          3306   3.80398e+02   3.30600e+03  -3.42255e+01   1.51425e+00   3.75500e+02
          3307   3.80484e+02   3.30700e+03  -3.42133e+01   1.51283e+00   3.75583e+02
          3308   3.80566e+02   3.30800e+03  -3.42001e+01   1.51141e+00   3.75667e+02
          3309   3.80658e+02   3.30900e+03  -3.41868e+01   1.50998e+00   3.75750e+02
          3310   3.80734e+02   3.31000e+03  -3.41744e+01   1.50855e+00   3.75833e+02
          3311   3.80822e+02   3.31100e+03  -3.41617e+01   1.50709e+00   3.75917e+02
          3312   3.80902e+02   3.31200e+03  -3.41514e+01   1.50565e+00   3.76000e+02
          3313   3.80989e+02   3.31300e+03  -3.41408e+01   1.50419e+00   3.76083e+02
          3314   3.81078e+02   3.31400e+03  -3.41310e+01   1.50272e+00   3.76167e+02
          3315   3.81157e+02   3.31500e+03  -3.41222e+01   1.50123e+00   3.76250e+02
          3316   3.81251e+02   3.31600e+03  -3.41146e+01   1.49977e+00   3.76333e+02
          3317   3.81329e+02   3.31700e+03  -3.41062e+01   1.49834e+00   3.76417e+02
          3318   3.81412e+02   3.31800e+03  -3.40980e+01   1.49689e+00   3.76500e+02
          3319   3.81499e+02   3.31900e+03  -3.40901e+01   1.49547e+00   3.76583e+02
          3320   3.81585e+02   3.32000e+03  -3.40858e+01   1.49402e+00   3.76667e+02
          3321   3.81666e+02   3.32100e+03  -3.40809e+01   1.49253e+00   3.76750e+02
          3322   3.81760e+02   3.32200e+03  -3.40769e+01   1.49103e+00   3.76833e+02
          3323   3.81844e+02   3.32300e+03  -3.40730e+01   1.48950e+00   3.76917e+02
          3324   3.81928e+02   3.32400e+03  -3.40690e+01   1.48791e+00   3.77000e+02
          3325   3.82005e+02   3.32500e+03  -3.40632e+01   1.48636e+00   3.77083e+02
          3326   3.82098e+02   3.32600e+03  -3.40560e+01   1.48483e+00   3.77167e+02
          3327   3.82178e+02   3.32700e+03  -3.40476e+01   1.48328e+00   3.77250e+02
          3328   3.82267e+02   3.32800e+03  -3.40426e+01   1.48182e+00   3.77333e+02
          3329   3.82340e+02   3.32900e+03  -3.40353e+01   1.48037e+00   3.77417e+02
          3330   3.82439e+02   3.33000e+03  -3.40270e+01   1.47891e+00   3.77500e+02
          3331   3.82521e+02   3.33100e+03  -3.40178e+01   1.47748e+00   3.77583e+02
          3332   3.82600e+02   3.33200e+03  -3.40026e+01   1.47606e+00   3.77667e+02
          3333   3.82681e+02   3.33300e+03  -3.39896e+01   1.47462e+00   3.77750e+02
          3334   3.82773e+02   3.33400e+03  -3.39772e+01   1.47316e+00   3.77833e+02
          3335   3.82861e+02   3.33500e+03  -3.39654e+01   1.47172e+00   3.77917e+02
          3336   3.82942e+02   3.33600e+03  -3.39471e+01   1.47020e+00   3.78000e+02
          3337   3.83024e+02   3.33700e+03  -3.39326e+01   1.46874e+00   3.78083e+02
          3338   3.83110e+02   3.33800e+03  -3.39176e+01   1.46731e+00   3.78167e+02
          3339   3.83204e+02   3.33900e+03  -3.39016e+01   1.46586e+00   3.78250e+02
          3340   3.83291e+02   3.34000e+03  -3.38810e+01   1.46444e+00   3.78333e+02
          3341   3.83373e+02   3.34100e+03  -3.38627e+01   1.46300e+00   3.78417e+02
          3342   3.83456e+02   3.34200e+03  -3.38443e+01   1.46156e+00   3.78500e+02
          3343   3.83543e+02   3.34300e+03  -3.38259e+01   1.46010e+00   3.78583e+02
          3344   3.83628e+02   3.34400e+03  -3.38068e+01   1.45866e+00   3.78667e+02
          3345   3.83709e+02   3.34500e+03  -3.37881e+01   1.45719e+00   3.78750e+02
          3346   3.83796e+02   3.34600e+03  -3.37702e+01   1.45573e+00   3.78833e+02
          3347   3.83884e+02   3.34700e+03  -3.37519e+01   1.45423e+00   3.78917e+02
          3348   3.83972e+02   3.34800e+03  -3.37279e+01   1.45275e+00   3.79000e+02
          3349   3.84056e+02   3.34900e+03  -3.37060e+01   1.45125e+00   3.79083e+02
          3350   3.84138e+02   3.35000e+03  -3.36843e+01   1.44976e+00   3.79167e+02
          3351   3.84224e+02   3.35100e+03  -3.36634e+01   1.44825e+00   3.79250e+02
          3352   3.84307e+02   3.35200e+03  -3.36431e+01   1.44676e+00   3.79333e+02
          3353   3.84387e+02   3.35300e+03  -3.36224e+01   1.44523e+00   3.79417e+02
          3354   3.84476e+02   3.35400e+03  -3.36005e+01   1.44368e+00   3.79500e+02
          3355   3.84561e+02   3.35500e+03  -3.35793e+01   1.44214e+00   3.79583e+02
          3356   3.84652e+02   3.35600e+03  -3.35567e+01   1.44055e+00   3.79667e+02
          3357   3.84736e+02   3.35700e+03  -3.35339e+01   1.43900e+00   3.79750e+02
          3358   3.84820e+02   3.35800e+03  -3.35107e+01   1.43744e+00   3.79833e+02
          3359   3.84899e+02   3.35900e+03  -3.34872e+01   1.43590e+00   3.79917e+02
          3360   3.84993e+02   3.36000e+03  -3.34653e+01   1.43434e+00   3.80000e+02
          3361   3.85071e+02   3.36100e+03  -3.34430e+01   1.43281e+00   3.80083e+02
          3362   3.85158e+02   3.36200e+03  -3.34201e+01   1.43127e+00   3.80167e+02
          3363   3.85246e+02   3.36300e+03  -3.33971e+01   1.42977e+00   3.80250e+02
          3364   3.85334e+02   3.36400e+03  -3.33749e+01   1.42825e+00   3.80333e+02
          3365   3.85417e+02   3.36500e+03  -3.33540e+01   1.42675e+00   3.80417e+02
          3366   3.85493e+02   3.36600e+03  -3.33330e+01   1.42524e+00   3.80500e+02
          3367   3.85592e+02   3.36700e+03  -3.33126e+01   1.42375e+00   3.80583e+02
          3368   3.85669e+02   3.36800e+03  -3.32905e+01   1.42224e+00   3.80667e+02
          3369   3.85767e+02   3.36900e+03  -3.32689e+01   1.42074e+00   3.80750e+02
          3370   3.85845e+02   3.37000e+03  -3.32469e+01   1.41921e+00   3.80833e+02
          3371   3.85940e+02   3.37100e+03  -3.32245e+01   1.41764e+00   3.80917e+02
          3372   3.86015e+02   3.37200e+03  -3.32051e+01   1.41608e+00   3.81000e+02
          3373   3.86099e+02   3.37300e+03  -3.31831e+01   1.41452e+00   3.81083e+02
          3374   3.86189e+02   3.37400e+03  -3.31601e+01   1.41297e+00   3.81167e+02
          3375   3.86268e+02   3.37500e+03  -3.31370e+01   1.41140e+00   3.81250e+02
          3376   3.86362e+02   3.37600e+03  -3.31133e+01   1.40987e+00   3.81333e+02
          3377   3.86440e+02   3.37700e+03  -3.30892e+01   1.40833e+00   3.81417e+02
          3378   3.86527e+02   3.37800e+03  -3.30636e+01   1.40681e+00   3.81500e+02
          3379   3.86615e+02   3.37900e+03  -3.30384e+01   1.40527e+00   3.81583e+02
          3380   3.86700e+02   3.38000e+03  -3.30115e+01   1.40379e+00   3.81667e+02
          3381   3.86779e+02   3.38100e+03  -3.29852e+01   1.40225e+00   3.81750e+02
          3382   3.86872e+02   3.38200e+03  -3.29588e+01   1.40069e+00   3.81833e+02
          3383   3.86948e+02   3.38300e+03  -3.29322e+01   1.39914e+00   3.81917e+02
          3384   3.87039e+02   3.38400e+03  -3.29020e+01   1.39756e+00   3.82000e+02
          3385   3.87133e+02   3.38500e+03  -3.28729e+01   1.39600e+00   3.82083e+02
          3386   3.87218e+02   3.38600e+03  -3.28439e+01   1.39441e+00   3.82167e+02
          3387   3.87303e+02   3.38700e+03  -3.28139e+01   1.39279e+00   3.82250e+02
          3388   3.87384e+02   3.38800e+03  -3.27820e+01   1.39119e+00   3.82333e+02
          3389   3.87477e+02   3.38900e+03  -3.27529e+01   1.38959e+00   3.82417e+02
          3390   3.87558e+02   3.39000e+03  -3.27230e+01   1.38801e+00   3.82500e+02
          3391   3.87649e+02   3.39100e+03  -3.26922e+01   1.38642e+00   3.82583e+02
          3392   3.87740e+02   3.39200e+03  -3.26609e+01   1.38490e+00   3.82667e+02
          3393   3.87819e+02   3.39300e+03  -3.26302e+01   1.38332e+00   3.82750e+02
          3394   3.87900e+02   3.39400e+03  -3.25998e+01   1.38173e+00   3.82833e+02
          3395   3.87984e+02   3.39500e+03  -3.25714e+01   1.38016e+00   3.82917e+02
          3396   3.88083e+02   3.39600e+03  -3.25429e+01   1.37855e+00   3.83000e+02
          3397   3.88165e+02   3.39700e+03  -3.25155e+01   1.37692e+00   3.83083e+02
          3398   3.88253e+02   3.39800e+03  -3.24867e+01   1.37531e+00   3.83167e+02
          3399   3.88336e+02   3.39900e+03  -3.24566e+01   1.37368e+00   3.83250e+02
          3400   3.88416e+02   3.40000e+03  -3.24324e+01   1.37206e+00   3.83333e+02
          3401   3.88509e+02   3.40100e+03  -3.24068e+01   1.37043e+00   3.83417e+02
          3402   3.88597e+02   3.40200e+03  -3.23805e+01   1.36879e+00   3.83500e+02
          3403   3.88680e+02   3.40300e+03  -3.23529e+01   1.36719e+00   3.83583e+02
          3404   3.88766e+02   3.40400e+03  -3.23272e+01   1.36561e+00   3.83667e+02
          3405   3.88847e+02   3.40500e+03  -3.22993e+01   1.36404e+00   3.83750e+02
          3406   3.88937e+02   3.40600e+03  -3.22707e+01   1.36243e+00   3.83833e+02
          3407   3.89025e+02   3.40700e+03  -3.22420e+01   1.36080e+00   3.83917e+02
          3408   3.89112e+02   3.40800e+03  -3.22084e+01   1.35920e+00   3.84000e+02
          3409   3.89189e+02   3.40900e+03  -3.21767e+01   1.35757e+00   3.84083e+02
          3410   3.89270e+02   3.41000e+03  -3.21458e+01   1.35593e+00   3.84167e+02
          3411   3.89374e+02   3.41100e+03  -3.21155e+01   1.35431e+00   3.84250e+02
          3412   3.89449e+02   3.41200e+03  -3.20806e+01   1.35268e+00   3.84333e+02
          3413   3.89543e+02   3.41300e+03  -3.20492e+01   1.35108e+00   3.84417e+02
          3414   3.89622e+02   3.41400e+03  -3.20175e+01   1.34946e+00   3.84500e+02
          3415   3.89712e+02   3.41500e+03  -3.19848e+01   1.34781e+00   3.84583e+02
          3416   3.89804e+02   3.41600e+03  -3.19500e+01   1.34622e+00   3.84667e+02
          3417   3.89890e+02   3.41700e+03  -3.19167e+01   1.34458e+00   3.84750e+02
          3418   3.89972e+02   3.41800e+03  -3.18848e+01   1.34293e+00   3.84833e+02
          3419   3.90055e+02   3.41900e+03  -3.18536e+01   1.34131e+00   3.84917e+02
          3420   3.90138e+02   3.42000e+03  -3.18228e+01   1.33966e+00   3.85000e+02
          3421   3.90233e+02   3.42100e+03  -3.17904e+01   1.33800e+00   3.85083e+02
          3422   3.90312e+02   3.42200e+03  -3.17585e+01   1.33635e+00   3.85167e+02
          3423   3.90403e+02   3.42300e+03  -3.17277e+01   1.33470e+00   3.85250e+02
          3424   3.90491e+02   3.42400e+03  -3.16929e+01   1.33299e+00   3.85333e+02
          3425   3.90570e+02   3.42500e+03  -3.16593e+01   1.33134e+00   3.85417e+02
          3426   3.90665e+02   3.42600e+03  -3.16258e+01   1.32966e+00   3.85500e+02
          3427   3.90744e+02   3.42700e+03  -3.15924e+01   1.32797e+00   3.85583e+02
          3428   3.90829e+02   3.42800e+03  -3.15610e+01   1.32632e+00   3.85667e+02
          3429   3.90925e+02   3.42900e+03  -3.15266e+01   1.32465e+00   3.85750e+02
          3430   3.91006e+02   3.43000e+03  -3.14904e+01   1.32297e+00   3.85833e+02
          3431   3.91098e+02   3.43100e+03  -3.14546e+01   1.32133e+00   3.85917e+02
          3432   3.91177e+02   3.43200e+03  -3.14179e+01   1.31968e+00   3.86000e+02
          3433   3.91262e+02   3.43300e+03  -3.13804e+01   1.31801e+00   3.86083e+02
          3434   3.91346e+02   3.43400e+03  -3.13442e+01   1.31636e+00   3.86167e+02
          3435   3.91436e+02   3.43500e+03  -3.13088e+01   1.31470e+00   3.86250e+02
          3436   3.91526e+02   3.43600e+03  -3.12667e+01   1.31300e+00   3.86333e+02
          3437   3.91612e+02   3.43700e+03  -3.12258e+01   1.31134e+00   3.86417e+02
          3438   3.91698e+02   3.43800e+03  -3.11848e+01   1.30966e+00   3.86500e+02
          3439   3.91780e+02   3.43900e+03  -3.11453e+01   1.30797e+00   3.86583e+02
          3440   3.91872e+02   3.44000e+03  -3.11034e+01   1.30632e+00   3.86667e+02
          3441   3.91962e+02   3.44100e+03  -3.10600e+01   1.30465e+00   3.86750e+02
          3442   3.92044e+02   3.44200e+03  -3.10153e+01   1.30295e+00   3.86833e+02
          3443   3.92124e+02   3.44300e+03  -3.09695e+01   1.30122e+00   3.86917e+02
          3444   3.92220e+02   3.44400e+03  -3.09224e+01   1.29956e+00   3.87000e+02
          3445   3.92305e+02   3.44500e+03  -3.08763e+01   1.29786e+00   3.87083e+02
          3446   3.92390e+02   3.44600e+03  -3.08302e+01   1.29612e+00   3.87167e+02
          3447   3.92467e+02   3.44700e+03  -3.07848e+01   1.29436e+00   3.87250e+02
          3448   3.92556e+02   3.44800e+03  -3.07348e+01   1.29265e+00   3.87333e+02
          3449   3.92646e+02   3.44900e+03  -3.06856e+01   1.29092e+00   3.87417e+02
          3450   3.92734e+02   3.45000e+03  -3.06368e+01   1.28918e+00   3.87500e+02
          3451   3.92831e+02   3.45100e+03  -3.05889e+01   1.28748e+00   3.87583e+02
          3452   3.92909e+02   3.45200e+03  -3.05379e+01   1.28579e+00   3.87667e+02
          3453   3.93000e+02   3.45300e+03  -3.04885e+01   1.28408e+00   3.87750e+02
          3454   3.93086e+02   3.45400e+03  -3.04404e+01   1.28240e+00   3.87833e+02
          3455   3.93177e+02   3.45500e+03  -3.03932e+01   1.28072e+00   3.87917e+02
          3456   3.93251e+02   3.45600e+03  -3.03469e+01   1.27899e+00   3.88000e+02
          3457   3.93348e+02   3.45700e+03  -3.03003e+01   1.27723e+00   3.88083e+02
          3458   3.93431e+02   3.45800e+03  -3.02537e+01   1.27545e+00   3.88167e+02
          3459   3.93512e+02   3.45900e+03  -3.02072e+01   1.27364e+00   3.88250e+02
          3460   3.93598e+02   3.46000e+03  -3.01633e+01   1.27174e+00   3.88333e+02
          3461   3.93691e+02   3.46100e+03  -3.01182e+01   1.26993e+00   3.88417e+02
          3462   3.93782e+02   3.46200e+03  -3.00725e+01   1.26812e+00   3.88500e+02
          3463   3.93863e+02   3.46300e+03  -3.00276e+01   1.26629e+00   3.88583e+02
          3464   3.93958e+02   3.46400e+03  -2.99826e+01   1.26448e+00   3.88667e+02
          3465   3.94035e+02   3.46500e+03  -2.99368e+01   1.26270e+00   3.88750e+02
          3466   3.94126e+02   3.46600e+03  -2.98924e+01   1.26093e+00   3.88833e+02
          3467   3.94205e+02   3.46700e+03  -2.98472e+01   1.25914e+00   3.88917e+02
          3468   3.94298e+02   3.46800e+03  -2.97984e+01   1.25735e+00   3.89000e+02
          3469   3.94381e+02   3.46900e+03  -2.97513e+01   1.25555e+00   3.89083e+02
          3470   3.94469e+02   3.47000e+03  -2.97039e+01   1.25378e+00   3.89167e+02
          3471   3.94548e+02   3.47100e+03  -2.96551e+01   1.25202e+00   3.89250e+02
          3472   3.94638e+02   3.47200e+03  -2.96038e+01   1.25019e+00   3.89333e+02
          3473   3.94737e+02   3.47300e+03  -2.95545e+01   1.24837e+00   3.89417e+02
          3474   3.94809e+02   3.47400e+03  -2.95068e+01   1.24655e+00   3.89500e+02
          3475   3.94896e+02   3.47500e+03  -2.94586e+01   1.24478e+00   3.89583e+02
          3476   3.94987e+02   3.47600e+03  -2.94073e+01   1.24299e+00   3.89667e+02
          3477   3.95076e+02   3.47700e+03  -2.93576e+01   1.24118e+00   3.89750e+02
          3478   3.95161e+02   3.47800e+03  -2.93075e+01   1.23939e+00   3.89833e+02
          3479   3.95250e+02   3.47900e+03  -2.92570e+01   1.23764e+00   3.89917e+02
          3480   3.95339e+02   3.48000e+03  -2.92031e+01   1.23590e+00   3.90000e+02
          3481   3.95418e+02   3.48100e+03  -2.91506e+01   1.23413e+00   3.90083e+02
          3482   3.95510e+02   3.48200e+03  -2.90984e+01   1.23233e+00   3.90167e+02
          3483   3.95596e+02   3.48300e+03  -2.90462e+01   1.23052e+00   3.90250e+02
          3484   3.95682e+02   3.48400e+03  -2.89943e+01   1.22868e+00   3.90333e+02
          3485   3.95772e+02   3.48500e+03  -2.89422e+01   1.22689e+00   3.90417e+02
          3486   3.95853e+02   3.48600e+03  -2.88906e+01   1.22509e+00   3.90500e+02
          3487   3.95942e+02   3.48700e+03  -2.88387e+01   1.22328e+00   3.90583e+02
          3488   3.96024e+02   3.48800e+03  -2.87852e+01   1.22143e+00   3.90667e+02
          3489   3.96112e+02   3.48900e+03  -2.87351e+01   1.21958e+00   3.90750e+02
          3490   3.96201e+02   3.49000e+03  -2.86847e+01   1.21770e+00   3.90833e+02
          3491   3.96284e+02   3.49100e+03  -2.86340e+01   1.21581e+00   3.90917e+02
          3492   3.96370e+02   3.49200e+03  -2.85873e+01   1.21384e+00   3.91000e+02
          3493   3.96466e+02   3.49300e+03  -2.85412e+01   1.21190e+00   3.91083e+02
          3494   3.96538e+02   3.49400e+03  -2.84941e+01   1.20994e+00   3.91167e+02
          3495   3.96633e+02   3.49500e+03  -2.84464e+01   1.20798e+00   3.91250e+02
          3496   3.96722e+02   3.49600e+03  -2.84026e+01   1.20597e+00   3.91333e+02
          3497   3.96805e+02   3.49700e+03  -2.83568e+01   1.20401e+00   3.91417e+02
          3498   3.96892e+02   3.49800e+03  -2.83098e+01   1.20211e+00   3.91500e+02
          3499   3.96981e+02   3.49900e+03  -2.82617e+01   1.20022e+00   3.91583e+02
          3500   3.97068e+02   3.50000e+03  -2.82139e+01   1.19836e+00   3.91667e+02
          3501   3.97145e+02   3.50100e+03  -2.81640e+01   1.19648e+00   3.91750e+02
          3502   3.97229e+02   3.50200e+03  -2.81135e+01   1.19459e+00   3.91833e+02
          3503   3.97327e+02   3.50300e+03  -2.80639e+01   1.19269e+00   3.91917e+02
          3504   3.97411e+02   3.50400e+03  -2.80118e+01   1.19081e+00   3.92000e+02
          3505   3.97498e+02   3.50500e+03  -2.79609e+01   1.18897e+00   3.92083e+02
          3506   3.97586e+02   3.50600e+03  -2.79106e+01   1.18714e+00   3.92167e+02
          3507   3.97677e+02   3.50700e+03  -2.78605e+01   1.18530e+00   3.92250e+02
          3508   3.97759e+02   3.50800e+03  -2.78004e+01   1.18346e+00   3.92333e+02
          3509   3.97849e+02   3.50900e+03  -2.77445e+01   1.18159e+00   3.92417e+02
          3510   3.97927e+02   3.51000e+03  -2.76900e+01   1.17971e+00   3.92500e+02
          3511   3.98013e+02   3.51100e+03  -2.76356e+01   1.17781e+00   3.92583e+02
          3512   3.98104e+02   3.51200e+03  -2.75790e+01   1.17588e+00   3.92667e+02
          3513   3.98192e+02   3.51300e+03  -2.75206e+01   1.17399e+00   3.92750e+02
          3514   3.98279e+02   3.51400e+03  -2.74607e+01   1.17205e+00   3.92833e+02
          3515   3.98371e+02   3.51500e+03  -2.73987e+01   1.17009e+00   3.92917e+02
          3516   3.98455e+02   3.51600e+03  -2.73279e+01   1.16822e+00   3.93000e+02
          3517   3.98548e+02   3.51700e+03  -2.72593e+01   1.16634e+00   3.93083e+02
          3518   3.98627e+02   3.51800e+03  -2.71896e+01   1.16446e+00   3.93167e+02
          3519   3.98719e+02   3.51900e+03  -2.71189e+01   1.16257e+00   3.93250e+02
          3520   3.98808e+02   3.52000e+03  -2.70443e+01   1.16071e+00   3.93333e+02
          3521   3.98891e+02   3.52100e+03  -2.69748e+01   1.15881e+00   3.93417e+02
          3522   3.98976e+02   3.52200e+03  -2.69052e+01   1.15689e+00   3.93500e+02
          3523   3.99068e+02   3.52300e+03  -2.68350e+01   1.15495e+00   3.93583e+02
          3524   3.99158e+02   3.52400e+03  -2.67574e+01   1.15297e+00   3.93667e+02
          3525   3.99246e+02   3.52500e+03  -2.66870e+01   1.15108e+00   3.93750e+02
          3526   3.99332e+02   3.52600e+03  -2.66188e+01   1.14920e+00   3.93833e+02
          3527   3.99424e+02   3.52700e+03  -2.65518e+01   1.14733e+00   3.93917e+02
          3528   3.99504e+02   3.52800e+03  -2.64904e+01   1.14546e+00   3.94000e+02
          3529   3.99589e+02   3.52900e+03  -2.64262e+01   1.14350e+00   3.94083e+02
          3530   3.99677e+02   3.53000e+03  -2.63612e+01   1.14150e+00   3.94167e+02
          3531   3.99771e+02   3.53100e+03  -2.62964e+01   1.13948e+00   3.94250e+02
          3532   3.99858e+02   3.53200e+03  -2.62384e+01   1.13732e+00   3.94333e+02
          3533   3.99947e+02   3.53300e+03  -2.61770e+01   1.13516e+00   3.94417e+02
          3534   4.00034e+02   3.53400e+03  -2.61150e+01   1.13300e+00   3.94500e+02
          3535   4.00118e+02   3.53500e+03  -2.60531e+01   1.13083e+00   3.94583e+02
          3536   4.00208e+02   3.53600e+03  -2.59970e+01   1.12864e+00   3.94667e+02
          3537   4.00290e+02   3.53700e+03  -2.59374e+01   1.12657e+00   3.94750e+02
          3538   4.00383e+02   3.53800e+03  -2.58772e+01   1.12455e+00   3.94833e+02
          3539   4.00468e+02   3.53900e+03  -2.58177e+01   1.12254e+00   3.94917e+02
          3540   4.00555e+02   3.54000e+03  -2.57594e+01   1.12067e+00   3.95000e+02
          3541   4.00639e+02   3.54100e+03  -2.57008e+01   1.11873e+00   3.95083e+02
          3542   4.00733e+02   3.54200e+03  -2.56432e+01   1.11679e+00   3.95167e+02
          3543   4.00815e+02   3.54300e+03  -2.55870e+01   1.11484e+00   3.95250e+02
          3544   4.00901e+02   3.54400e+03  -2.55307e+01   1.11289e+00   3.95333e+02
          3545   4.00980e+02   3.54500e+03  -2.54727e+01   1.11093e+00   3.95417e+02
          3546   4.01078e+02   3.54600e+03  -2.54152e+01   1.10896e+00   3.95500e+02
          3547   4.01166e+02   3.54700e+03  -2.53591e+01   1.10698e+00   3.95583e+02
          3548   4.01254e+02   3.54800e+03  -2.53054e+01   1.10498e+00   3.95667e+02
          3549   4.01333e+02   3.54900e+03  -2.52509e+01   1.10299e+00   3.95750e+02
          3550   4.01427e+02   3.55000e+03  -2.51969e+01   1.10099e+00   3.95833e+02
          3551   4.01518e+02   3.55100e+03  -2.51440e+01   1.09900e+00   3.95917e+02
          3552   4.01602e+02   3.55200e+03  -2.50939e+01   1.09700e+00   3.96000e+02
          3553   4.01690e+02   3.55300e+03  -2.50435e+01   1.09500e+00   3.96083e+02
          3554   4.01775e+02   3.55400e+03  -2.49940e+01   1.09297e+00   3.96167e+02
          3555   4.01869e+02   3.55500e+03  -2.49449e+01   1.09089e+00   3.96250e+02
          3556   4.01952e+02   3.55600e+03  -2.49024e+01   1.08877e+00   3.96333e+02
          3557   4.02042e+02   3.55700e+03  -2.48596e+01   1.08665e+00   3.96417e+02
          3558   4.02128e+02   3.55800e+03  -2.48179e+01   1.08454e+00   3.96500e+02
          3559   4.02207e+02   3.55900e+03  -2.47771e+01   1.08243e+00   3.96583e+02
          3560   4.02294e+02   3.56000e+03  -2.47440e+01   1.08029e+00   3.96667e+02
          3561   4.02385e+02   3.56100e+03  -2.47068e+01   1.07819e+00   3.96750e+02
          3562   4.02462e+02   3.56200e+03  -2.46696e+01   1.07609e+00   3.96833e+02
          3563   4.02554e+02   3.56300e+03  -2.46346e+01   1.07394e+00   3.96917e+02
          3564   4.02640e+02   3.56400e+03  -2.46052e+01   1.07182e+00   3.97000e+02
          3565   4.02724e+02   3.56500e+03  -2.45696e+01   1.06969e+00   3.97083e+02
          3566   4.02805e+02   3.56600e+03  -2.45327e+01   1.06756e+00   3.97167e+02
          3567   4.02899e+02   3.56700e+03  -2.44950e+01   1.06544e+00   3.97250e+02
          3568   4.02982e+02   3.56800e+03  -2.44602e+01   1.06330e+00   3.97333e+02
          3569   4.03074e+02   3.56900e+03  -2.44220e+01   1.06120e+00   3.97417e+02
          3570   4.03155e+02   3.57000e+03  -2.43806e+01   1.05912e+00   3.97500e+02
          3571   4.03239e+02   3.57100e+03  -2.43370e+01   1.05705e+00   3.97583e+02
          3572   4.03328e+02   3.57200e+03  -2.42893e+01   1.05506e+00   3.97667e+02
          3573   4.03422e+02   3.57300e+03  -2.42444e+01   1.05304e+00   3.97750e+02
          3574   4.03508e+02   3.57400e+03  -2.41988e+01   1.05102e+00   3.97833e+02
          3575   4.03585e+02   3.57500e+03  -2.41529e+01   1.04901e+00   3.97917e+02
          3576   4.03675e+02   3.57600e+03  -2.40966e+01   1.04701e+00   3.98000e+02
          3577   4.03765e+02   3.57700e+03  -2.40463e+01   1.04501e+00   3.98083e+02
          3578   4.03839e+02   3.57800e+03  -2.39973e+01   1.04300e+00   3.98167e+02
          3579   4.03937e+02   3.57900e+03  -2.39475e+01   1.04100e+00   3.98250e+02
          3580   4.04034e+02   3.58000e+03  -2.38895e+01   1.03900e+00   3.98333e+02
          3581   4.04119e+02   3.58100e+03  -2.38338e+01   1.03700e+00   3.98417e+02
          3582   4.04193e+02   3.58200e+03  -2.37772e+01   1.03497e+00   3.98500e+02
          3583   4.04288e+02   3.58300e+03  -2.37199e+01   1.03289e+00   3.98583e+02
          3584   4.04369e+02   3.58400e+03  -2.36594e+01   1.03077e+00   3.98667e+02
          3585   4.04460e+02   3.58500e+03  -2.35990e+01   1.02865e+00   3.98750e+02
          3586   4.04556e+02   3.58600e+03  -2.35377e+01   1.02654e+00   3.98833e+02
          3587   4.04643e+02   3.58700e+03  -2.34753e+01   1.02443e+00   3.98917e+02
          3588   4.04735e+02   3.58800e+03  -2.34057e+01   1.02229e+00   3.99000e+02
          3589   4.04823e+02   3.58900e+03  -2.33402e+01   1.02019e+00   3.99083e+02
          3590   4.04908e+02   3.59000e+03  -2.32745e+01   1.01809e+00   3.99167e+02
          3591   4.04993e+02   3.59100e+03  -2.32080e+01   1.01594e+00   3.99250e+02
          3592   4.05075e+02   3.59200e+03  -2.31362e+01   1.01382e+00   3.99333e+02
          3593   4.05171e+02   3.59300e+03  -2.30674e+01   1.01169e+00   3.99417e+02
          3594   4.05246e+02   3.59400e+03  -2.29985e+01   1.00956e+00   3.99500e+02
          3595   4.05346e+02   3.59500e+03  -2.29277e+01   1.00744e+00   3.99583e+02
          3596   4.05431e+02   3.59600e+03  -2.28548e+01   1.00530e+00   3.99667e+02
          3597   4.05518e+02   3.59700e+03  -2.27822e+01   1.00317e+00   3.99750e+02
          3598   4.05592e+02   3.59800e+03  -2.27090e+01   1.00100e+00   3.99833e+02
          3599   4.05687e+02   3.59900e+03  -2.26350e+01   9.98826e-01   3.99917e+02
          3600   4.05783e+02   3.60000e+03  -2.25579e+01   9.96695e-01   4.00000e+02
          3601   4.05868e+02   3.60100e+03  -2.24819e+01   9.94557e-01   4.00083e+02
          3602   4.05950e+02   3.60200e+03  -2.24041e+01   9.92403e-01   4.00167e+02
          3603   4.06040e+02   3.60300e+03  -2.23258e+01   9.90203e-01   4.00250e+02
          3604   4.06133e+02   3.60400e+03  -2.22405e+01   9.87992e-01   4.00333e+02
          3605   4.06221e+02   3.60500e+03  -2.21586e+01   9.85802e-01   4.00417e+02
          3606   4.06305e+02   3.60600e+03  -2.20764e+01   9.83629e-01   4.00500e+02
          3607   4.06400e+02   3.60700e+03  -2.19956e+01   9.81467e-01   4.00583e+02
          3608   4.06477e+02   3.60800e+03  -2.19105e+01   9.79302e-01   4.00667e+02
          3609   4.06571e+02   3.60900e+03  -2.18263e+01   9.77100e-01   4.00750e+02
          3610   4.06664e+02   3.61000e+03  -2.17388e+01   9.74904e-01   4.00833e+02
          3611   4.06747e+02   3.61100e+03  -2.16489e+01   9.72719e-01   4.00917e+02
          3612   4.06837e+02   3.61200e+03  -2.15504e+01   9.70562e-01   4.01000e+02
          3613   4.06922e+02   3.61300e+03  -2.14536e+01   9.68392e-01   4.01083e+02
          3614   4.07013e+02   3.61400e+03  -2.13568e+01   9.66180e-01   4.01167e+02
          3615   4.07094e+02   3.61500e+03  -2.12598e+01   9.63969e-01   4.01250e+02
          3616   4.07192e+02   3.61600e+03  -2.11554e+01   9.61791e-01   4.01333e+02
          3617   4.07278e+02   3.61700e+03  -2.10536e+01   9.59621e-01   4.01417e+02
          3618   4.07368e+02   3.61800e+03  -2.09523e+01   9.57468e-01   4.01500e+02
          3619   4.07461e+02   3.61900e+03  -2.08507e+01   9.55330e-01   4.01583e+02
          3620   4.07553e+02   3.62000e+03  -2.07374e+01   9.53134e-01   4.01667e+02
          3621   4.07630e+02   3.62100e+03  -2.06357e+01   9.50940e-01   4.01750e+02
          3622   4.07726e+02   3.62200e+03  -2.05374e+01   9.48761e-01   4.01833e+02
          3623   4.07809e+02   3.62300e+03  -2.04400e+01   9.46592e-01   4.01917e+02
          3624   4.07900e+02   3.62400e+03  -2.03428e+01   9.44374e-01   4.02000e+02
          3625   4.07991e+02   3.62500e+03  -2.02428e+01   9.42147e-01   4.02083e+02
          3626   4.08078e+02   3.62600e+03  -2.01429e+01   9.39906e-01   4.02167e+02
          3627   4.08170e+02   3.62700e+03  -2.00460e+01   9.37621e-01   4.02250e+02
          3628   4.08255e+02   3.62800e+03  -1.99551e+01   9.35232e-01   4.02333e+02
          3629   4.08344e+02   3.62900e+03  -1.98578e+01   9.32833e-01   4.02417e+02
          3630   4.08424e+02   3.63000e+03  -1.97605e+01   9.30394e-01   4.02500e+02
          3631   4.08510e+02   3.63100e+03  -1.96636e+01   9.27958e-01   4.02583e+02
          3632   4.08605e+02   3.63200e+03  -1.95646e+01   9.25434e-01   4.02667e+02
          3633   4.08696e+02   3.63300e+03  -1.94636e+01   9.23018e-01   4.02750e+02
          3634   4.08789e+02   3.63400e+03  -1.93610e+01   9.20606e-01   4.02833e+02
          3635   4.08880e+02   3.63500e+03  -1.92575e+01   9.18218e-01   4.02917e+02
          3636   4.08960e+02   3.63600e+03  -1.91502e+01   9.16010e-01   4.03000e+02
          3637   4.09053e+02   3.63700e+03  -1.90405e+01   9.13766e-01   4.03083e+02
          3638   4.09143e+02   3.63800e+03  -1.89298e+01   9.11521e-01   4.03167e+02
          3639   4.09226e+02   3.63900e+03  -1.88191e+01   9.09246e-01   4.03250e+02
          3640   4.09323e+02   3.64000e+03  -1.86968e+01   9.07051e-01   4.03333e+02
          3641   4.09412e+02   3.64100e+03  -1.85794e+01   9.04814e-01   4.03417e+02
          3642   4.09506e+02   3.64200e+03  -1.84622e+01   9.02531e-01   4.03500e+02
          3643   4.09591e+02   3.64300e+03  -1.83448e+01   9.00250e-01   4.03583e+02
          3644   4.09680e+02   3.64400e+03  -1.82106e+01   8.97948e-01   4.03667e+02
          3645   4.09767e+02   3.64500e+03  -1.80836e+01   8.95625e-01   4.03750e+02
          3646   4.09861e+02   3.64600e+03  -1.79572e+01   8.93318e-01   4.03833e+02
          3647   4.09950e+02   3.64700e+03  -1.78302e+01   8.91028e-01   4.03917e+02
          3648   4.10037e+02   3.64800e+03  -1.76976e+01   8.88668e-01   4.04000e+02
          3649   4.10137e+02   3.64900e+03  -1.75682e+01   8.86314e-01   4.04083e+02
          3650   4.10229e+02   3.65000e+03  -1.74401e+01   8.83932e-01   4.04167e+02
          3651   4.10314e+02   3.65100e+03  -1.73130e+01   8.81559e-01   4.04250e+02
          3652   4.10404e+02   3.65200e+03  -1.71812e+01   8.79077e-01   4.04333e+02
          3653   4.10504e+02   3.65300e+03  -1.70544e+01   8.76633e-01   4.04417e+02
          3654   4.10587e+02   3.65400e+03  -1.69284e+01   8.74173e-01   4.04500e+02
          3655   4.10683e+02   3.65500e+03  -1.68019e+01   8.71729e-01   4.04583e+02
          3656   4.10768e+02   3.65600e+03  -1.66787e+01   8.69287e-01   4.04667e+02
          3657   4.10860e+02   3.65700e+03  -1.65540e+01   8.66849e-01   4.04750e+02
          3658   4.10951e+02   3.65800e+03  -1.64298e+01   8.64421e-01   4.04833e+02
          3659   4.11038e+02   3.65900e+03  -1.63069e+01   8.61970e-01   4.04917e+02
          3660   4.11128e+02   3.66000e+03  -1.61950e+01   8.59584e-01   4.05000e+02
          3661   4.11219e+02   3.66100e+03  -1.60798e+01   8.57142e-01   4.05083e+02
          3662   4.11304e+02   3.66200e+03  -1.59646e+01   8.54695e-01   4.05167e+02
          3663   4.11395e+02   3.66300e+03  -1.58492e+01   8.52219e-01   4.05250e+02
          3664   4.11480e+02   3.66400e+03  -1.57399e+01   8.49731e-01   4.05333e+02
          3665   4.11574e+02   3.66500e+03  -1.56308e+01   8.47239e-01   4.05417e+02
          3666   4.11677e+02   3.66600e+03  -1.55231e+01   8.44756e-01   4.05500e+02
          3667   4.11765e+02   3.66700e+03  -1.54170e+01   8.42247e-01   4.05583e+02
          3668   4.11846e+02   3.66800e+03  -1.53237e+01   8.39761e-01   4.05667e+02
          3669   4.11933e+02   3.66900e+03  -1.52233e+01   8.37259e-01   4.05750e+02
          3670   4.12027e+02   3.67000e+03  -1.51226e+01   8.34766e-01   4.05833e+02
          3671   4.12114e+02   3.67100e+03  -1.50229e+01   8.32250e-01   4.05917e+02
          3672   4.12209e+02   3.67200e+03  -1.49345e+01   8.29767e-01   4.06000e+02
          3673   4.12297e+02   3.67300e+03  -1.48408e+01   8.27263e-01   4.06083e+02
          3674   4.12378e+02   3.67400e+03  -1.47460e+01   8.24768e-01   4.06167e+02
          3675   4.12477e+02   3.67500e+03  -1.46507e+01   8.22250e-01   4.06250e+02
          3676   4.12557e+02   3.67600e+03  -1.45626e+01   8.19767e-01   4.06333e+02
          3677   4.12663e+02   3.67700e+03  -1.44703e+01   8.17263e-01   4.06417e+02
          3678   4.12737e+02   3.67800e+03  -1.43780e+01   8.14768e-01   4.06500e+02
          3679   4.12813e+02   3.67900e+03  -1.42865e+01   8.12250e-01   4.06583e+02
          3680   4.12913e+02   3.68000e+03  -1.41970e+01   8.09767e-01   4.06667e+02
          3681   4.12997e+02   3.68100e+03  -1.41057e+01   8.07264e-01   4.06750e+02
          3682   4.13094e+02   3.68200e+03  -1.40141e+01   8.04768e-01   4.06833e+02
          3683   4.13185e+02   3.68300e+03  -1.39224e+01   8.02250e-01   4.06917e+02
          3684   4.13268e+02   3.68400e+03  -1.38292e+01   7.99768e-01   4.07000e+02
          3685   4.13353e+02   3.68500e+03  -1.37392e+01   7.97236e-01   4.07083e+02
          3686   4.13445e+02   3.68600e+03  -1.36510e+01   7.94678e-01   4.07167e+02
          3687   4.13544e+02   3.68700e+03  -1.35637e+01   7.92139e-01   4.07250e+02
          3688   4.13628e+02   3.68800e+03  -1.34764e+01   7.89554e-01   4.07333e+02
          3689   4.13706e+02   3.68900e+03  -1.33865e+01   7.86997e-01   4.07417e+02
          3690   4.13793e+02   3.69000e+03  -1.32961e+01   7.84437e-01   4.07500e+02
          3691   4.13888e+02   3.69100e+03  -1.32055e+01   7.81904e-01   4.07583e+02
          3692   4.13978e+02   3.69200e+03  -1.31145e+01   7.79313e-01   4.07667e+02
          3693   4.14062e+02   3.69300e+03  -1.30212e+01   7.76718e-01   4.07750e+02
          3694   4.14147e+02   3.69400e+03  -1.29292e+01   7.74140e-01   4.07833e+02
          3695   4.14234e+02   3.69500e+03  -1.28386e+01   7.71545e-01   4.07917e+02
          3696   4.14322e+02   3.69600e+03  -1.27440e+01   7.68965e-01   4.08000e+02
          3697   4.14420e+02   3.69700e+03  -1.26503e+01   7.66394e-01   4.08083e+02
          3698   4.14509e+02   3.69800e+03  -1.25562e+01   7.63846e-01   4.08167e+02
          3699   4.14594e+02   3.69900e+03  -1.24626e+01   7.61283e-01   4.08250e+02
          3700   4.14692e+02   3.70000e+03  -1.23603e+01   7.58807e-01   4.08333e+02
          3701   4.14777e+02   3.70100e+03  -1.22610e+01   7.56290e-01   4.08417e+02
          3702   4.14869e+02   3.70200e+03  -1.21616e+01   7.53782e-01   4.08500e+02
          3703   4.14957e+02   3.70300e+03  -1.20609e+01   7.51254e-01   4.08583e+02
          3704   4.15038e+02   3.70400e+03  -1.19573e+01   7.48663e-01   4.08667e+02
          3705   4.15134e+02   3.70500e+03  -1.18527e+01   7.46046e-01   4.08750e+02
          3706   4.15225e+02   3.70600e+03  -1.17441e+01   7.43437e-01   4.08833e+02
          3707   4.15314e+02   3.70700e+03  -1.16325e+01   7.40806e-01   4.08917e+02
          3708   4.15402e+02   3.70800e+03  -1.15100e+01   7.38040e-01   4.09000e+02
          3709   4.15487e+02   3.70900e+03  -1.13910e+01   7.35366e-01   4.09083e+02
          3710   4.15584e+02   3.71000e+03  -1.12737e+01   7.32711e-01   4.09167e+02
          3711   4.15664e+02   3.71100e+03  -1.11609e+01   7.30089e-01   4.09250e+02
          3712   4.15764e+02   3.71200e+03  -1.10087e+01   7.27455e-01   4.09333e+02
          3713   4.15855e+02   3.71300e+03  -1.08741e+01   7.24812e-01   4.09417e+02
          3714   4.15944e+02   3.71400e+03  -1.07449e+01   7.22194e-01   4.09500e+02
          3715   4.16032e+02   3.71500e+03  -1.06094e+01   7.19565e-01   4.09583e+02
          3716   4.16122e+02   3.71600e+03  -1.04386e+01   7.16909e-01   4.09667e+02
          3717   4.16218e+02   3.71700e+03  -1.02844e+01   7.14280e-01   4.09750e+02
          3718   4.16307e+02   3.71800e+03  -1.01341e+01   7.11628e-01   4.09833e+02
          3719   4.16395e+02   3.71900e+03  -9.98972e+00   7.08952e-01   4.09917e+02
          3720   4.16494e+02   3.72000e+03  -9.80243e+00   7.06304e-01   4.10000e+02
          3721   4.16585e+02   3.72100e+03  -9.63326e+00   7.03640e-01   4.10083e+02
          3722   4.16682e+02   3.72200e+03  -9.47362e+00   7.00941e-01   4.10167e+02
          3723   4.16766e+02   3.72300e+03  -9.31346e+00   6.98217e-01   4.10250e+02
          3724   4.16857e+02   3.72400e+03  -9.10880e+00   6.95554e-01   4.10333e+02
          3725   4.16949e+02   3.72500e+03  -8.92604e+00   6.92854e-01   4.10417e+02
          3726   4.17042e+02   3.72600e+03  -8.74131e+00   6.90117e-01   4.10500e+02
          3727   4.17133e+02   3.72700e+03  -8.56106e+00   6.87357e-01   4.10583e+02
          3728   4.17228e+02   3.72800e+03  -8.32881e+00   6.84564e-01   4.10667e+02
          3729   4.17318e+02   3.72900e+03  -8.11517e+00   6.81811e-01   4.10750e+02
          3730   4.17424e+02   3.73000e+03  -7.90237e+00   6.79045e-01   4.10833e+02
          3731   4.17510e+02   3.73100e+03  -7.68594e+00   6.76262e-01   4.10917e+02
          3732   4.17600e+02   3.73200e+03  -7.43129e+00   6.73412e-01   4.11000e+02
          3733   4.17705e+02   3.73300e+03  -7.19522e+00   6.70563e-01   4.11083e+02
          3734   4.17797e+02   3.73400e+03  -6.96148e+00   6.67693e-01   4.11167e+02
          3735   4.17895e+02   3.73500e+03  -6.73313e+00   6.64807e-01   4.11250e+02
          3736   4.17991e+02   3.73600e+03  -6.47126e+00   6.61869e-01   4.11333e+02
          3737   4.18083e+02   3.73700e+03  -6.23809e+00   6.59012e-01   4.11417e+02
          3738   4.18180e+02   3.73800e+03  -5.99211e+00   6.56164e-01   4.11500e+02
          3739   4.18270e+02   3.73900e+03  -5.72764e+00   6.53312e-01   4.11583e+02
          3740   4.18368e+02   3.74000e+03  -5.43962e+00   6.50473e-01   4.11667e+02
          3741   4.18463e+02   3.74100e+03  -5.13096e+00   6.47603e-01   4.11750e+02
          3742   4.18566e+02   3.74200e+03  -4.79909e+00   6.44714e-01   4.11833e+02
          3743   4.18663e+02   3.74300e+03  -4.47292e+00   6.41812e-01   4.11917e+02
          3744   4.18763e+02   3.74400e+03  -4.11982e+00   6.38740e-01   4.12000e+02
          3745   4.18859e+02   3.74500e+03  -3.78839e+00   6.35679e-01   4.12083e+02
          3746   4.18957e+02   3.74600e+03  -3.46615e+00   6.32610e-01   4.12167e+02
          3747   4.19049e+02   3.74700e+03  -3.14324e+00   6.29535e-01   4.12250e+02
          3748   4.19149e+02   3.74800e+03  -2.80537e+00   6.26327e-01   4.12333e+02
          3749   4.19242e+02   3.74900e+03  -2.46452e+00   6.23215e-01   4.12417e+02
          3750   4.19353e+02   3.75000e+03  -2.12588e+00   6.20104e-01   4.12500e+02
          3751   4.19452e+02   3.75100e+03  -1.80221e+00   6.16948e-01   4.12583e+02
          3752   4.19553e+02   3.75200e+03  -1.43940e+00   6.13833e-01   4.12667e+02
          3753   4.19647e+02   3.75300e+03  -1.09426e+00   6.10697e-01   4.12750e+02
          3754   4.19747e+02   3.75400e+03  -7.51183e-01   6.07537e-01   4.12833e+02
          3755   4.19847e+02   3.75500e+03  -4.08084e-01   6.04328e-01   4.12917e+02
          3756   4.19951e+02   3.75600e+03  -7.09013e-03   6.01064e-01   4.13000e+02
          3757   4.20048e+02   3.75700e+03   3.80965e-01   5.97849e-01   4.13083e+02
          3758   4.20146e+02   3.75800e+03   7.79139e-01   5.94658e-01   4.13167e+02
          3759   4.20259e+02   3.75900e+03   1.21651e+00   5.91481e-01   4.13250e+02
          3760   4.20357e+02   3.76000e+03   1.66126e+00   5.88234e-01   4.13333e+02
          3761   4.20458e+02   3.76100e+03   2.10560e+00   5.84978e-01   4.13417e+02
          3762   4.20570e+02   3.76200e+03   2.57751e+00   5.81682e-01   4.13500e+02
          3763   4.20672e+02   3.76300e+03   3.07734e+00   5.78387e-01   4.13583e+02
          3764   4.21184e+02   3.76400e+03   8.68872e+00   5.74891e-01   4.13667e+02
          3765   4.21594e+02   3.76500e+03   1.69861e+01   5.71255e-01   4.13750e+02
          3766   4.21806e+02   3.76600e+03   2.18791e+01   5.67301e-01   4.13833e+02
          3767   4.21890e+02   3.76700e+03   2.48487e+01   5.63043e-01   4.13917e+02
          3768   4.21900e+02   3.76800e+03   2.30142e+01   5.57777e-01   4.14000e+02
          3769   4.21928e+02   3.76900e+03   2.13476e+01   5.52293e-01   4.14083e+02
          3770   4.21978e+02   3.77000e+03   2.02072e+01   5.46482e-01   4.14167e+02
          3771   4.22026e+02   3.77100e+03   1.93640e+01   5.40449e-01   4.14250e+02
          3772   4.22087e+02   3.77200e+03   1.87362e+01   5.33008e-01   4.14333e+02
          3773   4.22154e+02   3.77300e+03   1.81749e+01   5.26346e-01   4.14417e+02
          3774   4.22229e+02   3.77400e+03   1.76932e+01   5.19928e-01   4.14500e+02
          3775   4.22301e+02   3.77500e+03   1.72405e+01   5.13605e-01   4.14583e+02
          3776   4.22376e+02   3.77600e+03   1.68151e+01   5.07725e-01   4.14667e+02
          3777   4.22452e+02   3.77700e+03   1.63820e+01   5.02078e-01   4.14750e+02
          3778   4.22533e+02   3.77800e+03   1.59724e+01   4.96733e-01   4.14833e+02
          3779   4.22609e+02   3.77900e+03   1.55885e+01   4.91623e-01   4.14917e+02
          3780   4.22746e+02   3.78000e+03   1.99521e+01   4.87593e-01   4.15000e+02
          3781   4.24045e+02   3.78100e+03   3.50594e+01   4.83043e-01   4.15083e+02
          3782   4.24857e+02   3.78200e+03   5.41777e+01   4.78131e-01   4.15167e+02
          3783   4.25807e+02   3.78300e+03   7.38830e+01   4.72958e-01   4.15250e+02
          3784   4.26599e+02   3.78400e+03   9.27165e+01   4.68240e-01   4.15333e+02
          3785   4.27030e+02   3.78500e+03   1.06724e+02   4.62706e-01   4.15417e+02
          3786   4.27175e+02   3.78600e+03   1.13791e+02   4.55410e-01   4.15500e+02
          3787   4.27206e+02   3.78700e+03   1.16497e+02   4.47333e-01   4.15583e+02
          3788   4.27172e+02   3.78800e+03   1.13590e+02   4.32472e-01   4.15667e+02
          3789   4.27041e+02   3.78900e+03   1.10148e+02   4.15106e-01   4.15750e+02
          3790   4.27400e+02   3.79000e+03   1.09164e+02   3.96651e-01   4.15833e+02
          3791   4.27294e+02   3.79100e+03   1.09528e+02   3.78259e-01   4.15917e+02
          3792   4.27136e+02   3.79200e+03   1.03900e+02   3.60231e-01   4.16000e+02
          3793   4.27601e+02   3.79300e+03   1.03549e+02   3.42635e-01   4.16083e+02
          3794   4.27412e+02   3.79400e+03   1.00972e+02   3.25249e-01   4.16167e+02
          3795   4.27167e+02   3.79500e+03   9.36468e+01   3.08857e-01   4.16250e+02
          3796   4.26973e+02   3.79600e+03   8.60555e+01   2.95024e-01   4.16333e+02
          3797   4.26816e+02   3.79700e+03   7.93636e+01   2.81158e-01   4.16417e+02
          3798   4.26684e+02   3.79800e+03   7.32963e+01   2.69458e-01   4.16500e+02
          3799   4.26568e+02   3.79900e+03   6.75928e+01   2.58143e-01   4.16583e+02
          3800   4.26478e+02   3.80000e+03   6.22594e+01   2.49719e-01   4.16667e+02
          3801   4.26389e+02   3.80100e+03   5.71649e+01   2.41371e-01   4.16750e+02
          3802   4.26304e+02   3.80200e+03   5.22579e+01   2.33960e-01   4.16833e+02
          3803   4.26230e+02   3.80300e+03   4.75769e+01   2.27286e-01   4.16917e+02
          3804   4.26171e+02   3.80400e+03   4.31434e+01   2.23597e-01   4.17000e+02
          3805   4.26108e+02   3.80500e+03   3.89516e+01   2.19940e-01   4.17083e+02
          3806   4.26057e+02   3.80600e+03   3.49415e+01   2.16173e-01   4.17167e+02
          3807   4.26015e+02   3.80700e+03   3.10650e+01   2.12698e-01   4.17250e+02
          3808   4.25973e+02   3.80800e+03   2.75059e+01   2.10831e-01   4.17333e+02
          3809   4.25947e+02   3.80900e+03   2.40903e+01   2.08527e-01   4.17417e+02
          3810   4.25921e+02   3.81000e+03   2.08580e+01   2.06283e-01   4.17500e+02
          3811   4.25899e+02   3.81100e+03   1.77384e+01   2.04189e-01   4.17583e+02
          3812   4.25887e+02   3.81200e+03   1.48683e+01   2.02760e-01   4.17667e+02
          3813   4.25868e+02   3.81300e+03   1.21188e+01   2.01092e-01   4.17750e+02
          3814   4.25856e+02   3.81400e+03   9.51368e+00   1.99416e-01   4.17833e+02
          3815   4.25849e+02   3.81500e+03   6.99679e+00   1.97799e-01   4.17917e+02
          3816   4.25846e+02   3.81600e+03   4.68059e+00   1.96406e-01   4.18000e+02
          3817   4.25858e+02   3.81700e+03   2.46218e+00   1.94930e-01   4.18083e+02
          3818   4.25862e+02   3.81800e+03   3.62542e-01   1.93489e-01   4.18167e+02
          3819   4.25874e+02   3.81900e+03  -1.66169e+00   1.92089e-01   4.18250e+02
          3820   4.25887e+02   3.82000e+03  -3.50924e+00   1.90754e-01   4.18333e+02
          3821   4.25904e+02   3.82100e+03  -5.28418e+00   1.89399e-01   4.18417e+02
          3822   4.25923e+02   3.82200e+03  -6.95242e+00   1.88079e-01   4.18500e+02
          3823   4.25955e+02   3.82300e+03  -8.56263e+00   1.86788e-01   4.18583e+02
          3824   4.25969e+02   3.82400e+03  -9.98705e+00   1.85539e-01   4.18667e+02
          3825   4.26001e+02   3.82500e+03  -1.14010e+01   1.84257e-01   4.18750e+02
          3826   4.26021e+02   3.82600e+03  -1.27678e+01   1.82995e-01   4.18833e+02
          3827   4.26040e+02   3.82700e+03  -1.41197e+01   1.81754e-01   4.18917e+02
          3828   4.26083e+02   3.82800e+03  -1.52834e+01   1.80608e-01   4.19000e+02
          3829   4.26120e+02   3.82900e+03  -1.63939e+01   1.79423e-01   4.19083e+02
          3830   4.26152e+02   3.83000e+03  -1.74747e+01   1.78196e-01   4.19167e+02
          3831   4.26201e+02   3.83100e+03  -1.85238e+01   1.76973e-01   4.19250e+02
          3832   4.26232e+02   3.83200e+03  -1.94986e+01   1.75799e-01   4.19333e+02
          3833   4.26268e+02   3.83300e+03  -2.04452e+01   1.74598e-01   4.19417e+02
          3834   4.26306e+02   3.83400e+03  -2.12998e+01   1.73353e-01   4.19500e+02
          3835   4.26355e+02   3.83500e+03  -2.21367e+01   1.72108e-01   4.19583e+02
          3836   4.26402e+02   3.83600e+03  -2.28840e+01   1.70882e-01   4.19667e+02
          3837   4.26453e+02   3.83700e+03  -2.36012e+01   1.69681e-01   4.19750e+02
          3838   4.26505e+02   3.83800e+03  -2.42757e+01   1.68504e-01   4.19833e+02
          3839   4.26556e+02   3.83900e+03  -2.49405e+01   1.67345e-01   4.19917e+02
          3840   4.26598e+02   3.84000e+03  -2.55407e+01   1.66263e-01   4.20000e+02
          3841   4.26654e+02   3.84100e+03  -2.61403e+01   1.65174e-01   4.20083e+02
          3842   4.26715e+02   3.84200e+03  -2.66871e+01   1.64100e-01   4.20167e+02
          3843   4.26768e+02   3.84300e+03  -2.72269e+01   1.63038e-01   4.20250e+02
          3844   4.26820e+02   3.84400e+03  -2.76929e+01   1.62023e-01   4.20333e+02
          3845   4.26876e+02   3.84500e+03  -2.81583e+01   1.60916e-01   4.20417e+02
          3846   4.26931e+02   3.84600e+03  -2.86001e+01   1.59793e-01   4.20500e+02
          3847   4.26996e+02   3.84700e+03  -2.90097e+01   1.58671e-01   4.20583e+02
          3848   4.27049e+02   3.84800e+03  -2.93727e+01   1.57506e-01   4.20667e+02
          3849   4.27108e+02   3.84900e+03  -2.97623e+01   1.56383e-01   4.20750e+02
          3850   4.27170e+02   3.85000e+03  -3.01541e+01   1.55279e-01   4.20833e+02
          3851   4.27228e+02   3.85100e+03  -3.05274e+01   1.54186e-01   4.20917e+02
          3852   4.27278e+02   3.85200e+03  -3.08525e+01   1.53145e-01   4.21000e+02
          3853   4.27339e+02   3.85300e+03  -3.11847e+01   1.52069e-01   4.21083e+02
          3854   4.27402e+02   3.85400e+03  -3.15080e+01   1.50937e-01   4.21167e+02
          3855   4.27470e+02   3.85500e+03  -3.18183e+01   1.49798e-01   4.21250e+02
          3856   4.27536e+02   3.85600e+03  -3.20797e+01   1.48664e-01   4.21333e+02
          3857   4.27583e+02   3.85700e+03  -3.23539e+01   1.47537e-01   4.21417e+02
          3858   4.27655e+02   3.85800e+03  -3.26030e+01   1.46419e-01   4.21500e+02
          3859   4.27726e+02   3.85900e+03  -3.28526e+01   1.45311e-01   4.21583e+02
          3860   4.27794e+02   3.86000e+03  -3.30373e+01   1.44220e-01   4.21667e+02
          3861   4.27850e+02   3.86100e+03  -3.32410e+01   1.43146e-01   4.21750e+02
          3862   4.27917e+02   3.86200e+03  -3.34407e+01   1.42086e-01   4.21833e+02
          3863   4.27986e+02   3.86300e+03  -3.36437e+01   1.41035e-01   4.21917e+02
          3864   4.28054e+02   3.86400e+03  -3.37936e+01   1.40043e-01   4.22000e+02
          3865   4.28131e+02   3.86500e+03  -3.39715e+01   1.39029e-01   4.22083e+02
          3866   4.28192e+02   3.86600e+03  -3.41520e+01   1.38015e-01   4.22167e+02
          3867   4.28262e+02   3.86700e+03  -3.43310e+01   1.37004e-01   4.22250e+02
          3868   4.28328e+02   3.86800e+03  -3.44799e+01   1.36007e-01   4.22333e+02
          3869   4.28393e+02   3.86900e+03  -3.46420e+01   1.35033e-01   4.22417e+02
          3870   4.28467e+02   3.87000e+03  -3.48047e+01   1.34120e-01   4.22500e+02
          3871   4.28530e+02   3.87100e+03  -3.49661e+01   1.33223e-01   4.22583e+02
          3872   4.28602e+02   3.87200e+03  -3.51113e+01   1.32365e-01   4.22667e+02
          3873   4.28675e+02   3.87300e+03  -3.52648e+01   1.31483e-01   4.22750e+02
          3874   4.28741e+02   3.87400e+03  -3.54199e+01   1.30590e-01   4.22833e+02
          3875   4.28806e+02   3.87500e+03  -3.55752e+01   1.29691e-01   4.22917e+02
          3876   4.28876e+02   3.87600e+03  -3.57173e+01   1.28785e-01   4.23000e+02
          3877   4.28959e+02   3.87700e+03  -3.58643e+01   1.27858e-01   4.23083e+02
          3878   4.29022e+02   3.87800e+03  -3.60122e+01   1.26916e-01   4.23167e+02
          3879   4.29089e+02   3.87900e+03  -3.61604e+01   1.25966e-01   4.23250e+02
          3880   4.29160e+02   3.88000e+03  -3.63035e+01   1.24958e-01   4.23333e+02
          3881   4.29228e+02   3.88100e+03  -3.64476e+01   1.23972e-01   4.23417e+02
          3882   4.29299e+02   3.88200e+03  -3.65891e+01   1.22985e-01   4.23500e+02
          3883   4.29378e+02   3.88300e+03  -3.67288e+01   1.21996e-01   4.23583e+02
          3884   4.29441e+02   3.88400e+03  -3.68650e+01   1.20993e-01   4.23667e+02
          3885   4.29508e+02   3.88500e+03  -3.70054e+01   1.19995e-01   4.23750e+02
          3886   4.29581e+02   3.88600e+03  -3.71482e+01   1.18998e-01   4.23833e+02
          3887   4.29657e+02   3.88700e+03  -3.72936e+01   1.18000e-01   4.23917e+02
          3888   4.29733e+02   3.88800e+03  -3.74372e+01   1.17110e-01   4.24000e+02
          3889   4.29801e+02   3.88900e+03  -3.75853e+01   1.16221e-01   4.24083e+02
          3890   4.29868e+02   3.89000e+03  -3.77348e+01   1.15333e-01   4.24167e+02
          3891   4.29945e+02   3.89100e+03  -3.78835e+01   1.14444e-01   4.24250e+02
          3892   4.30012e+02   3.89200e+03  -3.80383e+01   1.13645e-01   4.24333e+02
          3893   4.30078e+02   3.89300e+03  -3.81959e+01   1.12794e-01   4.24417e+02
          3894   4.30157e+02   3.89400e+03  -3.83543e+01   1.11976e-01   4.24500e+02
          3895   4.30219e+02   3.89500e+03  -3.85136e+01   1.11160e-01   4.24583e+02
          3896   4.30297e+02   3.89600e+03  -3.86943e+01   1.10292e-01   4.24667e+02
          3897   4.30365e+02   3.89700e+03  -3.88646e+01   1.09434e-01   4.24750e+02
          3898   4.30439e+02   3.89800e+03  -3.90342e+01   1.08565e-01   4.24833e+02
          3899   4.30519e+02   3.89900e+03  -3.92044e+01   1.07685e-01   4.24917e+02
          3900   4.30592e+02   3.90000e+03  -3.93866e+01   1.06772e-01   4.25000e+02
          3901   4.30649e+02   3.90100e+03  -3.95659e+01   1.05877e-01   4.25083e+02
          3902   4.30713e+02   3.90200e+03  -3.97457e+01   1.05030e-01   4.25167e+02
          3903   4.30790e+02   3.90300e+03  -3.99265e+01   1.04187e-01   4.25250e+02
          3904   4.30861e+02   3.90400e+03  -4.01253e+01   1.03348e-01   4.25333e+02
          3905   4.30936e+02   3.90500e+03  -4.03167e+01   1.02570e-01   4.25417e+02
          3906   4.30998e+02   3.90600e+03  -4.05078e+01   1.01799e-01   4.25500e+02
          3907   4.31084e+02   3.90700e+03  -4.07002e+01   1.01021e-01   4.25583e+02
          3908   4.31148e+02   3.90800e+03  -4.09041e+01   1.00390e-01   4.25667e+02
          3909   4.31224e+02   3.90900e+03  -4.10999e+01   9.96976e-02   4.25750e+02
          3910   4.31287e+02   3.91000e+03  -4.12949e+01   9.89983e-02   4.25833e+02
          3911   4.31354e+02   3.91100e+03  -4.14910e+01   9.83357e-02   4.25917e+02
          3912   4.31428e+02   3.91200e+03  -4.16969e+01   9.76916e-02   4.26000e+02
          3913   4.31495e+02   3.91300e+03  -4.18969e+01   9.70172e-02   4.26083e+02
          3914   4.31567e+02   3.91400e+03  -4.20957e+01   9.63655e-02   4.26167e+02
          3915   4.31642e+02   3.91500e+03  -4.22946e+01   9.57040e-02   4.26250e+02
          3916   4.31718e+02   3.91600e+03  -4.24963e+01   9.49994e-02   4.26333e+02
          3917   4.31786e+02   3.91700e+03  -4.26981e+01   9.43399e-02   4.26417e+02
          3918   4.31862e+02   3.91800e+03  -4.29006e+01   9.36917e-02   4.26500e+02
          3919   4.31928e+02   3.91900e+03  -4.31040e+01   9.30782e-02   4.26583e+02
          3920   4.32009e+02   3.92000e+03  -4.33076e+01   9.24454e-02   4.26667e+02
          3921   4.32079e+02   3.92100e+03  -4.35107e+01   9.18055e-02   4.26750e+02
          3922   4.32137e+02   3.92200e+03  -4.37138e+01   9.11908e-02   4.26833e+02
          3923   4.32220e+02   3.92300e+03  -4.39176e+01   9.05642e-02   4.26917e+02
          3924   4.32278e+02   3.92400e+03  -4.41264e+01   8.99903e-02   4.27000e+02
          3925   4.32356e+02   3.92500e+03  -4.43336e+01   8.94108e-02   4.27083e+02
          3926   4.32433e+02   3.92600e+03  -4.45397e+01   8.88548e-02   4.27167e+02
          3927   4.32503e+02   3.92700e+03  -4.47449e+01   8.82849e-02   4.27250e+02
          3928   4.32571e+02   3.92800e+03  -4.49529e+01   8.78110e-02   4.27333e+02
          3929   4.32639e+02   3.92900e+03  -4.51600e+01   8.72928e-02   4.27417e+02
          3930   4.32712e+02   3.93000e+03  -4.53673e+01   8.67833e-02   4.27500e+02
          3931   4.32787e+02   3.93100e+03  -4.55742e+01   8.62539e-02   4.27583e+02
          3932   4.32851e+02   3.93200e+03  -4.57834e+01   8.57749e-02   4.27667e+02
          3933   4.32936e+02   3.93300e+03  -4.59899e+01   8.52686e-02   4.27750e+02
          3934   4.32999e+02   3.93400e+03  -4.61936e+01   8.47707e-02   4.27833e+02
          3935   4.33067e+02   3.93500e+03  -4.63958e+01   8.42504e-02   4.27917e+02
          3936   4.33146e+02   3.93600e+03  -4.65984e+01   8.37687e-02   4.28000e+02
          3937   4.33219e+02   3.93700e+03  -4.68014e+01   8.32644e-02   4.28083e+02
          3938   4.33284e+02   3.93800e+03  -4.70053e+01   8.27965e-02   4.28167e+02
          3939   4.33356e+02   3.93900e+03  -4.72093e+01   8.23612e-02   4.28250e+02
          3940   4.33441e+02   3.94000e+03  -4.74071e+01   8.19182e-02   4.28333e+02
          3941   4.33511e+02   3.94100e+03  -4.76065e+01   8.15074e-02   4.28417e+02
          3942   4.33582e+02   3.94200e+03  -4.78051e+01   8.11456e-02   4.28500e+02
          3943   4.33657e+02   3.94300e+03  -4.80023e+01   8.08179e-02   4.28583e+02
          3944   4.33722e+02   3.94400e+03  -4.81954e+01   8.04892e-02   4.28667e+02
          3945   4.33794e+02   3.94500e+03  -4.83901e+01   8.01752e-02   4.28750e+02
          3946   4.33864e+02   3.94600e+03  -4.85844e+01   7.98700e-02   4.28833e+02
          3947   4.33942e+02   3.94700e+03  -4.87784e+01   7.95353e-02   4.28917e+02
          3948   4.34007e+02   3.94800e+03  -4.89665e+01   7.91261e-02   4.29000e+02
          3949   4.34086e+02   3.94900e+03  -4.91560e+01   7.87417e-02   4.29083e+02
          3950   4.34151e+02   3.95000e+03  -4.93434e+01   7.83617e-02   4.29167e+02
          3951   4.34232e+02   3.95100e+03  -4.95293e+01   7.79484e-02   4.29250e+02
          3952   4.34313e+02   3.95200e+03  -4.97062e+01   7.74984e-02   4.29333e+02
          3953   4.34380e+02   3.95300e+03  -4.98858e+01   7.71083e-02   4.29417e+02
          3954   4.34447e+02   3.95400e+03  -5.00642e+01   7.67095e-02   4.29500e+02
          3955   4.34525e+02   3.95500e+03  -5.02421e+01   7.63276e-02   4.29583e+02
          3956   4.34602e+02   3.95600e+03  -5.04111e+01   7.59550e-02   4.29667e+02
          3957   4.34676e+02   3.95700e+03  -5.05831e+01   7.55812e-02   4.29750e+02
          3958   4.34753e+02   3.95800e+03  -5.07536e+01   7.52398e-02   4.29833e+02
          3959   4.34823e+02   3.95900e+03  -5.09214e+01   7.49253e-02   4.29917e+02
          3960   4.34895e+02   3.96000e+03  -5.10775e+01   7.45410e-02   4.30000e+02
          3961   4.34971e+02   3.96100e+03  -5.12383e+01   7.42091e-02   4.30083e+02
          3962   4.35040e+02   3.96200e+03  -5.13982e+01   7.39205e-02   4.30167e+02
          3963   4.35120e+02   3.96300e+03  -5.15569e+01   7.36584e-02   4.30250e+02
          3964   4.35194e+02   3.96400e+03  -5.17035e+01   7.34548e-02   4.30333e+02
          3965   4.35263e+02   3.96500e+03  -5.18528e+01   7.32013e-02   4.30417e+02
          3966   4.35337e+02   3.96600e+03  -5.20005e+01   7.29619e-02   4.30500e+02
          3967   4.35417e+02   3.96700e+03  -5.21468e+01   7.27398e-02   4.30583e+02
          3968   4.35492e+02   3.96800e+03  -5.22740e+01   7.25910e-02   4.30667e+02
          3969   4.35562e+02   3.96900e+03  -5.24093e+01   7.24396e-02   4.30750e+02
          3970   4.35643e+02   3.97000e+03  -5.25452e+01   7.22806e-02   4.30833e+02
          3971   4.35723e+02   3.97100e+03  -5.26806e+01   7.20822e-02   4.30917e+02
          3972   4.35796e+02   3.97200e+03  -5.27992e+01   7.19258e-02   4.31000e+02
          3973   4.35878e+02   3.97300e+03  -5.29250e+01   7.17583e-02   4.31083e+02
          3974   4.35944e+02   3.97400e+03  -5.30508e+01   7.16009e-02   4.31167e+02
          3975   4.36022e+02   3.97500e+03  -5.31753e+01   7.14536e-02   4.31250e+02
          3976   4.36102e+02   3.97600e+03  -5.32836e+01   7.12881e-02   4.31333e+02
          3977   4.36184e+02   3.97700e+03  -5.33969e+01   7.10909e-02   4.31417e+02
          3978   4.36255e+02   3.97800e+03  -5.35090e+01   7.08717e-02   4.31500e+02
          3979   4.36338e+02   3.97900e+03  -5.36197e+01   7.06060e-02   4.31583e+02
          3980   4.36405e+02   3.98000e+03  -5.37190e+01   7.03260e-02   4.31667e+02
          3981   4.36492e+02   3.98100e+03  -5.38215e+01   7.00708e-02   4.31750e+02
          3982   4.36555e+02   3.98200e+03  -5.39223e+01   6.98111e-02   4.31833e+02
          3983   4.36645e+02   3.98300e+03  -5.40204e+01   6.95118e-02   4.31917e+02
          3984   4.36715e+02   3.98400e+03  -5.40970e+01   6.92066e-02   4.32000e+02
          3985   4.36790e+02   3.98500e+03  -5.41849e+01   6.89436e-02   4.32083e+02
          3986   4.36874e+02   3.98600e+03  -5.42802e+01   6.87125e-02   4.32167e+02
          3987   4.36948e+02   3.98700e+03  -5.43756e+01   6.85013e-02   4.32250e+02
          3988   4.37031e+02   3.98800e+03  -5.44202e+01   6.83722e-02   4.32333e+02
          3989   4.37103e+02   3.98900e+03  -5.44890e+01   6.82466e-02   4.32417e+02
          3990   4.37177e+02   3.99000e+03  -5.45630e+01   6.81430e-02   4.32500e+02
          3991   4.37261e+02   3.99100e+03  -5.46368e+01   6.80557e-02   4.32583e+02
          3992   4.37337e+02   3.99200e+03  -5.46932e+01   6.80439e-02   4.32667e+02
          3993   4.37425e+02   3.99300e+03  -5.47575e+01   6.79301e-02   4.32750e+02
          3994   4.37500e+02   3.99400e+03  -5.48221e+01   6.78007e-02   4.32833e+02
          3995   4.37578e+02   3.99500e+03  -5.48862e+01   6.76729e-02   4.32917e+02
          3996   4.37654e+02   3.99600e+03  -5.49396e+01   6.75099e-02   4.33000e+02
          3997   4.37738e+02   3.99700e+03  -5.49949e+01   6.73853e-02   4.33083e+02
          3998   4.37810e+02   3.99800e+03  -5.50503e+01   6.72802e-02   4.33167e+02
          3999   4.37895e+02   3.99900e+03  -5.51040e+01   6.71859e-02   4.33250e+02
          4000   4.37974e+02   4.00000e+03  -5.51493e+01   6.70346e-02   4.33333e+02
          4001   4.38054e+02   4.00100e+03  -5.51970e+01   6.68745e-02   4.33417e+02
          4002   4.38135e+02   4.00200e+03  -5.52436e+01   6.66941e-02   4.33500e+02
          4003   4.38221e+02   4.00300e+03  -5.52890e+01   6.64651e-02   4.33583e+02
          4004   4.38288e+02   4.00400e+03  -5.53213e+01   6.61488e-02   4.33667e+02
          4005   4.38370e+02   4.00500e+03  -5.53602e+01   6.59046e-02   4.33750e+02
          4006   4.38446e+02   4.00600e+03  -5.53998e+01   6.56924e-02   4.33833e+02
          4007   4.38529e+02   4.00700e+03  -5.54389e+01   6.54961e-02   4.33917e+02
          4008   4.38620e+02   4.00800e+03  -5.54682e+01   6.53623e-02   4.34000e+02
          4009   4.38693e+02   4.00900e+03  -5.55030e+01   6.52399e-02   4.34083e+02
          4010   4.38769e+02   4.01000e+03  -5.55382e+01   6.51398e-02   4.34167e+02
          4011   4.38858e+02   4.01100e+03  -5.55723e+01   6.50551e-02   4.34250e+02
          4012   4.38934e+02   4.01200e+03  -5.56031e+01   6.50701e-02   4.34333e+02
          4013   4.39009e+02   4.01300e+03  -5.56338e+01   6.50193e-02   4.34417e+02
          4014   4.39088e+02   4.01400e+03  -5.56637e+01   6.49061e-02   4.34500e+02
          4015   4.39178e+02   4.01500e+03  -5.56937e+01   6.47839e-02   4.34583e+02
          4016   4.39253e+02   4.01600e+03  -5.57193e+01   6.46479e-02   4.34667e+02
          4017   4.39338e+02   4.01700e+03  -5.57461e+01   6.45261e-02   4.34750e+02
          4018   4.39416e+02   4.01800e+03  -5.57723e+01   6.44139e-02   4.34833e+02
          4019   4.39492e+02   4.01900e+03  -5.57975e+01   6.43093e-02   4.34917e+02
          4020   4.39565e+02   4.02000e+03  -5.58155e+01   6.41897e-02   4.35000e+02
          4021   4.39656e+02   4.02100e+03  -5.58369e+01   6.40258e-02   4.35083e+02
          4022   4.39741e+02   4.02200e+03  -5.58584e+01   6.38608e-02   4.35167e+02
          4023   4.39830e+02   4.02300e+03  -5.58795e+01   6.37010e-02   4.35250e+02
          4024   4.39909e+02   4.02400e+03  -5.58942e+01   6.35403e-02   4.35333e+02
          4025   4.39984e+02   4.02500e+03  -5.59126e+01   6.34056e-02   4.35417e+02
          4026   4.40075e+02   4.02600e+03  -5.59287e+01   6.32910e-02   4.35500e+02
          4027   4.40151e+02   4.02700e+03  -5.59432e+01   6.31890e-02   4.35583e+02
          4028   4.40227e+02   4.02800e+03  -5.59503e+01   6.31511e-02   4.35667e+02
          4029   4.40319e+02   4.02900e+03  -5.59634e+01   6.30725e-02   4.35750e+02
          4030   4.40402e+02   4.03000e+03  -5.59781e+01   6.29389e-02   4.35833e+02
          4031   4.40483e+02   4.03100e+03  -5.59927e+01   6.27988e-02   4.35917e+02
          4032   4.40561e+02   4.03200e+03  -5.60031e+01   6.26645e-02   4.36000e+02
          4033   4.40646e+02   4.03300e+03  -5.60150e+01   6.25372e-02   4.36083e+02
          4034   4.40719e+02   4.03400e+03  -5.60276e+01   6.24197e-02   4.36167e+02
          4035   4.40805e+02   4.03500e+03  -5.60412e+01   6.23110e-02   4.36250e+02
          4036   4.40887e+02   4.03600e+03  -5.60469e+01   6.21925e-02   4.36333e+02
          4037   4.40976e+02   4.03700e+03  -5.60548e+01   6.20278e-02   4.36417e+02
          4038   4.41059e+02   4.03800e+03  -5.60617e+01   6.18617e-02   4.36500e+02
          4039   4.41134e+02   4.03900e+03  -5.60674e+01   6.17012e-02   4.36583e+02
          4040   4.41212e+02   4.04000e+03  -5.60744e+01   6.15408e-02   4.36667e+02
          4041   4.41300e+02   4.04100e+03  -5.60764e+01   6.14059e-02   4.36750e+02
          4042   4.41388e+02   4.04200e+03  -5.60744e+01   6.12633e-02   4.36833e+02
          4043   4.41456e+02   4.04300e+03  -5.60712e+01   6.10779e-02   4.36917e+02
          4044   4.41545e+02   4.04400e+03  -5.60595e+01   6.09173e-02   4.37000e+02
          4045   4.41626e+02   4.04500e+03  -5.60510e+01   6.07525e-02   4.37083e+02
          4046   4.41713e+02   4.04600e+03  -5.60438e+01   6.05981e-02   4.37167e+02
          4047   4.41799e+02   4.04700e+03  -5.60369e+01   6.04531e-02   4.37250e+02
          4048   4.41880e+02   4.04800e+03  -5.60139e+01   6.03146e-02   4.37333e+02
          4049   4.41953e+02   4.04900e+03  -5.59989e+01   6.02080e-02   4.37417e+02
          4050   4.42051e+02   4.05000e+03  -5.59840e+01   6.01230e-02   4.37500e+02
          4051   4.42130e+02   4.05100e+03  -5.59672e+01   6.00503e-02   4.37583e+02
          4052   4.42210e+02   4.05200e+03  -5.59436e+01   6.00618e-02   4.37667e+02
          4053   4.42295e+02   4.05300e+03  -5.59250e+01   6.00415e-02   4.37750e+02
          4054   4.42382e+02   4.05400e+03  -5.59075e+01   6.00214e-02   4.37833e+02
          4055   4.42462e+02   4.05500e+03  -5.58893e+01   6.00056e-02   4.37917e+02
          4056   4.42544e+02   4.05600e+03  -5.58684e+01   5.98994e-02   4.38000e+02
          4057   4.42629e+02   4.05700e+03  -5.58511e+01   5.97572e-02   4.38083e+02
          4058   4.42716e+02   4.05800e+03  -5.58355e+01   5.95521e-02   4.38167e+02
          4059   4.42796e+02   4.05900e+03  -5.58198e+01   5.93340e-02   4.38250e+02
          4060   4.42882e+02   4.06000e+03  -5.58028e+01   5.89926e-02   4.38333e+02
          4061   4.42966e+02   4.06100e+03  -5.57891e+01   5.87529e-02   4.38417e+02
          4062   4.43051e+02   4.06200e+03  -5.57754e+01   5.85523e-02   4.38500e+02
          4063   4.43134e+02   4.06300e+03  -5.57623e+01   5.83704e-02   4.38583e+02
          4064   4.43211e+02   4.06400e+03  -5.57602e+01   5.82874e-02   4.38667e+02
          4065   4.43302e+02   4.06500e+03  -5.57544e+01   5.81628e-02   4.38750e+02
          4066   4.43380e+02   4.06600e+03  -5.57491e+01   5.79911e-02   4.38833e+02
          4067   4.43458e+02   4.06700e+03  -5.57446e+01   5.78189e-02   4.38917e+02
          4068   4.43541e+02   4.06800e+03  -5.57513e+01   5.76907e-02   4.39000e+02
          4069   4.43625e+02   4.06900e+03  -5.57543e+01   5.75548e-02   4.39083e+02
          4070   4.43707e+02   4.07000e+03  -5.57577e+01   5.74287e-02   4.39167e+02
          4071   4.43798e+02   4.07100e+03  -5.57603e+01   5.73132e-02   4.39250e+02
          4072   4.43878e+02   4.07200e+03  -5.57751e+01   5.72247e-02   4.39333e+02
          4073   4.43965e+02   4.07300e+03  -5.57865e+01   5.71488e-02   4.39417e+02
          4074   4.44041e+02   4.07400e+03  -5.57991e+01   5.70871e-02   4.39500e+02
          4075   4.44131e+02   4.07500e+03  -5.58127e+01   5.70348e-02   4.39583e+02
          4076   4.44209e+02   4.07600e+03  -5.58376e+01   5.69326e-02   4.39667e+02
          4077   4.44287e+02   4.07700e+03  -5.58580e+01   5.68071e-02   4.39750e+02
          4078   4.44373e+02   4.07800e+03  -5.58777e+01   5.66818e-02   4.39833e+02
          4079   4.44453e+02   4.07900e+03  -5.58983e+01   5.65594e-02   4.39917e+02
          4080   4.44539e+02   4.08000e+03  -5.59274e+01   5.63624e-02   4.40000e+02
          4081   4.44627e+02   4.08100e+03  -5.59527e+01   5.62111e-02   4.40083e+02
          4082   4.44698e+02   4.08200e+03  -5.59780e+01   5.60262e-02   4.40167e+02
          4083   4.44784e+02   4.08300e+03  -5.60033e+01   5.58399e-02   4.40250e+02
          4084   4.44870e+02   4.08400e+03  -5.60346e+01   5.57088e-02   4.40333e+02
          4085   4.44957e+02   4.08500e+03  -5.60610e+01   5.55389e-02   4.40417e+02
          4086   4.45037e+02   4.08600e+03  -5.60859e+01   5.52895e-02   4.40500e+02
          4087   4.45118e+02   4.08700e+03  -5.61107e+01   5.49822e-02   4.40583e+02
          4088   4.45206e+02   4.08800e+03  -5.61381e+01   5.46303e-02   4.40667e+02
          4089   4.45284e+02   4.08900e+03  -5.61633e+01   5.43213e-02   4.40750e+02
          4090   4.45366e+02   4.09000e+03  -5.61870e+01   5.40394e-02   4.40833e+02
          4091   4.45451e+02   4.09100e+03  -5.62112e+01   5.37758e-02   4.40917e+02
          4092   4.45537e+02   4.09200e+03  -5.62295e+01   5.35459e-02   4.41000e+02
          4093   4.45616e+02   4.09300e+03  -5.62483e+01   5.33611e-02   4.41083e+02
          4094   4.45700e+02   4.09400e+03  -5.62669e+01   5.32127e-02   4.41167e+02
          4095   4.45783e+02   4.09500e+03  -5.62859e+01   5.30862e-02   4.41250e+02
          4096   4.45866e+02   4.09600e+03  -5.63023e+01   5.31069e-02   4.41333e+02
          4097   4.45950e+02   4.09700e+03  -5.63192e+01   5.30717e-02   4.41417e+02
          4098   4.46032e+02   4.09800e+03  -5.63355e+01   5.30369e-02   4.41500e+02
          4099   4.46119e+02   4.09900e+03  -5.63513e+01   5.30096e-02   4.41583e+02
          4100   4.46199e+02   4.10000e+03  -5.63621e+01   5.29904e-02   4.41667e+02
          4101   4.46295e+02   4.10100e+03  -5.63759e+01   5.28944e-02   4.41750e+02
          4102   4.46371e+02   4.10200e+03  -5.63907e+01   5.27820e-02   4.41833e+02
          4103   4.46454e+02   4.10300e+03  -5.64065e+01   5.26677e-02   4.41917e+02
          4104   4.46535e+02   4.10400e+03  -5.64212e+01   5.25006e-02   4.42000e+02
          4105   4.46618e+02   4.10500e+03  -5.64375e+01   5.23790e-02   4.42083e+02
          4106   4.46702e+02   4.10600e+03  -5.64538e+01   5.22772e-02   4.42167e+02
          4107   4.46778e+02   4.10700e+03  -5.64710e+01   5.21853e-02   4.42250e+02
          4108   4.46862e+02   4.10800e+03  -5.64892e+01   5.21443e-02   4.42333e+02
          4109   4.46948e+02   4.10900e+03  -5.65077e+01   5.20957e-02   4.42417e+02
          4110   4.47035e+02   4.11000e+03  -5.65256e+01   5.20547e-02   4.42500e+02
          4111   4.47119e+02   4.11100e+03  -5.65433e+01   5.20206e-02   4.42583e+02
          4112   4.47204e+02   4.11200e+03  -5.65660e+01   5.19163e-02   4.42667e+02
          4113   4.47283e+02   4.11300e+03  -5.65845e+01   5.17962e-02   4.42750e+02
          4114   4.47363e+02   4.11400e+03  -5.66017e+01   5.16760e-02   4.42833e+02
          4115   4.47446e+02   4.11500e+03  -5.66187e+01   5.15578e-02   4.42917e+02
          4116   4.47530e+02   4.11600e+03  -5.66355e+01   5.12484e-02   4.43000e+02
          4117   4.47607e+02   4.11700e+03  -5.66510e+01   5.10147e-02   4.43083e+02
          4118   4.47698e+02   4.11800e+03  -5.66647e+01   5.08099e-02   4.43167e+02
          4119   4.47775e+02   4.11900e+03  -5.66770e+01   5.06175e-02   4.43250e+02
          4120   4.47858e+02   4.12000e+03  -5.66868e+01   5.04273e-02   4.43333e+02
          4121   4.47941e+02   4.12100e+03  -5.66999e+01   5.02822e-02   4.43417e+02
          4122   4.48024e+02   4.12200e+03  -5.67132e+01   5.01670e-02   4.43500e+02
          4123   4.48110e+02   4.12300e+03  -5.67255e+01   5.00686e-02   4.43583e+02
          4124   4.48189e+02   4.12400e+03  -5.67347e+01   5.00840e-02   4.43667e+02
          4125   4.48275e+02   4.12500e+03  -5.67469e+01   5.00563e-02   4.43750e+02
          4126   4.48363e+02   4.12600e+03  -5.67602e+01   5.00291e-02   4.43833e+02
          4127   4.48441e+02   4.12700e+03  -5.67740e+01   5.00076e-02   4.43917e+02
          4128   4.48534e+02   4.12800e+03  -5.67854e+01   5.00143e-02   4.44000e+02
          4129   4.48606e+02   4.12900e+03  -5.67980e+01   5.00098e-02   4.44083e+02
          4130   4.48685e+02   4.13000e+03  -5.68106e+01   5.00047e-02   4.44167e+02
          4131   4.48780e+02   4.13100e+03  -5.68236e+01   5.00009e-02   4.44250e+02
          4132   4.48866e+02   4.13200e+03  -5.68409e+01   4.98912e-02   4.44333e+02
          4133   4.48944e+02   4.13300e+03  -5.68555e+01   4.97794e-02   4.44417e+02
          4134   4.49019e+02   4.13400e+03  -5.68698e+01   4.96674e-02   4.44500e+02
          4135   4.49097e+02   4.13500e+03  -5.68845e+01   4.95556e-02   4.44583e+02
          4136   4.49191e+02   4.13600e+03  -5.68988e+01   4.93553e-02   4.44667e+02
          4137   4.49274e+02   4.13700e+03  -5.69116e+01   4.92340e-02   4.44750e+02
          4138   4.49356e+02   4.13800e+03  -5.69248e+01   4.91419e-02   4.44833e+02
          4139   4.49439e+02   4.13900e+03  -5.69372e+01   4.90617e-02   4.44917e+02
          4140   4.49517e+02   4.14000e+03  -5.69509e+01   4.90716e-02   4.45000e+02
          4141   4.49600e+02   4.14100e+03  -5.69632e+01   4.90479e-02   4.45083e+02
          4142   4.49680e+02   4.14200e+03  -5.69752e+01   4.90250e-02   4.45167e+02
          4143   4.49771e+02   4.14300e+03  -5.69873e+01   4.90069e-02   4.45250e+02
          4144   4.49853e+02   4.14400e+03  -5.69978e+01   4.89846e-02   4.45333e+02
          4145   4.49937e+02   4.14500e+03  -5.70121e+01   4.88903e-02   4.45417e+02
          4146   4.50026e+02   4.14600e+03  -5.70283e+01   4.87801e-02   4.45500e+02
          4147   4.50106e+02   4.14700e+03  -5.70438e+01   4.86674e-02   4.45583e+02
          4148   4.50189e+02   4.14800e+03  -5.70577e+01   4.84997e-02   4.45667e+02
          4149   4.50270e+02   4.14900e+03  -5.70719e+01   4.83506e-02   4.45750e+02
          4150   4.50351e+02   4.15000e+03  -5.70867e+01   4.81588e-02   4.45833e+02
          4151   4.50441e+02   4.15100e+03  -5.71024e+01   4.79630e-02   4.45917e+02
          4152   4.50520e+02   4.15200e+03  -5.71224e+01   4.77801e-02   4.46000e+02
          4153   4.50605e+02   4.15300e+03  -5.71394e+01   4.76135e-02   4.46083e+02
          4154   4.50683e+02   4.15400e+03  -5.71552e+01   4.74647e-02   4.46167e+02
          4155   4.50762e+02   4.15500e+03  -5.71702e+01   4.73292e-02   4.46250e+02
          4156   4.50846e+02   4.15600e+03  -5.71861e+01   4.72429e-02   4.46333e+02
          4157   4.50935e+02   4.15700e+03  -5.72024e+01   4.71610e-02   4.46417e+02
          4158   4.51025e+02   4.15800e+03  -5.72181e+01   4.70935e-02   4.46500e+02
          4159   4.51107e+02   4.15900e+03  -5.72330e+01   4.70366e-02   4.46583e+02
          4160   4.51182e+02   4.16000e+03  -5.72481e+01   4.70469e-02   4.46667e+02
          4161   4.51266e+02   4.16100e+03  -5.72628e+01   4.70315e-02   4.46750e+02
          4162   4.51354e+02   4.16200e+03  -5.72769e+01   4.70161e-02   4.46833e+02
          4163   4.51431e+02   4.16300e+03  -5.72920e+01   4.70041e-02   4.46917e+02
          4164   4.51519e+02   4.16400e+03  -5.73047e+01   4.70079e-02   4.47000e+02
          4165   4.51595e+02   4.16500e+03  -5.73182e+01   4.70054e-02   4.47083e+02
          4166   4.51683e+02   4.16600e+03  -5.73325e+01   4.70026e-02   4.47167e+02
          4167   4.51764e+02   4.16700e+03  -5.73467e+01   4.70004e-02   4.47250e+02
          4168   4.51848e+02   4.16800e+03  -5.73610e+01   4.70013e-02   4.47333e+02
          4169   4.51926e+02   4.16900e+03  -5.73767e+01   4.70009e-02   4.47417e+02
          4170   4.52008e+02   4.17000e+03  -5.73938e+01   4.70004e-02   4.47500e+02
          4171   4.52100e+02   4.17100e+03  -5.74101e+01   4.70000e-02   4.47583e+02
          4172   4.52176e+02   4.17200e+03  -5.74269e+01   4.70002e-02   4.47667e+02
          4173   4.52259e+02   4.17300e+03  -5.74425e+01   4.70001e-02   4.47750e+02
          4174   4.52349e+02   4.17400e+03  -5.74576e+01   4.69723e-02   4.47833e+02
          4175   4.52429e+02   4.17500e+03  -5.74725e+01   4.68889e-02   4.47917e+02
          4176   4.52515e+02   4.17600e+03  -5.74886e+01   4.67662e-02   4.48000e+02
          4177   4.52598e+02   4.17700e+03  -5.75046e+01   4.66244e-02   4.48083e+02
          4178   4.52681e+02   4.17800e+03  -5.75201e+01   4.64231e-02   4.48167e+02
          4179   4.52757e+02   4.17900e+03  -5.75360e+01   4.62099e-02   4.48250e+02
          4180   4.52842e+02   4.18000e+03  -5.75485e+01   4.59220e-02   4.48333e+02
          4181   4.52928e+02   4.18100e+03  -5.75637e+01   4.57068e-02   4.48417e+02
          4182   4.53009e+02   4.18200e+03  -5.75809e+01   4.55233e-02   4.48500e+02
          4183   4.53093e+02   4.18300e+03  -5.75983e+01   4.53567e-02   4.48583e+02
          4184   4.53175e+02   4.18400e+03  -5.76162e+01   4.52726e-02   4.48667e+02
          4185   4.53257e+02   4.18500e+03  -5.76348e+01   4.51808e-02   4.48750e+02
          4186   4.53338e+02   4.18600e+03  -5.76540e+01   4.51040e-02   4.48833e+02
          4187   4.53424e+02   4.18700e+03  -5.76730e+01   4.50396e-02   4.48917e+02
          4188   4.53504e+02   4.18800e+03  -5.76932e+01   4.50521e-02   4.49000e+02
          4189   4.53590e+02   4.18900e+03  -5.77112e+01   4.50350e-02   4.49083e+02
          4190   4.53673e+02   4.19000e+03  -5.77287e+01   4.50178e-02   4.49167e+02
          4191   4.53751e+02   4.19100e+03  -5.77465e+01   4.50044e-02   4.49250e+02
          4192   4.53834e+02   4.19200e+03  -5.77662e+01   4.50088e-02   4.49333e+02
          4193   4.53921e+02   4.19300e+03  -5.77849e+01   4.50060e-02   4.49417e+02
          4194   4.53995e+02   4.19400e+03  -5.78040e+01   4.50029e-02   4.49500e+02
          4195   4.54083e+02   4.19500e+03  -5.78221e+01   4.50005e-02   4.49583e+02
          4196   4.54165e+02   4.19600e+03  -5.78363e+01   4.50014e-02   4.49667e+02
          4197   4.54251e+02   4.19700e+03  -5.78518e+01   4.50010e-02   4.49750e+02
          4198   4.54336e+02   4.19800e+03  -5.78668e+01   4.50004e-02   4.49833e+02
          4199   4.54419e+02   4.19900e+03  -5.78817e+01   4.50001e-02   4.49917e+02
          4200   4.54497e+02   4.20000e+03  -5.78937e+01   4.50002e-02   4.50000e+02
          4201   4.54583e+02   4.20100e+03  -5.79053e+01   4.50002e-02   4.50083e+02
          4202   4.54662e+02   4.20200e+03  -5.79160e+01   4.50001e-02   4.50167e+02
          4203   4.54747e+02   4.20300e+03  -5.79260e+01   4.50000e-02   4.50250e+02
          4204   4.54835e+02   4.20400e+03  -5.79335e+01   4.48889e-02   4.50333e+02
          4205   4.54913e+02   4.20500e+03  -5.79438e+01   4.47778e-02   4.50417e+02
          4206   4.55005e+02   4.20600e+03  -5.79539e+01   4.46667e-02   4.50500e+02
          4207   4.55086e+02   4.20700e+03  -5.79625e+01   4.45556e-02   4.50583e+02
          4208   4.55169e+02   4.20800e+03  -5.79662e+01   4.43549e-02   4.50667e+02
          4209   4.55252e+02   4.20900e+03  -5.79750e+01   4.42338e-02   4.50750e+02
          4210   4.55328e+02   4.21000e+03  -5.79848e+01   4.41418e-02   4.50833e+02
          4211   4.55416e+02   4.21100e+03  -5.79939e+01   4.40617e-02   4.50917e+02
          4212   4.55507e+02   4.21200e+03  -5.79969e+01   4.40716e-02   4.51000e+02
          4213   4.55584e+02   4.21300e+03  -5.79986e+01   4.40478e-02   4.51083e+02
          4214   4.55673e+02   4.21400e+03  -5.80012e+01   4.40250e-02   4.51167e+02
          4215   4.55757e+02   4.21500e+03  -5.80047e+01   4.40069e-02   4.51250e+02
          4216   4.55839e+02   4.21600e+03  -5.80101e+01   4.40123e-02   4.51333e+02
          4217   4.55916e+02   4.21700e+03  -5.80180e+01   4.40084e-02   4.51417e+02
          4218   4.56006e+02   4.21800e+03  -5.80273e+01   4.40041e-02   4.51500e+02
          4219   4.56086e+02   4.21900e+03  -5.80366e+01   4.40008e-02   4.51583e+02
          4220   4.56169e+02   4.22000e+03  -5.80424e+01   4.40020e-02   4.51667e+02
          4221   4.56266e+02   4.22100e+03  -5.80512e+01   4.40014e-02   4.51750e+02
          4222   4.56342e+02   4.22200e+03  -5.80617e+01   4.40006e-02   4.51833e+02
          4223   4.56420e+02   4.22300e+03  -5.80742e+01   4.40001e-02   4.51917e+02
          4224   4.56501e+02   4.22400e+03  -5.80982e+01   4.40003e-02   4.52000e+02
          4225   4.56581e+02   4.22500e+03  -5.81146e+01   4.40002e-02   4.52083e+02
          4226   4.56666e+02   4.22600e+03  -5.81291e+01   4.40001e-02   4.52167e+02
          4227   4.56757e+02   4.22700e+03  -5.81433e+01   4.40000e-02   4.52250e+02
          4228   4.56838e+02   4.22800e+03  -5.81606e+01   4.38889e-02   4.52333e+02
          4229   4.56915e+02   4.22900e+03  -5.81752e+01   4.37778e-02   4.52417e+02
          4230   4.57000e+02   4.23000e+03  -5.81896e+01   4.36667e-02   4.52500e+02
          4231   4.57087e+02   4.23100e+03  -5.82036e+01   4.35556e-02   4.52583e+02
          4232   4.57166e+02   4.23200e+03  -5.82183e+01   4.33550e-02   4.52667e+02
          4233   4.57254e+02   4.23300e+03  -5.82313e+01   4.32060e-02   4.52750e+02
          4234   4.57333e+02   4.23400e+03  -5.82432e+01   4.30237e-02   4.52833e+02
          4235   4.57413e+02   4.23500e+03  -5.82555e+01   4.28395e-02   4.52917e+02
          4236   4.57506e+02   4.23600e+03  -5.82640e+01   4.27076e-02   4.53000e+02
          4237   4.57584e+02   4.23700e+03  -5.82745e+01   4.25658e-02   4.53083e+02
          4238   4.57666e+02   4.23800e+03  -5.82846e+01   4.24350e-02   4.53167e+02
          4239   4.57756e+02   4.23900e+03  -5.82936e+01   4.23155e-02   4.53250e+02
          4240   4.57839e+02   4.24000e+03  -5.82996e+01   4.22279e-02   4.53333e+02
          4241   4.57913e+02   4.24100e+03  -5.83071e+01   4.21509e-02   4.53417e+02
          4242   4.58004e+02   4.24200e+03  -5.83145e+01   4.20882e-02   4.53500e+02
          4243   4.58080e+02   4.24300e+03  -5.83211e+01   4.20351e-02   4.53583e+02
          4244   4.58165e+02   4.24400e+03  -5.83288e+01   4.20443e-02   4.53667e+02
          4245   4.58254e+02   4.24500e+03  -5.83378e+01   4.20297e-02   4.53750e+02
          4246   4.58322e+02   4.24600e+03  -5.83479e+01   4.20152e-02   4.53833e+02
          4247   4.58412e+02   4.24700e+03  -5.83579e+01   4.20039e-02   4.53917e+02
          4248   4.58502e+02   4.24800e+03  -5.83641e+01   4.20075e-02   4.54000e+02
          4249   4.58579e+02   4.24900e+03  -5.83710e+01   4.20051e-02   4.54083e+02
          4250   4.58668e+02   4.25000e+03  -5.83784e+01   4.20025e-02   4.54167e+02
          4251   4.58749e+02   4.25100e+03  -5.83850e+01   4.20004e-02   4.54250e+02
          4252   4.58836e+02   4.25200e+03  -5.83962e+01   4.20012e-02   4.54333e+02
          4253   4.58924e+02   4.25300e+03  -5.84049e+01   4.20008e-02   4.54417e+02
          4254   4.58991e+02   4.25400e+03  -5.84142e+01   4.20004e-02   4.54500e+02
          4255   4.59081e+02   4.25500e+03  -5.84235e+01   4.20000e-02   4.54583e+02
          4256   4.59162e+02   4.25600e+03  -5.84320e+01   4.20002e-02   4.54667e+02
          4257   4.59245e+02   4.25700e+03  -5.84405e+01   4.20001e-02   4.54750e+02
          4258   4.59326e+02   4.25800e+03  -5.84498e+01   4.20001e-02   4.54833e+02
          4259   4.59413e+02   4.25900e+03  -5.84584e+01   4.20000e-02   4.54917e+02
          4260   4.59485e+02   4.26000e+03  -5.84666e+01   4.20000e-02   4.55000e+02
          4261   4.59590e+02   4.26100e+03  -5.84747e+01   4.20000e-02   4.55083e+02
          4262   4.59664e+02   4.26200e+03  -5.84829e+01   4.20000e-02   4.55167e+02
          4263   4.59745e+02   4.26300e+03  -5.84916e+01   4.20000e-02   4.55250e+02
          4264   4.59827e+02   4.26400e+03  -5.85030e+01   4.19722e-02   4.55333e+02
          4265   4.59914e+02   4.26500e+03  -5.85124e+01   4.18819e-02   4.55417e+02
          4266   4.59995e+02   4.26600e+03  -5.85216e+01   4.17760e-02   4.55500e+02
          4267   4.60075e+02   4.26700e+03  -5.85303e+01   4.16667e-02   4.55583e+02
          4268   4.60162e+02   4.26800e+03  -5.85372e+01   4.14977e-02   4.55667e+02
          4269   4.60249e+02   4.26900e+03  -5.85436e+01   4.13770e-02   4.55750e+02
          4270   4.60332e+02   4.27000e+03  -5.85494e+01   4.12763e-02   4.55833e+02
          4271   4.60417e+02   4.27100e+03  -5.85557e+01   4.11852e-02   4.55917e+02
          4272   4.60496e+02   4.27200e+03  -5.85608e+01   4.11438e-02   4.56000e+02
          4273   4.60585e+02   4.27300e+03  -5.85674e+01   4.10954e-02   4.56083e+02
          4274   4.60671e+02   4.27400e+03  -5.85743e+01   4.10546e-02   4.56167e+02
          4275   4.60743e+02   4.27500e+03  -5.85800e+01   4.10206e-02   4.56250e+02
          4276   4.60830e+02   4.27600e+03  -5.85824e+01   4.10274e-02   4.56333e+02
          4277   4.60923e+02   4.27700e+03  -5.85875e+01   4.10184e-02   4.56417e+02
          4278   4.61006e+02   4.27800e+03  -5.85936e+01   4.10094e-02   4.56500e+02
          4279   4.61091e+02   4.27900e+03  -5.85997e+01   4.10023e-02   4.56583e+02
          4280   4.61171e+02   4.28000e+03  -5.86069e+01   4.10046e-02   4.56667e+02
          4281   4.61262e+02   4.28100e+03  -5.86157e+01   4.10031e-02   4.56750e+02
          4282   4.61341e+02   4.28200e+03  -5.86239e+01   4.10015e-02   4.56833e+02
          4283   4.61421e+02   4.28300e+03  -5.86324e+01   4.10003e-02   4.56917e+02
          4284   4.61501e+02   4.28400e+03  -5.86409e+01   4.10007e-02   4.57000e+02
          4285   4.61595e+02   4.28500e+03  -5.86483e+01   4.10005e-02   4.57083e+02
          4286   4.61673e+02   4.28600e+03  -5.86557e+01   4.10002e-02   4.57167e+02
          4287   4.61754e+02   4.28700e+03  -5.86634e+01   4.10000e-02   4.57250e+02
          4288   4.61838e+02   4.28800e+03  -5.86734e+01   4.10001e-02   4.57333e+02
          4289   4.61917e+02   4.28900e+03  -5.86817e+01   4.10001e-02   4.57417e+02
          4290   4.62003e+02   4.29000e+03  -5.86900e+01   4.10000e-02   4.57500e+02
          4291   4.62084e+02   4.29100e+03  -5.86982e+01   4.10000e-02   4.57583e+02
          4292   4.62172e+02   4.29200e+03  -5.87056e+01   4.10000e-02   4.57667e+02
          4293   4.62264e+02   4.29300e+03  -5.87140e+01   4.10000e-02   4.57750e+02
          4294   4.62342e+02   4.29400e+03  -5.87237e+01   4.10000e-02   4.57833e+02
          4295   4.62428e+02   4.29500e+03  -5.87341e+01   4.10000e-02   4.57917e+02
          4296   4.62508e+02   4.29600e+03  -5.87427e+01   4.08889e-02   4.58000e+02
          4297   4.62597e+02   4.29700e+03  -5.87506e+01   4.07778e-02   4.58083e+02
          4298   4.62685e+02   4.29800e+03  -5.87579e+01   4.06667e-02   4.58167e+02
          4299   4.62760e+02   4.29900e+03  -5.87649e+01   4.05556e-02   4.58250e+02
          4300   4.62844e+02   4.30000e+03  -5.87741e+01   4.03549e-02   4.58333e+02
          4301   4.62927e+02   4.30100e+03  -5.87828e+01   4.02338e-02   4.58417e+02
          4302   4.63006e+02   4.30200e+03  -5.87923e+01   4.01418e-02   4.58500e+02
          4303   4.63096e+02   4.30300e+03  -5.88009e+01   4.00617e-02   4.58583e+02
          4304   4.63175e+02   4.30400e+03  -5.88081e+01   4.00716e-02   4.58667e+02
          4305   4.63255e+02   4.30500e+03  -5.88154e+01   4.00478e-02   4.58750e+02
          4306   4.63344e+02   4.30600e+03  -5.88230e+01   4.00250e-02   4.58833e+02
          4307   4.63429e+02   4.30700e+03  -5.88315e+01   4.00069e-02   4.58917e+02
          4308   4.63504e+02   4.30800e+03  -5.88379e+01   4.00123e-02   4.59000e+02
          4309   4.63592e+02   4.30900e+03  -5.88457e+01   4.00084e-02   4.59083e+02
          4310   4.63677e+02   4.31000e+03  -5.88539e+01   4.00041e-02   4.59167e+02
          4311   4.63759e+02   4.31100e+03  -5.88618e+01   4.00008e-02   4.59250e+02
          4312   4.63852e+02   4.31200e+03  -5.88693e+01   4.00020e-02   4.59333e+02
          4313   4.63931e+02   4.31300e+03  -5.88766e+01   4.00014e-02   4.59417e+02
          4314   4.64015e+02   4.31400e+03  -5.88839e+01   4.00006e-02   4.59500e+02
          4315   4.64092e+02   4.31500e+03  -5.88914e+01   4.00001e-02   4.59583e+02
          4316   4.64176e+02   4.31600e+03  -5.88978e+01   4.00003e-02   4.59667e+02
          4317   4.64270e+02   4.31700e+03  -5.89037e+01   4.00002e-02   4.59750e+02
          4318   4.64348e+02   4.31800e+03  -5.89092e+01   4.00001e-02   4.59833e+02
          4319   4.64430e+02   4.31900e+03  -5.89150e+01   4.00000e-02   4.59917e+02
          4320   4.64517e+02   4.32000e+03  -5.89177e+01   4.00000e-02   4.60000e+02
          4321   4.64594e+02   4.32100e+03  -5.89210e+01   4.00000e-02   4.60083e+02
          4322   4.64676e+02   4.32200e+03  -5.89242e+01   4.00000e-02   4.60167e+02
          4323   4.64759e+02   4.32300e+03  -5.89271e+01   4.00000e-02   4.60250e+02
          4324   4.64844e+02   4.32400e+03  -5.89268e+01   4.00000e-02   4.60333e+02
          4325   4.64929e+02   4.32500e+03  -5.89279e+01   3.99722e-02   4.60417e+02
          4326   4.65013e+02   4.32600e+03  -5.89287e+01   3.98819e-02   4.60500e+02
          4327   4.65104e+02   4.32700e+03  -5.89299e+01   3.97778e-02   4.60583e+02
          4328   4.65186e+02   4.32800e+03  -5.89307e+01   3.96360e-02   4.60667e+02
          4329   4.65264e+02   4.32900e+03  -5.89344e+01   3.95180e-02   4.60750e+02
          4330   4.65351e+02   4.33000e+03  -5.89393e+01   3.94100e-02   4.60833e+02
          4331   4.65436e+02   4.33100e+03  -5.89437e+01   3.93086e-02   4.60917e+02
          4332   4.65520e+02   4.33200e+03  -5.89496e+01   3.92155e-02   4.61000e+02
          4333   4.65603e+02   4.33300e+03  -5.89547e+01   3.91425e-02   4.61083e+02
          4334   4.65687e+02   4.33400e+03  -5.89611e+01   3.90841e-02   4.61167e+02
          4335   4.65781e+02   4.33500e+03  -5.89687e+01   3.90343e-02   4.61250e+02
          4336   4.65861e+02   4.33600e+03  -5.89844e+01   3.90423e-02   4.61333e+02
          4337   4.65951e+02   4.33700e+03  -5.89959e+01   3.90284e-02   4.61417e+02
          4338   4.66029e+02   4.33800e+03  -5.90077e+01   3.90146e-02   4.61500e+02
          4339   4.66114e+02   4.33900e+03  -5.90199e+01   3.90038e-02   4.61583e+02
          4340   4.66201e+02   4.34000e+03  -5.90358e+01   3.90072e-02   4.61667e+02
          4341   4.66270e+02   4.34100e+03  -5.90482e+01   3.90049e-02   4.61750e+02
          4342   4.66368e+02   4.34200e+03  -5.90584e+01   3.90024e-02   4.61833e+02
          4343   4.66440e+02   4.34300e+03  -5.90676e+01   3.90004e-02   4.61917e+02
          4344   4.66523e+02   4.34400e+03  -5.90810e+01   3.90011e-02   4.62000e+02
          4345   4.66605e+02   4.34500e+03  -5.90894e+01   3.90008e-02   4.62083e+02
          4346   4.66695e+02   4.34600e+03  -5.90966e+01   3.90004e-02   4.62167e+02
          4347   4.66767e+02   4.34700e+03  -5.91049e+01   3.90000e-02   4.62250e+02
          4348   4.66860e+02   4.34800e+03  -5.91102e+01   3.90002e-02   4.62333e+02
          4349   4.66939e+02   4.34900e+03  -5.91191e+01   3.90001e-02   4.62417e+02
          4350   4.67030e+02   4.35000e+03  -5.91286e+01   3.90001e-02   4.62500e+02
          4351   4.67116e+02   4.35100e+03  -5.91384e+01   3.90000e-02   4.62583e+02
          4352   4.67194e+02   4.35200e+03  -5.91427e+01   3.90000e-02   4.62667e+02
          4353   4.67277e+02   4.35300e+03  -5.91521e+01   3.90000e-02   4.62750e+02
          4354   4.67367e+02   4.35400e+03  -5.91621e+01   3.90000e-02   4.62833e+02
          4355   4.67443e+02   4.35500e+03  -5.91716e+01   3.90000e-02   4.62917e+02
          4356   4.67532e+02   4.35600e+03  -5.91877e+01   3.90000e-02   4.63000e+02
          4357   4.67614e+02   4.35700e+03  -5.91988e+01   3.90000e-02   4.63083e+02
          4358   4.67700e+02   4.35800e+03  -5.92088e+01   3.90000e-02   4.63167e+02
          4359   4.67777e+02   4.35900e+03  -5.92185e+01   3.90000e-02   4.63250e+02
          4360   4.67864e+02   4.36000e+03  -5.92294e+01   3.90000e-02   4.63333e+02
          4361   4.67941e+02   4.36100e+03  -5.92389e+01   3.90000e-02   4.63417e+02
          4362   4.68022e+02   4.36200e+03  -5.92480e+01   3.90000e-02   4.63500e+02
          4363   4.68106e+02   4.36300e+03  -5.92572e+01   3.90000e-02   4.63583e+02
          4364   4.68203e+02   4.36400e+03  -5.92643e+01   3.90000e-02   4.63667e+02
          4365   4.68283e+02   4.36500e+03  -5.92739e+01   3.90000e-02   4.63750e+02
          4366   4.68373e+02   4.36600e+03  -5.92842e+01   3.90000e-02   4.63833e+02
          4367   4.68455e+02   4.36700e+03  -5.92945e+01   3.90000e-02   4.63917e+02
          4368   4.68539e+02   4.36800e+03  -5.93065e+01   3.90000e-02   4.64000e+02
          4369   4.68619e+02   4.36900e+03  -5.93193e+01   3.90000e-02   4.64083e+02
          4370   4.68697e+02   4.37000e+03  -5.93326e+01   3.90000e-02   4.64167e+02
          4371   4.68781e+02   4.37100e+03  -5.93461e+01   3.90000e-02   4.64250e+02
          4372   4.68857e+02   4.37200e+03  -5.93587e+01   3.90000e-02   4.64333e+02
          4373   4.68944e+02   4.37300e+03  -5.93690e+01   3.90000e-02   4.64417e+02
          4374   4.69032e+02   4.37400e+03  -5.93790e+01   3.90000e-02   4.64500e+02
          4375   4.69112e+02   4.37500e+03  -5.93881e+01   3.90000e-02   4.64583e+02
          4376   4.69194e+02   4.37600e+03  -5.93977e+01   3.90000e-02   4.64667e+02
          4377   4.69277e+02   4.37700e+03  -5.94066e+01   3.90000e-02   4.64750e+02
          4378   4.69361e+02   4.37800e+03  -5.94152e+01   3.90000e-02   4.64833e+02
          4379   4.69445e+02   4.37900e+03  -5.94237e+01   3.90000e-02   4.64917e+02
          4380   4.69533e+02   4.38000e+03  -5.94287e+01   3.90000e-02   4.65000e+02
          4381   4.69619e+02   4.38100e+03  -5.94370e+01   3.90000e-02   4.65083e+02
          4382   4.69697e+02   4.38200e+03  -5.94445e+01   3.90000e-02   4.65167e+02
          4383   4.69782e+02   4.38300e+03  -5.94512e+01   3.90000e-02   4.65250e+02
          4384   4.69863e+02   4.38400e+03  -5.94547e+01   3.90000e-02   4.65333e+02
          4385   4.69950e+02   4.38500e+03  -5.94607e+01   3.90000e-02   4.65417e+02
          4386   4.70031e+02   4.38600e+03  -5.94678e+01   3.90000e-02   4.65500e+02
          4387   4.70111e+02   4.38700e+03  -5.94752e+01   3.90000e-02   4.65583e+02
          4388   4.70197e+02   4.38800e+03  -5.94848e+01   3.89722e-02   4.65667e+02
          4389   4.70283e+02   4.38900e+03  -5.94938e+01   3.88819e-02   4.65750e+02
          4390   4.70367e+02   4.39000e+03  -5.95025e+01   3.87760e-02   4.65833e+02
          4391   4.70454e+02   4.39100e+03  -5.95096e+01   3.86667e-02   4.65917e+02
          4392   4.70536e+02   4.39200e+03  -5.95125e+01   3.84977e-02   4.66000e+02
          4393   4.70618e+02   4.39300e+03  -5.95194e+01   3.83770e-02   4.66083e+02
          4394   4.70703e+02   4.39400e+03  -5.95276e+01   3.82762e-02   4.66167e+02
          4395   4.70779e+02   4.39500e+03  -5.95352e+01   3.81852e-02   4.66250e+02
          4396   4.70859e+02   4.39600e+03  -5.95448e+01   3.81438e-02   4.66333e+02
          4397   4.70952e+02   4.39700e+03  -5.95523e+01   3.80953e-02   4.66417e+02
          4398   4.71033e+02   4.39800e+03  -5.95597e+01   3.80546e-02   4.66500e+02
          4399   4.71114e+02   4.39900e+03  -5.95669e+01   3.80206e-02   4.66583e+02
          4400   4.71206e+02   4.40000e+03  -5.95707e+01   3.80273e-02   4.66667e+02
          4401   4.71288e+02   4.40100e+03  -5.95751e+01   3.80184e-02   4.66750e+02
          4402   4.71381e+02   4.40200e+03  -5.95803e+01   3.80093e-02   4.66833e+02
          4403   4.71459e+02   4.40300e+03  -5.95863e+01   3.80023e-02   4.66917e+02
          4404   4.71537e+02   4.40400e+03  -5.95920e+01   3.80046e-02   4.67000e+02
          4405   4.71626e+02   4.40500e+03  -5.95980e+01   3.80031e-02   4.67083e+02
          4406   4.71714e+02   4.40600e+03  -5.96030e+01   3.80015e-02   4.67167e+02
          4407   4.71796e+02   4.40700e+03  -5.96071e+01   3.80003e-02   4.67250e+02
          4408   4.71876e+02   4.40800e+03  -5.96087e+01   3.80007e-02   4.67333e+02
          4409   4.71958e+02   4.40900e+03  -5.96120e+01   3.80005e-02   4.67417e+02
          4410   4.72046e+02   4.41000e+03  -5.96151e+01   3.80002e-02   4.67500e+02
          4411   4.72119e+02   4.41100e+03  -5.96190e+01   3.80000e-02   4.67583e+02
          4412   4.72214e+02   4.41200e+03  -5.96222e+01   3.80001e-02   4.67667e+02
          4413   4.72295e+02   4.41300e+03  -5.96263e+01   3.80001e-02   4.67750e+02
          4414   4.72381e+02   4.41400e+03  -5.96307e+01   3.80000e-02   4.67833e+02
          4415   4.72459e+02   4.41500e+03  -5.96351e+01   3.80000e-02   4.67917e+02
          4416   4.72551e+02   4.41600e+03  -5.96346e+01   3.80000e-02   4.68000e+02
          4417   4.72630e+02   4.41700e+03  -5.96368e+01   3.80000e-02   4.68083e+02
          4418   4.72710e+02   4.41800e+03  -5.96405e+01   3.80000e-02   4.68167e+02
          4419   4.72797e+02   4.41900e+03  -5.96440e+01   3.80000e-02   4.68250e+02
          4420   4.72880e+02   4.42000e+03  -5.96514e+01   3.80000e-02   4.68333e+02
          4421   4.72966e+02   4.42100e+03  -5.96574e+01   3.80000e-02   4.68417e+02
          4422   4.73051e+02   4.42200e+03  -5.96629e+01   3.80000e-02   4.68500e+02
          4423   4.73125e+02   4.42300e+03  -5.96690e+01   3.80000e-02   4.68583e+02
          4424   4.73214e+02   4.42400e+03  -5.96741e+01   3.80000e-02   4.68667e+02
          4425   4.73299e+02   4.42500e+03  -5.96789e+01   3.80000e-02   4.68750e+02
          4426   4.73383e+02   4.42600e+03  -5.96843e+01   3.80000e-02   4.68833e+02
          4427   4.73470e+02   4.42700e+03  -5.96899e+01   3.80000e-02   4.68917e+02
          4428   4.73555e+02   4.42800e+03  -5.96983e+01   3.80000e-02   4.69000e+02
          4429   4.73632e+02   4.42900e+03  -5.97058e+01   3.80000e-02   4.69083e+02
          4430   4.73710e+02   4.43000e+03  -5.97127e+01   3.80000e-02   4.69167e+02
          4431   4.73801e+02   4.43100e+03  -5.97202e+01   3.80000e-02   4.69250e+02
          4432   4.73885e+02   4.43200e+03  -5.97279e+01   3.80000e-02   4.69333e+02
          4433   4.73968e+02   4.43300e+03  -5.97347e+01   3.80000e-02   4.69417e+02
          4434   4.74046e+02   4.43400e+03  -5.97420e+01   3.80000e-02   4.69500e+02
          4435   4.74129e+02   4.43500e+03  -5.97511e+01   3.80000e-02   4.69583e+02
          4436   4.74221e+02   4.43600e+03  -5.97608e+01   3.80000e-02   4.69667e+02
          4437   4.74298e+02   4.43700e+03  -5.97685e+01   3.80000e-02   4.69750e+02
          4438   4.74382e+02   4.43800e+03  -5.97751e+01   3.80000e-02   4.69833e+02
          4439   4.74459e+02   4.43900e+03  -5.97826e+01   3.80000e-02   4.69917e+02
          4440   4.74543e+02   4.44000e+03  -5.97916e+01   3.80000e-02   4.70000e+02
          4441   4.74630e+02   4.44100e+03  -5.97993e+01   3.80000e-02   4.70083e+02
          4442   4.74713e+02   4.44200e+03  -5.98059e+01   3.80000e-02   4.70167e+02
          4443   4.74798e+02   4.44300e+03  -5.98122e+01   3.80000e-02   4.70250e+02
          4444   4.74872e+02   4.44400e+03  -5.98165e+01   3.80000e-02   4.70333e+02
          4445   4.74959e+02   4.44500e+03  -5.98214e+01   3.80000e-02   4.70417e+02
          4446   4.75047e+02   4.44600e+03  -5.98279e+01   3.80000e-02   4.70500e+02
          4447   4.75128e+02   4.44700e+03  -5.98351e+01   3.80000e-02   4.70583e+02
          4448   4.75223e+02   4.44800e+03  -5.98383e+01   3.80000e-02   4.70667e+02
          4449   4.75293e+02   4.44900e+03  -5.98430e+01   3.80000e-02   4.70750e+02
          4450   4.75372e+02   4.45000e+03  -5.98483e+01   3.80000e-02   4.70833e+02
          4451   4.75472e+02   4.45100e+03  -5.98528e+01   3.80000e-02   4.70917e+02
          4452   4.75549e+02   4.45200e+03  -5.98549e+01   3.78889e-02   4.71000e+02
          4453   4.75635e+02   4.45300e+03  -5.98599e+01   3.77778e-02   4.71083e+02
          4454   4.75718e+02   4.45400e+03  -5.98646e+01   3.76667e-02   4.71167e+02
          4455   4.75802e+02   4.45500e+03  -5.98683e+01   3.75556e-02   4.71250e+02
          4456   4.75882e+02   4.45600e+03  -5.98740e+01   3.73549e-02   4.71333e+02
          4457   4.75969e+02   4.45700e+03  -5.98766e+01   3.72338e-02   4.71417e+02
          4458   4.76049e+02   4.45800e+03  -5.98788e+01   3.71418e-02   4.71500e+02
          4459   4.76133e+02   4.45900e+03  -5.98815e+01   3.70617e-02   4.71583e+02
          4460   4.76218e+02   4.46000e+03  -5.98795e+01   3.70716e-02   4.71667e+02
          4461   4.76298e+02   4.46100e+03  -5.98813e+01   3.70478e-02   4.71750e+02
          4462   4.76384e+02   4.46200e+03  -5.98842e+01   3.70250e-02   4.71833e+02
          4463   4.76462e+02   4.46300e+03  -5.98865e+01   3.70069e-02   4.71917e+02
          4464   4.76555e+02   4.46400e+03  -5.98869e+01   3.70123e-02   4.72000e+02
          4465   4.76636e+02   4.46500e+03  -5.98904e+01   3.70084e-02   4.72083e+02
          4466   4.76721e+02   4.46600e+03  -5.98935e+01   3.70041e-02   4.72167e+02
          4467   4.76807e+02   4.46700e+03  -5.98975e+01   3.70008e-02   4.72250e+02
          4468   4.76888e+02   4.46800e+03  -5.99070e+01   3.70020e-02   4.72333e+02
          4469   4.76973e+02   4.46900e+03  -5.99143e+01   3.70014e-02   4.72417e+02
          4470   4.77059e+02   4.47000e+03  -5.99205e+01   3.70006e-02   4.72500e+02
          4471   4.77144e+02   4.47100e+03  -5.99263e+01   3.70001e-02   4.72583e+02
          4472   4.77222e+02   4.47200e+03  -5.99337e+01   3.70003e-02   4.72667e+02
          4473   4.77310e+02   4.47300e+03  -5.99393e+01   3.70002e-02   4.72750e+02
          4474   4.77390e+02   4.47400e+03  -5.99443e+01   3.70001e-02   4.72833e+02
          4475   4.77475e+02   4.47500e+03  -5.99491e+01   3.70000e-02   4.72917e+02
          4476   4.77561e+02   4.47600e+03  -5.99527e+01   3.70000e-02   4.73000e+02
          4477   4.77634e+02   4.47700e+03  -5.99537e+01   3.70000e-02   4.73083e+02
          4478   4.77725e+02   4.47800e+03  -5.99545e+01   3.70000e-02   4.73167e+02
          4479   4.77811e+02   4.47900e+03  -5.99546e+01   3.70000e-02   4.73250e+02
          4480   4.77890e+02   4.48000e+03  -5.99485e+01   3.70000e-02   4.73333e+02
          4481   4.77978e+02   4.48100e+03  -5.99476e+01   3.70000e-02   4.73417e+02
          4482   4.78067e+02   4.48200e+03  -5.99493e+01   3.70000e-02   4.73500e+02
          4483   4.78148e+02   4.48300e+03  -5.99528e+01   3.70000e-02   4.73583e+02
          4484   4.78235e+02   4.48400e+03  -5.99512e+01   3.70000e-02   4.73667e+02
          4485   4.78322e+02   4.48500e+03  -5.99532e+01   3.70000e-02   4.73750e+02
          4486   4.78410e+02   4.48600e+03  -5.99575e+01   3.70000e-02   4.73833e+02
          4487   4.78479e+02   4.48700e+03  -5.99617e+01   3.70000e-02   4.73917e+02
          4488   4.78561e+02   4.48800e+03  -5.99701e+01   3.71111e-02   4.74000e+02
          4489   4.78651e+02   4.48900e+03  -5.99756e+01   3.72222e-02   4.74083e+02
          4490   4.78736e+02   4.49000e+03  -5.99798e+01   3.73333e-02   4.74167e+02
          4491   4.78817e+02   4.49100e+03  -5.99839e+01   3.74444e-02   4.74250e+02
          4492   4.78902e+02   4.49200e+03  -5.99980e+01   3.76451e-02   4.74333e+02
          4493   4.78975e+02   4.49300e+03  -6.00044e+01   3.77662e-02   4.74417e+02
          4494   4.79068e+02   4.49400e+03  -6.00084e+01   3.78304e-02   4.74500e+02
          4495   4.79150e+02   4.49500e+03  -6.00128e+01   3.78272e-02   4.74583e+02
          4496   4.79234e+02   4.49600e+03  -6.00163e+01   3.76946e-02   4.74667e+02
          4497   4.79317e+02   4.49700e+03  -6.00194e+01   3.76044e-02   4.74750e+02
          4498   4.79400e+02   4.49800e+03  -6.00234e+01   3.75162e-02   4.74833e+02
          4499   4.79491e+02   4.49900e+03  -6.00282e+01   3.74252e-02   4.74917e+02
          4500   4.79570e+02   4.50000e+03  -6.00322e+01   3.72737e-02   4.75000e+02
          4501   4.79651e+02   4.50100e+03  -6.00356e+01   3.71805e-02   4.75083e+02
          4502   4.79737e+02   4.50200e+03  -6.00371e+01   3.71092e-02   4.75167e+02
          4503   4.79821e+02   4.50300e+03  -6.00378e+01   3.70472e-02   4.75250e+02
          4504   4.79908e+02   4.50400e+03  -6.00380e+01   3.70551e-02   4.75333e+02
          4505   4.79985e+02   4.50500e+03  -6.00388e+01   3.70368e-02   4.75417e+02
          4506   4.80070e+02   4.50600e+03  -6.00407e+01   3.70192e-02   4.75500e+02
          4507   4.80157e+02   4.50700e+03  -6.00429e+01   3.70053e-02   4.75583e+02
          4508   4.80247e+02   4.50800e+03  -6.00451e+01   3.70095e-02   4.75667e+02
          4509   4.80323e+02   4.50900e+03  -6.00463e+01   3.70065e-02   4.75750e+02
          4510   4.80403e+02   4.51000e+03  -6.00471e+01   3.70031e-02   4.75833e+02
          4511   4.80487e+02   4.51100e+03  -6.00483e+01   3.70006e-02   4.75917e+02
          4512   4.80568e+02   4.51200e+03  -6.00450e+01   3.70015e-02   4.76000e+02
          4513   4.80657e+02   4.51300e+03  -6.00455e+01   3.70010e-02   4.76083e+02
          4514   4.80742e+02   4.51400e+03  -6.00456e+01   3.70005e-02   4.76167e+02
          4515   4.80823e+02   4.51500e+03  -6.00451e+01   3.70001e-02   4.76250e+02
          4516   4.80907e+02   4.51600e+03  -6.00477e+01   3.70002e-02   4.76333e+02
          4517   4.80978e+02   4.51700e+03  -6.00486e+01   3.70002e-02   4.76417e+02
          4518   4.81070e+02   4.51800e+03  -6.00500e+01   3.70001e-02   4.76500e+02
          4519   4.81152e+02   4.51900e+03  -6.00531e+01   3.70000e-02   4.76583e+02
          4520   4.81240e+02   4.52000e+03  -6.00584e+01   3.70000e-02   4.76667e+02
          4521   4.81326e+02   4.52100e+03  -6.00648e+01   3.70000e-02   4.76750e+02
          4522   4.81405e+02   4.52200e+03  -6.00723e+01   3.70000e-02   4.76833e+02
          4523   4.81490e+02   4.52300e+03  -6.00801e+01   3.70000e-02   4.76917e+02
          4524   4.81571e+02   4.52400e+03  -6.00897e+01   3.70000e-02   4.77000e+02
          4525   4.81649e+02   4.52500e+03  -6.00976e+01   3.70000e-02   4.77083e+02
          4526   4.81735e+02   4.52600e+03  -6.01034e+01   3.70000e-02   4.77167e+02
          4527   4.81822e+02   4.52700e+03  -6.01079e+01   3.70000e-02   4.77250e+02
          4528   4.81897e+02   4.52800e+03  -6.01178e+01   3.70000e-02   4.77333e+02
          4529   4.81992e+02   4.52900e+03  -6.01209e+01   3.70000e-02   4.77417e+02
          4530   4.82085e+02   4.53000e+03  -6.01211e+01   3.70000e-02   4.77500e+02
          4531   4.82161e+02   4.53100e+03  -6.01204e+01   3.70000e-02   4.77583e+02
          4532   4.82237e+02   4.53200e+03  -6.01107e+01   3.70000e-02   4.77667e+02
          4533   4.82323e+02   4.53300e+03  -6.01069e+01   3.70000e-02   4.77750e+02
          4534   4.82402e+02   4.53400e+03  -6.01055e+01   3.70000e-02   4.77833e+02
          4535   4.82494e+02   4.53500e+03  -6.01046e+01   3.70000e-02   4.77917e+02
          4536   4.82578e+02   4.53600e+03  -6.00952e+01   3.70000e-02   4.78000e+02
          4537   4.82667e+02   4.53700e+03  -6.00956e+01   3.70000e-02   4.78083e+02
          4538   4.82743e+02   4.53800e+03  -6.00986e+01   3.70000e-02   4.78167e+02
          4539   4.82841e+02   4.53900e+03  -6.01022e+01   3.70000e-02   4.78250e+02
          4540   4.82923e+02   4.54000e+03  -6.01111e+01   3.70000e-02   4.78333e+02
          4541   4.83007e+02   4.54100e+03  -6.01169e+01   3.70000e-02   4.78417e+02
          4542   4.83094e+02   4.54200e+03  -6.01226e+01   3.70000e-02   4.78500e+02
          4543   4.83169e+02   4.54300e+03  -6.01284e+01   3.70000e-02   4.78583e+02
          4544   4.83254e+02   4.54400e+03  -6.01465e+01   3.70000e-02   4.78667e+02
          4545   4.83336e+02   4.54500e+03  -6.01560e+01   3.70000e-02   4.78750e+02
          4546   4.83412e+02   4.54600e+03  -6.01637e+01   3.70000e-02   4.78833e+02
          4547   4.83495e+02   4.54700e+03  -6.01719e+01   3.70000e-02   4.78917e+02
          4548   4.83588e+02   4.54800e+03  -6.01821e+01   3.70000e-02   4.79000e+02
          4549   4.83664e+02   4.54900e+03  -6.01909e+01   3.70000e-02   4.79083e+02
          4550   4.83751e+02   4.55000e+03  -6.02003e+01   3.70000e-02   4.79167e+02
          4551   4.83833e+02   4.55100e+03  -6.02101e+01   3.70000e-02   4.79250e+02
          4552   4.83916e+02   4.55200e+03  -6.02139e+01   3.70000e-02   4.79333e+02
          4553   4.84001e+02   4.55300e+03  -6.02196e+01   3.70000e-02   4.79417e+02
          4554   4.84082e+02   4.55400e+03  -6.02264e+01   3.70000e-02   4.79500e+02
          4555   4.84168e+02   4.55500e+03  -6.02332e+01   3.70000e-02   4.79583e+02
          4556   4.84250e+02   4.55600e+03  -6.02359e+01   3.70000e-02   4.79667e+02
          4557   4.84336e+02   4.55700e+03  -6.02376e+01   3.70000e-02   4.79750e+02
          4558   4.84416e+02   4.55800e+03  -6.02399e+01   3.70000e-02   4.79833e+02
          4559   4.84500e+02   4.55900e+03  -6.02418e+01   3.70000e-02   4.79917e+02
          4560   4.84582e+02   4.56000e+03  -6.02408e+01   3.70000e-02   4.80000e+02
          4561   4.84673e+02   4.56100e+03  -6.02434e+01   3.70000e-02   4.80083e+02
          4562   4.84749e+02   4.56200e+03  -6.02471e+01   3.70000e-02   4.80167e+02
          4563   4.84834e+02   4.56300e+03  -6.02507e+01   3.70000e-02   4.80250e+02
          4564   4.84931e+02   4.56400e+03  -6.02523e+01   3.70000e-02   4.80333e+02
          4565   4.85018e+02   4.56500e+03  -6.02559e+01   3.70000e-02   4.80417e+02
          4566   4.85090e+02   4.56600e+03  -6.02609e+01   3.70000e-02   4.80500e+02
          4567   4.85176e+02   4.56700e+03  -6.02665e+01   3.70000e-02   4.80583e+02
          4568   4.85259e+02   4.56800e+03  -6.02745e+01   3.70000e-02   4.80667e+02
          4569   4.85336e+02   4.56900e+03  -6.02792e+01   3.70000e-02   4.80750e+02
          4570   4.85423e+02   4.57000e+03  -6.02844e+01   3.70000e-02   4.80833e+02
          4571   4.85504e+02   4.57100e+03  -6.02891e+01   3.70000e-02   4.80917e+02
          4572   4.85588e+02   4.57200e+03  -6.02970e+01   3.70000e-02   4.81000e+02
          4573   4.85674e+02   4.57300e+03  -6.03026e+01   3.70000e-02   4.81083e+02
          4574   4.85760e+02   4.57400e+03  -6.03080e+01   3.70000e-02   4.81167e+02
          4575   4.85838e+02   4.57500e+03  -6.03129e+01   3.70000e-02   4.81250e+02
          4576   4.85925e+02   4.57600e+03  -6.03137e+01   3.70000e-02   4.81333e+02
          4577   4.86003e+02   4.57700e+03  -6.03160e+01   3.70000e-02   4.81417e+02
          4578   4.86093e+02   4.57800e+03  -6.03180e+01   3.70000e-02   4.81500e+02
          4579   4.86167e+02   4.57900e+03  -6.03195e+01   3.70000e-02   4.81583e+02
          4580   4.86250e+02   4.58000e+03  -6.03210e+01   3.70000e-02   4.81667e+02
          4581   4.86331e+02   4.58100e+03  -6.03228e+01   3.70000e-02   4.81750e+02
          4582   4.86420e+02   4.58200e+03  -6.03245e+01   3.70000e-02   4.81833e+02
          4583   4.86499e+02   4.58300e+03  -6.03259e+01   3.70000e-02   4.81917e+02
          4584   4.86587e+02   4.58400e+03  -6.03247e+01   3.70000e-02   4.82000e+02
          4585   4.86665e+02   4.58500e+03  -6.03246e+01   3.70000e-02   4.82083e+02
          4586   4.86748e+02   4.58600e+03  -6.03260e+01   3.70000e-02   4.82167e+02
          4587   4.86846e+02   4.58700e+03  -6.03277e+01   3.70000e-02   4.82250e+02
          4588   4.86918e+02   4.58800e+03  -6.03284e+01   3.70000e-02   4.82333e+02
          4589   4.87004e+02   4.58900e+03  -6.03298e+01   3.70000e-02   4.82417e+02
          4590   4.87097e+02   4.59000e+03  -6.03303e+01   3.70000e-02   4.82500e+02
          4591   4.87176e+02   4.59100e+03  -6.03305e+01   3.70000e-02   4.82583e+02
          4592   4.87259e+02   4.59200e+03  -6.03332e+01   3.70000e-02   4.82667e+02
          4593   4.87350e+02   4.59300e+03  -6.03372e+01   3.70000e-02   4.82750e+02
          4594   4.87433e+02   4.59400e+03  -6.03418e+01   3.70000e-02   4.82833e+02
          4595   4.87509e+02   4.59500e+03  -6.03454e+01   3.70000e-02   4.82917e+02
          4596   4.87597e+02   4.59600e+03  -6.03478e+01   3.70000e-02   4.83000e+02
          4597   4.87674e+02   4.59700e+03  -6.03483e+01   3.70000e-02   4.83083e+02
          4598   4.87759e+02   4.59800e+03  -6.03498e+01   3.70000e-02   4.83167e+02
          4599   4.87847e+02   4.59900e+03  -6.03511e+01   3.70000e-02   4.83250e+02
          4600   4.87936e+02   4.60000e+03  -6.03546e+01   3.70000e-02   4.83333e+02
          4601   4.88010e+02   4.60100e+03  -6.03569e+01   3.70000e-02   4.83417e+02
          4602   4.88098e+02   4.60200e+03  -6.03597e+01   3.70000e-02   4.83500e+02
          4603   4.88170e+02   4.60300e+03  -6.03630e+01   3.70000e-02   4.83583e+02
          4604   4.88268e+02   4.60400e+03  -6.03608e+01   3.70000e-02   4.83667e+02
          4605   4.88351e+02   4.60500e+03  -6.03624e+01   3.70000e-02   4.83750e+02
          4606   4.88431e+02   4.60600e+03  -6.03648e+01   3.70000e-02   4.83833e+02
          4607   4.88512e+02   4.60700e+03  -6.03669e+01   3.70000e-02   4.83917e+02
          4608   4.88598e+02   4.60800e+03  -6.03695e+01   3.70000e-02   4.84000e+02
          4609   4.88679e+02   4.60900e+03  -6.03724e+01   3.70000e-02   4.84083e+02
          4610   4.88771e+02   4.61000e+03  -6.03764e+01   3.70000e-02   4.84167e+02
          4611   4.88851e+02   4.61100e+03  -6.03801e+01   3.70000e-02   4.84250e+02
          4612   4.88931e+02   4.61200e+03  -6.03829e+01   3.70000e-02   4.84333e+02
          4613   4.89012e+02   4.61300e+03  -6.03868e+01   3.70000e-02   4.84417e+02
          4614   4.89089e+02   4.61400e+03  -6.03916e+01   3.70000e-02   4.84500e+02
          4615   4.89185e+02   4.61500e+03  -6.03964e+01   3.70000e-02   4.84583e+02
          4616   4.89266e+02   4.61600e+03  -6.04013e+01   3.70000e-02   4.84667e+02
          4617   4.89353e+02   4.61700e+03  -6.04074e+01   3.70000e-02   4.84750e+02
          4618   4.89437e+02   4.61800e+03  -6.04137e+01   3.70000e-02   4.84833e+02
          4619   4.89519e+02   4.61900e+03  -6.04188e+01   3.70000e-02   4.84917e+02
          4620   4.89598e+02   4.62000e+03  -6.04250e+01   3.70000e-02   4.85000e+02
          4621   4.89685e+02   4.62100e+03  -6.04301e+01   3.70000e-02   4.85083e+02
          4622   4.89774e+02   4.62200e+03  -6.04351e+01   3.70000e-02   4.85167e+02
          4623   4.89851e+02   4.62300e+03  -6.04398e+01   3.70000e-02   4.85250e+02
          4624   4.89929e+02   4.62400e+03  -6.04458e+01   3.70000e-02   4.85333e+02
          4625   4.90023e+02   4.62500e+03  -6.04522e+01   3.70000e-02   4.85417e+02
          4626   4.90103e+02   4.62600e+03  -6.04596e+01   3.70000e-02   4.85500e+02
          4627   4.90184e+02   4.62700e+03  -6.04657e+01   3.70000e-02   4.85583e+02
          4628   4.90268e+02   4.62800e+03  -6.04691e+01   3.70000e-02   4.85667e+02
          4629   4.90350e+02   4.62900e+03  -6.04727e+01   3.70000e-02   4.85750e+02
          4630   4.90428e+02   4.63000e+03  -6.04753e+01   3.70000e-02   4.85833e+02
          4631   4.90511e+02   4.63100e+03  -6.04793e+01   3.70000e-02   4.85917e+02
          4632   4.90609e+02   4.63200e+03  -6.04839e+01   3.70000e-02   4.86000e+02
          4633   4.90686e+02   4.63300e+03  -6.04880e+01   3.70000e-02   4.86083e+02
          4634   4.90765e+02   4.63400e+03  -6.04927e+01   3.70000e-02   4.86167e+02
          4635   4.90845e+02   4.63500e+03  -6.04962e+01   3.70000e-02   4.86250e+02
          4636   4.90939e+02   4.63600e+03  -6.04986e+01   3.70000e-02   4.86333e+02
          4637   4.91015e+02   4.63700e+03  -6.05023e+01   3.70000e-02   4.86417e+02
          4638   4.91116e+02   4.63800e+03  -6.05053e+01   3.70000e-02   4.86500e+02
          4639   4.91175e+02   4.63900e+03  -6.05078e+01   3.70000e-02   4.86583e+02
          4640   4.91270e+02   4.64000e+03  -6.05091e+01   3.70000e-02   4.86667e+02
          4641   4.91354e+02   4.64100e+03  -6.05093e+01   3.70000e-02   4.86750e+02
          4642   4.91433e+02   4.64200e+03  -6.05085e+01   3.70000e-02   4.86833e+02
          4643   4.91517e+02   4.64300e+03  -6.05069e+01   3.70000e-02   4.86917e+02
          4644   4.91602e+02   4.64400e+03  -6.05041e+01   3.70000e-02   4.87000e+02
          4645   4.91687e+02   4.64500e+03  -6.05020e+01   3.70000e-02   4.87083e+02
          4646   4.91776e+02   4.64600e+03  -6.05005e+01   3.70000e-02   4.87167e+02
          4647   4.91851e+02   4.64700e+03  -6.05005e+01   3.70000e-02   4.87250e+02
          4648   4.91942e+02   4.64800e+03  -6.04922e+01   3.68889e-02   4.87333e+02
          4649   4.92025e+02   4.64900e+03  -6.04883e+01   3.67778e-02   4.87417e+02
          4650   4.92111e+02   4.65000e+03  -6.04867e+01   3.66667e-02   4.87500e+02
          4651   4.92188e+02   4.65100e+03  -6.04863e+01   3.65556e-02   4.87583e+02
          4652   4.92270e+02   4.65200e+03  -6.04856e+01   3.63549e-02   4.87667e+02
          4653   4.92350e+02   4.65300e+03  -6.04866e+01   3.62616e-02   4.87750e+02
          4654   4.92433e+02   4.65400e+03  -6.04895e+01   3.62598e-02   4.87833e+02
          4655   4.92511e+02   4.65500e+03  -6.04916e+01   3.62840e-02   4.87917e+02
          4656   4.92600e+02   4.65600e+03  -6.04992e+01   3.64356e-02   4.88000e+02
          4657   4.92698e+02   4.65700e+03  -6.05039e+01   3.65299e-02   4.88083e+02
          4658   4.92776e+02   4.65800e+03  -6.05078e+01   3.66150e-02   4.88167e+02
          4659   4.92857e+02   4.65900e+03  -6.05116e+01   3.66982e-02   4.88250e+02
          4660   4.92944e+02   4.66000e+03  -6.05218e+01   3.67968e-02   4.88333e+02
          4661   4.93026e+02   4.66100e+03  -6.05287e+01   3.68658e-02   4.88417e+02
          4662   4.93102e+02   4.66200e+03  -6.05351e+01   3.69199e-02   4.88500e+02
          4663   4.93186e+02   4.66300e+03  -6.05419e+01   3.69665e-02   4.88583e+02
          4664   4.93262e+02   4.66400e+03  -6.05466e+01   3.69597e-02   4.88667e+02
          4665   4.93344e+02   4.66500e+03  -6.05514e+01   3.69730e-02   4.88750e+02
          4666   4.93435e+02   4.66600e+03  -6.05560e+01   3.69860e-02   4.88833e+02
          4667   4.93520e+02   4.66700e+03  -6.05606e+01   3.69963e-02   4.88917e+02
          4668   4.93610e+02   4.66800e+03  -6.05662e+01   3.69931e-02   4.89000e+02
          4669   4.93684e+02   4.66900e+03  -6.05719e+01   3.69953e-02   4.89083e+02
          4670   4.93773e+02   4.67000e+03  -6.05778e+01   3.69977e-02   4.89167e+02
          4671   4.93854e+02   4.67100e+03  -6.05841e+01   3.69996e-02   4.89250e+02
          4672   4.93941e+02   4.67200e+03  -6.05862e+01   3.69989e-02   4.89333e+02
          4673   4.94033e+02   4.67300e+03  -6.05888e+01   3.69992e-02   4.89417e+02
          4674   4.94108e+02   4.67400e+03  -6.05919e+01   3.69997e-02   4.89500e+02
          4675   4.94190e+02   4.67500e+03  -6.05958e+01   3.70000e-02   4.89583e+02
          4676   4.94265e+02   4.67600e+03  -6.05984e+01   3.69998e-02   4.89667e+02
          4677   4.94357e+02   4.67700e+03  -6.06008e+01   3.69999e-02   4.89750e+02
          4678   4.94437e+02   4.67800e+03  -6.06034e+01   3.69999e-02   4.89833e+02
          4679   4.94518e+02   4.67900e+03  -6.06063e+01   3.70000e-02   4.89917e+02
          4680   4.94608e+02   4.68000e+03  -6.06057e+01   3.70000e-02   4.90000e+02
          4681   4.94696e+02   4.68100e+03  -6.06060e+01   3.69722e-02   4.90083e+02
          4682   4.94774e+02   4.68200e+03  -6.06073e+01   3.68819e-02   4.90167e+02
          4683   4.94861e+02   4.68300e+03  -6.06091e+01   3.67778e-02   4.90250e+02
          4684   4.94924e+02   4.68400e+03  -6.06112e+01   3.66360e-02   4.90333e+02
          4685   4.95023e+02   4.68500e+03  -6.06143e+01   3.65180e-02   4.90417e+02
          4686   4.95110e+02   4.68600e+03  -6.06178e+01   3.64100e-02   4.90500e+02
          4687   4.95182e+02   4.68700e+03  -6.06214e+01   3.63086e-02   4.90583e+02
          4688   4.95266e+02   4.68800e+03  -6.06234e+01   3.62155e-02   4.90667e+02
          4689   4.95351e+02   4.68900e+03  -6.06238e+01   3.61426e-02   4.90750e+02
          4690   4.95443e+02   4.69000e+03  -6.06235e+01   3.60841e-02   4.90833e+02
          4691   4.95533e+02   4.69100e+03  -6.06239e+01   3.60343e-02   4.90917e+02
          4692   4.95612e+02   4.69200e+03  -6.06263e+01   3.60423e-02   4.91000e+02
          4693   4.95683e+02   4.69300e+03  -6.06273e+01   3.60284e-02   4.91083e+02
          4694   4.95773e+02   4.69400e+03  -6.06267e+01   3.60146e-02   4.91167e+02
          4695   4.95861e+02   4.69500e+03  -6.06250e+01   3.60038e-02   4.91250e+02
          4696   4.95941e+02   4.69600e+03  -6.06239e+01   3.60072e-02   4.91333e+02
          4697   4.96026e+02   4.69700e+03  -6.06248e+01   3.60049e-02   4.91417e+02
          4698   4.96108e+02   4.69800e+03  -6.06241e+01   3.60024e-02   4.91500e+02
          4699   4.96193e+02   4.69900e+03  -6.06219e+01   3.60004e-02   4.91583e+02
          4700   4.96279e+02   4.70000e+03  -6.06200e+01   3.60011e-02   4.91667e+02
          4701   4.96365e+02   4.70100e+03  -6.06192e+01   3.60008e-02   4.91750e+02
          4702   4.96439e+02   4.70200e+03  -6.06206e+01   3.60004e-02   4.91833e+02
          4703   4.96528e+02   4.70300e+03  -6.06227e+01   3.60000e-02   4.91917e+02
          4704   4.96606e+02   4.70400e+03  -6.06263e+01   3.60002e-02   4.92000e+02
          4705   4.96684e+02   4.70500e+03  -6.06288e+01   3.60001e-02   4.92083e+02
          4706   4.96771e+02   4.70600e+03  -6.06328e+01   3.60001e-02   4.92167e+02
          4707   4.96852e+02   4.70700e+03  -6.06366e+01   3.60000e-02   4.92250e+02
          4708   4.96940e+02   4.70800e+03  -6.06404e+01   3.60000e-02   4.92333e+02
          4709   4.97025e+02   4.70900e+03  -6.06435e+01   3.60000e-02   4.92417e+02
          4710   4.97105e+02   4.71000e+03  -6.06476e+01   3.60000e-02   4.92500e+02
          4711   4.97189e+02   4.71100e+03  -6.06517e+01   3.60000e-02   4.92583e+02
          4712   4.97274e+02   4.71200e+03  -6.06635e+01   3.60000e-02   4.92667e+02
          4713   4.97348e+02   4.71300e+03  -6.06702e+01   3.60000e-02   4.92750e+02
          4714   4.97438e+02   4.71400e+03  -6.06730e+01   3.60000e-02   4.92833e+02
          4715   4.97513e+02   4.71500e+03  -6.06746e+01   3.60000e-02   4.92917e+02
          4716   4.97605e+02   4.71600e+03  -6.06751e+01   3.60000e-02   4.93000e+02
          4717   4.97686e+02   4.71700e+03  -6.06770e+01   3.60000e-02   4.93083e+02
          4718   4.97768e+02   4.71800e+03  -6.06785e+01   3.60000e-02   4.93167e+02
          4719   4.97853e+02   4.71900e+03  -6.06807e+01   3.60000e-02   4.93250e+02
          4720   4.97934e+02   4.72000e+03  -6.06830e+01   3.60000e-02   4.93333e+02
          4721   4.98016e+02   4.72100e+03  -6.06876e+01   3.60000e-02   4.93417e+02
          4722   4.98102e+02   4.72200e+03  -6.06924e+01   3.60000e-02   4.93500e+02
          4723   4.98186e+02   4.72300e+03  -6.06964e+01   3.60000e-02   4.93583e+02
          4724   4.98269e+02   4.72400e+03  -6.06977e+01   3.60000e-02   4.93667e+02
          4725   4.98362e+02   4.72500e+03  -6.07020e+01   3.60000e-02   4.93750e+02
          4726   4.98429e+02   4.72600e+03  -6.07070e+01   3.60000e-02   4.93833e+02
          4727   4.98516e+02   4.72700e+03  -6.07123e+01   3.60000e-02   4.93917e+02
          4728   4.98601e+02   4.72800e+03  -6.07238e+01   3.60000e-02   4.94000e+02
          4729   4.98687e+02   4.72900e+03  -6.07306e+01   3.60000e-02   4.94083e+02
          4730   4.98764e+02   4.73000e+03  -6.07371e+01   3.60000e-02   4.94167e+02
          4731   4.98849e+02   4.73100e+03  -6.07433e+01   3.60000e-02   4.94250e+02
          4732   4.98933e+02   4.73200e+03  -6.07463e+01   3.60000e-02   4.94333e+02
          4733   4.99011e+02   4.73300e+03  -6.07521e+01   3.60000e-02   4.94417e+02
          4734   4.99097e+02   4.73400e+03  -6.07587e+01   3.60000e-02   4.94500e+02
          4735   4.99186e+02   4.73500e+03  -6.07650e+01   3.60000e-02   4.94583e+02
          4736   4.99271e+02   4.73600e+03  -6.07721e+01   3.60000e-02   4.94667e+02
          4737   4.99341e+02   4.73700e+03  -6.07776e+01   3.60000e-02   4.94750e+02
          4738   4.99431e+02   4.73800e+03  -6.07823e+01   3.60000e-02   4.94833e+02
          4739   4.99509e+02   4.73900e+03  -6.07865e+01   3.60000e-02   4.94917e+02
          4740   4.99595e+02   4.74000e+03  -6.07856e+01   3.60000e-02   4.95000e+02
          4741   4.99686e+02   4.74100e+03  -6.07840e+01   3.60000e-02   4.95083e+02
          4742   4.99763e+02   4.74200e+03  -6.07827e+01   3.60000e-02   4.95167e+02
          4743   4.99855e+02   4.74300e+03  -6.07816e+01   3.60000e-02   4.95250e+02
          4744   4.99929e+02   4.74400e+03  -6.07786e+01   3.60000e-02   4.95333e+02
          4745   5.00018e+02   4.74500e+03  -6.07770e+01   3.60000e-02   4.95417e+02
          4746   5.00102e+02   4.74600e+03  -6.07762e+01   3.60000e-02   4.95500e+02
          4747   5.00188e+02   4.74700e+03  -6.07768e+01   3.60000e-02   4.95583e+02
          4748   5.00267e+02   4.74800e+03  -6.07723e+01   3.60000e-02   4.95667e+02
          4749   5.00350e+02   4.74900e+03  -6.07733e+01   3.60000e-02   4.95750e+02
          4750   5.00446e+02   4.75000e+03  -6.07770e+01   3.60000e-02   4.95833e+02
          4751   5.00526e+02   4.75100e+03  -6.07814e+01   3.60000e-02   4.95917e+02
          4752   5.00610e+02   4.75200e+03  -6.07921e+01   3.60000e-02   4.96000e+02
          4753   5.00691e+02   4.75300e+03  -6.07990e+01   3.60000e-02   4.96083e+02
          4754   5.00765e+02   4.75400e+03  -6.08047e+01   3.60000e-02   4.96167e+02
          4755   5.00853e+02   4.75500e+03  -6.08093e+01   3.60000e-02   4.96250e+02
          4756   5.00933e+02   4.75600e+03  -6.08264e+01   3.60000e-02   4.96333e+02
          4757   5.01019e+02   4.75700e+03  -6.08373e+01   3.60000e-02   4.96417e+02
          4758   5.01098e+02   4.75800e+03  -6.08447e+01   3.60000e-02   4.96500e+02
          4759   5.01186e+02   4.75900e+03  -6.08515e+01   3.60000e-02   4.96583e+02
          4760   5.01266e+02   4.76000e+03  -6.08589e+01   3.60000e-02   4.96667e+02
          4761   5.01348e+02   4.76100e+03  -6.08663e+01   3.60000e-02   4.96750e+02
          4762   5.01430e+02   4.76200e+03  -6.08726e+01   3.60000e-02   4.96833e+02
          4763   5.01513e+02   4.76300e+03  -6.08788e+01   3.60000e-02   4.96917e+02
          4764   5.01605e+02   4.76400e+03  -6.08811e+01   3.60000e-02   4.97000e+02
          4765   5.01685e+02   4.76500e+03  -6.08856e+01   3.60000e-02   4.97083e+02
          4766   5.01760e+02   4.76600e+03  -6.08899e+01   3.60000e-02   4.97167e+02
          4767   5.01849e+02   4.76700e+03  -6.08953e+01   3.60000e-02   4.97250e+02
          4768   5.01933e+02   4.76800e+03  -6.08961e+01   3.60000e-02   4.97333e+02
          4769   5.02020e+02   4.76900e+03  -6.08979e+01   3.60000e-02   4.97417e+02
          4770   5.02108e+02   4.77000e+03  -6.09002e+01   3.60000e-02   4.97500e+02
          4771   5.02180e+02   4.77100e+03  -6.09037e+01   3.60000e-02   4.97583e+02
          4772   5.02268e+02   4.77200e+03  -6.09023e+01   3.60000e-02   4.97667e+02
          4773   5.02345e+02   4.77300e+03  -6.09024e+01   3.60000e-02   4.97750e+02
          4774   5.02431e+02   4.77400e+03  -6.09032e+01   3.60000e-02   4.97833e+02
          4775   5.02517e+02   4.77500e+03  -6.09042e+01   3.60000e-02   4.97917e+02
          4776   5.02593e+02   4.77600e+03  -6.09038e+01   3.60000e-02   4.98000e+02
          4777   5.02683e+02   4.77700e+03  -6.09025e+01   3.60000e-02   4.98083e+02
          4778   5.02773e+02   4.77800e+03  -6.09016e+01   3.60000e-02   4.98167e+02
          4779   5.02852e+02   4.77900e+03  -6.09014e+01   3.60000e-02   4.98250e+02
          4780   5.02942e+02   4.78000e+03  -6.08979e+01   3.60000e-02   4.98333e+02
          4781   5.03015e+02   4.78100e+03  -6.08977e+01   3.60000e-02   4.98417e+02
          4782   5.03099e+02   4.78200e+03  -6.08996e+01   3.60000e-02   4.98500e+02
          4783   5.03178e+02   4.78300e+03  -6.09013e+01   3.60000e-02   4.98583e+02
          4784   5.03266e+02   4.78400e+03  -6.09036e+01   3.60000e-02   4.98667e+02
          4785   5.03351e+02   4.78500e+03  -6.09063e+01   3.60000e-02   4.98750e+02
          4786   5.03435e+02   4.78600e+03  -6.09101e+01   3.60000e-02   4.98833e+02
          4787   5.03518e+02   4.78700e+03  -6.09143e+01   3.60000e-02   4.98917e+02
          4788   5.03606e+02   4.78800e+03  -6.09213e+01   3.60000e-02   4.99000e+02
          4789   5.03689e+02   4.78900e+03  -6.09250e+01   3.60000e-02   4.99083e+02
          4790   5.03767e+02   4.79000e+03  -6.09270e+01   3.60000e-02   4.99167e+02
          4791   5.03847e+02   4.79100e+03  -6.09273e+01   3.60000e-02   4.99250e+02
          4792   5.03934e+02   4.79200e+03  -6.09291e+01   3.60000e-02   4.99333e+02
          4793   5.04026e+02   4.79300e+03  -6.09293e+01   3.60000e-02   4.99417e+02
          4794   5.04111e+02   4.79400e+03  -6.09296e+01   3.60000e-02   4.99500e+02
          4795   5.04187e+02   4.79500e+03  -6.09315e+01   3.60000e-02   4.99583e+02
          4796   5.04263e+02   4.79600e+03  -6.09318e+01   3.60000e-02   4.99667e+02
          4797   5.04355e+02   4.79700e+03  -6.09341e+01   3.60000e-02   4.99750e+02
          4798   5.04438e+02   4.79800e+03  -6.09379e+01   3.60000e-02   4.99833e+02
          4799   5.04526e+02   4.79900e+03  -6.09421e+01   3.60000e-02   4.99917e+02
          4800   5.04604e+02   4.80000e+03  -6.09408e+01   3.60000e-02   5.00000e+02
          4801   5.04692e+02   4.80100e+03  -6.09445e+01   3.60000e-02   5.00083e+02
          4802   5.04774e+02   4.80200e+03  -6.09492e+01   3.60000e-02   5.00167e+02
          4803   5.04859e+02   4.80300e+03  -6.09547e+01   3.60000e-02   5.00250e+02
          4804   5.04933e+02   4.80400e+03  -6.09696e+01   3.60000e-02   5.00333e+02
          4805   5.05022e+02   4.80500e+03  -6.09757e+01   3.60000e-02   5.00417e+02
          4806   5.05103e+02   4.80600e+03  -6.09799e+01   3.60000e-02   5.00500e+02
          4807   5.05194e+02   4.80700e+03  -6.09831e+01   3.60000e-02   5.00583e+02
          4808   5.05284e+02   4.80800e+03  -6.09864e+01   3.60000e-02   5.00667e+02
          4809   5.05371e+02   4.80900e+03  -6.09907e+01   3.60000e-02   5.00750e+02
          4810   5.05450e+02   4.81000e+03  -6.09956e+01   3.60000e-02   5.00833e+02
          4811   5.05526e+02   4.81100e+03  -6.10015e+01   3.60000e-02   5.00917e+02
          4812   5.05617e+02   4.81200e+03  -6.10016e+01   3.60000e-02   5.01000e+02
          4813   5.05700e+02   4.81300e+03  -6.10029e+01   3.60000e-02   5.01083e+02
          4814   5.05782e+02   4.81400e+03  -6.10036e+01   3.60000e-02   5.01167e+02
          4815   5.05870e+02   4.81500e+03  -6.10042e+01   3.60000e-02   5.01250e+02
          4816   5.05957e+02   4.81600e+03  -6.10038e+01   3.60000e-02   5.01333e+02
          4817   5.06028e+02   4.81700e+03  -6.10058e+01   3.59722e-02   5.01417e+02
          4818   5.06113e+02   4.81800e+03  -6.10093e+01   3.58819e-02   5.01500e+02
          4819   5.06201e+02   4.81900e+03  -6.10137e+01   3.57778e-02   5.01583e+02
          4820   5.06286e+02   4.82000e+03  -6.10171e+01   3.56360e-02   5.01667e+02
          4821   5.06375e+02   4.82100e+03  -6.10204e+01   3.55180e-02   5.01750e+02
          4822   5.06451e+02   4.82200e+03  -6.10251e+01   3.54100e-02   5.01833e+02
          4823   5.06532e+02   4.82300e+03  -6.10306e+01   3.53086e-02   5.01917e+02
          4824   5.06616e+02   4.82400e+03  -6.10371e+01   3.52155e-02   5.02000e+02
          4825   5.06698e+02   4.82500e+03  -6.10421e+01   3.51425e-02   5.02083e+02
          4826   5.06781e+02   4.82600e+03  -6.10470e+01   3.50841e-02   5.02167e+02
          4827   5.06868e+02   4.82700e+03  -6.10519e+01   3.50343e-02   5.02250e+02
          4828   5.06953e+02   4.82800e+03  -6.10571e+01   3.50423e-02   5.02333e+02
          4829   5.07039e+02   4.82900e+03  -6.10612e+01   3.50284e-02   5.02417e+02
          4830   5.07119e+02   4.83000e+03  -6.10645e+01   3.50146e-02   5.02500e+02
          4831   5.07201e+02   4.83100e+03  -6.10664e+01   3.50038e-02   5.02583e+02
          4832   5.07277e+02   4.83200e+03  -6.10665e+01   3.50072e-02   5.02667e+02
          4833   5.07368e+02   4.83300e+03  -6.10690e+01   3.50049e-02   5.02750e+02
          4834   5.07456e+02   4.83400e+03  -6.10710e+01   3.50024e-02   5.02833e+02
          4835   5.07533e+02   4.83500e+03  -6.10738e+01   3.50004e-02   5.02917e+02
          4836   5.07625e+02   4.83600e+03  -6.10718e+01   3.50011e-02   5.03000e+02
          4837   5.07706e+02   4.83700e+03  -6.10715e+01   3.50008e-02   5.03083e+02
          4838   5.07785e+02   4.83800e+03  -6.10717e+01   3.50004e-02   5.03167e+02
          4839   5.07877e+02   4.83900e+03  -6.10737e+01   3.50000e-02   5.03250e+02
          4840   5.07958e+02   4.84000e+03  -6.10754e+01   3.50002e-02   5.03333e+02
          4841   5.08038e+02   4.84100e+03  -6.10759e+01   3.50001e-02   5.03417e+02
          4842   5.08118e+02   4.84200e+03  -6.10755e+01   3.50000e-02   5.03500e+02
          4843   5.08201e+02   4.84300e+03  -6.10762e+01   3.50000e-02   5.03583e+02
          4844   5.08288e+02   4.84400e+03  -6.10791e+01   3.50000e-02   5.03667e+02
          4845   5.08375e+02   4.84500e+03  -6.10804e+01   3.50000e-02   5.03750e+02
          4846   5.08457e+02   4.84600e+03  -6.10830e+01   3.50000e-02   5.03833e+02
          4847   5.08543e+02   4.84700e+03  -6.10860e+01   3.50000e-02   5.03917e+02
          4848   5.08620e+02   4.84800e+03  -6.10894e+01   3.50000e-02   5.04000e+02
          4849   5.08703e+02   4.84900e+03  -6.10921e+01   3.50000e-02   5.04083e+02
          4850   5.08789e+02   4.85000e+03  -6.10943e+01   3.50000e-02   5.04167e+02
          4851   5.08876e+02   4.85100e+03  -6.10968e+01   3.50000e-02   5.04250e+02
          4852   5.08954e+02   4.85200e+03  -6.10988e+01   3.50000e-02   5.04333e+02
          4853   5.09035e+02   4.85300e+03  -6.11010e+01   3.50000e-02   5.04417e+02
          4854   5.09117e+02   4.85400e+03  -6.11037e+01   3.50000e-02   5.04500e+02
          4855   5.09215e+02   4.85500e+03  -6.11058e+01   3.50000e-02   5.04583e+02
          4856   5.09289e+02   4.85600e+03  -6.11123e+01   3.50000e-02   5.04667e+02
          4857   5.09366e+02   4.85700e+03  -6.11176e+01   3.50000e-02   5.04750e+02
          4858   5.09459e+02   4.85800e+03  -6.11230e+01   3.50000e-02   5.04833e+02
          4859   5.09544e+02   4.85900e+03  -6.11270e+01   3.50000e-02   5.04917e+02
          4860   5.09626e+02   4.86000e+03  -6.11307e+01   3.50000e-02   5.05000e+02
          4861   5.09711e+02   4.86100e+03  -6.11339e+01   3.50000e-02   5.05083e+02
          4862   5.09791e+02   4.86200e+03  -6.11373e+01   3.50000e-02   5.05167e+02
          4863   5.09871e+02   4.86300e+03  -6.11409e+01   3.50000e-02   5.05250e+02
          4864   5.09952e+02   4.86400e+03  -6.11478e+01   3.50000e-02   5.05333e+02
          4865   5.10041e+02   4.86500e+03  -6.11517e+01   3.50000e-02   5.05417e+02
          4866   5.10123e+02   4.86600e+03  -6.11536e+01   3.50000e-02   5.05500e+02
          4867   5.10201e+02   4.86700e+03  -6.11555e+01   3.50000e-02   5.05583e+02
          4868   5.10288e+02   4.86800e+03  -6.11528e+01   3.50000e-02   5.05667e+02
          4869   5.10366e+02   4.86900e+03  -6.11533e+01   3.50000e-02   5.05750e+02
          4870   5.10457e+02   4.87000e+03  -6.11549e+01   3.50000e-02   5.05833e+02
          4871   5.10536e+02   4.87100e+03  -6.11573e+01   3.50000e-02   5.05917e+02
          4872   5.10617e+02   4.87200e+03  -6.11588e+01   3.50000e-02   5.06000e+02
          4873   5.10700e+02   4.87300e+03  -6.11609e+01   3.50000e-02   5.06083e+02
          4874   5.10795e+02   4.87400e+03  -6.11626e+01   3.50000e-02   5.06167e+02
          4875   5.10884e+02   4.87500e+03  -6.11639e+01   3.50000e-02   5.06250e+02
          4876   5.10967e+02   4.87600e+03  -6.11639e+01   3.50000e-02   5.06333e+02
          4877   5.11050e+02   4.87700e+03  -6.11641e+01   3.50000e-02   5.06417e+02
          4878   5.11124e+02   4.87800e+03  -6.11642e+01   3.50000e-02   5.06500e+02
          4879   5.11203e+02   4.87900e+03  -6.11636e+01   3.50000e-02   5.06583e+02
          4880   5.11286e+02   4.88000e+03  -6.11679e+01   3.50000e-02   5.06667e+02
          4881   5.11377e+02   4.88100e+03  -6.11688e+01   3.50000e-02   5.06750e+02
          4882   5.11455e+02   4.88200e+03  -6.11684e+01   3.50000e-02   5.06833e+02
          4883   5.11542e+02   4.88300e+03  -6.11666e+01   3.50000e-02   5.06917e+02
          4884   5.11623e+02   4.88400e+03  -6.11627e+01   3.50000e-02   5.07000e+02
          4885   5.11709e+02   4.88500e+03  -6.11600e+01   3.50000e-02   5.07083e+02
          4886   5.11789e+02   4.88600e+03  -6.11579e+01   3.50000e-02   5.07167e+02
          4887   5.11871e+02   4.88700e+03  -6.11563e+01   3.50000e-02   5.07250e+02
          4888   5.11955e+02   4.88800e+03  -6.11541e+01   3.50000e-02   5.07333e+02
          4889   5.12046e+02   4.88900e+03  -6.11543e+01   3.50000e-02   5.07417e+02
          4890   5.12134e+02   4.89000e+03  -6.11546e+01   3.50000e-02   5.07500e+02
          4891   5.12220e+02   4.89100e+03  -6.11543e+01   3.50000e-02   5.07583e+02
          4892   5.12305e+02   4.89200e+03  -6.11531e+01   3.50000e-02   5.07667e+02
          4893   5.12387e+02   4.89300e+03  -6.11530e+01   3.50000e-02   5.07750e+02
          4894   5.12474e+02   4.89400e+03  -6.11552e+01   3.50000e-02   5.07833e+02
          4895   5.12555e+02   4.89500e+03  -6.11597e+01   3.50000e-02   5.07917e+02
          4896   5.12628e+02   4.89600e+03  -6.11684e+01   3.50000e-02   5.08000e+02
          4897   5.12708e+02   4.89700e+03  -6.11722e+01   3.50000e-02   5.08083e+02
          4898   5.12791e+02   4.89800e+03  -6.11749e+01   3.50000e-02   5.08167e+02
          4899   5.12883e+02   4.89900e+03  -6.11780e+01   3.50000e-02   5.08250e+02
          4900   5.12960e+02   4.90000e+03  -6.11845e+01   3.50000e-02   5.08333e+02
          4901   5.13059e+02   4.90100e+03  -6.11891e+01   3.50000e-02   5.08417e+02
          4902   5.13141e+02   4.90200e+03  -6.11919e+01   3.50000e-02   5.08500e+02
          4903   5.13223e+02   4.90300e+03  -6.11941e+01   3.50000e-02   5.08583e+02
          4904   5.13296e+02   4.90400e+03  -6.12006e+01   3.50000e-02   5.08667e+02
          4905   5.13393e+02   4.90500e+03  -6.12045e+01   3.50000e-02   5.08750e+02
          4906   5.13473e+02   4.90600e+03  -6.12084e+01   3.50000e-02   5.08833e+02
          4907   5.13552e+02   4.90700e+03  -6.12131e+01   3.50000e-02   5.08917e+02
          4908   5.13636e+02   4.90800e+03  -6.12132e+01   3.50000e-02   5.09000e+02
          4909   5.13728e+02   4.90900e+03  -6.12164e+01   3.50000e-02   5.09083e+02
          4910   5.13811e+02   4.91000e+03  -6.12205e+01   3.50000e-02   5.09167e+02
          4911   5.13887e+02   4.91100e+03  -6.12250e+01   3.50000e-02   5.09250e+02
          4912   5.13974e+02   4.91200e+03  -6.12268e+01   3.50000e-02   5.09333e+02
          4913   5.14058e+02   4.91300e+03  -6.12290e+01   3.50000e-02   5.09417e+02
          4914   5.14139e+02   4.91400e+03  -6.12306e+01   3.50000e-02   5.09500e+02
          4915   5.14213e+02   4.91500e+03  -6.12313e+01   3.50000e-02   5.09583e+02
          4916   5.14302e+02   4.91600e+03  -6.12381e+01   3.50000e-02   5.09667e+02
          4917   5.14386e+02   4.91700e+03  -6.12433e+01   3.50000e-02   5.09750e+02
          4918   5.14476e+02   4.91800e+03  -6.12491e+01   3.50000e-02   5.09833e+02
          4919   5.14556e+02   4.91900e+03  -6.12558e+01   3.50000e-02   5.09917e+02
          4920   5.14639e+02   4.92000e+03  -6.12588e+01   3.50000e-02   5.10000e+02
          4921   5.14725e+02   4.92100e+03  -6.12618e+01   3.50000e-02   5.10083e+02
          4922   5.14805e+02   4.92200e+03  -6.12636e+01   3.50000e-02   5.10167e+02
          4923   5.14891e+02   4.92300e+03  -6.12642e+01   3.50000e-02   5.10250e+02
          4924   5.14974e+02   4.92400e+03  -6.12662e+01   3.48889e-02   5.10333e+02
          4925   5.15059e+02   4.92500e+03  -6.12672e+01   3.47778e-02   5.10417e+02
          4926   5.15139e+02   4.92600e+03  -6.12683e+01   3.46667e-02   5.10500e+02
          4927   5.15217e+02   4.92700e+03  -6.12690e+01   3.45556e-02   5.10583e+02
          4928   5.15304e+02   4.92800e+03  -6.12685e+01   3.43549e-02   5.10667e+02
          4929   5.15395e+02   4.92900e+03  -6.12685e+01   3.42338e-02   5.10750e+02
          4930   5.15477e+02   4.93000e+03  -6.12686e+01   3.41418e-02   5.10833e+02
          4931   5.15572e+02   4.93100e+03  -6.12677e+01   3.40617e-02   5.10917e+02
          4932   5.15653e+02   4.93200e+03  -6.12632e+01   3.40716e-02   5.11000e+02
          4933   5.15729e+02   4.93300e+03  -6.12628e+01   3.40479e-02   5.11083e+02
          4934   5.15811e+02   4.93400e+03  -6.12630e+01   3.40250e-02   5.11167e+02
          4935   5.15894e+02   4.93500e+03  -6.12642e+01   3.40069e-02   5.11250e+02
          4936   5.15984e+02   4.93600e+03  -6.12686e+01   3.40123e-02   5.11333e+02
          4937   5.16065e+02   4.93700e+03  -6.12693e+01   3.40084e-02   5.11417e+02
          4938   5.16145e+02   4.93800e+03  -6.12704e+01   3.40041e-02   5.11500e+02
          4939   5.16238e+02   4.93900e+03  -6.12720e+01   3.40008e-02   5.11583e+02
          4940   5.16318e+02   4.94000e+03  -6.12765e+01   3.40020e-02   5.11667e+02
          4941   5.16397e+02   4.94100e+03  -6.12793e+01   3.40014e-02   5.11750e+02
          4942   5.16471e+02   4.94200e+03  -6.12825e+01   3.40006e-02   5.11833e+02
          4943   5.16567e+02   4.94300e+03  -6.12875e+01   3.40001e-02   5.11917e+02
          4944   5.16644e+02   4.94400e+03  -6.12918e+01   3.40003e-02   5.12000e+02
          4945   5.16735e+02   4.94500e+03  -6.12965e+01   3.40002e-02   5.12083e+02
          4946   5.16817e+02   4.94600e+03  -6.13005e+01   3.40001e-02   5.12167e+02
          4947   5.16889e+02   4.94700e+03  -6.13030e+01   3.40000e-02   5.12250e+02
          4948   5.16974e+02   4.94800e+03  -6.13114e+01   3.40001e-02   5.12333e+02
          4949   5.17056e+02   4.94900e+03  -6.13174e+01   3.40000e-02   5.12417e+02
          4950   5.17145e+02   4.95000e+03  -6.13233e+01   3.40000e-02   5.12500e+02
          4951   5.17228e+02   4.95100e+03  -6.13275e+01   3.40000e-02   5.12583e+02
          4952   5.17312e+02   4.95200e+03  -6.13329e+01   3.40000e-02   5.12667e+02
          4953   5.17396e+02   4.95300e+03  -6.13393e+01   3.40000e-02   5.12750e+02
          4954   5.17479e+02   4.95400e+03  -6.13455e+01   3.40000e-02   5.12833e+02
          4955   5.17565e+02   4.95500e+03  -6.13505e+01   3.40000e-02   5.12917e+02
          4956   5.17648e+02   4.95600e+03  -6.13521e+01   3.40000e-02   5.13000e+02
          4957   5.17727e+02   4.95700e+03  -6.13537e+01   3.40000e-02   5.13083e+02
          4958   5.17819e+02   4.95800e+03  -6.13562e+01   3.40000e-02   5.13167e+02
          4959   5.17897e+02   4.95900e+03  -6.13589e+01   3.40000e-02   5.13250e+02
          4960   5.17984e+02   4.96000e+03  -6.13621e+01   3.40000e-02   5.13333e+02
          4961   5.18060e+02   4.96100e+03  -6.13653e+01   3.40000e-02   5.13417e+02
          4962   5.18139e+02   4.96200e+03  -6.13677e+01   3.40000e-02   5.13500e+02
          4963   5.18226e+02   4.96300e+03  -6.13697e+01   3.40000e-02   5.13583e+02
          4964   5.18312e+02   4.96400e+03  -6.13665e+01   3.40000e-02   5.13667e+02
          4965   5.18394e+02   4.96500e+03  -6.13654e+01   3.40000e-02   5.13750e+02
          4966   5.18473e+02   4.96600e+03  -6.13658e+01   3.40000e-02   5.13833e+02
          4967   5.18561e+02   4.96700e+03  -6.13672e+01   3.40000e-02   5.13917e+02
          4968   5.18640e+02   4.96800e+03  -6.13705e+01   3.40000e-02   5.14000e+02
          4969   5.18712e+02   4.96900e+03  -6.13709e+01   3.40000e-02   5.14083e+02
          4970   5.18809e+02   4.97000e+03  -6.13708e+01   3.40000e-02   5.14167e+02
          4971   5.18900e+02   4.97100e+03  -6.13713e+01   3.40000e-02   5.14250e+02
          4972   5.18989e+02   4.97200e+03  -6.13687e+01   3.40000e-02   5.14333e+02
          4973   5.19075e+02   4.97300e+03  -6.13699e+01   3.40000e-02   5.14417e+02
          4974   5.19156e+02   4.97400e+03  -6.13714e+01   3.40000e-02   5.14500e+02
          4975   5.19233e+02   4.97500e+03  -6.13729e+01   3.40000e-02   5.14583e+02
          4976   5.19310e+02   4.97600e+03  -6.13767e+01   3.40000e-02   5.14667e+02
          4977   5.19396e+02   4.97700e+03  -6.13789e+01   3.40000e-02   5.14750e+02
          4978   5.19492e+02   4.97800e+03  -6.13802e+01   3.40000e-02   5.14833e+02
          4979   5.19564e+02   4.97900e+03  -6.13826e+01   3.40000e-02   5.14917e+02
          4980   5.19654e+02   4.98000e+03  -6.13882e+01   3.40000e-02   5.15000e+02
          4981   5.19723e+02   4.98100e+03  -6.13944e+01   3.40000e-02   5.15083e+02
          4982   5.19810e+02   4.98200e+03  -6.14013e+01   3.40000e-02   5.15167e+02
          4983   5.19897e+02   4.98300e+03  -6.14076e+01   3.40000e-02   5.15250e+02
          4984   5.19973e+02   4.98400e+03  -6.14117e+01   3.40000e-02   5.15333e+02
          4985   5.20061e+02   4.98500e+03  -6.14153e+01   3.40000e-02   5.15417e+02
          4986   5.20145e+02   4.98600e+03  -6.14187e+01   3.40000e-02   5.15500e+02
          4987   5.20237e+02   4.98700e+03  -6.14219e+01   3.40000e-02   5.15583e+02
          4988   5.20321e+02   4.98800e+03  -6.14274e+01   3.40000e-02   5.15667e+02
          4989   5.20397e+02   4.98900e+03  -6.14313e+01   3.40000e-02   5.15750e+02
          4990   5.20480e+02   4.99000e+03  -6.14354e+01   3.40000e-02   5.15833e+02
          4991   5.20557e+02   4.99100e+03  -6.14388e+01   3.40000e-02   5.15917e+02
          4992   5.20647e+02   4.99200e+03  -6.14371e+01   3.40000e-02   5.16000e+02
          4993   5.20737e+02   4.99300e+03  -6.14380e+01   3.40000e-02   5.16083e+02
          4994   5.20814e+02   4.99400e+03  -6.14394e+01   3.40000e-02   5.16167e+02
          4995   5.20897e+02   4.99500e+03  -6.14421e+01   3.40000e-02   5.16250e+02
          4996   5.20982e+02   4.99600e+03  -6.14435e+01   3.40000e-02   5.16333e+02
          4997   5.21061e+02   4.99700e+03  -6.14451e+01   3.40000e-02   5.16417e+02
          4998   5.21145e+02   4.99800e+03  -6.14460e+01   3.40000e-02   5.16500e+02
          4999   5.21227e+02   4.99900e+03  -6.14461e+01   3.40000e-02   5.16583e+02
          5000   5.21311e+02   5.00000e+03  -6.14474e+01   3.40000e-02   5.16667e+02
          5001   5.21387e+02   5.00100e+03  -6.14494e+01   3.40000e-02   5.16750e+02
          5002   5.21475e+02   5.00200e+03  -6.14515e+01   3.40000e-02   5.16833e+02
          5003   5.21564e+02   5.00300e+03  -6.14544e+01   3.40000e-02   5.16917e+02
          5004   5.21643e+02   5.00400e+03  -6.14575e+01   3.40000e-02   5.17000e+02
          5005   5.21725e+02   5.00500e+03  -6.14614e+01   3.40000e-02   5.17083e+02
          5006   5.21815e+02   5.00600e+03  -6.14651e+01   3.40000e-02   5.17167e+02
          5007   5.21896e+02   5.00700e+03  -6.14678e+01   3.40000e-02   5.17250e+02
          5008   5.21981e+02   5.00800e+03  -6.14688e+01   3.40000e-02   5.17333e+02
          5009   5.22063e+02   5.00900e+03  -6.14702e+01   3.40000e-02   5.17417e+02
          5010   5.22149e+02   5.01000e+03  -6.14723e+01   3.40000e-02   5.17500e+02
          5011   5.22237e+02   5.01100e+03  -6.14743e+01   3.40000e-02   5.17583e+02
          5012   5.22310e+02   5.01200e+03  -6.14801e+01   3.40000e-02   5.17667e+02
          5013   5.22402e+02   5.01300e+03  -6.14817e+01   3.40000e-02   5.17750e+02
          5014   5.22470e+02   5.01400e+03  -6.14813e+01   3.40000e-02   5.17833e+02
          5015   5.22563e+02   5.01500e+03  -6.14814e+01   3.40000e-02   5.17917e+02
          5016   5.22650e+02   5.01600e+03  -6.14786e+01   3.40000e-02   5.18000e+02
          5017   5.22733e+02   5.01700e+03  -6.14798e+01   3.40000e-02   5.18083e+02
          5018   5.22818e+02   5.01800e+03  -6.14818e+01   3.40000e-02   5.18167e+02
          5019   5.22904e+02   5.01900e+03  -6.14839e+01   3.40000e-02   5.18250e+02
          5020   5.22984e+02   5.02000e+03  -6.14840e+01   3.40000e-02   5.18333e+02
          5021   5.23064e+02   5.02100e+03  -6.14855e+01   3.40000e-02   5.18417e+02
          5022   5.23148e+02   5.02200e+03  -6.14866e+01   3.40000e-02   5.18500e+02
          5023   5.23233e+02   5.02300e+03  -6.14862e+01   3.40000e-02   5.18583e+02
          5024   5.23316e+02   5.02400e+03  -6.14883e+01   3.40000e-02   5.18667e+02
          5025   5.23400e+02   5.02500e+03  -6.14885e+01   3.40000e-02   5.18750e+02
          5026   5.23484e+02   5.02600e+03  -6.14875e+01   3.40000e-02   5.18833e+02
          5027   5.23567e+02   5.02700e+03  -6.14875e+01   3.40000e-02   5.18917e+02
          5028   5.23656e+02   5.02800e+03  -6.14870e+01   3.40000e-02   5.19000e+02
          5029   5.23734e+02   5.02900e+03  -6.14885e+01   3.40000e-02   5.19083e+02
          5030   5.23823e+02   5.03000e+03  -6.14923e+01   3.40000e-02   5.19167e+02
          5031   5.23901e+02   5.03100e+03  -6.14975e+01   3.40000e-02   5.19250e+02
          5032   5.23988e+02   5.03200e+03  -6.14989e+01   3.38889e-02   5.19333e+02
          5033   5.24063e+02   5.03300e+03  -6.15016e+01   3.37778e-02   5.19417e+02
          5034   5.24153e+02   5.03400e+03  -6.15049e+01   3.36944e-02   5.19500e+02
          5035   5.24236e+02   5.03500e+03  -6.15083e+01   3.36667e-02   5.19583e+02
          5036   5.24311e+02   5.03600e+03  -6.15166e+01   3.35887e-02   5.19667e+02
          5037   5.24397e+02   5.03700e+03  -6.15190e+01   3.35816e-02   5.19750e+02
          5038   5.24474e+02   5.03800e+03  -6.15206e+01   3.36007e-02   5.19833e+02
          5039   5.24568e+02   5.03900e+03  -6.15234e+01   3.36296e-02   5.19917e+02
          5040   5.24646e+02   5.04000e+03  -6.15269e+01   3.37856e-02   5.20000e+02
          5041   5.24725e+02   5.04100e+03  -6.15289e+01   3.38590e-02   5.20083e+02
          5042   5.24812e+02   5.04200e+03  -6.15300e+01   3.39117e-02   5.20167e+02
          5043   5.24897e+02   5.04300e+03  -6.15312e+01   3.39589e-02   5.20250e+02
          5044   5.24988e+02   5.04400e+03  -6.15277e+01   3.39553e-02   5.20333e+02
          5045   5.25062e+02   5.04500e+03  -6.15265e+01   3.39702e-02   5.20417e+02
          5046   5.25156e+02   5.04600e+03  -6.15237e+01   3.39842e-02   5.20500e+02
          5047   5.25227e+02   5.04700e+03  -6.15205e+01   3.39954e-02   5.20583e+02
          5048   5.25319e+02   5.04800e+03  -6.15177e+01   3.39922e-02   5.20667e+02
          5049   5.25395e+02   5.04900e+03  -6.15134e+01   3.39947e-02   5.20750e+02
          5050   5.25476e+02   5.05000e+03  -6.15093e+01   3.39974e-02   5.20833e+02
          5051   5.25566e+02   5.05100e+03  -6.15055e+01   3.39995e-02   5.20917e+02
          5052   5.25649e+02   5.05200e+03  -6.14975e+01   3.39987e-02   5.21000e+02
          5053   5.25737e+02   5.05300e+03  -6.14934e+01   3.39991e-02   5.21083e+02
          5054   5.25819e+02   5.05400e+03  -6.14905e+01   3.39996e-02   5.21167e+02
          5055   5.25900e+02   5.05500e+03  -6.14883e+01   3.39999e-02   5.21250e+02
          5056   5.25982e+02   5.05600e+03  -6.14851e+01   3.39998e-02   5.21333e+02
          5057   5.26071e+02   5.05700e+03  -6.14863e+01   3.39999e-02   5.21417e+02
          5058   5.26154e+02   5.05800e+03  -6.14890e+01   3.39999e-02   5.21500e+02
          5059   5.26243e+02   5.05900e+03  -6.14910e+01   3.40000e-02   5.21583e+02
          5060   5.26320e+02   5.06000e+03  -6.15005e+01   3.40000e-02   5.21667e+02
          5061   5.26399e+02   5.06100e+03  -6.15060e+01   3.40000e-02   5.21750e+02
          5062   5.26485e+02   5.06200e+03  -6.15110e+01   3.40000e-02   5.21833e+02
          5063   5.26570e+02   5.06300e+03  -6.15163e+01   3.40000e-02   5.21917e+02
          5064   5.26648e+02   5.06400e+03  -6.15276e+01   3.40000e-02   5.22000e+02
          5065   5.26738e+02   5.06500e+03  -6.15327e+01   3.40000e-02   5.22083e+02
          5066   5.26818e+02   5.06600e+03  -6.15358e+01   3.40000e-02   5.22167e+02
          5067   5.26907e+02   5.06700e+03  -6.15379e+01   3.40000e-02   5.22250e+02
          5068   5.26992e+02   5.06800e+03  -6.15413e+01   3.38889e-02   5.22333e+02
          5069   5.27070e+02   5.06900e+03  -6.15453e+01   3.37778e-02   5.22417e+02
          5070   5.27154e+02   5.07000e+03  -6.15486e+01   3.36667e-02   5.22500e+02
          5071   5.27233e+02   5.07100e+03  -6.15531e+01   3.35556e-02   5.22583e+02
          5072   5.27321e+02   5.07200e+03  -6.15508e+01   3.33549e-02   5.22667e+02
          5073   5.27400e+02   5.07300e+03  -6.15505e+01   3.32338e-02   5.22750e+02
          5074   5.27491e+02   5.07400e+03  -6.15512e+01   3.31418e-02   5.22833e+02
          5075   5.27576e+02   5.07500e+03  -6.15523e+01   3.30617e-02   5.22917e+02
          5076   5.27662e+02   5.07600e+03  -6.15504e+01   3.30716e-02   5.23000e+02
          5077   5.27744e+02   5.07700e+03  -6.15508e+01   3.30478e-02   5.23083e+02
          5078   5.27822e+02   5.07800e+03  -6.15529e+01   3.30250e-02   5.23167e+02
          5079   5.27910e+02   5.07900e+03  -6.15560e+01   3.30069e-02   5.23250e+02
          5080   5.27985e+02   5.08000e+03  -6.15577e+01   3.30123e-02   5.23333e+02
          5081   5.28087e+02   5.08100e+03  -6.15576e+01   3.30084e-02   5.23417e+02
          5082   5.28167e+02   5.08200e+03  -6.15587e+01   3.30041e-02   5.23500e+02
          5083   5.28247e+02   5.08300e+03  -6.15606e+01   3.30008e-02   5.23583e+02
          5084   5.28327e+02   5.08400e+03  -6.15623e+01   3.30020e-02   5.23667e+02
          5085   5.28417e+02   5.08500e+03  -6.15638e+01   3.30014e-02   5.23750e+02
          5086   5.28500e+02   5.08600e+03  -6.15647e+01   3.30006e-02   5.23833e+02
          5087   5.28582e+02   5.08700e+03  -6.15659e+01   3.30001e-02   5.23917e+02
          5088   5.28666e+02   5.08800e+03  -6.15691e+01   3.30003e-02   5.24000e+02
          5089   5.28749e+02   5.08900e+03  -6.15721e+01   3.30002e-02   5.24083e+02
          5090   5.28838e+02   5.09000e+03  -6.15757e+01   3.30001e-02   5.24167e+02
          5091   5.28914e+02   5.09100e+03  -6.15791e+01   3.30000e-02   5.24250e+02
          5092   5.29001e+02   5.09200e+03  -6.15827e+01   3.30000e-02   5.24333e+02
          5093   5.29088e+02   5.09300e+03  -6.15857e+01   3.30000e-02   5.24417e+02
          5094   5.29170e+02   5.09400e+03  -6.15894e+01   3.30000e-02   5.24500e+02
          5095   5.29252e+02   5.09500e+03  -6.15933e+01   3.30000e-02   5.24583e+02
          5096   5.29330e+02   5.09600e+03  -6.16011e+01   3.30000e-02   5.24667e+02
          5097   5.29420e+02   5.09700e+03  -6.16064e+01   3.30000e-02   5.24750e+02
          5098   5.29502e+02   5.09800e+03  -6.16113e+01   3.30000e-02   5.24833e+02
          5099   5.29586e+02   5.09900e+03  -6.16162e+01   3.30000e-02   5.24917e+02
          5100   5.29670e+02   5.10000e+03  -6.16225e+01   3.30000e-02   5.25000e+02
          5101   5.29754e+02   5.10100e+03  -6.16291e+01   3.30000e-02   5.25083e+02
          5102   5.29834e+02   5.10200e+03  -6.16343e+01   3.30000e-02   5.25167e+02
          5103   5.29918e+02   5.10300e+03  -6.16393e+01   3.30000e-02   5.25250e+02
          5104   5.29993e+02   5.10400e+03  -6.16443e+01   3.30000e-02   5.25333e+02
          5105   5.30082e+02   5.10500e+03  -6.16487e+01   3.30000e-02   5.25417e+02
          5106   5.30161e+02   5.10600e+03  -6.16536e+01   3.30000e-02   5.25500e+02
          5107   5.30243e+02   5.10700e+03  -6.16582e+01   3.30000e-02   5.25583e+02
          5108   5.30335e+02   5.10800e+03  -6.16594e+01   3.30000e-02   5.25667e+02
          5109   5.30412e+02   5.10900e+03  -6.16627e+01   3.30000e-02   5.25750e+02
          5110   5.30491e+02   5.11000e+03  -6.16648e+01   3.30000e-02   5.25833e+02
          5111   5.30583e+02   5.11100e+03  -6.16663e+01   3.30000e-02   5.25917e+02
          5112   5.30661e+02   5.11200e+03  -6.16678e+01   3.30000e-02   5.26000e+02
          5113   5.30750e+02   5.11300e+03  -6.16681e+01   3.30000e-02   5.26083e+02
          5114   5.30831e+02   5.11400e+03  -6.16682e+01   3.30000e-02   5.26167e+02
          5115   5.30911e+02   5.11500e+03  -6.16691e+01   3.30000e-02   5.26250e+02
          5116   5.30992e+02   5.11600e+03  -6.16690e+01   3.30000e-02   5.26333e+02
          5117   5.31085e+02   5.11700e+03  -6.16714e+01   3.30000e-02   5.26417e+02
          5118   5.31167e+02   5.11800e+03  -6.16747e+01   3.30000e-02   5.26500e+02
          5119   5.31256e+02   5.11900e+03  -6.16760e+01   3.30000e-02   5.26583e+02
          5120   5.31329e+02   5.12000e+03  -6.16782e+01   3.30000e-02   5.26667e+02
          5121   5.31413e+02   5.12100e+03  -6.16804e+01   3.30000e-02   5.26750e+02
          5122   5.31498e+02   5.12200e+03  -6.16818e+01   3.30000e-02   5.26833e+02
          5123   5.31584e+02   5.12300e+03  -6.16832e+01   3.30000e-02   5.26917e+02
          5124   5.31662e+02   5.12400e+03  -6.16893e+01   3.30000e-02   5.27000e+02
          5125   5.31750e+02   5.12500e+03  -6.16927e+01   3.30000e-02   5.27083e+02
          5126   5.31824e+02   5.12600e+03  -6.16947e+01   3.30000e-02   5.27167e+02
          5127   5.31915e+02   5.12700e+03  -6.16961e+01   3.30000e-02   5.27250e+02
          5128   5.31998e+02   5.12800e+03  -6.16969e+01   3.30000e-02   5.27333e+02
          5129   5.32077e+02   5.12900e+03  -6.16997e+01   3.30000e-02   5.27417e+02
          5130   5.32161e+02   5.13000e+03  -6.17018e+01   3.30000e-02   5.27500e+02
          5131   5.32249e+02   5.13100e+03  -6.17034e+01   3.30000e-02   5.27583e+02
          5132   5.32329e+02   5.13200e+03  -6.17064e+01   3.30000e-02   5.27667e+02
          5133   5.32408e+02   5.13300e+03  -6.17099e+01   3.30000e-02   5.27750e+02
          5134   5.32498e+02   5.13400e+03  -6.17137e+01   3.30000e-02   5.27833e+02
          5135   5.32590e+02   5.13500e+03  -6.17173e+01   3.30000e-02   5.27917e+02
          5136   5.32660e+02   5.13600e+03  -6.17194e+01   3.30000e-02   5.28000e+02
          5137   5.32746e+02   5.13700e+03  -6.17222e+01   3.30000e-02   5.28083e+02
          5138   5.32833e+02   5.13800e+03  -6.17245e+01   3.30000e-02   5.28167e+02
          5139   5.32926e+02   5.13900e+03  -6.17261e+01   3.30000e-02   5.28250e+02
          5140   5.32999e+02   5.14000e+03  -6.17299e+01   3.30000e-02   5.28333e+02
          5141   5.33070e+02   5.14100e+03  -6.17311e+01   3.29722e-02   5.28417e+02
          5142   5.33164e+02   5.14200e+03  -6.17321e+01   3.28819e-02   5.28500e+02
          5143   5.33246e+02   5.14300e+03  -6.17342e+01   3.27778e-02   5.28583e+02
          5144   5.33335e+02   5.14400e+03  -6.17339e+01   3.26360e-02   5.28667e+02
          5145   5.33416e+02   5.14500e+03  -6.17324e+01   3.25180e-02   5.28750e+02
          5146   5.33502e+02   5.14600e+03  -6.17316e+01   3.24100e-02   5.28833e+02
          5147   5.33590e+02   5.14700e+03  -6.17317e+01   3.23086e-02   5.28917e+02
          5148   5.33668e+02   5.14800e+03  -6.17300e+01   3.22155e-02   5.29000e+02
          5149   5.33752e+02   5.14900e+03  -6.17306e+01   3.21425e-02   5.29083e+02
          5150   5.33839e+02   5.15000e+03  -6.17308e+01   3.20841e-02   5.29167e+02
          5151   5.33922e+02   5.15100e+03  -6.17319e+01   3.20343e-02   5.29250e+02
          5152   5.34003e+02   5.15200e+03  -6.17317e+01   3.20423e-02   5.29333e+02
          5153   5.34084e+02   5.15300e+03  -6.17313e+01   3.20284e-02   5.29417e+02
          5154   5.34175e+02   5.15400e+03  -6.17314e+01   3.20146e-02   5.29500e+02
          5155   5.34254e+02   5.15500e+03  -6.17329e+01   3.20038e-02   5.29583e+02
          5156   5.34334e+02   5.15600e+03  -6.17369e+01   3.20072e-02   5.29667e+02
          5157   5.34417e+02   5.15700e+03  -6.17373e+01   3.20049e-02   5.29750e+02
          5158   5.34506e+02   5.15800e+03  -6.17362e+01   3.20024e-02   5.29833e+02
          5159   5.34597e+02   5.15900e+03  -6.17364e+01   3.20004e-02   5.29917e+02
          5160   5.34671e+02   5.16000e+03  -6.17377e+01   3.20011e-02   5.30000e+02
          5161   5.34759e+02   5.16100e+03  -6.17387e+01   3.20008e-02   5.30083e+02
          5162   5.34836e+02   5.16200e+03  -6.17392e+01   3.20004e-02   5.30167e+02
          5163   5.34922e+02   5.16300e+03  -6.17399e+01   3.20000e-02   5.30250e+02
          5164   5.35006e+02   5.16400e+03  -6.17416e+01   3.20002e-02   5.30333e+02
          5165   5.35086e+02   5.16500e+03  -6.17437e+01   3.20001e-02   5.30417e+02
          5166   5.35174e+02   5.16600e+03  -6.17456e+01   3.20001e-02   5.30500e+02
          5167   5.35248e+02   5.16700e+03  -6.17477e+01   3.20000e-02   5.30583e+02
          5168   5.35333e+02   5.16800e+03  -6.17495e+01   3.20000e-02   5.30667e+02
          5169   5.35414e+02   5.16900e+03  -6.17510e+01   3.20000e-02   5.30750e+02
          5170   5.35504e+02   5.17000e+03  -6.17541e+01   3.20000e-02   5.30833e+02
          5171   5.35581e+02   5.17100e+03  -6.17586e+01   3.20000e-02   5.30917e+02
          5172   5.35670e+02   5.17200e+03  -6.17621e+01   3.20000e-02   5.31000e+02
          5173   5.35746e+02   5.17300e+03  -6.17634e+01   3.20000e-02   5.31083e+02
          5174   5.35842e+02   5.17400e+03  -6.17651e+01   3.20000e-02   5.31167e+02
          5175   5.35930e+02   5.17500e+03  -6.17668e+01   3.20000e-02   5.31250e+02
          5176   5.36002e+02   5.17600e+03  -6.17662e+01   3.20000e-02   5.31333e+02
          5177   5.36081e+02   5.17700e+03  -6.17645e+01   3.20000e-02   5.31417e+02
          5178   5.36171e+02   5.17800e+03  -6.17641e+01   3.20000e-02   5.31500e+02
          5179   5.36254e+02   5.17900e+03  -6.17637e+01   3.20000e-02   5.31583e+02
          5180   5.36333e+02   5.18000e+03  -6.17639e+01   3.20000e-02   5.31667e+02
          5181   5.36418e+02   5.18100e+03  -6.17643e+01   3.20000e-02   5.31750e+02
          5182   5.36509e+02   5.18200e+03  -6.17643e+01   3.20000e-02   5.31833e+02
          5183   5.36590e+02   5.18300e+03  -6.17637e+01   3.20000e-02   5.31917e+02
          5184   5.36672e+02   5.18400e+03  -6.17585e+01   3.20000e-02   5.32000e+02
          5185   5.36758e+02   5.18500e+03  -6.17574e+01   3.20000e-02   5.32083e+02
          5186   5.36844e+02   5.18600e+03  -6.17573e+01   3.20000e-02   5.32167e+02
          5187   5.36920e+02   5.18700e+03  -6.17570e+01   3.20000e-02   5.32250e+02
          5188   5.37007e+02   5.18800e+03  -6.17592e+01   3.20000e-02   5.32333e+02
          5189   5.37080e+02   5.18900e+03  -6.17589e+01   3.20000e-02   5.32417e+02
          5190   5.37170e+02   5.19000e+03  -6.17583e+01   3.20000e-02   5.32500e+02
          5191   5.37259e+02   5.19100e+03  -6.17559e+01   3.20000e-02   5.32583e+02
          5192   5.37337e+02   5.19200e+03  -6.17540e+01   3.20000e-02   5.32667e+02
          5193   5.37417e+02   5.19300e+03  -6.17529e+01   3.20000e-02   5.32750e+02
          5194   5.37500e+02   5.19400e+03  -6.17510e+01   3.20000e-02   5.32833e+02
          5195   5.37584e+02   5.19500e+03  -6.17493e+01   3.20000e-02   5.32917e+02
          5196   5.37672e+02   5.19600e+03  -6.17470e+01   3.20000e-02   5.33000e+02
          5197   5.37765e+02   5.19700e+03  -6.17457e+01   3.20000e-02   5.33083e+02
          5198   5.37843e+02   5.19800e+03  -6.17468e+01   3.20000e-02   5.33167e+02
          5199   5.37924e+02   5.19900e+03  -6.17479e+01   3.20000e-02   5.33250e+02
          5200   5.38003e+02   5.20000e+03  -6.17487e+01   3.20000e-02   5.33333e+02
          5201   5.38092e+02   5.20100e+03  -6.17502e+01   3.20000e-02   5.33417e+02
          5202   5.38170e+02   5.20200e+03  -6.17521e+01   3.20000e-02   5.33500e+02
          5203   5.38266e+02   5.20300e+03  -6.17540e+01   3.20000e-02   5.33583e+02
          5204   5.38344e+02   5.20400e+03  -6.17571e+01   3.20000e-02   5.33667e+02
          5205   5.38423e+02   5.20500e+03  -6.17580e+01   3.20000e-02   5.33750e+02
          5206   5.38506e+02   5.20600e+03  -6.17605e+01   3.20000e-02   5.33833e+02
          5207   5.38583e+02   5.20700e+03  -6.17635e+01   3.20000e-02   5.33917e+02
          5208   5.38677e+02   5.20800e+03  -6.17676e+01   3.20000e-02   5.34000e+02
          5209   5.38758e+02   5.20900e+03  -6.17720e+01   3.20000e-02   5.34083e+02
          5210   5.38848e+02   5.21000e+03  -6.17771e+01   3.20000e-02   5.34167e+02
          5211   5.38929e+02   5.21100e+03  -6.17832e+01   3.20000e-02   5.34250e+02
          5212   5.39010e+02   5.21200e+03  -6.17841e+01   3.20000e-02   5.34333e+02
          5213   5.39092e+02   5.21300e+03  -6.17854e+01   3.20000e-02   5.34417e+02
          5214   5.39186e+02   5.21400e+03  -6.17882e+01   3.20000e-02   5.34500e+02
          5215   5.39264e+02   5.21500e+03  -6.17915e+01   3.20000e-02   5.34583e+02
          5216   5.39348e+02   5.21600e+03  -6.17958e+01   3.20000e-02   5.34667e+02
          5217   5.39431e+02   5.21700e+03  -6.17969e+01   3.20000e-02   5.34750e+02
          5218   5.39509e+02   5.21800e+03  -6.17970e+01   3.20000e-02   5.34833e+02
          5219   5.39590e+02   5.21900e+03  -6.17976e+01   3.20000e-02   5.34917e+02
          5220   5.39681e+02   5.22000e+03  -6.17943e+01   3.20000e-02   5.35000e+02
          5221   5.39769e+02   5.22100e+03  -6.17930e+01   3.20000e-02   5.35083e+02
          5222   5.39846e+02   5.22200e+03  -6.17937e+01   3.20000e-02   5.35167e+02
          5223   5.39926e+02   5.22300e+03  -6.17954e+01   3.20000e-02   5.35250e+02
          5224   5.40013e+02   5.22400e+03  -6.17926e+01   3.20000e-02   5.35333e+02
          5225   5.40100e+02   5.22500e+03  -6.17928e+01   3.20000e-02   5.35417e+02
          5226   5.40184e+02   5.22600e+03  -6.17950e+01   3.20000e-02   5.35500e+02
          5227   5.40272e+02   5.22700e+03  -6.17963e+01   3.20000e-02   5.35583e+02
          5228   5.40357e+02   5.22800e+03  -6.18015e+01   3.20000e-02   5.35667e+02
          5229   5.40439e+02   5.22900e+03  -6.18053e+01   3.20000e-02   5.35750e+02
          5230   5.40515e+02   5.23000e+03  -6.18074e+01   3.20000e-02   5.35833e+02
          5231   5.40599e+02   5.23100e+03  -6.18084e+01   3.20000e-02   5.35917e+02
          5232   5.40690e+02   5.23200e+03  -6.18132e+01   3.20000e-02   5.36000e+02
          5233   5.40774e+02   5.23300e+03  -6.18144e+01   3.20000e-02   5.36083e+02
          5234   5.40860e+02   5.23400e+03  -6.18153e+01   3.20000e-02   5.36167e+02
          5235   5.40933e+02   5.23500e+03  -6.18170e+01   3.20000e-02   5.36250e+02
          5236   5.41023e+02   5.23600e+03  -6.18188e+01   3.20000e-02   5.36333e+02
          5237   5.41100e+02   5.23700e+03  -6.18225e+01   3.20000e-02   5.36417e+02
          5238   5.41186e+02   5.23800e+03  -6.18274e+01   3.20000e-02   5.36500e+02
          5239   5.41276e+02   5.23900e+03  -6.18328e+01   3.20000e-02   5.36583e+02
          5240   5.41356e+02   5.24000e+03  -6.18354e+01   3.20000e-02   5.36667e+02
          5241   5.41438e+02   5.24100e+03  -6.18404e+01   3.20000e-02   5.36750e+02
          5242   5.41527e+02   5.24200e+03  -6.18467e+01   3.20000e-02   5.36833e+02
          5243   5.41605e+02   5.24300e+03  -6.18522e+01   3.20000e-02   5.36917e+02
          5244   5.41687e+02   5.24400e+03  -6.18657e+01   3.20000e-02   5.37000e+02
          5245   5.41774e+02   5.24500e+03  -6.18735e+01   3.20000e-02   5.37083e+02
          5246   5.41856e+02   5.24600e+03  -6.18807e+01   3.20000e-02   5.37167e+02
          5247   5.41935e+02   5.24700e+03  -6.18878e+01   3.20000e-02   5.37250e+02
          5248   5.42029e+02   5.24800e+03  -6.18960e+01   3.20000e-02   5.37333e+02
          5249   5.42106e+02   5.24900e+03  -6.19015e+01   3.20000e-02   5.37417e+02
          5250   5.42187e+02   5.25000e+03  -6.19046e+01   3.20000e-02   5.37500e+02
          5251   5.42284e+02   5.25100e+03  -6.19070e+01   3.20000e-02   5.37583e+02
          5252   5.42355e+02   5.25200e+03  -6.19062e+01   3.20000e-02   5.37667e+02
          5253   5.42441e+02   5.25300e+03  -6.19078e+01   3.20000e-02   5.37750e+02
          5254   5.42523e+02   5.25400e+03  -6.19088e+01   3.20000e-02   5.37833e+02
          5255   5.42602e+02   5.25500e+03  -6.19087e+01   3.20000e-02   5.37917e+02
          5256   5.42698e+02   5.25600e+03  -6.19071e+01   3.18889e-02   5.38000e+02
          5257   5.42782e+02   5.25700e+03  -6.19076e+01   3.17778e-02   5.38083e+02
          5258   5.42867e+02   5.25800e+03  -6.19064e+01   3.16667e-02   5.38167e+02
          5259   5.42954e+02   5.25900e+03  -6.19053e+01   3.15556e-02   5.38250e+02
          5260   5.43027e+02   5.26000e+03  -6.19018e+01   3.14661e-02   5.38333e+02
          5261   5.43106e+02   5.26100e+03  -6.18993e+01   3.14560e-02   5.38417e+02
          5262   5.43194e+02   5.26200e+03  -6.18972e+01   3.14751e-02   5.38500e+02
          5263   5.43278e+02   5.26300e+03  -6.18951e+01   3.15062e-02   5.38583e+02
          5264   5.43356e+02   5.26400e+03  -6.18948e+01   3.17167e-02   5.38667e+02
          5265   5.43446e+02   5.26500e+03  -6.18953e+01   3.18141e-02   5.38750e+02
          5266   5.43531e+02   5.26600e+03  -6.18961e+01   3.18832e-02   5.38833e+02
          5267   5.43612e+02   5.26700e+03  -6.18971e+01   3.19451e-02   5.38917e+02
          5268   5.43692e+02   5.26800e+03  -6.18994e+01   3.19407e-02   5.39000e+02
          5269   5.43771e+02   5.26900e+03  -6.19014e+01   3.19606e-02   5.39083e+02
          5270   5.43859e+02   5.27000e+03  -6.19033e+01   3.19791e-02   5.39167e+02
          5271   5.43944e+02   5.27100e+03  -6.19052e+01   3.19939e-02   5.39250e+02
          5272   5.44026e+02   5.27200e+03  -6.19115e+01   3.19896e-02   5.39333e+02
          5273   5.44108e+02   5.27300e+03  -6.19154e+01   3.19930e-02   5.39417e+02
          5274   5.44192e+02   5.27400e+03  -6.19192e+01   3.19966e-02   5.39500e+02
          5275   5.44277e+02   5.27500e+03  -6.19234e+01   3.19993e-02   5.39583e+02
          5276   5.44366e+02   5.27600e+03  -6.19311e+01   3.19983e-02   5.39667e+02
          5277   5.44444e+02   5.27700e+03  -6.19352e+01   3.19989e-02   5.39750e+02
          5278   5.44531e+02   5.27800e+03  -6.19378e+01   3.19995e-02   5.39833e+02
          5279   5.44614e+02   5.27900e+03  -6.19400e+01   3.19999e-02   5.39917e+02
          5280   5.44688e+02   5.28000e+03  -6.19416e+01   3.19997e-02   5.40000e+02
          5281   5.44781e+02   5.28100e+03  -6.19433e+01   3.19998e-02   5.40083e+02
          5282   5.44863e+02   5.28200e+03  -6.19453e+01   3.19999e-02   5.40167e+02
          5283   5.44941e+02   5.28300e+03  -6.19473e+01   3.20000e-02   5.40250e+02
          5284   5.45019e+02   5.28400e+03  -6.19481e+01   3.20000e-02   5.40333e+02
          5285   5.45111e+02   5.28500e+03  -6.19512e+01   3.20000e-02   5.40417e+02
          5286   5.45205e+02   5.28600e+03  -6.19545e+01   3.20000e-02   5.40500e+02
          5287   5.45278e+02   5.28700e+03  -6.19568e+01   3.20000e-02   5.40583e+02
          5288   5.45365e+02   5.28800e+03  -6.19557e+01   3.20000e-02   5.40667e+02
          5289   5.45444e+02   5.28900e+03  -6.19571e+01   3.20000e-02   5.40750e+02
          5290   5.45531e+02   5.29000e+03  -6.19577e+01   3.20000e-02   5.40833e+02
          5291   5.45612e+02   5.29100e+03  -6.19585e+01   3.20000e-02   5.40917e+02
          5292   5.45701e+02   5.29200e+03  -6.19643e+01   3.20000e-02   5.41000e+02
          5293   5.45790e+02   5.29300e+03  -6.19687e+01   3.20000e-02   5.41083e+02
          5294   5.45871e+02   5.29400e+03  -6.19719e+01   3.19722e-02   5.41167e+02
          5295   5.45941e+02   5.29500e+03  -6.19743e+01   3.18889e-02   5.41250e+02
          5296   5.46035e+02   5.29600e+03  -6.19762e+01   3.17662e-02   5.41333e+02
          5297   5.46121e+02   5.29700e+03  -6.19793e+01   3.16522e-02   5.41417e+02
          5298   5.46200e+02   5.29800e+03  -6.19832e+01   3.15411e-02   5.41500e+02
          5299   5.46290e+02   5.29900e+03  -6.19877e+01   3.14321e-02   5.41583e+02
          5300   5.46367e+02   5.30000e+03  -6.19944e+01   3.12860e-02   5.41667e+02
          5301   5.46457e+02   5.30100e+03  -6.19984e+01   3.11888e-02   5.41750e+02
          5302   5.46538e+02   5.30200e+03  -6.20017e+01   3.11133e-02   5.41833e+02
          5303   5.46624e+02   5.30300e+03  -6.20037e+01   3.10480e-02   5.41917e+02
          5304   5.46707e+02   5.30400e+03  -6.20039e+01   3.10571e-02   5.42000e+02
          5305   5.46791e+02   5.30500e+03  -6.20039e+01   3.10382e-02   5.42083e+02
          5306   5.46883e+02   5.30600e+03  -6.20038e+01   3.10198e-02   5.42167e+02
          5307   5.46960e+02   5.30700e+03  -6.20038e+01   3.10053e-02   5.42250e+02
          5308   5.47037e+02   5.30800e+03  -6.20049e+01   3.10098e-02   5.42333e+02
          5309   5.47123e+02   5.30900e+03  -6.20078e+01   3.10067e-02   5.42417e+02
          5310   5.47205e+02   5.31000e+03  -6.20094e+01   3.10032e-02   5.42500e+02
          5311   5.47285e+02   5.31100e+03  -6.20103e+01   3.10006e-02   5.42583e+02
          5312   5.47379e+02   5.31200e+03  -6.20067e+01   3.10016e-02   5.42667e+02
          5313   5.47458e+02   5.31300e+03  -6.20050e+01   3.10011e-02   5.42750e+02
          5314   5.47539e+02   5.31400e+03  -6.20050e+01   3.10005e-02   5.42833e+02
          5315   5.47620e+02   5.31500e+03  -6.20058e+01   3.10001e-02   5.42917e+02
          5316   5.47706e+02   5.31600e+03  -6.20112e+01   3.10002e-02   5.43000e+02
          5317   5.47790e+02   5.31700e+03  -6.20141e+01   3.10002e-02   5.43083e+02
          5318   5.47868e+02   5.31800e+03  -6.20167e+01   3.10001e-02   5.43167e+02
          5319   5.47959e+02   5.31900e+03  -6.20188e+01   3.10000e-02   5.43250e+02
          5320   5.48038e+02   5.32000e+03  -6.20153e+01   3.10000e-02   5.43333e+02
          5321   5.48121e+02   5.32100e+03  -6.20146e+01   3.10000e-02   5.43417e+02
          5322   5.48203e+02   5.32200e+03  -6.20149e+01   3.10000e-02   5.43500e+02
          5323   5.48292e+02   5.32300e+03  -6.20171e+01   3.10000e-02   5.43583e+02
          5324   5.48375e+02   5.32400e+03  -6.20205e+01   3.10000e-02   5.43667e+02
          5325   5.48461e+02   5.32500e+03  -6.20218e+01   3.10000e-02   5.43750e+02
          5326   5.48546e+02   5.32600e+03  -6.20236e+01   3.10000e-02   5.43833e+02
          5327   5.48626e+02   5.32700e+03  -6.20270e+01   3.10000e-02   5.43917e+02
          5328   5.48712e+02   5.32800e+03  -6.20281e+01   3.10000e-02   5.44000e+02
          5329   5.48800e+02   5.32900e+03  -6.20304e+01   3.10000e-02   5.44083e+02
          5330   5.48881e+02   5.33000e+03  -6.20334e+01   3.10000e-02   5.44167e+02
          5331   5.48954e+02   5.33100e+03  -6.20363e+01   3.10000e-02   5.44250e+02
          5332   5.49035e+02   5.33200e+03  -6.20444e+01   3.10000e-02   5.44333e+02
          5333   5.49131e+02   5.33300e+03  -6.20482e+01   3.10000e-02   5.44417e+02
          5334   5.49216e+02   5.33400e+03  -6.20509e+01   3.10000e-02   5.44500e+02
          5335   5.49297e+02   5.33500e+03  -6.20538e+01   3.10000e-02   5.44583e+02
          5336   5.49378e+02   5.33600e+03  -6.20586e+01   3.10000e-02   5.44667e+02
          5337   5.49457e+02   5.33700e+03  -6.20620e+01   3.10000e-02   5.44750e+02
          5338   5.49537e+02   5.33800e+03  -6.20639e+01   3.10000e-02   5.44833e+02
          5339   5.49625e+02   5.33900e+03  -6.20651e+01   3.10000e-02   5.44917e+02
          5340   5.49718e+02   5.34000e+03  -6.20629e+01   3.10000e-02   5.45000e+02
          5341   5.49790e+02   5.34100e+03  -6.20630e+01   3.10000e-02   5.45083e+02
          5342   5.49865e+02   5.34200e+03  -6.20617e+01   3.10000e-02   5.45167e+02
          5343   5.49954e+02   5.34300e+03  -6.20599e+01   3.10000e-02   5.45250e+02
          5344   5.50041e+02   5.34400e+03  -6.20577e+01   3.10000e-02   5.45333e+02
          5345   5.50129e+02   5.34500e+03  -6.20569e+01   3.10000e-02   5.45417e+02
          5346   5.50211e+02   5.34600e+03  -6.20566e+01   3.10000e-02   5.45500e+02
          5347   5.50294e+02   5.34700e+03  -6.20568e+01   3.10000e-02   5.45583e+02
          5348   5.50381e+02   5.34800e+03  -6.20521e+01   3.10000e-02   5.45667e+02
          5349   5.50461e+02   5.34900e+03  -6.20507e+01   3.10000e-02   5.45750e+02
          5350   5.50550e+02   5.35000e+03  -6.20501e+01   3.10000e-02   5.45833e+02
          5351   5.50634e+02   5.35100e+03  -6.20502e+01   3.10000e-02   5.45917e+02
          5352   5.50721e+02   5.35200e+03  -6.20544e+01   3.10000e-02   5.46000e+02
          5353   5.50801e+02   5.35300e+03  -6.20585e+01   3.10000e-02   5.46083e+02
          5354   5.50878e+02   5.35400e+03  -6.20620e+01   3.10000e-02   5.46167e+02
          5355   5.50972e+02   5.35500e+03  -6.20639e+01   3.10000e-02   5.46250e+02
          5356   5.51052e+02   5.35600e+03  -6.20701e+01   3.10000e-02   5.46333e+02
          5357   5.51128e+02   5.35700e+03  -6.20731e+01   3.10000e-02   5.46417e+02
          5358   5.51211e+02   5.35800e+03  -6.20759e+01   3.10000e-02   5.46500e+02
          5359   5.51309e+02   5.35900e+03  -6.20778e+01   3.10000e-02   5.46583e+02
          5360   5.51382e+02   5.36000e+03  -6.20832e+01   3.10000e-02   5.46667e+02
          5361   5.51466e+02   5.36100e+03  -6.20855e+01   3.10000e-02   5.46750e+02
          5362   5.51543e+02   5.36200e+03  -6.20855e+01   3.10000e-02   5.46833e+02
          5363   5.51634e+02   5.36300e+03  -6.20857e+01   3.10000e-02   5.46917e+02
          5364   5.51717e+02   5.36400e+03  -6.20836e+01   3.10000e-02   5.47000e+02
          5365   5.51798e+02   5.36500e+03  -6.20849e+01   3.10000e-02   5.47083e+02
          5366   5.51889e+02   5.36600e+03  -6.20867e+01   3.10000e-02   5.47167e+02
          5367   5.51966e+02   5.36700e+03  -6.20883e+01   3.10000e-02   5.47250e+02
          5368   5.52049e+02   5.36800e+03  -6.20877e+01   3.10000e-02   5.47333e+02
          5369   5.52133e+02   5.36900e+03  -6.20895e+01   3.10000e-02   5.47417e+02
          5370   5.52224e+02   5.37000e+03  -6.20914e+01   3.10000e-02   5.47500e+02
          5371   5.52305e+02   5.37100e+03  -6.20932e+01   3.10000e-02   5.47583e+02
          5372   5.52383e+02   5.37200e+03  -6.20975e+01   3.10000e-02   5.47667e+02
          5373   5.52468e+02   5.37300e+03  -6.21003e+01   3.10000e-02   5.47750e+02
          5374   5.52558e+02   5.37400e+03  -6.21032e+01   3.10000e-02   5.47833e+02
          5375   5.52634e+02   5.37500e+03  -6.21065e+01   3.10000e-02   5.47917e+02
          5376   5.52720e+02   5.37600e+03  -6.21085e+01   3.10000e-02   5.48000e+02
          5377   5.52811e+02   5.37700e+03  -6.21104e+01   3.10000e-02   5.48083e+02
          5378   5.52890e+02   5.37800e+03  -6.21120e+01   3.10000e-02   5.48167e+02
          5379   5.52970e+02   5.37900e+03  -6.21142e+01   3.10000e-02   5.48250e+02
          5380   5.53061e+02   5.38000e+03  -6.21159e+01   3.10000e-02   5.48333e+02
          5381   5.53142e+02   5.38100e+03  -6.21188e+01   3.10000e-02   5.48417e+02
          5382   5.53221e+02   5.38200e+03  -6.21207e+01   3.10000e-02   5.48500e+02
          5383   5.53314e+02   5.38300e+03  -6.21206e+01   3.10000e-02   5.48583e+02
          5384   5.53390e+02   5.38400e+03  -6.21207e+01   3.10000e-02   5.48667e+02
          5385   5.53468e+02   5.38500e+03  -6.21213e+01   3.10000e-02   5.48750e+02
          5386   5.53549e+02   5.38600e+03  -6.21228e+01   3.10000e-02   5.48833e+02
          5387   5.53633e+02   5.38700e+03  -6.21246e+01   3.10000e-02   5.48917e+02
          5388   5.53722e+02   5.38800e+03  -6.21251e+01   3.10000e-02   5.49000e+02
          5389   5.53804e+02   5.38900e+03  -6.21268e+01   3.10000e-02   5.49083e+02
          5390   5.53885e+02   5.39000e+03  -6.21277e+01   3.10000e-02   5.49167e+02
          5391   5.53979e+02   5.39100e+03  -6.21284e+01   3.10000e-02   5.49250e+02
          5392   5.54062e+02   5.39200e+03  -6.21266e+01   3.10000e-02   5.49333e+02
          5393   5.54133e+02   5.39300e+03  -6.21255e+01   3.10000e-02   5.49417e+02
          5394   5.54223e+02   5.39400e+03  -6.21248e+01   3.10000e-02   5.49500e+02
          5395   5.54299e+02   5.39500e+03  -6.21244e+01   3.10000e-02   5.49583e+02
          5396   5.54385e+02   5.39600e+03  -6.21272e+01   3.10000e-02   5.49667e+02
          5397   5.54469e+02   5.39700e+03  -6.21293e+01   3.10000e-02   5.49750e+02
          5398   5.54558e+02   5.39800e+03  -6.21319e+01   3.10000e-02   5.49833e+02
          5399   5.54639e+02   5.39900e+03  -6.21339e+01   3.10000e-02   5.49917e+02
          5400   5.54723e+02   5.40000e+03  -6.21335e+01   3.10000e-02   5.50000e+02
          5401   5.54809e+02   5.40100e+03  -6.21340e+01   3.10000e-02   5.50083e+02
          5402   5.54893e+02   5.40200e+03  -6.21353e+01   3.10000e-02   5.50167e+02
          5403   5.54973e+02   5.40300e+03  -6.21363e+01   3.10000e-02   5.50250e+02
          5404   5.55068e+02   5.40400e+03  -6.21403e+01   3.10000e-02   5.50333e+02
          5405   5.55144e+02   5.40500e+03  -6.21424e+01   3.10000e-02   5.50417e+02
          5406   5.55228e+02   5.40600e+03  -6.21440e+01   3.10000e-02   5.50500e+02
          5407   5.55310e+02   5.40700e+03  -6.21455e+01   3.10000e-02   5.50583e+02
          5408   5.55395e+02   5.40800e+03  -6.21482e+01   3.10000e-02   5.50667e+02
          5409   5.55483e+02   5.40900e+03  -6.21513e+01   3.10000e-02   5.50750e+02
          5410   5.55556e+02   5.41000e+03  -6.21529e+01   3.10000e-02   5.50833e+02
          5411   5.55647e+02   5.41100e+03  -6.21540e+01   3.10000e-02   5.50917e+02
          5412   5.55736e+02   5.41200e+03  -6.21551e+01   3.08889e-02   5.51000e+02
          5413   5.55816e+02   5.41300e+03  -6.21567e+01   3.07778e-02   5.51083e+02
          5414   5.55897e+02   5.41400e+03  -6.21570e+01   3.06667e-02   5.51167e+02
          5415   5.55982e+02   5.41500e+03  -6.21571e+01   3.05556e-02   5.51250e+02
          5416   5.56069e+02   5.41600e+03  -6.21549e+01   3.03549e-02   5.51333e+02
          5417   5.56155e+02   5.41700e+03  -6.21527e+01   3.02338e-02   5.51417e+02
          5418   5.56241e+02   5.41800e+03  -6.21507e+01   3.01418e-02   5.51500e+02
          5419   5.56327e+02   5.41900e+03  -6.21498e+01   3.00617e-02   5.51583e+02
          5420   5.56413e+02   5.42000e+03  -6.21471e+01   3.00716e-02   5.51667e+02
          5421   5.56493e+02   5.42100e+03  -6.21471e+01   3.00478e-02   5.51750e+02
          5422   5.56577e+02   5.42200e+03  -6.21477e+01   3.00250e-02   5.51833e+02
          5423   5.56652e+02   5.42300e+03  -6.21482e+01   3.00069e-02   5.51917e+02
          5424   5.56742e+02   5.42400e+03  -6.21501e+01   3.00123e-02   5.52000e+02
          5425   5.56829e+02   5.42500e+03  -6.21539e+01   3.00084e-02   5.52083e+02
          5426   5.56910e+02   5.42600e+03  -6.21580e+01   3.00041e-02   5.52167e+02
          5427   5.56993e+02   5.42700e+03  -6.21612e+01   3.00008e-02   5.52250e+02
          5428   5.57071e+02   5.42800e+03  -6.21738e+01   3.00020e-02   5.52333e+02
          5429   5.57158e+02   5.42900e+03  -6.21803e+01   3.00014e-02   5.52417e+02
          5430   5.57244e+02   5.43000e+03  -6.21853e+01   3.00006e-02   5.52500e+02
          5431   5.57322e+02   5.43100e+03  -6.21902e+01   3.00001e-02   5.52583e+02
          5432   5.57398e+02   5.43200e+03  -6.21980e+01   3.00003e-02   5.52667e+02
          5433   5.57484e+02   5.43300e+03  -6.22034e+01   3.00002e-02   5.52750e+02
          5434   5.57565e+02   5.43400e+03  -6.22077e+01   3.00001e-02   5.52833e+02
          5435   5.57654e+02   5.43500e+03  -6.22127e+01   3.00000e-02   5.52917e+02
          5436   5.57740e+02   5.43600e+03  -6.22152e+01   3.00000e-02   5.53000e+02
          5437   5.57816e+02   5.43700e+03  -6.22184e+01   3.00000e-02   5.53083e+02
          5438   5.57899e+02   5.43800e+03  -6.22219e+01   3.00000e-02   5.53167e+02
          5439   5.57991e+02   5.43900e+03  -6.22259e+01   3.00000e-02   5.53250e+02
          5440   5.58070e+02   5.44000e+03  -6.22300e+01   3.00000e-02   5.53333e+02
          5441   5.58153e+02   5.44100e+03  -6.22346e+01   3.00000e-02   5.53417e+02
          5442   5.58232e+02   5.44200e+03  -6.22369e+01   3.00000e-02   5.53500e+02
          5443   5.58325e+02   5.44300e+03  -6.22386e+01   3.00000e-02   5.53583e+02
          5444   5.58401e+02   5.44400e+03  -6.22404e+01   3.00000e-02   5.53667e+02
          5445   5.58491e+02   5.44500e+03  -6.22422e+01   3.00000e-02   5.53750e+02
          5446   5.58568e+02   5.44600e+03  -6.22448e+01   3.00000e-02   5.53833e+02
          5447   5.58651e+02   5.44700e+03  -6.22475e+01   3.00000e-02   5.53917e+02
          5448   5.58738e+02   5.44800e+03  -6.22508e+01   3.00000e-02   5.54000e+02
          5449   5.58815e+02   5.44900e+03  -6.22537e+01   3.00000e-02   5.54083e+02
          5450   5.58911e+02   5.45000e+03  -6.22566e+01   3.00000e-02   5.54167e+02
          5451   5.58988e+02   5.45100e+03  -6.22587e+01   3.00000e-02   5.54250e+02
          5452   5.59066e+02   5.45200e+03  -6.22563e+01   3.00000e-02   5.54333e+02
          5453   5.59153e+02   5.45300e+03  -6.22563e+01   3.00000e-02   5.54417e+02
          5454   5.59237e+02   5.45400e+03  -6.22579e+01   3.00000e-02   5.54500e+02
          5455   5.59319e+02   5.45500e+03  -6.22607e+01   3.00000e-02   5.54583e+02
          5456   5.59400e+02   5.45600e+03  -6.22628e+01   3.00000e-02   5.54667e+02
          5457   5.59484e+02   5.45700e+03  -6.22627e+01   3.00000e-02   5.54750e+02
          5458   5.59565e+02   5.45800e+03  -6.22612e+01   3.00000e-02   5.54833e+02
          5459   5.59649e+02   5.45900e+03  -6.22598e+01   3.00000e-02   5.54917e+02
          5460   5.59740e+02   5.46000e+03  -6.22578e+01   3.00000e-02   5.55000e+02
          5461   5.59822e+02   5.46100e+03  -6.22571e+01   3.00000e-02   5.55083e+02
          5462   5.59913e+02   5.46200e+03  -6.22560e+01   3.00000e-02   5.55167e+02
          5463   5.59991e+02   5.46300e+03  -6.22545e+01   3.00000e-02   5.55250e+02
          5464   5.60066e+02   5.46400e+03  -6.22533e+01   3.00000e-02   5.55333e+02
          5465   5.60159e+02   5.46500e+03  -6.22523e+01   3.00000e-02   5.55417e+02
          5466   5.60234e+02   5.46600e+03  -6.22518e+01   3.00000e-02   5.55500e+02
          5467   5.60321e+02   5.46700e+03  -6.22507e+01   3.00000e-02   5.55583e+02
          5468   5.60401e+02   5.46800e+03  -6.22495e+01   3.00000e-02   5.55667e+02
          5469   5.60493e+02   5.46900e+03  -6.22488e+01   3.00000e-02   5.55750e+02
          5470   5.60578e+02   5.47000e+03  -6.22474e+01   3.00000e-02   5.55833e+02
          5471   5.60666e+02   5.47100e+03  -6.22465e+01   3.00000e-02   5.55917e+02
          5472   5.60742e+02   5.47200e+03  -6.22455e+01   3.00000e-02   5.56000e+02
          5473   5.60825e+02   5.47300e+03  -6.22454e+01   3.00000e-02   5.56083e+02
          5474   5.60913e+02   5.47400e+03  -6.22460e+01   3.00000e-02   5.56167e+02
          5475   5.60995e+02   5.47500e+03  -6.22471e+01   3.00000e-02   5.56250e+02
          5476   5.61081e+02   5.47600e+03  -6.22488e+01   3.00000e-02   5.56333e+02
          5477   5.61172e+02   5.47700e+03  -6.22503e+01   3.00000e-02   5.56417e+02
          5478   5.61255e+02   5.47800e+03  -6.22517e+01   3.00000e-02   5.56500e+02
          5479   5.61328e+02   5.47900e+03  -6.22526e+01   3.00000e-02   5.56583e+02
          5480   5.61416e+02   5.48000e+03  -6.22564e+01   3.00000e-02   5.56667e+02
          5481   5.61499e+02   5.48100e+03  -6.22594e+01   3.00000e-02   5.56750e+02
          5482   5.61578e+02   5.48200e+03  -6.22621e+01   3.00000e-02   5.56833e+02
          5483   5.61662e+02   5.48300e+03  -6.22646e+01   3.00000e-02   5.56917e+02
          5484   5.61742e+02   5.48400e+03  -6.22702e+01   3.00000e-02   5.57000e+02
          5485   5.61830e+02   5.48500e+03  -6.22739e+01   3.00000e-02   5.57083e+02
          5486   5.61913e+02   5.48600e+03  -6.22780e+01   3.00000e-02   5.57167e+02
          5487   5.61992e+02   5.48700e+03  -6.22823e+01   3.00000e-02   5.57250e+02
          5488   5.62085e+02   5.48800e+03  -6.22854e+01   3.00000e-02   5.57333e+02
          5489   5.62170e+02   5.48900e+03  -6.22882e+01   3.00000e-02   5.57417e+02
          5490   5.62253e+02   5.49000e+03  -6.22906e+01   3.00000e-02   5.57500e+02
          5491   5.62334e+02   5.49100e+03  -6.22922e+01   3.00000e-02   5.57583e+02
          5492   5.62416e+02   5.49200e+03  -6.22952e+01   3.00000e-02   5.57667e+02
          5493   5.62504e+02   5.49300e+03  -6.22975e+01   3.00000e-02   5.57750e+02
          5494   5.62591e+02   5.49400e+03  -6.22980e+01   3.00000e-02   5.57833e+02
          5495   5.62670e+02   5.49500e+03  -6.22991e+01   3.00000e-02   5.57917e+02
          5496   5.62753e+02   5.49600e+03  -6.23000e+01   3.00000e-02   5.58000e+02
          5497   5.62834e+02   5.49700e+03  -6.23027e+01   3.00000e-02   5.58083e+02
          5498   5.62921e+02   5.49800e+03  -6.23053e+01   3.00000e-02   5.58167e+02
          5499   5.63003e+02   5.49900e+03  -6.23072e+01   3.00000e-02   5.58250e+02
          5500   5.63088e+02   5.50000e+03  -6.23064e+01   3.00000e-02   5.58333e+02
          5501   5.63175e+02   5.50100e+03  -6.23064e+01   3.00000e-02   5.58417e+02
          5502   5.63260e+02   5.50200e+03  -6.23072e+01   3.00000e-02   5.58500e+02
          5503   5.63340e+02   5.50300e+03  -6.23086e+01   3.00000e-02   5.58583e+02
          5504   5.63415e+02   5.50400e+03  -6.23105e+01   3.00000e-02   5.58667e+02
          5505   5.63504e+02   5.50500e+03  -6.23100e+01   3.00000e-02   5.58750e+02
          5506   5.63584e+02   5.50600e+03  -6.23102e+01   3.00000e-02   5.58833e+02
          5507   5.63678e+02   5.50700e+03  -6.23116e+01   3.00000e-02   5.58917e+02
          5508   5.63758e+02   5.50800e+03  -6.23079e+01   3.00000e-02   5.59000e+02
          5509   5.63839e+02   5.50900e+03  -6.23077e+01   3.00000e-02   5.59083e+02
          5510   5.63922e+02   5.51000e+03  -6.23080e+01   3.00000e-02   5.59167e+02
          5511   5.64002e+02   5.51100e+03  -6.23086e+01   3.00000e-02   5.59250e+02
          5512   5.64092e+02   5.51200e+03  -6.23090e+01   3.00000e-02   5.59333e+02
          5513   5.64174e+02   5.51300e+03  -6.23092e+01   3.00000e-02   5.59417e+02
          5514   5.64253e+02   5.51400e+03  -6.23107e+01   3.00000e-02   5.59500e+02
          5515   5.64335e+02   5.51500e+03  -6.23123e+01   3.00000e-02   5.59583e+02
          5516   5.64426e+02   5.51600e+03  -6.23157e+01   3.00000e-02   5.59667e+02
          5517   5.64507e+02   5.51700e+03  -6.23168e+01   3.00000e-02   5.59750e+02
          5518   5.64586e+02   5.51800e+03  -6.23167e+01   3.00000e-02   5.59833e+02
          5519   5.64671e+02   5.51900e+03  -6.23175e+01   3.00000e-02   5.59917e+02
          5520   5.64758e+02   5.52000e+03  -6.23165e+01   3.00000e-02   5.60000e+02
          5521   5.64849e+02   5.52100e+03  -6.23173e+01   3.00000e-02   5.60083e+02
          5522   5.64928e+02   5.52200e+03  -6.23191e+01   3.00000e-02   5.60167e+02
          5523   5.65008e+02   5.52300e+03  -6.23208e+01   3.00000e-02   5.60250e+02
          5524   5.65099e+02   5.52400e+03  -6.23223e+01   3.00000e-02   5.60333e+02
          5525   5.65179e+02   5.52500e+03  -6.23235e+01   3.00000e-02   5.60417e+02
          5526   5.65259e+02   5.52600e+03  -6.23244e+01   3.00000e-02   5.60500e+02
          5527   5.65339e+02   5.52700e+03  -6.23248e+01   3.00000e-02   5.60583e+02
          5528   5.65429e+02   5.52800e+03  -6.23278e+01   3.00000e-02   5.60667e+02
          5529   5.65501e+02   5.52900e+03  -6.23299e+01   3.00000e-02   5.60750e+02
          5530   5.65586e+02   5.53000e+03  -6.23306e+01   3.00000e-02   5.60833e+02
          5531   5.65673e+02   5.53100e+03  -6.23313e+01   3.00000e-02   5.60917e+02
          5532   5.65765e+02   5.53200e+03  -6.23323e+01   3.00000e-02   5.61000e+02
          5533   5.65840e+02   5.53300e+03  -6.23334e+01   3.00000e-02   5.61083e+02
          5534   5.65920e+02   5.53400e+03  -6.23342e+01   3.00000e-02   5.61167e+02
          5535   5.66003e+02   5.53500e+03  -6.23349e+01   3.00000e-02   5.61250e+02
          5536   5.66086e+02   5.53600e+03  -6.23346e+01   3.00000e-02   5.61333e+02
          5537   5.66168e+02   5.53700e+03  -6.23344e+01   3.00000e-02   5.61417e+02
          5538   5.66258e+02   5.53800e+03  -6.23337e+01   3.00000e-02   5.61500e+02
          5539   5.66339e+02   5.53900e+03  -6.23337e+01   3.00000e-02   5.61583e+02
          5540   5.66427e+02   5.54000e+03  -6.23351e+01   3.00000e-02   5.61667e+02
          5541   5.66513e+02   5.54100e+03  -6.23371e+01   3.00000e-02   5.61750e+02
          5542   5.66595e+02   5.54200e+03  -6.23392e+01   3.00000e-02   5.61833e+02
          5543   5.66672e+02   5.54300e+03  -6.23413e+01   3.00000e-02   5.61917e+02
          5544   5.66762e+02   5.54400e+03  -6.23427e+01   3.00000e-02   5.62000e+02
          5545   5.66847e+02   5.54500e+03  -6.23432e+01   3.00000e-02   5.62083e+02
          5546   5.66921e+02   5.54600e+03  -6.23431e+01   3.00000e-02   5.62167e+02
          5547   5.67016e+02   5.54700e+03  -6.23434e+01   3.00000e-02   5.62250e+02
          5548   5.67092e+02   5.54800e+03  -6.23443e+01   3.00000e-02   5.62333e+02
          5549   5.67174e+02   5.54900e+03  -6.23432e+01   3.00000e-02   5.62417e+02
          5550   5.67261e+02   5.55000e+03  -6.23427e+01   3.00000e-02   5.62500e+02
          5551   5.67342e+02   5.55100e+03  -6.23423e+01   3.00000e-02   5.62583e+02
          5552   5.67425e+02   5.55200e+03  -6.23389e+01   3.00000e-02   5.62667e+02
          5553   5.67505e+02   5.55300e+03  -6.23392e+01   3.00000e-02   5.62750e+02
          5554   5.67593e+02   5.55400e+03  -6.23418e+01   3.00000e-02   5.62833e+02
          5555   5.67674e+02   5.55500e+03  -6.23448e+01   3.00000e-02   5.62917e+02
          5556   5.67755e+02   5.55600e+03  -6.23446e+01   3.00000e-02   5.63000e+02
          5557   5.67844e+02   5.55700e+03  -6.23459e+01   3.00000e-02   5.63083e+02
          5558   5.67922e+02   5.55800e+03  -6.23492e+01   3.00000e-02   5.63167e+02
          5559   5.68008e+02   5.55900e+03  -6.23530e+01   3.00000e-02   5.63250e+02
          5560   5.68089e+02   5.56000e+03  -6.23591e+01   3.00000e-02   5.63333e+02
          5561   5.68176e+02   5.56100e+03  -6.23613e+01   3.00000e-02   5.63417e+02
          5562   5.68251e+02   5.56200e+03  -6.23634e+01   3.00000e-02   5.63500e+02
          5563   5.68334e+02   5.56300e+03  -6.23656e+01   3.00000e-02   5.63583e+02
          5564   5.68420e+02   5.56400e+03  -6.23670e+01   3.00000e-02   5.63667e+02
          5565   5.68508e+02   5.56500e+03  -6.23685e+01   3.00000e-02   5.63750e+02
          5566   5.68594e+02   5.56600e+03  -6.23697e+01   3.00000e-02   5.63833e+02
          5567   5.68670e+02   5.56700e+03  -6.23698e+01   3.00000e-02   5.63917e+02
          5568   5.68759e+02   5.56800e+03  -6.23705e+01   3.00000e-02   5.64000e+02
          5569   5.68843e+02   5.56900e+03  -6.23708e+01   3.00000e-02   5.64083e+02
          5570   5.68919e+02   5.57000e+03  -6.23690e+01   3.00000e-02   5.64167e+02
          5571   5.69009e+02   5.57100e+03  -6.23664e+01   3.00000e-02   5.64250e+02
          5572   5.69093e+02   5.57200e+03  -6.23615e+01   3.00000e-02   5.64333e+02
          5573   5.69182e+02   5.57300e+03  -6.23584e+01   3.00000e-02   5.64417e+02
          5574   5.69257e+02   5.57400e+03  -6.23556e+01   3.00000e-02   5.64500e+02
          5575   5.69342e+02   5.57500e+03  -6.23533e+01   3.00000e-02   5.64583e+02
          5576   5.69428e+02   5.57600e+03  -6.23486e+01   3.00000e-02   5.64667e+02
          5577   5.69510e+02   5.57700e+03  -6.23463e+01   3.00000e-02   5.64750e+02
          5578   5.69592e+02   5.57800e+03  -6.23428e+01   3.00000e-02   5.64833e+02
          5579   5.69674e+02   5.57900e+03  -6.23395e+01   3.00000e-02   5.64917e+02
          5580   5.69757e+02   5.58000e+03  -6.23365e+01   3.00000e-02   5.65000e+02
          5581   5.69849e+02   5.58100e+03  -6.23360e+01   3.00000e-02   5.65083e+02
          5582   5.69928e+02   5.58200e+03  -6.23344e+01   3.00000e-02   5.65167e+02
          5583   5.70010e+02   5.58300e+03  -6.23343e+01   3.00000e-02   5.65250e+02
          5584   5.70097e+02   5.58400e+03  -6.23399e+01   3.00000e-02   5.65333e+02
          5585   5.70176e+02   5.58500e+03  -6.23413e+01   3.00000e-02   5.65417e+02
          5586   5.70260e+02   5.58600e+03  -6.23423e+01   3.00000e-02   5.65500e+02
          5587   5.70345e+02   5.58700e+03  -6.23446e+01   3.00000e-02   5.65583e+02
          5588   5.70422e+02   5.58800e+03  -6.23526e+01   3.00000e-02   5.65667e+02
          5589   5.70511e+02   5.58900e+03  -6.23591e+01   3.00000e-02   5.65750e+02
          5590   5.70590e+02   5.59000e+03  -6.23656e+01   3.00000e-02   5.65833e+02
          5591   5.70677e+02   5.59100e+03  -6.23732e+01   3.00000e-02   5.65917e+02
          5592   5.70754e+02   5.59200e+03  -6.23829e+01   3.00000e-02   5.66000e+02
          5593   5.70839e+02   5.59300e+03  -6.23897e+01   3.00000e-02   5.66083e+02
          5594   5.70931e+02   5.59400e+03  -6.23945e+01   3.00000e-02   5.66167e+02
          5595   5.71004e+02   5.59500e+03  -6.23981e+01   3.00000e-02   5.66250e+02
          5596   5.71089e+02   5.59600e+03  -6.24088e+01   3.00000e-02   5.66333e+02
          5597   5.71172e+02   5.59700e+03  -6.24156e+01   3.00000e-02   5.66417e+02
          5598   5.71263e+02   5.59800e+03  -6.24199e+01   3.00000e-02   5.66500e+02
          5599   5.71338e+02   5.59900e+03  -6.24230e+01   3.00000e-02   5.66583e+02
          5600   5.71427e+02   5.60000e+03  -6.24233e+01   3.00000e-02   5.66667e+02
          5601   5.71507e+02   5.60100e+03  -6.24252e+01   3.00000e-02   5.66750e+02
          5602   5.71582e+02   5.60200e+03  -6.24258e+01   3.00000e-02   5.66833e+02
          5603   5.71672e+02   5.60300e+03  -6.24257e+01   3.00000e-02   5.66917e+02
          5604   5.71755e+02   5.60400e+03  -6.24221e+01   3.00000e-02   5.67000e+02
          5605   5.71842e+02   5.60500e+03  -6.24225e+01   3.00000e-02   5.67083e+02
          5606   5.71921e+02   5.60600e+03  -6.24234e+01   3.00000e-02   5.67167e+02
          5607   5.72011e+02   5.60700e+03  -6.24230e+01   3.00000e-02   5.67250e+02
          5608   5.72089e+02   5.60800e+03  -6.24204e+01   3.00000e-02   5.67333e+02
          5609   5.72182e+02   5.60900e+03  -6.24199e+01   3.00000e-02   5.67417e+02
          5610   5.72262e+02   5.61000e+03  -6.24202e+01   3.00000e-02   5.67500e+02
          5611   5.72339e+02   5.61100e+03  -6.24210e+01   3.00000e-02   5.67583e+02
          5612   5.72424e+02   5.61200e+03  -6.24207e+01   3.00000e-02   5.67667e+02
          5613   5.72512e+02   5.61300e+03  -6.24184e+01   3.00000e-02   5.67750e+02
          5614   5.72589e+02   5.61400e+03  -6.24168e+01   2.99722e-02   5.67833e+02
          5615   5.72673e+02   5.61500e+03  -6.24159e+01   2.98889e-02   5.67917e+02
          5616   5.72763e+02   5.61600e+03  -6.24145e+01   2.97662e-02   5.68000e+02
          5617   5.72840e+02   5.61700e+03  -6.24136e+01   2.96522e-02   5.68083e+02
          5618   5.72930e+02   5.61800e+03  -6.24129e+01   2.95411e-02   5.68167e+02
          5619   5.73015e+02   5.61900e+03  -6.24123e+01   2.94321e-02   5.68250e+02
          5620   5.73098e+02   5.62000e+03  -6.24117e+01   2.92860e-02   5.68333e+02
          5621   5.73178e+02   5.62100e+03  -6.24131e+01   2.91888e-02   5.68417e+02
          5622   5.73268e+02   5.62200e+03  -6.24156e+01   2.91133e-02   5.68500e+02
          5623   5.73346e+02   5.62300e+03  -6.24162e+01   2.90480e-02   5.68583e+02
          5624   5.73433e+02   5.62400e+03  -6.24182e+01   2.90571e-02   5.68667e+02
          5625   5.73519e+02   5.62500e+03  -6.24169e+01   2.90382e-02   5.68750e+02
          5626   5.73604e+02   5.62600e+03  -6.24129e+01   2.90198e-02   5.68833e+02
          5627   5.73680e+02   5.62700e+03  -6.24084e+01   2.90053e-02   5.68917e+02
          5628   5.73768e+02   5.62800e+03  -6.24062e+01   2.90098e-02   5.69000e+02
          5629   5.73849e+02   5.62900e+03  -6.24034e+01   2.90067e-02   5.69083e+02
          5630   5.73936e+02   5.63000e+03  -6.24016e+01   2.90032e-02   5.69167e+02
          5631   5.74010e+02   5.63100e+03  -6.24014e+01   2.90006e-02   5.69250e+02
          5632   5.74104e+02   5.63200e+03  -6.23920e+01   2.90016e-02   5.69333e+02
          5633   5.74181e+02   5.63300e+03  -6.23885e+01   2.90011e-02   5.69417e+02
          5634   5.74275e+02   5.63400e+03  -6.23863e+01   2.90005e-02   5.69500e+02
          5635   5.74359e+02   5.63500e+03  -6.23853e+01   2.90001e-02   5.69583e+02
          5636   5.74441e+02   5.63600e+03  -6.23846e+01   2.90002e-02   5.69667e+02
          5637   5.74526e+02   5.63700e+03  -6.23849e+01   2.90002e-02   5.69750e+02
          5638   5.74607e+02   5.63800e+03  -6.23867e+01   2.90001e-02   5.69833e+02
          5639   5.74683e+02   5.63900e+03  -6.23893e+01   2.90000e-02   5.69917e+02
          5640   5.74772e+02   5.64000e+03  -6.23992e+01   2.90000e-02   5.70000e+02
          5641   5.74856e+02   5.64100e+03  -6.24037e+01   2.90000e-02   5.70083e+02
          5642   5.74939e+02   5.64200e+03  -6.24084e+01   2.90000e-02   5.70167e+02
          5643   5.75037e+02   5.64300e+03  -6.24139e+01   2.90000e-02   5.70250e+02
          5644   5.75116e+02   5.64400e+03  -6.24207e+01   2.90000e-02   5.70333e+02
          5645   5.75199e+02   5.64500e+03  -6.24250e+01   2.90000e-02   5.70417e+02
          5646   5.75280e+02   5.64600e+03  -6.24282e+01   2.90000e-02   5.70500e+02
          5647   5.75355e+02   5.64700e+03  -6.24329e+01   2.90000e-02   5.70583e+02
          5648   5.75438e+02   5.64800e+03  -6.24400e+01   2.90000e-02   5.70667e+02
          5649   5.75526e+02   5.64900e+03  -6.24431e+01   2.90000e-02   5.70750e+02
          5650   5.75611e+02   5.65000e+03  -6.24442e+01   2.90000e-02   5.70833e+02
          5651   5.75695e+02   5.65100e+03  -6.24455e+01   2.90000e-02   5.70917e+02
          5652   5.75778e+02   5.65200e+03  -6.24423e+01   2.90000e-02   5.71000e+02
          5653   5.75858e+02   5.65300e+03  -6.24412e+01   2.90000e-02   5.71083e+02
          5654   5.75941e+02   5.65400e+03  -6.24405e+01   2.90000e-02   5.71167e+02
          5655   5.76029e+02   5.65500e+03  -6.24397e+01   2.90000e-02   5.71250e+02
          5656   5.76102e+02   5.65600e+03  -6.24352e+01   2.90000e-02   5.71333e+02
          5657   5.76197e+02   5.65700e+03  -6.24321e+01   2.90000e-02   5.71417e+02
          5658   5.76283e+02   5.65800e+03  -6.24307e+01   2.90278e-02   5.71500e+02
          5659   5.76364e+02   5.65900e+03  -6.24309e+01   2.91111e-02   5.71583e+02
          5660   5.76444e+02   5.66000e+03  -6.24246e+01   2.92338e-02   5.71667e+02
          5661   5.76526e+02   5.66100e+03  -6.24198e+01   2.93478e-02   5.71750e+02
          5662   5.76609e+02   5.66200e+03  -6.24171e+01   2.94589e-02   5.71833e+02
          5663   5.76692e+02   5.66300e+03  -6.24143e+01   2.95679e-02   5.71917e+02
          5664   5.76787e+02   5.66400e+03  -6.24158e+01   2.97140e-02   5.72000e+02
          5665   5.76867e+02   5.66500e+03  -6.24158e+01   2.98112e-02   5.72083e+02
          5666   5.76942e+02   5.66600e+03  -6.24166e+01   2.98867e-02   5.72167e+02
          5667   5.77025e+02   5.66700e+03  -6.24189e+01   2.99520e-02   5.72250e+02
          5668   5.77109e+02   5.66800e+03  -6.24246e+01   2.99429e-02   5.72333e+02
          5669   5.77200e+02   5.66900e+03  -6.24273e+01   2.99618e-02   5.72417e+02
          5670   5.77285e+02   5.67000e+03  -6.24299e+01   2.99802e-02   5.72500e+02
          5671   5.77362e+02   5.67100e+03  -6.24331e+01   2.99947e-02   5.72583e+02
          5672   5.77441e+02   5.67200e+03  -6.24386e+01   2.99902e-02   5.72667e+02
          5673   5.77518e+02   5.67300e+03  -6.24438e+01   2.99933e-02   5.72750e+02
          5674   5.77613e+02   5.67400e+03  -6.24501e+01   2.99968e-02   5.72833e+02
          5675   5.77698e+02   5.67500e+03  -6.24548e+01   2.99994e-02   5.72917e+02
          5676   5.77781e+02   5.67600e+03  -6.24605e+01   2.99984e-02   5.73000e+02
          5677   5.77869e+02   5.67700e+03  -6.24633e+01   2.99989e-02   5.73083e+02
          5678   5.77954e+02   5.67800e+03  -6.24648e+01   2.99995e-02   5.73167e+02
          5679   5.78037e+02   5.67900e+03  -6.24670e+01   2.99999e-02   5.73250e+02
          5680   5.78111e+02   5.68000e+03  -6.24672e+01   2.99998e-02   5.73333e+02
          5681   5.78187e+02   5.68100e+03  -6.24682e+01   2.99998e-02   5.73417e+02
          5682   5.78272e+02   5.68200e+03  -6.24704e+01   2.99999e-02   5.73500e+02
          5683   5.78364e+02   5.68300e+03  -6.24729e+01   3.00000e-02   5.73583e+02
          5684   5.78447e+02   5.68400e+03  -6.24704e+01   3.00000e-02   5.73667e+02
          5685   5.78529e+02   5.68500e+03  -6.24708e+01   3.00000e-02   5.73750e+02
          5686   5.78615e+02   5.68600e+03  -6.24729e+01   3.00000e-02   5.73833e+02
          5687   5.78698e+02   5.68700e+03  -6.24761e+01   3.00000e-02   5.73917e+02
          5688   5.78786e+02   5.68800e+03  -6.24780e+01   3.00000e-02   5.74000e+02
          5689   5.78868e+02   5.68900e+03  -6.24792e+01   3.00000e-02   5.74083e+02
          5690   5.78952e+02   5.69000e+03  -6.24822e+01   3.00000e-02   5.74167e+02
          5691   5.79031e+02   5.69100e+03  -6.24863e+01   3.00000e-02   5.74250e+02
          5692   5.79116e+02   5.69200e+03  -6.24891e+01   3.00000e-02   5.74333e+02
          5693   5.79200e+02   5.69300e+03  -6.24903e+01   3.00000e-02   5.74417e+02
          5694   5.79281e+02   5.69400e+03  -6.24906e+01   3.00000e-02   5.74500e+02
          5695   5.79365e+02   5.69500e+03  -6.24909e+01   3.00000e-02   5.74583e+02
          5696   5.79460e+02   5.69600e+03  -6.24923e+01   3.00000e-02   5.74667e+02
          5697   5.79536e+02   5.69700e+03  -6.24937e+01   3.00000e-02   5.74750e+02
          5698   5.79624e+02   5.69800e+03  -6.24941e+01   2.99722e-02   5.74833e+02
          5699   5.79707e+02   5.69900e+03  -6.24939e+01   2.98889e-02   5.74917e+02
          5700   5.79792e+02   5.70000e+03  -6.24922e+01   2.97662e-02   5.75000e+02
          5701   5.79865e+02   5.70100e+03  -6.24909e+01   2.96522e-02   5.75083e+02
          5702   5.79953e+02   5.70200e+03  -6.24901e+01   2.95411e-02   5.75167e+02
          5703   5.80036e+02   5.70300e+03  -6.24899e+01   2.94321e-02   5.75250e+02
          5704   5.80121e+02   5.70400e+03  -6.24875e+01   2.92860e-02   5.75333e+02
          5705   5.80205e+02   5.70500e+03  -6.24865e+01   2.91888e-02   5.75417e+02
          5706   5.80288e+02   5.70600e+03  -6.24862e+01   2.91133e-02   5.75500e+02
          5707   5.80372e+02   5.70700e+03  -6.24857e+01   2.90480e-02   5.75583e+02
          5708   5.80449e+02   5.70800e+03  -6.24875e+01   2.90571e-02   5.75667e+02
          5709   5.80529e+02   5.70900e+03  -6.24895e+01   2.90382e-02   5.75750e+02
          5710   5.80624e+02   5.71000e+03  -6.24903e+01   2.90198e-02   5.75833e+02
          5711   5.80692e+02   5.71100e+03  -6.24901e+01   2.90053e-02   5.75917e+02
          5712   5.80788e+02   5.71200e+03  -6.24930e+01   2.90098e-02   5.76000e+02
          5713   5.80872e+02   5.71300e+03  -6.24957e+01   2.90067e-02   5.76083e+02
          5714   5.80951e+02   5.71400e+03  -6.24975e+01   2.90032e-02   5.76167e+02
          5715   5.81038e+02   5.71500e+03  -6.24978e+01   2.90006e-02   5.76250e+02
          5716   5.81113e+02   5.71600e+03  -6.24998e+01   2.90016e-02   5.76333e+02
          5717   5.81205e+02   5.71700e+03  -6.24999e+01   2.90011e-02   5.76417e+02
          5718   5.81280e+02   5.71800e+03  -6.24997e+01   2.90005e-02   5.76500e+02
          5719   5.81371e+02   5.71900e+03  -6.25009e+01   2.90001e-02   5.76583e+02
          5720   5.81455e+02   5.72000e+03  -6.24982e+01   2.90002e-02   5.76667e+02
          5721   5.81533e+02   5.72100e+03  -6.24971e+01   2.90002e-02   5.76750e+02
          5722   5.81611e+02   5.72200e+03  -6.24957e+01   2.90001e-02   5.76833e+02
          5723   5.81702e+02   5.72300e+03  -6.24931e+01   2.90000e-02   5.76917e+02
          5724   5.81786e+02   5.72400e+03  -6.24868e+01   2.90000e-02   5.77000e+02
          5725   5.81870e+02   5.72500e+03  -6.24828e+01   2.90000e-02   5.77083e+02
          5726   5.81953e+02   5.72600e+03  -6.24797e+01   2.90000e-02   5.77167e+02
          5727   5.82037e+02   5.72700e+03  -6.24770e+01   2.90000e-02   5.77250e+02
          5728   5.82122e+02   5.72800e+03  -6.24763e+01   2.90000e-02   5.77333e+02
          5729   5.82206e+02   5.72900e+03  -6.24747e+01   2.90000e-02   5.77417e+02
          5730   5.82282e+02   5.73000e+03  -6.24735e+01   2.90000e-02   5.77500e+02
          5731   5.82372e+02   5.73100e+03  -6.24720e+01   2.90000e-02   5.77583e+02
          5732   5.82452e+02   5.73200e+03  -6.24685e+01   2.90000e-02   5.77667e+02
          5733   5.82548e+02   5.73300e+03  -6.24674e+01   2.90000e-02   5.77750e+02
          5734   5.82614e+02   5.73400e+03  -6.24679e+01   2.90000e-02   5.77833e+02
          5735   5.82708e+02   5.73500e+03  -6.24682e+01   2.90000e-02   5.77917e+02
          5736   5.82788e+02   5.73600e+03  -6.24750e+01   2.90000e-02   5.78000e+02
          5737   5.82867e+02   5.73700e+03  -6.24785e+01   2.90000e-02   5.78083e+02
          5738   5.82953e+02   5.73800e+03  -6.24826e+01   2.90000e-02   5.78167e+02
          5739   5.83031e+02   5.73900e+03  -6.24860e+01   2.90000e-02   5.78250e+02
          5740   5.83112e+02   5.74000e+03  -6.24904e+01   2.90000e-02   5.78333e+02
          5741   5.83191e+02   5.74100e+03  -6.24935e+01   2.90000e-02   5.78417e+02
          5742   5.83285e+02   5.74200e+03  -6.24957e+01   2.90000e-02   5.78500e+02
          5743   5.83364e+02   5.74300e+03  -6.24979e+01   2.90000e-02   5.78583e+02
          5744   5.83445e+02   5.74400e+03  -6.25013e+01   2.90000e-02   5.78667e+02
          5745   5.83532e+02   5.74500e+03  -6.25045e+01   2.90000e-02   5.78750e+02
          5746   5.83608e+02   5.74600e+03  -6.25075e+01   2.90000e-02   5.78833e+02
          5747   5.83703e+02   5.74700e+03  -6.25105e+01   2.90000e-02   5.78917e+02
          5748   5.83788e+02   5.74800e+03  -6.25104e+01   2.90000e-02   5.79000e+02
          5749   5.83856e+02   5.74900e+03  -6.25123e+01   2.90000e-02   5.79083e+02
          5750   5.83952e+02   5.75000e+03  -6.25154e+01   2.90000e-02   5.79167e+02
          5751   5.84029e+02   5.75100e+03  -6.25189e+01   2.90000e-02   5.79250e+02
          5752   5.84107e+02   5.75200e+03  -6.25201e+01   2.90000e-02   5.79333e+02
          5753   5.84200e+02   5.75300e+03  -6.25216e+01   2.90000e-02   5.79417e+02
          5754   5.84284e+02   5.75400e+03  -6.25237e+01   2.90000e-02   5.79500e+02
          5755   5.84369e+02   5.75500e+03  -6.25261e+01   2.90000e-02   5.79583e+02
          5756   5.84458e+02   5.75600e+03  -6.25274e+01   2.90000e-02   5.79667e+02
          5757   5.84531e+02   5.75700e+03  -6.25280e+01   2.90000e-02   5.79750e+02
          5758   5.84622e+02   5.75800e+03  -6.25266e+01   2.90000e-02   5.79833e+02
          5759   5.84705e+02   5.75900e+03  -6.25256e+01   2.90000e-02   5.79917e+02
          5760   5.84789e+02   5.76000e+03  -6.25259e+01   2.90000e-02   5.80000e+02
          5761   5.84872e+02   5.76100e+03  -6.25266e+01   2.90000e-02   5.80083e+02
          5762   5.84948e+02   5.76200e+03  -6.25267e+01   2.90000e-02   5.80167e+02
          5763   5.85037e+02   5.76300e+03  -6.25262e+01   2.90000e-02   5.80250e+02
          5764   5.85117e+02   5.76400e+03  -6.25237e+01   2.90000e-02   5.80333e+02
          5765   5.85205e+02   5.76500e+03  -6.25234e+01   2.90000e-02   5.80417e+02
          5766   5.85286e+02   5.76600e+03  -6.25223e+01   2.90000e-02   5.80500e+02
          5767   5.85376e+02   5.76700e+03  -6.25196e+01   2.90000e-02   5.80583e+02
          5768   5.85446e+02   5.76800e+03  -6.25172e+01   2.90000e-02   5.80667e+02
          5769   5.85531e+02   5.76900e+03  -6.25161e+01   2.90000e-02   5.80750e+02
          5770   5.85617e+02   5.77000e+03  -6.25166e+01   2.90000e-02   5.80833e+02
          5771   5.85701e+02   5.77100e+03  -6.25179e+01   2.90000e-02   5.80917e+02
          5772   5.85776e+02   5.77200e+03  -6.25147e+01   2.90000e-02   5.81000e+02
          5773   5.85861e+02   5.77300e+03  -6.25134e+01   2.90000e-02   5.81083e+02
          5774   5.85949e+02   5.77400e+03  -6.25137e+01   2.90000e-02   5.81167e+02
          5775   5.86035e+02   5.77500e+03  -6.25155e+01   2.90000e-02   5.81250e+02
          5776   5.86117e+02   5.77600e+03  -6.25164e+01   2.90000e-02   5.81333e+02
          5777   5.86196e+02   5.77700e+03  -6.25175e+01   2.90000e-02   5.81417e+02
          5778   5.86288e+02   5.77800e+03  -6.25195e+01   2.90000e-02   5.81500e+02
          5779   5.86375e+02   5.77900e+03  -6.25228e+01   2.90000e-02   5.81583e+02
          5780   5.86463e+02   5.78000e+03  -6.25286e+01   2.90000e-02   5.81667e+02
          5781   5.86543e+02   5.78100e+03  -6.25308e+01   2.90000e-02   5.81750e+02
          5782   5.86619e+02   5.78200e+03  -6.25330e+01   2.90000e-02   5.81833e+02
          5783   5.86715e+02   5.78300e+03  -6.25348e+01   2.90000e-02   5.81917e+02
          5784   5.86790e+02   5.78400e+03  -6.25393e+01   2.90000e-02   5.82000e+02
          5785   5.86873e+02   5.78500e+03  -6.25404e+01   2.90000e-02   5.82083e+02
          5786   5.86962e+02   5.78600e+03  -6.25401e+01   2.90000e-02   5.82167e+02
          5787   5.87053e+02   5.78700e+03  -6.25398e+01   2.90000e-02   5.82250e+02
          5788   5.87124e+02   5.78800e+03  -6.25357e+01   2.90000e-02   5.82333e+02
          5789   5.87209e+02   5.78900e+03  -6.25343e+01   2.90000e-02   5.82417e+02
          5790   5.87297e+02   5.79000e+03  -6.25332e+01   2.90000e-02   5.82500e+02
          5791   5.87382e+02   5.79100e+03  -6.25311e+01   2.90000e-02   5.82583e+02
          5792   5.87462e+02   5.79200e+03  -6.25254e+01   2.90000e-02   5.82667e+02
          5793   5.87549e+02   5.79300e+03  -6.25219e+01   2.90000e-02   5.82750e+02
          5794   5.87636e+02   5.79400e+03  -6.25200e+01   2.90000e-02   5.82833e+02
          5795   5.87717e+02   5.79500e+03  -6.25194e+01   2.90000e-02   5.82917e+02
          5796   5.87794e+02   5.79600e+03  -6.25173e+01   2.90000e-02   5.83000e+02
          5797   5.87870e+02   5.79700e+03  -6.25178e+01   2.90000e-02   5.83083e+02
          5798   5.87960e+02   5.79800e+03  -6.25180e+01   2.90000e-02   5.83167e+02
          5799   5.88042e+02   5.79900e+03  -6.25193e+01   2.90000e-02   5.83250e+02
          5800   5.88131e+02   5.80000e+03  -6.25237e+01   2.90000e-02   5.83333e+02
          5801   5.88211e+02   5.80100e+03  -6.25264e+01   2.90000e-02   5.83417e+02
          5802   5.88301e+02   5.80200e+03  -6.25275e+01   2.90000e-02   5.83500e+02
          5803   5.88383e+02   5.80300e+03  -6.25290e+01   2.90000e-02   5.83583e+02
          5804   5.88466e+02   5.80400e+03  -6.25376e+01   2.90000e-02   5.83667e+02
          5805   5.88547e+02   5.80500e+03  -6.25427e+01   2.90000e-02   5.83750e+02
          5806   5.88630e+02   5.80600e+03  -6.25459e+01   2.90000e-02   5.83833e+02
          5807   5.88717e+02   5.80700e+03  -6.25480e+01   2.90000e-02   5.83917e+02
          5808   5.88793e+02   5.80800e+03  -6.25508e+01   2.90000e-02   5.84000e+02
          5809   5.88881e+02   5.80900e+03  -6.25522e+01   2.90000e-02   5.84083e+02
          5810   5.88960e+02   5.81000e+03  -6.25541e+01   2.90000e-02   5.84167e+02
          5811   5.89047e+02   5.81100e+03  -6.25560e+01   2.90000e-02   5.84250e+02
          5812   5.89132e+02   5.81200e+03  -6.25562e+01   2.90000e-02   5.84333e+02
          5813   5.89216e+02   5.81300e+03  -6.25582e+01   2.90000e-02   5.84417e+02
          5814   5.89293e+02   5.81400e+03  -6.25609e+01   2.90000e-02   5.84500e+02
          5815   5.89377e+02   5.81500e+03  -6.25634e+01   2.90000e-02   5.84583e+02
          5816   5.89462e+02   5.81600e+03  -6.25649e+01   2.90000e-02   5.84667e+02
          5817   5.89546e+02   5.81700e+03  -6.25663e+01   2.90000e-02   5.84750e+02
          5818   5.89630e+02   5.81800e+03  -6.25676e+01   2.90000e-02   5.84833e+02
          5819   5.89721e+02   5.81900e+03  -6.25694e+01   2.90000e-02   5.84917e+02
          5820   5.89802e+02   5.82000e+03  -6.25738e+01   2.90000e-02   5.85000e+02
          5821   5.89885e+02   5.82100e+03  -6.25765e+01   2.90000e-02   5.85083e+02
          5822   5.89971e+02   5.82200e+03  -6.25791e+01   2.90000e-02   5.85167e+02
          5823   5.90047e+02   5.82300e+03  -6.25812e+01   2.90000e-02   5.85250e+02
          5824   5.90131e+02   5.82400e+03  -6.25836e+01   2.90000e-02   5.85333e+02
          5825   5.90217e+02   5.82500e+03  -6.25838e+01   2.90000e-02   5.85417e+02
          5826   5.90295e+02   5.82600e+03  -6.25848e+01   2.90000e-02   5.85500e+02
          5827   5.90381e+02   5.82700e+03  -6.25866e+01   2.90000e-02   5.85583e+02
          5828   5.90465e+02   5.82800e+03  -6.25848e+01   2.90000e-02   5.85667e+02
          5829   5.90544e+02   5.82900e+03  -6.25836e+01   2.90000e-02   5.85750e+02
          5830   5.90629e+02   5.83000e+03  -6.25836e+01   2.90000e-02   5.85833e+02
          5831   5.90715e+02   5.83100e+03  -6.25831e+01   2.90000e-02   5.85917e+02
          5832   5.90795e+02   5.83200e+03  -6.25806e+01   2.90000e-02   5.86000e+02
          5833   5.90878e+02   5.83300e+03  -6.25800e+01   2.90000e-02   5.86083e+02
          5834   5.90961e+02   5.83400e+03  -6.25804e+01   2.90000e-02   5.86167e+02
          5835   5.91050e+02   5.83500e+03  -6.25810e+01   2.90000e-02   5.86250e+02
          5836   5.91138e+02   5.83600e+03  -6.25776e+01   2.90000e-02   5.86333e+02
          5837   5.91215e+02   5.83700e+03  -6.25750e+01   2.90000e-02   5.86417e+02
          5838   5.91299e+02   5.83800e+03  -6.25742e+01   2.90000e-02   5.86500e+02
          5839   5.91382e+02   5.83900e+03  -6.25751e+01   2.90000e-02   5.86583e+02
          5840   5.91469e+02   5.84000e+03  -6.25760e+01   2.90000e-02   5.86667e+02
          5841   5.91554e+02   5.84100e+03  -6.25751e+01   2.90000e-02   5.86750e+02
          5842   5.91634e+02   5.84200e+03  -6.25719e+01   2.90000e-02   5.86833e+02
          5843   5.91718e+02   5.84300e+03  -6.25686e+01   2.90000e-02   5.86917e+02
          5844   5.91795e+02   5.84400e+03  -6.25674e+01   2.90000e-02   5.87000e+02
          5845   5.91883e+02   5.84500e+03  -6.25651e+01   2.90000e-02   5.87083e+02
          5846   5.91968e+02   5.84600e+03  -6.25624e+01   2.90000e-02   5.87167e+02
          5847   5.92050e+02   5.84700e+03  -6.25599e+01   2.90000e-02   5.87250e+02
          5848   5.92137e+02   5.84800e+03  -6.25616e+01   2.90000e-02   5.87333e+02
          5849   5.92216e+02   5.84900e+03  -6.25607e+01   2.90000e-02   5.87417e+02
          5850   5.92307e+02   5.85000e+03  -6.25595e+01   2.90000e-02   5.87500e+02
          5851   5.92400e+02   5.85100e+03  -6.25581e+01   2.90000e-02   5.87583e+02
          5852   5.92481e+02   5.85200e+03  -6.25538e+01   2.90000e-02   5.87667e+02
          5853   5.92562e+02   5.85300e+03  -6.25520e+01   2.90000e-02   5.87750e+02
          5854   5.92636e+02   5.85400e+03  -6.25507e+01   2.90000e-02   5.87833e+02
          5855   5.92721e+02   5.85500e+03  -6.25497e+01   2.90000e-02   5.87917e+02
          5856   5.92807e+02   5.85600e+03  -6.25525e+01   2.90000e-02   5.88000e+02
          5857   5.92886e+02   5.85700e+03  -6.25536e+01   2.90000e-02   5.88083e+02
          5858   5.92972e+02   5.85800e+03  -6.25533e+01   2.90000e-02   5.88167e+02
          5859   5.93060e+02   5.85900e+03  -6.25539e+01   2.90000e-02   5.88250e+02
          5860   5.93139e+02   5.86000e+03  -6.25546e+01   2.90000e-02   5.88333e+02
          5861   5.93221e+02   5.86100e+03  -6.25533e+01   2.90000e-02   5.88417e+02
          5862   5.93308e+02   5.86200e+03  -6.25522e+01   2.90000e-02   5.88500e+02
          5863   5.93394e+02   5.86300e+03  -6.25525e+01   2.90000e-02   5.88583e+02
          5864   5.93483e+02   5.86400e+03  -6.25536e+01   2.90000e-02   5.88667e+02
          5865   5.93561e+02   5.86500e+03  -6.25534e+01   2.90000e-02   5.88750e+02
          5866   5.93644e+02   5.86600e+03  -6.25545e+01   2.90000e-02   5.88833e+02
          5867   5.93732e+02   5.86700e+03  -6.25559e+01   2.90000e-02   5.88917e+02
          5868   5.93805e+02   5.86800e+03  -6.25550e+01   2.90000e-02   5.89000e+02
          5869   5.93892e+02   5.86900e+03  -6.25552e+01   2.90000e-02   5.89083e+02
          5870   5.93987e+02   5.87000e+03  -6.25558e+01   2.90000e-02   5.89167e+02
          5871   5.94063e+02   5.87100e+03  -6.25574e+01   2.90000e-02   5.89250e+02
          5872   5.94145e+02   5.87200e+03  -6.25563e+01   2.90000e-02   5.89333e+02
          5873   5.94226e+02   5.87300e+03  -6.25547e+01   2.90000e-02   5.89417e+02
          5874   5.94304e+02   5.87400e+03  -6.25546e+01   2.90000e-02   5.89500e+02
          5875   5.94395e+02   5.87500e+03  -6.25553e+01   2.90000e-02   5.89583e+02
          5876   5.94476e+02   5.87600e+03  -6.25511e+01   2.90000e-02   5.89667e+02
          5877   5.94556e+02   5.87700e+03  -6.25490e+01   2.90000e-02   5.89750e+02
          5878   5.94641e+02   5.87800e+03  -6.25474e+01   2.90000e-02   5.89833e+02
          5879   5.94720e+02   5.87900e+03  -6.25435e+01   2.90000e-02   5.89917e+02
          5880   5.94811e+02   5.88000e+03  -6.25374e+01   2.90000e-02   5.90000e+02
          5881   5.94893e+02   5.88100e+03  -6.25329e+01   2.90000e-02   5.90083e+02
          5882   5.94981e+02   5.88200e+03  -6.25286e+01   2.90000e-02   5.90167e+02
          5883   5.95059e+02   5.88300e+03  -6.25254e+01   2.90000e-02   5.90250e+02
          5884   5.95146e+02   5.88400e+03  -6.25212e+01   2.90000e-02   5.90333e+02
          5885   5.95232e+02   5.88500e+03  -6.25181e+01   2.90000e-02   5.90417e+02
          5886   5.95315e+02   5.88600e+03  -6.25155e+01   2.90000e-02   5.90500e+02
          5887   5.95395e+02   5.88700e+03  -6.25142e+01   2.90000e-02   5.90583e+02
          5888   5.95480e+02   5.88800e+03  -6.25114e+01   2.90000e-02   5.90667e+02
          5889   5.95566e+02   5.88900e+03  -6.25098e+01   2.90000e-02   5.90750e+02
          5890   5.95647e+02   5.89000e+03  -6.25089e+01   2.90000e-02   5.90833e+02
          5891   5.95730e+02   5.89100e+03  -6.25081e+01   2.90000e-02   5.90917e+02
          5892   5.95808e+02   5.89200e+03  -6.25142e+01   2.90000e-02   5.91000e+02
          5893   5.95900e+02   5.89300e+03  -6.25156e+01   2.90000e-02   5.91083e+02
          5894   5.95984e+02   5.89400e+03  -6.25174e+01   2.90000e-02   5.91167e+02
          5895   5.96064e+02   5.89500e+03  -6.25188e+01   2.90000e-02   5.91250e+02
          5896   5.96149e+02   5.89600e+03  -6.25217e+01   2.90000e-02   5.91333e+02
          5897   5.96239e+02   5.89700e+03  -6.25224e+01   2.90000e-02   5.91417e+02
          5898   5.96322e+02   5.89800e+03  -6.25220e+01   2.90000e-02   5.91500e+02
          5899   5.96409e+02   5.89900e+03  -6.25216e+01   2.90000e-02   5.91583e+02
          5900   5.96485e+02   5.90000e+03  -6.25212e+01   2.90000e-02   5.91667e+02
          5901   5.96574e+02   5.90100e+03  -6.25200e+01   2.90000e-02   5.91750e+02
          5902   5.96657e+02   5.90200e+03  -6.25174e+01   2.90000e-02   5.91833e+02
          5903   5.96725e+02   5.90300e+03  -6.25150e+01   2.90000e-02   5.91917e+02
          5904   5.96817e+02   5.90400e+03  -6.25137e+01   2.90000e-02   5.92000e+02
          5905   5.96904e+02   5.90500e+03  -6.25137e+01   2.90000e-02   5.92083e+02
          5906   5.96990e+02   5.90600e+03  -6.25128e+01   2.90000e-02   5.92167e+02
          5907   5.97070e+02   5.90700e+03  -6.25110e+01   2.90000e-02   5.92250e+02
          5908   5.97158e+02   5.90800e+03  -6.25085e+01   2.90000e-02   5.92333e+02
          5909   5.97234e+02   5.90900e+03  -6.25091e+01   2.90000e-02   5.92417e+02
          5910   5.97324e+02   5.91000e+03  -6.25103e+01   2.90000e-02   5.92500e+02
          5911   5.97402e+02   5.91100e+03  -6.25111e+01   2.90000e-02   5.92583e+02
          5912   5.97482e+02   5.91200e+03  -6.25156e+01   2.90000e-02   5.92667e+02
          5913   5.97575e+02   5.91300e+03  -6.25183e+01   2.90000e-02   5.92750e+02
          5914   5.97654e+02   5.91400e+03  -6.25212e+01   2.90000e-02   5.92833e+02
          5915   5.97735e+02   5.91500e+03  -6.25259e+01   2.90000e-02   5.92917e+02
          5916   5.97824e+02   5.91600e+03  -6.25345e+01   2.88889e-02   5.93000e+02
          5917   5.97912e+02   5.91700e+03  -6.25424e+01   2.87778e-02   5.93083e+02
          5918   5.97987e+02   5.91800e+03  -6.25478e+01   2.86667e-02   5.93167e+02
          5919   5.98072e+02   5.91900e+03  -6.25524e+01   2.85556e-02   5.93250e+02
          5920   5.98159e+02   5.92000e+03  -6.25579e+01   2.83549e-02   5.93333e+02
          5921   5.98237e+02   5.92100e+03  -6.25615e+01   2.82338e-02   5.93417e+02
          5922   5.98327e+02   5.92200e+03  -6.25654e+01   2.81418e-02   5.93500e+02
          5923   5.98404e+02   5.92300e+03  -6.25701e+01   2.80617e-02   5.93583e+02
          5924   5.98482e+02   5.92400e+03  -6.25747e+01   2.80716e-02   5.93667e+02
          5925   5.98569e+02   5.92500e+03  -6.25766e+01   2.80478e-02   5.93750e+02
          5926   5.98650e+02   5.92600e+03  -6.25780e+01   2.80250e-02   5.93833e+02
          5927   5.98738e+02   5.92700e+03  -6.25789e+01   2.80069e-02   5.93917e+02
          5928   5.98826e+02   5.92800e+03  -6.25701e+01   2.80123e-02   5.94000e+02
          5929   5.98894e+02   5.92900e+03  -6.25683e+01   2.80084e-02   5.94083e+02
          5930   5.98986e+02   5.93000e+03  -6.25671e+01   2.80041e-02   5.94167e+02
          5931   5.99064e+02   5.93100e+03  -6.25662e+01   2.80008e-02   5.94250e+02
          5932   5.99151e+02   5.93200e+03  -6.25680e+01   2.80020e-02   5.94333e+02
          5933   5.99237e+02   5.93300e+03  -6.25691e+01   2.80014e-02   5.94417e+02
          5934   5.99312e+02   5.93400e+03  -6.25692e+01   2.80006e-02   5.94500e+02
          5935   5.99405e+02   5.93500e+03  -6.25686e+01   2.80001e-02   5.94583e+02
          5936   5.99488e+02   5.93600e+03  -6.25679e+01   2.80003e-02   5.94667e+02
          5937   5.99575e+02   5.93700e+03  -6.25670e+01   2.80002e-02   5.94750e+02
          5938   5.99654e+02   5.93800e+03  -6.25663e+01   2.80001e-02   5.94833e+02
          5939   5.99735e+02   5.93900e+03  -6.25648e+01   2.80000e-02   5.94917e+02
          5940   5.99815e+02   5.94000e+03  -6.25665e+01   2.80000e-02   5.95000e+02
          5941   5.99905e+02   5.94100e+03  -6.25677e+01   2.80000e-02   5.95083e+02
          5942   5.99987e+02   5.94200e+03  -6.25687e+01   2.80000e-02   5.95167e+02
          5943   6.00076e+02   5.94300e+03  -6.25706e+01   2.80000e-02   5.95250e+02
          5944   6.00158e+02   5.94400e+03  -6.25702e+01   2.80000e-02   5.95333e+02
          5945   6.00246e+02   5.94500e+03  -6.25716e+01   2.80000e-02   5.95417e+02
          5946   6.00322e+02   5.94600e+03  -6.25726e+01   2.80000e-02   5.95500e+02
          5947   6.00409e+02   5.94700e+03  -6.25745e+01   2.80000e-02   5.95583e+02
          5948   6.00487e+02   5.94800e+03  -6.25774e+01   2.80000e-02   5.95667e+02
          5949   6.00574e+02   5.94900e+03  -6.25784e+01   2.80000e-02   5.95750e+02
          5950   6.00653e+02   5.95000e+03  -6.25791e+01   2.80000e-02   5.95833e+02
          5951   6.00737e+02   5.95100e+03  -6.25802e+01   2.80000e-02   5.95917e+02
          5952   6.00820e+02   5.95200e+03  -6.25813e+01   2.80000e-02   5.96000e+02
          5953   6.00903e+02   5.95300e+03  -6.25807e+01   2.80000e-02   5.96083e+02
          5954   6.00983e+02   5.95400e+03  -6.25799e+01   2.80000e-02   5.96167e+02
          5955   6.01069e+02   5.95500e+03  -6.25787e+01   2.80000e-02   5.96250e+02
          5956   6.01158e+02   5.95600e+03  -6.25748e+01   2.80000e-02   5.96333e+02
          5957   6.01228e+02   5.95700e+03  -6.25737e+01   2.80000e-02   5.96417e+02
          5958   6.01323e+02   5.95800e+03  -6.25719e+01   2.80000e-02   5.96500e+02
          5959   6.01406e+02   5.95900e+03  -6.25709e+01   2.80000e-02   5.96583e+02
          5960   6.01485e+02   5.96000e+03  -6.25682e+01   2.80000e-02   5.96667e+02
          5961   6.01573e+02   5.96100e+03  -6.25686e+01   2.80000e-02   5.96750e+02
          5962   6.01658e+02   5.96200e+03  -6.25700e+01   2.80000e-02   5.96833e+02
          5963   6.01738e+02   5.96300e+03  -6.25711e+01   2.80000e-02   5.96917e+02
          5964   6.01828e+02   5.96400e+03  -6.25747e+01   2.80000e-02   5.97000e+02
          5965   6.01903e+02   5.96500e+03  -6.25755e+01   2.80000e-02   5.97083e+02
          5966   6.01987e+02   5.96600e+03  -6.25749e+01   2.80000e-02   5.97167e+02
          5967   6.02068e+02   5.96700e+03  -6.25740e+01   2.80000e-02   5.97250e+02
          5968   6.02150e+02   5.96800e+03  -6.25789e+01   2.80000e-02   5.97333e+02
          5969   6.02241e+02   5.96900e+03  -6.25812e+01   2.80000e-02   5.97417e+02
          5970   6.02318e+02   5.97000e+03  -6.25818e+01   2.80000e-02   5.97500e+02
          5971   6.02398e+02   5.97100e+03  -6.25798e+01   2.80000e-02   5.97583e+02
          5972   6.02488e+02   5.97200e+03  -6.25766e+01   2.80000e-02   5.97667e+02
          5973   6.02576e+02   5.97300e+03  -6.25751e+01   2.80000e-02   5.97750e+02
          5974   6.02654e+02   5.97400e+03  -6.25733e+01   2.80000e-02   5.97833e+02
          5975   6.02739e+02   5.97500e+03  -6.25708e+01   2.80000e-02   5.97917e+02
          5976   6.02817e+02   5.97600e+03  -6.25641e+01   2.80000e-02   5.98000e+02
          5977   6.02906e+02   5.97700e+03  -6.25606e+01   2.80000e-02   5.98083e+02
          5978   6.02983e+02   5.97800e+03  -6.25589e+01   2.80000e-02   5.98167e+02
          5979   6.03070e+02   5.97900e+03  -6.25581e+01   2.80000e-02   5.98250e+02
          5980   6.03156e+02   5.98000e+03  -6.25533e+01   2.80000e-02   5.98333e+02
          5981   6.03245e+02   5.98100e+03  -6.25522e+01   2.80000e-02   5.98417e+02
          5982   6.03321e+02   5.98200e+03  -6.25520e+01   2.80000e-02   5.98500e+02
          5983   6.03405e+02   5.98300e+03  -6.25521e+01   2.80000e-02   5.98583e+02
          5984   6.03496e+02   5.98400e+03  -6.25535e+01   2.80000e-02   5.98667e+02
          5985   6.03574e+02   5.98500e+03  -6.25533e+01   2.80000e-02   5.98750e+02
          5986   6.03662e+02   5.98600e+03  -6.25522e+01   2.80000e-02   5.98833e+02
          5987   6.03737e+02   5.98700e+03  -6.25516e+01   2.80000e-02   5.98917e+02
          5988   6.03828e+02   5.98800e+03  -6.25558e+01   2.80000e-02   5.99000e+02
          5989   6.03906e+02   5.98900e+03  -6.25574e+01   2.80000e-02   5.99083e+02
          5990   6.03994e+02   5.99000e+03  -6.25586e+01   2.80000e-02   5.99167e+02
          5991   6.04073e+02   5.99100e+03  -6.25591e+01   2.80000e-02   5.99250e+02
          5992   6.04159e+02   5.99200e+03  -6.25567e+01   2.80000e-02   5.99333e+02
          5993   6.04242e+02   5.99300e+03  -6.25560e+01   2.80000e-02   5.99417e+02
          5994   6.04323e+02   5.99400e+03  -6.25565e+01   2.80000e-02   5.99500e+02
          5995   6.04408e+02   5.99500e+03  -6.25575e+01   2.80000e-02   5.99583e+02
          5996   6.04490e+02   5.99600e+03  -6.25554e+01   2.80000e-02   5.99667e+02
          5997   6.04577e+02   5.99700e+03  -6.25521e+01   2.80000e-02   5.99750e+02
          5998   6.04661e+02   5.99800e+03  -6.25480e+01   2.80000e-02   5.99833e+02
          5999   6.04741e+02   5.99900e+03  -6.25459e+01   2.80000e-02   5.99917e+02
          6000   6.04829e+02   6.00000e+03  -6.25407e+01   2.80000e-02   6.00000e+02
          6001   6.04909e+02   6.00100e+03  -6.25352e+01   2.80000e-02   6.00083e+02
          6002   6.04999e+02   6.00200e+03  -6.25305e+01   2.80000e-02   6.00167e+02
          6003   6.05083e+02   6.00300e+03  -6.25254e+01   2.80000e-02   6.00250e+02
          6004   6.05162e+02   6.00400e+03  -6.25179e+01   2.80000e-02   6.00333e+02
          6005   6.05258e+02   6.00500e+03  -6.25128e+01   2.80000e-02   6.00417e+02
          6006   6.05336e+02   6.00600e+03  -6.25083e+01   2.80000e-02   6.00500e+02
          6007   6.05418e+02   6.00700e+03  -6.25043e+01   2.80000e-02   6.00583e+02
          6008   6.05503e+02   6.00800e+03  -6.25006e+01   2.80000e-02   6.00667e+02
          6009   6.05586e+02   6.00900e+03  -6.24971e+01   2.80000e-02   6.00750e+02
          6010   6.05671e+02   6.01000e+03  -6.24942e+01   2.80000e-02   6.00833e+02
          6011   6.05753e+02   6.01100e+03  -6.24913e+01   2.80000e-02   6.00917e+02
          6012   6.05839e+02   6.01200e+03  -6.24897e+01   2.80000e-02   6.01000e+02
          6013   6.05921e+02   6.01300e+03  -6.24886e+01   2.80000e-02   6.01083e+02
          6014   6.06000e+02   6.01400e+03  -6.24879e+01   2.80000e-02   6.01167e+02
          6015   6.06089e+02   6.01500e+03  -6.24876e+01   2.80000e-02   6.01250e+02
          6016   6.06159e+02   6.01600e+03  -6.24920e+01   2.80000e-02   6.01333e+02
          6017   6.06254e+02   6.01700e+03  -6.24943e+01   2.80000e-02   6.01417e+02
          6018   6.06332e+02   6.01800e+03  -6.24960e+01   2.80000e-02   6.01500e+02
          6019   6.06419e+02   6.01900e+03  -6.24983e+01   2.80000e-02   6.01583e+02
          6020   6.06497e+02   6.02000e+03  -6.25071e+01   2.80000e-02   6.01667e+02
          6021   6.06579e+02   6.02100e+03  -6.25145e+01   2.80000e-02   6.01750e+02
          6022   6.06671e+02   6.02200e+03  -6.25210e+01   2.80000e-02   6.01833e+02
          6023   6.06757e+02   6.02300e+03  -6.25278e+01   2.80000e-02   6.01917e+02
          6024   6.06834e+02   6.02400e+03  -6.25383e+01   2.80000e-02   6.02000e+02
          6025   6.06912e+02   6.02500e+03  -6.25448e+01   2.80000e-02   6.02083e+02
          6026   6.07001e+02   6.02600e+03  -6.25495e+01   2.80000e-02   6.02167e+02
          6027   6.07084e+02   6.02700e+03  -6.25539e+01   2.80000e-02   6.02250e+02
          6028   6.07165e+02   6.02800e+03  -6.25628e+01   2.80000e-02   6.02333e+02
          6029   6.07242e+02   6.02900e+03  -6.25689e+01   2.80000e-02   6.02417e+02
          6030   6.07327e+02   6.03000e+03  -6.25733e+01   2.80000e-02   6.02500e+02
          6031   6.07412e+02   6.03100e+03  -6.25759e+01   2.80000e-02   6.02583e+02
          6032   6.07502e+02   6.03200e+03  -6.25723e+01   2.80000e-02   6.02667e+02
          6033   6.07586e+02   6.03300e+03  -6.25725e+01   2.80000e-02   6.02750e+02
          6034   6.07671e+02   6.03400e+03  -6.25727e+01   2.80000e-02   6.02833e+02
          6035   6.07755e+02   6.03500e+03  -6.25728e+01   2.80000e-02   6.02917e+02
          6036   6.07827e+02   6.03600e+03  -6.25675e+01   2.80000e-02   6.03000e+02
          6037   6.07914e+02   6.03700e+03  -6.25657e+01   2.80000e-02   6.03083e+02
          6038   6.07999e+02   6.03800e+03  -6.25660e+01   2.80000e-02   6.03167e+02
          6039   6.08088e+02   6.03900e+03  -6.25682e+01   2.80000e-02   6.03250e+02
          6040   6.08168e+02   6.04000e+03  -6.25677e+01   2.80000e-02   6.03333e+02
          6041   6.08253e+02   6.04100e+03  -6.25690e+01   2.80000e-02   6.03417e+02
          6042   6.08326e+02   6.04200e+03  -6.25704e+01   2.80000e-02   6.03500e+02
          6043   6.08416e+02   6.04300e+03  -6.25718e+01   2.80000e-02   6.03583e+02
          6044   6.08503e+02   6.04400e+03  -6.25776e+01   2.80000e-02   6.03667e+02
          6045   6.08588e+02   6.04500e+03  -6.25795e+01   2.80000e-02   6.03750e+02
          6046   6.08666e+02   6.04600e+03  -6.25802e+01   2.80000e-02   6.03833e+02
          6047   6.08750e+02   6.04700e+03  -6.25803e+01   2.80000e-02   6.03917e+02
          6048   6.08831e+02   6.04800e+03  -6.25858e+01   2.80000e-02   6.04000e+02
          6049   6.08918e+02   6.04900e+03  -6.25863e+01   2.80000e-02   6.04083e+02
          6050   6.08997e+02   6.05000e+03  -6.25853e+01   2.80000e-02   6.04167e+02
          6051   6.09086e+02   6.05100e+03  -6.25847e+01   2.80000e-02   6.04250e+02
          6052   6.09161e+02   6.05200e+03  -6.25758e+01   2.80000e-02   6.04333e+02
          6053   6.09251e+02   6.05300e+03  -6.25714e+01   2.80000e-02   6.04417e+02
          6054   6.09332e+02   6.05400e+03  -6.25687e+01   2.80000e-02   6.04500e+02
          6055   6.09421e+02   6.05500e+03  -6.25655e+01   2.80000e-02   6.04583e+02
          6056   6.09502e+02   6.05600e+03  -6.25582e+01   2.80000e-02   6.04667e+02
          6057   6.09589e+02   6.05700e+03  -6.25532e+01   2.80000e-02   6.04750e+02
          6058   6.09669e+02   6.05800e+03  -6.25487e+01   2.80000e-02   6.04833e+02
          6059   6.09758e+02   6.05900e+03  -6.25454e+01   2.80000e-02   6.04917e+02
          6060   6.09839e+02   6.06000e+03  -6.25392e+01   2.80000e-02   6.05000e+02
          6061   6.09914e+02   6.06100e+03  -6.25328e+01   2.80000e-02   6.05083e+02
          6062   6.10000e+02   6.06200e+03  -6.25276e+01   2.80000e-02   6.05167e+02
          6063   6.10086e+02   6.06300e+03  -6.25231e+01   2.80000e-02   6.05250e+02
          6064   6.10168e+02   6.06400e+03  -6.25203e+01   2.80000e-02   6.05333e+02
          6065   6.10256e+02   6.06500e+03  -6.25176e+01   2.80000e-02   6.05417e+02
          6066   6.10335e+02   6.06600e+03  -6.25135e+01   2.80000e-02   6.05500e+02
          6067   6.10416e+02   6.06700e+03  -6.25096e+01   2.80000e-02   6.05583e+02
          6068   6.10501e+02   6.06800e+03  -6.25068e+01   2.80000e-02   6.05667e+02
          6069   6.10590e+02   6.06900e+03  -6.25046e+01   2.80000e-02   6.05750e+02
          6070   6.10674e+02   6.07000e+03  -6.25027e+01   2.80000e-02   6.05833e+02
          6071   6.10750e+02   6.07100e+03  -6.24995e+01   2.80000e-02   6.05917e+02
          6072   6.10834e+02   6.07200e+03  -6.24988e+01   2.80000e-02   6.06000e+02
          6073   6.10918e+02   6.07300e+03  -6.24952e+01   2.80000e-02   6.06083e+02
          6074   6.11001e+02   6.07400e+03  -6.24912e+01   2.80000e-02   6.06167e+02
          6075   6.11081e+02   6.07500e+03  -6.24892e+01   2.80000e-02   6.06250e+02
          6076   6.11173e+02   6.07600e+03  -6.24853e+01   2.80000e-02   6.06333e+02
          6077   6.11255e+02   6.07700e+03  -6.24830e+01   2.80000e-02   6.06417e+02
          6078   6.11337e+02   6.07800e+03  -6.24824e+01   2.80000e-02   6.06500e+02
          6079   6.11429e+02   6.07900e+03  -6.24828e+01   2.80000e-02   6.06583e+02
          6080   6.11509e+02   6.08000e+03  -6.24791e+01   2.80000e-02   6.06667e+02
          6081   6.11590e+02   6.08100e+03  -6.24766e+01   2.80000e-02   6.06750e+02
          6082   6.11672e+02   6.08200e+03  -6.24735e+01   2.80000e-02   6.06833e+02
          6083   6.11760e+02   6.08300e+03  -6.24709e+01   2.80000e-02   6.06917e+02
          6084   6.11831e+02   6.08400e+03  -6.24733e+01   2.80000e-02   6.07000e+02
          6085   6.11913e+02   6.08500e+03  -6.24707e+01   2.80000e-02   6.07083e+02
          6086   6.12002e+02   6.08600e+03  -6.24661e+01   2.80000e-02   6.07167e+02
          6087   6.12084e+02   6.08700e+03  -6.24614e+01   2.80000e-02   6.07250e+02
          6088   6.12171e+02   6.08800e+03  -6.24565e+01   2.80000e-02   6.07333e+02
          6089   6.12259e+02   6.08900e+03  -6.24538e+01   2.80000e-02   6.07417e+02
          6090   6.12337e+02   6.09000e+03  -6.24520e+01   2.80000e-02   6.07500e+02
          6091   6.12424e+02   6.09100e+03  -6.24499e+01   2.80000e-02   6.07583e+02
          6092   6.12493e+02   6.09200e+03  -6.24500e+01   2.80000e-02   6.07667e+02
          6093   6.12586e+02   6.09300e+03  -6.24509e+01   2.80000e-02   6.07750e+02
          6094   6.12669e+02   6.09400e+03  -6.24496e+01   2.80000e-02   6.07833e+02
          6095   6.12754e+02   6.09500e+03  -6.24484e+01   2.80000e-02   6.07917e+02
          6096   6.12838e+02   6.09600e+03  -6.24520e+01   2.80000e-02   6.08000e+02
          6097   6.12914e+02   6.09700e+03  -6.24517e+01   2.80000e-02   6.08083e+02
          6098   6.12997e+02   6.09800e+03  -6.24496e+01   2.80000e-02   6.08167e+02
          6099   6.13076e+02   6.09900e+03  -6.24471e+01   2.80000e-02   6.08250e+02
          6100   6.13162e+02   6.10000e+03  -6.24455e+01   2.80000e-02   6.08333e+02
          6101   6.13250e+02   6.10100e+03  -6.24434e+01   2.80000e-02   6.08417e+02
          6102   6.13327e+02   6.10200e+03  -6.24420e+01   2.80000e-02   6.08500e+02
          6103   6.13416e+02   6.10300e+03  -6.24404e+01   2.80000e-02   6.08583e+02
          6104   6.13502e+02   6.10400e+03  -6.24345e+01   2.80000e-02   6.08667e+02
          6105   6.13579e+02   6.10500e+03  -6.24329e+01   2.80000e-02   6.08750e+02
          6106   6.13666e+02   6.10600e+03  -6.24325e+01   2.80000e-02   6.08833e+02
          6107   6.13749e+02   6.10700e+03  -6.24323e+01   2.80000e-02   6.08917e+02
          6108   6.13849e+02   6.10800e+03  -6.24311e+01   2.80000e-02   6.09000e+02
          6109   6.13920e+02   6.10900e+03  -6.24324e+01   2.80000e-02   6.09083e+02
          6110   6.14002e+02   6.11000e+03  -6.24334e+01   2.80000e-02   6.09167e+02
          6111   6.14086e+02   6.11100e+03  -6.24340e+01   2.80000e-02   6.09250e+02
          6112   6.14174e+02   6.11200e+03  -6.24411e+01   2.80000e-02   6.09333e+02
          6113   6.14255e+02   6.11300e+03  -6.24435e+01   2.80000e-02   6.09417e+02
          6114   6.14339e+02   6.11400e+03  -6.24456e+01   2.80000e-02   6.09500e+02
          6115   6.14417e+02   6.11500e+03  -6.24476e+01   2.80000e-02   6.09583e+02
          6116   6.14513e+02   6.11600e+03  -6.24540e+01   2.80000e-02   6.09667e+02
          6117   6.14588e+02   6.11700e+03  -6.24576e+01   2.80000e-02   6.09750e+02
          6118   6.14674e+02   6.11800e+03  -6.24586e+01   2.80000e-02   6.09833e+02
          6119   6.14760e+02   6.11900e+03  -6.24600e+01   2.80000e-02   6.09917e+02
          6120   6.14830e+02   6.12000e+03  -6.24605e+01   2.80000e-02   6.10000e+02
          6121   6.14918e+02   6.12100e+03  -6.24627e+01   2.80000e-02   6.10083e+02
          6122   6.15001e+02   6.12200e+03  -6.24634e+01   2.80000e-02   6.10167e+02
          6123   6.15086e+02   6.12300e+03  -6.24627e+01   2.80000e-02   6.10250e+02
          6124   6.15169e+02   6.12400e+03  -6.24645e+01   2.80000e-02   6.10333e+02
          6125   6.15254e+02   6.12500e+03  -6.24655e+01   2.80000e-02   6.10417e+02
          6126   6.15344e+02   6.12600e+03  -6.24665e+01   2.80000e-02   6.10500e+02
          6127   6.15429e+02   6.12700e+03  -6.24658e+01   2.80000e-02   6.10583e+02
          6128   6.15506e+02   6.12800e+03  -6.24640e+01   2.80000e-02   6.10667e+02
          6129   6.15583e+02   6.12900e+03  -6.24648e+01   2.80000e-02   6.10750e+02
          6130   6.15674e+02   6.13000e+03  -6.24653e+01   2.80000e-02   6.10833e+02
          6131   6.15759e+02   6.13100e+03  -6.24657e+01   2.80000e-02   6.10917e+02
          6132   6.15844e+02   6.13200e+03  -6.24653e+01   2.80000e-02   6.11000e+02
          6133   6.15921e+02   6.13300e+03  -6.24665e+01   2.80000e-02   6.11083e+02
          6134   6.16011e+02   6.13400e+03  -6.24667e+01   2.80000e-02   6.11167e+02
          6135   6.16092e+02   6.13500e+03  -6.24649e+01   2.80000e-02   6.11250e+02
          6136   6.16177e+02   6.13600e+03  -6.24616e+01   2.80000e-02   6.11333e+02
          6137   6.16257e+02   6.13700e+03  -6.24569e+01   2.80000e-02   6.11417e+02
          6138   6.16341e+02   6.13800e+03  -6.24516e+01   2.80000e-02   6.11500e+02
          6139   6.16428e+02   6.13900e+03  -6.24472e+01   2.80000e-02   6.11583e+02
          6140   6.16508e+02   6.14000e+03  -6.24409e+01   2.80000e-02   6.11667e+02
          6141   6.16600e+02   6.14100e+03  -6.24375e+01   2.79722e-02   6.11750e+02
          6142   6.16680e+02   6.14200e+03  -6.24355e+01   2.78819e-02   6.11833e+02
          6143   6.16763e+02   6.14300e+03  -6.24340e+01   2.77778e-02   6.11917e+02
          6144   6.16845e+02   6.14400e+03  -6.24289e+01   2.76360e-02   6.12000e+02
          6145   6.16930e+02   6.14500e+03  -6.24285e+01   2.75180e-02   6.12083e+02
          6146   6.17019e+02   6.14600e+03  -6.24284e+01   2.74100e-02   6.12167e+02
          6147   6.17089e+02   6.14700e+03  -6.24266e+01   2.73086e-02   6.12250e+02
          6148   6.17177e+02   6.14800e+03  -6.24336e+01   2.72155e-02   6.12333e+02
          6149   6.17266e+02   6.14900e+03  -6.24352e+01   2.71425e-02   6.12417e+02
          6150   6.17346e+02   6.15000e+03  -6.24354e+01   2.70841e-02   6.12500e+02
          6151   6.17423e+02   6.15100e+03  -6.24357e+01   2.70343e-02   6.12583e+02
          6152   6.17507e+02   6.15200e+03  -6.24377e+01   2.70423e-02   6.12667e+02
          6153   6.17595e+02   6.15300e+03  -6.24373e+01   2.70284e-02   6.12750e+02
          6154   6.17683e+02   6.15400e+03  -6.24360e+01   2.70146e-02   6.12833e+02
          6155   6.17752e+02   6.15500e+03  -6.24344e+01   2.70038e-02   6.12917e+02
          6156   6.17840e+02   6.15600e+03  -6.24244e+01   2.70072e-02   6.13000e+02
          6157   6.17914e+02   6.15700e+03  -6.24201e+01   2.70049e-02   6.13083e+02
          6158   6.18010e+02   6.15800e+03  -6.24185e+01   2.70024e-02   6.13167e+02
          6159   6.18096e+02   6.15900e+03  -6.24169e+01   2.70004e-02   6.13250e+02
          6160   6.18177e+02   6.16000e+03  -6.24114e+01   2.70011e-02   6.13333e+02
          6161   6.18262e+02   6.16100e+03  -6.24086e+01   2.70008e-02   6.13417e+02
          6162   6.18340e+02   6.16200e+03  -6.24074e+01   2.70004e-02   6.13500e+02
          6163   6.18418e+02   6.16300e+03  -6.24089e+01   2.70000e-02   6.13583e+02
          6164   6.18507e+02   6.16400e+03  -6.24130e+01   2.70002e-02   6.13667e+02
          6165   6.18595e+02   6.16500e+03  -6.24186e+01   2.70001e-02   6.13750e+02
          6166   6.18671e+02   6.16600e+03  -6.24248e+01   2.70001e-02   6.13833e+02
          6167   6.18750e+02   6.16700e+03  -6.24313e+01   2.70000e-02   6.13917e+02
          6168   6.18836e+02   6.16800e+03  -6.24438e+01   2.70000e-02   6.14000e+02
          6169   6.18921e+02   6.16900e+03  -6.24509e+01   2.70000e-02   6.14083e+02
          6170   6.19003e+02   6.17000e+03  -6.24572e+01   2.70000e-02   6.14167e+02
          6171   6.19090e+02   6.17100e+03  -6.24616e+01   2.70000e-02   6.14250e+02
          6172   6.19167e+02   6.17200e+03  -6.24763e+01   2.70000e-02   6.14333e+02
          6173   6.19249e+02   6.17300e+03  -6.24851e+01   2.70000e-02   6.14417e+02
          6174   6.19330e+02   6.17400e+03  -6.24923e+01   2.70000e-02   6.14500e+02
          6175   6.19414e+02   6.17500e+03  -6.24990e+01   2.70000e-02   6.14583e+02
          6176   6.19498e+02   6.17600e+03  -6.24978e+01   2.70000e-02   6.14667e+02
          6177   6.19590e+02   6.17700e+03  -6.24983e+01   2.70000e-02   6.14750e+02
          6178   6.19673e+02   6.17800e+03  -6.24989e+01   2.70000e-02   6.14833e+02
          6179   6.19745e+02   6.17900e+03  -6.25002e+01   2.70000e-02   6.14917e+02
          6180   6.19842e+02   6.18000e+03  -6.24977e+01   2.70000e-02   6.15000e+02
          6181   6.19917e+02   6.18100e+03  -6.24995e+01   2.70000e-02   6.15083e+02
          6182   6.19998e+02   6.18200e+03  -6.25003e+01   2.70000e-02   6.15167e+02
          6183   6.20084e+02   6.18300e+03  -6.25007e+01   2.70000e-02   6.15250e+02
          6184   6.20167e+02   6.18400e+03  -6.24984e+01   2.70000e-02   6.15333e+02
          6185   6.20262e+02   6.18500e+03  -6.24970e+01   2.70000e-02   6.15417e+02
          6186   6.20338e+02   6.18600e+03  -6.24962e+01   2.70000e-02   6.15500e+02
          6187   6.20427e+02   6.18700e+03  -6.24945e+01   2.70000e-02   6.15583e+02
          6188   6.20506e+02   6.18800e+03  -6.24944e+01   2.70000e-02   6.15667e+02
          6189   6.20577e+02   6.18900e+03  -6.24925e+01   2.70000e-02   6.15750e+02
          6190   6.20665e+02   6.19000e+03  -6.24897e+01   2.70000e-02   6.15833e+02
          6191   6.20766e+02   6.19100e+03  -6.24869e+01   2.70000e-02   6.15917e+02
          6192   6.20842e+02   6.19200e+03  -6.24819e+01   2.70000e-02   6.16000e+02
          6193   6.20930e+02   6.19300e+03  -6.24781e+01   2.70000e-02   6.16083e+02
          6194   6.21013e+02   6.19400e+03  -6.24747e+01   2.70000e-02   6.16167e+02
          6195   6.21095e+02   6.19500e+03  -6.24712e+01   2.70000e-02   6.16250e+02
          6196   6.21181e+02   6.19600e+03  -6.24673e+01   2.70000e-02   6.16333e+02
          6197   6.21261e+02   6.19700e+03  -6.24648e+01   2.70000e-02   6.16417e+02
          6198   6.21345e+02   6.19800e+03  -6.24636e+01   2.70000e-02   6.16500e+02
          6199   6.21423e+02   6.19900e+03  -6.24628e+01   2.70000e-02   6.16583e+02
          6200   6.21511e+02   6.20000e+03  -6.24605e+01   2.70000e-02   6.16667e+02
          6201   6.21590e+02   6.20100e+03  -6.24576e+01   2.70000e-02   6.16750e+02
          6202   6.21679e+02   6.20200e+03  -6.24543e+01   2.70000e-02   6.16833e+02
          6203   6.21764e+02   6.20300e+03  -6.24526e+01   2.70000e-02   6.16917e+02
          6204   6.21849e+02   6.20400e+03  -6.24525e+01   2.70000e-02   6.17000e+02
          6205   6.21931e+02   6.20500e+03  -6.24507e+01   2.70000e-02   6.17083e+02
          6206   6.22008e+02   6.20600e+03  -6.24488e+01   2.70000e-02   6.17167e+02
          6207   6.22098e+02   6.20700e+03  -6.24459e+01   2.70000e-02   6.17250e+02
          6208   6.22175e+02   6.20800e+03  -6.24418e+01   2.70000e-02   6.17333e+02
          6209   6.22258e+02   6.20900e+03  -6.24384e+01   2.70000e-02   6.17417e+02
          6210   6.22342e+02   6.21000e+03  -6.24372e+01   2.70000e-02   6.17500e+02
          6211   6.22426e+02   6.21100e+03  -6.24361e+01   2.70000e-02   6.17583e+02
          6212   6.22505e+02   6.21200e+03  -6.24371e+01   2.70000e-02   6.17667e+02
          6213   6.22594e+02   6.21300e+03  -6.24380e+01   2.70000e-02   6.17750e+02
          6214   6.22674e+02   6.21400e+03  -6.24386e+01   2.70000e-02   6.17833e+02
          6215   6.22767e+02   6.21500e+03  -6.24403e+01   2.70000e-02   6.17917e+02
          6216   6.22848e+02   6.21600e+03  -6.24406e+01   2.70000e-02   6.18000e+02
          6217   6.22933e+02   6.21700e+03  -6.24410e+01   2.70000e-02   6.18083e+02
          6218   6.23016e+02   6.21800e+03  -6.24407e+01   2.70000e-02   6.18167e+02
          6219   6.23096e+02   6.21900e+03  -6.24420e+01   2.70000e-02   6.18250e+02
          6220   6.23178e+02   6.22000e+03  -6.24486e+01   2.70000e-02   6.18333e+02
          6221   6.23259e+02   6.22100e+03  -6.24505e+01   2.70000e-02   6.18417e+02
          6222   6.23336e+02   6.22200e+03  -6.24515e+01   2.70000e-02   6.18500e+02
          6223   6.23423e+02   6.22300e+03  -6.24522e+01   2.70000e-02   6.18583e+02
          6224   6.23515e+02   6.22400e+03  -6.24523e+01   2.70000e-02   6.18667e+02
          6225   6.23595e+02   6.22500e+03  -6.24509e+01   2.70000e-02   6.18750e+02
          6226   6.23674e+02   6.22600e+03  -6.24469e+01   2.70000e-02   6.18833e+02
          6227   6.23766e+02   6.22700e+03  -6.24402e+01   2.70000e-02   6.18917e+02
          6228   6.23842e+02   6.22800e+03  -6.24302e+01   2.70000e-02   6.19000e+02
          6229   6.23930e+02   6.22900e+03  -6.24214e+01   2.70000e-02   6.19083e+02
          6230   6.24009e+02   6.23000e+03  -6.24137e+01   2.70000e-02   6.19167e+02
          6231   6.24087e+02   6.23100e+03  -6.24054e+01   2.70000e-02   6.19250e+02
          6232   6.24175e+02   6.23200e+03  -6.23935e+01   2.70000e-02   6.19333e+02
          6233   6.24262e+02   6.23300e+03  -6.23860e+01   2.70000e-02   6.19417e+02
          6234   6.24351e+02   6.23400e+03  -6.23809e+01   2.70000e-02   6.19500e+02
          6235   6.24438e+02   6.23500e+03  -6.23774e+01   2.70000e-02   6.19583e+02
          6236   6.24517e+02   6.23600e+03  -6.23663e+01   2.70000e-02   6.19667e+02
          6237   6.24600e+02   6.23700e+03  -6.23610e+01   2.70000e-02   6.19750e+02
          6238   6.24679e+02   6.23800e+03  -6.23579e+01   2.70000e-02   6.19833e+02
          6239   6.24766e+02   6.23900e+03  -6.23561e+01   2.70000e-02   6.19917e+02
          6240   6.24848e+02   6.24000e+03  -6.23668e+01   2.70000e-02   6.20000e+02
          6241   6.24937e+02   6.24100e+03  -6.23708e+01   2.70000e-02   6.20083e+02
          6242   6.25019e+02   6.24200e+03  -6.23736e+01   2.70000e-02   6.20167e+02
          6243   6.25101e+02   6.24300e+03  -6.23765e+01   2.70000e-02   6.20250e+02
          6244   6.25178e+02   6.24400e+03  -6.23864e+01   2.70000e-02   6.20333e+02
          6245   6.25276e+02   6.24500e+03  -6.23913e+01   2.70000e-02   6.20417e+02
          6246   6.25347e+02   6.24600e+03  -6.23951e+01   2.70000e-02   6.20500e+02
          6247   6.25427e+02   6.24700e+03  -6.23974e+01   2.70000e-02   6.20583e+02
          6248   6.25512e+02   6.24800e+03  -6.24054e+01   2.70000e-02   6.20667e+02
          6249   6.25601e+02   6.24900e+03  -6.24115e+01   2.70000e-02   6.20750e+02
          6250   6.25682e+02   6.25000e+03  -6.24160e+01   2.70000e-02   6.20833e+02
          6251   6.25763e+02   6.25100e+03  -6.24201e+01   2.70000e-02   6.20917e+02
          6252   6.25853e+02   6.25200e+03  -6.24221e+01   2.70000e-02   6.21000e+02
          6253   6.25934e+02   6.25300e+03  -6.24245e+01   2.70000e-02   6.21083e+02
          6254   6.26023e+02   6.25400e+03  -6.24255e+01   2.70000e-02   6.21167e+02
          6255   6.26104e+02   6.25500e+03  -6.24275e+01   2.70000e-02   6.21250e+02
          6256   6.26192e+02   6.25600e+03  -6.24257e+01   2.70000e-02   6.21333e+02
          6257   6.26273e+02   6.25700e+03  -6.24259e+01   2.70000e-02   6.21417e+02
          6258   6.26357e+02   6.25800e+03  -6.24259e+01   2.70000e-02   6.21500e+02
          6259   6.26439e+02   6.25900e+03  -6.24252e+01   2.70000e-02   6.21583e+02
          6260   6.26520e+02   6.26000e+03  -6.24209e+01   2.70000e-02   6.21667e+02
          6261   6.26603e+02   6.26100e+03  -6.24182e+01   2.70000e-02   6.21750e+02
          6262   6.26685e+02   6.26200e+03  -6.24141e+01   2.70000e-02   6.21833e+02
          6263   6.26765e+02   6.26300e+03  -6.24084e+01   2.70000e-02   6.21917e+02
          6264   6.26845e+02   6.26400e+03  -6.24018e+01   2.70000e-02   6.22000e+02
          6265   6.26930e+02   6.26500e+03  -6.23965e+01   2.70000e-02   6.22083e+02
          6266   6.27018e+02   6.26600e+03  -6.23922e+01   2.70000e-02   6.22167e+02
          6267   6.27101e+02   6.26700e+03  -6.23874e+01   2.70000e-02   6.22250e+02
          6268   6.27182e+02   6.26800e+03  -6.23779e+01   2.70000e-02   6.22333e+02
          6269   6.27259e+02   6.26900e+03  -6.23712e+01   2.70000e-02   6.22417e+02
          6270   6.27345e+02   6.27000e+03  -6.23657e+01   2.70000e-02   6.22500e+02
          6271   6.27429e+02   6.27100e+03  -6.23603e+01   2.70000e-02   6.22583e+02
          6272   6.27519e+02   6.27200e+03  -6.23533e+01   2.70000e-02   6.22667e+02
          6273   6.27594e+02   6.27300e+03  -6.23467e+01   2.70000e-02   6.22750e+02
          6274   6.27681e+02   6.27400e+03  -6.23415e+01   2.70000e-02   6.22833e+02
          6275   6.27763e+02   6.27500e+03  -6.23364e+01   2.70000e-02   6.22917e+02
          6276   6.27850e+02   6.27600e+03  -6.23339e+01   2.70000e-02   6.23000e+02
          6277   6.27929e+02   6.27700e+03  -6.23289e+01   2.70000e-02   6.23083e+02
          6278   6.28010e+02   6.27800e+03  -6.23246e+01   2.70000e-02   6.23167e+02
          6279   6.28094e+02   6.27900e+03  -6.23209e+01   2.70000e-02   6.23250e+02
          6280   6.28180e+02   6.28000e+03  -6.23188e+01   2.70000e-02   6.23333e+02
          6281   6.28263e+02   6.28100e+03  -6.23173e+01   2.70000e-02   6.23417e+02
          6282   6.28352e+02   6.28200e+03  -6.23151e+01   2.70000e-02   6.23500e+02
          6283   6.28429e+02   6.28300e+03  -6.23138e+01   2.70000e-02   6.23583e+02
          6284   6.28510e+02   6.28400e+03  -6.23124e+01   2.68889e-02   6.23667e+02
          6285   6.28598e+02   6.28500e+03  -6.23104e+01   2.67778e-02   6.23750e+02
          6286   6.28686e+02   6.28600e+03  -6.23102e+01   2.66667e-02   6.23833e+02
          6287   6.28762e+02   6.28700e+03  -6.23110e+01   2.65556e-02   6.23917e+02
          6288   6.28849e+02   6.28800e+03  -6.23135e+01   2.63549e-02   6.24000e+02
          6289   6.28933e+02   6.28900e+03  -6.23127e+01   2.62338e-02   6.24083e+02
          6290   6.29017e+02   6.29000e+03  -6.23096e+01   2.61418e-02   6.24167e+02
          6291   6.29098e+02   6.29100e+03  -6.23041e+01   2.60617e-02   6.24250e+02
          6292   6.29186e+02   6.29200e+03  -6.23006e+01   2.60716e-02   6.24333e+02
          6293   6.29265e+02   6.29300e+03  -6.22980e+01   2.60478e-02   6.24417e+02
          6294   6.29352e+02   6.29400e+03  -6.22959e+01   2.60250e-02   6.24500e+02
          6295   6.29426e+02   6.29500e+03  -6.22941e+01   2.60069e-02   6.24583e+02
          6296   6.29512e+02   6.29600e+03  -6.22920e+01   2.60123e-02   6.24667e+02
          6297   6.29605e+02   6.29700e+03  -6.22906e+01   2.60084e-02   6.24750e+02
          6298   6.29694e+02   6.29800e+03  -6.22899e+01   2.60041e-02   6.24833e+02
          6299   6.29771e+02   6.29900e+03  -6.22899e+01   2.60008e-02   6.24917e+02
          6300   6.29865e+02   6.30000e+03  -6.22864e+01   2.60020e-02   6.25000e+02
          6301   6.29945e+02   6.30100e+03  -6.22860e+01   2.60014e-02   6.25083e+02
          6302   6.30023e+02   6.30200e+03  -6.22868e+01   2.60006e-02   6.25167e+02
          6303   6.30107e+02   6.30300e+03  -6.22867e+01   2.60001e-02   6.25250e+02
          6304   6.30181e+02   6.30400e+03  -6.22907e+01   2.60003e-02   6.25333e+02
          6305   6.30267e+02   6.30500e+03  -6.22894e+01   2.60002e-02   6.25417e+02
          6306   6.30352e+02   6.30600e+03  -6.22876e+01   2.60001e-02   6.25500e+02
          6307   6.30432e+02   6.30700e+03  -6.22856e+01   2.60000e-02   6.25583e+02
          6308   6.30516e+02   6.30800e+03  -6.22841e+01   2.60000e-02   6.25667e+02
          6309   6.30602e+02   6.30900e+03  -6.22818e+01   2.60000e-02   6.25750e+02
          6310   6.30685e+02   6.31000e+03  -6.22805e+01   2.60000e-02   6.25833e+02
          6311   6.30774e+02   6.31100e+03  -6.22789e+01   2.60000e-02   6.25917e+02
          6312   6.30854e+02   6.31200e+03  -6.22720e+01   2.60000e-02   6.26000e+02
          6313   6.30936e+02   6.31300e+03  -6.22668e+01   2.60000e-02   6.26083e+02
          6314   6.31022e+02   6.31400e+03  -6.22622e+01   2.60000e-02   6.26167e+02
          6315   6.31106e+02   6.31500e+03  -6.22580e+01   2.60000e-02   6.26250e+02
          6316   6.31188e+02   6.31600e+03  -6.22545e+01   2.60000e-02   6.26333e+02
          6317   6.31272e+02   6.31700e+03  -6.22521e+01   2.60000e-02   6.26417e+02
          6318   6.31361e+02   6.31800e+03  -6.22495e+01   2.60000e-02   6.26500e+02
          6319   6.31432e+02   6.31900e+03  -6.22469e+01   2.60000e-02   6.26583e+02
          6320   6.31524e+02   6.32000e+03  -6.22435e+01   2.60000e-02   6.26667e+02
          6321   6.31611e+02   6.32100e+03  -6.22424e+01   2.60000e-02   6.26750e+02
          6322   6.31691e+02   6.32200e+03  -6.22424e+01   2.60000e-02   6.26833e+02
          6323   6.31763e+02   6.32300e+03  -6.22418e+01   2.60000e-02   6.26917e+02
          6324   6.31849e+02   6.32400e+03  -6.22437e+01   2.60000e-02   6.27000e+02
          6325   6.31933e+02   6.32500e+03  -6.22438e+01   2.60000e-02   6.27083e+02
          6326   6.32021e+02   6.32600e+03  -6.22418e+01   2.60000e-02   6.27167e+02
          6327   6.32108e+02   6.32700e+03  -6.22394e+01   2.60000e-02   6.27250e+02
          6328   6.32189e+02   6.32800e+03  -6.22399e+01   2.60000e-02   6.27333e+02
          6329   6.32270e+02   6.32900e+03  -6.22401e+01   2.60000e-02   6.27417e+02
          6330   6.32345e+02   6.33000e+03  -6.22408e+01   2.60000e-02   6.27500e+02
          6331   6.32433e+02   6.33100e+03  -6.22401e+01   2.60000e-02   6.27583e+02
          6332   6.32517e+02   6.33200e+03  -6.22391e+01   2.60000e-02   6.27667e+02
          6333   6.32598e+02   6.33300e+03  -6.22409e+01   2.60000e-02   6.27750e+02
          6334   6.32684e+02   6.33400e+03  -6.22422e+01   2.60000e-02   6.27833e+02
          6335   6.32770e+02   6.33500e+03  -6.22427e+01   2.60000e-02   6.27917e+02
          6336   6.32845e+02   6.33600e+03  -6.22438e+01   2.60000e-02   6.28000e+02
          6337   6.32931e+02   6.33700e+03  -6.22474e+01   2.60000e-02   6.28083e+02
          6338   6.33015e+02   6.33800e+03  -6.22513e+01   2.60000e-02   6.28167e+02
          6339   6.33104e+02   6.33900e+03  -6.22541e+01   2.60000e-02   6.28250e+02
          6340   6.33192e+02   6.34000e+03  -6.22605e+01   2.60000e-02   6.28333e+02
          6341   6.33264e+02   6.34100e+03  -6.22649e+01   2.60000e-02   6.28417e+02
          6342   6.33350e+02   6.34200e+03  -6.22678e+01   2.60000e-02   6.28500e+02
          6343   6.33436e+02   6.34300e+03  -6.22704e+01   2.60000e-02   6.28583e+02
          6344   6.33525e+02   6.34400e+03  -6.22704e+01   2.60000e-02   6.28667e+02
          6345   6.33600e+02   6.34500e+03  -6.22677e+01   2.60000e-02   6.28750e+02
          6346   6.33679e+02   6.34600e+03  -6.22637e+01   2.60000e-02   6.28833e+02
          6347   6.33770e+02   6.34700e+03  -6.22593e+01   2.60000e-02   6.28917e+02
          6348   6.33850e+02   6.34800e+03  -6.22509e+01   2.60000e-02   6.29000e+02
          6349   6.33932e+02   6.34900e+03  -6.22449e+01   2.60000e-02   6.29083e+02
          6350   6.34016e+02   6.35000e+03  -6.22395e+01   2.60000e-02   6.29167e+02
          6351   6.34102e+02   6.35100e+03  -6.22352e+01   2.60000e-02   6.29250e+02
          6352   6.34187e+02   6.35200e+03  -6.22266e+01   2.60000e-02   6.29333e+02
          6353   6.34280e+02   6.35300e+03  -6.22215e+01   2.60000e-02   6.29417e+02
          6354   6.34360e+02   6.35400e+03  -6.22167e+01   2.60000e-02   6.29500e+02
          6355   6.34438e+02   6.35500e+03  -6.22123e+01   2.60000e-02   6.29583e+02
          6356   6.34523e+02   6.35600e+03  -6.22081e+01   2.60000e-02   6.29667e+02
          6357   6.34602e+02   6.35700e+03  -6.22051e+01   2.60000e-02   6.29750e+02
          6358   6.34689e+02   6.35800e+03  -6.22020e+01   2.60000e-02   6.29833e+02
          6359   6.34766e+02   6.35900e+03  -6.21995e+01   2.60000e-02   6.29917e+02
          6360   6.34848e+02   6.36000e+03  -6.22045e+01   2.60000e-02   6.30000e+02
          6361   6.34930e+02   6.36100e+03  -6.22066e+01   2.60000e-02   6.30083e+02
          6362   6.35021e+02   6.36200e+03  -6.22091e+01   2.60000e-02   6.30167e+02
          6363   6.35105e+02   6.36300e+03  -6.22118e+01   2.60000e-02   6.30250e+02
          6364   6.35180e+02   6.36400e+03  -6.22141e+01   2.60000e-02   6.30333e+02
          6365   6.35267e+02   6.36500e+03  -6.22160e+01   2.60000e-02   6.30417e+02
          6366   6.35358e+02   6.36600e+03  -6.22162e+01   2.60000e-02   6.30500e+02
          6367   6.35439e+02   6.36700e+03  -6.22167e+01   2.60000e-02   6.30583e+02
          6368   6.35519e+02   6.36800e+03  -6.22221e+01   2.60000e-02   6.30667e+02
          6369   6.35597e+02   6.36900e+03  -6.22253e+01   2.60000e-02   6.30750e+02
          6370   6.35687e+02   6.37000e+03  -6.22277e+01   2.60000e-02   6.30833e+02
          6371   6.35771e+02   6.37100e+03  -6.22299e+01   2.60000e-02   6.30917e+02
          6372   6.35853e+02   6.37200e+03  -6.22314e+01   2.60000e-02   6.31000e+02
          6373   6.35935e+02   6.37300e+03  -6.22309e+01   2.60000e-02   6.31083e+02
          6374   6.36022e+02   6.37400e+03  -6.22296e+01   2.60000e-02   6.31167e+02
          6375   6.36104e+02   6.37500e+03  -6.22282e+01   2.60000e-02   6.31250e+02
          6376   6.36191e+02   6.37600e+03  -6.22226e+01   2.60000e-02   6.31333e+02
          6377   6.36278e+02   6.37700e+03  -6.22195e+01   2.60000e-02   6.31417e+02
          6378   6.36350e+02   6.37800e+03  -6.22180e+01   2.60000e-02   6.31500e+02
          6379   6.36436e+02   6.37900e+03  -6.22172e+01   2.60000e-02   6.31583e+02
          6380   6.36521e+02   6.38000e+03  -6.22175e+01   2.59722e-02   6.31667e+02
          6381   6.36610e+02   6.38100e+03  -6.22197e+01   2.58819e-02   6.31750e+02
          6382   6.36694e+02   6.38200e+03  -6.22220e+01   2.57760e-02   6.31833e+02
          6383   6.36777e+02   6.38300e+03  -6.22246e+01   2.56667e-02   6.31917e+02
          6384   6.36868e+02   6.38400e+03  -6.22267e+01   2.56088e-02   6.32000e+02
          6385   6.36945e+02   6.38500e+03  -6.22272e+01   2.55992e-02   6.32083e+02
          6386   6.37027e+02   6.38600e+03  -6.22265e+01   2.56096e-02   6.32167e+02
          6387   6.37113e+02   6.38700e+03  -6.22261e+01   2.56296e-02   6.32250e+02
          6388   6.37198e+02   6.38800e+03  -6.22338e+01   2.57889e-02   6.32333e+02
          6389   6.37276e+02   6.38900e+03  -6.22359e+01   2.58616e-02   6.32417e+02
          6390   6.37359e+02   6.39000e+03  -6.22375e+01   2.59128e-02   6.32500e+02
          6391   6.37440e+02   6.39100e+03  -6.22390e+01   2.59588e-02   6.32583e+02
          6392   6.37534e+02   6.39200e+03  -6.22343e+01   2.59557e-02   6.32667e+02
          6393   6.37610e+02   6.39300e+03  -6.22329e+01   2.59706e-02   6.32750e+02
          6394   6.37698e+02   6.39400e+03  -6.22313e+01   2.59844e-02   6.32833e+02
          6395   6.37778e+02   6.39500e+03  -6.22291e+01   2.59954e-02   6.32917e+02
          6396   6.37861e+02   6.39600e+03  -6.22257e+01   2.59923e-02   6.33000e+02
          6397   6.37945e+02   6.39700e+03  -6.22233e+01   2.59947e-02   6.33083e+02
          6398   6.38024e+02   6.39800e+03  -6.22214e+01   2.59974e-02   6.33167e+02
          6399   6.38114e+02   6.39900e+03  -6.22190e+01   2.59995e-02   6.33250e+02
          6400   6.38194e+02   6.40000e+03  -6.22168e+01   2.59987e-02   6.33333e+02
          6401   6.38276e+02   6.40100e+03  -6.22144e+01   2.59991e-02   6.33417e+02
          6402   6.38353e+02   6.40200e+03  -6.22115e+01   2.59996e-02   6.33500e+02
          6403   6.38437e+02   6.40300e+03  -6.22080e+01   2.59999e-02   6.33583e+02
          6404   6.38528e+02   6.40400e+03  -6.22000e+01   2.59998e-02   6.33667e+02
          6405   6.38608e+02   6.40500e+03  -6.21927e+01   2.59999e-02   6.33750e+02
          6406   6.38686e+02   6.40600e+03  -6.21852e+01   2.59999e-02   6.33833e+02
          6407   6.38777e+02   6.40700e+03  -6.21772e+01   2.60000e-02   6.33917e+02
          6408   6.38862e+02   6.40800e+03  -6.21662e+01   2.60000e-02   6.34000e+02
          6409   6.38943e+02   6.40900e+03  -6.21570e+01   2.60000e-02   6.34083e+02
          6410   6.39027e+02   6.41000e+03  -6.21476e+01   2.60000e-02   6.34167e+02
          6411   6.39113e+02   6.41100e+03  -6.21387e+01   2.60000e-02   6.34250e+02
          6412   6.39188e+02   6.41200e+03  -6.21236e+01   2.60000e-02   6.34333e+02
          6413   6.39277e+02   6.41300e+03  -6.21144e+01   2.60000e-02   6.34417e+02
          6414   6.39359e+02   6.41400e+03  -6.21068e+01   2.60000e-02   6.34500e+02
          6415   6.39439e+02   6.41500e+03  -6.21005e+01   2.60000e-02   6.34583e+02
          6416   6.39523e+02   6.41600e+03  -6.20952e+01   2.60000e-02   6.34667e+02
          6417   6.39614e+02   6.41700e+03  -6.20918e+01   2.60000e-02   6.34750e+02
          6418   6.39690e+02   6.41800e+03  -6.20901e+01   2.60000e-02   6.34833e+02
          6419   6.39778e+02   6.41900e+03  -6.20887e+01   2.60000e-02   6.34917e+02
          6420   6.39854e+02   6.42000e+03  -6.20968e+01   2.60000e-02   6.35000e+02
          6421   6.39949e+02   6.42100e+03  -6.20999e+01   2.60000e-02   6.35083e+02
          6422   6.40036e+02   6.42200e+03  -6.21014e+01   2.60000e-02   6.35167e+02
          6423   6.40122e+02   6.42300e+03  -6.21013e+01   2.60000e-02   6.35250e+02
          6424   6.40199e+02   6.42400e+03  -6.21090e+01   2.60000e-02   6.35333e+02
          6425   6.40277e+02   6.42500e+03  -6.21110e+01   2.60000e-02   6.35417e+02
          6426   6.40361e+02   6.42600e+03  -6.21119e+01   2.60000e-02   6.35500e+02
          6427   6.40446e+02   6.42700e+03  -6.21128e+01   2.60000e-02   6.35583e+02
          6428   6.40530e+02   6.42800e+03  -6.21134e+01   2.60000e-02   6.35667e+02
          6429   6.40616e+02   6.42900e+03  -6.21151e+01   2.59722e-02   6.35750e+02
          6430   6.40696e+02   6.43000e+03  -6.21183e+01   2.58819e-02   6.35833e+02
          6431   6.40784e+02   6.43100e+03  -6.21238e+01   2.57778e-02   6.35917e+02
          6432   6.40873e+02   6.43200e+03  -6.21215e+01   2.56360e-02   6.36000e+02
          6433   6.40955e+02   6.43300e+03  -6.21242e+01   2.55180e-02   6.36083e+02
          6434   6.41033e+02   6.43400e+03  -6.21275e+01   2.54100e-02   6.36167e+02
          6435   6.41117e+02   6.43500e+03  -6.21307e+01   2.53086e-02   6.36250e+02
          6436   6.41200e+02   6.43600e+03  -6.21383e+01   2.52155e-02   6.36333e+02
          6437   6.41289e+02   6.43700e+03  -6.21435e+01   2.51426e-02   6.36417e+02
          6438   6.41368e+02   6.43800e+03  -6.21485e+01   2.50841e-02   6.36500e+02
          6439   6.41451e+02   6.43900e+03  -6.21533e+01   2.50343e-02   6.36583e+02
          6440   6.41531e+02   6.44000e+03  -6.21615e+01   2.50423e-02   6.36667e+02
          6441   6.41618e+02   6.44100e+03  -6.21656e+01   2.50284e-02   6.36750e+02
          6442   6.41704e+02   6.44200e+03  -6.21687e+01   2.50146e-02   6.36833e+02
          6443   6.41790e+02   6.44300e+03  -6.21720e+01   2.50038e-02   6.36917e+02
          6444   6.41872e+02   6.44400e+03  -6.21712e+01   2.50072e-02   6.37000e+02
          6445   6.41951e+02   6.44500e+03  -6.21721e+01   2.50049e-02   6.37083e+02
          6446   6.42034e+02   6.44600e+03  -6.21724e+01   2.50024e-02   6.37167e+02
          6447   6.42122e+02   6.44700e+03  -6.21715e+01   2.50004e-02   6.37250e+02
          6448   6.42203e+02   6.44800e+03  -6.21650e+01   2.50011e-02   6.37333e+02
          6449   6.42288e+02   6.44900e+03  -6.21597e+01   2.50008e-02   6.37417e+02
          6450   6.42361e+02   6.45000e+03  -6.21525e+01   2.50004e-02   6.37500e+02
          6451   6.42442e+02   6.45100e+03  -6.21442e+01   2.50001e-02   6.37583e+02
          6452   6.42531e+02   6.45200e+03  -6.21336e+01   2.50002e-02   6.37667e+02
          6453   6.42617e+02   6.45300e+03  -6.21257e+01   2.50001e-02   6.37750e+02
          6454   6.42700e+02   6.45400e+03  -6.21197e+01   2.50001e-02   6.37833e+02
          6455   6.42790e+02   6.45500e+03  -6.21148e+01   2.50000e-02   6.37917e+02
          6456   6.42870e+02   6.45600e+03  -6.21037e+01   2.50000e-02   6.38000e+02
          6457   6.42953e+02   6.45700e+03  -6.21002e+01   2.50000e-02   6.38083e+02
          6458   6.43033e+02   6.45800e+03  -6.20978e+01   2.50000e-02   6.38167e+02
          6459   6.43118e+02   6.45900e+03  -6.20950e+01   2.50000e-02   6.38250e+02
          6460   6.43199e+02   6.46000e+03  -6.20964e+01   2.50000e-02   6.38333e+02
          6461   6.43278e+02   6.46100e+03  -6.20963e+01   2.50000e-02   6.38417e+02
          6462   6.43360e+02   6.46200e+03  -6.20951e+01   2.50000e-02   6.38500e+02
          6463   6.43446e+02   6.46300e+03  -6.20929e+01   2.50000e-02   6.38583e+02
          6464   6.43526e+02   6.46400e+03  -6.21022e+01   2.50000e-02   6.38667e+02
          6465   6.43610e+02   6.46500e+03  -6.21052e+01   2.50000e-02   6.38750e+02
          6466   6.43694e+02   6.46600e+03  -6.21059e+01   2.50000e-02   6.38833e+02
          6467   6.43781e+02   6.46700e+03  -6.21052e+01   2.50000e-02   6.38917e+02
          6468   6.43868e+02   6.46800e+03  -6.21014e+01   2.50000e-02   6.39000e+02
          6469   6.43956e+02   6.46900e+03  -6.20988e+01   2.50000e-02   6.39083e+02
          6470   6.44035e+02   6.47000e+03  -6.20980e+01   2.50000e-02   6.39167e+02
          6471   6.44118e+02   6.47100e+03  -6.20983e+01   2.50000e-02   6.39250e+02
          6472   6.44199e+02   6.47200e+03  -6.20985e+01   2.50000e-02   6.39333e+02
          6473   6.44281e+02   6.47300e+03  -6.20988e+01   2.50000e-02   6.39417e+02
          6474   6.44367e+02   6.47400e+03  -6.20984e+01   2.50000e-02   6.39500e+02
          6475   6.44456e+02   6.47500e+03  -6.20981e+01   2.50000e-02   6.39583e+02
          6476   6.44532e+02   6.47600e+03  -6.20968e+01   2.50000e-02   6.39667e+02
          6477   6.44624e+02   6.47700e+03  -6.20967e+01   2.50000e-02   6.39750e+02
          6478   6.44704e+02   6.47800e+03  -6.20961e+01   2.50000e-02   6.39833e+02
          6479   6.44794e+02   6.47900e+03  -6.20955e+01   2.50000e-02   6.39917e+02
          6480   6.44877e+02   6.48000e+03  -6.20985e+01   2.50000e-02   6.40000e+02
          6481   6.44957e+02   6.48100e+03  -6.20970e+01   2.50000e-02   6.40083e+02
          6482   6.45036e+02   6.48200e+03  -6.20959e+01   2.50000e-02   6.40167e+02
          6483   6.45117e+02   6.48300e+03  -6.20962e+01   2.50000e-02   6.40250e+02
          6484   6.45204e+02   6.48400e+03  -6.20927e+01   2.50000e-02   6.40333e+02
          6485   6.45286e+02   6.48500e+03  -6.20902e+01   2.50000e-02   6.40417e+02
          6486   6.45370e+02   6.48600e+03  -6.20870e+01   2.50000e-02   6.40500e+02
          6487   6.45447e+02   6.48700e+03  -6.20842e+01   2.50000e-02   6.40583e+02
          6488   6.45539e+02   6.48800e+03  -6.20784e+01   2.50000e-02   6.40667e+02
          6489   6.45623e+02   6.48900e+03  -6.20752e+01   2.50000e-02   6.40750e+02
          6490   6.45698e+02   6.49000e+03  -6.20732e+01   2.50000e-02   6.40833e+02
          6491   6.45786e+02   6.49100e+03  -6.20718e+01   2.50000e-02   6.40917e+02
          6492   6.45863e+02   6.49200e+03  -6.20720e+01   2.50000e-02   6.41000e+02
          6493   6.45950e+02   6.49300e+03  -6.20724e+01   2.50000e-02   6.41083e+02
          6494   6.46035e+02   6.49400e+03  -6.20723e+01   2.50000e-02   6.41167e+02
          6495   6.46121e+02   6.49500e+03  -6.20722e+01   2.50000e-02   6.41250e+02
          6496   6.46208e+02   6.49600e+03  -6.20699e+01   2.50000e-02   6.41333e+02
          6497   6.46296e+02   6.49700e+03  -6.20665e+01   2.50000e-02   6.41417e+02
          6498   6.46374e+02   6.49800e+03  -6.20626e+01   2.50000e-02   6.41500e+02
          6499   6.46456e+02   6.49900e+03  -6.20596e+01   2.50000e-02   6.41583e+02
          6500   6.46544e+02   6.50000e+03  -6.20627e+01   2.50000e-02   6.41667e+02
          6501   6.46627e+02   6.50100e+03  -6.20639e+01   2.50000e-02   6.41750e+02
          6502   6.46706e+02   6.50200e+03  -6.20643e+01   2.50000e-02   6.41833e+02
          6503   6.46796e+02   6.50300e+03  -6.20638e+01   2.50000e-02   6.41917e+02
          6504   6.46874e+02   6.50400e+03  -6.20597e+01   2.50000e-02   6.42000e+02
          6505   6.46959e+02   6.50500e+03  -6.20586e+01   2.50000e-02   6.42083e+02
          6506   6.47045e+02   6.50600e+03  -6.20587e+01   2.50000e-02   6.42167e+02
          6507   6.47128e+02   6.50700e+03  -6.20574e+01   2.50000e-02   6.42250e+02
          6508   6.47213e+02   6.50800e+03  -6.20613e+01   2.50000e-02   6.42333e+02
          6509   6.47291e+02   6.50900e+03  -6.20634e+01   2.50000e-02   6.42417e+02
          6510   6.47381e+02   6.51000e+03  -6.20634e+01   2.50000e-02   6.42500e+02
          6511   6.47454e+02   6.51100e+03  -6.20627e+01   2.50000e-02   6.42583e+02
          6512   6.47545e+02   6.51200e+03  -6.20633e+01   2.50000e-02   6.42667e+02
          6513   6.47631e+02   6.51300e+03  -6.20639e+01   2.50000e-02   6.42750e+02
          6514   6.47707e+02   6.51400e+03  -6.20648e+01   2.50000e-02   6.42833e+02
          6515   6.47793e+02   6.51500e+03  -6.20651e+01   2.50000e-02   6.42917e+02
          6516   6.47871e+02   6.51600e+03  -6.20659e+01   2.50000e-02   6.43000e+02
          6517   6.47963e+02   6.51700e+03  -6.20678e+01   2.50000e-02   6.43083e+02
          6518   6.48047e+02   6.51800e+03  -6.20697e+01   2.50000e-02   6.43167e+02
          6519   6.48127e+02   6.51900e+03  -6.20703e+01   2.50000e-02   6.43250e+02
          6520   6.48210e+02   6.52000e+03  -6.20697e+01   2.50000e-02   6.43333e+02
          6521   6.48293e+02   6.52100e+03  -6.20682e+01   2.50000e-02   6.43417e+02
          6522   6.48378e+02   6.52200e+03  -6.20651e+01   2.50000e-02   6.43500e+02
          6523   6.48458e+02   6.52300e+03  -6.20617e+01   2.50000e-02   6.43583e+02
          6524   6.48547e+02   6.52400e+03  -6.20591e+01   2.50000e-02   6.43667e+02
          6525   6.48621e+02   6.52500e+03  -6.20560e+01   2.50000e-02   6.43750e+02
          6526   6.48696e+02   6.52600e+03  -6.20524e+01   2.50000e-02   6.43833e+02
          6527   6.48788e+02   6.52700e+03  -6.20481e+01   2.50000e-02   6.43917e+02
          6528   6.48870e+02   6.52800e+03  -6.20372e+01   2.50000e-02   6.44000e+02
          6529   6.48955e+02   6.52900e+03  -6.20294e+01   2.49722e-02   6.44083e+02
          6530   6.49038e+02   6.53000e+03  -6.20230e+01   2.48819e-02   6.44167e+02
          6531   6.49126e+02   6.53100e+03  -6.20175e+01   2.47778e-02   6.44250e+02
          6532   6.49205e+02   6.53200e+03  -6.20087e+01   2.46360e-02   6.44333e+02
          6533   6.49290e+02   6.53300e+03  -6.20012e+01   2.45180e-02   6.44417e+02
          6534   6.49380e+02   6.53400e+03  -6.19946e+01   2.44100e-02   6.44500e+02
          6535   6.49461e+02   6.53500e+03  -6.19884e+01   2.43086e-02   6.44583e+02
          6536   6.49545e+02   6.53600e+03  -6.19805e+01   2.42155e-02   6.44667e+02
          6537   6.49631e+02   6.53700e+03  -6.19737e+01   2.41426e-02   6.44750e+02
          6538   6.49710e+02   6.53800e+03  -6.19681e+01   2.40841e-02   6.44833e+02
          6539   6.49799e+02   6.53900e+03  -6.19635e+01   2.40343e-02   6.44917e+02
          6540   6.49875e+02   6.54000e+03  -6.19612e+01   2.40423e-02   6.45000e+02
          6541   6.49961e+02   6.54100e+03  -6.19569e+01   2.40284e-02   6.45083e+02
          6542   6.50041e+02   6.54200e+03  -6.19526e+01   2.40146e-02   6.45167e+02
          6543   6.50134e+02   6.54300e+03  -6.19486e+01   2.40038e-02   6.45250e+02
          6544   6.50210e+02   6.54400e+03  -6.19476e+01   2.40072e-02   6.45333e+02
          6545   6.50301e+02   6.54500e+03  -6.19441e+01   2.40049e-02   6.45417e+02
          6546   6.50384e+02   6.54600e+03  -6.19402e+01   2.40024e-02   6.45500e+02
          6547   6.50462e+02   6.54700e+03  -6.19373e+01   2.40004e-02   6.45583e+02
          6548   6.50552e+02   6.54800e+03  -6.19351e+01   2.40012e-02   6.45667e+02
          6549   6.50636e+02   6.54900e+03  -6.19325e+01   2.40008e-02   6.45750e+02
          6550   6.50712e+02   6.55000e+03  -6.19302e+01   2.40004e-02   6.45833e+02
          6551   6.50796e+02   6.55100e+03  -6.19282e+01   2.40001e-02   6.45917e+02
          6552   6.50881e+02   6.55200e+03  -6.19249e+01   2.40002e-02   6.46000e+02
          6553   6.50964e+02   6.55300e+03  -6.19231e+01   2.40001e-02   6.46083e+02
          6554   6.51053e+02   6.55400e+03  -6.19219e+01   2.40001e-02   6.46167e+02
          6555   6.51127e+02   6.55500e+03  -6.19214e+01   2.40000e-02   6.46250e+02
          6556   6.51213e+02   6.55600e+03  -6.19215e+01   2.40000e-02   6.46333e+02
          6557   6.51288e+02   6.55700e+03  -6.19210e+01   2.40000e-02   6.46417e+02
          6558   6.51385e+02   6.55800e+03  -6.19190e+01   2.40000e-02   6.46500e+02
          6559   6.51467e+02   6.55900e+03  -6.19160e+01   2.40000e-02   6.46583e+02
          6560   6.51549e+02   6.56000e+03  -6.19163e+01   2.40000e-02   6.46667e+02
          6561   6.51632e+02   6.56100e+03  -6.19173e+01   2.40000e-02   6.46750e+02
          6562   6.51708e+02   6.56200e+03  -6.19171e+01   2.40000e-02   6.46833e+02
          6563   6.51792e+02   6.56300e+03  -6.19160e+01   2.40000e-02   6.46917e+02
          6564   6.51875e+02   6.56400e+03  -6.19146e+01   2.40000e-02   6.47000e+02
          6565   6.51965e+02   6.56500e+03  -6.19137e+01   2.40000e-02   6.47083e+02
          6566   6.52042e+02   6.56600e+03  -6.19137e+01   2.40000e-02   6.47167e+02
          6567   6.52126e+02   6.56700e+03  -6.19153e+01   2.40000e-02   6.47250e+02
          6568   6.52211e+02   6.56800e+03  -6.19138e+01   2.40000e-02   6.47333e+02
          6569   6.52290e+02   6.56900e+03  -6.19115e+01   2.40000e-02   6.47417e+02
          6570   6.52375e+02   6.57000e+03  -6.19101e+01   2.40000e-02   6.47500e+02
          6571   6.52452e+02   6.57100e+03  -6.19100e+01   2.40000e-02   6.47583e+02
          6572   6.52546e+02   6.57200e+03  -6.19094e+01   2.40000e-02   6.47667e+02
          6573   6.52624e+02   6.57300e+03  -6.19104e+01   2.40000e-02   6.47750e+02
          6574   6.52708e+02   6.57400e+03  -6.19100e+01   2.40000e-02   6.47833e+02
          6575   6.52786e+02   6.57500e+03  -6.19092e+01   2.40000e-02   6.47917e+02
          6576   6.52873e+02   6.57600e+03  -6.19098e+01   2.40000e-02   6.48000e+02
          6577   6.52951e+02   6.57700e+03  -6.19086e+01   2.40000e-02   6.48083e+02
          6578   6.53042e+02   6.57800e+03  -6.19062e+01   2.40000e-02   6.48167e+02
          6579   6.53121e+02   6.57900e+03  -6.19026e+01   2.40000e-02   6.48250e+02
          6580   6.53203e+02   6.58000e+03  -6.18975e+01   2.40000e-02   6.48333e+02
          6581   6.53286e+02   6.58100e+03  -6.18911e+01   2.40000e-02   6.48417e+02
          6582   6.53368e+02   6.58200e+03  -6.18836e+01   2.40000e-02   6.48500e+02
          6583   6.53457e+02   6.58300e+03  -6.18752e+01   2.40000e-02   6.48583e+02
          6584   6.53545e+02   6.58400e+03  -6.18615e+01   2.40000e-02   6.48667e+02
          6585   6.53628e+02   6.58500e+03  -6.18519e+01   2.40000e-02   6.48750e+02
          6586   6.53711e+02   6.58600e+03  -6.18452e+01   2.40000e-02   6.48833e+02
          6587   6.53788e+02   6.58700e+03  -6.18391e+01   2.40000e-02   6.48917e+02
          6588   6.53883e+02   6.58800e+03  -6.18301e+01   2.40000e-02   6.49000e+02
          6589   6.53970e+02   6.58900e+03  -6.18262e+01   2.40000e-02   6.49083e+02
          6590   6.54047e+02   6.59000e+03  -6.18251e+01   2.40000e-02   6.49167e+02
          6591   6.54129e+02   6.59100e+03  -6.18255e+01   2.40000e-02   6.49250e+02
          6592   6.54218e+02   6.59200e+03  -6.18311e+01   2.40000e-02   6.49333e+02
          6593   6.54296e+02   6.59300e+03  -6.18333e+01   2.40000e-02   6.49417e+02
          6594   6.54375e+02   6.59400e+03  -6.18339e+01   2.40000e-02   6.49500e+02
          6595   6.54458e+02   6.59500e+03  -6.18355e+01   2.40000e-02   6.49583e+02
          6596   6.54552e+02   6.59600e+03  -6.18491e+01   2.40000e-02   6.49667e+02
          6597   6.54629e+02   6.59700e+03  -6.18533e+01   2.40000e-02   6.49750e+02
          6598   6.54712e+02   6.59800e+03  -6.18553e+01   2.40000e-02   6.49833e+02
          6599   6.54804e+02   6.59900e+03  -6.18563e+01   2.40000e-02   6.49917e+02
          6600   6.54875e+02   6.60000e+03  -6.18607e+01   2.40000e-02   6.50000e+02
          6601   6.54951e+02   6.60100e+03  -6.18639e+01   2.40000e-02   6.50083e+02
          6602   6.55045e+02   6.60200e+03  -6.18662e+01   2.40000e-02   6.50167e+02
          6603   6.55131e+02   6.60300e+03  -6.18687e+01   2.40000e-02   6.50250e+02
          6604   6.55218e+02   6.60400e+03  -6.18628e+01   2.40000e-02   6.50333e+02
          6605   6.55307e+02   6.60500e+03  -6.18620e+01   2.40000e-02   6.50417e+02
          6606   6.55385e+02   6.60600e+03  -6.18625e+01   2.40000e-02   6.50500e+02
          6607   6.55464e+02   6.60700e+03  -6.18640e+01   2.40000e-02   6.50583e+02
          6608   6.55549e+02   6.60800e+03  -6.18633e+01   2.40000e-02   6.50667e+02
          6609   6.55625e+02   6.60900e+03  -6.18619e+01   2.40000e-02   6.50750e+02
          6610   6.55709e+02   6.61000e+03  -6.18597e+01   2.40000e-02   6.50833e+02
          6611   6.55792e+02   6.61100e+03  -6.18574e+01   2.40000e-02   6.50917e+02
          6612   6.55880e+02   6.61200e+03  -6.18559e+01   2.40000e-02   6.51000e+02
          6613   6.55969e+02   6.61300e+03  -6.18557e+01   2.40000e-02   6.51083e+02
          6614   6.56046e+02   6.61400e+03  -6.18549e+01   2.40000e-02   6.51167e+02
          6615   6.56130e+02   6.61500e+03  -6.18533e+01   2.40000e-02   6.51250e+02
          6616   6.56213e+02   6.61600e+03  -6.18479e+01   2.40000e-02   6.51333e+02
          6617   6.56298e+02   6.61700e+03  -6.18442e+01   2.40000e-02   6.51417e+02
          6618   6.56382e+02   6.61800e+03  -6.18416e+01   2.40000e-02   6.51500e+02
          6619   6.56467e+02   6.61900e+03  -6.18399e+01   2.40000e-02   6.51583e+02
          6620   6.56555e+02   6.62000e+03  -6.18382e+01   2.40000e-02   6.51667e+02
          6621   6.56630e+02   6.62100e+03  -6.18389e+01   2.40000e-02   6.51750e+02
          6622   6.56719e+02   6.62200e+03  -6.18404e+01   2.40000e-02   6.51833e+02
          6623   6.56803e+02   6.62300e+03  -6.18406e+01   2.40000e-02   6.51917e+02
          6624   6.56886e+02   6.62400e+03  -6.18364e+01   2.40000e-02   6.52000e+02
          6625   6.56970e+02   6.62500e+03  -6.18344e+01   2.40000e-02   6.52083e+02
          6626   6.57052e+02   6.62600e+03  -6.18327e+01   2.40000e-02   6.52167e+02
          6627   6.57128e+02   6.62700e+03  -6.18303e+01   2.40000e-02   6.52250e+02
          6628   6.57210e+02   6.62800e+03  -6.18344e+01   2.40000e-02   6.52333e+02
          6629   6.57297e+02   6.62900e+03  -6.18346e+01   2.40000e-02   6.52417e+02
          6630   6.57379e+02   6.63000e+03  -6.18334e+01   2.40000e-02   6.52500e+02
          6631   6.57464e+02   6.63100e+03  -6.18324e+01   2.40000e-02   6.52583e+02
          6632   6.57549e+02   6.63200e+03  -6.18245e+01   2.38889e-02   6.52667e+02
          6633   6.57637e+02   6.63300e+03  -6.18179e+01   2.37778e-02   6.52750e+02
          6634   6.57711e+02   6.63400e+03  -6.18122e+01   2.36667e-02   6.52833e+02
          6635   6.57800e+02   6.63500e+03  -6.18077e+01   2.35556e-02   6.52917e+02
          6636   6.57884e+02   6.63600e+03  -6.17999e+01   2.33549e-02   6.53000e+02
          6637   6.57971e+02   6.63700e+03  -6.17933e+01   2.32338e-02   6.53083e+02
          6638   6.58047e+02   6.63800e+03  -6.17881e+01   2.31418e-02   6.53167e+02
          6639   6.58133e+02   6.63900e+03  -6.17826e+01   2.30617e-02   6.53250e+02
          6640   6.58211e+02   6.64000e+03  -6.17759e+01   2.30716e-02   6.53333e+02
          6641   6.58299e+02   6.64100e+03  -6.17699e+01   2.30478e-02   6.53417e+02
          6642   6.58384e+02   6.64200e+03  -6.17673e+01   2.30250e-02   6.53500e+02
          6643   6.58468e+02   6.64300e+03  -6.17656e+01   2.30069e-02   6.53583e+02
          6644   6.58545e+02   6.64400e+03  -6.17593e+01   2.30123e-02   6.53667e+02
          6645   6.58630e+02   6.64500e+03  -6.17541e+01   2.30084e-02   6.53750e+02
          6646   6.58714e+02   6.64600e+03  -6.17505e+01   2.30041e-02   6.53833e+02
          6647   6.58789e+02   6.64700e+03  -6.17468e+01   2.30008e-02   6.53917e+02
          6648   6.58869e+02   6.64800e+03  -6.17461e+01   2.30020e-02   6.54000e+02
          6649   6.58958e+02   6.64900e+03  -6.17417e+01   2.30014e-02   6.54083e+02
          6650   6.59043e+02   6.65000e+03  -6.17379e+01   2.30006e-02   6.54167e+02
          6651   6.59120e+02   6.65100e+03  -6.17346e+01   2.30001e-02   6.54250e+02
          6652   6.59207e+02   6.65200e+03  -6.17327e+01   2.30003e-02   6.54333e+02
          6653   6.59289e+02   6.65300e+03  -6.17314e+01   2.30002e-02   6.54417e+02
          6654   6.59379e+02   6.65400e+03  -6.17313e+01   2.30001e-02   6.54500e+02
          6655   6.59463e+02   6.65500e+03  -6.17313e+01   2.30000e-02   6.54583e+02
          6656   6.59536e+02   6.65600e+03  -6.17295e+01   2.30000e-02   6.54667e+02
          6657   6.59624e+02   6.65700e+03  -6.17277e+01   2.30000e-02   6.54750e+02
          6658   6.59712e+02   6.65800e+03  -6.17271e+01   2.30000e-02   6.54833e+02
          6659   6.59797e+02   6.65900e+03  -6.17269e+01   2.30000e-02   6.54917e+02
          6660   6.59875e+02   6.66000e+03  -6.17298e+01   2.30000e-02   6.55000e+02
          6661   6.59962e+02   6.66100e+03  -6.17295e+01   2.30000e-02   6.55083e+02
          6662   6.60039e+02   6.66200e+03  -6.17294e+01   2.30000e-02   6.55167e+02
          6663   6.60117e+02   6.66300e+03  -6.17303e+01   2.30000e-02   6.55250e+02
          6664   6.60213e+02   6.66400e+03  -6.17299e+01   2.30000e-02   6.55333e+02
          6665   6.60291e+02   6.66500e+03  -6.17300e+01   2.30000e-02   6.55417e+02
          6666   6.60367e+02   6.66600e+03  -6.17285e+01   2.30000e-02   6.55500e+02
          6667   6.60449e+02   6.66700e+03  -6.17259e+01   2.30000e-02   6.55583e+02
          6668   6.60540e+02   6.66800e+03  -6.17245e+01   2.30000e-02   6.55667e+02
          6669   6.60625e+02   6.66900e+03  -6.17215e+01   2.30000e-02   6.55750e+02
          6670   6.60711e+02   6.67000e+03  -6.17160e+01   2.30000e-02   6.55833e+02
          6671   6.60788e+02   6.67100e+03  -6.17085e+01   2.30000e-02   6.55917e+02
          6672   6.60870e+02   6.67200e+03  -6.17036e+01   2.30000e-02   6.56000e+02
          6673   6.60950e+02   6.67300e+03  -6.16988e+01   2.30000e-02   6.56083e+02
          6674   6.61030e+02   6.67400e+03  -6.16940e+01   2.30000e-02   6.56167e+02
          6675   6.61129e+02   6.67500e+03  -6.16886e+01   2.30000e-02   6.56250e+02
          6676   6.61205e+02   6.67600e+03  -6.16761e+01   2.30000e-02   6.56333e+02
          6677   6.61280e+02   6.67700e+03  -6.16701e+01   2.30000e-02   6.56417e+02
          6678   6.61376e+02   6.67800e+03  -6.16672e+01   2.30000e-02   6.56500e+02
          6679   6.61460e+02   6.67900e+03  -6.16645e+01   2.30000e-02   6.56583e+02
          6680   6.61547e+02   6.68000e+03  -6.16593e+01   2.30000e-02   6.56667e+02
          6681   6.61627e+02   6.68100e+03  -6.16530e+01   2.30000e-02   6.56750e+02
          6682   6.61700e+02   6.68200e+03  -6.16456e+01   2.30000e-02   6.56833e+02
          6683   6.61789e+02   6.68300e+03  -6.16398e+01   2.30000e-02   6.56917e+02
          6684   6.61874e+02   6.68400e+03  -6.16414e+01   2.30000e-02   6.57000e+02
          6685   6.61965e+02   6.68500e+03  -6.16387e+01   2.30000e-02   6.57083e+02
          6686   6.62033e+02   6.68600e+03  -6.16349e+01   2.30000e-02   6.57167e+02
          6687   6.62121e+02   6.68700e+03  -6.16310e+01   2.30000e-02   6.57250e+02
          6688   6.62214e+02   6.68800e+03  -6.16283e+01   2.30000e-02   6.57333e+02
          6689   6.62299e+02   6.68900e+03  -6.16259e+01   2.30000e-02   6.57417e+02
          6690   6.62380e+02   6.69000e+03  -6.16248e+01   2.30000e-02   6.57500e+02
          6691   6.62466e+02   6.69100e+03  -6.16246e+01   2.30000e-02   6.57583e+02
          6692   6.62549e+02   6.69200e+03  -6.16292e+01   2.30000e-02   6.57667e+02
          6693   6.62628e+02   6.69300e+03  -6.16321e+01   2.30000e-02   6.57750e+02
          6694   6.62707e+02   6.69400e+03  -6.16343e+01   2.30000e-02   6.57833e+02
          6695   6.62798e+02   6.69500e+03  -6.16360e+01   2.30000e-02   6.57917e+02
          6696   6.62878e+02   6.69600e+03  -6.16400e+01   2.30000e-02   6.58000e+02
          6697   6.62959e+02   6.69700e+03  -6.16410e+01   2.30000e-02   6.58083e+02
          6698   6.63042e+02   6.69800e+03  -6.16410e+01   2.30000e-02   6.58167e+02
          6699   6.63131e+02   6.69900e+03  -6.16396e+01   2.30000e-02   6.58250e+02
          6700   6.63215e+02   6.70000e+03  -6.16393e+01   2.30000e-02   6.58333e+02
          6701   6.63291e+02   6.70100e+03  -6.16373e+01   2.30000e-02   6.58417e+02
          6702   6.63381e+02   6.70200e+03  -6.16353e+01   2.30000e-02   6.58500e+02
          6703   6.63458e+02   6.70300e+03  -6.16346e+01   2.30000e-02   6.58583e+02
          6704   6.63535e+02   6.70400e+03  -6.16288e+01   2.30000e-02   6.58667e+02
          6705   6.63624e+02   6.70500e+03  -6.16280e+01   2.30000e-02   6.58750e+02
          6706   6.63702e+02   6.70600e+03  -6.16288e+01   2.30000e-02   6.58833e+02
          6707   6.63790e+02   6.70700e+03  -6.16293e+01   2.30000e-02   6.58917e+02
          6708   6.63880e+02   6.70800e+03  -6.16252e+01   2.30000e-02   6.59000e+02
          6709   6.63953e+02   6.70900e+03  -6.16215e+01   2.30000e-02   6.59083e+02
          6710   6.64042e+02   6.71000e+03  -6.16189e+01   2.30000e-02   6.59167e+02
          6711   6.64127e+02   6.71100e+03  -6.16177e+01   2.30000e-02   6.59250e+02
          6712   6.64206e+02   6.71200e+03  -6.16263e+01   2.30000e-02   6.59333e+02
          6713   6.64296e+02   6.71300e+03  -6.16294e+01   2.30000e-02   6.59417e+02
          6714   6.64373e+02   6.71400e+03  -6.16329e+01   2.30000e-02   6.59500e+02
          6715   6.64453e+02   6.71500e+03  -6.16371e+01   2.30000e-02   6.59583e+02
          6716   6.64533e+02   6.71600e+03  -6.16380e+01   2.30000e-02   6.59667e+02
          6717   6.64619e+02   6.71700e+03  -6.16392e+01   2.30000e-02   6.59750e+02
          6718   6.64703e+02   6.71800e+03  -6.16400e+01   2.30000e-02   6.59833e+02
          6719   6.64790e+02   6.71900e+03  -6.16411e+01   2.30000e-02   6.59917e+02
          6720   6.64869e+02   6.72000e+03  -6.16472e+01   2.30000e-02   6.60000e+02
          6721   6.64953e+02   6.72100e+03  -6.16503e+01   2.30000e-02   6.60083e+02
          6722   6.65035e+02   6.72200e+03  -6.16511e+01   2.30000e-02   6.60167e+02
          6723   6.65112e+02   6.72300e+03  -6.16509e+01   2.30000e-02   6.60250e+02
          6724   6.65196e+02   6.72400e+03  -6.16476e+01   2.30000e-02   6.60333e+02
          6725   6.65284e+02   6.72500e+03  -6.16453e+01   2.30000e-02   6.60417e+02
          6726   6.65373e+02   6.72600e+03  -6.16455e+01   2.30000e-02   6.60500e+02
          6727   6.65456e+02   6.72700e+03  -6.16466e+01   2.30000e-02   6.60583e+02
          6728   6.65540e+02   6.72800e+03  -6.16405e+01   2.30000e-02   6.60667e+02
          6729   6.65626e+02   6.72900e+03  -6.16374e+01   2.30000e-02   6.60750e+02
          6730   6.65718e+02   6.73000e+03  -6.16334e+01   2.30000e-02   6.60833e+02
          6731   6.65796e+02   6.73100e+03  -6.16280e+01   2.30000e-02   6.60917e+02
          6732   6.65881e+02   6.73200e+03  -6.16210e+01   2.30000e-02   6.61000e+02
          6733   6.65971e+02   6.73300e+03  -6.16167e+01   2.30000e-02   6.61083e+02
          6734   6.66041e+02   6.73400e+03  -6.16121e+01   2.30000e-02   6.61167e+02
          6735   6.66124e+02   6.73500e+03  -6.16066e+01   2.30000e-02   6.61250e+02
          6736   6.66207e+02   6.73600e+03  -6.16023e+01   2.30000e-02   6.61333e+02
          6737   6.66290e+02   6.73700e+03  -6.15935e+01   2.30000e-02   6.61417e+02
          6738   6.66379e+02   6.73800e+03  -6.15832e+01   2.30000e-02   6.61500e+02
          6739   6.66462e+02   6.73900e+03  -6.15725e+01   2.30000e-02   6.61583e+02
          6740   6.66550e+02   6.74000e+03  -6.15576e+01   2.30000e-02   6.61667e+02
          6741   6.66633e+02   6.74100e+03  -6.15465e+01   2.30000e-02   6.61750e+02
          6742   6.66711e+02   6.74200e+03  -6.15369e+01   2.30000e-02   6.61833e+02
          6743   6.66783e+02   6.74300e+03  -6.15288e+01   2.30000e-02   6.61917e+02
          6744   6.66879e+02   6.74400e+03  -6.15170e+01   2.30000e-02   6.62000e+02
          6745   6.66966e+02   6.74500e+03  -6.15086e+01   2.30000e-02   6.62083e+02
          6746   6.67051e+02   6.74600e+03  -6.15028e+01   2.30000e-02   6.62167e+02
          6747   6.67130e+02   6.74700e+03  -6.14985e+01   2.30000e-02   6.62250e+02
          6748   6.67209e+02   6.74800e+03  -6.14976e+01   2.30000e-02   6.62333e+02
          6749   6.67300e+02   6.74900e+03  -6.14963e+01   2.30000e-02   6.62417e+02
          6750   6.67389e+02   6.75000e+03  -6.14949e+01   2.30000e-02   6.62500e+02
          6751   6.67471e+02   6.75100e+03  -6.14933e+01   2.30000e-02   6.62583e+02
          6752   6.67547e+02   6.75200e+03  -6.14986e+01   2.30000e-02   6.62667e+02
          6753   6.67641e+02   6.75300e+03  -6.14983e+01   2.30000e-02   6.62750e+02
          6754   6.67711e+02   6.75400e+03  -6.14970e+01   2.30000e-02   6.62833e+02
          6755   6.67795e+02   6.75500e+03  -6.14955e+01   2.30000e-02   6.62917e+02
          6756   6.67880e+02   6.75600e+03  -6.14972e+01   2.30000e-02   6.63000e+02
          6757   6.67967e+02   6.75700e+03  -6.14969e+01   2.30000e-02   6.63083e+02
          6758   6.68050e+02   6.75800e+03  -6.14968e+01   2.30000e-02   6.63167e+02
          6759   6.68134e+02   6.75900e+03  -6.14972e+01   2.30000e-02   6.63250e+02
          6760   6.68218e+02   6.76000e+03  -6.14885e+01   2.30000e-02   6.63333e+02
          6761   6.68299e+02   6.76100e+03  -6.14845e+01   2.30000e-02   6.63417e+02
          6762   6.68377e+02   6.76200e+03  -6.14822e+01   2.30000e-02   6.63500e+02
          6763   6.68463e+02   6.76300e+03  -6.14802e+01   2.30000e-02   6.63583e+02
          6764   6.68548e+02   6.76400e+03  -6.14783e+01   2.30000e-02   6.63667e+02
          6765   6.68629e+02   6.76500e+03  -6.14775e+01   2.30000e-02   6.63750e+02
          6766   6.68706e+02   6.76600e+03  -6.14752e+01   2.30000e-02   6.63833e+02
          6767   6.68797e+02   6.76700e+03  -6.14719e+01   2.30000e-02   6.63917e+02
          6768   6.68872e+02   6.76800e+03  -6.14678e+01   2.30000e-02   6.64000e+02
          6769   6.68964e+02   6.76900e+03  -6.14648e+01   2.30000e-02   6.64083e+02
          6770   6.69049e+02   6.77000e+03  -6.14623e+01   2.30000e-02   6.64167e+02
          6771   6.69132e+02   6.77100e+03  -6.14602e+01   2.30000e-02   6.64250e+02
          6772   6.69212e+02   6.77200e+03  -6.14586e+01   2.30000e-02   6.64333e+02
          6773   6.69295e+02   6.77300e+03  -6.14572e+01   2.30000e-02   6.64417e+02
          6774   6.69376e+02   6.77400e+03  -6.14558e+01   2.30000e-02   6.64500e+02
          6775   6.69466e+02   6.77500e+03  -6.14531e+01   2.30000e-02   6.64583e+02
          6776   6.69547e+02   6.77600e+03  -6.14497e+01   2.30000e-02   6.64667e+02
          6777   6.69633e+02   6.77700e+03  -6.14487e+01   2.30000e-02   6.64750e+02
          6778   6.69719e+02   6.77800e+03  -6.14486e+01   2.30000e-02   6.64833e+02
          6779   6.69803e+02   6.77900e+03  -6.14467e+01   2.30000e-02   6.64917e+02
          6780   6.69882e+02   6.78000e+03  -6.14502e+01   2.30000e-02   6.65000e+02
          6781   6.69961e+02   6.78100e+03  -6.14506e+01   2.30000e-02   6.65083e+02
          6782   6.70058e+02   6.78200e+03  -6.14489e+01   2.30000e-02   6.65167e+02
          6783   6.70138e+02   6.78300e+03  -6.14464e+01   2.30000e-02   6.65250e+02
          6784   6.70220e+02   6.78400e+03  -6.14423e+01   2.30000e-02   6.65333e+02
          6785   6.70303e+02   6.78500e+03  -6.14402e+01   2.30000e-02   6.65417e+02
          6786   6.70388e+02   6.78600e+03  -6.14395e+01   2.30000e-02   6.65500e+02
          6787   6.70469e+02   6.78700e+03  -6.14395e+01   2.30000e-02   6.65583e+02
          6788   6.70548e+02   6.78800e+03  -6.14371e+01   2.29722e-02   6.65667e+02
          6789   6.70626e+02   6.78900e+03  -6.14344e+01   2.28819e-02   6.65750e+02
          6790   6.70714e+02   6.79000e+03  -6.14311e+01   2.27760e-02   6.65833e+02
          6791   6.70801e+02   6.79100e+03  -6.14280e+01   2.26667e-02   6.65917e+02
          6792   6.70885e+02   6.79200e+03  -6.14264e+01   2.24977e-02   6.66000e+02
          6793   6.70967e+02   6.79300e+03  -6.14259e+01   2.23770e-02   6.66083e+02
          6794   6.71051e+02   6.79400e+03  -6.14266e+01   2.22763e-02   6.66167e+02
          6795   6.71137e+02   6.79500e+03  -6.14287e+01   2.21852e-02   6.66250e+02
          6796   6.71213e+02   6.79600e+03  -6.14341e+01   2.21438e-02   6.66333e+02
          6797   6.71294e+02   6.79700e+03  -6.14386e+01   2.20954e-02   6.66417e+02
          6798   6.71393e+02   6.79800e+03  -6.14423e+01   2.20546e-02   6.66500e+02
          6799   6.71476e+02   6.79900e+03  -6.14446e+01   2.20206e-02   6.66583e+02
          6800   6.71549e+02   6.80000e+03  -6.14519e+01   2.20273e-02   6.66667e+02
          6801   6.71633e+02   6.80100e+03  -6.14571e+01   2.20184e-02   6.66750e+02
          6802   6.71720e+02   6.80200e+03  -6.14609e+01   2.20093e-02   6.66833e+02
          6803   6.71802e+02   6.80300e+03  -6.14654e+01   2.20023e-02   6.66917e+02
          6804   6.71879e+02   6.80400e+03  -6.14737e+01   2.20046e-02   6.67000e+02
          6805   6.71960e+02   6.80500e+03  -6.14757e+01   2.20031e-02   6.67083e+02
          6806   6.72041e+02   6.80600e+03  -6.14761e+01   2.20015e-02   6.67167e+02
          6807   6.72136e+02   6.80700e+03  -6.14765e+01   2.20003e-02   6.67250e+02
          6808   6.72219e+02   6.80800e+03  -6.14714e+01   2.20007e-02   6.67333e+02
          6809   6.72294e+02   6.80900e+03  -6.14678e+01   2.20005e-02   6.67417e+02
          6810   6.72378e+02   6.81000e+03  -6.14630e+01   2.20002e-02   6.67500e+02
          6811   6.72460e+02   6.81100e+03  -6.14575e+01   2.20000e-02   6.67583e+02
          6812   6.72543e+02   6.81200e+03  -6.14495e+01   2.20001e-02   6.67667e+02
          6813   6.72630e+02   6.81300e+03  -6.14443e+01   2.20001e-02   6.67750e+02
          6814   6.72717e+02   6.81400e+03  -6.14384e+01   2.20000e-02   6.67833e+02
          6815   6.72802e+02   6.81500e+03  -6.14323e+01   2.20000e-02   6.67917e+02
          6816   6.72876e+02   6.81600e+03  -6.14222e+01   2.20000e-02   6.68000e+02
          6817   6.72959e+02   6.81700e+03  -6.14168e+01   2.20000e-02   6.68083e+02
          6818   6.73042e+02   6.81800e+03  -6.14128e+01   2.20000e-02   6.68167e+02
          6819   6.73121e+02   6.81900e+03  -6.14089e+01   2.20000e-02   6.68250e+02
          6820   6.73206e+02   6.82000e+03  -6.14071e+01   2.20000e-02   6.68333e+02
          6821   6.73293e+02   6.82100e+03  -6.14043e+01   2.20000e-02   6.68417e+02
          6822   6.73372e+02   6.82200e+03  -6.14019e+01   2.20000e-02   6.68500e+02
          6823   6.73459e+02   6.82300e+03  -6.13986e+01   2.20000e-02   6.68583e+02
          6824   6.73539e+02   6.82400e+03  -6.13981e+01   2.20000e-02   6.68667e+02
          6825   6.73627e+02   6.82500e+03  -6.13931e+01   2.20000e-02   6.68750e+02
          6826   6.73713e+02   6.82600e+03  -6.13874e+01   2.20000e-02   6.68833e+02
          6827   6.73784e+02   6.82700e+03  -6.13811e+01   2.20000e-02   6.68917e+02
          6828   6.73872e+02   6.82800e+03  -6.13762e+01   2.20000e-02   6.69000e+02
          6829   6.73959e+02   6.82900e+03  -6.13692e+01   2.20000e-02   6.69083e+02
          6830   6.74038e+02   6.83000e+03  -6.13611e+01   2.20000e-02   6.69167e+02
          6831   6.74127e+02   6.83100e+03  -6.13530e+01   2.20000e-02   6.69250e+02
          6832   6.74213e+02   6.83200e+03  -6.13415e+01   2.20000e-02   6.69333e+02
          6833   6.74298e+02   6.83300e+03  -6.13340e+01   2.20000e-02   6.69417e+02
          6834   6.74378e+02   6.83400e+03  -6.13273e+01   2.20000e-02   6.69500e+02
          6835   6.74464e+02   6.83500e+03  -6.13215e+01   2.20000e-02   6.69583e+02
          6836   6.74540e+02   6.83600e+03  -6.13168e+01   2.20000e-02   6.69667e+02
          6837   6.74627e+02   6.83700e+03  -6.13153e+01   2.20000e-02   6.69750e+02
          6838   6.74706e+02   6.83800e+03  -6.13139e+01   2.20000e-02   6.69833e+02
          6839   6.74799e+02   6.83900e+03  -6.13117e+01   2.20000e-02   6.69917e+02
          6840   6.74877e+02   6.84000e+03  -6.13157e+01   2.20000e-02   6.70000e+02
          6841   6.74962e+02   6.84100e+03  -6.13154e+01   2.20000e-02   6.70083e+02
          6842   6.75041e+02   6.84200e+03  -6.13149e+01   2.20000e-02   6.70167e+02
          6843   6.75125e+02   6.84300e+03  -6.13162e+01   2.20000e-02   6.70250e+02
          6844   6.75206e+02   6.84400e+03  -6.13219e+01   2.20000e-02   6.70333e+02
          6845   6.75288e+02   6.84500e+03  -6.13225e+01   2.20000e-02   6.70417e+02
          6846   6.75368e+02   6.84600e+03  -6.13209e+01   2.20000e-02   6.70500e+02
          6847   6.75462e+02   6.84700e+03  -6.13188e+01   2.20000e-02   6.70583e+02
          6848   6.75548e+02   6.84800e+03  -6.13150e+01   2.20000e-02   6.70667e+02
          6849   6.75628e+02   6.84900e+03  -6.13124e+01   2.20000e-02   6.70750e+02
          6850   6.75708e+02   6.85000e+03  -6.13098e+01   2.20000e-02   6.70833e+02
          6851   6.75788e+02   6.85100e+03  -6.13073e+01   2.20000e-02   6.70917e+02
          6852   6.75868e+02   6.85200e+03  -6.13051e+01   2.20000e-02   6.71000e+02
          6853   6.75958e+02   6.85300e+03  -6.13028e+01   2.20000e-02   6.71083e+02
          6854   6.76042e+02   6.85400e+03  -6.13001e+01   2.20000e-02   6.71167e+02
          6855   6.76135e+02   6.85500e+03  -6.12957e+01   2.20000e-02   6.71250e+02
          6856   6.76216e+02   6.85600e+03  -6.12887e+01   2.20000e-02   6.71333e+02
          6857   6.76304e+02   6.85700e+03  -6.12850e+01   2.20000e-02   6.71417e+02
          6858   6.76378e+02   6.85800e+03  -6.12811e+01   2.20000e-02   6.71500e+02
          6859   6.76461e+02   6.85900e+03  -6.12771e+01   2.20000e-02   6.71583e+02
          6860   6.76545e+02   6.86000e+03  -6.12775e+01   2.20000e-02   6.71667e+02
          6861   6.76627e+02   6.86100e+03  -6.12761e+01   2.20000e-02   6.71750e+02
          6862   6.76711e+02   6.86200e+03  -6.12730e+01   2.20000e-02   6.71833e+02
          6863   6.76799e+02   6.86300e+03  -6.12681e+01   2.20000e-02   6.71917e+02
          6864   6.76885e+02   6.86400e+03  -6.12636e+01   2.20000e-02   6.72000e+02
          6865   6.76966e+02   6.86500e+03  -6.12603e+01   2.20000e-02   6.72083e+02
          6866   6.77051e+02   6.86600e+03  -6.12579e+01   2.20000e-02   6.72167e+02
          6867   6.77124e+02   6.86700e+03  -6.12565e+01   2.20000e-02   6.72250e+02
          6868   6.77210e+02   6.86800e+03  -6.12566e+01   2.20000e-02   6.72333e+02
          6869   6.77297e+02   6.86900e+03  -6.12540e+01   2.20000e-02   6.72417e+02
          6870   6.77377e+02   6.87000e+03  -6.12499e+01   2.20000e-02   6.72500e+02
          6871   6.77464e+02   6.87100e+03  -6.12449e+01   2.20000e-02   6.72583e+02
          6872   6.77538e+02   6.87200e+03  -6.12390e+01   2.20000e-02   6.72667e+02
          6873   6.77618e+02   6.87300e+03  -6.12341e+01   2.20000e-02   6.72750e+02
          6874   6.77705e+02   6.87400e+03  -6.12296e+01   2.20000e-02   6.72833e+02
          6875   6.77791e+02   6.87500e+03  -6.12268e+01   2.20000e-02   6.72917e+02
          6876   6.77879e+02   6.87600e+03  -6.12279e+01   2.20000e-02   6.73000e+02
          6877   6.77962e+02   6.87700e+03  -6.12277e+01   2.20000e-02   6.73083e+02
          6878   6.78038e+02   6.87800e+03  -6.12258e+01   2.20000e-02   6.73167e+02
          6879   6.78126e+02   6.87900e+03  -6.12250e+01   2.20000e-02   6.73250e+02
          6880   6.78207e+02   6.88000e+03  -6.12206e+01   2.20000e-02   6.73333e+02
          6881   6.78304e+02   6.88100e+03  -6.12184e+01   2.20000e-02   6.73417e+02
          6882   6.78381e+02   6.88200e+03  -6.12166e+01   2.20000e-02   6.73500e+02
          6883   6.78467e+02   6.88300e+03  -6.12155e+01   2.20000e-02   6.73583e+02
          6884   6.78538e+02   6.88400e+03  -6.12220e+01   2.20000e-02   6.73667e+02
          6885   6.78625e+02   6.88500e+03  -6.12241e+01   2.20000e-02   6.73750e+02
          6886   6.78707e+02   6.88600e+03  -6.12229e+01   2.20000e-02   6.73833e+02
          6887   6.78790e+02   6.88700e+03  -6.12211e+01   2.20000e-02   6.73917e+02
          6888   6.78872e+02   6.88800e+03  -6.12143e+01   2.20000e-02   6.74000e+02
          6889   6.78961e+02   6.88900e+03  -6.12086e+01   2.20000e-02   6.74083e+02
          6890   6.79046e+02   6.89000e+03  -6.12051e+01   2.20000e-02   6.74167e+02
          6891   6.79137e+02   6.89100e+03  -6.12025e+01   2.20000e-02   6.74250e+02
          6892   6.79208e+02   6.89200e+03  -6.12007e+01   2.20000e-02   6.74333e+02
          6893   6.79298e+02   6.89300e+03  -6.11991e+01   2.20000e-02   6.74417e+02
          6894   6.79379e+02   6.89400e+03  -6.11974e+01   2.20000e-02   6.74500e+02
          6895   6.79463e+02   6.89500e+03  -6.11962e+01   2.20000e-02   6.74583e+02
          6896   6.79550e+02   6.89600e+03  -6.11901e+01   2.19722e-02   6.74667e+02
          6897   6.79633e+02   6.89700e+03  -6.11857e+01   2.18819e-02   6.74750e+02
          6898   6.79717e+02   6.89800e+03  -6.11817e+01   2.17760e-02   6.74833e+02
          6899   6.79798e+02   6.89900e+03  -6.11787e+01   2.16667e-02   6.74917e+02
          6900   6.79882e+02   6.90000e+03  -6.11811e+01   2.14977e-02   6.75000e+02
          6901   6.79965e+02   6.90100e+03  -6.11794e+01   2.13770e-02   6.75083e+02
          6902   6.80041e+02   6.90200e+03  -6.11760e+01   2.12762e-02   6.75167e+02
          6903   6.80126e+02   6.90300e+03  -6.11708e+01   2.11852e-02   6.75250e+02
          6904   6.80215e+02   6.90400e+03  -6.11646e+01   2.11438e-02   6.75333e+02
          6905   6.80301e+02   6.90500e+03  -6.11598e+01   2.10954e-02   6.75417e+02
          6906   6.80385e+02   6.90600e+03  -6.11558e+01   2.10546e-02   6.75500e+02
          6907   6.80470e+02   6.90700e+03  -6.11530e+01   2.10206e-02   6.75583e+02
          6908   6.80548e+02   6.90800e+03  -6.11445e+01   2.10273e-02   6.75667e+02
          6909   6.80629e+02   6.90900e+03  -6.11387e+01   2.10184e-02   6.75750e+02
          6910   6.80718e+02   6.91000e+03  -6.11336e+01   2.10093e-02   6.75833e+02
          6911   6.80801e+02   6.91100e+03  -6.11297e+01   2.10023e-02   6.75917e+02
          6912   6.80888e+02   6.91200e+03  -6.11269e+01   2.10046e-02   6.76000e+02
          6913   6.80973e+02   6.91300e+03  -6.11246e+01   2.10031e-02   6.76083e+02
          6914   6.81051e+02   6.91400e+03  -6.11216e+01   2.10015e-02   6.76167e+02
          6915   6.81133e+02   6.91500e+03  -6.11189e+01   2.10003e-02   6.76250e+02
          6916   6.81227e+02   6.91600e+03  -6.11221e+01   2.10007e-02   6.76333e+02
          6917   6.81302e+02   6.91700e+03  -6.11234e+01   2.10005e-02   6.76417e+02
          6918   6.81389e+02   6.91800e+03  -6.11229e+01   2.10002e-02   6.76500e+02
          6919   6.81471e+02   6.91900e+03  -6.11224e+01   2.10000e-02   6.76583e+02
          6920   6.81554e+02   6.92000e+03  -6.11258e+01   2.10001e-02   6.76667e+02
          6921   6.81636e+02   6.92100e+03  -6.11242e+01   2.10001e-02   6.76750e+02
          6922   6.81720e+02   6.92200e+03  -6.11230e+01   2.10000e-02   6.76833e+02
          6923   6.81805e+02   6.92300e+03  -6.11225e+01   2.10000e-02   6.76917e+02
          6924   6.81886e+02   6.92400e+03  -6.11230e+01   2.10000e-02   6.77000e+02
          6925   6.81969e+02   6.92500e+03  -6.11255e+01   2.10000e-02   6.77083e+02
          6926   6.82051e+02   6.92600e+03  -6.11271e+01   2.10000e-02   6.77167e+02
          6927   6.82136e+02   6.92700e+03  -6.11281e+01   2.10000e-02   6.77250e+02
          6928   6.82216e+02   6.92800e+03  -6.11231e+01   2.10000e-02   6.77333e+02
          6929   6.82301e+02   6.92900e+03  -6.11198e+01   2.10000e-02   6.77417e+02
          6930   6.82388e+02   6.93000e+03  -6.11159e+01   2.10000e-02   6.77500e+02
          6931   6.82469e+02   6.93100e+03  -6.11116e+01   2.10000e-02   6.77583e+02
          6932   6.82558e+02   6.93200e+03  -6.11073e+01   2.10000e-02   6.77667e+02
          6933   6.82636e+02   6.93300e+03  -6.11001e+01   2.10000e-02   6.77750e+02
          6934   6.82719e+02   6.93400e+03  -6.10920e+01   2.10000e-02   6.77833e+02
          6935   6.82799e+02   6.93500e+03  -6.10830e+01   2.10000e-02   6.77917e+02
          6936   6.82884e+02   6.93600e+03  -6.10643e+01   2.10000e-02   6.78000e+02
          6937   6.82971e+02   6.93700e+03  -6.10508e+01   2.10000e-02   6.78083e+02
          6938   6.83052e+02   6.93800e+03  -6.10401e+01   2.10000e-02   6.78167e+02
          6939   6.83131e+02   6.93900e+03  -6.10303e+01   2.10000e-02   6.78250e+02
          6940   6.83222e+02   6.94000e+03  -6.10122e+01   2.10000e-02   6.78333e+02
          6941   6.83308e+02   6.94100e+03  -6.09993e+01   2.10000e-02   6.78417e+02
          6942   6.83387e+02   6.94200e+03  -6.09891e+01   2.10000e-02   6.78500e+02
          6943   6.83473e+02   6.94300e+03  -6.09788e+01   2.10000e-02   6.78583e+02
          6944   6.83552e+02   6.94400e+03  -6.09701e+01   2.10000e-02   6.78667e+02
          6945   6.83647e+02   6.94500e+03  -6.09622e+01   2.10000e-02   6.78750e+02
          6946   6.83725e+02   6.94600e+03  -6.09566e+01   2.10000e-02   6.78833e+02
          6947   6.83808e+02   6.94700e+03  -6.09516e+01   2.10000e-02   6.78917e+02
          6948   6.83887e+02   6.94800e+03  -6.09534e+01   2.10000e-02   6.79000e+02
          6949   6.83972e+02   6.94900e+03  -6.09527e+01   2.10000e-02   6.79083e+02
          6950   6.84054e+02   6.95000e+03  -6.09521e+01   2.10000e-02   6.79167e+02
          6951   6.84144e+02   6.95100e+03  -6.09520e+01   2.10000e-02   6.79250e+02
          6952   6.84226e+02   6.95200e+03  -6.09560e+01   2.10000e-02   6.79333e+02
          6953   6.84301e+02   6.95300e+03  -6.09566e+01   2.10000e-02   6.79417e+02
          6954   6.84395e+02   6.95400e+03  -6.09568e+01   2.10000e-02   6.79500e+02
          6955   6.84471e+02   6.95500e+03  -6.09570e+01   2.10000e-02   6.79583e+02
          6956   6.84558e+02   6.95600e+03  -6.09625e+01   2.10000e-02   6.79667e+02
          6957   6.84634e+02   6.95700e+03  -6.09653e+01   2.10000e-02   6.79750e+02
          6958   6.84714e+02   6.95800e+03  -6.09676e+01   2.10000e-02   6.79833e+02
          6959   6.84814e+02   6.95900e+03  -6.09711e+01   2.10000e-02   6.79917e+02
          6960   6.84891e+02   6.96000e+03  -6.09737e+01   2.10000e-02   6.80000e+02
          6961   6.84972e+02   6.96100e+03  -6.09786e+01   2.10000e-02   6.80083e+02
          6962   6.85055e+02   6.96200e+03  -6.09836e+01   2.10000e-02   6.80167e+02
          6963   6.85144e+02   6.96300e+03  -6.09886e+01   2.10000e-02   6.80250e+02
          6964   6.85221e+02   6.96400e+03  -6.09935e+01   2.10000e-02   6.80333e+02
          6965   6.85305e+02   6.96500e+03  -6.09960e+01   2.10000e-02   6.80417e+02
          6966   6.85383e+02   6.96600e+03  -6.09989e+01   2.10000e-02   6.80500e+02
          6967   6.85473e+02   6.96700e+03  -6.10009e+01   2.10000e-02   6.80583e+02
          6968   6.85548e+02   6.96800e+03  -6.10041e+01   2.10000e-02   6.80667e+02
          6969   6.85633e+02   6.96900e+03  -6.10058e+01   2.10000e-02   6.80750e+02
          6970   6.85720e+02   6.97000e+03  -6.10080e+01   2.10000e-02   6.80833e+02
          6971   6.85799e+02   6.97100e+03  -6.10107e+01   2.10000e-02   6.80917e+02
          6972   6.85882e+02   6.97200e+03  -6.10063e+01   2.10000e-02   6.81000e+02
          6973   6.85966e+02   6.97300e+03  -6.10041e+01   2.10000e-02   6.81083e+02
          6974   6.86041e+02   6.97400e+03  -6.10026e+01   2.10000e-02   6.81167e+02
          6975   6.86125e+02   6.97500e+03  -6.10015e+01   2.10000e-02   6.81250e+02
          6976   6.86211e+02   6.97600e+03  -6.09958e+01   2.10000e-02   6.81333e+02
          6977   6.86300e+02   6.97700e+03  -6.09909e+01   2.10000e-02   6.81417e+02
          6978   6.86376e+02   6.97800e+03  -6.09867e+01   2.10000e-02   6.81500e+02
          6979   6.86461e+02   6.97900e+03  -6.09843e+01   2.10000e-02   6.81583e+02
          6980   6.86548e+02   6.98000e+03  -6.09805e+01   2.10000e-02   6.81667e+02
          6981   6.86625e+02   6.98100e+03  -6.09748e+01   2.10000e-02   6.81750e+02
          6982   6.86709e+02   6.98200e+03  -6.09692e+01   2.10000e-02   6.81833e+02
          6983   6.86793e+02   6.98300e+03  -6.09648e+01   2.10000e-02   6.81917e+02
          6984   6.86884e+02   6.98400e+03  -6.09571e+01   2.10000e-02   6.82000e+02
          6985   6.86962e+02   6.98500e+03  -6.09514e+01   2.10000e-02   6.82083e+02
          6986   6.87045e+02   6.98600e+03  -6.09459e+01   2.10000e-02   6.82167e+02
          6987   6.87133e+02   6.98700e+03  -6.09420e+01   2.10000e-02   6.82250e+02
          6988   6.87215e+02   6.98800e+03  -6.09410e+01   2.10000e-02   6.82333e+02
          6989   6.87298e+02   6.98900e+03  -6.09360e+01   2.10000e-02   6.82417e+02
          6990   6.87380e+02   6.99000e+03  -6.09305e+01   2.10000e-02   6.82500e+02
          6991   6.87465e+02   6.99100e+03  -6.09250e+01   2.10000e-02   6.82583e+02
          6992   6.87543e+02   6.99200e+03  -6.09196e+01   2.10000e-02   6.82667e+02
          6993   6.87626e+02   6.99300e+03  -6.09138e+01   2.10000e-02   6.82750e+02
          6994   6.87708e+02   6.99400e+03  -6.09082e+01   2.10000e-02   6.82833e+02
          6995   6.87794e+02   6.99500e+03  -6.09016e+01   2.10000e-02   6.82917e+02
          6996   6.87871e+02   6.99600e+03  -6.08967e+01   2.10000e-02   6.83000e+02
          6997   6.87958e+02   6.99700e+03  -6.08917e+01   2.10000e-02   6.83083e+02
          6998   6.88050e+02   6.99800e+03  -6.08864e+01   2.10000e-02   6.83167e+02
          6999   6.88131e+02   6.99900e+03  -6.08819e+01   2.10000e-02   6.83250e+02
          7000   6.88215e+02   7.00000e+03  -6.08757e+01   2.10000e-02   6.83333e+02
          7001   6.88292e+02   7.00100e+03  -6.08713e+01   2.10000e-02   6.83417e+02
          7002   6.88374e+02   7.00200e+03  -6.08653e+01   2.10000e-02   6.83500e+02
          7003   6.88463e+02   7.00300e+03  -6.08585e+01   2.10000e-02   6.83583e+02
          7004   6.88543e+02   7.00400e+03  -6.08550e+01   2.10000e-02   6.83667e+02
          7005   6.88632e+02   7.00500e+03  -6.08492e+01   2.10000e-02   6.83750e+02
          7006   6.88718e+02   7.00600e+03  -6.08426e+01   2.09722e-02   6.83833e+02
          7007   6.88800e+02   7.00700e+03  -6.08352e+01   2.08889e-02   6.83917e+02
          7008   6.88882e+02   7.00800e+03  -6.08287e+01   2.07940e-02   6.84000e+02
          7009   6.88965e+02   7.00900e+03  -6.08228e+01   2.07703e-02   6.84083e+02
          7010   6.89046e+02   7.01000e+03  -6.08162e+01   2.07651e-02   6.84167e+02
          7011   6.89133e+02   7.01100e+03  -6.08094e+01   2.07654e-02   6.84250e+02
          7012   6.89215e+02   7.01200e+03  -6.07971e+01   2.07883e-02   6.84333e+02
          7013   6.89304e+02   7.01300e+03  -6.07884e+01   2.08119e-02   6.84417e+02
          7014   6.89386e+02   7.01400e+03  -6.07814e+01   2.08370e-02   6.84500e+02
          7015   6.89461e+02   7.01500e+03  -6.07751e+01   2.08628e-02   6.84583e+02
          7016   6.89547e+02   7.01600e+03  -6.07693e+01   2.09133e-02   6.84667e+02
          7017   6.89624e+02   7.01700e+03  -6.07657e+01   2.09428e-02   6.84750e+02
          7018   6.89716e+02   7.01800e+03  -6.07647e+01   2.09652e-02   6.84833e+02
          7019   6.89794e+02   7.01900e+03  -6.07643e+01   2.09848e-02   6.84917e+02
          7020   6.89878e+02   7.02000e+03  -6.07656e+01   2.09824e-02   6.85000e+02
          7021   6.89966e+02   7.02100e+03  -6.07662e+01   2.09883e-02   6.85083e+02
          7022   6.90049e+02   7.02200e+03  -6.07679e+01   2.09939e-02   6.85167e+02
          7023   6.90126e+02   7.02300e+03  -6.07708e+01   2.09983e-02   6.85250e+02
          7024   6.90216e+02   7.02400e+03  -6.07803e+01   2.09970e-02   6.85333e+02
          7025   6.90299e+02   7.02500e+03  -6.07864e+01   2.09979e-02   6.85417e+02
          7026   6.90374e+02   7.02600e+03  -6.07925e+01   2.09990e-02   6.85500e+02
          7027   6.90454e+02   7.02700e+03  -6.07989e+01   2.09998e-02   6.85583e+02
          7028   6.90527e+02   7.02800e+03  -6.08088e+01   2.09995e-02   6.85667e+02
          7029   6.90616e+02   7.02900e+03  -6.08135e+01   2.09997e-02   6.85750e+02
          7030   6.90692e+02   7.03000e+03  -6.08152e+01   2.09998e-02   6.85833e+02
          7031   6.90772e+02   7.03100e+03  -6.08151e+01   2.10000e-02   6.85917e+02
          7032   6.90850e+02   7.03200e+03  -6.08133e+01   2.09999e-02   6.86000e+02
          7033   6.90927e+02   7.03300e+03  -6.08118e+01   2.09999e-02   6.86083e+02
          7034   6.91003e+02   7.03400e+03  -6.08112e+01   2.10000e-02   6.86167e+02
          7035   6.91078e+02   7.03500e+03  -6.08113e+01   2.10000e-02   6.86250e+02
          7036   6.91155e+02   7.03600e+03  -6.08025e+01   2.10000e-02   6.86333e+02
          7037   6.91242e+02   7.03700e+03  -6.07973e+01   2.10000e-02   6.86417e+02
          7038   6.91314e+02   7.03800e+03  -6.07932e+01   2.10000e-02   6.86500e+02
          7039   6.91394e+02   7.03900e+03  -6.07912e+01   2.10000e-02   6.86583e+02
          7040   6.91472e+02   7.04000e+03  -6.07785e+01   2.10000e-02   6.86667e+02
          7041   6.91552e+02   7.04100e+03  -6.07687e+01   2.10000e-02   6.86750e+02
          7042   6.91629e+02   7.04200e+03  -6.07580e+01   2.10000e-02   6.86833e+02
          7043   6.91701e+02   7.04300e+03  -6.07456e+01   2.10000e-02   6.86917e+02
          7044   6.91780e+02   7.04400e+03  -6.07336e+01   2.10000e-02   6.87000e+02
          7045   6.91871e+02   7.04500e+03  -6.07184e+01   2.10000e-02   6.87083e+02
          7046   6.91947e+02   7.04600e+03  -6.07030e+01   2.10000e-02   6.87167e+02
          7047   6.92022e+02   7.04700e+03  -6.06872e+01   2.10000e-02   6.87250e+02
          7048   6.92096e+02   7.04800e+03  -6.06664e+01   2.10000e-02   6.87333e+02
          7049   6.92184e+02   7.04900e+03  -6.06512e+01   2.10000e-02   6.87417e+02
          7050   6.92259e+02   7.05000e+03  -6.06382e+01   2.10000e-02   6.87500e+02
          7051   6.92347e+02   7.05100e+03  -6.06250e+01   2.10000e-02   6.87583e+02
          7052   6.92422e+02   7.05200e+03  -6.06028e+01   2.10000e-02   6.87667e+02
          7053   6.92507e+02   7.05300e+03  -6.05908e+01   2.10000e-02   6.87750e+02
          7054   6.92586e+02   7.05400e+03  -6.05818e+01   2.10000e-02   6.87833e+02
          7055   6.92663e+02   7.05500e+03  -6.05745e+01   2.10000e-02   6.87917e+02
          7056   6.92738e+02   7.05600e+03  -6.05782e+01   2.10000e-02   6.88000e+02
          7057   6.92824e+02   7.05700e+03  -6.05763e+01   2.10000e-02   6.88083e+02
          7058   6.92907e+02   7.05800e+03  -6.05744e+01   2.10000e-02   6.88167e+02
          7059   6.92988e+02   7.05900e+03  -6.05728e+01   2.10000e-02   6.88250e+02
          7060   6.93063e+02   7.06000e+03  -6.05833e+01   2.10000e-02   6.88333e+02
          7061   6.93145e+02   7.06100e+03  -6.05863e+01   2.10000e-02   6.88417e+02
          7062   6.93226e+02   7.06200e+03  -6.05870e+01   2.09722e-02   6.88500e+02
          7063   6.93308e+02   7.06300e+03  -6.05872e+01   2.08889e-02   6.88583e+02
          7064   6.93388e+02   7.06400e+03  -6.05909e+01   2.07662e-02   6.88667e+02
          7065   6.93470e+02   7.06500e+03  -6.05903e+01   2.06522e-02   6.88750e+02
          7066   6.93551e+02   7.06600e+03  -6.05886e+01   2.05411e-02   6.88833e+02
          7067   6.93638e+02   7.06700e+03  -6.05856e+01   2.04321e-02   6.88917e+02
          7068   6.93717e+02   7.06800e+03  -6.05801e+01   2.02860e-02   6.89000e+02
          7069   6.93795e+02   7.06900e+03  -6.05757e+01   2.01888e-02   6.89083e+02
          7070   6.93882e+02   7.07000e+03  -6.05712e+01   2.01133e-02   6.89167e+02
          7071   6.93959e+02   7.07100e+03  -6.05677e+01   2.00480e-02   6.89250e+02
          7072   6.94047e+02   7.07200e+03  -6.05571e+01   2.00571e-02   6.89333e+02
          7073   6.94124e+02   7.07300e+03  -6.05536e+01   2.00382e-02   6.89417e+02
          7074   6.94203e+02   7.07400e+03  -6.05516e+01   2.00198e-02   6.89500e+02
          7075   6.94289e+02   7.07500e+03  -6.05501e+01   2.00053e-02   6.89583e+02
          7076   6.94367e+02   7.07600e+03  -6.05480e+01   2.00098e-02   6.89667e+02
          7077   6.94458e+02   7.07700e+03  -6.05447e+01   2.00067e-02   6.89750e+02
          7078   6.94536e+02   7.07800e+03  -6.05412e+01   2.00032e-02   6.89833e+02
          7079   6.94628e+02   7.07900e+03  -6.05369e+01   2.00006e-02   6.89917e+02
          7080   6.94700e+02   7.08000e+03  -6.05352e+01   2.00016e-02   6.90000e+02
          7081   6.94787e+02   7.08100e+03  -6.05306e+01   2.00011e-02   6.90083e+02
          7082   6.94866e+02   7.08200e+03  -6.05260e+01   2.00005e-02   6.90167e+02
          7083   6.94950e+02   7.08300e+03  -6.05213e+01   2.00001e-02   6.90250e+02
          7084   6.95033e+02   7.08400e+03  -6.05101e+01   2.00002e-02   6.90333e+02
          7085   6.95121e+02   7.08500e+03  -6.05034e+01   2.00002e-02   6.90417e+02
          7086   6.95203e+02   7.08600e+03  -6.04978e+01   2.00001e-02   6.90500e+02
          7087   6.95289e+02   7.08700e+03  -6.04928e+01   2.00000e-02   6.90583e+02
          7088   6.95372e+02   7.08800e+03  -6.04815e+01   2.00000e-02   6.90667e+02
          7089   6.95452e+02   7.08900e+03  -6.04747e+01   2.00000e-02   6.90750e+02
          7090   6.95534e+02   7.09000e+03  -6.04703e+01   2.00000e-02   6.90833e+02
          7091   6.95619e+02   7.09100e+03  -6.04676e+01   2.00000e-02   6.90917e+02
          7092   6.95696e+02   7.09200e+03  -6.04664e+01   2.00000e-02   6.91000e+02
          7093   6.95779e+02   7.09300e+03  -6.04627e+01   2.00000e-02   6.91083e+02
          7094   6.95868e+02   7.09400e+03  -6.04594e+01   2.00000e-02   6.91167e+02
          7095   6.95949e+02   7.09500e+03  -6.04552e+01   2.00000e-02   6.91250e+02
          7096   6.96035e+02   7.09600e+03  -6.04552e+01   2.00000e-02   6.91333e+02
          7097   6.96120e+02   7.09700e+03  -6.04529e+01   2.00000e-02   6.91417e+02
          7098   6.96202e+02   7.09800e+03  -6.04488e+01   2.00000e-02   6.91500e+02
          7099   6.96274e+02   7.09900e+03  -6.04435e+01   2.00000e-02   6.91583e+02
          7100   6.96355e+02   7.10000e+03  -6.04401e+01   2.00000e-02   6.91667e+02
          7101   6.96443e+02   7.10100e+03  -6.04352e+01   2.00000e-02   6.91750e+02
          7102   6.96529e+02   7.10200e+03  -6.04313e+01   2.00000e-02   6.91833e+02
          7103   6.96607e+02   7.10300e+03  -6.04275e+01   2.00000e-02   6.91917e+02
          7104   6.96696e+02   7.10400e+03  -6.04176e+01   2.00000e-02   6.92000e+02
          7105   6.96772e+02   7.10500e+03  -6.04113e+01   2.00000e-02   6.92083e+02
          7106   6.96864e+02   7.10600e+03  -6.04064e+01   2.00000e-02   6.92167e+02
          7107   6.96942e+02   7.10700e+03  -6.04027e+01   2.00000e-02   6.92250e+02
          7108   6.97031e+02   7.10800e+03  -6.03972e+01   2.00000e-02   6.92333e+02
          7109   6.97112e+02   7.10900e+03  -6.03968e+01   2.00000e-02   6.92417e+02
          7110   6.97195e+02   7.11000e+03  -6.03989e+01   2.00000e-02   6.92500e+02
          7111   6.97271e+02   7.11100e+03  -6.04000e+01   2.00000e-02   6.92583e+02
          7112   6.97362e+02   7.11200e+03  -6.04073e+01   2.00000e-02   6.92667e+02
          7113   6.97450e+02   7.11300e+03  -6.04104e+01   2.00000e-02   6.92750e+02
          7114   6.97530e+02   7.11400e+03  -6.04116e+01   2.00000e-02   6.92833e+02
          7115   6.97610e+02   7.11500e+03  -6.04136e+01   2.00000e-02   6.92917e+02
          7116   6.97685e+02   7.11600e+03  -6.04227e+01   2.00000e-02   6.93000e+02
          7117   6.97777e+02   7.11700e+03  -6.04263e+01   2.00000e-02   6.93083e+02
          7118   6.97852e+02   7.11800e+03  -6.04289e+01   2.00000e-02   6.93167e+02
          7119   6.97938e+02   7.11900e+03  -6.04314e+01   2.00000e-02   6.93250e+02
          7120   6.98021e+02   7.12000e+03  -6.04352e+01   2.00000e-02   6.93333e+02
          7121   6.98104e+02   7.12100e+03  -6.04374e+01   2.00000e-02   6.93417e+02
          7122   6.98186e+02   7.12200e+03  -6.04376e+01   2.00000e-02   6.93500e+02
          7123   6.98269e+02   7.12300e+03  -6.04375e+01   2.00000e-02   6.93583e+02
          7124   6.98355e+02   7.12400e+03  -6.04327e+01   2.00000e-02   6.93667e+02
          7125   6.98444e+02   7.12500e+03  -6.04296e+01   2.00000e-02   6.93750e+02
          7126   6.98525e+02   7.12600e+03  -6.04246e+01   2.00000e-02   6.93833e+02
          7127   6.98603e+02   7.12700e+03  -6.04164e+01   2.00000e-02   6.93917e+02
          7128   6.98690e+02   7.12800e+03  -6.04062e+01   2.00000e-02   6.94000e+02
          7129   6.98768e+02   7.12900e+03  -6.03964e+01   2.00000e-02   6.94083e+02
          7130   6.98860e+02   7.13000e+03  -6.03856e+01   2.00000e-02   6.94167e+02
          7131   6.98937e+02   7.13100e+03  -6.03739e+01   2.00000e-02   6.94250e+02
          7132   6.99019e+02   7.13200e+03  -6.03514e+01   2.00000e-02   6.94333e+02
          7133   6.99099e+02   7.13300e+03  -6.03368e+01   2.00000e-02   6.94417e+02
          7134   6.99189e+02   7.13400e+03  -6.03263e+01   2.00000e-02   6.94500e+02
          7135   6.99275e+02   7.13500e+03  -6.03167e+01   2.00000e-02   6.94583e+02
          7136   6.99362e+02   7.13600e+03  -6.02975e+01   2.00000e-02   6.94667e+02
          7137   6.99449e+02   7.13700e+03  -6.02832e+01   2.00000e-02   6.94750e+02
          7138   6.99527e+02   7.13800e+03  -6.02711e+01   2.00000e-02   6.94833e+02
          7139   6.99608e+02   7.13900e+03  -6.02601e+01   2.00000e-02   6.94917e+02
          7140   6.99689e+02   7.14000e+03  -6.02569e+01   2.00000e-02   6.95000e+02
          7141   6.99770e+02   7.14100e+03  -6.02537e+01   2.00000e-02   6.95083e+02
          7142   6.99856e+02   7.14200e+03  -6.02514e+01   2.00000e-02   6.95167e+02
          7143   6.99934e+02   7.14300e+03  -6.02495e+01   2.00000e-02   6.95250e+02
          7144   7.00024e+02   7.14400e+03  -6.02532e+01   2.00000e-02   6.95333e+02
          7145   7.00113e+02   7.14500e+03  -6.02531e+01   2.00000e-02   6.95417e+02
          7146   7.00194e+02   7.14600e+03  -6.02527e+01   2.00000e-02   6.95500e+02
          7147   7.00271e+02   7.14700e+03  -6.02519e+01   2.00000e-02   6.95583e+02
          7148   7.00364e+02   7.14800e+03  -6.02578e+01   2.00000e-02   6.95667e+02
          7149   7.00444e+02   7.14900e+03  -6.02561e+01   2.00000e-02   6.95750e+02
          7150   7.00526e+02   7.15000e+03  -6.02519e+01   2.00000e-02   6.95833e+02
          7151   7.00610e+02   7.15100e+03  -6.02482e+01   2.00000e-02   6.95917e+02
          7152   7.00693e+02   7.15200e+03  -6.02448e+01   2.00000e-02   6.96000e+02
          7153   7.00770e+02   7.15300e+03  -6.02434e+01   2.00000e-02   6.96083e+02
          7154   7.00861e+02   7.15400e+03  -6.02434e+01   2.00000e-02   6.96167e+02
          7155   7.00944e+02   7.15500e+03  -6.02451e+01   2.00000e-02   6.96250e+02
          7156   7.01030e+02   7.15600e+03  -6.02414e+01   2.00000e-02   6.96333e+02
          7157   7.01113e+02   7.15700e+03  -6.02421e+01   2.00000e-02   6.96417e+02
          7158   7.01198e+02   7.15800e+03  -6.02441e+01   2.00000e-02   6.96500e+02
          7159   7.01285e+02   7.15900e+03  -6.02470e+01   2.00000e-02   6.96583e+02
          7160   7.01362e+02   7.16000e+03  -6.02572e+01   2.00000e-02   6.96667e+02
          7161   7.01440e+02   7.16100e+03  -6.02649e+01   2.00000e-02   6.96750e+02
          7162   7.01532e+02   7.16200e+03  -6.02719e+01   2.00000e-02   6.96833e+02
          7163   7.01616e+02   7.16300e+03  -6.02794e+01   2.00000e-02   6.96917e+02
          7164   7.01694e+02   7.16400e+03  -6.02929e+01   2.00000e-02   6.97000e+02
          7165   7.01778e+02   7.16500e+03  -6.03001e+01   2.00000e-02   6.97083e+02
          7166   7.01859e+02   7.16600e+03  -6.03047e+01   2.00000e-02   6.97167e+02
          7167   7.01943e+02   7.16700e+03  -6.03076e+01   2.00000e-02   6.97250e+02
          7168   7.02022e+02   7.16800e+03  -6.03082e+01   2.00000e-02   6.97333e+02
          7169   7.02113e+02   7.16900e+03  -6.03084e+01   2.00000e-02   6.97417e+02
          7170   7.02198e+02   7.17000e+03  -6.03070e+01   2.00000e-02   6.97500e+02
          7171   7.02277e+02   7.17100e+03  -6.03049e+01   2.00000e-02   6.97583e+02
          7172   7.02354e+02   7.17200e+03  -6.02962e+01   1.99722e-02   6.97667e+02
          7173   7.02441e+02   7.17300e+03  -6.02926e+01   1.98819e-02   6.97750e+02
          7174   7.02534e+02   7.17400e+03  -6.02894e+01   1.97760e-02   6.97833e+02
          7175   7.02609e+02   7.17500e+03  -6.02866e+01   1.96667e-02   6.97917e+02
          7176   7.02695e+02   7.17600e+03  -6.02713e+01   1.94977e-02   6.98000e+02
          7177   7.02776e+02   7.17700e+03  -6.02628e+01   1.93770e-02   6.98083e+02
          7178   7.02861e+02   7.17800e+03  -6.02555e+01   1.93040e-02   6.98167e+02
          7179   7.02947e+02   7.17900e+03  -6.02493e+01   1.92963e-02   6.98250e+02
          7180   7.03033e+02   7.18000e+03  -6.02439e+01   1.93776e-02   6.98333e+02
          7181   7.03114e+02   7.18100e+03  -6.02371e+01   1.94432e-02   6.98417e+02
          7182   7.03194e+02   7.18200e+03  -6.02298e+01   1.95135e-02   6.98500e+02
          7183   7.03281e+02   7.18300e+03  -6.02229e+01   1.95885e-02   6.98583e+02
          7184   7.03360e+02   7.18400e+03  -6.02143e+01   1.97413e-02   6.98667e+02
          7185   7.03449e+02   7.18500e+03  -6.02068e+01   1.98295e-02   6.98750e+02
          7186   7.03531e+02   7.18600e+03  -6.01987e+01   1.98961e-02   6.98833e+02
          7187   7.03618e+02   7.18700e+03  -6.01894e+01   1.99543e-02   6.98917e+02
          7188   7.03700e+02   7.18800e+03  -6.01779e+01   1.99475e-02   6.99000e+02
          7189   7.03772e+02   7.18900e+03  -6.01664e+01   1.99649e-02   6.99083e+02
          7190   7.03852e+02   7.19000e+03  -6.01548e+01   1.99816e-02   6.99167e+02
          7191   7.03943e+02   7.19100e+03  -6.01420e+01   1.99949e-02   6.99250e+02
          7192   7.04026e+02   7.19200e+03  -6.01293e+01   1.99909e-02   6.99333e+02
          7193   7.04114e+02   7.19300e+03  -6.01182e+01   1.99938e-02   6.99417e+02
          7194   7.04199e+02   7.19400e+03  -6.01089e+01   1.99970e-02   6.99500e+02
          7195   7.04280e+02   7.19500e+03  -6.01007e+01   1.99994e-02   6.99583e+02
          7196   7.04355e+02   7.19600e+03  -6.00878e+01   1.99985e-02   6.99667e+02
          7197   7.04438e+02   7.19700e+03  -6.00805e+01   1.99990e-02   6.99750e+02
          7198   7.04526e+02   7.19800e+03  -6.00750e+01   1.99995e-02   6.99833e+02
          7199   7.04613e+02   7.19900e+03  -6.00695e+01   1.99999e-02   6.99917e+02
          7200   7.04693e+02   7.20000e+03  -6.00745e+01   1.99998e-02   7.00000e+02
          7201   7.04772e+02   7.20100e+03  -6.00773e+01   1.99998e-02   7.00083e+02
          7202   7.04855e+02   7.20200e+03  -6.00793e+01   1.99999e-02   7.00167e+02
          7203   7.04931e+02   7.20300e+03  -6.00808e+01   2.00000e-02   7.00250e+02
          7204   7.05022e+02   7.20400e+03  -6.00884e+01   2.00000e-02   7.00333e+02
          7205   7.05107e+02   7.20500e+03  -6.00876e+01   2.00000e-02   7.00417e+02
          7206   7.05180e+02   7.20600e+03  -6.00862e+01   2.00000e-02   7.00500e+02
          7207   7.05267e+02   7.20700e+03  -6.00855e+01   2.00000e-02   7.00583e+02
          7208   7.05360e+02   7.20800e+03  -6.00866e+01   2.00000e-02   7.00667e+02
          7209   7.05433e+02   7.20900e+03  -6.00857e+01   2.00000e-02   7.00750e+02
          7210   7.05509e+02   7.21000e+03  -6.00845e+01   2.00000e-02   7.00833e+02
          7211   7.05597e+02   7.21100e+03  -6.00820e+01   2.00000e-02   7.00917e+02
          7212   7.05677e+02   7.21200e+03  -6.00709e+01   2.00000e-02   7.01000e+02
          7213   7.05765e+02   7.21300e+03  -6.00645e+01   2.00000e-02   7.01083e+02
          7214   7.05849e+02   7.21400e+03  -6.00585e+01   2.00000e-02   7.01167e+02
          7215   7.05937e+02   7.21500e+03  -6.00532e+01   2.00000e-02   7.01250e+02
          7216   7.06014e+02   7.21600e+03  -6.00450e+01   2.00000e-02   7.01333e+02
          7217   7.06105e+02   7.21700e+03  -6.00386e+01   2.00000e-02   7.01417e+02
          7218   7.06182e+02   7.21800e+03  -6.00317e+01   2.00000e-02   7.01500e+02
          7219   7.06272e+02   7.21900e+03  -6.00232e+01   2.00000e-02   7.01583e+02
          7220   7.06356e+02   7.22000e+03  -6.00152e+01   2.00000e-02   7.01667e+02
          7221   7.06439e+02   7.22100e+03  -6.00086e+01   2.00000e-02   7.01750e+02
          7222   7.06526e+02   7.22200e+03  -6.00037e+01   2.00000e-02   7.01833e+02
          7223   7.06608e+02   7.22300e+03  -6.00001e+01   2.00000e-02   7.01917e+02
          7224   7.06691e+02   7.22400e+03  -5.99968e+01   2.00000e-02   7.02000e+02
          7225   7.06774e+02   7.22500e+03  -5.99927e+01   2.00000e-02   7.02083e+02
          7226   7.06850e+02   7.22600e+03  -5.99906e+01   2.00000e-02   7.02167e+02
          7227   7.06941e+02   7.22700e+03  -5.99894e+01   2.00000e-02   7.02250e+02
          7228   7.07029e+02   7.22800e+03  -5.99912e+01   2.00000e-02   7.02333e+02
          7229   7.07103e+02   7.22900e+03  -5.99908e+01   2.00000e-02   7.02417e+02
          7230   7.07188e+02   7.23000e+03  -5.99890e+01   1.99722e-02   7.02500e+02
          7231   7.07272e+02   7.23100e+03  -5.99871e+01   1.98889e-02   7.02583e+02
          7232   7.07342e+02   7.23200e+03  -5.99949e+01   1.97662e-02   7.02667e+02
          7233   7.07439e+02   7.23300e+03  -5.99976e+01   1.96522e-02   7.02750e+02
          7234   7.07520e+02   7.23400e+03  -5.99986e+01   1.95411e-02   7.02833e+02
          7235   7.07602e+02   7.23500e+03  -5.99982e+01   1.94321e-02   7.02917e+02
          7236   7.07685e+02   7.23600e+03  -5.99976e+01   1.92860e-02   7.03000e+02
          7237   7.07773e+02   7.23700e+03  -5.99953e+01   1.91888e-02   7.03083e+02
          7238   7.07860e+02   7.23800e+03  -5.99923e+01   1.91133e-02   7.03167e+02
          7239   7.07942e+02   7.23900e+03  -5.99879e+01   1.90480e-02   7.03250e+02
          7240   7.08018e+02   7.24000e+03  -5.99832e+01   1.90571e-02   7.03333e+02
          7241   7.08099e+02   7.24100e+03  -5.99813e+01   1.90382e-02   7.03417e+02
          7242   7.08187e+02   7.24200e+03  -5.99779e+01   1.90198e-02   7.03500e+02
          7243   7.08269e+02   7.24300e+03  -5.99736e+01   1.90053e-02   7.03583e+02
          7244   7.08353e+02   7.24400e+03  -5.99641e+01   1.90098e-02   7.03667e+02
          7245   7.08433e+02   7.24500e+03  -5.99582e+01   1.90067e-02   7.03750e+02
          7246   7.08518e+02   7.24600e+03  -5.99520e+01   1.90032e-02   7.03833e+02
          7247   7.08599e+02   7.24700e+03  -5.99481e+01   1.90006e-02   7.03917e+02
          7248   7.08684e+02   7.24800e+03  -5.99435e+01   1.90016e-02   7.04000e+02
          7249   7.08764e+02   7.24900e+03  -5.99371e+01   1.90011e-02   7.04083e+02
          7250   7.08850e+02   7.25000e+03  -5.99281e+01   1.90005e-02   7.04167e+02
          7251   7.08938e+02   7.25100e+03  -5.99190e+01   1.90001e-02   7.04250e+02
          7252   7.09017e+02   7.25200e+03  -5.99074e+01   1.90002e-02   7.04333e+02
          7253   7.09094e+02   7.25300e+03  -5.98982e+01   1.90002e-02   7.04417e+02
          7254   7.09183e+02   7.25400e+03  -5.98918e+01   1.90001e-02   7.04500e+02
          7255   7.09262e+02   7.25500e+03  -5.98852e+01   1.90000e-02   7.04583e+02
          7256   7.09343e+02   7.25600e+03  -5.98763e+01   1.90000e-02   7.04667e+02
          7257   7.09430e+02   7.25700e+03  -5.98675e+01   1.90000e-02   7.04750e+02
          7258   7.09512e+02   7.25800e+03  -5.98588e+01   1.90000e-02   7.04833e+02
          7259   7.09604e+02   7.25900e+03  -5.98504e+01   1.90000e-02   7.04917e+02
          7260   7.09690e+02   7.26000e+03  -5.98410e+01   1.90000e-02   7.05000e+02
          7261   7.09773e+02   7.26100e+03  -5.98361e+01   1.90000e-02   7.05083e+02
          7262   7.09849e+02   7.26200e+03  -5.98322e+01   1.90000e-02   7.05167e+02
          7263   7.09938e+02   7.26300e+03  -5.98283e+01   1.90000e-02   7.05250e+02
          7264   7.10019e+02   7.26400e+03  -5.98280e+01   1.90000e-02   7.05333e+02
          7265   7.10097e+02   7.26500e+03  -5.98246e+01   1.90000e-02   7.05417e+02
          7266   7.10181e+02   7.26600e+03  -5.98198e+01   1.90000e-02   7.05500e+02
          7267   7.10270e+02   7.26700e+03  -5.98150e+01   1.90000e-02   7.05583e+02
          7268   7.10355e+02   7.26800e+03  -5.98117e+01   1.90000e-02   7.05667e+02
          7269   7.10430e+02   7.26900e+03  -5.98068e+01   1.90000e-02   7.05750e+02
          7270   7.10508e+02   7.27000e+03  -5.98024e+01   1.90000e-02   7.05833e+02
          7271   7.10601e+02   7.27100e+03  -5.97979e+01   1.90000e-02   7.05917e+02
          7272   7.10679e+02   7.27200e+03  -5.97900e+01   1.90000e-02   7.06000e+02
          7273   7.10763e+02   7.27300e+03  -5.97853e+01   1.90000e-02   7.06083e+02
          7274   7.10854e+02   7.27400e+03  -5.97802e+01   1.90000e-02   7.06167e+02
          7275   7.10939e+02   7.27500e+03  -5.97738e+01   1.90000e-02   7.06250e+02
          7276   7.11019e+02   7.27600e+03  -5.97621e+01   1.90000e-02   7.06333e+02
          7277   7.11101e+02   7.27700e+03  -5.97526e+01   1.90000e-02   7.06417e+02
          7278   7.11183e+02   7.27800e+03  -5.97434e+01   1.90000e-02   7.06500e+02
          7279   7.11265e+02   7.27900e+03  -5.97347e+01   1.90000e-02   7.06583e+02
          7280   7.11351e+02   7.28000e+03  -5.97260e+01   1.90000e-02   7.06667e+02
          7281   7.11432e+02   7.28100e+03  -5.97180e+01   1.90000e-02   7.06750e+02
          7282   7.11509e+02   7.28200e+03  -5.97093e+01   1.90000e-02   7.06833e+02
          7283   7.11598e+02   7.28300e+03  -5.96995e+01   1.90000e-02   7.06917e+02
          7284   7.11684e+02   7.28400e+03  -5.96881e+01   1.90000e-02   7.07000e+02
          7285   7.11766e+02   7.28500e+03  -5.96800e+01   1.90000e-02   7.07083e+02
          7286   7.11853e+02   7.28600e+03  -5.96734e+01   1.90000e-02   7.07167e+02
          7287   7.11940e+02   7.28700e+03  -5.96672e+01   1.90000e-02   7.07250e+02
          7288   7.12020e+02   7.28800e+03  -5.96660e+01   1.89722e-02   7.07333e+02
          7289   7.12106e+02   7.28900e+03  -5.96635e+01   1.88819e-02   7.07417e+02
          7290   7.12186e+02   7.29000e+03  -5.96607e+01   1.87760e-02   7.07500e+02
          7291   7.12273e+02   7.29100e+03  -5.96581e+01   1.86667e-02   7.07583e+02
          7292   7.12358e+02   7.29200e+03  -5.96578e+01   1.84977e-02   7.07667e+02
          7293   7.12435e+02   7.29300e+03  -5.96544e+01   1.83770e-02   7.07750e+02
          7294   7.12524e+02   7.29400e+03  -5.96511e+01   1.82762e-02   7.07833e+02
          7295   7.12607e+02   7.29500e+03  -5.96465e+01   1.81852e-02   7.07917e+02
          7296   7.12689e+02   7.29600e+03  -5.96445e+01   1.81438e-02   7.08000e+02
          7297   7.12770e+02   7.29700e+03  -5.96392e+01   1.80954e-02   7.08083e+02
          7298   7.12854e+02   7.29800e+03  -5.96338e+01   1.80546e-02   7.08167e+02
          7299   7.12933e+02   7.29900e+03  -5.96287e+01   1.80206e-02   7.08250e+02
          7300   7.13020e+02   7.30000e+03  -5.96184e+01   1.80273e-02   7.08333e+02
          7301   7.13099e+02   7.30100e+03  -5.96094e+01   1.80184e-02   7.08417e+02
          7302   7.13178e+02   7.30200e+03  -5.96016e+01   1.80093e-02   7.08500e+02
          7303   7.13263e+02   7.30300e+03  -5.95951e+01   1.80023e-02   7.08583e+02
          7304   7.13351e+02   7.30400e+03  -5.95867e+01   1.80046e-02   7.08667e+02
          7305   7.13432e+02   7.30500e+03  -5.95802e+01   1.80031e-02   7.08750e+02
          7306   7.13513e+02   7.30600e+03  -5.95747e+01   1.80015e-02   7.08833e+02
          7307   7.13602e+02   7.30700e+03  -5.95699e+01   1.80003e-02   7.08917e+02
          7308   7.13682e+02   7.30800e+03  -5.95654e+01   1.80007e-02   7.09000e+02
          7309   7.13762e+02   7.30900e+03  -5.95586e+01   1.80005e-02   7.09083e+02
          7310   7.13854e+02   7.31000e+03  -5.95514e+01   1.80002e-02   7.09167e+02
          7311   7.13936e+02   7.31100e+03  -5.95431e+01   1.80000e-02   7.09250e+02
          7312   7.14018e+02   7.31200e+03  -5.95387e+01   1.80001e-02   7.09333e+02
          7313   7.14101e+02   7.31300e+03  -5.95311e+01   1.80001e-02   7.09417e+02
          7314   7.14178e+02   7.31400e+03  -5.95245e+01   1.80000e-02   7.09500e+02
          7315   7.14260e+02   7.31500e+03  -5.95191e+01   1.80000e-02   7.09583e+02
          7316   7.14349e+02   7.31600e+03  -5.95097e+01   1.80000e-02   7.09667e+02
          7317   7.14429e+02   7.31700e+03  -5.95053e+01   1.80000e-02   7.09750e+02
          7318   7.14515e+02   7.31800e+03  -5.95017e+01   1.80000e-02   7.09833e+02
          7319   7.14610e+02   7.31900e+03  -5.94977e+01   1.80000e-02   7.09917e+02
          7320   7.14685e+02   7.32000e+03  -5.94932e+01   1.80000e-02   7.10000e+02
          7321   7.14772e+02   7.32100e+03  -5.94895e+01   1.80000e-02   7.10083e+02
          7322   7.14856e+02   7.32200e+03  -5.94879e+01   1.80000e-02   7.10167e+02
          7323   7.14934e+02   7.32300e+03  -5.94876e+01   1.80000e-02   7.10250e+02
          7324   7.15017e+02   7.32400e+03  -5.94931e+01   1.80000e-02   7.10333e+02
          7325   7.15096e+02   7.32500e+03  -5.94907e+01   1.80000e-02   7.10417e+02
          7326   7.15179e+02   7.32600e+03  -5.94841e+01   1.80000e-02   7.10500e+02
          7327   7.15256e+02   7.32700e+03  -5.94767e+01   1.80000e-02   7.10583e+02
          7328   7.15339e+02   7.32800e+03  -5.94667e+01   1.80000e-02   7.10667e+02
          7329   7.15420e+02   7.32900e+03  -5.94532e+01   1.80000e-02   7.10750e+02
          7330   7.15510e+02   7.33000e+03  -5.94360e+01   1.80000e-02   7.10833e+02
          7331   7.15584e+02   7.33100e+03  -5.94259e+01   1.80000e-02   7.10917e+02
          7332   7.15670e+02   7.33200e+03  -5.94155e+01   1.80000e-02   7.11000e+02
          7333   7.15756e+02   7.33300e+03  -5.94175e+01   1.80000e-02   7.11083e+02
          7334   7.15843e+02   7.33400e+03  -5.94124e+01   1.80000e-02   7.11167e+02
          7335   7.15929e+02   7.33500e+03  -5.94071e+01   1.80000e-02   7.11250e+02
          7336   7.16006e+02   7.33600e+03  -5.93550e+01   1.80000e-02   7.11333e+02
          7337   7.16094e+02   7.33700e+03  -5.92789e+01   1.80000e-02   7.11417e+02
          7338   7.16181e+02   7.33800e+03  -5.92083e+01   1.80000e-02   7.11500e+02
          7339   7.16269e+02   7.33900e+03  -5.91209e+01   1.80000e-02   7.11583e+02
          7340   7.16355e+02   7.34000e+03  -5.91402e+01   1.80000e-02   7.11667e+02
          7341   7.16434e+02   7.34100e+03  -5.91497e+01   1.80000e-02   7.11750e+02
          7342   7.16521e+02   7.34200e+03  -5.91714e+01   1.80000e-02   7.11833e+02
          7343   7.16603e+02   7.34300e+03  -5.92045e+01   1.80000e-02   7.11917e+02
          7344   7.16679e+02   7.34400e+03  -5.92393e+01   1.80000e-02   7.12000e+02
          7345   7.16776e+02   7.34500e+03  -5.92524e+01   1.80000e-02   7.12083e+02
          7346   7.16854e+02   7.34600e+03  -5.92785e+01   1.80000e-02   7.12167e+02
          7347   7.16932e+02   7.34700e+03  -5.93025e+01   1.80000e-02   7.12250e+02
          7348   7.17013e+02   7.34800e+03  -5.93218e+01   1.79722e-02   7.12333e+02
          7349   7.17089e+02   7.34900e+03  -5.93232e+01   1.78819e-02   7.12417e+02
          7350   7.17177e+02   7.35000e+03  -5.93343e+01   1.77760e-02   7.12500e+02
          7351   7.17259e+02   7.35100e+03  -5.93511e+01   1.76667e-02   7.12583e+02
          7352   7.17312e+02   7.35200e+03  -5.95055e+01   1.74977e-02   7.12667e+02
          7353   7.17376e+02   7.35300e+03  -5.96236e+01   1.73770e-02   7.12750e+02
          7354   7.17428e+02   7.35400e+03  -5.96884e+01   1.72763e-02   7.12833e+02
          7355   7.17490e+02   7.35500e+03  -5.96923e+01   1.71852e-02   7.12917e+02
          7356   7.17560e+02   7.35600e+03  -5.96401e+01   1.71438e-02   7.13000e+02
          7357   7.17611e+02   7.35700e+03  -5.96156e+01   1.70954e-02   7.13083e+02
          7358   7.17671e+02   7.35800e+03  -5.96055e+01   1.70546e-02   7.13167e+02
          7359   7.17730e+02   7.35900e+03  -5.95945e+01   1.70206e-02   7.13250e+02
          7360   7.17786e+02   7.36000e+03  -5.95921e+01   1.70273e-02   7.13333e+02
          7361   7.17833e+02   7.36100e+03  -5.95808e+01   1.70184e-02   7.13417e+02
          7362   7.17892e+02   7.36200e+03  -5.95710e+01   1.70094e-02   7.13500e+02
          7363   7.17944e+02   7.36300e+03  -5.95587e+01   1.70023e-02   7.13583e+02
          7364   7.17995e+02   7.36400e+03  -5.95333e+01   1.70046e-02   7.13667e+02
          7365   7.18046e+02   7.36500e+03  -5.95146e+01   1.70031e-02   7.13750e+02
          7366   7.18101e+02   7.36600e+03  -5.94971e+01   1.70015e-02   7.13833e+02
          7367   7.18157e+02   7.36700e+03  -5.94791e+01   1.70003e-02   7.13917e+02
          7368   7.18217e+02   7.36800e+03  -5.94548e+01   1.70007e-02   7.14000e+02
          7369   7.18272e+02   7.36900e+03  -5.94334e+01   1.70005e-02   7.14083e+02
          7370   7.18333e+02   7.37000e+03  -5.94090e+01   1.70002e-02   7.14167e+02
          7371   7.18391e+02   7.37100e+03  -5.93796e+01   1.70000e-02   7.14250e+02
          7372   7.18450e+02   7.37200e+03  -5.93466e+01   1.70001e-02   7.14333e+02
          7373   7.18500e+02   7.37300e+03  -5.93306e+01   1.70001e-02   7.14417e+02
          7374   7.18569e+02   7.37400e+03  -5.93085e+01   1.70000e-02   7.14500e+02
          7375   7.18637e+02   7.37500e+03  -5.92848e+01   1.70000e-02   7.14583e+02
          7376   7.18691e+02   7.37600e+03  -5.92475e+01   1.70000e-02   7.14667e+02
          7377   7.18750e+02   7.37700e+03  -5.92167e+01   1.70000e-02   7.14750e+02
          7378   7.18822e+02   7.37800e+03  -5.91654e+01   1.70000e-02   7.14833e+02
          7379   7.18887e+02   7.37900e+03  -5.90746e+01   1.70000e-02   7.14917e+02
          7380   7.18965e+02   7.38000e+03  -5.89799e+01   1.70000e-02   7.15000e+02
          7381   7.19037e+02   7.38100e+03  -5.88840e+01   1.70000e-02   7.15083e+02
          7382   7.19099e+02   7.38200e+03  -5.88656e+01   1.70000e-02   7.15167e+02
          7383   7.19162e+02   7.38300e+03  -5.88922e+01   1.70000e-02   7.15250e+02
          7384   7.19232e+02   7.38400e+03  -5.89190e+01   1.70000e-02   7.15333e+02
          7385   7.19295e+02   7.38500e+03  -5.89300e+01   1.70000e-02   7.15417e+02
          7386   7.19361e+02   7.38600e+03  -5.89258e+01   1.70000e-02   7.15500e+02
          7387   7.19437e+02   7.38700e+03  -5.89084e+01   1.70000e-02   7.15583e+02
          7388   7.19503e+02   7.38800e+03  -5.88923e+01   1.70000e-02   7.15667e+02
          7389   7.19579e+02   7.38900e+03  -5.88784e+01   1.70000e-02   7.15750e+02
          7390   7.19654e+02   7.39000e+03  -5.88672e+01   1.70000e-02   7.15833e+02
          7391   7.19727e+02   7.39100e+03  -5.88565e+01   1.70000e-02   7.15917e+02
          7392   7.19798e+02   7.39200e+03  -5.88368e+01   1.69722e-02   7.16000e+02
          7393   7.19867e+02   7.39300e+03  -5.88207e+01   1.68820e-02   7.16083e+02
          7394   7.19946e+02   7.39400e+03  -5.88047e+01   1.67760e-02   7.16167e+02
          7395   7.20026e+02   7.39500e+03  -5.87882e+01   1.66667e-02   7.16250e+02
          7396   7.20104e+02   7.39600e+03  -5.87700e+01   1.64977e-02   7.16333e+02
          7397   7.20171e+02   7.39700e+03  -5.87564e+01   1.63770e-02   7.16417e+02
          7398   7.20251e+02   7.39800e+03  -5.87451e+01   1.62763e-02   7.16500e+02
          7399   7.20326e+02   7.39900e+03  -5.87352e+01   1.61852e-02   7.16583e+02
          7400   7.20406e+02   7.40000e+03  -5.87232e+01   1.61438e-02   7.16667e+02
          7401   7.20482e+02   7.40100e+03  -5.87133e+01   1.60954e-02   7.16750e+02
          7402   7.20554e+02   7.40200e+03  -5.87041e+01   1.60546e-02   7.16833e+02
          7403   7.20636e+02   7.40300e+03  -5.86963e+01   1.60206e-02   7.16917e+02
          7404   7.20720e+02   7.40400e+03  -5.86988e+01   1.60273e-02   7.17000e+02
          7405   7.20788e+02   7.40500e+03  -5.86958e+01   1.60184e-02   7.17083e+02
          7406   7.20868e+02   7.40600e+03  -5.86922e+01   1.60094e-02   7.17167e+02
          7407   7.20946e+02   7.40700e+03  -5.86874e+01   1.60023e-02   7.17250e+02
          7408   7.21023e+02   7.40800e+03  -5.86918e+01   1.60046e-02   7.17333e+02
          7409   7.21106e+02   7.40900e+03  -5.86926e+01   1.60031e-02   7.17417e+02
          7410   7.21183e+02   7.41000e+03  -5.86915e+01   1.60015e-02   7.17500e+02
          7411   7.21263e+02   7.41100e+03  -5.86898e+01   1.60003e-02   7.17583e+02
          7412   7.21343e+02   7.41200e+03  -5.86910e+01   1.60007e-02   7.17667e+02
          7413   7.21421e+02   7.41300e+03  -5.86920e+01   1.60005e-02   7.17750e+02
          7414   7.21499e+02   7.41400e+03  -5.86937e+01   1.60002e-02   7.17833e+02
          7415   7.21588e+02   7.41500e+03  -5.86954e+01   1.60000e-02   7.17917e+02
          7416   7.21668e+02   7.41600e+03  -5.86989e+01   1.60001e-02   7.18000e+02
          7417   7.21739e+02   7.41700e+03  -5.87013e+01   1.60001e-02   7.18083e+02
          7418   7.21823e+02   7.41800e+03  -5.87036e+01   1.60000e-02   7.18167e+02
          7419   7.21910e+02   7.41900e+03  -5.87050e+01   1.60000e-02   7.18250e+02
          7420   7.21984e+02   7.42000e+03  -5.87076e+01   1.60000e-02   7.18333e+02
          7421   7.22070e+02   7.42100e+03  -5.87095e+01   1.60000e-02   7.18417e+02
          7422   7.22146e+02   7.42200e+03  -5.87120e+01   1.60000e-02   7.18500e+02
          7423   7.22229e+02   7.42300e+03  -5.87155e+01   1.60000e-02   7.18583e+02
          7424   7.22311e+02   7.42400e+03  -5.87179e+01   1.60000e-02   7.18667e+02
          7425   7.22394e+02   7.42500e+03  -5.87203e+01   1.60000e-02   7.18750e+02
          7426   7.22464e+02   7.42600e+03  -5.87222e+01   1.60000e-02   7.18833e+02
          7427   7.22554e+02   7.42700e+03  -5.87228e+01   1.60000e-02   7.18917e+02
          7428   7.22635e+02   7.42800e+03  -5.87214e+01   1.60000e-02   7.19000e+02
          7429   7.22714e+02   7.42900e+03  -5.87204e+01   1.60000e-02   7.19083e+02
          7430   7.22799e+02   7.43000e+03  -5.87193e+01   1.60000e-02   7.19167e+02
          7431   7.22879e+02   7.43100e+03  -5.87180e+01   1.60000e-02   7.19250e+02
          7432   7.22957e+02   7.43200e+03  -5.87142e+01   1.60000e-02   7.19333e+02
          7433   7.23046e+02   7.43300e+03  -5.87108e+01   1.60000e-02   7.19417e+02
          7434   7.23124e+02   7.43400e+03  -5.87071e+01   1.60000e-02   7.19500e+02
          7435   7.23213e+02   7.43500e+03  -5.87035e+01   1.60000e-02   7.19583e+02
          7436   7.23297e+02   7.43600e+03  -5.86931e+01   1.60000e-02   7.19667e+02
          7437   7.23378e+02   7.43700e+03  -5.86872e+01   1.60000e-02   7.19750e+02
          7438   7.23462e+02   7.43800e+03  -5.86821e+01   1.60000e-02   7.19833e+02
          7439   7.23539e+02   7.43900e+03  -5.86783e+01   1.60000e-02   7.19917e+02
          7440   7.23627e+02   7.44000e+03  -5.86748e+01   1.60000e-02   7.20000e+02
          7441   7.23704e+02   7.44100e+03  -5.86720e+01   1.60000e-02   7.20083e+02
          7442   7.23786e+02   7.44200e+03  -5.86697e+01   1.60000e-02   7.20167e+02
          7443   7.23877e+02   7.44300e+03  -5.86684e+01   1.60000e-02   7.20250e+02
          7444   7.23954e+02   7.44400e+03  -5.86687e+01   1.60000e-02   7.20333e+02
          7445   7.24033e+02   7.44500e+03  -5.86674e+01   1.60000e-02   7.20417e+02
          7446   7.24123e+02   7.44600e+03  -5.86676e+01   1.60000e-02   7.20500e+02
          7447   7.24210e+02   7.44700e+03  -5.86677e+01   1.60000e-02   7.20583e+02
          7448   7.24289e+02   7.44800e+03  -5.86713e+01   1.60000e-02   7.20667e+02
          7449   7.24366e+02   7.44900e+03  -5.86719e+01   1.60000e-02   7.20750e+02
          7450   7.24457e+02   7.45000e+03  -5.86718e+01   1.60000e-02   7.20833e+02
          7451   7.24535e+02   7.45100e+03  -5.86709e+01   1.60000e-02   7.20917e+02
          7452   7.24616e+02   7.45200e+03  -5.86698e+01   1.60000e-02   7.21000e+02
          7453   7.24698e+02   7.45300e+03  -5.86677e+01   1.60000e-02   7.21083e+02
          7454   7.24780e+02   7.45400e+03  -5.86645e+01   1.60000e-02   7.21167e+02
          7455   7.24863e+02   7.45500e+03  -5.86602e+01   1.60000e-02   7.21250e+02
          7456   7.24948e+02   7.45600e+03  -5.86536e+01   1.60000e-02   7.21333e+02
          7457   7.25032e+02   7.45700e+03  -5.86498e+01   1.60000e-02   7.21417e+02
          7458   7.25108e+02   7.45800e+03  -5.86473e+01   1.60000e-02   7.21500e+02
          7459   7.25191e+02   7.45900e+03  -5.86444e+01   1.60000e-02   7.21583e+02
          7460   7.25278e+02   7.46000e+03  -5.86383e+01   1.60000e-02   7.21667e+02
          7461   7.25360e+02   7.46100e+03  -5.86345e+01   1.60000e-02   7.21750e+02
          7462   7.25441e+02   7.46200e+03  -5.86299e+01   1.60000e-02   7.21833e+02
          7463   7.25524e+02   7.46300e+03  -5.86253e+01   1.60000e-02   7.21917e+02
          7464   7.25612e+02   7.46400e+03  -5.86212e+01   1.60000e-02   7.22000e+02
          7465   7.25696e+02   7.46500e+03  -5.86151e+01   1.60000e-02   7.22083e+02
          7466   7.25780e+02   7.46600e+03  -5.86069e+01   1.60000e-02   7.22167e+02
          7467   7.25853e+02   7.46700e+03  -5.85955e+01   1.60000e-02   7.22250e+02
          7468   7.25945e+02   7.46800e+03  -5.85833e+01   1.60000e-02   7.22333e+02
          7469   7.26029e+02   7.46900e+03  -5.85734e+01   1.60000e-02   7.22417e+02
          7470   7.26102e+02   7.47000e+03  -5.85655e+01   1.60000e-02   7.22500e+02
          7471   7.26193e+02   7.47100e+03  -5.85576e+01   1.60000e-02   7.22583e+02
          7472   7.26269e+02   7.47200e+03  -5.85418e+01   1.60000e-02   7.22667e+02
          7473   7.26359e+02   7.47300e+03  -5.85289e+01   1.60000e-02   7.22750e+02
          7474   7.26443e+02   7.47400e+03  -5.85160e+01   1.60000e-02   7.22833e+02
          7475   7.26518e+02   7.47500e+03  -5.85045e+01   1.60000e-02   7.22917e+02
          7476   7.26604e+02   7.47600e+03  -5.84911e+01   1.60000e-02   7.23000e+02
          7477   7.26692e+02   7.47700e+03  -5.84825e+01   1.60000e-02   7.23083e+02
          7478   7.26773e+02   7.47800e+03  -5.84767e+01   1.60000e-02   7.23167e+02
          7479   7.26860e+02   7.47900e+03  -5.84724e+01   1.60000e-02   7.23250e+02
          7480   7.26940e+02   7.48000e+03  -5.84763e+01   1.60000e-02   7.23333e+02
          7481   7.27016e+02   7.48100e+03  -5.84741e+01   1.60000e-02   7.23417e+02
          7482   7.27105e+02   7.48200e+03  -5.84711e+01   1.60000e-02   7.23500e+02
          7483   7.27188e+02   7.48300e+03  -5.84678e+01   1.60000e-02   7.23583e+02
          7484   7.27270e+02   7.48400e+03  -5.84684e+01   1.60000e-02   7.23667e+02
          7485   7.27359e+02   7.48500e+03  -5.84639e+01   1.60000e-02   7.23750e+02
          7486   7.27443e+02   7.48600e+03  -5.84598e+01   1.60000e-02   7.23833e+02
          7487   7.27520e+02   7.48700e+03  -5.84552e+01   1.60000e-02   7.23917e+02
          7488   7.27606e+02   7.48800e+03  -5.84521e+01   1.60000e-02   7.24000e+02
          7489   7.27687e+02   7.48900e+03  -5.84487e+01   1.60000e-02   7.24083e+02
          7490   7.27769e+02   7.49000e+03  -5.84442e+01   1.60000e-02   7.24167e+02
          7491   7.27862e+02   7.49100e+03  -5.84383e+01   1.60000e-02   7.24250e+02
          7492   7.27948e+02   7.49200e+03  -5.84237e+01   1.60000e-02   7.24333e+02
          7493   7.28031e+02   7.49300e+03  -5.84112e+01   1.60000e-02   7.24417e+02
          7494   7.28119e+02   7.49400e+03  -5.84001e+01   1.60000e-02   7.24500e+02
          7495   7.28193e+02   7.49500e+03  -5.83897e+01   1.60000e-02   7.24583e+02
          7496   7.28281e+02   7.49600e+03  -5.83811e+01   1.60000e-02   7.24667e+02
          7497   7.28363e+02   7.49700e+03  -5.83754e+01   1.60000e-02   7.24750e+02
          7498   7.28446e+02   7.49800e+03  -5.83718e+01   1.60000e-02   7.24833e+02
          7499   7.28534e+02   7.49900e+03  -5.83694e+01   1.60000e-02   7.24917e+02
          7500   7.28610e+02   7.50000e+03  -5.83588e+01   1.60000e-02   7.25000e+02
          7501   7.28700e+02   7.50100e+03  -5.83504e+01   1.60000e-02   7.25083e+02
          7502   7.28786e+02   7.50200e+03  -5.83447e+01   1.60000e-02   7.25167e+02
          7503   7.28866e+02   7.50300e+03  -5.83405e+01   1.60000e-02   7.25250e+02
          7504   7.28953e+02   7.50400e+03  -5.83472e+01   1.60000e-02   7.25333e+02
          7505   7.29036e+02   7.50500e+03  -5.83469e+01   1.59722e-02   7.25417e+02
          7506   7.29122e+02   7.50600e+03  -5.83462e+01   1.58819e-02   7.25500e+02
          7507   7.29203e+02   7.50700e+03  -5.83460e+01   1.57778e-02   7.25583e+02
          7508   7.29285e+02   7.50800e+03  -5.83479e+01   1.56360e-02   7.25667e+02
          7509   7.29368e+02   7.50900e+03  -5.83472e+01   1.55180e-02   7.25750e+02
          7510   7.29454e+02   7.51000e+03  -5.83463e+01   1.54100e-02   7.25833e+02
          7511   7.29530e+02   7.51100e+03  -5.83467e+01   1.53086e-02   7.25917e+02
          7512   7.29616e+02   7.51200e+03  -5.83500e+01   1.52155e-02   7.26000e+02
          7513   7.29695e+02   7.51300e+03  -5.83501e+01   1.51425e-02   7.26083e+02
          7514   7.29789e+02   7.51400e+03  -5.83502e+01   1.50841e-02   7.26167e+02
          7515   7.29861e+02   7.51500e+03  -5.83507e+01   1.50343e-02   7.26250e+02
          7516   7.29947e+02   7.51600e+03  -5.83499e+01   1.50423e-02   7.26333e+02
          7517   7.30029e+02   7.51700e+03  -5.83488e+01   1.50284e-02   7.26417e+02
          7518   7.30118e+02   7.51800e+03  -5.83472e+01   1.50146e-02   7.26500e+02
          7519   7.30200e+02   7.51900e+03  -5.83463e+01   1.50038e-02   7.26583e+02
          7520   7.30276e+02   7.52000e+03  -5.83436e+01   1.50072e-02   7.26667e+02
          7521   7.30368e+02   7.52100e+03  -5.83401e+01   1.50049e-02   7.26750e+02
          7522   7.30452e+02   7.52200e+03  -5.83348e+01   1.50024e-02   7.26833e+02
          7523   7.30532e+02   7.52300e+03  -5.83293e+01   1.50004e-02   7.26917e+02
          7524   7.30615e+02   7.52400e+03  -5.83223e+01   1.50011e-02   7.27000e+02
          7525   7.30697e+02   7.52500e+03  -5.83171e+01   1.50008e-02   7.27083e+02
          7526   7.30785e+02   7.52600e+03  -5.83124e+01   1.50004e-02   7.27167e+02
          7527   7.30867e+02   7.52700e+03  -5.83076e+01   1.50000e-02   7.27250e+02
          7528   7.30942e+02   7.52800e+03  -5.82993e+01   1.50002e-02   7.27333e+02
          7529   7.31027e+02   7.52900e+03  -5.82945e+01   1.50001e-02   7.27417e+02
          7530   7.31120e+02   7.53000e+03  -5.82909e+01   1.50001e-02   7.27500e+02
          7531   7.31202e+02   7.53100e+03  -5.82879e+01   1.50000e-02   7.27583e+02
          7532   7.31288e+02   7.53200e+03  -5.82839e+01   1.50000e-02   7.27667e+02
          7533   7.31367e+02   7.53300e+03  -5.82800e+01   1.50000e-02   7.27750e+02
          7534   7.31450e+02   7.53400e+03  -5.82748e+01   1.50000e-02   7.27833e+02
          7535   7.31528e+02   7.53500e+03  -5.82707e+01   1.50000e-02   7.27917e+02
          7536   7.31616e+02   7.53600e+03  -5.82706e+01   1.50000e-02   7.28000e+02
          7537   7.31691e+02   7.53700e+03  -5.82677e+01   1.50000e-02   7.28083e+02
          7538   7.31779e+02   7.53800e+03  -5.82661e+01   1.50000e-02   7.28167e+02
          7539   7.31862e+02   7.53900e+03  -5.82644e+01   1.50000e-02   7.28250e+02
          7540   7.31943e+02   7.54000e+03  -5.82637e+01   1.50000e-02   7.28333e+02
          7541   7.32028e+02   7.54100e+03  -5.82619e+01   1.50000e-02   7.28417e+02
          7542   7.32109e+02   7.54200e+03  -5.82610e+01   1.50000e-02   7.28500e+02
          7543   7.32197e+02   7.54300e+03  -5.82600e+01   1.50000e-02   7.28583e+02
          7544   7.32280e+02   7.54400e+03  -5.82590e+01   1.50000e-02   7.28667e+02
          7545   7.32359e+02   7.54500e+03  -5.82581e+01   1.50000e-02   7.28750e+02
          7546   7.32448e+02   7.54600e+03  -5.82582e+01   1.50000e-02   7.28833e+02
          7547   7.32534e+02   7.54700e+03  -5.82583e+01   1.50000e-02   7.28917e+02
          7548   7.32613e+02   7.54800e+03  -5.82588e+01   1.50000e-02   7.29000e+02
          7549   7.32690e+02   7.54900e+03  -5.82576e+01   1.50000e-02   7.29083e+02
          7550   7.32775e+02   7.55000e+03  -5.82565e+01   1.50000e-02   7.29167e+02
          7551   7.32863e+02   7.55100e+03  -5.82544e+01   1.50000e-02   7.29250e+02
          7552   7.32946e+02   7.55200e+03  -5.82522e+01   1.50000e-02   7.29333e+02
          7553   7.33028e+02   7.55300e+03  -5.82504e+01   1.50000e-02   7.29417e+02
          7554   7.33107e+02   7.55400e+03  -5.82480e+01   1.50000e-02   7.29500e+02
          7555   7.33195e+02   7.55500e+03  -5.82451e+01   1.50000e-02   7.29583e+02
          7556   7.33279e+02   7.55600e+03  -5.82409e+01   1.50000e-02   7.29667e+02
          7557   7.33369e+02   7.55700e+03  -5.82376e+01   1.50000e-02   7.29750e+02
          7558   7.33447e+02   7.55800e+03  -5.82341e+01   1.50000e-02   7.29833e+02
          7559   7.33530e+02   7.55900e+03  -5.82308e+01   1.50000e-02   7.29917e+02
          7560   7.33607e+02   7.56000e+03  -5.82262e+01   1.50000e-02   7.30000e+02
          7561   7.33696e+02   7.56100e+03  -5.82216e+01   1.50000e-02   7.30083e+02
          7562   7.33780e+02   7.56200e+03  -5.82170e+01   1.50000e-02   7.30167e+02
          7563   7.33857e+02   7.56300e+03  -5.82131e+01   1.50000e-02   7.30250e+02
          7564   7.33944e+02   7.56400e+03  -5.82063e+01   1.50000e-02   7.30333e+02
          7565   7.34026e+02   7.56500e+03  -5.81999e+01   1.50000e-02   7.30417e+02
          7566   7.34110e+02   7.56600e+03  -5.81930e+01   1.50000e-02   7.30500e+02
          7567   7.34190e+02   7.56700e+03  -5.81863e+01   1.50000e-02   7.30583e+02
          7568   7.34276e+02   7.56800e+03  -5.81783e+01   1.49722e-02   7.30667e+02
          7569   7.34363e+02   7.56900e+03  -5.81698e+01   1.48819e-02   7.30750e+02
          7570   7.34447e+02   7.57000e+03  -5.81611e+01   1.47760e-02   7.30833e+02
          7571   7.34521e+02   7.57100e+03  -5.81527e+01   1.46667e-02   7.30917e+02
          7572   7.34609e+02   7.57200e+03  -5.81394e+01   1.44977e-02   7.31000e+02
          7573   7.34696e+02   7.57300e+03  -5.81294e+01   1.43770e-02   7.31083e+02
          7574   7.34784e+02   7.57400e+03  -5.81213e+01   1.42763e-02   7.31167e+02
          7575   7.34862e+02   7.57500e+03  -5.81138e+01   1.41852e-02   7.31250e+02
          7576   7.34947e+02   7.57600e+03  -5.81063e+01   1.41438e-02   7.31333e+02
          7577   7.35030e+02   7.57700e+03  -5.81006e+01   1.40954e-02   7.31417e+02
          7578   7.35111e+02   7.57800e+03  -5.80955e+01   1.40824e-02   7.31500e+02
          7579   7.35198e+02   7.57900e+03  -5.80909e+01   1.41317e-02   7.31583e+02
          7580   7.35280e+02   7.58000e+03  -5.80906e+01   1.42611e-02   7.31667e+02
          7581   7.35363e+02   7.58100e+03  -5.80891e+01   1.43662e-02   7.31750e+02
          7582   7.35451e+02   7.58200e+03  -5.80881e+01   1.44682e-02   7.31833e+02
          7583   7.35533e+02   7.58300e+03  -5.80895e+01   1.45702e-02   7.31917e+02
          7584   7.35610e+02   7.58400e+03  -5.80984e+01   1.47185e-02   7.32000e+02
          7585   7.35691e+02   7.58500e+03  -5.81026e+01   1.48143e-02   7.32083e+02
          7586   7.35775e+02   7.58600e+03  -5.81055e+01   1.48882e-02   7.32167e+02
          7587   7.35865e+02   7.58700e+03  -5.81090e+01   1.49522e-02   7.32250e+02
          7588   7.35941e+02   7.58800e+03  -5.81194e+01   1.49437e-02   7.32333e+02
          7589   7.36018e+02   7.58900e+03  -5.81277e+01   1.49623e-02   7.32417e+02
          7590   7.36107e+02   7.59000e+03  -5.81364e+01   1.49804e-02   7.32500e+02
          7591   7.36187e+02   7.59100e+03  -5.81445e+01   1.49947e-02   7.32583e+02
          7592   7.36268e+02   7.59200e+03  -5.81556e+01   1.49903e-02   7.32667e+02
          7593   7.36351e+02   7.59300e+03  -5.81636e+01   1.49934e-02   7.32750e+02
          7594   7.36434e+02   7.59400e+03  -5.81719e+01   1.49968e-02   7.32833e+02
          7595   7.36521e+02   7.59500e+03  -5.81805e+01   1.49994e-02   7.32917e+02
          7596   7.36595e+02   7.59600e+03  -5.81859e+01   1.49985e-02   7.33000e+02
          7597   7.36687e+02   7.59700e+03  -5.81867e+01   1.49989e-02   7.33083e+02
          7598   7.36772e+02   7.59800e+03  -5.81856e+01   1.49995e-02   7.33167e+02
          7599   7.36852e+02   7.59900e+03  -5.81838e+01   1.49999e-02   7.33250e+02
          7600   7.36933e+02   7.60000e+03  -5.81722e+01   1.49998e-02   7.33333e+02
          7601   7.37023e+02   7.60100e+03  -5.81624e+01   1.49998e-02   7.33417e+02
          7602   7.37106e+02   7.60200e+03  -5.81544e+01   1.49999e-02   7.33500e+02
          7603   7.37185e+02   7.60300e+03  -5.81461e+01   1.50000e-02   7.33583e+02
          7604   7.37263e+02   7.60400e+03  -5.81287e+01   1.50000e-02   7.33667e+02
          7605   7.37354e+02   7.60500e+03  -5.81192e+01   1.50000e-02   7.33750e+02
          7606   7.37444e+02   7.60600e+03  -5.81120e+01   1.50000e-02   7.33833e+02
          7607   7.37520e+02   7.60700e+03  -5.81051e+01   1.50000e-02   7.33917e+02
          7608   7.37606e+02   7.60800e+03  -5.80900e+01   1.50000e-02   7.34000e+02
          7609   7.37692e+02   7.60900e+03  -5.80821e+01   1.50000e-02   7.34083e+02
          7610   7.37770e+02   7.61000e+03  -5.80769e+01   1.50000e-02   7.34167e+02
          7611   7.37858e+02   7.61100e+03  -5.80733e+01   1.50000e-02   7.34250e+02
          7612   7.37939e+02   7.61200e+03  -5.80796e+01   1.50000e-02   7.34333e+02
          7613   7.38030e+02   7.61300e+03  -5.80787e+01   1.50000e-02   7.34417e+02
          7614   7.38110e+02   7.61400e+03  -5.80767e+01   1.50000e-02   7.34500e+02
          7615   7.38189e+02   7.61500e+03  -5.80749e+01   1.50000e-02   7.34583e+02
          7616   7.38269e+02   7.61600e+03  -5.80765e+01   1.50000e-02   7.34667e+02
          7617   7.38348e+02   7.61700e+03  -5.80745e+01   1.50000e-02   7.34750e+02
          7618   7.38441e+02   7.61800e+03  -5.80738e+01   1.50000e-02   7.34833e+02
          7619   7.38523e+02   7.61900e+03  -5.80746e+01   1.50000e-02   7.34917e+02
          7620   7.38602e+02   7.62000e+03  -5.80773e+01   1.50000e-02   7.35000e+02
          7621   7.38689e+02   7.62100e+03  -5.80776e+01   1.50000e-02   7.35083e+02
          7622   7.38771e+02   7.62200e+03  -5.80754e+01   1.50000e-02   7.35167e+02
          7623   7.38849e+02   7.62300e+03  -5.80726e+01   1.50000e-02   7.35250e+02
          7624   7.38934e+02   7.62400e+03  -5.80690e+01   1.50000e-02   7.35333e+02
          7625   7.39026e+02   7.62500e+03  -5.80670e+01   1.50000e-02   7.35417e+02
          7626   7.39106e+02   7.62600e+03  -5.80654e+01   1.50000e-02   7.35500e+02
          7627   7.39187e+02   7.62700e+03  -5.80636e+01   1.50000e-02   7.35583e+02
          7628   7.39268e+02   7.62800e+03  -5.80609e+01   1.50000e-02   7.35667e+02
          7629   7.39359e+02   7.62900e+03  -5.80566e+01   1.50000e-02   7.35750e+02
          7630   7.39435e+02   7.63000e+03  -5.80512e+01   1.50000e-02   7.35833e+02
          7631   7.39520e+02   7.63100e+03  -5.80441e+01   1.50000e-02   7.35917e+02
          7632   7.39603e+02   7.63200e+03  -5.80329e+01   1.48889e-02   7.36000e+02
          7633   7.39689e+02   7.63300e+03  -5.80235e+01   1.47778e-02   7.36083e+02
          7634   7.39770e+02   7.63400e+03  -5.80148e+01   1.46667e-02   7.36167e+02
          7635   7.39853e+02   7.63500e+03  -5.80055e+01   1.45556e-02   7.36250e+02
          7636   7.39931e+02   7.63600e+03  -5.79913e+01   1.43549e-02   7.36333e+02
          7637   7.40022e+02   7.63700e+03  -5.79810e+01   1.42338e-02   7.36417e+02
          7638   7.40107e+02   7.63800e+03  -5.79711e+01   1.41418e-02   7.36500e+02
          7639   7.40190e+02   7.63900e+03  -5.79610e+01   1.40617e-02   7.36583e+02
          7640   7.40274e+02   7.64000e+03  -5.79470e+01   1.40716e-02   7.36667e+02
          7641   7.40357e+02   7.64100e+03  -5.79363e+01   1.40478e-02   7.36750e+02
          7642   7.40439e+02   7.64200e+03  -5.79276e+01   1.40250e-02   7.36833e+02
          7643   7.40519e+02   7.64300e+03  -5.79186e+01   1.40069e-02   7.36917e+02
          7644   7.40610e+02   7.64400e+03  -5.79128e+01   1.40123e-02   7.37000e+02
          7645   7.40683e+02   7.64500e+03  -5.79071e+01   1.40084e-02   7.37083e+02
          7646   7.40777e+02   7.64600e+03  -5.79020e+01   1.40041e-02   7.37167e+02
          7647   7.40858e+02   7.64700e+03  -5.78973e+01   1.40008e-02   7.37250e+02
          7648   7.40941e+02   7.64800e+03  -5.78953e+01   1.40020e-02   7.37333e+02
          7649   7.41022e+02   7.64900e+03  -5.78920e+01   1.40014e-02   7.37417e+02
          7650   7.41104e+02   7.65000e+03  -5.78887e+01   1.40006e-02   7.37500e+02
          7651   7.41194e+02   7.65100e+03  -5.78849e+01   1.40001e-02   7.37583e+02
          7652   7.41273e+02   7.65200e+03  -5.78874e+01   1.40003e-02   7.37667e+02
          7653   7.41360e+02   7.65300e+03  -5.78875e+01   1.40002e-02   7.37750e+02
          7654   7.41439e+02   7.65400e+03  -5.78871e+01   1.40001e-02   7.37833e+02
          7655   7.41526e+02   7.65500e+03  -5.78862e+01   1.40000e-02   7.37917e+02
          7656   7.41605e+02   7.65600e+03  -5.78869e+01   1.40000e-02   7.38000e+02
          7657   7.41696e+02   7.65700e+03  -5.78871e+01   1.40000e-02   7.38083e+02
          7658   7.41769e+02   7.65800e+03  -5.78878e+01   1.40000e-02   7.38167e+02
          7659   7.41860e+02   7.65900e+03  -5.78888e+01   1.40000e-02   7.38250e+02
          7660   7.41945e+02   7.66000e+03  -5.78891e+01   1.40000e-02   7.38333e+02
          7661   7.42028e+02   7.66100e+03  -5.78891e+01   1.40000e-02   7.38417e+02
          7662   7.42113e+02   7.66200e+03  -5.78885e+01   1.40000e-02   7.38500e+02
          7663   7.42198e+02   7.66300e+03  -5.78867e+01   1.40000e-02   7.38583e+02
          7664   7.42282e+02   7.66400e+03  -5.78881e+01   1.40000e-02   7.38667e+02
          7665   7.42359e+02   7.66500e+03  -5.78875e+01   1.40000e-02   7.38750e+02
          7666   7.42438e+02   7.66600e+03  -5.78849e+01   1.40000e-02   7.38833e+02
          7667   7.42520e+02   7.66700e+03  -5.78822e+01   1.40000e-02   7.38917e+02
          7668   7.42606e+02   7.66800e+03  -5.78775e+01   1.40000e-02   7.39000e+02
          7669   7.42689e+02   7.66900e+03  -5.78732e+01   1.40000e-02   7.39083e+02
          7670   7.42775e+02   7.67000e+03  -5.78673e+01   1.40000e-02   7.39167e+02
          7671   7.42854e+02   7.67100e+03  -5.78607e+01   1.40000e-02   7.39250e+02
          7672   7.42936e+02   7.67200e+03  -5.78500e+01   1.40000e-02   7.39333e+02
          7673   7.43019e+02   7.67300e+03  -5.78434e+01   1.40000e-02   7.39417e+02
          7674   7.43104e+02   7.67400e+03  -5.78381e+01   1.40000e-02   7.39500e+02
          7675   7.43194e+02   7.67500e+03  -5.78334e+01   1.40000e-02   7.39583e+02
          7676   7.43273e+02   7.67600e+03  -5.78246e+01   1.40000e-02   7.39667e+02
          7677   7.43357e+02   7.67700e+03  -5.78205e+01   1.40000e-02   7.39750e+02
          7678   7.43438e+02   7.67800e+03  -5.78166e+01   1.40000e-02   7.39833e+02
          7679   7.43527e+02   7.67900e+03  -5.78134e+01   1.40000e-02   7.39917e+02
          7680   7.43605e+02   7.68000e+03  -5.78126e+01   1.40000e-02   7.40000e+02
          7681   7.43692e+02   7.68100e+03  -5.78110e+01   1.40000e-02   7.40083e+02
          7682   7.43766e+02   7.68200e+03  -5.78083e+01   1.40000e-02   7.40167e+02
          7683   7.43857e+02   7.68300e+03  -5.78055e+01   1.40000e-02   7.40250e+02
          7684   7.43940e+02   7.68400e+03  -5.78122e+01   1.40000e-02   7.40333e+02
          7685   7.44019e+02   7.68500e+03  -5.78133e+01   1.40000e-02   7.40417e+02
          7686   7.44102e+02   7.68600e+03  -5.78116e+01   1.40000e-02   7.40500e+02
          7687   7.44188e+02   7.68700e+03  -5.78081e+01   1.40000e-02   7.40583e+02
          7688   7.44269e+02   7.68800e+03  -5.78078e+01   1.40000e-02   7.40667e+02
          7689   7.44350e+02   7.68900e+03  -5.78064e+01   1.40000e-02   7.40750e+02
          7690   7.44433e+02   7.69000e+03  -5.78042e+01   1.40000e-02   7.40833e+02
          7691   7.44519e+02   7.69100e+03  -5.78022e+01   1.40000e-02   7.40917e+02
          7692   7.44599e+02   7.69200e+03  -5.77981e+01   1.40000e-02   7.41000e+02
          7693   7.44683e+02   7.69300e+03  -5.77934e+01   1.40000e-02   7.41083e+02
          7694   7.44761e+02   7.69400e+03  -5.77876e+01   1.40000e-02   7.41167e+02
          7695   7.44850e+02   7.69500e+03  -5.77824e+01   1.40000e-02   7.41250e+02
          7696   7.44933e+02   7.69600e+03  -5.77779e+01   1.40000e-02   7.41333e+02
          7697   7.45015e+02   7.69700e+03  -5.77753e+01   1.40000e-02   7.41417e+02
          7698   7.45092e+02   7.69800e+03  -5.77735e+01   1.40000e-02   7.41500e+02
          7699   7.45184e+02   7.69900e+03  -5.77709e+01   1.40000e-02   7.41583e+02
          7700   7.45268e+02   7.70000e+03  -5.77666e+01   1.40000e-02   7.41667e+02
          7701   7.45350e+02   7.70100e+03  -5.77625e+01   1.40000e-02   7.41750e+02
          7702   7.45435e+02   7.70200e+03  -5.77594e+01   1.40000e-02   7.41833e+02
          7703   7.45514e+02   7.70300e+03  -5.77548e+01   1.40000e-02   7.41917e+02
          7704   7.45602e+02   7.70400e+03  -5.77532e+01   1.40000e-02   7.42000e+02
          7705   7.45684e+02   7.70500e+03  -5.77485e+01   1.40000e-02   7.42083e+02
          7706   7.45771e+02   7.70600e+03  -5.77437e+01   1.40000e-02   7.42167e+02
          7707   7.45847e+02   7.70700e+03  -5.77395e+01   1.40000e-02   7.42250e+02
          7708   7.45935e+02   7.70800e+03  -5.77301e+01   1.40000e-02   7.42333e+02
          7709   7.46023e+02   7.70900e+03  -5.77247e+01   1.40000e-02   7.42417e+02
          7710   7.46101e+02   7.71000e+03  -5.77189e+01   1.40000e-02   7.42500e+02
          7711   7.46183e+02   7.71100e+03  -5.77124e+01   1.40000e-02   7.42583e+02
          7712   7.46263e+02   7.71200e+03  -5.77066e+01   1.40000e-02   7.42667e+02
          7713   7.46346e+02   7.71300e+03  -5.77013e+01   1.40000e-02   7.42750e+02
          7714   7.46435e+02   7.71400e+03  -5.76958e+01   1.40000e-02   7.42833e+02
          7715   7.46519e+02   7.71500e+03  -5.76913e+01   1.40000e-02   7.42917e+02
          7716   7.46599e+02   7.71600e+03  -5.76879e+01   1.40000e-02   7.43000e+02
          7717   7.46679e+02   7.71700e+03  -5.76820e+01   1.40000e-02   7.43083e+02
          7718   7.46763e+02   7.71800e+03  -5.76770e+01   1.40000e-02   7.43167e+02
          7719   7.46853e+02   7.71900e+03  -5.76720e+01   1.40000e-02   7.43250e+02
          7720   7.46926e+02   7.72000e+03  -5.76631e+01   1.40000e-02   7.43333e+02
          7721   7.47011e+02   7.72100e+03  -5.76535e+01   1.40000e-02   7.43417e+02
          7722   7.47101e+02   7.72200e+03  -5.76451e+01   1.40000e-02   7.43500e+02
          7723   7.47183e+02   7.72300e+03  -5.76368e+01   1.40000e-02   7.43583e+02
          7724   7.47266e+02   7.72400e+03  -5.76279e+01   1.40000e-02   7.43667e+02
          7725   7.47348e+02   7.72500e+03  -5.76219e+01   1.40000e-02   7.43750e+02
          7726   7.47435e+02   7.72600e+03  -5.76186e+01   1.40000e-02   7.43833e+02
          7727   7.47519e+02   7.72700e+03  -5.76158e+01   1.40000e-02   7.43917e+02
          7728   7.47605e+02   7.72800e+03  -5.76119e+01   1.40000e-02   7.44000e+02
          7729   7.47688e+02   7.72900e+03  -5.76103e+01   1.40000e-02   7.44083e+02
          7730   7.47765e+02   7.73000e+03  -5.76081e+01   1.40000e-02   7.44167e+02
          7731   7.47851e+02   7.73100e+03  -5.76049e+01   1.40000e-02   7.44250e+02
          7732   7.47930e+02   7.73200e+03  -5.76092e+01   1.40000e-02   7.44333e+02
          7733   7.48009e+02   7.73300e+03  -5.76083e+01   1.40000e-02   7.44417e+02
          7734   7.48095e+02   7.73400e+03  -5.76055e+01   1.40000e-02   7.44500e+02
          7735   7.48179e+02   7.73500e+03  -5.76025e+01   1.40000e-02   7.44583e+02
          7736   7.48259e+02   7.73600e+03  -5.76055e+01   1.40000e-02   7.44667e+02
          7737   7.48344e+02   7.73700e+03  -5.76044e+01   1.40000e-02   7.44750e+02
          7738   7.48432e+02   7.73800e+03  -5.76032e+01   1.40000e-02   7.44833e+02
          7739   7.48513e+02   7.73900e+03  -5.76031e+01   1.40000e-02   7.44917e+02
          7740   7.48593e+02   7.74000e+03  -5.75942e+01   1.40000e-02   7.45000e+02
          7741   7.48675e+02   7.74100e+03  -5.75879e+01   1.40000e-02   7.45083e+02
          7742   7.48763e+02   7.74200e+03  -5.75812e+01   1.40000e-02   7.45167e+02
          7743   7.48843e+02   7.74300e+03  -5.75757e+01   1.40000e-02   7.45250e+02
          7744   7.48927e+02   7.74400e+03  -5.75727e+01   1.40000e-02   7.45333e+02
          7745   7.49011e+02   7.74500e+03  -5.75688e+01   1.40000e-02   7.45417e+02
          7746   7.49091e+02   7.74600e+03  -5.75639e+01   1.40000e-02   7.45500e+02
          7747   7.49177e+02   7.74700e+03  -5.75580e+01   1.40000e-02   7.45583e+02
          7748   7.49257e+02   7.74800e+03  -5.75524e+01   1.40000e-02   7.45667e+02
          7749   7.49348e+02   7.74900e+03  -5.75477e+01   1.40000e-02   7.45750e+02
          7750   7.49430e+02   7.75000e+03  -5.75448e+01   1.40000e-02   7.45833e+02
          7751   7.49516e+02   7.75100e+03  -5.75430e+01   1.40000e-02   7.45917e+02
          7752   7.49596e+02   7.75200e+03  -5.75404e+01   1.40000e-02   7.46000e+02
          7753   7.49679e+02   7.75300e+03  -5.75366e+01   1.40000e-02   7.46083e+02
          7754   7.49761e+02   7.75400e+03  -5.75319e+01   1.40000e-02   7.46167e+02
          7755   7.49845e+02   7.75500e+03  -5.75283e+01   1.40000e-02   7.46250e+02
          7756   7.49929e+02   7.75600e+03  -5.75311e+01   1.40000e-02   7.46333e+02
          7757   7.50021e+02   7.75700e+03  -5.75317e+01   1.40000e-02   7.46417e+02
          7758   7.50091e+02   7.75800e+03  -5.75322e+01   1.40000e-02   7.46500e+02
          7759   7.50177e+02   7.75900e+03  -5.75326e+01   1.40000e-02   7.46583e+02
          7760   7.50263e+02   7.76000e+03  -5.75352e+01   1.39722e-02   7.46667e+02
          7761   7.50333e+02   7.76100e+03  -5.75333e+01   1.38819e-02   7.46750e+02
          7762   7.50426e+02   7.76200e+03  -5.75309e+01   1.37760e-02   7.46833e+02
          7763   7.50512e+02   7.76300e+03  -5.75288e+01   1.36667e-02   7.46917e+02
          7764   7.50594e+02   7.76400e+03  -5.75279e+01   1.34977e-02   7.47000e+02
          7765   7.50671e+02   7.76500e+03  -5.75246e+01   1.33770e-02   7.47083e+02
          7766   7.50757e+02   7.76600e+03  -5.75193e+01   1.32762e-02   7.47167e+02
          7767   7.50848e+02   7.76700e+03  -5.75135e+01   1.31852e-02   7.47250e+02
          7768   7.50924e+02   7.76800e+03  -5.75006e+01   1.31438e-02   7.47333e+02
          7769   7.51011e+02   7.76900e+03  -5.74916e+01   1.30953e-02   7.47417e+02
          7770   7.51096e+02   7.77000e+03  -5.74851e+01   1.30546e-02   7.47500e+02
          7771   7.51178e+02   7.77100e+03  -5.74786e+01   1.30206e-02   7.47583e+02
          7772   7.51260e+02   7.77200e+03  -5.74667e+01   1.30273e-02   7.47667e+02
          7773   7.51346e+02   7.77300e+03  -5.74578e+01   1.30184e-02   7.47750e+02
          7774   7.51435e+02   7.77400e+03  -5.74485e+01   1.30093e-02   7.47833e+02
          7775   7.51516e+02   7.77500e+03  -5.74382e+01   1.30023e-02   7.47917e+02
          7776   7.51593e+02   7.77600e+03  -5.74263e+01   1.30046e-02   7.48000e+02
          7777   7.51681e+02   7.77700e+03  -5.74159e+01   1.30031e-02   7.48083e+02
          7778   7.51770e+02   7.77800e+03  -5.74054e+01   1.30015e-02   7.48167e+02
          7779   7.51846e+02   7.77900e+03  -5.73950e+01   1.30003e-02   7.48250e+02
          7780   7.51932e+02   7.78000e+03  -5.73889e+01   1.30007e-02   7.48333e+02
          7781   7.52019e+02   7.78100e+03  -5.73820e+01   1.30005e-02   7.48417e+02
          7782   7.52104e+02   7.78200e+03  -5.73748e+01   1.30002e-02   7.48500e+02
          7783   7.52181e+02   7.78300e+03  -5.73683e+01   1.30000e-02   7.48583e+02
          7784   7.52271e+02   7.78400e+03  -5.73594e+01   1.30001e-02   7.48667e+02
          7785   7.52345e+02   7.78500e+03  -5.73515e+01   1.30001e-02   7.48750e+02
          7786   7.52432e+02   7.78600e+03  -5.73456e+01   1.30000e-02   7.48833e+02
          7787   7.52516e+02   7.78700e+03  -5.73396e+01   1.30000e-02   7.48917e+02
          7788   7.52590e+02   7.78800e+03  -5.73415e+01   1.30000e-02   7.49000e+02
          7789   7.52668e+02   7.78900e+03  -5.73413e+01   1.30000e-02   7.49083e+02
          7790   7.52764e+02   7.79000e+03  -5.73408e+01   1.30000e-02   7.49167e+02
          7791   7.52838e+02   7.79100e+03  -5.73395e+01   1.30000e-02   7.49250e+02
          7792   7.52927e+02   7.79200e+03  -5.73391e+01   1.30000e-02   7.49333e+02
          7793   7.53008e+02   7.79300e+03  -5.73369e+01   1.30000e-02   7.49417e+02
          7794   7.53094e+02   7.79400e+03  -5.73360e+01   1.30000e-02   7.49500e+02
          7795   7.53180e+02   7.79500e+03  -5.73366e+01   1.30000e-02   7.49583e+02
          7796   7.53254e+02   7.79600e+03  -5.73441e+01   1.30000e-02   7.49667e+02
          7797   7.53339e+02   7.79700e+03  -5.73472e+01   1.30000e-02   7.49750e+02
          7798   7.53421e+02   7.79800e+03  -5.73492e+01   1.30000e-02   7.49833e+02
          7799   7.53502e+02   7.79900e+03  -5.73494e+01   1.30000e-02   7.49917e+02
          7800   7.53592e+02   7.80000e+03  -5.73480e+01   1.30000e-02   7.50000e+02
          7801   7.53668e+02   7.80100e+03  -5.73477e+01   1.30000e-02   7.50083e+02
          7802   7.53765e+02   7.80200e+03  -5.73475e+01   1.30000e-02   7.50167e+02
          7803   7.53845e+02   7.80300e+03  -5.73465e+01   1.30000e-02   7.50250e+02
          7804   7.53918e+02   7.80400e+03  -5.73472e+01   1.30000e-02   7.50333e+02
          7805   7.54002e+02   7.80500e+03  -5.73465e+01   1.30000e-02   7.50417e+02
          7806   7.54092e+02   7.80600e+03  -5.73464e+01   1.30000e-02   7.50500e+02
          7807   7.54173e+02   7.80700e+03  -5.73469e+01   1.30000e-02   7.50583e+02
          7808   7.54263e+02   7.80800e+03  -5.73393e+01   1.30000e-02   7.50667e+02
          7809   7.54339e+02   7.80900e+03  -5.73347e+01   1.30000e-02   7.50750e+02
          7810   7.54419e+02   7.81000e+03  -5.73302e+01   1.30000e-02   7.50833e+02
          7811   7.54500e+02   7.81100e+03  -5.73271e+01   1.30000e-02   7.50917e+02
          7812   7.54586e+02   7.81200e+03  -5.73230e+01   1.30000e-02   7.51000e+02
          7813   7.54663e+02   7.81300e+03  -5.73177e+01   1.30000e-02   7.51083e+02
          7814   7.54757e+02   7.81400e+03  -5.73127e+01   1.30000e-02   7.51167e+02
          7815   7.54837e+02   7.81500e+03  -5.73074e+01   1.30000e-02   7.51250e+02
          7816   7.54918e+02   7.81600e+03  -5.73022e+01   1.30000e-02   7.51333e+02
          7817   7.55000e+02   7.81700e+03  -5.72962e+01   1.30000e-02   7.51417e+02
          7818   7.55082e+02   7.81800e+03  -5.72904e+01   1.30000e-02   7.51500e+02
          7819   7.55163e+02   7.81900e+03  -5.72846e+01   1.30000e-02   7.51583e+02
          7820   7.55250e+02   7.82000e+03  -5.72745e+01   1.30000e-02   7.51667e+02
          7821   7.55329e+02   7.82100e+03  -5.72653e+01   1.30000e-02   7.51750e+02
          7822   7.55416e+02   7.82200e+03  -5.72561e+01   1.30000e-02   7.51833e+02
          7823   7.55495e+02   7.82300e+03  -5.72477e+01   1.30000e-02   7.51917e+02
          7824   7.55582e+02   7.82400e+03  -5.72404e+01   1.30000e-02   7.52000e+02
          7825   7.55658e+02   7.82500e+03  -5.72341e+01   1.30000e-02   7.52083e+02
          7826   7.55740e+02   7.82600e+03  -5.72284e+01   1.30000e-02   7.52167e+02
          7827   7.55837e+02   7.82700e+03  -5.72230e+01   1.30000e-02   7.52250e+02
          7828   7.55917e+02   7.82800e+03  -5.72196e+01   1.30000e-02   7.52333e+02
          7829   7.55991e+02   7.82900e+03  -5.72140e+01   1.30000e-02   7.52417e+02
          7830   7.56075e+02   7.83000e+03  -5.72070e+01   1.30000e-02   7.52500e+02
          7831   7.56159e+02   7.83100e+03  -5.71993e+01   1.30000e-02   7.52583e+02
          7832   7.56244e+02   7.83200e+03  -5.71981e+01   1.30000e-02   7.52667e+02
          7833   7.56324e+02   7.83300e+03  -5.71946e+01   1.30000e-02   7.52750e+02
          7834   7.56410e+02   7.83400e+03  -5.71912e+01   1.30000e-02   7.52833e+02
          7835   7.56496e+02   7.83500e+03  -5.71880e+01   1.30000e-02   7.52917e+02
          7836   7.56579e+02   7.83600e+03  -5.71862e+01   1.30000e-02   7.53000e+02
          7837   7.56659e+02   7.83700e+03  -5.71848e+01   1.30000e-02   7.53083e+02
          7838   7.56736e+02   7.83800e+03  -5.71824e+01   1.30000e-02   7.53167e+02
          7839   7.56826e+02   7.83900e+03  -5.71799e+01   1.30000e-02   7.53250e+02
          7840   7.56905e+02   7.84000e+03  -5.71770e+01   1.30000e-02   7.53333e+02
          7841   7.56989e+02   7.84100e+03  -5.71769e+01   1.30000e-02   7.53417e+02
          7842   7.57072e+02   7.84200e+03  -5.71773e+01   1.30000e-02   7.53500e+02
          7843   7.57156e+02   7.84300e+03  -5.71773e+01   1.30000e-02   7.53583e+02
          7844   7.57240e+02   7.84400e+03  -5.71821e+01   1.30000e-02   7.53667e+02
          7845   7.57329e+02   7.84500e+03  -5.71825e+01   1.30000e-02   7.53750e+02
          7846   7.57407e+02   7.84600e+03  -5.71809e+01   1.30000e-02   7.53833e+02
          7847   7.57488e+02   7.84700e+03  -5.71785e+01   1.30000e-02   7.53917e+02
          7848   7.57573e+02   7.84800e+03  -5.71754e+01   1.30000e-02   7.54000e+02
          7849   7.57665e+02   7.84900e+03  -5.71722e+01   1.30000e-02   7.54083e+02
          7850   7.57738e+02   7.85000e+03  -5.71693e+01   1.30000e-02   7.54167e+02
          7851   7.57819e+02   7.85100e+03  -5.71662e+01   1.30000e-02   7.54250e+02
          7852   7.57899e+02   7.85200e+03  -5.71622e+01   1.30000e-02   7.54333e+02
          7853   7.57985e+02   7.85300e+03  -5.71608e+01   1.30000e-02   7.54417e+02
          7854   7.58065e+02   7.85400e+03  -5.71593e+01   1.30000e-02   7.54500e+02
          7855   7.58150e+02   7.85500e+03  -5.71561e+01   1.30000e-02   7.54583e+02
          7856   7.58242e+02   7.85600e+03  -5.71455e+01   1.30000e-02   7.54667e+02
          7857   7.58313e+02   7.85700e+03  -5.71374e+01   1.30000e-02   7.54750e+02
          7858   7.58401e+02   7.85800e+03  -5.71298e+01   1.30000e-02   7.54833e+02
          7859   7.58487e+02   7.85900e+03  -5.71215e+01   1.30000e-02   7.54917e+02
          7860   7.58573e+02   7.86000e+03  -5.71111e+01   1.30000e-02   7.55000e+02
          7861   7.58655e+02   7.86100e+03  -5.71011e+01   1.30000e-02   7.55083e+02
          7862   7.58737e+02   7.86200e+03  -5.70919e+01   1.30000e-02   7.55167e+02
          7863   7.58819e+02   7.86300e+03  -5.70844e+01   1.30000e-02   7.55250e+02
          7864   7.58900e+02   7.86400e+03  -5.70722e+01   1.30000e-02   7.55333e+02
          7865   7.58992e+02   7.86500e+03  -5.70658e+01   1.30000e-02   7.55417e+02
          7866   7.59069e+02   7.86600e+03  -5.70604e+01   1.30000e-02   7.55500e+02
          7867   7.59147e+02   7.86700e+03  -5.70543e+01   1.30000e-02   7.55583e+02
          7868   7.59239e+02   7.86800e+03  -5.70491e+01   1.30000e-02   7.55667e+02
          7869   7.59319e+02   7.86900e+03  -5.70455e+01   1.30000e-02   7.55750e+02
          7870   7.59398e+02   7.87000e+03  -5.70420e+01   1.30000e-02   7.55833e+02
          7871   7.59480e+02   7.87100e+03  -5.70391e+01   1.30000e-02   7.55917e+02
          7872   7.59567e+02   7.87200e+03  -5.70465e+01   1.30000e-02   7.56000e+02
          7873   7.59653e+02   7.87300e+03  -5.70444e+01   1.30000e-02   7.56083e+02
          7874   7.59726e+02   7.87400e+03  -5.70401e+01   1.30000e-02   7.56167e+02
          7875   7.59815e+02   7.87500e+03  -5.70357e+01   1.30000e-02   7.56250e+02
          7876   7.59901e+02   7.87600e+03  -5.70244e+01   1.30000e-02   7.56333e+02
          7877   7.59985e+02   7.87700e+03  -5.70178e+01   1.30000e-02   7.56417e+02
          7878   7.60064e+02   7.87800e+03  -5.70121e+01   1.30000e-02   7.56500e+02
          7879   7.60144e+02   7.87900e+03  -5.70062e+01   1.30000e-02   7.56583e+02
          7880   7.60232e+02   7.88000e+03  -5.69998e+01   1.30000e-02   7.56667e+02
          7881   7.60310e+02   7.88100e+03  -5.69938e+01   1.30000e-02   7.56750e+02
          7882   7.60400e+02   7.88200e+03  -5.69874e+01   1.30000e-02   7.56833e+02
          7883   7.60480e+02   7.88300e+03  -5.69802e+01   1.30000e-02   7.56917e+02
          7884   7.60560e+02   7.88400e+03  -5.69689e+01   1.30000e-02   7.57000e+02
          7885   7.60642e+02   7.88500e+03  -5.69578e+01   1.30000e-02   7.57083e+02
          7886   7.60730e+02   7.88600e+03  -5.69480e+01   1.30000e-02   7.57167e+02
          7887   7.60814e+02   7.88700e+03  -5.69404e+01   1.30000e-02   7.57250e+02
          7888   7.60892e+02   7.88800e+03  -5.69351e+01   1.30000e-02   7.57333e+02
          7889   7.60978e+02   7.88900e+03  -5.69267e+01   1.30000e-02   7.57417e+02
          7890   7.61059e+02   7.89000e+03  -5.69176e+01   1.30000e-02   7.57500e+02
          7891   7.61147e+02   7.89100e+03  -5.69093e+01   1.30000e-02   7.57583e+02
          7892   7.61231e+02   7.89200e+03  -5.68989e+01   1.29722e-02   7.57667e+02
          7893   7.61308e+02   7.89300e+03  -5.68915e+01   1.28819e-02   7.57750e+02
          7894   7.61397e+02   7.89400e+03  -5.68855e+01   1.27760e-02   7.57833e+02
          7895   7.61478e+02   7.89500e+03  -5.68801e+01   1.26667e-02   7.57917e+02
          7896   7.61561e+02   7.89600e+03  -5.68808e+01   1.24977e-02   7.58000e+02
          7897   7.61642e+02   7.89700e+03  -5.68784e+01   1.23770e-02   7.58083e+02
          7898   7.61726e+02   7.89800e+03  -5.68758e+01   1.22763e-02   7.58167e+02
          7899   7.61808e+02   7.89900e+03  -5.68736e+01   1.21852e-02   7.58250e+02
          7900   7.61889e+02   7.90000e+03  -5.68746e+01   1.21438e-02   7.58333e+02
          7901   7.61974e+02   7.90100e+03  -5.68736e+01   1.20954e-02   7.58417e+02
          7902   7.62060e+02   7.90200e+03  -5.68721e+01   1.20546e-02   7.58500e+02
          7903   7.62139e+02   7.90300e+03  -5.68708e+01   1.20206e-02   7.58583e+02
          7904   7.62218e+02   7.90400e+03  -5.68748e+01   1.20273e-02   7.58667e+02
          7905   7.62307e+02   7.90500e+03  -5.68758e+01   1.20184e-02   7.58750e+02
          7906   7.62391e+02   7.90600e+03  -5.68756e+01   1.20094e-02   7.58833e+02
          7907   7.62476e+02   7.90700e+03  -5.68750e+01   1.20023e-02   7.58917e+02
          7908   7.62552e+02   7.90800e+03  -5.68727e+01   1.20046e-02   7.59000e+02
          7909   7.62641e+02   7.90900e+03  -5.68691e+01   1.20031e-02   7.59083e+02
          7910   7.62713e+02   7.91000e+03  -5.68651e+01   1.20015e-02   7.59167e+02
          7911   7.62807e+02   7.91100e+03  -5.68605e+01   1.20003e-02   7.59250e+02
          7912   7.62884e+02   7.91200e+03  -5.68542e+01   1.20007e-02   7.59333e+02
          7913   7.62976e+02   7.91300e+03  -5.68496e+01   1.20005e-02   7.59417e+02
          7914   7.63052e+02   7.91400e+03  -5.68459e+01   1.20002e-02   7.59500e+02
          7915   7.63136e+02   7.91500e+03  -5.68430e+01   1.20000e-02   7.59583e+02
          7916   7.63229e+02   7.91600e+03  -5.68364e+01   1.20001e-02   7.59667e+02
          7917   7.63312e+02   7.91700e+03  -5.68333e+01   1.20001e-02   7.59750e+02
          7918   7.63393e+02   7.91800e+03  -5.68306e+01   1.20000e-02   7.59833e+02
          7919   7.63476e+02   7.91900e+03  -5.68281e+01   1.20000e-02   7.59917e+02
          7920   7.63556e+02   7.92000e+03  -5.68268e+01   1.20000e-02   7.60000e+02
          7921   7.63643e+02   7.92100e+03  -5.68237e+01   1.20000e-02   7.60083e+02
          7922   7.63726e+02   7.92200e+03  -5.68191e+01   1.20000e-02   7.60167e+02
          7923   7.63806e+02   7.92300e+03  -5.68128e+01   1.20000e-02   7.60250e+02
          7924   7.63887e+02   7.92400e+03  -5.68134e+01   1.20000e-02   7.60333e+02
          7925   7.63972e+02   7.92500e+03  -5.68094e+01   1.20000e-02   7.60417e+02
          7926   7.64057e+02   7.92600e+03  -5.68037e+01   1.20000e-02   7.60500e+02
          7927   7.64139e+02   7.92700e+03  -5.67990e+01   1.20000e-02   7.60583e+02
          7928   7.64226e+02   7.92800e+03  -5.67887e+01   1.20000e-02   7.60667e+02
          7929   7.64304e+02   7.92900e+03  -5.67825e+01   1.20000e-02   7.60750e+02
          7930   7.64387e+02   7.93000e+03  -5.67756e+01   1.20000e-02   7.60833e+02
          7931   7.64475e+02   7.93100e+03  -5.67685e+01   1.20000e-02   7.60917e+02
          7932   7.64552e+02   7.93200e+03  -5.67625e+01   1.20000e-02   7.61000e+02
          7933   7.64632e+02   7.93300e+03  -5.67567e+01   1.20000e-02   7.61083e+02
          7934   7.64711e+02   7.93400e+03  -5.67511e+01   1.20000e-02   7.61167e+02
          7935   7.64805e+02   7.93500e+03  -5.67463e+01   1.20000e-02   7.61250e+02
          7936   7.64881e+02   7.93600e+03  -5.67455e+01   1.20000e-02   7.61333e+02
          7937   7.64965e+02   7.93700e+03  -5.67406e+01   1.20000e-02   7.61417e+02
          7938   7.65047e+02   7.93800e+03  -5.67356e+01   1.20000e-02   7.61500e+02
          7939   7.65136e+02   7.93900e+03  -5.67293e+01   1.20000e-02   7.61583e+02
          7940   7.65218e+02   7.94000e+03  -5.67258e+01   1.20000e-02   7.61667e+02
          7941   7.65300e+02   7.94100e+03  -5.67216e+01   1.20000e-02   7.61750e+02
          7942   7.65381e+02   7.94200e+03  -5.67168e+01   1.20000e-02   7.61833e+02
          7943   7.65458e+02   7.94300e+03  -5.67121e+01   1.20000e-02   7.61917e+02
          7944   7.65547e+02   7.94400e+03  -5.67071e+01   1.20000e-02   7.62000e+02
          7945   7.65634e+02   7.94500e+03  -5.67020e+01   1.20000e-02   7.62083e+02
          7946   7.65711e+02   7.94600e+03  -5.66966e+01   1.20000e-02   7.62167e+02
          7947   7.65803e+02   7.94700e+03  -5.66914e+01   1.20000e-02   7.62250e+02
          7948   7.65886e+02   7.94800e+03  -5.66842e+01   1.20000e-02   7.62333e+02
          7949   7.65967e+02   7.94900e+03  -5.66785e+01   1.20000e-02   7.62417e+02
          7950   7.66059e+02   7.95000e+03  -5.66742e+01   1.20000e-02   7.62500e+02
          7951   7.66140e+02   7.95100e+03  -5.66707e+01   1.20000e-02   7.62583e+02
          7952   7.66215e+02   7.95200e+03  -5.66667e+01   1.20000e-02   7.62667e+02
          7953   7.66300e+02   7.95300e+03  -5.66630e+01   1.20000e-02   7.62750e+02
          7954   7.66380e+02   7.95400e+03  -5.66603e+01   1.20000e-02   7.62833e+02
          7955   7.66463e+02   7.95500e+03  -5.66584e+01   1.20000e-02   7.62917e+02
          7956   7.66555e+02   7.95600e+03  -5.66564e+01   1.20000e-02   7.63000e+02
          7957   7.66635e+02   7.95700e+03  -5.66545e+01   1.20000e-02   7.63083e+02
          7958   7.66717e+02   7.95800e+03  -5.66528e+01   1.20000e-02   7.63167e+02
          7959   7.66800e+02   7.95900e+03  -5.66512e+01   1.20000e-02   7.63250e+02
          7960   7.66886e+02   7.96000e+03  -5.66528e+01   1.18889e-02   7.63333e+02
          7961   7.66968e+02   7.96100e+03  -5.66516e+01   1.17778e-02   7.63417e+02
          7962   7.67055e+02   7.96200e+03  -5.66491e+01   1.16667e-02   7.63500e+02
          7963   7.67132e+02   7.96300e+03  -5.66471e+01   1.15556e-02   7.63583e+02
          7964   7.67223e+02   7.96400e+03  -5.66467e+01   1.13549e-02   7.63667e+02
          7965   7.67303e+02   7.96500e+03  -5.66433e+01   1.12338e-02   7.63750e+02
          7966   7.67379e+02   7.96600e+03  -5.66402e+01   1.11418e-02   7.63833e+02
          7967   7.67466e+02   7.96700e+03  -5.66389e+01   1.10617e-02   7.63917e+02
          7968   7.67544e+02   7.96800e+03  -5.66320e+01   1.10716e-02   7.64000e+02
          7969   7.67626e+02   7.96900e+03  -5.66267e+01   1.10478e-02   7.64083e+02
          7970   7.67715e+02   7.97000e+03  -5.66219e+01   1.10250e-02   7.64167e+02
          7971   7.67793e+02   7.97100e+03  -5.66172e+01   1.10069e-02   7.64250e+02
          7972   7.67875e+02   7.97200e+03  -5.66114e+01   1.10123e-02   7.64333e+02
          7973   7.67957e+02   7.97300e+03  -5.66060e+01   1.10084e-02   7.64417e+02
          7974   7.68045e+02   7.97400e+03  -5.66019e+01   1.10041e-02   7.64500e+02
          7975   7.68126e+02   7.97500e+03  -5.65990e+01   1.10008e-02   7.64583e+02
          7976   7.68212e+02   7.97600e+03  -5.65932e+01   1.10020e-02   7.64667e+02
          7977   7.68296e+02   7.97700e+03  -5.65866e+01   1.10014e-02   7.64750e+02
          7978   7.68375e+02   7.97800e+03  -5.65808e+01   1.10006e-02   7.64833e+02
          7979   7.68467e+02   7.97900e+03  -5.65747e+01   1.10001e-02   7.64917e+02
          7980   7.68542e+02   7.98000e+03  -5.65688e+01   1.10003e-02   7.65000e+02
          7981   7.68625e+02   7.98100e+03  -5.65629e+01   1.10002e-02   7.65083e+02
          7982   7.68703e+02   7.98200e+03  -5.65575e+01   1.10001e-02   7.65167e+02
          7983   7.68786e+02   7.98300e+03  -5.65519e+01   1.10000e-02   7.65250e+02
          7984   7.68874e+02   7.98400e+03  -5.65442e+01   1.10000e-02   7.65333e+02
          7985   7.68959e+02   7.98500e+03  -5.65371e+01   1.10000e-02   7.65417e+02
          7986   7.69041e+02   7.98600e+03  -5.65302e+01   1.10000e-02   7.65500e+02
          7987   7.69126e+02   7.98700e+03  -5.65232e+01   1.10000e-02   7.65583e+02
          7988   7.69204e+02   7.98800e+03  -5.65146e+01   1.10000e-02   7.65667e+02
          7989   7.69290e+02   7.98900e+03  -5.65070e+01   1.10000e-02   7.65750e+02
          7990   7.69374e+02   7.99000e+03  -5.64986e+01   1.10000e-02   7.65833e+02
          7991   7.69454e+02   7.99100e+03  -5.64899e+01   1.10000e-02   7.65917e+02
          7992   7.69543e+02   7.99200e+03  -5.64822e+01   1.10000e-02   7.66000e+02
          7993   7.69617e+02   7.99300e+03  -5.64731e+01   1.10000e-02   7.66083e+02
          7994   7.69704e+02   7.99400e+03  -5.64637e+01   1.10000e-02   7.66167e+02
          7995   7.69790e+02   7.99500e+03  -5.64553e+01   1.10000e-02   7.66250e+02
          7996   7.69871e+02   7.99600e+03  -5.64445e+01   1.10000e-02   7.66333e+02
          7997   7.69951e+02   7.99700e+03  -5.64332e+01   1.10000e-02   7.66417e+02
          7998   7.70034e+02   7.99800e+03  -5.64218e+01   1.10000e-02   7.66500e+02
          7999   7.70120e+02   7.99900e+03  -5.64106e+01   1.10000e-02   7.66583e+02
          8000   7.70207e+02   8.00000e+03  -5.63986e+01   1.10000e-02   7.66667e+02
          8001   7.70287e+02   8.00100e+03  -5.63894e+01   1.10000e-02   7.66750e+02
          8002   7.70367e+02   8.00200e+03  -5.63809e+01   1.10000e-02   7.66833e+02
          8003   7.70453e+02   8.00300e+03  -5.63734e+01   1.10000e-02   7.66917e+02
          8004   7.70540e+02   8.00400e+03  -5.63638e+01   1.10000e-02   7.67000e+02
          8005   7.70624e+02   8.00500e+03  -5.63555e+01   1.10000e-02   7.67083e+02
          8006   7.70706e+02   8.00600e+03  -5.63501e+01   1.10000e-02   7.67167e+02
          8007   7.70785e+02   8.00700e+03  -5.63457e+01   1.10000e-02   7.67250e+02
          8008   7.70873e+02   8.00800e+03  -5.63464e+01   1.10000e-02   7.67333e+02
          8009   7.70956e+02   8.00900e+03  -5.63469e+01   1.10000e-02   7.67417e+02
          8010   7.71036e+02   8.01000e+03  -5.63470e+01   1.10000e-02   7.67500e+02
          8011   7.71112e+02   8.01100e+03  -5.63467e+01   1.10000e-02   7.67583e+02
          8012   7.71198e+02   8.01200e+03  -5.63522e+01   1.10000e-02   7.67667e+02
          8013   7.71278e+02   8.01300e+03  -5.63535e+01   1.10000e-02   7.67750e+02
          8014   7.71365e+02   8.01400e+03  -5.63549e+01   1.10000e-02   7.67833e+02
          8015   7.71446e+02   8.01500e+03  -5.63553e+01   1.10000e-02   7.67917e+02
          8016   7.71531e+02   8.01600e+03  -5.63645e+01   1.10000e-02   7.68000e+02
          8017   7.71614e+02   8.01700e+03  -5.63671e+01   1.10000e-02   7.68083e+02
          8018   7.71685e+02   8.01800e+03  -5.63698e+01   1.10000e-02   7.68167e+02
          8019   7.71771e+02   8.01900e+03  -5.63729e+01   1.10000e-02   7.68250e+02
          8020   7.71857e+02   8.02000e+03  -5.63714e+01   1.10000e-02   7.68333e+02
          8021   7.71944e+02   8.02100e+03  -5.63689e+01   1.10000e-02   7.68417e+02
          8022   7.72024e+02   8.02200e+03  -5.63674e+01   1.10000e-02   7.68500e+02
          8023   7.72114e+02   8.02300e+03  -5.63664e+01   1.10000e-02   7.68583e+02
          8024   7.72185e+02   8.02400e+03  -5.63646e+01   1.10000e-02   7.68667e+02
          8025   7.72265e+02   8.02500e+03  -5.63639e+01   1.10000e-02   7.68750e+02
          8026   7.72352e+02   8.02600e+03  -5.63635e+01   1.10000e-02   7.68833e+02
          8027   7.72428e+02   8.02700e+03  -5.63635e+01   1.10000e-02   7.68917e+02
          8028   7.72514e+02   8.02800e+03  -5.63603e+01   1.10000e-02   7.69000e+02
          8029   7.72611e+02   8.02900e+03  -5.63598e+01   1.10000e-02   7.69083e+02
          8030   7.72694e+02   8.03000e+03  -5.63597e+01   1.10000e-02   7.69167e+02
          8031   7.72771e+02   8.03100e+03  -5.63596e+01   1.10000e-02   7.69250e+02
          8032   7.72857e+02   8.03200e+03  -5.63622e+01   1.10000e-02   7.69333e+02
          8033   7.72927e+02   8.03300e+03  -5.63651e+01   1.10000e-02   7.69417e+02
          8034   7.73017e+02   8.03400e+03  -5.63671e+01   1.10000e-02   7.69500e+02
          8035   7.73102e+02   8.03500e+03  -5.63696e+01   1.10000e-02   7.69583e+02
          8036   7.73177e+02   8.03600e+03  -5.63718e+01   1.10000e-02   7.69667e+02
          8037   7.73267e+02   8.03700e+03  -5.63706e+01   1.10000e-02   7.69750e+02
          8038   7.73349e+02   8.03800e+03  -5.63683e+01   1.10000e-02   7.69833e+02
          8039   7.73427e+02   8.03900e+03  -5.63665e+01   1.10000e-02   7.69917e+02
          8040   7.73521e+02   8.04000e+03  -5.63626e+01   1.10000e-02   7.70000e+02
          8041   7.73595e+02   8.04100e+03  -5.63589e+01   1.10000e-02   7.70083e+02
          8042   7.73669e+02   8.04200e+03  -5.63551e+01   1.10000e-02   7.70167e+02
          8043   7.73751e+02   8.04300e+03  -5.63521e+01   1.10000e-02   7.70250e+02
          8044   7.73843e+02   8.04400e+03  -5.63440e+01   1.10000e-02   7.70333e+02
          8045   7.73931e+02   8.04500e+03  -5.63387e+01   1.10000e-02   7.70417e+02
          8046   7.74012e+02   8.04600e+03  -5.63339e+01   1.10000e-02   7.70500e+02
          8047   7.74102e+02   8.04700e+03  -5.63290e+01   1.10000e-02   7.70583e+02
          8048   7.74175e+02   8.04800e+03  -5.63199e+01   1.10000e-02   7.70667e+02
          8049   7.74259e+02   8.04900e+03  -5.63137e+01   1.10000e-02   7.70750e+02
          8050   7.74344e+02   8.05000e+03  -5.63084e+01   1.10000e-02   7.70833e+02
          8051   7.74427e+02   8.05100e+03  -5.63048e+01   1.10000e-02   7.70917e+02
          8052   7.74514e+02   8.05200e+03  -5.63050e+01   1.10000e-02   7.71000e+02
          8053   7.74593e+02   8.05300e+03  -5.63032e+01   1.10000e-02   7.71083e+02
          8054   7.74677e+02   8.05400e+03  -5.62997e+01   1.10000e-02   7.71167e+02
          8055   7.74760e+02   8.05500e+03  -5.62951e+01   1.10000e-02   7.71250e+02
          8056   7.74848e+02   8.05600e+03  -5.62859e+01   1.10000e-02   7.71333e+02
          8057   7.74928e+02   8.05700e+03  -5.62795e+01   1.10000e-02   7.71417e+02
          8058   7.75009e+02   8.05800e+03  -5.62727e+01   1.10000e-02   7.71500e+02
          8059   7.75092e+02   8.05900e+03  -5.62647e+01   1.10000e-02   7.71583e+02
          8060   7.75174e+02   8.06000e+03  -5.62598e+01   1.10000e-02   7.71667e+02
          8061   7.75262e+02   8.06100e+03  -5.62509e+01   1.10000e-02   7.71750e+02
          8062   7.75336e+02   8.06200e+03  -5.62410e+01   1.10000e-02   7.71833e+02
          8063   7.75425e+02   8.06300e+03  -5.62304e+01   1.10000e-02   7.71917e+02
          8064   7.75503e+02   8.06400e+03  -5.62121e+01   1.10000e-02   7.72000e+02
          8065   7.75588e+02   8.06500e+03  -5.62014e+01   1.10000e-02   7.72083e+02
          8066   7.75671e+02   8.06600e+03  -5.61934e+01   1.10000e-02   7.72167e+02
          8067   7.75762e+02   8.06700e+03  -5.61863e+01   1.10000e-02   7.72250e+02
          8068   7.75841e+02   8.06800e+03  -5.61755e+01   1.10000e-02   7.72333e+02
          8069   7.75923e+02   8.06900e+03  -5.61670e+01   1.10000e-02   7.72417e+02
          8070   7.76006e+02   8.07000e+03  -5.61595e+01   1.10000e-02   7.72500e+02
          8071   7.76091e+02   8.07100e+03  -5.61532e+01   1.10000e-02   7.72583e+02
          8072   7.76166e+02   8.07200e+03  -5.61495e+01   1.10000e-02   7.72667e+02
          8073   7.76261e+02   8.07300e+03  -5.61436e+01   1.10000e-02   7.72750e+02
          8074   7.76342e+02   8.07400e+03  -5.61380e+01   1.10000e-02   7.72833e+02
          8075   7.76418e+02   8.07500e+03  -5.61328e+01   1.10000e-02   7.72917e+02
          8076   7.76506e+02   8.07600e+03  -5.61291e+01   1.10000e-02   7.73000e+02
          8077   7.76592e+02   8.07700e+03  -5.61258e+01   1.10000e-02   7.73083e+02
          8078   7.76671e+02   8.07800e+03  -5.61223e+01   1.10000e-02   7.73167e+02
          8079   7.76750e+02   8.07900e+03  -5.61192e+01   1.10000e-02   7.73250e+02
          8080   7.76830e+02   8.08000e+03  -5.61219e+01   1.10000e-02   7.73333e+02
          8081   7.76916e+02   8.08100e+03  -5.61251e+01   1.10000e-02   7.73417e+02
          8082   7.76994e+02   8.08200e+03  -5.61297e+01   1.10000e-02   7.73500e+02
          8083   7.77087e+02   8.08300e+03  -5.61370e+01   1.10000e-02   7.73583e+02
          8084   7.77170e+02   8.08400e+03  -5.61524e+01   1.10000e-02   7.73667e+02
          8085   7.77256e+02   8.08500e+03  -5.61676e+01   1.10000e-02   7.73750e+02
          8086   7.77334e+02   8.08600e+03  -5.61819e+01   1.10000e-02   7.73833e+02
          8087   7.77422e+02   8.08700e+03  -5.61953e+01   1.10000e-02   7.73917e+02
          8088   7.77500e+02   8.08800e+03  -5.62234e+01   1.10000e-02   7.74000e+02
          8089   7.77590e+02   8.08900e+03  -5.62423e+01   1.10000e-02   7.74083e+02
          8090   7.77666e+02   8.09000e+03  -5.62572e+01   1.10000e-02   7.74167e+02
          8091   7.77753e+02   8.09100e+03  -5.62708e+01   1.10000e-02   7.74250e+02
          8092   7.77831e+02   8.09200e+03  -5.62979e+01   1.10000e-02   7.74333e+02
          8093   7.77904e+02   8.09300e+03  -5.63185e+01   1.10000e-02   7.74417e+02
          8094   7.77996e+02   8.09400e+03  -5.63374e+01   1.10000e-02   7.74500e+02
          8095   7.78079e+02   8.09500e+03  -5.63551e+01   1.10000e-02   7.74583e+02
          8096   7.78161e+02   8.09600e+03  -5.63657e+01   1.09722e-02   7.74667e+02
          8097   7.78245e+02   8.09700e+03  -5.63777e+01   1.08819e-02   7.74750e+02
          8098   7.78329e+02   8.09800e+03  -5.63872e+01   1.07760e-02   7.74833e+02
          8099   7.78418e+02   8.09900e+03  -5.63965e+01   1.06667e-02   7.74917e+02
          8100   7.78499e+02   8.10000e+03  -5.63994e+01   1.04977e-02   7.75000e+02
          8101   7.78573e+02   8.10100e+03  -5.64041e+01   1.03770e-02   7.75083e+02
          8102   7.78656e+02   8.10200e+03  -5.64065e+01   1.02762e-02   7.75167e+02
          8103   7.78738e+02   8.10300e+03  -5.64062e+01   1.01852e-02   7.75250e+02
          8104   7.78818e+02   8.10400e+03  -5.63987e+01   1.01438e-02   7.75333e+02
          8105   7.78898e+02   8.10500e+03  -5.63958e+01   1.00953e-02   7.75417e+02
          8106   7.78983e+02   8.10600e+03  -5.63936e+01   1.00546e-02   7.75500e+02
          8107   7.79068e+02   8.10700e+03  -5.63910e+01   1.00206e-02   7.75583e+02
          8108   7.79151e+02   8.10800e+03  -5.63769e+01   1.00273e-02   7.75667e+02
          8109   7.79239e+02   8.10900e+03  -5.63702e+01   1.00184e-02   7.75750e+02
          8110   7.79318e+02   8.11000e+03  -5.63648e+01   1.00093e-02   7.75833e+02
          8111   7.79405e+02   8.11100e+03  -5.63607e+01   1.00023e-02   7.75917e+02
          8112   7.79489e+02   8.11200e+03  -5.63541e+01   1.00046e-02   7.76000e+02
          8113   7.79574e+02   8.11300e+03  -5.63507e+01   1.00031e-02   7.76083e+02
          8114   7.79656e+02   8.11400e+03  -5.63495e+01   1.00015e-02   7.76167e+02
          8115   7.79744e+02   8.11500e+03  -5.63496e+01   1.00003e-02   7.76250e+02
          8116   7.79826e+02   8.11600e+03  -5.63515e+01   1.00007e-02   7.76333e+02
          8117   7.79903e+02   8.11700e+03  -5.63505e+01   1.00005e-02   7.76417e+02
          8118   7.79983e+02   8.11800e+03  -5.63481e+01   1.00002e-02   7.76500e+02
          8119   7.80068e+02   8.11900e+03  -5.63448e+01   1.00000e-02   7.76583e+02
          8120   7.80159e+02   8.12000e+03  -5.63450e+01   1.00001e-02   7.76667e+02
          8121   7.80239e+02   8.12100e+03  -5.63422e+01   1.00001e-02   7.76750e+02
          8122   7.80322e+02   8.12200e+03  -5.63397e+01   1.00000e-02   7.76833e+02
          8123   7.80408e+02   8.12300e+03  -5.63367e+01   1.00000e-02   7.76917e+02
          8124   7.80485e+02   8.12400e+03  -5.63326e+01   1.00000e-02   7.77000e+02
          8125   7.80570e+02   8.12500e+03  -5.63288e+01   1.00000e-02   7.77083e+02
          8126   7.80654e+02   8.12600e+03  -5.63245e+01   1.00000e-02   7.77167e+02
          8127   7.80734e+02   8.12700e+03  -5.63191e+01   1.00000e-02   7.77250e+02
          8128   7.80818e+02   8.12800e+03  -5.63073e+01   1.00000e-02   7.77333e+02
          8129   7.80901e+02   8.12900e+03  -5.62975e+01   1.00000e-02   7.77417e+02
          8130   7.80983e+02   8.13000e+03  -5.62881e+01   1.00000e-02   7.77500e+02
          8131   7.81062e+02   8.13100e+03  -5.62803e+01   1.00000e-02   7.77583e+02
          8132   7.81143e+02   8.13200e+03  -5.62744e+01   1.00000e-02   7.77667e+02
          8133   7.81234e+02   8.13300e+03  -5.62709e+01   1.00000e-02   7.77750e+02
          8134   7.81315e+02   8.13400e+03  -5.62672e+01   1.00000e-02   7.77833e+02
          8135   7.81395e+02   8.13500e+03  -5.62647e+01   1.00000e-02   7.77917e+02
          8136   7.81485e+02   8.13600e+03  -5.62577e+01   1.00000e-02   7.78000e+02
          8137   7.81558e+02   8.13700e+03  -5.62522e+01   1.00000e-02   7.78083e+02
          8138   7.81645e+02   8.13800e+03  -5.62481e+01   1.00000e-02   7.78167e+02
          8139   7.81724e+02   8.13900e+03  -5.62464e+01   1.00000e-02   7.78250e+02
          8140   7.81803e+02   8.14000e+03  -5.62528e+01   1.00000e-02   7.78333e+02
          8141   7.81891e+02   8.14100e+03  -5.62533e+01   1.00000e-02   7.78417e+02
          8142   7.81967e+02   8.14200e+03  -5.62524e+01   1.00000e-02   7.78500e+02
          8143   7.82049e+02   8.14300e+03  -5.62509e+01   1.00000e-02   7.78583e+02
          8144   7.82133e+02   8.14400e+03  -5.62529e+01   1.00000e-02   7.78667e+02
          8145   7.82219e+02   8.14500e+03  -5.62553e+01   1.00000e-02   7.78750e+02
          8146   7.82299e+02   8.14600e+03  -5.62573e+01   1.00000e-02   7.78833e+02
          8147   7.82380e+02   8.14700e+03  -5.62602e+01   1.00000e-02   7.78917e+02
          8148   7.82464e+02   8.14800e+03  -5.62648e+01   1.00000e-02   7.79000e+02
          8149   7.82546e+02   8.14900e+03  -5.62685e+01   1.00000e-02   7.79083e+02
          8150   7.82631e+02   8.15000e+03  -5.62705e+01   1.00000e-02   7.79167e+02
          8151   7.82713e+02   8.15100e+03  -5.62724e+01   1.00000e-02   7.79250e+02
          8152   7.82802e+02   8.15200e+03  -5.62725e+01   1.00000e-02   7.79333e+02
          8153   7.82875e+02   8.15300e+03  -5.62737e+01   1.00000e-02   7.79417e+02
          8154   7.82953e+02   8.15400e+03  -5.62751e+01   1.00000e-02   7.79500e+02
          8155   7.83031e+02   8.15500e+03  -5.62753e+01   1.00000e-02   7.79583e+02
          8156   7.83117e+02   8.15600e+03  -5.62751e+01   1.00000e-02   7.79667e+02
          8157   7.83193e+02   8.15700e+03  -5.62740e+01   1.00000e-02   7.79750e+02
          8158   7.83277e+02   8.15800e+03  -5.62732e+01   1.00000e-02   7.79833e+02
          8159   7.83361e+02   8.15900e+03  -5.62720e+01   1.00000e-02   7.79917e+02
          8160   7.83447e+02   8.16000e+03  -5.62616e+01   1.00000e-02   7.80000e+02
          8161   7.83527e+02   8.16100e+03  -5.62541e+01   1.00000e-02   7.80083e+02
          8162   7.83607e+02   8.16200e+03  -5.62469e+01   1.00000e-02   7.80167e+02
          8163   7.83686e+02   8.16300e+03  -5.62383e+01   1.00000e-02   7.80250e+02
          8164   7.83773e+02   8.16400e+03  -5.62240e+01   1.00000e-02   7.80333e+02
          8165   7.83848e+02   8.16500e+03  -5.62125e+01   9.97222e-03   7.80417e+02
          8166   7.83925e+02   8.16600e+03  -5.62022e+01   9.88194e-03   7.80500e+02
          8167   7.84011e+02   8.16700e+03  -5.61926e+01   9.77778e-03   7.80583e+02
          8168   7.84087e+02   8.16800e+03  -5.61751e+01   9.63600e-03   7.80667e+02
          8169   7.84175e+02   8.16900e+03  -5.61630e+01   9.51799e-03   7.80750e+02
          8170   7.84258e+02   8.17000e+03  -5.61529e+01   9.40998e-03   7.80833e+02
          8171   7.84337e+02   8.17100e+03  -5.61435e+01   9.30864e-03   7.80917e+02
          8172   7.84421e+02   8.17200e+03  -5.61351e+01   9.21554e-03   7.81000e+02
          8173   7.84501e+02   8.17300e+03  -5.61286e+01   9.14255e-03   7.81083e+02
          8174   7.84590e+02   8.17400e+03  -5.61218e+01   9.08414e-03   7.81167e+02
          8175   7.84663e+02   8.17500e+03  -5.61146e+01   9.03429e-03   7.81250e+02
          8176   7.84745e+02   8.17600e+03  -5.61159e+01   9.04230e-03   7.81333e+02
          8177   7.84828e+02   8.17700e+03  -5.61135e+01   9.02836e-03   7.81417e+02
          8178   7.84918e+02   8.17800e+03  -5.61112e+01   9.01462e-03   7.81500e+02
          8179   7.84994e+02   8.17900e+03  -5.61081e+01   9.00381e-03   7.81583e+02
          8180   7.85067e+02   8.18000e+03  -5.61119e+01   9.00720e-03   7.81667e+02
          8181   7.85147e+02   8.18100e+03  -5.61100e+01   9.00491e-03   7.81750e+02
          8182   7.85229e+02   8.18200e+03  -5.61077e+01   9.00236e-03   7.81833e+02
          8183   7.85322e+02   8.18300e+03  -5.61045e+01   9.00042e-03   7.81917e+02
          8184   7.85404e+02   8.18400e+03  -5.61002e+01   9.00115e-03   7.82000e+02
          8185   7.85489e+02   8.18500e+03  -5.60969e+01   9.00079e-03   7.82083e+02
          8186   7.85567e+02   8.18600e+03  -5.60938e+01   9.00036e-03   7.82167e+02
          8187   7.85649e+02   8.18700e+03  -5.60907e+01   9.00005e-03   7.82250e+02
          8188   7.85731e+02   8.18800e+03  -5.60848e+01   9.00018e-03   7.82333e+02
          8189   7.85810e+02   8.18900e+03  -5.60787e+01   9.00012e-03   7.82417e+02
          8190   7.85897e+02   8.19000e+03  -5.60724e+01   9.00006e-03   7.82500e+02
          8191   7.85971e+02   8.19100e+03  -5.60666e+01   9.00001e-03   7.82583e+02
          8192   7.86061e+02   8.19200e+03  -5.60549e+01   9.00003e-03   7.82667e+02
          8193   7.86143e+02   8.19300e+03  -5.60476e+01   9.00002e-03   7.82750e+02
          8194   7.86226e+02   8.19400e+03  -5.60412e+01   9.00001e-03   7.82833e+02
          8195   7.86306e+02   8.19500e+03  -5.60345e+01   9.00000e-03   7.82917e+02
          8196   7.86386e+02   8.19600e+03  -5.60240e+01   9.00001e-03   7.83000e+02
          8197   7.86471e+02   8.19700e+03  -5.60150e+01   9.00000e-03   7.83083e+02
          8198   7.86551e+02   8.19800e+03  -5.60055e+01   9.00000e-03   7.83167e+02
          8199   7.86633e+02   8.19900e+03  -5.59959e+01   9.00000e-03   7.83250e+02
          8200   7.86721e+02   8.20000e+03  -5.59865e+01   9.00000e-03   7.83333e+02
          8201   7.86798e+02   8.20100e+03  -5.59779e+01   9.00000e-03   7.83417e+02
          8202   7.86888e+02   8.20200e+03  -5.59699e+01   9.00000e-03   7.83500e+02
          8203   7.86966e+02   8.20300e+03  -5.59619e+01   9.00000e-03   7.83583e+02
          8204   7.87050e+02   8.20400e+03  -5.59556e+01   9.00000e-03   7.83667e+02
          8205   7.87134e+02   8.20500e+03  -5.59515e+01   9.00000e-03   7.83750e+02
          8206   7.87213e+02   8.20600e+03  -5.59478e+01   9.00000e-03   7.83833e+02
          8207   7.87297e+02   8.20700e+03  -5.59436e+01   9.00000e-03   7.83917e+02
          8208   7.87378e+02   8.20800e+03  -5.59412e+01   9.00000e-03   7.84000e+02
          8209   7.87465e+02   8.20900e+03  -5.59378e+01   9.00000e-03   7.84083e+02
          8210   7.87546e+02   8.21000e+03  -5.59357e+01   9.00000e-03   7.84167e+02
          8211   7.87626e+02   8.21100e+03  -5.59336e+01   9.00000e-03   7.84250e+02
          8212   7.87712e+02   8.21200e+03  -5.59381e+01   9.00000e-03   7.84333e+02
          8213   7.87789e+02   8.21300e+03  -5.59383e+01   9.00000e-03   7.84417e+02
          8214   7.87871e+02   8.21400e+03  -5.59369e+01   9.00000e-03   7.84500e+02
          8215   7.87954e+02   8.21500e+03  -5.59343e+01   9.00000e-03   7.84583e+02
          8216   7.88038e+02   8.21600e+03  -5.59351e+01   9.00000e-03   7.84667e+02
          8217   7.88118e+02   8.21700e+03  -5.59341e+01   9.00000e-03   7.84750e+02
          8218   7.88198e+02   8.21800e+03  -5.59312e+01   9.00000e-03   7.84833e+02
          8219   7.88284e+02   8.21900e+03  -5.59264e+01   9.00000e-03   7.84917e+02
          8220   7.88365e+02   8.22000e+03  -5.59264e+01   9.00000e-03   7.85000e+02
          8221   7.88455e+02   8.22100e+03  -5.59242e+01   9.00000e-03   7.85083e+02
          8222   7.88536e+02   8.22200e+03  -5.59217e+01   9.00000e-03   7.85167e+02
          8223   7.88615e+02   8.22300e+03  -5.59185e+01   9.00000e-03   7.85250e+02
          8224   7.88699e+02   8.22400e+03  -5.59111e+01   9.00000e-03   7.85333e+02
          8225   7.88782e+02   8.22500e+03  -5.59057e+01   9.00000e-03   7.85417e+02
          8226   7.88861e+02   8.22600e+03  -5.59017e+01   9.00000e-03   7.85500e+02
          8227   7.88945e+02   8.22700e+03  -5.58986e+01   9.00000e-03   7.85583e+02
          8228   7.89029e+02   8.22800e+03  -5.58919e+01   9.00000e-03   7.85667e+02
          8229   7.89113e+02   8.22900e+03  -5.58871e+01   9.00000e-03   7.85750e+02
          8230   7.89202e+02   8.23000e+03  -5.58818e+01   9.00000e-03   7.85833e+02
          8231   7.89276e+02   8.23100e+03  -5.58766e+01   9.00000e-03   7.85917e+02
          8232   7.89358e+02   8.23200e+03  -5.58707e+01   9.00000e-03   7.86000e+02
          8233   7.89435e+02   8.23300e+03  -5.58656e+01   9.00000e-03   7.86083e+02
          8234   7.89521e+02   8.23400e+03  -5.58600e+01   9.00000e-03   7.86167e+02
          8235   7.89607e+02   8.23500e+03  -5.58531e+01   9.00000e-03   7.86250e+02
          8236   7.89691e+02   8.23600e+03  -5.58487e+01   8.88889e-03   7.86333e+02
          8237   7.89775e+02   8.23700e+03  -5.58421e+01   8.77778e-03   7.86417e+02
          8238   7.89870e+02   8.23800e+03  -5.58342e+01   8.66667e-03   7.86500e+02
          8239   7.89942e+02   8.23900e+03  -5.58249e+01   8.55556e-03   7.86583e+02
          8240   7.90022e+02   8.24000e+03  -5.58134e+01   8.35494e-03   7.86667e+02
          8241   7.90103e+02   8.24100e+03  -5.58053e+01   8.23380e-03   7.86750e+02
          8242   7.90195e+02   8.24200e+03  -5.57967e+01   8.14178e-03   7.86833e+02
          8243   7.90274e+02   8.24300e+03  -5.57870e+01   8.06173e-03   7.86917e+02
          8244   7.90356e+02   8.24400e+03  -5.57752e+01   8.07159e-03   7.87000e+02
          8245   7.90444e+02   8.24500e+03  -5.57651e+01   8.04785e-03   7.87083e+02
          8246   7.90519e+02   8.24600e+03  -5.57549e+01   8.02498e-03   7.87167e+02
          8247   7.90602e+02   8.24700e+03  -5.57456e+01   8.00686e-03   7.87250e+02
          8248   7.90695e+02   8.24800e+03  -5.57350e+01   8.01233e-03   7.87333e+02
          8249   7.90768e+02   8.24900e+03  -5.57257e+01   8.03617e-03   7.87417e+02
          8250   7.90856e+02   8.25000e+03  -5.57185e+01   8.12211e-03   7.87500e+02
          8251   7.90939e+02   8.25100e+03  -5.57120e+01   8.22299e-03   7.87583e+02
          8252   7.91025e+02   8.25200e+03  -5.57079e+01   8.36598e-03   7.87667e+02
          8253   7.91101e+02   8.25300e+03  -5.57019e+01   8.48338e-03   7.87750e+02
          8254   7.91187e+02   8.25400e+03  -5.56936e+01   8.59066e-03   7.87833e+02
          8255   7.91273e+02   8.25500e+03  -5.56850e+01   8.69144e-03   7.87917e+02
          8256   7.91352e+02   8.25600e+03  -5.56836e+01   8.78476e-03   7.88000e+02
          8257   7.91433e+02   8.25700e+03  -5.56802e+01   8.85766e-03   7.88083e+02
          8258   7.91522e+02   8.25800e+03  -5.56757e+01   8.91596e-03   7.88167e+02
          8259   7.91596e+02   8.25900e+03  -5.56688e+01   8.96572e-03   7.88250e+02
          8260   7.91681e+02   8.26000e+03  -5.56630e+01   8.95775e-03   7.88333e+02
          8261   7.91765e+02   8.26100e+03  -5.56564e+01   8.97167e-03   7.88417e+02
          8262   7.91846e+02   8.26200e+03  -5.56503e+01   8.98539e-03   7.88500e+02
          8263   7.91929e+02   8.26300e+03  -5.56443e+01   8.99619e-03   7.88583e+02
          8264   7.92014e+02   8.26400e+03  -5.56351e+01   8.99281e-03   7.88667e+02
          8265   7.92093e+02   8.26500e+03  -5.56283e+01   8.99509e-03   7.88750e+02
          8266   7.92177e+02   8.26600e+03  -5.56227e+01   8.99764e-03   7.88833e+02
          8267   7.92258e+02   8.26700e+03  -5.56179e+01   8.99958e-03   7.88917e+02
          8268   7.92342e+02   8.26800e+03  -5.56066e+01   8.99886e-03   7.89000e+02
          8269   7.92424e+02   8.26900e+03  -5.56002e+01   8.99921e-03   7.89083e+02
          8270   7.92508e+02   8.27000e+03  -5.55963e+01   8.99964e-03   7.89167e+02
          8271   7.92586e+02   8.27100e+03  -5.55928e+01   8.99995e-03   7.89250e+02
          8272   7.92672e+02   8.27200e+03  -5.55886e+01   8.99982e-03   7.89333e+02
          8273   7.92756e+02   8.27300e+03  -5.55834e+01   8.99988e-03   7.89417e+02
          8274   7.92835e+02   8.27400e+03  -5.55792e+01   8.99995e-03   7.89500e+02
          8275   7.92917e+02   8.27500e+03  -5.55745e+01   8.99999e-03   7.89583e+02
          8276   7.93002e+02   8.27600e+03  -5.55720e+01   8.99997e-03   7.89667e+02
          8277   7.93079e+02   8.27700e+03  -5.55698e+01   8.99998e-03   7.89750e+02
          8278   7.93162e+02   8.27800e+03  -5.55677e+01   8.99999e-03   7.89833e+02
          8279   7.93243e+02   8.27900e+03  -5.55659e+01   9.00000e-03   7.89917e+02
          8280   7.93332e+02   8.28000e+03  -5.55654e+01   9.00000e-03   7.90000e+02
          8281   7.93411e+02   8.28100e+03  -5.55671e+01   9.00000e-03   7.90083e+02
          8282   7.93494e+02   8.28200e+03  -5.55697e+01   9.00000e-03   7.90167e+02
          8283   7.93572e+02   8.28300e+03  -5.55716e+01   9.00000e-03   7.90250e+02
          8284   7.93653e+02   8.28400e+03  -5.55761e+01   9.00000e-03   7.90333e+02
          8285   7.93742e+02   8.28500e+03  -5.55774e+01   9.00000e-03   7.90417e+02
          8286   7.93821e+02   8.28600e+03  -5.55790e+01   9.00000e-03   7.90500e+02
          8287   7.93908e+02   8.28700e+03  -5.55806e+01   9.00000e-03   7.90583e+02
          8288   7.93987e+02   8.28800e+03  -5.55876e+01   9.00000e-03   7.90667e+02
          8289   7.94074e+02   8.28900e+03  -5.55915e+01   9.00000e-03   7.90750e+02
          8290   7.94145e+02   8.29000e+03  -5.55958e+01   9.00000e-03   7.90833e+02
          8291   7.94230e+02   8.29100e+03  -5.55999e+01   9.00000e-03   7.90917e+02
          8292   7.94324e+02   8.29200e+03  -5.56004e+01   9.00000e-03   7.91000e+02
          8293   7.94399e+02   8.29300e+03  -5.56027e+01   9.00000e-03   7.91083e+02
          8294   7.94474e+02   8.29400e+03  -5.56048e+01   9.00000e-03   7.91167e+02
          8295   7.94565e+02   8.29500e+03  -5.56074e+01   9.00000e-03   7.91250e+02
          8296   7.94647e+02   8.29600e+03  -5.56110e+01   9.00000e-03   7.91333e+02
          8297   7.94720e+02   8.29700e+03  -5.56132e+01   9.00000e-03   7.91417e+02
          8298   7.94800e+02   8.29800e+03  -5.56134e+01   9.00000e-03   7.91500e+02
          8299   7.94873e+02   8.29900e+03  -5.56109e+01   9.00000e-03   7.91583e+02
          8300   7.94958e+02   8.30000e+03  -5.56069e+01   9.00000e-03   7.91667e+02
          8301   7.95036e+02   8.30100e+03  -5.56040e+01   9.00000e-03   7.91750e+02
          8302   7.95112e+02   8.30200e+03  -5.56009e+01   9.00000e-03   7.91833e+02
          8303   7.95197e+02   8.30300e+03  -5.55968e+01   9.00000e-03   7.91917e+02
          8304   7.95271e+02   8.30400e+03  -5.55894e+01   8.88889e-03   7.92000e+02
          8305   7.95346e+02   8.30500e+03  -5.55847e+01   8.77778e-03   7.92083e+02
          8306   7.95428e+02   8.30600e+03  -5.55788e+01   8.66667e-03   7.92167e+02
          8307   7.95512e+02   8.30700e+03  -5.55718e+01   8.55556e-03   7.92250e+02
          8308   7.95583e+02   8.30800e+03  -5.55578e+01   8.35494e-03   7.92333e+02
          8309   7.95663e+02   8.30900e+03  -5.55479e+01   8.23380e-03   7.92417e+02
          8310   7.95743e+02   8.31000e+03  -5.55387e+01   8.14178e-03   7.92500e+02
          8311   7.95814e+02   8.31100e+03  -5.55289e+01   8.06173e-03   7.92583e+02
          8312   7.95898e+02   8.31200e+03  -5.55182e+01   8.07159e-03   7.92667e+02
          8313   7.95979e+02   8.31300e+03  -5.55082e+01   8.04785e-03   7.92750e+02
          8314   7.96051e+02   8.31400e+03  -5.55001e+01   8.02498e-03   7.92833e+02
          8315   7.96128e+02   8.31500e+03  -5.54926e+01   8.00686e-03   7.92917e+02
          8316   7.96213e+02   8.31600e+03  -5.54813e+01   8.01233e-03   7.93000e+02
          8317   7.96293e+02   8.31700e+03  -5.54732e+01   8.00840e-03   7.93083e+02
          8318   7.96373e+02   8.31800e+03  -5.54659e+01   8.00406e-03   7.93167e+02
          8319   7.96461e+02   8.31900e+03  -5.54596e+01   8.00076e-03   7.93250e+02
          8320   7.96538e+02   8.32000e+03  -5.54562e+01   8.00198e-03   7.93333e+02
          8321   7.96616e+02   8.32100e+03  -5.54524e+01   8.00136e-03   7.93417e+02
          8322   7.96697e+02   8.32200e+03  -5.54475e+01   8.00063e-03   7.93500e+02
          8323   7.96777e+02   8.32300e+03  -5.54392e+01   8.00009e-03   7.93583e+02
          8324   7.96850e+02   8.32400e+03  -5.54312e+01   8.00031e-03   7.93667e+02
          8325   7.96926e+02   8.32500e+03  -5.54169e+01   8.00021e-03   7.93750e+02
          8326   7.97015e+02   8.32600e+03  -5.54022e+01   8.00010e-03   7.93833e+02
          8327   7.97091e+02   8.32700e+03  -5.53919e+01   8.00001e-03   7.93917e+02
          8328   7.97174e+02   8.32800e+03  -5.53708e+01   8.00005e-03   7.94000e+02
          8329   7.97252e+02   8.32900e+03  -5.53651e+01   8.00003e-03   7.94083e+02
          8330   7.97324e+02   8.33000e+03  -5.53485e+01   8.00002e-03   7.94167e+02
          8331   7.97409e+02   8.33100e+03  -5.53191e+01   8.00000e-03   7.94250e+02
          8332   7.97500e+02   8.33200e+03  -5.52573e+01   8.00001e-03   7.94333e+02
          8333   7.97576e+02   8.33300e+03  -5.52335e+01   8.00001e-03   7.94417e+02
          8334   7.97665e+02   8.33400e+03  -5.52059e+01   8.00000e-03   7.94500e+02
          8335   7.97752e+02   8.33500e+03  -5.51692e+01   8.00000e-03   7.94583e+02
          8336   7.97825e+02   8.33600e+03  -5.51268e+01   8.00000e-03   7.94667e+02
          8337   7.97908e+02   8.33700e+03  -5.50845e+01   8.00000e-03   7.94750e+02
          8338   7.97993e+02   8.33800e+03  -5.50761e+01   8.00000e-03   7.94833e+02
          8339   7.98074e+02   8.33900e+03  -5.50960e+01   8.00000e-03   7.94917e+02
          8340   7.98152e+02   8.34000e+03  -5.51681e+01   8.00000e-03   7.95000e+02
          8341   7.98227e+02   8.34100e+03  -5.52016e+01   8.00000e-03   7.95083e+02
          8342   7.98310e+02   8.34200e+03  -5.52173e+01   7.97222e-03   7.95167e+02
          8343   7.98395e+02   8.34300e+03  -5.52267e+01   7.88889e-03   7.95250e+02
          8344   7.98471e+02   8.34400e+03  -5.52410e+01   7.76620e-03   7.95333e+02
          8345   7.98548e+02   8.34500e+03  -5.52520e+01   7.65220e-03   7.95417e+02
          8346   7.98635e+02   8.34600e+03  -5.52642e+01   7.54114e-03   7.95500e+02
          8347   7.98711e+02   8.34700e+03  -5.52774e+01   7.43210e-03   7.95583e+02
          8348   7.98794e+02   8.34800e+03  -5.52801e+01   7.28604e-03   7.95667e+02
          8349   7.98889e+02   8.34900e+03  -5.52877e+01   7.18885e-03   7.95750e+02
          8350   7.98967e+02   8.35000e+03  -5.52917e+01   7.11328e-03   7.95833e+02
          8351   7.99046e+02   8.35100e+03  -5.52936e+01   7.04801e-03   7.95917e+02
          8352   7.99127e+02   8.35200e+03  -5.52865e+01   7.05707e-03   7.96000e+02
          8353   7.99210e+02   8.35300e+03  -5.52825e+01   7.03820e-03   7.96083e+02
          8354   7.99293e+02   8.35400e+03  -5.52802e+01   7.01984e-03   7.96167e+02
          8355   7.99372e+02   8.35500e+03  -5.52794e+01   7.00533e-03   7.96250e+02
          8356   7.99455e+02   8.35600e+03  -5.52698e+01   7.00979e-03   7.96333e+02
          8357   7.99534e+02   8.35700e+03  -5.52646e+01   7.00667e-03   7.96417e+02
          8358   7.99618e+02   8.35800e+03  -5.52603e+01   7.00321e-03   7.96500e+02
          8359   7.99701e+02   8.35900e+03  -5.52555e+01   7.00059e-03   7.96583e+02
          8360   7.99793e+02   8.36000e+03  -5.52405e+01   7.00156e-03   7.96667e+02
          8361   7.99865e+02   8.36100e+03  -5.52321e+01   7.00108e-03   7.96750e+02
          8362   7.99954e+02   8.36200e+03  -5.52253e+01   7.00050e-03   7.96833e+02
          8363   8.00025e+02   8.36300e+03  -5.52201e+01   7.00007e-03   7.96917e+02
          8364   8.00117e+02   8.36400e+03  -5.52324e+01   7.00024e-03   7.97000e+02
          8365   8.00199e+02   8.36500e+03  -5.52412e+01   7.00017e-03   7.97083e+02
          8366   8.00277e+02   8.36600e+03  -5.52362e+01   7.00007e-03   7.97167e+02
          8367   8.00362e+02   8.36700e+03  -5.52186e+01   7.00001e-03   7.97250e+02
          8368   8.00442e+02   8.36800e+03  -5.52190e+01   7.00004e-03   7.97333e+02
          8369   8.00527e+02   8.36900e+03  -5.52169e+01   7.00002e-03   7.97417e+02
          8370   8.00611e+02   8.37000e+03  -5.52142e+01   7.00001e-03   7.97500e+02
          8371   8.00695e+02   8.37100e+03  -5.52152e+01   7.00000e-03   7.97583e+02
          8372   8.00770e+02   8.37200e+03  -5.53140e+01   7.00001e-03   7.97667e+02
          8373   8.00869e+02   8.37300e+03  -5.54300e+01   7.00000e-03   7.97750e+02
          8374   8.00961e+02   8.37400e+03  -5.55377e+01   7.00000e-03   7.97833e+02
          8375   8.01040e+02   8.37500e+03  -5.56354e+01   7.00000e-03   7.97917e+02
          8376   8.01131e+02   8.37600e+03  -5.57310e+01   6.88889e-03   7.98000e+02
          8377   8.01202e+02   8.37700e+03  -5.58097e+01   6.77778e-03   7.98083e+02
          8378   8.01270e+02   8.37800e+03  -5.58809e+01   6.66667e-03   7.98167e+02
          8379   8.01334e+02   8.37900e+03  -5.59523e+01   6.55556e-03   7.98250e+02
          8380   8.01409e+02   8.38000e+03  -5.60173e+01   6.35494e-03   7.98333e+02
          8381   8.01471e+02   8.38100e+03  -5.60903e+01   6.23380e-03   7.98417e+02
          8382   8.01526e+02   8.38200e+03  -5.61700e+01   6.14178e-03   7.98500e+02
          8383   8.01581e+02   8.38300e+03  -5.62485e+01   6.06173e-03   7.98583e+02
          8384   8.01630e+02   8.38400e+03  -5.62819e+01   6.07159e-03   7.98667e+02
          8385   8.01691e+02   8.38500e+03  -5.63398e+01   6.04785e-03   7.98750e+02
          8386   8.01729e+02   8.38600e+03  -5.63986e+01   6.02498e-03   7.98833e+02
          8387   8.01772e+02   8.38700e+03  -5.64502e+01   6.00686e-03   7.98917e+02
          8388   8.01809e+02   8.38800e+03  -5.64567e+01   6.01233e-03   7.99000e+02
          8389   8.01855e+02   8.38900e+03  -5.64878e+01   6.00839e-03   7.99083e+02
          8390   8.01890e+02   8.39000e+03  -5.65068e+01   6.00406e-03   7.99167e+02
          8391   8.01928e+02   8.39100e+03  -5.65142e+01   6.00076e-03   7.99250e+02
          8392   8.01953e+02   8.39200e+03  -5.65079e+01   6.00198e-03   7.99333e+02
          8393   8.01994e+02   8.39300e+03  -5.65148e+01   6.00136e-03   7.99417e+02
          8394   8.02024e+02   8.39400e+03  -5.65219e+01   6.00063e-03   7.99500e+02
          8395   8.02060e+02   8.39500e+03  -5.65272e+01   6.00009e-03   7.99583e+02
          8396   8.02086e+02   8.39600e+03  -5.65155e+01   6.00030e-03   7.99667e+02
          8397   8.02106e+02   8.39700e+03  -5.65125e+01   6.00021e-03   7.99750e+02
          8398   8.02125e+02   8.39800e+03  -5.65124e+01   6.00010e-03   7.99833e+02
          8399   8.02154e+02   8.39900e+03  -5.65119e+01   6.00001e-03   7.99917e+02
          8400   8.02182e+02   8.40000e+03  -5.64992e+01   6.00005e-03   8.00000e+02
          8401   8.02215e+02   8.40100e+03  -5.64953e+01   6.00003e-03   8.00000e+02
          8402   8.02226e+02   8.40200e+03  -5.64938e+01   6.00001e-03   8.00000e+02
          8403   8.02253e+02   8.40300e+03  -5.64918e+01   6.00000e-03   8.00000e+02
          8404   8.02268e+02   8.40400e+03  -5.64885e+01   6.00001e-03   8.00000e+02
          8405   8.02288e+02   8.40500e+03  -5.64850e+01   6.00001e-03   8.00000e+02
          8406   8.02306e+02   8.40600e+03  -5.64799e+01   6.00000e-03   8.00000e+02
          8407   8.02321e+02   8.40700e+03  -5.64740e+01   6.00000e-03   8.00000e+02
          8408   8.02339e+02   8.40800e+03  -5.64732e+01   6.00000e-03   8.00000e+02
          8409   8.02359e+02   8.40900e+03  -5.64693e+01   6.00000e-03   8.00000e+02
          8410   8.02375e+02   8.41000e+03  -5.64631e+01   6.00000e-03   8.00000e+02
          8411   8.02395e+02   8.41100e+03  -5.64558e+01   6.00000e-03   8.00000e+02
          8412   8.02405e+02   8.41200e+03  -5.64434e+01   6.00000e-03   8.00000e+02
          8413   8.02416e+02   8.41300e+03  -5.64354e+01   6.00000e-03   8.00000e+02
          8414   8.02428e+02   8.41400e+03  -5.64279e+01   6.00000e-03   8.00000e+02
          8415   8.02435e+02   8.41500e+03  -5.64189e+01   6.00000e-03   8.00000e+02
          8416   8.02454e+02   8.41600e+03  -5.64013e+01   6.00000e-03   8.00000e+02
          8417   8.02470e+02   8.41700e+03  -5.63869e+01   6.00000e-03   8.00000e+02
          8418   8.02481e+02   8.41800e+03  -5.63710e+01   6.00000e-03   8.00000e+02
          8419   8.02496e+02   8.41900e+03  -5.63561e+01   6.00000e-03   8.00000e+02
          8420   8.02510e+02   8.42000e+03  -5.63426e+01   6.00000e-03   8.00000e+02
          8421   8.02513e+02   8.42100e+03  -5.63315e+01   6.00000e-03   8.00000e+02
          8422   8.02518e+02   8.42200e+03  -5.63209e+01   6.00000e-03   8.00000e+02
          8423   8.02538e+02   8.42300e+03  -5.63105e+01   6.00000e-03   8.00000e+02
          8424   8.02553e+02   8.42400e+03  -5.62966e+01   6.00000e-03   8.00000e+02
          8425   8.02561e+02   8.42500e+03  -5.62860e+01   6.00000e-03   8.00000e+02
          8426   8.02574e+02   8.42600e+03  -5.62774e+01   6.00000e-03   8.00000e+02
          8427   8.02586e+02   8.42700e+03  -5.62710e+01   6.00000e-03   8.00000e+02
          8428   8.02591e+02   8.42800e+03  -5.62677e+01   6.00000e-03   8.00000e+02
          8429   8.02602e+02   8.42900e+03  -5.62605e+01   6.00000e-03   8.00000e+02
          8430   8.02607e+02   8.43000e+03  -5.62525e+01   6.00000e-03   8.00000e+02
          8431   8.02619e+02   8.43100e+03  -5.62417e+01   6.00000e-03   8.00000e+02
          8432   8.02624e+02   8.43200e+03  -5.62349e+01   6.00000e-03   8.00000e+02
          8433   8.02630e+02   8.43300e+03  -5.62270e+01   6.00000e-03   8.00000e+02
          8434   8.02639e+02   8.43400e+03  -5.62198e+01   6.00000e-03   8.00000e+02
          8435   8.02645e+02   8.43500e+03  -5.62132e+01   6.00000e-03   8.00000e+02
          8436   8.02654e+02   8.43600e+03  -5.62076e+01   6.00000e-03   8.00000e+02
          8437   8.02657e+02   8.43700e+03  -5.62050e+01   6.00000e-03   8.00000e+02
          8438   8.02667e+02   8.43800e+03  -5.62050e+01   6.00000e-03   8.00000e+02
          8439   8.02679e+02   8.43900e+03  -5.62057e+01   6.00000e-03   8.00000e+02
          8440   8.02681e+02   8.44000e+03  -5.62066e+01   6.00000e-03   8.00000e+02
          8441   8.02687e+02   8.44100e+03  -5.62080e+01   6.00000e-03   8.00000e+02
          8442   8.02695e+02   8.44200e+03  -5.62093e+01   6.00000e-03   8.00000e+02
          8443   8.02693e+02   8.44300e+03  -5.62108e+01   6.00000e-03   8.00000e+02
          8444   8.02704e+02   8.44400e+03  -5.62218e+01   6.00000e-03   8.00000e+02
          8445   8.02707e+02   8.44500e+03  -5.62234e+01   6.00000e-03   8.00000e+02
          8446   8.02713e+02   8.44600e+03  -5.62223e+01   5.97222e-03   8.00000e+02
          8447   8.02711e+02   8.44700e+03  -5.62213e+01   5.88889e-03   8.00000e+02
          8448   8.02710e+02   8.44800e+03  -5.62217e+01   5.76620e-03   8.00000e+02
          8449   8.02722e+02   8.44900e+03  -5.62207e+01   5.65220e-03   8.00000e+02
          8450   8.02735e+02   8.45000e+03  -5.62178e+01   5.54114e-03   8.00000e+02
          8451   8.02743e+02   8.45100e+03  -5.62134e+01   5.43210e-03   8.00000e+02
          8452   8.02751e+02   8.45200e+03  -5.61966e+01   5.28604e-03   8.00000e+02
          8453   8.02752e+02   8.45300e+03  -5.61883e+01   5.18885e-03   8.00000e+02
          8454   8.02751e+02   8.45400e+03  -5.61839e+01   5.11328e-03   8.00000e+02
          8455   8.02763e+02   8.45500e+03  -5.61821e+01   5.04801e-03   8.00000e+02
          8456   8.02759e+02   8.45600e+03  -5.61809e+01   5.05707e-03   8.00000e+02
          8457   8.02765e+02   8.45700e+03  -5.61812e+01   5.03820e-03   8.00000e+02
          8458   8.02767e+02   8.45800e+03  -5.61819e+01   5.01984e-03   8.00000e+02
          8459   8.02778e+02   8.45900e+03  -5.61824e+01   5.00533e-03   8.00000e+02
          8460   8.02785e+02   8.46000e+03  -5.61829e+01   5.00979e-03   8.00000e+02
          8461   8.02789e+02   8.46100e+03  -5.61845e+01   5.00667e-03   8.00000e+02
          8462   8.02792e+02   8.46200e+03  -5.61881e+01   5.00321e-03   8.00000e+02
          8463   8.02797e+02   8.46300e+03  -5.61922e+01   5.00059e-03   8.00000e+02
          8464   8.02791e+02   8.46400e+03  -5.62094e+01   5.00156e-03   8.00000e+02
          8465   8.02798e+02   8.46500e+03  -5.62149e+01   5.00108e-03   8.00000e+02
          8466   8.02800e+02   8.46600e+03  -5.62173e+01   5.00050e-03   8.00000e+02
          8467   8.02802e+02   8.46700e+03  -5.62188e+01   5.00007e-03   8.00000e+02
          8468   8.02810e+02   8.46800e+03  -5.62188e+01   5.00024e-03   8.00000e+02
          8469   8.02813e+02   8.46900e+03  -5.62216e+01   5.00017e-03   8.00000e+02
          8470   8.02815e+02   8.47000e+03  -5.62254e+01   5.00007e-03   8.00000e+02
          8471   8.02815e+02   8.47100e+03  -5.62292e+01   5.00001e-03   8.00000e+02
          8472   8.02811e+02   8.47200e+03  -5.62291e+01   5.00004e-03   8.00000e+02
          8473   8.02830e+02   8.47300e+03  -5.62309e+01   5.00002e-03   8.00000e+02
          8474   8.02829e+02   8.47400e+03  -5.62313e+01   5.00001e-03   8.00000e+02
          8475   8.02830e+02   8.47500e+03  -5.62310e+01   5.00000e-03   8.00000e+02
          8476   8.02834e+02   8.47600e+03  -5.62288e+01   5.00000e-03   8.00000e+02
          8477   8.02842e+02   8.47700e+03  -5.62292e+01   5.00000e-03   8.00000e+02
          8478   8.02838e+02   8.47800e+03  -5.62284e+01   5.00000e-03   8.00000e+02
          8479   8.02845e+02   8.47900e+03  -5.62258e+01   5.00000e-03   8.00000e+02
          8480   8.02839e+02   8.48000e+03  -5.62246e+01   5.00000e-03   8.00000e+02
          8481   8.02843e+02   8.48100e+03  -5.62258e+01   5.00000e-03   8.00000e+02
          8482   8.02850e+02   8.48200e+03  -5.62272e+01   5.00000e-03   8.00000e+02
          8483   8.02854e+02   8.48300e+03  -5.62280e+01   5.00000e-03   8.00000e+02
          8484   8.02854e+02   8.48400e+03  -5.62261e+01   5.00000e-03   8.00000e+02
          8485   8.02860e+02   8.48500e+03  -5.62274e+01   5.00000e-03   8.00000e+02
          8486   8.02850e+02   8.48600e+03  -5.62311e+01   5.00000e-03   8.00000e+02
          8487   8.02857e+02   8.48700e+03  -5.62360e+01   5.00000e-03   8.00000e+02
          8488   8.02860e+02   8.48800e+03  -5.62470e+01   5.00000e-03   8.00000e+02
          8489   8.02863e+02   8.48900e+03  -5.62568e+01   5.00000e-03   8.00000e+02
          8490   8.02859e+02   8.49000e+03  -5.62661e+01   5.00000e-03   8.00000e+02
          8491   8.02860e+02   8.49100e+03  -5.62757e+01   5.00000e-03   8.00000e+02
          8492   8.02869e+02   8.49200e+03  -5.62871e+01   5.00000e-03   8.00000e+02
          8493   8.02876e+02   8.49300e+03  -5.62941e+01   5.00000e-03   8.00000e+02
          8494   8.02873e+02   8.49400e+03  -5.63011e+01   5.00000e-03   8.00000e+02
          8495   8.02869e+02   8.49500e+03  -5.63078e+01   5.00000e-03   8.00000e+02
          8496   8.02873e+02   8.49600e+03  -5.63227e+01   5.00000e-03   8.00000e+02
          8497   8.02872e+02   8.49700e+03  -5.63325e+01   5.00000e-03   8.00000e+02
          8498   8.02871e+02   8.49800e+03  -5.63414e+01   5.00000e-03   8.00000e+02
          8499   8.02869e+02   8.49900e+03  -5.63506e+01   5.00000e-03   8.00000e+02
          8500   8.02884e+02   8.50000e+03  -5.63516e+01   5.00000e-03   8.00000e+02
          8501   8.02889e+02   8.50100e+03  -5.63575e+01   5.00000e-03   8.00000e+02
          8502   8.02885e+02   8.50200e+03  -5.63651e+01   5.00000e-03   8.00000e+02
          8503   8.02882e+02   8.50300e+03  -5.63728e+01   5.00000e-03   8.00000e+02
          8504   8.02886e+02   8.50400e+03  -5.63829e+01   5.00000e-03   8.00000e+02
          8505   8.02877e+02   8.50500e+03  -5.63936e+01   5.00000e-03   8.00000e+02
          8506   8.02891e+02   8.50600e+03  -5.64041e+01   5.00000e-03   8.00000e+02
          8507   8.02885e+02   8.50700e+03  -5.64143e+01   5.00000e-03   8.00000e+02
          8508   8.02889e+02   8.50800e+03  -5.64253e+01   5.00000e-03   8.00000e+02
          8509   8.02887e+02   8.50900e+03  -5.64329e+01   4.97222e-03   8.00000e+02
          8510   8.02898e+02   8.51000e+03  -5.64405e+01   4.88194e-03   8.00000e+02
          8511   8.02894e+02   8.51100e+03  -5.64485e+01   4.77778e-03   8.00000e+02
          8512   8.02893e+02   8.51200e+03  -5.64568e+01   4.63600e-03   8.00000e+02
          8513   8.02895e+02   8.51300e+03  -5.64641e+01   4.51799e-03   8.00000e+02
          8514   8.02891e+02   8.51400e+03  -5.64718e+01   4.40998e-03   8.00000e+02
          8515   8.02898e+02   8.51500e+03  -5.64803e+01   4.30864e-03   8.00000e+02
          8516   8.02887e+02   8.51600e+03  -5.64855e+01   4.21554e-03   8.00000e+02
          8517   8.02899e+02   8.51700e+03  -5.64939e+01   4.14255e-03   8.00000e+02
          8518   8.02910e+02   8.51800e+03  -5.65019e+01   4.08413e-03   8.00000e+02
          8519   8.02908e+02   8.51900e+03  -5.65091e+01   4.03429e-03   8.00000e+02
          8520   8.02903e+02   8.52000e+03  -5.65173e+01   4.04230e-03   8.00000e+02
          8521   8.02912e+02   8.52100e+03  -5.65249e+01   4.02836e-03   8.00000e+02
          8522   8.02909e+02   8.52200e+03  -5.65321e+01   4.01462e-03   8.00000e+02
          8523   8.02912e+02   8.52300e+03  -5.65401e+01   4.00381e-03   8.00000e+02
          8524   8.02910e+02   8.52400e+03  -5.65523e+01   4.00720e-03   8.00000e+02
          8525   8.02912e+02   8.52500e+03  -5.65615e+01   4.00491e-03   8.00000e+02
          8526   8.02914e+02   8.52600e+03  -5.65695e+01   4.00236e-03   8.00000e+02
          8527   8.02909e+02   8.52700e+03  -5.65765e+01   4.00042e-03   8.00000e+02
          8528   8.02912e+02   8.52800e+03  -5.65830e+01   4.00115e-03   8.00000e+02
          8529   8.02914e+02   8.52900e+03  -5.65885e+01   4.00079e-03   8.00000e+02
          8530   8.02917e+02   8.53000e+03  -5.65945e+01   4.00036e-03   8.00000e+02
          8531   8.02921e+02   8.53100e+03  -5.66021e+01   4.00005e-03   8.00000e+02
          8532   8.02917e+02   8.53200e+03  -5.66083e+01   4.00018e-03   8.00000e+02
          8533   8.02928e+02   8.53300e+03  -5.66156e+01   4.00012e-03   8.00000e+02
          8534   8.02926e+02   8.53400e+03  -5.66228e+01   4.00006e-03   8.00000e+02
          8535   8.02930e+02   8.53500e+03  -5.66300e+01   4.00001e-03   8.00000e+02
          8536   8.02930e+02   8.53600e+03  -5.66342e+01   4.00003e-03   8.00000e+02
          8537   8.02935e+02   8.53700e+03  -5.66419e+01   4.00002e-03   8.00000e+02
          8538   8.02928e+02   8.53800e+03  -5.66491e+01   4.00001e-03   8.00000e+02
          8539   8.02934e+02   8.53900e+03  -5.66557e+01   4.00000e-03   8.00000e+02
          8540   8.02924e+02   8.54000e+03  -5.66651e+01   4.00000e-03   8.00000e+02
          8541   8.02933e+02   8.54100e+03  -5.66747e+01   4.00000e-03   8.00000e+02
          8542   8.02934e+02   8.54200e+03  -5.66858e+01   4.00000e-03   8.00000e+02
          8543   8.02942e+02   8.54300e+03  -5.66967e+01   4.00000e-03   8.00000e+02
          8544   8.02933e+02   8.54400e+03  -5.67091e+01   4.00000e-03   8.00000e+02
          8545   8.02937e+02   8.54500e+03  -5.67209e+01   4.00000e-03   8.00000e+02
          8546   8.02935e+02   8.54600e+03  -5.67326e+01   4.00000e-03   8.00000e+02
          8547   8.02944e+02   8.54700e+03  -5.67458e+01   4.00000e-03   8.00000e+02
          8548   8.02942e+02   8.54800e+03  -5.67577e+01   4.00000e-03   8.00000e+02
          8549   8.02939e+02   8.54900e+03  -5.67685e+01   4.00000e-03   8.00000e+02
          8550   8.02932e+02   8.55000e+03  -5.67793e+01   4.00000e-03   8.00000e+02
          8551   8.02943e+02   8.55100e+03  -5.67902e+01   4.00000e-03   8.00000e+02
          8552   8.02938e+02   8.55200e+03  -5.68018e+01   4.00000e-03   8.00000e+02
          8553   8.02930e+02   8.55300e+03  -5.68127e+01   4.00000e-03   8.00000e+02
          8554   8.02934e+02   8.55400e+03  -5.68233e+01   4.00000e-03   8.00000e+02
          8555   8.02938e+02   8.55500e+03  -5.68333e+01   4.00000e-03   8.00000e+02
          8556   8.02937e+02   8.55600e+03  -5.68429e+01   4.00000e-03   8.00000e+02
          8557   8.02943e+02   8.55700e+03  -5.68541e+01   4.00000e-03   8.00000e+02
          8558   8.02944e+02   8.55800e+03  -5.68653e+01   4.00000e-03   8.00000e+02
          8559   8.02945e+02   8.55900e+03  -5.68762e+01   4.00000e-03   8.00000e+02
          8560   8.02940e+02   8.56000e+03  -5.68846e+01   4.00000e-03   8.00000e+02
          8561   8.02940e+02   8.56100e+03  -5.68949e+01   4.00000e-03   8.00000e+02
          8562   8.02940e+02   8.56200e+03  -5.69043e+01   4.00000e-03   8.00000e+02
          8563   8.02945e+02   8.56300e+03  -5.69122e+01   4.00000e-03   8.00000e+02
          8564   8.02942e+02   8.56400e+03  -5.69255e+01   4.00000e-03   8.00000e+02
          8565   8.02942e+02   8.56500e+03  -5.69355e+01   4.00000e-03   8.00000e+02
          8566   8.02948e+02   8.56600e+03  -5.69439e+01   4.00000e-03   8.00000e+02
          8567   8.02947e+02   8.56700e+03  -5.69510e+01   4.00000e-03   8.00000e+02
          8568   8.02944e+02   8.56800e+03  -5.69540e+01   3.97222e-03   8.00000e+02
          8569   8.02950e+02   8.56900e+03  -5.69577e+01   3.88195e-03   8.00000e+02
          8570   8.02952e+02   8.57000e+03  -5.69628e+01   3.77604e-03   8.00000e+02
          8571   8.02954e+02   8.57100e+03  -5.69696e+01   3.66667e-03   8.00000e+02
          8572   8.02948e+02   8.57200e+03  -5.69739e+01   3.49773e-03   8.00000e+02
          8573   8.02950e+02   8.57300e+03  -5.69828e+01   3.37699e-03   8.00000e+02
          8574   8.02954e+02   8.57400e+03  -5.69928e+01   3.27625e-03   8.00000e+02
          8575   8.02958e+02   8.57500e+03  -5.70025e+01   3.18519e-03   8.00000e+02
          8576   8.02958e+02   8.57600e+03  -5.70118e+01   3.14382e-03   8.00000e+02
          8577   8.02946e+02   8.57700e+03  -5.70219e+01   3.09535e-03   8.00000e+02
          8578   8.02951e+02   8.57800e+03  -5.70329e+01   3.05462e-03   8.00000e+02
          8579   8.02956e+02   8.57900e+03  -5.70449e+01   3.02058e-03   8.00000e+02
          8580   8.02948e+02   8.58000e+03  -5.70656e+01   3.02735e-03   8.00000e+02
          8581   8.02952e+02   8.58100e+03  -5.70805e+01   3.01840e-03   8.00000e+02
          8582   8.02953e+02   8.58200e+03  -5.70935e+01   3.00935e-03   8.00000e+02
          8583   8.02958e+02   8.58300e+03  -5.71065e+01   3.00229e-03   8.00000e+02
          8584   8.02953e+02   8.58400e+03  -5.71213e+01   3.00459e-03   8.00000e+02
          8585   8.02957e+02   8.58500e+03  -5.71337e+01   3.00314e-03   8.00000e+02
          8586   8.02953e+02   8.58600e+03  -5.71456e+01   3.00150e-03   8.00000e+02
          8587   8.02961e+02   8.58700e+03  -5.71562e+01   3.00025e-03   8.00000e+02
          8588   8.02963e+02   8.58800e+03  -5.71663e+01   3.00073e-03   8.00000e+02
          8589   8.02956e+02   8.58900e+03  -5.71763e+01   3.00050e-03   8.00000e+02
          8590   8.02958e+02   8.59000e+03  -5.71843e+01   3.00023e-03   8.00000e+02
          8591   8.02958e+02   8.59100e+03  -5.71920e+01   3.00003e-03   8.00000e+02
          8592   8.02951e+02   8.59200e+03  -5.71957e+01   3.00011e-03   8.00000e+02
          8593   8.02960e+02   8.59300e+03  -5.72019e+01   3.00008e-03   8.00000e+02
          8594   8.02965e+02   8.59400e+03  -5.72085e+01   3.00003e-03   8.00000e+02
          8595   8.02953e+02   8.59500e+03  -5.72157e+01   3.00000e-03   8.00000e+02
          8596   8.02956e+02   8.59600e+03  -5.72193e+01   3.00002e-03   8.00000e+02
          8597   8.02955e+02   8.59700e+03  -5.72266e+01   3.00001e-03   8.00000e+02
          8598   8.02954e+02   8.59800e+03  -5.72344e+01   3.00001e-03   8.00000e+02
          8599   8.02960e+02   8.59900e+03  -5.72423e+01   3.00000e-03   8.00000e+02
          8600   8.02961e+02   8.60000e+03  -5.72526e+01   3.00000e-03   8.00000e+02
          8601   8.02968e+02   8.60100e+03  -5.72621e+01   3.00000e-03   8.00000e+02
          8602   8.02960e+02   8.60200e+03  -5.72727e+01   3.00000e-03   8.00000e+02
          8603   8.02959e+02   8.60300e+03  -5.72856e+01   3.00000e-03   8.00000e+02
          8604   8.02962e+02   8.60400e+03  -5.73062e+01   3.00000e-03   8.00000e+02
          8605   8.02960e+02   8.60500e+03  -5.73228e+01   3.00000e-03   8.00000e+02
          8606   8.02966e+02   8.60600e+03  -5.73385e+01   3.00000e-03   8.00000e+02
          8607   8.02960e+02   8.60700e+03  -5.73545e+01   3.00000e-03   8.00000e+02
          8608   8.02962e+02   8.60800e+03  -5.73699e+01   3.00000e-03   8.00000e+02
          8609   8.02956e+02   8.60900e+03  -5.73820e+01   3.00000e-03   8.00000e+02
          8610   8.02965e+02   8.61000e+03  -5.73926e+01   2.97222e-03   8.00000e+02
          8611   8.02964e+02   8.61100e+03  -5.74035e+01   2.88889e-03   8.00000e+02
          8612   8.02958e+02   8.61200e+03  -5.74204e+01   2.76620e-03   8.00000e+02
          8613   8.02966e+02   8.61300e+03  -5.74343e+01   2.65220e-03   8.00000e+02
          8614   8.02970e+02   8.61400e+03  -5.74447e+01   2.54114e-03   8.00000e+02
          8615   8.02962e+02   8.61500e+03  -5.74530e+01   2.43210e-03   8.00000e+02
          8616   8.02965e+02   8.61600e+03  -5.74509e+01   2.28604e-03   8.00000e+02
          8617   8.02972e+02   8.61700e+03  -5.74553e+01   2.18885e-03   8.00000e+02
          8618   8.02967e+02   8.61800e+03  -5.74598e+01   2.11328e-03   8.00000e+02
          8619   8.02963e+02   8.61900e+03  -5.74652e+01   2.04801e-03   8.00000e+02
          8620   8.02965e+02   8.62000e+03  -5.74692e+01   2.05707e-03   8.00000e+02
          8621   8.02966e+02   8.62100e+03  -5.74742e+01   2.03820e-03   8.00000e+02
          8622   8.02968e+02   8.62200e+03  -5.74786e+01   2.01984e-03   8.00000e+02
          8623   8.02971e+02   8.62300e+03  -5.74822e+01   2.00533e-03   8.00000e+02
          8624   8.02974e+02   8.62400e+03  -5.74806e+01   2.00979e-03   8.00000e+02
          8625   8.02971e+02   8.62500e+03  -5.74833e+01   2.00667e-03   8.00000e+02
          8626   8.02972e+02   8.62600e+03  -5.74871e+01   2.00321e-03   8.00000e+02
          8627   8.02975e+02   8.62700e+03  -5.74903e+01   2.00059e-03   8.00000e+02
          8628   8.02978e+02   8.62800e+03  -5.74989e+01   2.00156e-03   8.00000e+02
          8629   8.02972e+02   8.62900e+03  -5.75049e+01   2.00108e-03   8.00000e+02
          8630   8.02979e+02   8.63000e+03  -5.75088e+01   2.00050e-03   8.00000e+02
          8631   8.02974e+02   8.63100e+03  -5.75134e+01   2.00007e-03   8.00000e+02
          8632   8.02978e+02   8.63200e+03  -5.75193e+01   2.00024e-03   8.00000e+02
          8633   8.02974e+02   8.63300e+03  -5.75245e+01   2.00017e-03   8.00000e+02
          8634   8.02970e+02   8.63400e+03  -5.75303e+01   2.00008e-03   8.00000e+02
          8635   8.02969e+02   8.63500e+03  -5.75357e+01   2.00001e-03   8.00000e+02
          8636   8.02977e+02   8.63600e+03  -5.75440e+01   2.00004e-03   8.00000e+02
          8637   8.02969e+02   8.63700e+03  -5.75523e+01   2.00003e-03   8.00000e+02
          8638   8.02982e+02   8.63800e+03  -5.75592e+01   2.00001e-03   8.00000e+02
          8639   8.02975e+02   8.63900e+03  -5.75646e+01   2.00000e-03   8.00000e+02
          8640   8.02974e+02   8.64000e+03  -5.75708e+01   2.00001e-03   8.00000e+02
          8641   8.02978e+02   8.64100e+03  -5.75784e+01   2.00000e-03   8.00000e+02
          8642   8.02972e+02   8.64200e+03  -5.75868e+01   2.00000e-03   8.00000e+02
          8643   8.02976e+02   8.64300e+03  -5.75949e+01   2.00000e-03   8.00000e+02
          8644   8.02979e+02   8.64400e+03  -5.76040e+01   2.00000e-03   8.00000e+02
          8645   8.02983e+02   8.64500e+03  -5.76128e+01   2.00000e-03   8.00000e+02
          8646   8.02976e+02   8.64600e+03  -5.76202e+01   2.00000e-03   8.00000e+02
          8647   8.02985e+02   8.64700e+03  -5.76266e+01   2.00000e-03   8.00000e+02
          8648   8.02978e+02   8.64800e+03  -5.76321e+01   2.00000e-03   8.00000e+02
          8649   8.02979e+02   8.64900e+03  -5.76380e+01   2.00000e-03   8.00000e+02
          8650   8.02977e+02   8.65000e+03  -5.76437e+01   2.00000e-03   8.00000e+02
          8651   8.02967e+02   8.65100e+03  -5.76489e+01   2.00000e-03   8.00000e+02
          8652   8.02969e+02   8.65200e+03  -5.76581e+01   2.00000e-03   8.00000e+02
          8653   8.02973e+02   8.65300e+03  -5.76651e+01   2.00000e-03   8.00000e+02
          8654   8.02972e+02   8.65400e+03  -5.76700e+01   2.00000e-03   8.00000e+02
          8655   8.02980e+02   8.65500e+03  -5.76753e+01   2.00000e-03   8.00000e+02
          8656   8.02983e+02   8.65600e+03  -5.76773e+01   2.00000e-03   8.00000e+02
          8657   8.02979e+02   8.65700e+03  -5.76824e+01   2.00000e-03   8.00000e+02
          8658   8.02976e+02   8.65800e+03  -5.76885e+01   2.00000e-03   8.00000e+02
          8659   8.02978e+02   8.65900e+03  -5.76963e+01   2.00000e-03   8.00000e+02
          8660   8.02974e+02   8.66000e+03  -5.77042e+01   2.00000e-03   8.00000e+02
          8661   8.02972e+02   8.66100e+03  -5.77109e+01   2.00000e-03   8.00000e+02
          8662   8.02983e+02   8.66200e+03  -5.77178e+01   2.00000e-03   8.00000e+02
          8663   8.02977e+02   8.66300e+03  -5.77248e+01   2.00000e-03   8.00000e+02
          8664   8.02981e+02   8.66400e+03  -5.77319e+01   2.00000e-03   8.00000e+02
          8665   8.02982e+02   8.66500e+03  -5.77376e+01   2.00000e-03   8.00000e+02
          8666   8.02982e+02   8.66600e+03  -5.77442e+01   2.00000e-03   8.00000e+02
          8667   8.02970e+02   8.66700e+03  -5.77527e+01   2.00000e-03   8.00000e+02
          8668   8.02973e+02   8.66800e+03  -5.77607e+01   2.00000e-03   8.00000e+02
          8669   8.02973e+02   8.66900e+03  -5.77720e+01   2.00000e-03   8.00000e+02
          8670   8.02977e+02   8.67000e+03  -5.77834e+01   2.00000e-03   8.00000e+02
          8671   8.02979e+02   8.67100e+03  -5.77939e+01   2.00000e-03   8.00000e+02
          8672   8.02984e+02   8.67200e+03  -5.78053e+01   2.00000e-03   8.00000e+02
          8673   8.02978e+02   8.67300e+03  -5.78148e+01   2.00000e-03   8.00000e+02
          8674   8.02979e+02   8.67400e+03  -5.78248e+01   2.00000e-03   8.00000e+02
          8675   8.02979e+02   8.67500e+03  -5.78355e+01   2.00000e-03   8.00000e+02
          8676   8.02979e+02   8.67600e+03  -5.78487e+01   2.00000e-03   8.00000e+02
          8677   8.02977e+02   8.67700e+03  -5.78578e+01   2.00000e-03   8.00000e+02
          8678   8.02978e+02   8.67800e+03  -5.78650e+01   1.97222e-03   8.00000e+02
          8679   8.02978e+02   8.67900e+03  -5.78726e+01   1.88889e-03   8.00000e+02
          8680   8.02979e+02   8.68000e+03  -5.78782e+01   1.76620e-03   8.00000e+02
          8681   8.02975e+02   8.68100e+03  -5.78849e+01   1.65220e-03   8.00000e+02
          8682   8.02977e+02   8.68200e+03  -5.78905e+01   1.54114e-03   8.00000e+02
          8683   8.02974e+02   8.68300e+03  -5.78958e+01   1.43210e-03   8.00000e+02
          8684   8.02979e+02   8.68400e+03  -5.78938e+01   1.28604e-03   8.00000e+02
          8685   8.02974e+02   8.68500e+03  -5.78970e+01   1.18885e-03   8.00000e+02
          8686   8.02975e+02   8.68600e+03  -5.79037e+01   1.11328e-03   8.00000e+02
          8687   8.02969e+02   8.68700e+03  -5.79100e+01   1.04801e-03   8.00000e+02
          8688   8.02969e+02   8.68800e+03  -5.79178e+01   1.05707e-03   8.00000e+02
          8689   8.02968e+02   8.68900e+03  -5.79271e+01   1.03820e-03   8.00000e+02
          8690   8.02972e+02   8.69000e+03  -5.79387e+01   1.01984e-03   8.00000e+02
          8691   8.02980e+02   8.69100e+03  -5.79497e+01   1.00533e-03   8.00000e+02
          8692   8.02982e+02   8.69200e+03  -5.79576e+01   1.00979e-03   8.00000e+02
          8693   8.02981e+02   8.69300e+03  -5.79653e+01   1.00667e-03   8.00000e+02
          8694   8.02972e+02   8.69400e+03  -5.79715e+01   1.00321e-03   8.00000e+02
          8695   8.02979e+02   8.69500e+03  -5.79778e+01   1.00059e-03   8.00000e+02
          8696   8.02976e+02   8.69600e+03  -5.79943e+01   1.00156e-03   8.00000e+02
          8697   8.02974e+02   8.69700e+03  -5.80056e+01   1.00108e-03   8.00000e+02
          8698   8.02971e+02   8.69800e+03  -5.80158e+01   1.00050e-03   8.00000e+02
          8699   8.02976e+02   8.69900e+03  -5.80251e+01   1.00007e-03   8.00000e+02
          8700   8.02964e+02   8.70000e+03  -5.80313e+01   1.00024e-03   8.00000e+02
          8701   8.02968e+02   8.70100e+03  -5.80403e+01   1.00017e-03   8.00000e+02
          8702   8.02968e+02   8.70200e+03  -5.80517e+01   1.00008e-03   8.00000e+02
          8703   8.02974e+02   8.70300e+03  -5.80644e+01   1.00001e-03   8.00000e+02
          8704   8.02964e+02   8.70400e+03  -5.80764e+01   1.00004e-03   8.00000e+02
          8705   8.02970e+02   8.70500e+03  -5.80861e+01   1.00003e-03   8.00000e+02
          8706   8.02975e+02   8.70600e+03  -5.80959e+01   1.00001e-03   8.00000e+02
          8707   8.02974e+02   8.70700e+03  -5.81077e+01   1.00000e-03   8.00000e+02
          8708   8.02970e+02   8.70800e+03  -5.81198e+01   1.00001e-03   8.00000e+02
          8709   8.02972e+02   8.70900e+03  -5.81280e+01   1.00000e-03   8.00000e+02
          8710   8.02980e+02   8.71000e+03  -5.81354e+01   1.00000e-03   8.00000e+02
          8711   8.02965e+02   8.71100e+03  -5.81440e+01   1.00000e-03   8.00000e+02
          8712   8.02966e+02   8.71200e+03  -5.81535e+01   1.00000e-03   8.00000e+02
          8713   8.02962e+02   8.71300e+03  -5.81619e+01   1.00000e-03   8.00000e+02
          8714   8.02972e+02   8.71400e+03  -5.81691e+01   1.00000e-03   8.00000e+02
          8715   8.02973e+02   8.71500e+03  -5.81765e+01   1.00000e-03   8.00000e+02
          8716   8.02976e+02   8.71600e+03  -5.81797e+01   1.00000e-03   8.00000e+02
          8717   8.02975e+02   8.71700e+03  -5.81847e+01   1.00000e-03   8.00000e+02
          8718   8.02976e+02   8.71800e+03  -5.81899e+01   1.00000e-03   8.00000e+02
          8719   8.02965e+02   8.71900e+03  -5.81960e+01   1.00000e-03   8.00000e+02
          8720   8.02971e+02   8.72000e+03  -5.81978e+01   1.00000e-03   8.00000e+02
          8721   8.02969e+02   8.72100e+03  -5.82007e+01   1.00000e-03   8.00000e+02
          8722   8.02968e+02   8.72200e+03  -5.82054e+01   1.00000e-03   8.00000e+02
          8723   8.02974e+02   8.72300e+03  -5.82094e+01   1.00000e-03   8.00000e+02
          8724   8.02969e+02   8.72400e+03  -5.82082e+01   1.00000e-03   8.00000e+02
          8725   8.02971e+02   8.72500e+03  -5.82081e+01   1.00000e-03   8.00000e+02
          8726   8.02972e+02   8.72600e+03  -5.82087e+01   1.00000e-03   8.00000e+02
          8727   8.02971e+02   8.72700e+03  -5.82090e+01   1.00000e-03   8.00000e+02
          8728   8.02974e+02   8.72800e+03  -5.82054e+01   1.00000e-03   8.00000e+02
          8729   8.02982e+02   8.72900e+03  -5.82039e+01   1.00000e-03   8.00000e+02
          8730   8.02981e+02   8.73000e+03  -5.82014e+01   1.00000e-03   8.00000e+02
          8731   8.02979e+02   8.73100e+03  -5.81985e+01   1.00000e-03   8.00000e+02
          8732   8.02979e+02   8.73200e+03  -5.81946e+01   1.00000e-03   8.00000e+02
          8733   8.02976e+02   8.73300e+03  -5.81936e+01   1.00000e-03   8.00000e+02
          8734   8.02984e+02   8.73400e+03  -5.81930e+01   1.00000e-03   8.00000e+02
          8735   8.02981e+02   8.73500e+03  -5.81919e+01   1.00000e-03   8.00000e+02
          8736   8.02979e+02   8.73600e+03  -5.81901e+01   1.00000e-03   8.00000e+02
          8737   8.02980e+02   8.73700e+03  -5.81887e+01   1.00000e-03   8.00000e+02
          8738   8.02978e+02   8.73800e+03  -5.81904e+01   1.00000e-03   8.00000e+02
          8739   8.02978e+02   8.73900e+03  -5.81928e+01   1.00000e-03   8.00000e+02
          8740   8.02985e+02   8.74000e+03  -5.81995e+01   1.00000e-03   8.00000e+02
          8741   8.02980e+02   8.74100e+03  -5.82047e+01   1.00000e-03   8.00000e+02
          8742   8.02986e+02   8.74200e+03  -5.82112e+01   1.00000e-03   8.00000e+02
          8743   8.02973e+02   8.74300e+03  -5.82162e+01   1.00000e-03   8.00000e+02
          8744   8.02979e+02   8.74400e+03  -5.82257e+01   1.00000e-03   8.00000e+02
          8745   8.02980e+02   8.74500e+03  -5.82324e+01   1.00000e-03   8.00000e+02
          8746   8.02979e+02   8.74600e+03  -5.82389e+01   1.00000e-03   8.00000e+02
          8747   8.02978e+02   8.74700e+03  -5.82446e+01   1.00000e-03   8.00000e+02
          8748   8.02982e+02   8.74800e+03  -5.82525e+01   9.72222e-04   8.00000e+02
          8749   8.02976e+02   8.74900e+03  -5.82558e+01   8.81945e-04   8.00000e+02
          8750   8.02980e+02   8.75000e+03  -5.82589e+01   7.76042e-04   8.00000e+02
          8751   8.02977e+02   8.75100e+03  -5.82627e+01   6.66667e-04   8.00000e+02
          8752   8.02985e+02   8.75200e+03  -5.82616e+01   4.97733e-04   8.00000e+02
          8753   8.02972e+02   8.75300e+03  -5.82647e+01   3.76989e-04   8.00000e+02
          8754   8.02972e+02   8.75400e+03  -5.82694e+01   2.76250e-04   8.00000e+02
          8755   8.02981e+02   8.75500e+03  -5.82745e+01   1.85185e-04   8.00000e+02
          8756   8.02983e+02   8.75600e+03  -5.82768e+01   1.43817e-04   8.00000e+02
          8757   8.02979e+02   8.75700e+03  -5.82834e+01   9.53510e-05   8.00000e+02
          8758   8.02983e+02   8.75800e+03  -5.82916e+01   5.46170e-05   8.00000e+02
          8759   8.02977e+02   8.75900e+03  -5.82992e+01   2.05761e-05   8.00000e+02
          8760   8.02982e+02   8.76000e+03  -5.83135e+01   2.73459e-05   8.00000e+02
          8761   8.02984e+02   8.76100e+03  -5.83235e+01   1.83998e-05   8.00000e+02
          8762   8.02975e+02   8.76200e+03  -5.83309e+01   9.34892e-06   8.00000e+02
          8763   8.02975e+02   8.76300e+03  -5.83369e+01   2.28624e-06   8.00000e+02
          8764   8.02981e+02   8.76400e+03  -5.83510e+01   4.59369e-06   8.00000e+02
          8765   8.02982e+02   8.76500e+03  -5.83596e+01   3.14023e-06   8.00000e+02
          8766   8.02974e+02   8.76600e+03  -5.83651e+01   1.49496e-06   8.00000e+02
          8767   8.02977e+02   8.76700e+03  -5.83685e+01   2.54026e-07   8.00000e+02
          8768   8.02974e+02   8.76800e+03  -5.83682e+01   7.26147e-07   8.00000e+02
          8769   8.02976e+02   8.76900e+03  -5.83704e+01   5.01743e-07   8.00000e+02
          8770   8.02971e+02   8.77000e+03  -5.83732e+01   2.29658e-07   8.00000e+02
          8771   8.02979e+02   8.77100e+03  -5.83765e+01   2.82251e-08   8.00000e+02
          8772   8.02980e+02   8.77200e+03  -5.83689e+01   1.10700e-07   8.00000e+02
          8773   8.02981e+02   8.77300e+03  -5.83640e+01   7.70399e-08   8.00000e+02
          8774   8.02972e+02   8.77400e+03  -5.83582e+01   3.43708e-08   8.00000e+02
          8775   8.02974e+02   8.77500e+03  -5.83514e+01   3.13613e-09   8.00000e+02
          8776   8.02979e+02   8.77600e+03  -5.83394e+01   1.64796e-08   8.00000e+02
          8777   8.02988e+02   8.77700e+03  -5.83318e+01   1.15255e-08   8.00000e+02
          8778   8.02980e+02   8.77800e+03  -5.83257e+01   5.05220e-09   8.00000e+02
          8779   8.02983e+02   8.77900e+03  -5.83205e+01   3.48459e-10   8.00000e+02
          8780   8.02975e+02   8.78000e+03  -5.83157e+01   2.41316e-09   8.00000e+02
          8781   8.02983e+02   8.78100e+03  -5.83143e+01   1.69365e-09   8.00000e+02
          8782   8.02982e+02   8.78200e+03  -5.83158e+01   7.33129e-10   8.00000e+02
          8783   8.02979e+02   8.78300e+03  -5.83199e+01   3.87176e-11   8.00000e+02
          8784   8.02982e+02   8.78400e+03  -5.83283e+01   3.49202e-10   8.00000e+02
          8785   8.02983e+02   8.78500e+03  -5.83341e+01   2.45713e-10   8.00000e+02
          8786   8.02980e+02   8.78600e+03  -5.83400e+01   1.05384e-10   8.00000e+02
          8787   8.02987e+02   8.78700e+03  -5.83477e+01   4.30196e-12   8.00000e+02
          8788   8.02985e+02   8.78800e+03  -5.83703e+01   5.00921e-11   8.00000e+02
          8789   8.02980e+02   8.78900e+03  -5.83813e+01   3.53142e-11   8.00000e+02
          8790   8.02985e+02   8.79000e+03  -5.83910e+01   1.50417e-11   8.00000e+02
          8791   8.02984e+02   8.79100e+03  -5.84008e+01   4.77995e-13   8.00000e+02
          8792   8.02975e+02   8.79200e+03  -5.84153e+01   7.13856e-12   8.00000e+02
          8793   8.02980e+02   8.79300e+03  -5.84252e+01   5.03985e-12   8.00000e+02
          8794   8.02981e+02   8.79400e+03  -5.84335e+01   2.13545e-12   8.00000e+02
          8795   8.02978e+02   8.79500e+03  -5.84412e+01   5.31106e-14   8.00000e+02
          8796   8.02973e+02   8.79600e+03  -5.84428e+01   1.01223e-12   8.00000e+02
          8797   8.02983e+02   8.79700e+03  -5.84488e+01   7.15429e-13   8.00000e+02
          8798   8.02986e+02   8.79800e+03  -5.84557e+01   3.01919e-13   8.00000e+02
          8799   8.02988e+02   8.79900e+03  -5.84628e+01   5.90118e-15   8.00000e+02
          8800   8.02987e+02   8.80000e+03  -5.84664e+01   1.42981e-13   8.00000e+02
          8801   8.02981e+02   8.80100e+03  -5.84717e+01   1.01143e-13   8.00000e+02
          8802   8.02982e+02   8.80200e+03  -5.84766e+01   4.25508e-14   8.00000e+02
          8803   8.02983e+02   8.80300e+03  -5.84811e+01   6.55686e-16   8.00000e+02
          8804   8.02986e+02   8.80400e+03  -5.84845e+01   2.01365e-14   8.00000e+02
          8805   8.02987e+02   8.80500e+03  -5.84873e+01   1.42537e-14   8.00000e+02
          8806   8.02983e+02   8.80600e+03  -5.84906e+01   5.98200e-15   8.00000e+02
          8807   8.02982e+02   8.80700e+03  -5.84924e+01   7.28541e-17   8.00000e+02
          8808   8.02986e+02   8.80800e+03  -5.84933e+01   2.82929e-15   8.00000e+02
          8809   8.02986e+02   8.80900e+03  -5.84923e+01   2.00377e-15   8.00000e+02
          8810   8.02980e+02   8.81000e+03  -5.84889e+01   8.39346e-16   8.00000e+02
          8811   8.02984e+02   8.81100e+03  -5.84837e+01   8.09489e-18   8.00000e+02
          8812   8.02979e+02   8.81200e+03  -5.84728e+01   3.96807e-16   8.00000e+02
          8813   8.02987e+02   8.81300e+03  -5.84658e+01   2.81142e-16   8.00000e+02
          8814   8.02978e+02   8.81400e+03  -5.84609e+01   1.17590e-16   8.00000e+02
          8815   8.02990e+02   8.81500e+03  -5.84573e+01   8.99433e-19   8.00000e+02
          8816   8.02990e+02   8.81600e+03  -5.84482e+01   5.55724e-17   8.00000e+02
          8817   8.02983e+02   8.81700e+03  -5.84453e+01   3.93863e-17   8.00000e+02
          8818   8.02984e+02   8.81800e+03  -5.84446e+01   1.64543e-17   8.00000e+02
          8819   8.02990e+02   8.81900e+03  -5.84446e+01   9.99370e-20   8.00000e+02
          8820   8.02984e+02   8.82000e+03  -5.84439e+01   7.77405e-18   8.00000e+02
          8821   8.02981e+02   8.82100e+03  -5.84445e+01   5.51116e-18   8.00000e+02
          8822   8.02986e+02   8.82200e+03  -5.84459e+01   2.30025e-18   8.00000e+02
          8823   8.02977e+02   8.82300e+03  -5.84479e+01   1.11041e-20   8.00000e+02
          8824   8.02984e+02   8.82400e+03  -5.84643e+01   1.08654e-18   8.00000e+02
          8825   8.02981e+02   8.82500e+03  -5.84715e+01   7.70424e-19   8.00000e+02
          8826   8.02986e+02   8.82600e+03  -5.84768e+01   3.21323e-19   8.00000e+02
          8827   8.02988e+02   8.82700e+03  -5.84829e+01   1.23379e-21   8.00000e+02
          8828   8.02987e+02   8.82800e+03  -5.84903e+01   1.51754e-19   8.00000e+02
          8829   8.02986e+02   8.82900e+03  -5.84967e+01   1.07619e-19   8.00000e+02
          8830   8.02983e+02   8.83000e+03  -5.85035e+01   4.48589e-20   8.00000e+02
          8831   8.02991e+02   8.83100e+03  -5.85086e+01   1.37088e-22   8.00000e+02
          8832   8.02983e+02   8.83200e+03  -5.85169e+01   2.11830e-20   8.00000e+02
          8833   8.02983e+02   8.83300e+03  -5.85247e+01   1.50243e-20   8.00000e+02
          8834   8.02982e+02   8.83400e+03  -5.85312e+01   6.25966e-21   8.00000e+02
          8835   8.02982e+02   8.83500e+03  -5.85374e+01   1.52320e-23   8.00000e+02
          8836   8.02977e+02   8.83600e+03  -5.85416e+01   2.95557e-21   8.00000e+02
          8837   8.02987e+02   8.83700e+03  -5.85465e+01   2.09648e-21   8.00000e+02
          8838   8.02982e+02   8.83800e+03  -5.85524e+01   8.73149e-22   8.00000e+02
          8839   8.02979e+02   8.83900e+03  -5.85575e+01   1.69244e-24   8.00000e+02
          8840   8.02976e+02   8.84000e+03  -5.85587e+01   4.12232e-22   8.00000e+02
          8841   8.02976e+02   8.84100e+03  -5.85622e+01   2.92433e-22   8.00000e+02
          8842   8.02976e+02   8.84200e+03  -5.85652e+01   1.21757e-22   8.00000e+02
          8843   8.02971e+02   8.84300e+03  -5.85689e+01   1.88049e-25   8.00000e+02
          8844   8.02976e+02   8.84400e+03  -5.85692e+01   5.74803e-23   8.00000e+02
          8845   8.02977e+02   8.84500e+03  -5.85714e+01   4.07784e-23   8.00000e+02
          8846   8.02971e+02   8.84600e+03  -5.85730e+01   1.69746e-23   8.00000e+02
          8847   8.02974e+02   8.84700e+03  -5.85748e+01   2.08943e-26   8.00000e+02
          8848   8.02979e+02   8.84800e+03  -5.85760e+01   8.01307e-24   8.00000e+02
          8849   8.02972e+02   8.84900e+03  -5.85785e+01   5.68503e-24   8.00000e+02
          8850   8.02975e+02   8.85000e+03  -5.85806e+01   2.36603e-24   8.00000e+02
          8851   8.02973e+02   8.85100e+03  -5.85823e+01   2.32159e-27   8.00000e+02
          8852   8.02979e+02   8.85200e+03  -5.85863e+01   1.11687e-24   8.00000e+02
          8853   8.02979e+02   8.85300e+03  -5.85900e+01   7.92414e-25   8.00000e+02
          8854   8.02975e+02   8.85400e+03  -5.85947e+01   3.29743e-25   8.00000e+02
          8855   8.02979e+02   8.85500e+03  -5.85988e+01   2.57955e-28   8.00000e+02
          8856   8.02978e+02   8.85600e+03  -5.86030e+01   1.55647e-25   8.00000e+02
          8857   8.02979e+02   8.85700e+03  -5.86055e+01   1.10435e-25   8.00000e+02
          8858   8.02973e+02   8.85800e+03  -5.86093e+01   4.59493e-26   8.00000e+02
          8859   8.02979e+02   8.85900e+03  -5.86117e+01   2.86616e-29   8.00000e+02
          8860   8.02977e+02   8.86000e+03  -5.86116e+01   2.16886e-26   8.00000e+02
          8861   8.02978e+02   8.86100e+03  -5.86107e+01   1.53889e-26   8.00000e+02
          8862   8.02976e+02   8.86200e+03  -5.86087e+01   6.40236e-27   8.00000e+02
          8863   8.02977e+02   8.86300e+03  -5.86062e+01   3.18463e-30   8.00000e+02
          8864   8.02978e+02   8.86400e+03  -5.85992e+01   3.02192e-27   8.00000e+02
          8865   8.02980e+02   8.86500e+03  -5.85958e+01   2.14422e-27   8.00000e+02
          8866   8.02977e+02   8.86600e+03  -5.85919e+01   8.92006e-28   8.00000e+02
          8867   8.02972e+02   8.86700e+03  -5.85853e+01   3.53847e-31   8.00000e+02
          8868   8.02976e+02   8.86800e+03  -5.85740e+01   4.21021e-28   8.00000e+02
          8869   8.02984e+02   8.86900e+03  -5.85702e+01   2.98742e-28   8.00000e+02
          8870   8.02978e+02   8.87000e+03  -5.85691e+01   1.24271e-28   8.00000e+02
          8871   8.02979e+02   8.87100e+03  -5.85693e+01   3.93164e-32   8.00000e+02
          8872   8.02983e+02   8.87200e+03  -5.85696e+01   5.86542e-29   8.00000e+02
          8873   8.02976e+02   8.87300e+03  -5.85707e+01   4.16195e-29   8.00000e+02
          8874   8.02988e+02   8.87400e+03  -5.85717e+01   1.73121e-29   8.00000e+02
          8875   8.02985e+02   8.87500e+03  -5.85733e+01   4.36849e-33   8.00000e+02
          8876   8.02981e+02   8.87600e+03  -5.85777e+01   8.17099e-30   8.00000e+02
          8877   8.02983e+02   8.87700e+03  -5.85799e+01   5.79798e-30   8.00000e+02
          8878   8.02975e+02   8.87800e+03  -5.85806e+01   2.41164e-30   8.00000e+02
          8879   8.02971e+02   8.87900e+03  -5.85802e+01   4.85388e-34   8.00000e+02
          8880   8.02977e+02   8.88000e+03  -5.85867e+01   1.13824e-30   8.00000e+02
          8881   8.02973e+02   8.88100e+03  -5.85860e+01   8.07681e-31   8.00000e+02
          8882   8.02978e+02   8.88200e+03  -5.85840e+01   3.35941e-31   8.00000e+02
          8883   8.02985e+02   8.88300e+03  -5.85804e+01   5.39319e-35   8.00000e+02
          8884   8.02975e+02   8.88400e+03  -5.85753e+01   1.58555e-31   8.00000e+02
          8885   8.02983e+02   8.88500e+03  -5.85759e+01   1.12510e-31   8.00000e+02
          8886   8.02978e+02   8.88600e+03  -5.85768e+01   4.67953e-32   8.00000e+02
          8887   8.02982e+02   8.88700e+03  -5.85769e+01   5.99244e-36   8.00000e+02
          8888   8.02983e+02   8.88800e+03  -5.85724e+01   2.20860e-32   8.00000e+02
          8889   8.02980e+02   8.88900e+03  -5.85708e+01   1.56721e-32   8.00000e+02
          8890   8.02982e+02   8.89000e+03  -5.85718e+01   6.51827e-33   8.00000e+02
          8891   8.02981e+02   8.89100e+03  -5.85734e+01   6.65826e-37   8.00000e+02
          8892   8.02986e+02   8.89200e+03  -5.85842e+01   3.07643e-33   8.00000e+02
          8893   8.02978e+02   8.89300e+03  -5.85905e+01  -2.77778e-05   8.00000e+02
          8894   8.02979e+02   8.89400e+03  -5.85954e+01  -1.18056e-04   8.00000e+02
          8895   8.02977e+02   8.89500e+03  -5.85992e+01  -2.22222e-04   8.00000e+02
          8896   8.02984e+02   8.89600e+03  -5.86095e+01  -3.64005e-04   8.00000e+02
          8897   8.02979e+02   8.89700e+03  -5.86173e+01  -4.82012e-04   8.00000e+02
          8898   8.02991e+02   8.89800e+03  -5.86230e+01  -5.90025e-04   8.00000e+02
          8899   8.02988e+02   8.89900e+03  -5.86290e+01  -6.91358e-04   8.00000e+02
          8900   8.02988e+02   8.90000e+03  -5.86427e+01  -7.84456e-04   8.00000e+02
          8901   8.02983e+02   8.90100e+03  -5.86518e+01  -8.57452e-04   8.00000e+02
          8902   8.02988e+02   8.90200e+03  -5.86585e+01  -9.15867e-04   8.00000e+02
          8903   8.02980e+02   8.90300e+03  -5.86636e+01  -9.65707e-04   8.00000e+02
          8904   8.02989e+02   8.90400e+03  -5.86651e+01  -9.57704e-04   8.00000e+02
          8905   8.02982e+02   8.90500e+03  -5.86683e+01  -9.71638e-04   8.00000e+02
          8906   8.02984e+02   8.90600e+03  -5.86715e+01  -9.85378e-04   8.00000e+02
          8907   8.02985e+02   8.90700e+03  -5.86737e+01  -9.96190e-04   8.00000e+02
          8908   8.02987e+02   8.90800e+03  -5.86754e+01  -9.92798e-04   8.00000e+02
          8909   8.02987e+02   8.90900e+03  -5.86761e+01  -9.95088e-04   8.00000e+02
          8910   8.02983e+02   8.91000e+03  -5.86757e+01  -9.97642e-04   8.00000e+02
          8911   8.02993e+02   8.91100e+03  -5.86745e+01  -9.99577e-04   8.00000e+02
          8912   8.02984e+02   8.91200e+03  -5.86671e+01  -9.98853e-04   8.00000e+02
          8913   8.02979e+02   8.91300e+03  -5.86652e+01  -9.99209e-04   8.00000e+02
          8914   8.02982e+02   8.91400e+03  -5.86645e+01  -9.99636e-04   8.00000e+02
          8915   8.02986e+02   8.91500e+03  -5.86642e+01  -9.99953e-04   8.00000e+02
          8916   8.02987e+02   8.91600e+03  -5.86651e+01  -9.99824e-04   8.00000e+02
          8917   8.02983e+02   8.91700e+03  -5.86662e+01  -9.99878e-04   8.00000e+02
          8918   8.02989e+02   8.91800e+03  -5.86672e+01  -9.99945e-04   8.00000e+02
          8919   8.02983e+02   8.91900e+03  -5.86675e+01  -9.99995e-04   8.00000e+02
          8920   8.02988e+02   8.92000e+03  -5.86678e+01  -9.99974e-04   8.00000e+02
          8921   8.02994e+02   8.92100e+03  -5.86692e+01  -9.99982e-04   8.00000e+02
          8922   8.03000e+02   8.92200e+03  -5.86713e+01  -9.99992e-04   8.00000e+02
          8923   8.02991e+02   8.92300e+03  -5.86737e+01  -1.00000e-03   8.00000e+02
          8924   8.02991e+02   8.92400e+03  -5.86811e+01  -9.99996e-04   8.00000e+02
          8925   8.02985e+02   8.92500e+03  -5.86858e+01  -9.99997e-04   8.00000e+02
          8926   8.02991e+02   8.92600e+03  -5.86904e+01  -9.99999e-04   8.00000e+02
          8927   8.02995e+02   8.92700e+03  -5.86934e+01  -1.00000e-03   8.00000e+02
          8928   8.02992e+02   8.92800e+03  -5.86968e+01  -1.00000e-03   8.00000e+02
          8929   8.02995e+02   8.92900e+03  -5.87011e+01  -1.00000e-03   8.00000e+02
          8930   8.02995e+02   8.93000e+03  -5.87033e+01  -1.00000e-03   8.00000e+02
          8931   8.02986e+02   8.93100e+03  -5.87044e+01  -1.00000e-03   8.00000e+02
          8932   8.02991e+02   8.93200e+03  -5.87070e+01  -1.00000e-03   8.00000e+02
          8933   8.02988e+02   8.93300e+03  -5.87079e+01  -1.00000e-03   8.00000e+02
          8934   8.02989e+02   8.93400e+03  -5.87076e+01  -1.00000e-03   8.00000e+02
          8935   8.02992e+02   8.93500e+03  -5.87062e+01  -1.00000e-03   8.00000e+02
          8936   8.02994e+02   8.93600e+03  -5.87024e+01  -1.00000e-03   8.00000e+02
          8937   8.02988e+02   8.93700e+03  -5.87021e+01  -1.00000e-03   8.00000e+02
          8938   8.02990e+02   8.93800e+03  -5.87019e+01  -1.00000e-03   8.00000e+02
          8939   8.02993e+02   8.93900e+03  -5.87029e+01  -1.00000e-03   8.00000e+02
          8940   8.02997e+02   8.94000e+03  -5.86990e+01  -1.00000e-03   8.00000e+02
          8941   8.02997e+02   8.94100e+03  -5.86963e+01  -1.00000e-03   8.00000e+02
          8942   8.02988e+02   8.94200e+03  -5.86944e+01  -1.00000e-03   8.00000e+02
          8943   8.02987e+02   8.94300e+03  -5.86938e+01  -1.00000e-03   8.00000e+02
          8944   8.02990e+02   8.94400e+03  -5.86941e+01  -1.00000e-03   8.00000e+02
          8945   8.02985e+02   8.94500e+03  -5.86925e+01  -1.00000e-03   8.00000e+02
          8946   8.02989e+02   8.94600e+03  -5.86893e+01  -1.00000e-03   8.00000e+02
          8947   8.02993e+02   8.94700e+03  -5.86850e+01  -1.00000e-03   8.00000e+02
          8948   8.02990e+02   8.94800e+03  -5.86827e+01  -1.00000e-03   8.00000e+02
          8949   8.02995e+02   8.94900e+03  -5.86802e+01  -1.00000e-03   8.00000e+02
          8950   8.02995e+02   8.95000e+03  -5.86784e+01  -1.00000e-03   8.00000e+02
          8951   8.02993e+02   8.95100e+03  -5.86769e+01  -1.00000e-03   8.00000e+02
          8952   8.02994e+02   8.95200e+03  -5.86755e+01  -1.00000e-03   8.00000e+02
          8953   8.02999e+02   8.95300e+03  -5.86744e+01  -1.00000e-03   8.00000e+02
          8954   8.02991e+02   8.95400e+03  -5.86722e+01  -1.00000e-03   8.00000e+02
          8955   8.02994e+02   8.95500e+03  -5.86701e+01  -1.00000e-03   8.00000e+02
          8956   8.02989e+02   8.95600e+03  -5.86673e+01  -1.00000e-03   8.00000e+02
          8957   8.02994e+02   8.95700e+03  -5.86651e+01  -1.00000e-03   8.00000e+02
          8958   8.02986e+02   8.95800e+03  -5.86632e+01  -1.00000e-03   8.00000e+02
          8959   8.02985e+02   8.95900e+03  -5.86599e+01  -1.00000e-03   8.00000e+02
          8960   8.02993e+02   8.96000e+03  -5.86594e+01  -1.00000e-03   8.00000e+02
          8961   8.02995e+02   8.96100e+03  -5.86565e+01  -1.00000e-03   8.00000e+02
          8962   8.02992e+02   8.96200e+03  -5.86549e+01  -1.00000e-03   8.00000e+02
          8963   8.02989e+02   8.96300e+03  -5.86557e+01  -1.00000e-03   8.00000e+02
          8964   8.02992e+02   8.96400e+03  -5.86509e+01  -1.00000e-03   8.00000e+02
          8965   8.02998e+02   8.96500e+03  -5.86477e+01  -1.00000e-03   8.00000e+02
          8966   8.02988e+02   8.96600e+03  -5.86460e+01  -1.00000e-03   8.00000e+02
          8967   8.02997e+02   8.96700e+03  -5.86449e+01  -1.00000e-03   8.00000e+02
          8968   8.02996e+02   8.96800e+03  -5.86406e+01  -1.00000e-03   8.00000e+02
          8969   8.02991e+02   8.96900e+03  -5.86373e+01  -1.02778e-03   8.00000e+02
          8970   8.02992e+02   8.97000e+03  -5.86361e+01  -1.11806e-03   8.00000e+02
          8971   8.02992e+02   8.97100e+03  -5.86367e+01  -1.22222e-03   8.00000e+02
          8972   8.02993e+02   8.97200e+03  -5.86425e+01  -1.36400e-03   8.00000e+02
          8973   8.02990e+02   8.97300e+03  -5.86440e+01  -1.48201e-03   8.00000e+02
          8974   8.02990e+02   8.97400e+03  -5.86460e+01  -1.59002e-03   8.00000e+02
          8975   8.02987e+02   8.97500e+03  -5.86488e+01  -1.69136e-03   8.00000e+02
          8976   8.02991e+02   8.97600e+03  -5.86499e+01  -1.78446e-03   8.00000e+02
          8977   8.02990e+02   8.97700e+03  -5.86508e+01  -1.85745e-03   8.00000e+02
          8978   8.02989e+02   8.97800e+03  -5.86517e+01  -1.91587e-03   8.00000e+02
          8979   8.02993e+02   8.97900e+03  -5.86538e+01  -1.96571e-03   8.00000e+02
          8980   8.02982e+02   8.98000e+03  -5.86624e+01  -1.95770e-03   8.00000e+02
          8981   8.02987e+02   8.98100e+03  -5.86648e+01  -1.97164e-03   8.00000e+02
          8982   8.02987e+02   8.98200e+03  -5.86634e+01  -1.98538e-03   8.00000e+02
          8983   8.02991e+02   8.98300e+03  -5.86603e+01  -1.99619e-03   8.00000e+02
          8984   8.02991e+02   8.98400e+03  -5.86541e+01  -1.99280e-03   8.00000e+02
          8985   8.02988e+02   8.98500e+03  -5.86488e+01  -1.99509e-03   8.00000e+02
          8986   8.02992e+02   8.98600e+03  -5.86432e+01  -1.99764e-03   8.00000e+02
          8987   8.02988e+02   8.98700e+03  -5.86369e+01  -1.99958e-03   8.00000e+02
          8988   8.02990e+02   8.98800e+03  -5.86227e+01  -1.99885e-03   8.00000e+02
          8989   8.02987e+02   8.98900e+03  -5.86139e+01  -1.99921e-03   8.00000e+02
          8990   8.02990e+02   8.99000e+03  -5.86076e+01  -1.99964e-03   8.00000e+02
          8991   8.02991e+02   8.99100e+03  -5.86025e+01  -1.99995e-03   8.00000e+02
          8992   8.02995e+02   8.99200e+03  -5.85905e+01  -1.99982e-03   8.00000e+02
          8993   8.02990e+02   8.99300e+03  -5.85839e+01  -1.99988e-03   8.00000e+02
          8994   8.02995e+02   8.99400e+03  -5.85771e+01  -1.99995e-03   8.00000e+02
          8995   8.02996e+02   8.99500e+03  -5.85703e+01  -1.99999e-03   8.00000e+02
          8996   8.02991e+02   8.99600e+03  -5.85674e+01  -1.99997e-03   8.00000e+02
          8997   8.02998e+02   8.99700e+03  -5.85648e+01  -1.99998e-03   8.00000e+02
          8998   8.02997e+02   8.99800e+03  -5.85641e+01  -1.99999e-03   8.00000e+02
          8999   8.02994e+02   8.99900e+03  -5.85649e+01  -2.00000e-03   8.00000e+02
          9000   8.02986e+02   9.00000e+03  -5.85726e+01  -2.00000e-03   8.00000e+02
          9001   8.02987e+02   9.00100e+03  -5.85771e+01  -2.00000e-03   8.00000e+02
          9002   8.02992e+02   9.00200e+03  -5.85823e+01  -2.00000e-03   8.00000e+02
          9003   8.02994e+02   9.00300e+03  -5.85889e+01  -2.00000e-03   8.00000e+02
          9004   8.02993e+02   9.00400e+03  -5.85989e+01  -2.00000e-03   8.00000e+02
          9005   8.02997e+02   9.00500e+03  -5.86073e+01  -2.00000e-03   8.00000e+02
          9006   8.02993e+02   9.00600e+03  -5.86150e+01  -2.00000e-03   8.00000e+02
          9007   8.02997e+02   9.00700e+03  -5.86217e+01  -2.00000e-03   8.00000e+02
          9008   8.02992e+02   9.00800e+03  -5.86389e+01  -2.00000e-03   8.00000e+02
          9009   8.02988e+02   9.00900e+03  -5.86503e+01  -2.02778e-03   8.00000e+02
          9010   8.02995e+02   9.01000e+03  -5.86613e+01  -2.11806e-03   8.00000e+02
          9011   8.02986e+02   9.01100e+03  -5.86726e+01  -2.22222e-03   8.00000e+02
          9012   8.02993e+02   9.01200e+03  -5.86874e+01  -2.36400e-03   8.00000e+02
          9013   8.02993e+02   9.01300e+03  -5.86989e+01  -2.48201e-03   8.00000e+02
          9014   8.02994e+02   9.01400e+03  -5.87092e+01  -2.59002e-03   8.00000e+02
          9015   8.02991e+02   9.01500e+03  -5.87207e+01  -2.69136e-03   8.00000e+02
          9016   8.02995e+02   9.01600e+03  -5.87247e+01  -2.78446e-03   8.00000e+02
          9017   8.02989e+02   9.01700e+03  -5.87304e+01  -2.85745e-03   8.00000e+02
          9018   8.02987e+02   9.01800e+03  -5.87364e+01  -2.91587e-03   8.00000e+02
          9019   8.02992e+02   9.01900e+03  -5.87410e+01  -2.96571e-03   8.00000e+02
          9020   8.02991e+02   9.02000e+03  -5.87442e+01  -2.95770e-03   8.00000e+02
          9021   8.02996e+02   9.02100e+03  -5.87459e+01  -2.97164e-03   8.00000e+02
          9022   8.02991e+02   9.02200e+03  -5.87474e+01  -2.98538e-03   8.00000e+02
          9023   8.02986e+02   9.02300e+03  -5.87480e+01  -2.99619e-03   8.00000e+02
          9024   8.02987e+02   9.02400e+03  -5.87380e+01  -2.99280e-03   8.00000e+02
          9025   8.02990e+02   9.02500e+03  -5.87340e+01  -2.99509e-03   8.00000e+02
          9026   8.02989e+02   9.02600e+03  -5.87304e+01  -2.99764e-03   8.00000e+02
          9027   8.02993e+02   9.02700e+03  -5.87273e+01  -2.99958e-03   8.00000e+02
          9028   8.02990e+02   9.02800e+03  -5.87148e+01  -2.99885e-03   8.00000e+02
          9029   8.02994e+02   9.02900e+03  -5.87066e+01  -2.99921e-03   8.00000e+02
          9030   8.02998e+02   9.03000e+03  -5.86991e+01  -2.99964e-03   8.00000e+02
          9031   8.02996e+02   9.03100e+03  -5.86917e+01  -2.99995e-03   8.00000e+02
          9032   8.02993e+02   9.03200e+03  -5.86809e+01  -2.99982e-03   8.00000e+02
          9033   8.02991e+02   9.03300e+03  -5.86708e+01  -2.99988e-03   8.00000e+02
          9034   8.02995e+02   9.03400e+03  -5.86632e+01  -2.99995e-03   8.00000e+02
          9035   8.02996e+02   9.03500e+03  -5.86571e+01  -3.00000e-03   8.00000e+02
          9036   8.02995e+02   9.03600e+03  -5.86481e+01  -2.99997e-03   8.00000e+02
          9037   8.02995e+02   9.03700e+03  -5.86406e+01  -2.99998e-03   8.00000e+02
          9038   8.02996e+02   9.03800e+03  -5.86346e+01  -2.99999e-03   8.00000e+02
          9039   8.03000e+02   9.03900e+03  -5.86298e+01  -3.00000e-03   8.00000e+02
          9040   8.02995e+02   9.04000e+03  -5.86304e+01  -3.00000e-03   8.00000e+02
          9041   8.03002e+02   9.04100e+03  -5.86285e+01  -3.00000e-03   8.00000e+02
          9042   8.02989e+02   9.04200e+03  -5.86259e+01  -3.00000e-03   8.00000e+02
          9043   8.03001e+02   9.04300e+03  -5.86234e+01  -3.00000e-03   8.00000e+02
          9044   8.02999e+02   9.04400e+03  -5.86262e+01  -3.00000e-03   8.00000e+02
          9045   8.02999e+02   9.04500e+03  -5.86251e+01  -3.00000e-03   8.00000e+02
          9046   8.02998e+02   9.04600e+03  -5.86244e+01  -3.00000e-03   8.00000e+02
          9047   8.02997e+02   9.04700e+03  -5.86251e+01  -3.00000e-03   8.00000e+02
          9048   8.02994e+02   9.04800e+03  -5.86314e+01  -3.00000e-03   8.00000e+02
          9049   8.02991e+02   9.04900e+03  -5.86365e+01  -3.00000e-03   8.00000e+02
          9050   8.02996e+02   9.05000e+03  -5.86418e+01  -3.00000e-03   8.00000e+02
          9051   8.02995e+02   9.05100e+03  -5.86464e+01  -3.00000e-03   8.00000e+02
          9052   8.02994e+02   9.05200e+03  -5.86495e+01  -3.00000e-03   8.00000e+02
          9053   8.02999e+02   9.05300e+03  -5.86519e+01  -3.00000e-03   8.00000e+02
          9054   8.02989e+02   9.05400e+03  -5.86549e+01  -3.00000e-03   8.00000e+02
          9055   8.02992e+02   9.05500e+03  -5.86595e+01  -3.00000e-03   8.00000e+02
          9056   8.02992e+02   9.05600e+03  -5.86745e+01  -3.00000e-03   8.00000e+02
          9057   8.02991e+02   9.05700e+03  -5.86829e+01  -3.00000e-03   8.00000e+02
          9058   8.02992e+02   9.05800e+03  -5.86861e+01  -3.00000e-03   8.00000e+02
          9059   8.02991e+02   9.05900e+03  -5.86859e+01  -3.00000e-03   8.00000e+02
          9060   8.02982e+02   9.06000e+03  -5.86726e+01  -3.00000e-03   8.00000e+02
          9061   8.02986e+02   9.06100e+03  -5.86631e+01  -3.00000e-03   8.00000e+02
          9062   8.02990e+02   9.06200e+03  -5.86562e+01  -3.00000e-03   8.00000e+02
          9063   8.02990e+02   9.06300e+03  -5.86512e+01  -3.00000e-03   8.00000e+02
          9064   8.02987e+02   9.06400e+03  -5.86421e+01  -3.00000e-03   8.00000e+02
          9065   8.02988e+02   9.06500e+03  -5.86340e+01  -3.00000e-03   8.00000e+02
          9066   8.02994e+02   9.06600e+03  -5.86262e+01  -3.00000e-03   8.00000e+02
          9067   8.02990e+02   9.06700e+03  -5.86190e+01  -3.00000e-03   8.00000e+02
          9068   8.03000e+02   9.06800e+03  -5.86006e+01  -3.00000e-03   8.00000e+02
          9069   8.02995e+02   9.06900e+03  -5.85951e+01  -3.00000e-03   8.00000e+02
          9070   8.02995e+02   9.07000e+03  -5.85927e+01  -3.00000e-03   8.00000e+02
          9071   8.02982e+02   9.07100e+03  -5.85919e+01  -3.00000e-03   8.00000e+02
          9072   8.02991e+02   9.07200e+03  -5.86033e+01  -3.00000e-03   8.00000e+02
          9073   8.02987e+02   9.07300e+03  -5.86070e+01  -3.00000e-03   8.00000e+02
          9074   8.02995e+02   9.07400e+03  -5.86100e+01  -3.00000e-03   8.00000e+02
          9075   8.02996e+02   9.07500e+03  -5.86136e+01  -3.00000e-03   8.00000e+02
          9076   8.02995e+02   9.07600e+03  -5.86265e+01  -3.00000e-03   8.00000e+02
          9077   8.02983e+02   9.07700e+03  -5.86319e+01  -3.00000e-03   8.00000e+02
          9078   8.02987e+02   9.07800e+03  -5.86358e+01  -3.00000e-03   8.00000e+02
          9079   8.02992e+02   9.07900e+03  -5.86392e+01  -3.00000e-03   8.00000e+02
          9080   8.02984e+02   9.08000e+03  -5.86448e+01  -3.00000e-03   8.00000e+02
          9081   8.02985e+02   9.08100e+03  -5.86488e+01  -3.00000e-03   8.00000e+02
          9082   8.02989e+02   9.08200e+03  -5.86522e+01  -3.00000e-03   8.00000e+02
          9083   8.02985e+02   9.08300e+03  -5.86555e+01  -3.00000e-03   8.00000e+02
          9084   8.02989e+02   9.08400e+03  -5.86586e+01  -3.00000e-03   8.00000e+02
          9085   8.02990e+02   9.08500e+03  -5.86599e+01  -3.00000e-03   8.00000e+02
          9086   8.02987e+02   9.08600e+03  -5.86594e+01  -3.00000e-03   8.00000e+02
          9087   8.02981e+02   9.08700e+03  -5.86598e+01  -3.00000e-03   8.00000e+02
          9088   8.02990e+02   9.08800e+03  -5.86553e+01  -3.00000e-03   8.00000e+02
          9089   8.02981e+02   9.08900e+03  -5.86549e+01  -3.00000e-03   8.00000e+02
          9090   8.02979e+02   9.09000e+03  -5.86557e+01  -3.00000e-03   8.00000e+02
          9091   8.02986e+02   9.09100e+03  -5.86570e+01  -3.00000e-03   8.00000e+02
          9092   8.02981e+02   9.09200e+03  -5.86542e+01  -3.00000e-03   8.00000e+02
          9093   8.02985e+02   9.09300e+03  -5.86522e+01  -3.00000e-03   8.00000e+02
          9094   8.02989e+02   9.09400e+03  -5.86509e+01  -3.00000e-03   8.00000e+02
          9095   8.02989e+02   9.09500e+03  -5.86503e+01  -3.00000e-03   8.00000e+02
          9096   8.02984e+02   9.09600e+03  -5.86520e+01  -3.00000e-03   8.00000e+02
          9097   8.02982e+02   9.09700e+03  -5.86518e+01  -3.00000e-03   8.00000e+02
          9098   8.02986e+02   9.09800e+03  -5.86508e+01  -3.00000e-03   8.00000e+02
          9099   8.02984e+02   9.09900e+03  -5.86503e+01  -3.00000e-03   8.00000e+02
          9100   8.02989e+02   9.10000e+03  -5.86472e+01  -3.00000e-03   8.00000e+02
          9101   8.02986e+02   9.10100e+03  -5.86428e+01  -3.00000e-03   8.00000e+02
          9102   8.02987e+02   9.10200e+03  -5.86391e+01  -3.00000e-03   8.00000e+02
          9103   8.02987e+02   9.10300e+03  -5.86368e+01  -3.00000e-03   8.00000e+02
          9104   8.02980e+02   9.10400e+03  -5.86322e+01  -3.00000e-03   8.00000e+02
          9105   8.02982e+02   9.10500e+03  -5.86308e+01  -3.00000e-03   8.00000e+02
          9106   8.02989e+02   9.10600e+03  -5.86304e+01  -3.02778e-03   8.00000e+02
          9107   8.02984e+02   9.10700e+03  -5.86297e+01  -3.11111e-03   8.00000e+02
          9108   8.02988e+02   9.10800e+03  -5.86231e+01  -3.23380e-03   8.00000e+02
          9109   8.02985e+02   9.10900e+03  -5.86193e+01  -3.34780e-03   8.00000e+02
          9110   8.02992e+02   9.11000e+03  -5.86164e+01  -3.45886e-03   8.00000e+02
          9111   8.02987e+02   9.11100e+03  -5.86136e+01  -3.56790e-03   8.00000e+02
          9112   8.02988e+02   9.11200e+03  -5.86140e+01  -3.71396e-03   8.00000e+02
          9113   8.02994e+02   9.11300e+03  -5.86115e+01  -3.81115e-03   8.00000e+02
          9114   8.02987e+02   9.11400e+03  -5.86086e+01  -3.88672e-03   8.00000e+02
          9115   8.02983e+02   9.11500e+03  -5.86052e+01  -3.95199e-03   8.00000e+02
          9116   8.02982e+02   9.11600e+03  -5.86010e+01  -3.94293e-03   8.00000e+02
          9117   8.02983e+02   9.11700e+03  -5.85975e+01  -3.96180e-03   8.00000e+02
          9118   8.02988e+02   9.11800e+03  -5.85951e+01  -3.98016e-03   8.00000e+02
          9119   8.02989e+02   9.11900e+03  -5.85922e+01  -3.99467e-03   8.00000e+02
          9120   8.02981e+02   9.12000e+03  -5.85897e+01  -3.99021e-03   8.00000e+02
          9121   8.02983e+02   9.12100e+03  -5.85887e+01  -3.99333e-03   8.00000e+02
          9122   8.02987e+02   9.12200e+03  -5.85872e+01  -3.99679e-03   8.00000e+02
          9123   8.02977e+02   9.12300e+03  -5.85856e+01  -3.99941e-03   8.00000e+02
          9124   8.02984e+02   9.12400e+03  -5.85845e+01  -3.99844e-03   8.00000e+02
          9125   8.02977e+02   9.12500e+03  -5.85834e+01  -3.99892e-03   8.00000e+02
          9126   8.02984e+02   9.12600e+03  -5.85807e+01  -3.99950e-03   8.00000e+02
          9127   8.02979e+02   9.12700e+03  -5.85780e+01  -3.99993e-03   8.00000e+02
          9128   8.02976e+02   9.12800e+03  -5.85766e+01  -3.99976e-03   8.00000e+02
          9129   8.02987e+02   9.12900e+03  -5.85733e+01  -3.99983e-03   8.00000e+02
          9130   8.02988e+02   9.13000e+03  -5.85709e+01  -3.99993e-03   8.00000e+02
          9131   8.02991e+02   9.13100e+03  -5.85684e+01  -3.99999e-03   8.00000e+02
          9132   8.02996e+02   9.13200e+03  -5.85612e+01  -3.99996e-03   8.00000e+02
          9133   8.02985e+02   9.13300e+03  -5.85557e+01  -3.99998e-03   8.00000e+02
          9134   8.02992e+02   9.13400e+03  -5.85508e+01  -3.99999e-03   8.00000e+02
          9135   8.02986e+02   9.13500e+03  -5.85468e+01  -4.00000e-03   8.00000e+02
          9136   8.02997e+02   9.13600e+03  -5.85416e+01  -4.00000e-03   8.00000e+02
          9137   8.02990e+02   9.13700e+03  -5.85370e+01  -4.00000e-03   8.00000e+02
          9138   8.02990e+02   9.13800e+03  -5.85336e+01  -4.00000e-03   8.00000e+02
          9139   8.02989e+02   9.13900e+03  -5.85308e+01  -4.00000e-03   8.00000e+02
          9140   8.02992e+02   9.14000e+03  -5.85267e+01  -4.00000e-03   8.00000e+02
          9141   8.02988e+02   9.14100e+03  -5.85217e+01  -4.00000e-03   8.00000e+02
          9142   8.02990e+02   9.14200e+03  -5.85189e+01  -4.00000e-03   8.00000e+02
          9143   8.02982e+02   9.14300e+03  -5.85167e+01  -4.00000e-03   8.00000e+02
          9144   8.02989e+02   9.14400e+03  -5.85174e+01  -4.00000e-03   8.00000e+02
          9145   8.02986e+02   9.14500e+03  -5.85152e+01  -4.00000e-03   8.00000e+02
          9146   8.02985e+02   9.14600e+03  -5.85122e+01  -4.00000e-03   8.00000e+02
          9147   8.02988e+02   9.14700e+03  -5.85093e+01  -4.00000e-03   8.00000e+02
          9148   8.02988e+02   9.14800e+03  -5.85075e+01  -4.00000e-03   8.00000e+02
          9149   8.02990e+02   9.14900e+03  -5.85049e+01  -4.00000e-03   8.00000e+02
          9150   8.02991e+02   9.15000e+03  -5.85021e+01  -4.00000e-03   8.00000e+02
          9151   8.02986e+02   9.15100e+03  -5.84995e+01  -4.00000e-03   8.00000e+02
          9152   8.02986e+02   9.15200e+03  -5.85002e+01  -4.00000e-03   8.00000e+02
          9153   8.02984e+02   9.15300e+03  -5.85008e+01  -4.00000e-03   8.00000e+02
          9154   8.02985e+02   9.15400e+03  -5.85030e+01  -4.00000e-03   8.00000e+02
          9155   8.02986e+02   9.15500e+03  -5.85048e+01  -4.00000e-03   8.00000e+02
          9156   8.02989e+02   9.15600e+03  -5.85060e+01  -4.00000e-03   8.00000e+02
          9157   8.02984e+02   9.15700e+03  -5.85068e+01  -4.00000e-03   8.00000e+02
          9158   8.02987e+02   9.15800e+03  -5.85066e+01  -4.00000e-03   8.00000e+02
          9159   8.02990e+02   9.15900e+03  -5.85059e+01  -4.00000e-03   8.00000e+02
          9160   8.02986e+02   9.16000e+03  -5.85063e+01  -4.00000e-03   8.00000e+02
          9161   8.02984e+02   9.16100e+03  -5.85035e+01  -4.00000e-03   8.00000e+02
          9162   8.02985e+02   9.16200e+03  -5.84995e+01  -4.00000e-03   8.00000e+02
          9163   8.02985e+02   9.16300e+03  -5.84961e+01  -4.00000e-03   8.00000e+02
          9164   8.02982e+02   9.16400e+03  -5.84880e+01  -4.00000e-03   8.00000e+02
          9165   8.02989e+02   9.16500e+03  -5.84813e+01  -4.00000e-03   8.00000e+02
          9166   8.02979e+02   9.16600e+03  -5.84753e+01  -4.00000e-03   8.00000e+02
          9167   8.02979e+02   9.16700e+03  -5.84695e+01  -4.00000e-03   8.00000e+02
          9168   8.02991e+02   9.16800e+03  -5.84566e+01  -4.00000e-03   8.00000e+02
          9169   8.02986e+02   9.16900e+03  -5.84491e+01  -4.00000e-03   8.00000e+02
          9170   8.02990e+02   9.17000e+03  -5.84426e+01  -4.00000e-03   8.00000e+02
          9171   8.02986e+02   9.17100e+03  -5.84363e+01  -4.00000e-03   8.00000e+02
          9172   8.02988e+02   9.17200e+03  -5.84336e+01  -4.00000e-03   8.00000e+02
          9173   8.02990e+02   9.17300e+03  -5.84315e+01  -4.00000e-03   8.00000e+02
          9174   8.02994e+02   9.17400e+03  -5.84300e+01  -4.00000e-03   8.00000e+02
          9175   8.02988e+02   9.17500e+03  -5.84282e+01  -4.00000e-03   8.00000e+02
          9176   8.02983e+02   9.17600e+03  -5.84295e+01  -4.00000e-03   8.00000e+02
          9177   8.02994e+02   9.17700e+03  -5.84278e+01  -4.00000e-03   8.00000e+02
          9178   8.02986e+02   9.17800e+03  -5.84255e+01  -4.02778e-03   8.00000e+02
          9179   8.02988e+02   9.17900e+03  -5.84228e+01  -4.11111e-03   8.00000e+02
          9180   8.02989e+02   9.18000e+03  -5.84265e+01  -4.23380e-03   8.00000e+02
          9181   8.02982e+02   9.18100e+03  -5.84256e+01  -4.34780e-03   8.00000e+02
          9182   8.02991e+02   9.18200e+03  -5.84234e+01  -4.45886e-03   8.00000e+02
          9183   8.02995e+02   9.18300e+03  -5.84192e+01  -4.56790e-03   8.00000e+02
          9184   8.02985e+02   9.18400e+03  -5.84149e+01  -4.71395e-03   8.00000e+02
          9185   8.02985e+02   9.18500e+03  -5.84120e+01  -4.81115e-03   8.00000e+02
          9186   8.02990e+02   9.18600e+03  -5.84091e+01  -4.88672e-03   8.00000e+02
          9187   8.02985e+02   9.18700e+03  -5.84074e+01  -4.95199e-03   8.00000e+02
          9188   8.02986e+02   9.18800e+03  -5.84048e+01  -4.94293e-03   8.00000e+02
          9189   8.02992e+02   9.18900e+03  -5.84068e+01  -4.96180e-03   8.00000e+02
          9190   8.02993e+02   9.19000e+03  -5.84101e+01  -4.98015e-03   8.00000e+02
          9191   8.02988e+02   9.19100e+03  -5.84121e+01  -4.99466e-03   8.00000e+02
          9192   8.02988e+02   9.19200e+03  -5.84133e+01  -4.99021e-03   8.00000e+02
          9193   8.02982e+02   9.19300e+03  -5.84143e+01  -4.99333e-03   8.00000e+02
          9194   8.02991e+02   9.19400e+03  -5.84152e+01  -4.99679e-03   8.00000e+02
          9195   8.02984e+02   9.19500e+03  -5.84167e+01  -4.99941e-03   8.00000e+02
          9196   8.02986e+02   9.19600e+03  -5.84260e+01  -4.99843e-03   8.00000e+02
          9197   8.02984e+02   9.19700e+03  -5.84285e+01  -4.99892e-03   8.00000e+02
          9198   8.02985e+02   9.19800e+03  -5.84294e+01  -4.99950e-03   8.00000e+02
          9199   8.02985e+02   9.19900e+03  -5.84295e+01  -4.99993e-03   8.00000e+02
          9200   8.02983e+02   9.20000e+03  -5.84260e+01  -4.99976e-03   8.00000e+02
          9201   8.02983e+02   9.20100e+03  -5.84252e+01  -4.99983e-03   8.00000e+02
          9202   8.02985e+02   9.20200e+03  -5.84253e+01  -4.99992e-03   8.00000e+02
          9203   8.02989e+02   9.20300e+03  -5.84252e+01  -4.99999e-03   8.00000e+02
          9204   8.02991e+02   9.20400e+03  -5.84190e+01  -4.99996e-03   8.00000e+02
          9205   8.02983e+02   9.20500e+03  -5.84151e+01  -4.99997e-03   8.00000e+02
          9206   8.02984e+02   9.20600e+03  -5.84113e+01  -4.99999e-03   8.00000e+02
          9207   8.02989e+02   9.20700e+03  -5.84065e+01  -5.00000e-03   8.00000e+02
          9208   8.02985e+02   9.20800e+03  -5.83993e+01  -4.99999e-03   8.00000e+02
          9209   8.02988e+02   9.20900e+03  -5.83943e+01  -5.00000e-03   8.00000e+02
          9210   8.02990e+02   9.21000e+03  -5.83899e+01  -5.00000e-03   8.00000e+02
          9211   8.02990e+02   9.21100e+03  -5.83859e+01  -5.00000e-03   8.00000e+02
          9212   8.02985e+02   9.21200e+03  -5.83802e+01  -5.00000e-03   8.00000e+02
          9213   8.02991e+02   9.21300e+03  -5.83773e+01  -5.00000e-03   8.00000e+02
          9214   8.02991e+02   9.21400e+03  -5.83739e+01  -5.00000e-03   8.00000e+02
          9215   8.02986e+02   9.21500e+03  -5.83722e+01  -5.00000e-03   8.00000e+02
          9216   8.02987e+02   9.21600e+03  -5.83752e+01  -5.00000e-03   8.00000e+02
          9217   8.02986e+02   9.21700e+03  -5.83788e+01  -5.00000e-03   8.00000e+02
          9218   8.02986e+02   9.21800e+03  -5.83820e+01  -5.00000e-03   8.00000e+02
          9219   8.02990e+02   9.21900e+03  -5.83853e+01  -5.00000e-03   8.00000e+02
          9220   8.02989e+02   9.22000e+03  -5.83961e+01  -5.00000e-03   8.00000e+02
          9221   8.02988e+02   9.22100e+03  -5.84018e+01  -5.00000e-03   8.00000e+02
          9222   8.02988e+02   9.22200e+03  -5.84069e+01  -5.00000e-03   8.00000e+02
          9223   8.02985e+02   9.22300e+03  -5.84121e+01  -5.00000e-03   8.00000e+02
          9224   8.02988e+02   9.22400e+03  -5.84175e+01  -5.00000e-03   8.00000e+02
          9225   8.02984e+02   9.22500e+03  -5.84194e+01  -5.02778e-03   8.00000e+02
          9226   8.02981e+02   9.22600e+03  -5.84200e+01  -5.11806e-03   8.00000e+02
          9227   8.02983e+02   9.22700e+03  -5.84203e+01  -5.22222e-03   8.00000e+02
          9228   8.02987e+02   9.22800e+03  -5.84153e+01  -5.36400e-03   8.00000e+02
          9229   8.02979e+02   9.22900e+03  -5.84153e+01  -5.48201e-03   8.00000e+02
          9230   8.02978e+02   9.23000e+03  -5.84163e+01  -5.59002e-03   8.00000e+02
          9231   8.02979e+02   9.23100e+03  -5.84165e+01  -5.69136e-03   8.00000e+02
          9232   8.02990e+02   9.23200e+03  -5.84065e+01  -5.78446e-03   8.00000e+02
          9233   8.02988e+02   9.23300e+03  -5.84018e+01  -5.85745e-03   8.00000e+02
          9234   8.02985e+02   9.23400e+03  -5.83976e+01  -5.91587e-03   8.00000e+02
          9235   8.02985e+02   9.23500e+03  -5.83925e+01  -5.96571e-03   8.00000e+02
          9236   8.02991e+02   9.23600e+03  -5.83850e+01  -5.95770e-03   8.00000e+02
          9237   8.02988e+02   9.23700e+03  -5.83793e+01  -5.97164e-03   8.00000e+02
          9238   8.02981e+02   9.23800e+03  -5.83763e+01  -5.98538e-03   8.00000e+02
          9239   8.02984e+02   9.23900e+03  -5.83745e+01  -5.99619e-03   8.00000e+02
          9240   8.02987e+02   9.24000e+03  -5.83719e+01  -5.99280e-03   8.00000e+02
          9241   8.02986e+02   9.24100e+03  -5.83718e+01  -5.99509e-03   8.00000e+02
          9242   8.02983e+02   9.24200e+03  -5.83719e+01  -5.99764e-03   8.00000e+02
          9243   8.02988e+02   9.24300e+03  -5.83732e+01  -5.99958e-03   8.00000e+02
          9244   8.02988e+02   9.24400e+03  -5.83758e+01  -5.99885e-03   8.00000e+02
          9245   8.02992e+02   9.24500e+03  -5.83770e+01  -5.99921e-03   8.00000e+02
          9246   8.02989e+02   9.24600e+03  -5.83760e+01  -5.99964e-03   8.00000e+02
          9247   8.02989e+02   9.24700e+03  -5.83719e+01  -5.99995e-03   8.00000e+02
          9248   8.02985e+02   9.24800e+03  -5.83781e+01  -5.99982e-03   8.00000e+02
          9249   8.02987e+02   9.24900e+03  -5.83779e+01  -5.99988e-03   8.00000e+02
          9250   8.02989e+02   9.25000e+03  -5.83758e+01  -5.99995e-03   8.00000e+02
          9251   8.02989e+02   9.25100e+03  -5.83736e+01  -6.00000e-03   8.00000e+02
          9252   8.02987e+02   9.25200e+03  -5.83656e+01  -5.99997e-03   8.00000e+02
          9253   8.02981e+02   9.25300e+03  -5.83603e+01  -5.99998e-03   8.00000e+02
          9254   8.02991e+02   9.25400e+03  -5.83549e+01  -5.99999e-03   8.00000e+02
          9255   8.02990e+02   9.25500e+03  -5.83487e+01  -6.00000e-03   8.00000e+02
          9256   8.02989e+02   9.25600e+03  -5.83348e+01  -6.00000e-03   8.00000e+02
          9257   8.02995e+02   9.25700e+03  -5.83278e+01  -6.00000e-03   8.00000e+02
          9258   8.02993e+02   9.25800e+03  -5.83211e+01  -6.00000e-03   8.00000e+02
          9259   8.02989e+02   9.25900e+03  -5.83133e+01  -6.00000e-03   8.00000e+02
          9260   8.02987e+02   9.26000e+03  -5.83101e+01  -6.00000e-03   8.00000e+02
          9261   8.02988e+02   9.26100e+03  -5.83067e+01  -6.00000e-03   8.00000e+02
          9262   8.02995e+02   9.26200e+03  -5.83031e+01  -6.00000e-03   8.00000e+02
          9263   8.02995e+02   9.26300e+03  -5.82997e+01  -6.00000e-03   8.00000e+02
          9264   8.03000e+02   9.26400e+03  -5.82961e+01  -6.00000e-03   8.00000e+02
          9265   8.02990e+02   9.26500e+03  -5.82941e+01  -6.00000e-03   8.00000e+02
          9266   8.02995e+02   9.26600e+03  -5.82946e+01  -6.00000e-03   8.00000e+02
          9267   8.02991e+02   9.26700e+03  -5.82956e+01  -6.00000e-03   8.00000e+02
          9268   8.02997e+02   9.26800e+03  -5.82999e+01  -6.00000e-03   8.00000e+02
          9269   8.02985e+02   9.26900e+03  -5.83005e+01  -6.00000e-03   8.00000e+02
          9270   8.02987e+02   9.27000e+03  -5.83000e+01  -6.00000e-03   8.00000e+02
          9271   8.02987e+02   9.27100e+03  -5.82999e+01  -6.00000e-03   8.00000e+02
          9272   8.02991e+02   9.27200e+03  -5.83051e+01  -6.00000e-03   8.00000e+02
          9273   8.02990e+02   9.27300e+03  -5.83065e+01  -6.00000e-03   8.00000e+02
          9274   8.02991e+02   9.27400e+03  -5.83062e+01  -6.00000e-03   8.00000e+02
          9275   8.02991e+02   9.27500e+03  -5.83047e+01  -6.00000e-03   8.00000e+02
          9276   8.02986e+02   9.27600e+03  -5.83020e+01  -6.00000e-03   8.00000e+02
          9277   8.02986e+02   9.27700e+03  -5.82986e+01  -6.00000e-03   8.00000e+02
          9278   8.02989e+02   9.27800e+03  -5.82960e+01  -6.00000e-03   8.00000e+02
          9279   8.02988e+02   9.27900e+03  -5.82936e+01  -6.00000e-03   8.00000e+02
          9280   8.02992e+02   9.28000e+03  -5.82881e+01  -6.00000e-03   8.00000e+02
          9281   8.02987e+02   9.28100e+03  -5.82848e+01  -6.00000e-03   8.00000e+02
          9282   8.02987e+02   9.28200e+03  -5.82805e+01  -6.00000e-03   8.00000e+02
          9283   8.02984e+02   9.28300e+03  -5.82766e+01  -6.00000e-03   8.00000e+02
          9284   8.02985e+02   9.28400e+03  -5.82708e+01  -6.00000e-03   8.00000e+02
          9285   8.02986e+02   9.28500e+03  -5.82680e+01  -6.00000e-03   8.00000e+02
          9286   8.02985e+02   9.28600e+03  -5.82666e+01  -6.00000e-03   8.00000e+02
          9287   8.02992e+02   9.28700e+03  -5.82651e+01  -6.00000e-03   8.00000e+02
          9288   8.02993e+02   9.28800e+03  -5.82663e+01  -6.00000e-03   8.00000e+02
          9289   8.02990e+02   9.28900e+03  -5.82647e+01  -6.00000e-03   8.00000e+02
          9290   8.02989e+02   9.29000e+03  -5.82627e+01  -6.00000e-03   8.00000e+02
          9291   8.02988e+02   9.29100e+03  -5.82603e+01  -6.00000e-03   8.00000e+02
          9292   8.02990e+02   9.29200e+03  -5.82574e+01  -6.00000e-03   8.00000e+02
          9293   8.02996e+02   9.29300e+03  -5.82540e+01  -6.00000e-03   8.00000e+02
          9294   8.02993e+02   9.29400e+03  -5.82505e+01  -6.00000e-03   8.00000e+02
          9295   8.02993e+02   9.29500e+03  -5.82477e+01  -6.00000e-03   8.00000e+02
          9296   8.02988e+02   9.29600e+03  -5.82443e+01  -6.00000e-03   8.00000e+02
          9297   8.02997e+02   9.29700e+03  -5.82429e+01  -6.00000e-03   8.00000e+02
          9298   8.02992e+02   9.29800e+03  -5.82406e+01  -6.00000e-03   8.00000e+02
          9299   8.02993e+02   9.29900e+03  -5.82390e+01  -6.00000e-03   8.00000e+02
          9300   8.02990e+02   9.30000e+03  -5.82359e+01  -6.00000e-03   8.00000e+02
          9301   8.03002e+02   9.30100e+03  -5.82345e+01  -6.00000e-03   8.00000e+02
          9302   8.02997e+02   9.30200e+03  -5.82330e+01  -6.00000e-03   8.00000e+02
          9303   8.02991e+02   9.30300e+03  -5.82289e+01  -6.00000e-03   8.00000e+02
          9304   8.02994e+02   9.30400e+03  -5.82316e+01  -6.00000e-03   8.00000e+02
          9305   8.02996e+02   9.30500e+03  -5.82319e+01  -6.00000e-03   8.00000e+02
          9306   8.02998e+02   9.30600e+03  -5.82307e+01  -6.00000e-03   8.00000e+02
          9307   8.03005e+02   9.30700e+03  -5.82293e+01  -6.00000e-03   8.00000e+02
          9308   8.02996e+02   9.30800e+03  -5.82290e+01  -6.00000e-03   8.00000e+02
          9309   8.02996e+02   9.30900e+03  -5.82291e+01  -6.00000e-03   8.00000e+02
          9310   8.02994e+02   9.31000e+03  -5.82297e+01  -6.00000e-03   8.00000e+02
          9311   8.03000e+02   9.31100e+03  -5.82307e+01  -6.00000e-03   8.00000e+02
          9312   8.02992e+02   9.31200e+03  -5.82309e+01  -6.00000e-03   8.00000e+02
          9313   8.03002e+02   9.31300e+03  -5.82311e+01  -6.00000e-03   8.00000e+02
          9314   8.02993e+02   9.31400e+03  -5.82309e+01  -6.00000e-03   8.00000e+02
          9315   8.02997e+02   9.31500e+03  -5.82305e+01  -6.00000e-03   8.00000e+02
          9316   8.02997e+02   9.31600e+03  -5.82321e+01  -6.00000e-03   8.00000e+02
          9317   8.02995e+02   9.31700e+03  -5.82299e+01  -6.00000e-03   8.00000e+02
          9318   8.02996e+02   9.31800e+03  -5.82266e+01  -6.00000e-03   8.00000e+02
          9319   8.02994e+02   9.31900e+03  -5.82243e+01  -6.00000e-03   8.00000e+02
          9320   8.02989e+02   9.32000e+03  -5.82257e+01  -6.00000e-03   8.00000e+02
          9321   8.02995e+02   9.32100e+03  -5.82261e+01  -6.00000e-03   8.00000e+02
          9322   8.02999e+02   9.32200e+03  -5.82241e+01  -6.00000e-03   8.00000e+02
          9323   8.03000e+02   9.32300e+03  -5.82206e+01  -6.00000e-03   8.00000e+02
          9324   8.02994e+02   9.32400e+03  -5.82132e+01  -6.00000e-03   8.00000e+02
          9325   8.02994e+02   9.32500e+03  -5.82105e+01  -6.00000e-03   8.00000e+02
          9326   8.03001e+02   9.32600e+03  -5.82074e+01  -6.00000e-03   8.00000e+02
          9327   8.02994e+02   9.32700e+03  -5.82051e+01  -6.00000e-03   8.00000e+02
          9328   8.02992e+02   9.32800e+03  -5.82100e+01  -6.00000e-03   8.00000e+02
          9329   8.02989e+02   9.32900e+03  -5.82112e+01  -6.00000e-03   8.00000e+02
          9330   8.02991e+02   9.33000e+03  -5.82105e+01  -6.00000e-03   8.00000e+02
          9331   8.02997e+02   9.33100e+03  -5.82087e+01  -6.00000e-03   8.00000e+02
          9332   8.03005e+02   9.33200e+03  -5.82057e+01  -6.02778e-03   8.00000e+02
          9333   8.02994e+02   9.33300e+03  -5.82040e+01  -6.11806e-03   8.00000e+02
          9334   8.02997e+02   9.33400e+03  -5.82026e+01  -6.22396e-03   8.00000e+02
          9335   8.03003e+02   9.33500e+03  -5.82005e+01  -6.33333e-03   8.00000e+02
          9336   8.03003e+02   9.33600e+03  -5.82010e+01  -6.50227e-03   8.00000e+02
          9337   8.02997e+02   9.33700e+03  -5.81988e+01  -6.62301e-03   8.00000e+02
          9338   8.02998e+02   9.33800e+03  -5.81960e+01  -6.72375e-03   8.00000e+02
          9339   8.02995e+02   9.33900e+03  -5.81945e+01  -6.81481e-03   8.00000e+02
          9340   8.02998e+02   9.34000e+03  -5.81874e+01  -6.85618e-03   8.00000e+02
          9341   8.02994e+02   9.34100e+03  -5.81822e+01  -6.90465e-03   8.00000e+02
          9342   8.02994e+02   9.34200e+03  -5.81766e+01  -6.94538e-03   8.00000e+02
          9343   8.02996e+02   9.34300e+03  -5.81703e+01  -6.97942e-03   8.00000e+02
          9344   8.03004e+02   9.34400e+03  -5.81584e+01  -6.97265e-03   8.00000e+02
          9345   8.02990e+02   9.34500e+03  -5.81501e+01  -6.98160e-03   8.00000e+02
          9346   8.03001e+02   9.34600e+03  -5.81431e+01  -6.99065e-03   8.00000e+02
          9347   8.02993e+02   9.34700e+03  -5.81353e+01  -6.99771e-03   8.00000e+02
          9348   8.02993e+02   9.34800e+03  -5.81280e+01  -6.99541e-03   8.00000e+02
          9349   8.02999e+02   9.34900e+03  -5.81201e+01  -6.99686e-03   8.00000e+02
          9350   8.02994e+02   9.35000e+03  -5.81123e+01  -6.99850e-03   8.00000e+02
          9351   8.02999e+02   9.35100e+03  -5.81058e+01  -6.99975e-03   8.00000e+02
          9352   8.02999e+02   9.35200e+03  -5.80982e+01  -6.99927e-03   8.00000e+02
          9353   8.03006e+02   9.35300e+03  -5.80935e+01  -6.99950e-03   8.00000e+02
          9354   8.03001e+02   9.35400e+03  -5.80895e+01  -6.99977e-03   8.00000e+02
          9355   8.03001e+02   9.35500e+03  -5.80862e+01  -6.99997e-03   8.00000e+02
          9356   8.02994e+02   9.35600e+03  -5.80961e+01  -6.99989e-03   8.00000e+02
          9357   8.03001e+02   9.35700e+03  -5.81014e+01  -6.99992e-03   8.00000e+02
          9358   8.03000e+02   9.35800e+03  -5.81058e+01  -6.99997e-03   8.00000e+02
          9359   8.03001e+02   9.35900e+03  -5.81120e+01  -7.00000e-03   8.00000e+02
          9360   8.02995e+02   9.36000e+03  -5.81280e+01  -6.99998e-03   8.00000e+02
          9361   8.02995e+02   9.36100e+03  -5.81367e+01  -6.99999e-03   8.00000e+02
          9362   8.03001e+02   9.36200e+03  -5.81429e+01  -6.99999e-03   8.00000e+02
          9363   8.02994e+02   9.36300e+03  -5.81487e+01  -7.00000e-03   8.00000e+02
          9364   8.02993e+02   9.36400e+03  -5.81635e+01  -7.00000e-03   8.00000e+02
          9365   8.02996e+02   9.36500e+03  -5.81721e+01  -7.00000e-03   8.00000e+02
          9366   8.02995e+02   9.36600e+03  -5.81790e+01  -7.00000e-03   8.00000e+02
          9367   8.02995e+02   9.36700e+03  -5.81858e+01  -7.00000e-03   8.00000e+02
          9368   8.02992e+02   9.36800e+03  -5.81898e+01  -7.00000e-03   8.00000e+02
          9369   8.02990e+02   9.36900e+03  -5.81929e+01  -7.00000e-03   8.00000e+02
          9370   8.02993e+02   9.37000e+03  -5.81950e+01  -7.00000e-03   8.00000e+02
          9371   8.02996e+02   9.37100e+03  -5.81970e+01  -7.00000e-03   8.00000e+02
          9372   8.02997e+02   9.37200e+03  -5.81919e+01  -7.00000e-03   8.00000e+02
          9373   8.02993e+02   9.37300e+03  -5.81893e+01  -7.00000e-03   8.00000e+02
          9374   8.02995e+02   9.37400e+03  -5.81855e+01  -7.00000e-03   8.00000e+02
          9375   8.02989e+02   9.37500e+03  -5.81814e+01  -7.00000e-03   8.00000e+02
          9376   8.02988e+02   9.37600e+03  -5.81734e+01  -7.00000e-03   8.00000e+02
          9377   8.02990e+02   9.37700e+03  -5.81665e+01  -7.00000e-03   8.00000e+02
          9378   8.02992e+02   9.37800e+03  -5.81577e+01  -7.00000e-03   8.00000e+02
          9379   8.02990e+02   9.37900e+03  -5.81485e+01  -7.00000e-03   8.00000e+02
          9380   8.02986e+02   9.38000e+03  -5.81364e+01  -7.00000e-03   8.00000e+02
          9381   8.02987e+02   9.38100e+03  -5.81291e+01  -7.00000e-03   8.00000e+02
          9382   8.02990e+02   9.38200e+03  -5.81227e+01  -7.00000e-03   8.00000e+02
          9383   8.02994e+02   9.38300e+03  -5.81160e+01  -7.00000e-03   8.00000e+02
          9384   8.02997e+02   9.38400e+03  -5.81081e+01  -7.00000e-03   8.00000e+02
          9385   8.02993e+02   9.38500e+03  -5.81018e+01  -7.00000e-03   8.00000e+02
          9386   8.02997e+02   9.38600e+03  -5.80956e+01  -7.00000e-03   8.00000e+02
          9387   8.03000e+02   9.38700e+03  -5.80893e+01  -7.00000e-03   8.00000e+02
          9388   8.02998e+02   9.38800e+03  -5.80860e+01  -7.00000e-03   8.00000e+02
          9389   8.03000e+02   9.38900e+03  -5.80799e+01  -7.00000e-03   8.00000e+02
          9390   8.03000e+02   9.39000e+03  -5.80741e+01  -7.00000e-03   8.00000e+02
          9391   8.03004e+02   9.39100e+03  -5.80686e+01  -7.00000e-03   8.00000e+02
          9392   8.02996e+02   9.39200e+03  -5.80642e+01  -7.00000e-03   8.00000e+02
          9393   8.02995e+02   9.39300e+03  -5.80586e+01  -7.00000e-03   8.00000e+02
          9394   8.02998e+02   9.39400e+03  -5.80527e+01  -7.00000e-03   8.00000e+02
          9395   8.02997e+02   9.39500e+03  -5.80479e+01  -7.00000e-03   8.00000e+02
          9396   8.02998e+02   9.39600e+03  -5.80403e+01  -7.00000e-03   8.00000e+02
          9397   8.03001e+02   9.39700e+03  -5.80348e+01  -7.00000e-03   8.00000e+02
          9398   8.03002e+02   9.39800e+03  -5.80307e+01  -7.00000e-03   8.00000e+02
          9399   8.02999e+02   9.39900e+03  -5.80268e+01  -7.00000e-03   8.00000e+02
          9400   8.02994e+02   9.40000e+03  -5.80266e+01  -7.00000e-03   8.00000e+02
          9401   8.02997e+02   9.40100e+03  -5.80264e+01  -7.00000e-03   8.00000e+02
          9402   8.02998e+02   9.40200e+03  -5.80248e+01  -7.00000e-03   8.00000e+02
          9403   8.02999e+02   9.40300e+03  -5.80221e+01  -7.00000e-03   8.00000e+02
          9404   8.03003e+02   9.40400e+03  -5.80254e+01  -7.00000e-03   8.00000e+02
          9405   8.02994e+02   9.40500e+03  -5.80271e+01  -7.00000e-03   8.00000e+02
          9406   8.02996e+02   9.40600e+03  -5.80280e+01  -7.00000e-03   8.00000e+02
          9407   8.02998e+02   9.40700e+03  -5.80292e+01  -7.00000e-03   8.00000e+02
          9408   8.03000e+02   9.40800e+03  -5.80348e+01  -7.00000e-03   8.00000e+02
          9409   8.02995e+02   9.40900e+03  -5.80358e+01  -7.00000e-03   8.00000e+02
          9410   8.02991e+02   9.41000e+03  -5.80355e+01  -7.00000e-03   8.00000e+02
          9411   8.02996e+02   9.41100e+03  -5.80345e+01  -7.00000e-03   8.00000e+02
          9412   8.02991e+02   9.41200e+03  -5.80298e+01  -7.00000e-03   8.00000e+02
          9413   8.02994e+02   9.41300e+03  -5.80280e+01  -7.00000e-03   8.00000e+02
          9414   8.02996e+02   9.41400e+03  -5.80266e+01  -7.00000e-03   8.00000e+02
          9415   8.02995e+02   9.41500e+03  -5.80258e+01  -7.00000e-03   8.00000e+02
          9416   8.02993e+02   9.41600e+03  -5.80185e+01  -7.00000e-03   8.00000e+02
          9417   8.02993e+02   9.41700e+03  -5.80144e+01  -7.00000e-03   8.00000e+02
          9418   8.03003e+02   9.41800e+03  -5.80100e+01  -7.00000e-03   8.00000e+02
          9419   8.02997e+02   9.41900e+03  -5.80047e+01  -7.00000e-03   8.00000e+02
          9420   8.02998e+02   9.42000e+03  -5.79950e+01  -7.00000e-03   8.00000e+02
          9421   8.03004e+02   9.42100e+03  -5.79886e+01  -7.00000e-03   8.00000e+02
          9422   8.02992e+02   9.42200e+03  -5.79843e+01  -7.00000e-03   8.00000e+02
          9423   8.02996e+02   9.42300e+03  -5.79803e+01  -7.00000e-03   8.00000e+02
          9424   8.02995e+02   9.42400e+03  -5.79744e+01  -7.00000e-03   8.00000e+02
          9425   8.02996e+02   9.42500e+03  -5.79689e+01  -7.00000e-03   8.00000e+02
          9426   8.02988e+02   9.42600e+03  -5.79633e+01  -7.00000e-03   8.00000e+02
          9427   8.02998e+02   9.42700e+03  -5.79565e+01  -7.00000e-03   8.00000e+02
          9428   8.02998e+02   9.42800e+03  -5.79498e+01  -7.00000e-03   8.00000e+02
          9429   8.02991e+02   9.42900e+03  -5.79429e+01  -7.00000e-03   8.00000e+02
          9430   8.02993e+02   9.43000e+03  -5.79349e+01  -7.00000e-03   8.00000e+02
          9431   8.02994e+02   9.43100e+03  -5.79276e+01  -7.00000e-03   8.00000e+02
          9432   8.02995e+02   9.43200e+03  -5.79190e+01  -7.00000e-03   8.00000e+02
          9433   8.02996e+02   9.43300e+03  -5.79123e+01  -7.00000e-03   8.00000e+02
          9434   8.02995e+02   9.43400e+03  -5.79055e+01  -7.00000e-03   8.00000e+02
          9435   8.02997e+02   9.43500e+03  -5.78978e+01  -7.00000e-03   8.00000e+02
          9436   8.03002e+02   9.43600e+03  -5.78875e+01  -7.00000e-03   8.00000e+02
          9437   8.02999e+02   9.43700e+03  -5.78790e+01  -7.00000e-03   8.00000e+02
          9438   8.03000e+02   9.43800e+03  -5.78708e+01  -7.00000e-03   8.00000e+02
          9439   8.02997e+02   9.43900e+03  -5.78648e+01  -7.00000e-03   8.00000e+02
          9440   8.02996e+02   9.44000e+03  -5.78617e+01  -7.00000e-03   8.00000e+02
          9441   8.02994e+02   9.44100e+03  -5.78572e+01  -7.00000e-03   8.00000e+02
          9442   8.02995e+02   9.44200e+03  -5.78520e+01  -7.00000e-03   8.00000e+02
          9443   8.02995e+02   9.44300e+03  -5.78474e+01  -7.00000e-03   8.00000e+02
          9444   8.02996e+02   9.44400e+03  -5.78448e+01  -7.00000e-03   8.00000e+02
          9445   8.02996e+02   9.44500e+03  -5.78413e+01  -7.00000e-03   8.00000e+02
          9446   8.02995e+02   9.44600e+03  -5.78397e+01  -7.00000e-03   8.00000e+02
          9447   8.03002e+02   9.44700e+03  -5.78386e+01  -7.00000e-03   8.00000e+02
          9448   8.02993e+02   9.44800e+03  -5.78433e+01  -7.00000e-03   8.00000e+02
          9449   8.02993e+02   9.44900e+03  -5.78442e+01  -7.00000e-03   8.00000e+02
          9450   8.02996e+02   9.45000e+03  -5.78439e+01  -7.00000e-03   8.00000e+02
          9451   8.03000e+02   9.45100e+03  -5.78423e+01  -7.00000e-03   8.00000e+02
          9452   8.02992e+02   9.45200e+03  -5.78406e+01  -7.00000e-03   8.00000e+02
          9453   8.02993e+02   9.45300e+03  -5.78390e+01  -7.00000e-03   8.00000e+02
          9454   8.02990e+02   9.45400e+03  -5.78381e+01  -7.00000e-03   8.00000e+02
          9455   8.02995e+02   9.45500e+03  -5.78377e+01  -7.00000e-03   8.00000e+02
          9456   8.02996e+02   9.45600e+03  -5.78379e+01  -7.00000e-03   8.00000e+02
          9457   8.02994e+02   9.45700e+03  -5.78380e+01  -7.00000e-03   8.00000e+02
          9458   8.02994e+02   9.45800e+03  -5.78371e+01  -7.00000e-03   8.00000e+02
          9459   8.02994e+02   9.45900e+03  -5.78349e+01  -7.00000e-03   8.00000e+02
          9460   8.03003e+02   9.46000e+03  -5.78281e+01  -7.00000e-03   8.00000e+02
          9461   8.02995e+02   9.46100e+03  -5.78253e+01  -7.00000e-03   8.00000e+02
          9462   8.02999e+02   9.46200e+03  -5.78225e+01  -7.00000e-03   8.00000e+02
          9463   8.02994e+02   9.46300e+03  -5.78189e+01  -7.00000e-03   8.00000e+02
          9464   8.02996e+02   9.46400e+03  -5.78175e+01  -7.00000e-03   8.00000e+02
          9465   8.03002e+02   9.46500e+03  -5.78175e+01  -7.00000e-03   8.00000e+02
          9466   8.03002e+02   9.46600e+03  -5.78162e+01  -7.00000e-03   8.00000e+02
          9467   8.02992e+02   9.46700e+03  -5.78118e+01  -7.00000e-03   8.00000e+02
          9468   8.02999e+02   9.46800e+03  -5.78079e+01  -7.00000e-03   8.00000e+02
          9469   8.02999e+02   9.46900e+03  -5.78102e+01  -7.00000e-03   8.00000e+02
          9470   8.03008e+02   9.47000e+03  -5.78140e+01  -7.00000e-03   8.00000e+02
          9471   8.03003e+02   9.47100e+03  -5.78171e+01  -7.00000e-03   8.00000e+02
          9472   8.03002e+02   9.47200e+03  -5.78221e+01  -7.00000e-03   8.00000e+02
          9473   8.02997e+02   9.47300e+03  -5.78235e+01  -7.00000e-03   8.00000e+02
          9474   8.02995e+02   9.47400e+03  -5.78230e+01  -7.00000e-03   8.00000e+02
          9475   8.03000e+02   9.47500e+03  -5.78228e+01  -7.00000e-03   8.00000e+02
          9476   8.03000e+02   9.47600e+03  -5.78246e+01  -7.00000e-03   8.00000e+02
          9477   8.03001e+02   9.47700e+03  -5.78221e+01  -7.02778e-03   8.00000e+02
          9478   8.02999e+02   9.47800e+03  -5.78166e+01  -7.11806e-03   8.00000e+02
          9479   8.02992e+02   9.47900e+03  -5.78090e+01  -7.22222e-03   8.00000e+02
          9480   8.02996e+02   9.48000e+03  -5.77959e+01  -7.36400e-03   8.00000e+02
          9481   8.02995e+02   9.48100e+03  -5.77841e+01  -7.48201e-03   8.00000e+02
          9482   8.02998e+02   9.48200e+03  -5.77729e+01  -7.59003e-03   8.00000e+02
          9483   8.03004e+02   9.48300e+03  -5.77620e+01  -7.69136e-03   8.00000e+02
          9484   8.03004e+02   9.48400e+03  -5.77442e+01  -7.78446e-03   8.00000e+02
          9485   8.03003e+02   9.48500e+03  -5.77338e+01  -7.85745e-03   8.00000e+02
          9486   8.03001e+02   9.48600e+03  -5.77251e+01  -7.91587e-03   8.00000e+02
          9487   8.03006e+02   9.48700e+03  -5.77171e+01  -7.96571e-03   8.00000e+02
          9488   8.03006e+02   9.48800e+03  -5.77060e+01  -7.95770e-03   8.00000e+02
          9489   8.03008e+02   9.48900e+03  -5.76993e+01  -7.97164e-03   8.00000e+02
          9490   8.03006e+02   9.49000e+03  -5.76964e+01  -7.98538e-03   8.00000e+02
          9491   8.03006e+02   9.49100e+03  -5.76956e+01  -7.99619e-03   8.00000e+02
          9492   8.03005e+02   9.49200e+03  -5.77052e+01  -7.99280e-03   8.00000e+02
          9493   8.03008e+02   9.49300e+03  -5.77069e+01  -7.99509e-03   8.00000e+02
          9494   8.03009e+02   9.49400e+03  -5.77080e+01  -7.99764e-03   8.00000e+02
          9495   8.03001e+02   9.49500e+03  -5.77104e+01  -7.99958e-03   8.00000e+02
          9496   8.03007e+02   9.49600e+03  -5.77219e+01  -7.99885e-03   8.00000e+02
          9497   8.03011e+02   9.49700e+03  -5.77280e+01  -7.99921e-03   8.00000e+02
          9498   8.03005e+02   9.49800e+03  -5.77329e+01  -7.99964e-03   8.00000e+02
          9499   8.02999e+02   9.49900e+03  -5.77379e+01  -7.99995e-03   8.00000e+02
          9500   8.03001e+02   9.50000e+03  -5.77448e+01  -7.99983e-03   8.00000e+02
          9501   8.03006e+02   9.50100e+03  -5.77492e+01  -7.99988e-03   8.00000e+02
          9502   8.02998e+02   9.50200e+03  -5.77535e+01  -7.99995e-03   8.00000e+02
          9503   8.03001e+02   9.50300e+03  -5.77573e+01  -8.00000e-03   8.00000e+02
          9504   8.02998e+02   9.50400e+03  -5.77611e+01  -7.99998e-03   8.00000e+02
          9505   8.02997e+02   9.50500e+03  -5.77635e+01  -7.99998e-03   8.00000e+02
          9506   8.02997e+02   9.50600e+03  -5.77639e+01  -7.99999e-03   8.00000e+02
          9507   8.02998e+02   9.50700e+03  -5.77622e+01  -8.00000e-03   8.00000e+02
          9508   8.02999e+02   9.50800e+03  -5.77569e+01  -8.00000e-03   8.00000e+02
          9509   8.03003e+02   9.50900e+03  -5.77553e+01  -8.00000e-03   8.00000e+02
          9510   8.03000e+02   9.51000e+03  -5.77551e+01  -8.00000e-03   8.00000e+02
          9511   8.02995e+02   9.51100e+03  -5.77549e+01  -8.00000e-03   8.00000e+02
          9512   8.02995e+02   9.51200e+03  -5.77488e+01  -8.00000e-03   8.00000e+02
          9513   8.02995e+02   9.51300e+03  -5.77454e+01  -8.00000e-03   8.00000e+02
          9514   8.03001e+02   9.51400e+03  -5.77416e+01  -8.00000e-03   8.00000e+02
          9515   8.02995e+02   9.51500e+03  -5.77370e+01  -8.00000e-03   8.00000e+02
          9516   8.02998e+02   9.51600e+03  -5.77310e+01  -8.00000e-03   8.00000e+02
          9517   8.02995e+02   9.51700e+03  -5.77268e+01  -8.00000e-03   8.00000e+02
          9518   8.02998e+02   9.51800e+03  -5.77228e+01  -8.00000e-03   8.00000e+02
          9519   8.02995e+02   9.51900e+03  -5.77189e+01  -8.00000e-03   8.00000e+02
          9520   8.03001e+02   9.52000e+03  -5.77138e+01  -8.00000e-03   8.00000e+02
          9521   8.02996e+02   9.52100e+03  -5.77082e+01  -8.00000e-03   8.00000e+02
          9522   8.03006e+02   9.52200e+03  -5.77026e+01  -8.00000e-03   8.00000e+02
          9523   8.02999e+02   9.52300e+03  -5.76974e+01  -8.00000e-03   8.00000e+02
          9524   8.03008e+02   9.52400e+03  -5.76894e+01  -8.00000e-03   8.00000e+02
          9525   8.03002e+02   9.52500e+03  -5.76846e+01  -8.00000e-03   8.00000e+02
          9526   8.03003e+02   9.52600e+03  -5.76802e+01  -8.00000e-03   8.00000e+02
          9527   8.03001e+02   9.52700e+03  -5.76741e+01  -8.00000e-03   8.00000e+02
          9528   8.02995e+02   9.52800e+03  -5.76690e+01  -8.00000e-03   8.00000e+02
          9529   8.03000e+02   9.52900e+03  -5.76629e+01  -8.00000e-03   8.00000e+02
          9530   8.03002e+02   9.53000e+03  -5.76563e+01  -8.00000e-03   8.00000e+02
          9531   8.02995e+02   9.53100e+03  -5.76523e+01  -8.00000e-03   8.00000e+02
          9532   8.02997e+02   9.53200e+03  -5.76491e+01  -8.00000e-03   8.00000e+02
          9533   8.02995e+02   9.53300e+03  -5.76455e+01  -8.00000e-03   8.00000e+02
          9534   8.02995e+02   9.53400e+03  -5.76425e+01  -8.00000e-03   8.00000e+02
          9535   8.03001e+02   9.53500e+03  -5.76387e+01  -8.00000e-03   8.00000e+02
          9536   8.03004e+02   9.53600e+03  -5.76366e+01  -8.00000e-03   8.00000e+02
          9537   8.03004e+02   9.53700e+03  -5.76336e+01  -8.00000e-03   8.00000e+02
          9538   8.02999e+02   9.53800e+03  -5.76327e+01  -8.00000e-03   8.00000e+02
          9539   8.03001e+02   9.53900e+03  -5.76328e+01  -8.00000e-03   8.00000e+02
          9540   8.02999e+02   9.54000e+03  -5.76375e+01  -8.00000e-03   8.00000e+02
          9541   8.03006e+02   9.54100e+03  -5.76393e+01  -8.00000e-03   8.00000e+02
          9542   8.03005e+02   9.54200e+03  -5.76403e+01  -8.00000e-03   8.00000e+02
          9543   8.03002e+02   9.54300e+03  -5.76404e+01  -8.00000e-03   8.00000e+02
          9544   8.03001e+02   9.54400e+03  -5.76394e+01  -8.00000e-03   8.00000e+02
          9545   8.02993e+02   9.54500e+03  -5.76370e+01  -8.00000e-03   8.00000e+02
          9546   8.02996e+02   9.54600e+03  -5.76337e+01  -8.00000e-03   8.00000e+02
          9547   8.02998e+02   9.54700e+03  -5.76307e+01  -8.00000e-03   8.00000e+02
          9548   8.02994e+02   9.54800e+03  -5.76272e+01  -8.00000e-03   8.00000e+02
          9549   8.02996e+02   9.54900e+03  -5.76226e+01  -8.00000e-03   8.00000e+02
          9550   8.02997e+02   9.55000e+03  -5.76171e+01  -8.00000e-03   8.00000e+02
          9551   8.03000e+02   9.55100e+03  -5.76107e+01  -8.00000e-03   8.00000e+02
          9552   8.02993e+02   9.55200e+03  -5.75952e+01  -8.00000e-03   8.00000e+02
          9553   8.02999e+02   9.55300e+03  -5.75817e+01  -8.00000e-03   8.00000e+02
          9554   8.02999e+02   9.55400e+03  -5.75685e+01  -8.00000e-03   8.00000e+02
          9555   8.03003e+02   9.55500e+03  -5.75572e+01  -8.00000e-03   8.00000e+02
          9556   8.03003e+02   9.55600e+03  -5.75432e+01  -8.00000e-03   8.00000e+02
          9557   8.03008e+02   9.55700e+03  -5.75344e+01  -8.00000e-03   8.00000e+02
          9558   8.03007e+02   9.55800e+03  -5.75274e+01  -8.00000e-03   8.00000e+02
          9559   8.03017e+02   9.55900e+03  -5.75206e+01  -8.00000e-03   8.00000e+02
          9560   8.03011e+02   9.56000e+03  -5.75113e+01  -8.00000e-03   8.00000e+02
          9561   8.03007e+02   9.56100e+03  -5.75035e+01  -8.00000e-03   8.00000e+02
          9562   8.03009e+02   9.56200e+03  -5.74968e+01  -8.00000e-03   8.00000e+02
          9563   8.03012e+02   9.56300e+03  -5.74924e+01  -8.00000e-03   8.00000e+02
          9564   8.03010e+02   9.56400e+03  -5.74996e+01  -8.00000e-03   8.00000e+02
          9565   8.03005e+02   9.56500e+03  -5.75035e+01  -8.00000e-03   8.00000e+02
          9566   8.03006e+02   9.56600e+03  -5.75073e+01  -8.00000e-03   8.00000e+02
          9567   8.03004e+02   9.56700e+03  -5.75123e+01  -8.00000e-03   8.00000e+02
          9568   8.03001e+02   9.56800e+03  -5.75255e+01  -8.00000e-03   8.00000e+02
          9569   8.03011e+02   9.56900e+03  -5.75337e+01  -8.00000e-03   8.00000e+02
          9570   8.03012e+02   9.57000e+03  -5.75418e+01  -8.00000e-03   8.00000e+02
          9571   8.03010e+02   9.57100e+03  -5.75512e+01  -8.00000e-03   8.00000e+02
          9572   8.03008e+02   9.57200e+03  -5.75665e+01  -8.00000e-03   8.00000e+02
          9573   8.03005e+02   9.57300e+03  -5.75738e+01  -8.00000e-03   8.00000e+02
          9574   8.03003e+02   9.57400e+03  -5.75753e+01  -8.00000e-03   8.00000e+02
          9575   8.03000e+02   9.57500e+03  -5.75731e+01  -8.00000e-03   8.00000e+02
          9576   8.03007e+02   9.57600e+03  -5.75714e+01  -8.00000e-03   8.00000e+02
          9577   8.02994e+02   9.57700e+03  -5.75767e+01  -8.00000e-03   8.00000e+02
          9578   8.03002e+02   9.57800e+03  -5.75931e+01  -8.00000e-03   8.00000e+02
          9579   8.03004e+02   9.57900e+03  -5.76018e+01  -8.00000e-03   8.00000e+02
          9580   8.03007e+02   9.58000e+03  -5.75593e+01  -8.00000e-03   8.00000e+02
          9581   8.03004e+02   9.58100e+03  -5.75394e+01  -8.00000e-03   8.00000e+02
          9582   8.03006e+02   9.58200e+03  -5.75320e+01  -8.00000e-03   8.00000e+02
          9583   8.03002e+02   9.58300e+03  -5.75288e+01  -8.00000e-03   8.00000e+02
          9584   8.03004e+02   9.58400e+03  -5.75119e+01  -8.00000e-03   8.00000e+02
          9585   8.03003e+02   9.58500e+03  -5.75047e+01  -8.00000e-03   8.00000e+02
          9586   8.03002e+02   9.58600e+03  -5.75017e+01  -8.00000e-03   8.00000e+02
          9587   8.03005e+02   9.58700e+03  -5.75000e+01  -8.00000e-03   8.00000e+02
          9588   8.03010e+02   9.58800e+03  -5.75090e+01  -8.00000e-03   8.00000e+02
          9589   8.03003e+02   9.58900e+03  -5.75069e+01  -8.00000e-03   8.00000e+02
          9590   8.02997e+02   9.59000e+03  -5.75020e+01  -8.00000e-03   8.00000e+02
          9591   8.03002e+02   9.59100e+03  -5.74976e+01  -8.00000e-03   8.00000e+02
          9592   8.02995e+02   9.59200e+03  -5.75020e+01  -8.00000e-03   8.00000e+02
          9593   8.03000e+02   9.59300e+03  -5.75012e+01  -8.00000e-03   8.00000e+02
          9594   8.02994e+02   9.59400e+03  -5.74992e+01  -8.00000e-03   8.00000e+02
          9595   8.02997e+02   9.59500e+03  -5.74962e+01  -8.00000e-03   8.00000e+02
          9596   8.02997e+02   9.59600e+03  -5.74934e+01  -8.00000e-03   8.00000e+02
          9597   8.02998e+02   9.59700e+03  -5.74916e+01  -8.00000e-03   8.00000e+02
          9598   8.03005e+02   9.59800e+03  -5.74897e+01  -8.00000e-03   8.00000e+02
          9599   8.03007e+02   9.59900e+03  -5.74880e+01  -8.00000e-03   8.00000e+02
          9600   8.03009e+02   9.60000e+03  -5.74824e+01  -8.00000e-03   8.00000e+02
          9601   8.03003e+02   9.60100e+03  -5.74800e+01  -8.00000e-03   8.00000e+02
          9602   8.03006e+02   9.60200e+03  -5.74773e+01  -8.00000e-03   8.00000e+02
          9603   8.03004e+02   9.60300e+03  -5.74754e+01  -8.00000e-03   8.00000e+02
          9604   8.03003e+02   9.60400e+03  -5.74758e+01  -8.00000e-03   8.00000e+02
          9605   8.02997e+02   9.60500e+03  -5.74736e+01  -8.00000e-03   8.00000e+02
          9606   8.03000e+02   9.60600e+03  -5.74706e+01  -8.00000e-03   8.00000e+02
          9607   8.02999e+02   9.60700e+03  -5.74668e+01  -8.00000e-03   8.00000e+02
          9608   8.02999e+02   9.60800e+03  -5.74643e+01  -8.00000e-03   8.00000e+02
          9609   8.03004e+02   9.60900e+03  -5.74616e+01  -8.00000e-03   8.00000e+02
          9610   8.03001e+02   9.61000e+03  -5.74583e+01  -8.00000e-03   8.00000e+02
          9611   8.03005e+02   9.61100e+03  -5.74544e+01  -8.00000e-03   8.00000e+02
          9612   8.02998e+02   9.61200e+03  -5.74484e+01  -8.00000e-03   8.00000e+02
          9613   8.02997e+02   9.61300e+03  -5.74442e+01  -8.00000e-03   8.00000e+02
          9614   8.03005e+02   9.61400e+03  -5.74397e+01  -8.00000e-03   8.00000e+02
          9615   8.03009e+02   9.61500e+03  -5.74330e+01  -8.00000e-03   8.00000e+02
          9616   8.03007e+02   9.61600e+03  -5.74229e+01  -8.00000e-03   8.00000e+02
          9617   8.03012e+02   9.61700e+03  -5.74141e+01  -8.00000e-03   8.00000e+02
          9618   8.03008e+02   9.61800e+03  -5.74052e+01  -8.00000e-03   8.00000e+02
          9619   8.03009e+02   9.61900e+03  -5.73956e+01  -8.00000e-03   8.00000e+02
          9620   8.03008e+02   9.62000e+03  -5.73869e+01  -8.00000e-03   8.00000e+02
          9621   8.03007e+02   9.62100e+03  -5.73795e+01  -8.00000e-03   8.00000e+02
          9622   8.03009e+02   9.62200e+03  -5.73728e+01  -8.00000e-03   8.00000e+02
          9623   8.03005e+02   9.62300e+03  -5.73667e+01  -8.00000e-03   8.00000e+02
          9624   8.03009e+02   9.62400e+03  -5.73571e+01  -8.00000e-03   8.00000e+02
          9625   8.03003e+02   9.62500e+03  -5.73501e+01  -8.00000e-03   8.00000e+02
          9626   8.03008e+02   9.62600e+03  -5.73438e+01  -8.00000e-03   8.00000e+02
          9627   8.03005e+02   9.62700e+03  -5.73385e+01  -8.00000e-03   8.00000e+02
          9628   8.03010e+02   9.62800e+03  -5.73403e+01  -8.00000e-03   8.00000e+02
          9629   8.03011e+02   9.62900e+03  -5.73386e+01  -8.00000e-03   8.00000e+02
          9630   8.03004e+02   9.63000e+03  -5.73369e+01  -8.00000e-03   8.00000e+02
          9631   8.03013e+02   9.63100e+03  -5.73342e+01  -8.00000e-03   8.00000e+02
          9632   8.03004e+02   9.63200e+03  -5.73388e+01  -8.00000e-03   8.00000e+02
          9633   8.03003e+02   9.63300e+03  -5.73413e+01  -8.00000e-03   8.00000e+02
          9634   8.03001e+02   9.63400e+03  -5.73433e+01  -8.00000e-03   8.00000e+02
          9635   8.03000e+02   9.63500e+03  -5.73465e+01  -8.00000e-03   8.00000e+02
          9636   8.03003e+02   9.63600e+03  -5.73542e+01  -8.00000e-03   8.00000e+02
          9637   8.03009e+02   9.63700e+03  -5.73609e+01  -8.00000e-03   8.00000e+02
          9638   8.03010e+02   9.63800e+03  -5.73692e+01  -8.00000e-03   8.00000e+02
          9639   8.03008e+02   9.63900e+03  -5.73787e+01  -8.00000e-03   8.00000e+02
          9640   8.03007e+02   9.64000e+03  -5.73931e+01  -8.00000e-03   8.00000e+02
          9641   8.03008e+02   9.64100e+03  -5.74045e+01  -8.00000e-03   8.00000e+02
          9642   8.03007e+02   9.64200e+03  -5.74146e+01  -8.00000e-03   8.00000e+02
          9643   8.03009e+02   9.64300e+03  -5.74244e+01  -8.00000e-03   8.00000e+02
          9644   8.03002e+02   9.64400e+03  -5.74413e+01  -8.00000e-03   8.00000e+02
          9645   8.02998e+02   9.64500e+03  -5.74523e+01  -8.00000e-03   8.00000e+02
          9646   8.02995e+02   9.64600e+03  -5.74613e+01  -8.00000e-03   8.00000e+02
          9647   8.02991e+02   9.64700e+03  -5.74694e+01  -8.00000e-03   8.00000e+02
          9648   8.03003e+02   9.64800e+03  -5.74740e+01  -8.00000e-03   8.00000e+02
          9649   8.02999e+02   9.64900e+03  -5.74777e+01  -8.00000e-03   8.00000e+02
          9650   8.03005e+02   9.65000e+03  -5.74803e+01  -8.00000e-03   8.00000e+02
          9651   8.02998e+02   9.65100e+03  -5.74812e+01  -8.00000e-03   8.00000e+02
          9652   8.02993e+02   9.65200e+03  -5.74662e+01  -8.00000e-03   8.00000e+02
          9653   8.02994e+02   9.65300e+03  -5.74561e+01  -8.00000e-03   8.00000e+02
          9654   8.02995e+02   9.65400e+03  -5.74454e+01  -8.00000e-03   8.00000e+02
          9655   8.02993e+02   9.65500e+03  -5.74338e+01  -8.00000e-03   8.00000e+02
          9656   8.02989e+02   9.65600e+03  -5.74144e+01  -8.00000e-03   8.00000e+02
          9657   8.02994e+02   9.65700e+03  -5.74033e+01  -8.00000e-03   8.00000e+02
          9658   8.02998e+02   9.65800e+03  -5.73944e+01  -8.00000e-03   8.00000e+02
          9659   8.02996e+02   9.65900e+03  -5.73859e+01  -8.00000e-03   8.00000e+02
          9660   8.02996e+02   9.66000e+03  -5.73671e+01  -8.00000e-03   8.00000e+02
          9661   8.03000e+02   9.66100e+03  -5.73553e+01  -8.00000e-03   8.00000e+02
          9662   8.02999e+02   9.66200e+03  -5.73459e+01  -8.00000e-03   8.00000e+02
          9663   8.03008e+02   9.66300e+03  -5.73370e+01  -8.00000e-03   8.00000e+02
          9664   8.03006e+02   9.66400e+03  -5.73334e+01  -8.00000e-03   8.00000e+02
          9665   8.03000e+02   9.66500e+03  -5.73255e+01  -8.00000e-03   8.00000e+02
          9666   8.03006e+02   9.66600e+03  -5.73160e+01  -8.00000e-03   8.00000e+02
          9667   8.02994e+02   9.66700e+03  -5.73053e+01  -8.00000e-03   8.00000e+02
          9668   8.02996e+02   9.66800e+03  -5.73010e+01  -8.00000e-03   8.00000e+02
          9669   8.02994e+02   9.66900e+03  -5.72934e+01  -8.00000e-03   8.00000e+02
          9670   8.02994e+02   9.67000e+03  -5.72852e+01  -8.00000e-03   8.00000e+02
          9671   8.03000e+02   9.67100e+03  -5.72782e+01  -8.00000e-03   8.00000e+02
          9672   8.03006e+02   9.67200e+03  -5.72699e+01  -8.00000e-03   8.00000e+02
          9673   8.03002e+02   9.67300e+03  -5.72641e+01  -8.00000e-03   8.00000e+02
          9674   8.03005e+02   9.67400e+03  -5.72595e+01  -8.00000e-03   8.00000e+02
          9675   8.03007e+02   9.67500e+03  -5.72547e+01  -8.00000e-03   8.00000e+02
          9676   8.03003e+02   9.67600e+03  -5.72499e+01  -8.00000e-03   8.00000e+02
          9677   8.03003e+02   9.67700e+03  -5.72443e+01  -8.00000e-03   8.00000e+02
          9678   8.03006e+02   9.67800e+03  -5.72394e+01  -8.00000e-03   8.00000e+02
          9679   8.03010e+02   9.67900e+03  -5.72352e+01  -8.00000e-03   8.00000e+02
          9680   8.02998e+02   9.68000e+03  -5.72378e+01  -8.00000e-03   8.00000e+02
          9681   8.02996e+02   9.68100e+03  -5.72362e+01  -8.00000e-03   8.00000e+02
          9682   8.02995e+02   9.68200e+03  -5.72328e+01  -8.00000e-03   8.00000e+02
          9683   8.03001e+02   9.68300e+03  -5.72282e+01  -8.00000e-03   8.00000e+02
          9684   8.03002e+02   9.68400e+03  -5.72246e+01  -8.00000e-03   8.00000e+02
          9685   8.03005e+02   9.68500e+03  -5.72239e+01  -8.00000e-03   8.00000e+02
          9686   8.03011e+02   9.68600e+03  -5.72232e+01  -8.00000e-03   8.00000e+02
          9687   8.03002e+02   9.68700e+03  -5.72216e+01  -8.00000e-03   8.00000e+02
          9688   8.03007e+02   9.68800e+03  -5.72194e+01  -8.00000e-03   8.00000e+02
          9689   8.03005e+02   9.68900e+03  -5.72149e+01  -8.00000e-03   8.00000e+02
          9690   8.03002e+02   9.69000e+03  -5.72124e+01  -8.00000e-03   8.00000e+02
          9691   8.03005e+02   9.69100e+03  -5.72114e+01  -8.00000e-03   8.00000e+02
          9692   8.03011e+02   9.69200e+03  -5.72096e+01  -8.00000e-03   8.00000e+02
          9693   8.03008e+02   9.69300e+03  -5.72105e+01  -8.00000e-03   8.00000e+02
          9694   8.03010e+02   9.69400e+03  -5.72119e+01  -8.00000e-03   8.00000e+02
          9695   8.03008e+02   9.69500e+03  -5.72127e+01  -8.00000e-03   8.00000e+02
          9696   8.03007e+02   9.69600e+03  -5.72133e+01  -8.00000e-03   8.00000e+02
          9697   8.03015e+02   9.69700e+03  -5.72147e+01  -8.00000e-03   8.00000e+02
          9698   8.03009e+02   9.69800e+03  -5.72164e+01  -8.00000e-03   8.00000e+02
          9699   8.03006e+02   9.69900e+03  -5.72203e+01  -8.00000e-03   8.00000e+02
          9700   8.03002e+02   9.70000e+03  -5.72298e+01  -8.00000e-03   8.00000e+02
          9701   8.03011e+02   9.70100e+03  -5.72346e+01  -8.00000e-03   8.00000e+02
          9702   8.03017e+02   9.70200e+03  -5.72388e+01  -8.00000e-03   8.00000e+02
          9703   8.03003e+02   9.70300e+03  -5.72422e+01  -8.00000e-03   8.00000e+02
          9704   8.03000e+02   9.70400e+03  -5.72420e+01  -8.00000e-03   8.00000e+02
          9705   8.03009e+02   9.70500e+03  -5.72439e+01  -8.00000e-03   8.00000e+02
          9706   8.03014e+02   9.70600e+03  -5.72444e+01  -8.00000e-03   8.00000e+02
          9707   8.03012e+02   9.70700e+03  -5.72435e+01  -8.00000e-03   8.00000e+02
          9708   8.03009e+02   9.70800e+03  -5.72422e+01  -8.00000e-03   8.00000e+02
          9709   8.02999e+02   9.70900e+03  -5.72426e+01  -8.00000e-03   8.00000e+02
          9710   8.03007e+02   9.71000e+03  -5.72424e+01  -8.00000e-03   8.00000e+02
          9711   8.03011e+02   9.71100e+03  -5.72409e+01  -8.00000e-03   8.00000e+02
          9712   8.03003e+02   9.71200e+03  -5.72340e+01  -8.00000e-03   8.00000e+02
          9713   8.03007e+02   9.71300e+03  -5.72288e+01  -8.00000e-03   8.00000e+02
          9714   8.03007e+02   9.71400e+03  -5.72244e+01  -8.00000e-03   8.00000e+02
          9715   8.03009e+02   9.71500e+03  -5.72212e+01  -8.00000e-03   8.00000e+02
          9716   8.03018e+02   9.71600e+03  -5.72138e+01  -8.00000e-03   8.00000e+02
          9717   8.03015e+02   9.71700e+03  -5.72083e+01  -8.00000e-03   8.00000e+02
          9718   8.03019e+02   9.71800e+03  -5.72050e+01  -8.00000e-03   8.00000e+02
          9719   8.03021e+02   9.71900e+03  -5.72038e+01  -8.00000e-03   8.00000e+02
          9720   8.03016e+02   9.72000e+03  -5.71997e+01  -8.00000e-03   8.00000e+02
          9721   8.03022e+02   9.72100e+03  -5.71952e+01  -8.00000e-03   8.00000e+02
          9722   8.03020e+02   9.72200e+03  -5.71909e+01  -8.00000e-03   8.00000e+02
          9723   8.03020e+02   9.72300e+03  -5.71866e+01  -8.00000e-03   8.00000e+02
          9724   8.03018e+02   9.72400e+03  -5.71845e+01  -8.00000e-03   8.00000e+02
          9725   8.03021e+02   9.72500e+03  -5.71810e+01  -8.00000e-03   8.00000e+02
          9726   8.03016e+02   9.72600e+03  -5.71761e+01  -8.00000e-03   8.00000e+02
          9727   8.03019e+02   9.72700e+03  -5.71701e+01  -8.00000e-03   8.00000e+02
          9728   8.03020e+02   9.72800e+03  -5.71676e+01  -8.00000e-03   8.00000e+02
          9729   8.03022e+02   9.72900e+03  -5.71659e+01  -8.00000e-03   8.00000e+02
          9730   8.03015e+02   9.73000e+03  -5.71637e+01  -8.00000e-03   8.00000e+02
          9731   8.03016e+02   9.73100e+03  -5.71625e+01  -8.00000e-03   8.00000e+02
          9732   8.03018e+02   9.73200e+03  -5.71616e+01  -8.00000e-03   8.00000e+02
          9733   8.03011e+02   9.73300e+03  -5.71636e+01  -8.00000e-03   8.00000e+02
          9734   8.03016e+02   9.73400e+03  -5.71661e+01  -8.00000e-03   8.00000e+02
          9735   8.03022e+02   9.73500e+03  -5.71688e+01  -8.00000e-03   8.00000e+02
          9736   8.03021e+02   9.73600e+03  -5.71769e+01  -8.00000e-03   8.00000e+02
          9737   8.03016e+02   9.73700e+03  -5.71816e+01  -8.00000e-03   8.00000e+02
          9738   8.03018e+02   9.73800e+03  -5.71848e+01  -8.00000e-03   8.00000e+02
          9739   8.03023e+02   9.73900e+03  -5.71870e+01  -8.00000e-03   8.00000e+02
          9740   8.03021e+02   9.74000e+03  -5.71984e+01  -8.00000e-03   8.00000e+02
          9741   8.03017e+02   9.74100e+03  -5.72014e+01  -8.00000e-03   8.00000e+02
          9742   8.03017e+02   9.74200e+03  -5.72022e+01  -8.00000e-03   8.00000e+02
          9743   8.03016e+02   9.74300e+03  -5.72016e+01  -8.00000e-03   8.00000e+02
          9744   8.03018e+02   9.74400e+03  -5.71983e+01  -8.00000e-03   8.00000e+02
          9745   8.03014e+02   9.74500e+03  -5.71972e+01  -8.00000e-03   8.00000e+02
          9746   8.03018e+02   9.74600e+03  -5.71953e+01  -8.00000e-03   8.00000e+02
          9747   8.03015e+02   9.74700e+03  -5.71930e+01  -8.00000e-03   8.00000e+02
          9748   8.03012e+02   9.74800e+03  -5.71840e+01  -8.00000e-03   8.00000e+02
          9749   8.03007e+02   9.74900e+03  -5.71817e+01  -8.00000e-03   8.00000e+02
          9750   8.03017e+02   9.75000e+03  -5.71815e+01  -8.00000e-03   8.00000e+02
          9751   8.03014e+02   9.75100e+03  -5.71810e+01  -8.00000e-03   8.00000e+02
          9752   8.03013e+02   9.75200e+03  -5.71800e+01  -8.00000e-03   8.00000e+02
          9753   8.03014e+02   9.75300e+03  -5.71809e+01  -8.00000e-03   8.00000e+02
          9754   8.03023e+02   9.75400e+03  -5.71835e+01  -8.00000e-03   8.00000e+02
          9755   8.03016e+02   9.75500e+03  -5.71860e+01  -8.00000e-03   8.00000e+02
          9756   8.03015e+02   9.75600e+03  -5.71930e+01  -8.00000e-03   8.00000e+02
          9757   8.03018e+02   9.75700e+03  -5.71979e+01  -8.00000e-03   8.00000e+02
          9758   8.03017e+02   9.75800e+03  -5.72022e+01  -8.00000e-03   8.00000e+02
          9759   8.03015e+02   9.75900e+03  -5.72054e+01  -8.00000e-03   8.00000e+02
          9760   8.03014e+02   9.76000e+03  -5.72103e+01  -8.00000e-03   8.00000e+02
          9761   8.03017e+02   9.76100e+03  -5.72118e+01  -8.00000e-03   8.00000e+02
          9762   8.03008e+02   9.76200e+03  -5.72112e+01  -8.00000e-03   8.00000e+02
          9763   8.03007e+02   9.76300e+03  -5.72096e+01  -8.00000e-03   8.00000e+02
          9764   8.03011e+02   9.76400e+03  -5.72052e+01  -8.00000e-03   8.00000e+02
          9765   8.03007e+02   9.76500e+03  -5.72008e+01  -8.00000e-03   8.00000e+02
          9766   8.03000e+02   9.76600e+03  -5.71960e+01  -8.00000e-03   8.00000e+02
          9767   8.03004e+02   9.76700e+03  -5.71919e+01  -8.00000e-03   8.00000e+02
          9768   8.03010e+02   9.76800e+03  -5.71796e+01  -8.00000e-03   8.00000e+02
          9769   8.03010e+02   9.76900e+03  -5.71734e+01  -8.00000e-03   8.00000e+02
          9770   8.03010e+02   9.77000e+03  -5.71685e+01  -8.00000e-03   8.00000e+02
          9771   8.03007e+02   9.77100e+03  -5.71645e+01  -8.00000e-03   8.00000e+02
          9772   8.03013e+02   9.77200e+03  -5.71548e+01  -8.00000e-03   8.00000e+02
          9773   8.03019e+02   9.77300e+03  -5.71493e+01  -8.00000e-03   8.00000e+02
          9774   8.03018e+02   9.77400e+03  -5.71448e+01  -8.00000e-03   8.00000e+02
          9775   8.03008e+02   9.77500e+03  -5.71408e+01  -8.00000e-03   8.00000e+02
          9776   8.03014e+02   9.77600e+03  -5.71404e+01  -8.00000e-03   8.00000e+02
          9777   8.03005e+02   9.77700e+03  -5.71380e+01  -8.00000e-03   8.00000e+02
          9778   8.03009e+02   9.77800e+03  -5.71363e+01  -8.00000e-03   8.00000e+02
          9779   8.03017e+02   9.77900e+03  -5.71349e+01  -8.00000e-03   8.00000e+02
          9780   8.03004e+02   9.78000e+03  -5.71378e+01  -8.00000e-03   8.00000e+02
          9781   8.03009e+02   9.78100e+03  -5.71403e+01  -8.00000e-03   8.00000e+02
          9782   8.03007e+02   9.78200e+03  -5.71428e+01  -8.00000e-03   8.00000e+02
          9783   8.03009e+02   9.78300e+03  -5.71456e+01  -8.00000e-03   8.00000e+02
          9784   8.03004e+02   9.78400e+03  -5.71520e+01  -8.00000e-03   8.00000e+02
          9785   8.03009e+02   9.78500e+03  -5.71533e+01  -8.00000e-03   8.00000e+02
          9786   8.03007e+02   9.78600e+03  -5.71519e+01  -8.00000e-03   8.00000e+02
          9787   8.03006e+02   9.78700e+03  -5.71507e+01  -8.00000e-03   8.00000e+02
          9788   8.03006e+02   9.78800e+03  -5.71519e+01  -8.00000e-03   8.00000e+02
          9789   8.03004e+02   9.78900e+03  -5.71514e+01  -8.00000e-03   8.00000e+02
          9790   8.03007e+02   9.79000e+03  -5.71517e+01  -8.00000e-03   8.00000e+02
          9791   8.03009e+02   9.79100e+03  -5.71529e+01  -8.00000e-03   8.00000e+02
          9792   8.03006e+02   9.79200e+03  -5.71510e+01  -8.00000e-03   8.00000e+02
          9793   8.03006e+02   9.79300e+03  -5.71519e+01  -8.00000e-03   8.00000e+02
          9794   8.03005e+02   9.79400e+03  -5.71512e+01  -8.00000e-03   8.00000e+02
          9795   8.03019e+02   9.79500e+03  -5.71488e+01  -8.00000e-03   8.00000e+02
          9796   8.03014e+02   9.79600e+03  -5.71443e+01  -8.00000e-03   8.00000e+02
          9797   8.03008e+02   9.79700e+03  -5.71416e+01  -8.00000e-03   8.00000e+02
          9798   8.03006e+02   9.79800e+03  -5.71383e+01  -8.00000e-03   8.00000e+02
          9799   8.03007e+02   9.79900e+03  -5.71340e+01  -8.00000e-03   8.00000e+02
          9800   8.03005e+02   9.80000e+03  -5.71363e+01  -8.00000e-03   8.00000e+02
          9801   8.03009e+02   9.80100e+03  -5.71351e+01  -8.00000e-03   8.00000e+02
          9802   8.03010e+02   9.80200e+03  -5.71325e+01  -8.00000e-03   8.00000e+02
          9803   8.03011e+02   9.80300e+03  -5.71279e+01  -8.00000e-03   8.00000e+02
          9804   8.03018e+02   9.80400e+03  -5.71151e+01  -8.00000e-03   8.00000e+02
          9805   8.03008e+02   9.80500e+03  -5.71078e+01  -8.00000e-03   8.00000e+02
          9806   8.03010e+02   9.80600e+03  -5.71026e+01  -8.00000e-03   8.00000e+02
          9807   8.03011e+02   9.80700e+03  -5.70983e+01  -8.00000e-03   8.00000e+02
          9808   8.03011e+02   9.80800e+03  -5.70948e+01  -8.00000e-03   8.00000e+02
          9809   8.03012e+02   9.80900e+03  -5.70928e+01  -8.00000e-03   8.00000e+02
          9810   8.03006e+02   9.81000e+03  -5.70923e+01  -8.00000e-03   8.00000e+02
          9811   8.03007e+02   9.81100e+03  -5.70930e+01  -8.00000e-03   8.00000e+02
          9812   8.03008e+02   9.81200e+03  -5.70920e+01  -8.00000e-03   8.00000e+02
          9813   8.03010e+02   9.81300e+03  -5.70906e+01  -8.00000e-03   8.00000e+02
          9814   8.03007e+02   9.81400e+03  -5.70907e+01  -8.00000e-03   8.00000e+02
          9815   8.03008e+02   9.81500e+03  -5.70928e+01  -8.00000e-03   8.00000e+02
          9816   8.03000e+02   9.81600e+03  -5.71010e+01  -8.00000e-03   8.00000e+02
          9817   8.02998e+02   9.81700e+03  -5.71036e+01  -8.00000e-03   8.00000e+02
          9818   8.03008e+02   9.81800e+03  -5.71062e+01  -8.00000e-03   8.00000e+02
          9819   8.03006e+02   9.81900e+03  -5.71088e+01  -8.00000e-03   8.00000e+02
          9820   8.03003e+02   9.82000e+03  -5.71093e+01  -8.00000e-03   8.00000e+02
          9821   8.03013e+02   9.82100e+03  -5.71046e+01  -8.00000e-03   8.00000e+02
          9822   8.03007e+02   9.82200e+03  -5.70984e+01  -8.00000e-03   8.00000e+02
          9823   8.03002e+02   9.82300e+03  -5.70929e+01  -8.00000e-03   8.00000e+02
          9824   8.03009e+02   9.82400e+03  -5.70826e+01  -8.00000e-03   8.00000e+02
          9825   8.03006e+02   9.82500e+03  -5.70760e+01  -8.00000e-03   8.00000e+02
          9826   8.03006e+02   9.82600e+03  -5.70714e+01  -8.00000e-03   8.00000e+02
          9827   8.02996e+02   9.82700e+03  -5.70681e+01  -8.00000e-03   8.00000e+02
          9828   8.03004e+02   9.82800e+03  -5.70545e+01  -8.00000e-03   8.00000e+02
          9829   8.03011e+02   9.82900e+03  -5.70478e+01  -8.00000e-03   8.00000e+02
          9830   8.03003e+02   9.83000e+03  -5.70432e+01  -8.00000e-03   8.00000e+02
          9831   8.03009e+02   9.83100e+03  -5.70391e+01  -8.00000e-03   8.00000e+02
          9832   8.03001e+02   9.83200e+03  -5.70357e+01  -8.00000e-03   8.00000e+02
          9833   8.03008e+02   9.83300e+03  -5.70304e+01  -8.00000e-03   8.00000e+02
          9834   8.03004e+02   9.83400e+03  -5.70241e+01  -8.00000e-03   8.00000e+02
          9835   8.03003e+02   9.83500e+03  -5.70159e+01  -8.00000e-03   8.00000e+02
          9836   8.03000e+02   9.83600e+03  -5.70133e+01  -8.00000e-03   8.00000e+02
          9837   8.03000e+02   9.83700e+03  -5.70084e+01  -8.00000e-03   8.00000e+02
          9838   8.03005e+02   9.83800e+03  -5.70040e+01  -8.00000e-03   8.00000e+02
          9839   8.02999e+02   9.83900e+03  -5.69998e+01  -8.00000e-03   8.00000e+02
          9840   8.02997e+02   9.84000e+03  -5.69909e+01  -8.00000e-03   8.00000e+02
          9841   8.03001e+02   9.84100e+03  -5.69861e+01  -8.00000e-03   8.00000e+02
          9842   8.03004e+02   9.84200e+03  -5.69815e+01  -8.00000e-03   8.00000e+02
          9843   8.03008e+02   9.84300e+03  -5.69743e+01  -8.00000e-03   8.00000e+02
          9844   8.03005e+02   9.84400e+03  -5.69652e+01  -8.00000e-03   8.00000e+02
          9845   8.03005e+02   9.84500e+03  -5.69623e+01  -8.00000e-03   8.00000e+02
          9846   8.03006e+02   9.84600e+03  -5.69622e+01  -8.00000e-03   8.00000e+02
          9847   8.03002e+02   9.84700e+03  -5.69632e+01  -8.00000e-03   8.00000e+02
          9848   8.03006e+02   9.84800e+03  -5.69699e+01  -8.00000e-03   8.00000e+02
          9849   8.03010e+02   9.84900e+03  -5.69720e+01  -8.00000e-03   8.00000e+02
          9850   8.03000e+02   9.85000e+03  -5.69744e+01  -8.00000e-03   8.00000e+02
          9851   8.03006e+02   9.85100e+03  -5.69766e+01  -8.00000e-03   8.00000e+02
          9852   8.03009e+02   9.85200e+03  -5.69789e+01  -8.00000e-03   8.00000e+02
          9853   8.03008e+02   9.85300e+03  -5.69832e+01  -8.00000e-03   8.00000e+02
          9854   8.03005e+02   9.85400e+03  -5.69884e+01  -8.00000e-03   8.00000e+02
          9855   8.02999e+02   9.85500e+03  -5.69949e+01  -8.00000e-03   8.00000e+02
          9856   8.02998e+02   9.85600e+03  -5.70085e+01  -8.00000e-03   8.00000e+02
          9857   8.03008e+02   9.85700e+03  -5.70176e+01  -8.00000e-03   8.00000e+02
          9858   8.03005e+02   9.85800e+03  -5.70257e+01  -8.00000e-03   8.00000e+02
          9859   8.03004e+02   9.85900e+03  -5.70327e+01  -8.00000e-03   8.00000e+02
          9860   8.03006e+02   9.86000e+03  -5.70362e+01  -8.11111e-03   8.00000e+02
          9861   8.03005e+02   9.86100e+03  -5.70384e+01  -8.22222e-03   8.00000e+02
          9862   8.02999e+02   9.86200e+03  -5.70406e+01  -8.33333e-03   8.00000e+02
          9863   8.02995e+02   9.86300e+03  -5.70435e+01  -8.44445e-03   8.00000e+02
          9864   8.03007e+02   9.86400e+03  -5.70441e+01  -8.64506e-03   8.00000e+02
          9865   8.03006e+02   9.86500e+03  -5.70430e+01  -8.76620e-03   8.00000e+02
          9866   8.03002e+02   9.86600e+03  -5.70398e+01  -8.85822e-03   8.00000e+02
          9867   8.03003e+02   9.86700e+03  -5.70370e+01  -8.93827e-03   8.00000e+02
          9868   8.02998e+02   9.86800e+03  -5.70265e+01  -8.92841e-03   8.00000e+02
          9869   8.03002e+02   9.86900e+03  -5.70219e+01  -8.95215e-03   8.00000e+02
          9870   8.03005e+02   9.87000e+03  -5.70191e+01  -8.97502e-03   8.00000e+02
          9871   8.03005e+02   9.87100e+03  -5.70164e+01  -8.99314e-03   8.00000e+02
          9872   8.02998e+02   9.87200e+03  -5.70105e+01  -8.98767e-03   8.00000e+02
          9873   8.03007e+02   9.87300e+03  -5.70069e+01  -8.99161e-03   8.00000e+02
          9874   8.03006e+02   9.87400e+03  -5.70040e+01  -8.99594e-03   8.00000e+02
          9875   8.03004e+02   9.87500e+03  -5.70013e+01  -8.99924e-03   8.00000e+02
          9876   8.02999e+02   9.87600e+03  -5.70016e+01  -8.99802e-03   8.00000e+02
          9877   8.03000e+02   9.87700e+03  -5.70003e+01  -8.99864e-03   8.00000e+02
          9878   8.02999e+02   9.87800e+03  -5.70004e+01  -8.99937e-03   8.00000e+02
          9879   8.03005e+02   9.87900e+03  -5.70008e+01  -8.99992e-03   8.00000e+02
          9880   8.03003e+02   9.88000e+03  -5.70026e+01  -8.99970e-03   8.00000e+02
          9881   8.03003e+02   9.88100e+03  -5.70011e+01  -8.99979e-03   8.00000e+02
          9882   8.03004e+02   9.88200e+03  -5.69994e+01  -8.99991e-03   8.00000e+02
          9883   8.03005e+02   9.88300e+03  -5.69977e+01  -8.99999e-03   8.00000e+02
          9884   8.03003e+02   9.88400e+03  -5.69951e+01  -8.99996e-03   8.00000e+02
          9885   8.03003e+02   9.88500e+03  -5.69891e+01  -8.99997e-03   8.00000e+02
          9886   8.02997e+02   9.88600e+03  -5.69817e+01  -8.99999e-03   8.00000e+02
          9887   8.02999e+02   9.88700e+03  -5.69746e+01  -9.00000e-03   8.00000e+02
          9888   8.03002e+02   9.88800e+03  -5.69640e+01  -8.99999e-03   8.00000e+02
          9889   8.03002e+02   9.88900e+03  -5.69534e+01  -9.00000e-03   8.00000e+02
          9890   8.03004e+02   9.89000e+03  -5.69438e+01  -9.00000e-03   8.00000e+02
          9891   8.03007e+02   9.89100e+03  -5.69339e+01  -9.00000e-03   8.00000e+02
          9892   8.03005e+02   9.89200e+03  -5.69178e+01  -9.00000e-03   8.00000e+02
          9893   8.03005e+02   9.89300e+03  -5.69082e+01  -9.00000e-03   8.00000e+02
          9894   8.03013e+02   9.89400e+03  -5.69009e+01  -9.00000e-03   8.00000e+02
          9895   8.03017e+02   9.89500e+03  -5.68958e+01  -9.00000e-03   8.00000e+02
          9896   8.03013e+02   9.89600e+03  -5.68960e+01  -9.00000e-03   8.00000e+02
          9897   8.03017e+02   9.89700e+03  -5.68961e+01  -9.00000e-03   8.00000e+02
          9898   8.03014e+02   9.89800e+03  -5.68965e+01  -9.00000e-03   8.00000e+02
          9899   8.03007e+02   9.89900e+03  -5.68958e+01  -9.00000e-03   8.00000e+02
          9900   8.03013e+02   9.90000e+03  -5.69047e+01  -9.00000e-03   8.00000e+02
          9901   8.03016e+02   9.90100e+03  -5.69066e+01  -9.00000e-03   8.00000e+02
          9902   8.03009e+02   9.90200e+03  -5.69073e+01  -9.00000e-03   8.00000e+02
          9903   8.03010e+02   9.90300e+03  -5.69083e+01  -9.00000e-03   8.00000e+02
          9904   8.03006e+02   9.90400e+03  -5.69191e+01  -9.00000e-03   8.00000e+02
          9905   8.03008e+02   9.90500e+03  -5.69215e+01  -9.00000e-03   8.00000e+02
          9906   8.03010e+02   9.90600e+03  -5.69222e+01  -9.00000e-03   8.00000e+02
          9907   8.03004e+02   9.90700e+03  -5.69216e+01  -9.00000e-03   8.00000e+02
          9908   8.03013e+02   9.90800e+03  -5.69137e+01  -9.00000e-03   8.00000e+02
          9909   8.03010e+02   9.90900e+03  -5.69115e+01  -9.00000e-03   8.00000e+02
          9910   8.03012e+02   9.91000e+03  -5.69093e+01  -9.00000e-03   8.00000e+02
          9911   8.03009e+02   9.91100e+03  -5.69081e+01  -9.00000e-03   8.00000e+02
          9912   8.03013e+02   9.91200e+03  -5.69062e+01  -9.00000e-03   8.00000e+02
          9913   8.03013e+02   9.91300e+03  -5.69058e+01  -9.00000e-03   8.00000e+02
          9914   8.03020e+02   9.91400e+03  -5.69062e+01  -9.00000e-03   8.00000e+02
          9915   8.03019e+02   9.91500e+03  -5.69060e+01  -9.00000e-03   8.00000e+02
          9916   8.03012e+02   9.91600e+03  -5.69050e+01  -9.00000e-03   8.00000e+02
          9917   8.03011e+02   9.91700e+03  -5.69053e+01  -9.00000e-03   8.00000e+02
          9918   8.03013e+02   9.91800e+03  -5.69049e+01  -9.00000e-03   8.00000e+02
          9919   8.03014e+02   9.91900e+03  -5.69045e+01  -9.00000e-03   8.00000e+02
          9920   8.03017e+02   9.92000e+03  -5.69071e+01  -9.00000e-03   8.00000e+02
          9921   8.03014e+02   9.92100e+03  -5.69067e+01  -9.00000e-03   8.00000e+02
          9922   8.03008e+02   9.92200e+03  -5.69064e+01  -9.00000e-03   8.00000e+02
          9923   8.03008e+02   9.92300e+03  -5.69076e+01  -9.00000e-03   8.00000e+02
          9924   8.03015e+02   9.92400e+03  -5.69078e+01  -9.00000e-03   8.00000e+02
          9925   8.03013e+02   9.92500e+03  -5.69081e+01  -9.00000e-03   8.00000e+02
          9926   8.03020e+02   9.92600e+03  -5.69080e+01  -9.00000e-03   8.00000e+02
          9927   8.03015e+02   9.92700e+03  -5.69058e+01  -9.00000e-03   8.00000e+02
          9928   8.03020e+02   9.92800e+03  -5.69038e+01  -9.00000e-03   8.00000e+02
          9929   8.03019e+02   9.92900e+03  -5.69009e+01  -9.00000e-03   8.00000e+02
          9930   8.03012e+02   9.93000e+03  -5.68963e+01  -9.00000e-03   8.00000e+02
          9931   8.03016e+02   9.93100e+03  -5.68916e+01  -9.00000e-03   8.00000e+02
          9932   8.03013e+02   9.93200e+03  -5.68921e+01  -9.00000e-03   8.00000e+02
          9933   8.03022e+02   9.93300e+03  -5.68920e+01  -9.00000e-03   8.00000e+02
          9934   8.03017e+02   9.93400e+03  -5.68914e+01  -9.00000e-03   8.00000e+02
          9935   8.03021e+02   9.93500e+03  -5.68882e+01  -9.00000e-03   8.00000e+02
          9936   8.03022e+02   9.93600e+03  -5.68771e+01  -9.00000e-03   8.00000e+02
          9937   8.03021e+02   9.93700e+03  -5.68717e+01  -9.00000e-03   8.00000e+02
          9938   8.03014e+02   9.93800e+03  -5.68682e+01  -9.00000e-03   8.00000e+02
          9939   8.03024e+02   9.93900e+03  -5.68638e+01  -9.00000e-03   8.00000e+02
          9940   8.03015e+02   9.94000e+03  -5.68664e+01  -9.00000e-03   8.00000e+02
          9941   8.03020e+02   9.94100e+03  -5.68676e+01  -9.00000e-03   8.00000e+02
          9942   8.03014e+02   9.94200e+03  -5.68684e+01  -9.00000e-03   8.00000e+02
          9943   8.03012e+02   9.94300e+03  -5.68696e+01  -9.00000e-03   8.00000e+02
          9944   8.03023e+02   9.94400e+03  -5.68702e+01  -9.00000e-03   8.00000e+02
          9945   8.03027e+02   9.94500e+03  -5.68709e+01  -9.00000e-03   8.00000e+02
          9946   8.03023e+02   9.94600e+03  -5.68714e+01  -9.00000e-03   8.00000e+02
          9947   8.03023e+02   9.94700e+03  -5.68729e+01  -9.00000e-03   8.00000e+02
          9948   8.03018e+02   9.94800e+03  -5.68772e+01  -9.00000e-03   8.00000e+02
          9949   8.03021e+02   9.94900e+03  -5.68769e+01  -9.00000e-03   8.00000e+02
          9950   8.03015e+02   9.95000e+03  -5.68760e+01  -9.00000e-03   8.00000e+02
          9951   8.03013e+02   9.95100e+03  -5.68749e+01  -9.00000e-03   8.00000e+02
          9952   8.03008e+02   9.95200e+03  -5.68748e+01  -9.00000e-03   8.00000e+02
          9953   8.03017e+02   9.95300e+03  -5.68718e+01  -9.00000e-03   8.00000e+02
          9954   8.03018e+02   9.95400e+03  -5.68667e+01  -9.00000e-03   8.00000e+02
          9955   8.03012e+02   9.95500e+03  -5.68617e+01  -9.00000e-03   8.00000e+02
          9956   8.03020e+02   9.95600e+03  -5.68514e+01  -9.00000e-03   8.00000e+02
          9957   8.03014e+02   9.95700e+03  -5.68460e+01  -9.00000e-03   8.00000e+02
          9958   8.03024e+02   9.95800e+03  -5.68435e+01  -9.00000e-03   8.00000e+02
          9959   8.03020e+02   9.95900e+03  -5.68429e+01  -9.00000e-03   8.00000e+02
          9960   8.03017e+02   9.96000e+03  -5.68390e+01  -9.00000e-03   8.00000e+02
          9961   8.03015e+02   9.96100e+03  -5.68355e+01  -9.00000e-03   8.00000e+02
          9962   8.03021e+02   9.96200e+03  -5.68323e+01  -9.00000e-03   8.00000e+02
          9963   8.03021e+02   9.96300e+03  -5.68292e+01  -9.00000e-03   8.00000e+02
          9964   8.03013e+02   9.96400e+03  -5.68276e+01  -9.00000e-03   8.00000e+02
          9965   8.03015e+02   9.96500e+03  -5.68265e+01  -9.00000e-03   8.00000e+02
          9966   8.03009e+02   9.96600e+03  -5.68274e+01  -9.00000e-03   8.00000e+02
          9967   8.03015e+02   9.96700e+03  -5.68305e+01  -9.00000e-03   8.00000e+02
          9968   8.03013e+02   9.96800e+03  -5.68384e+01  -9.00000e-03   8.00000e+02
          9969   8.03021e+02   9.96900e+03  -5.68421e+01  -9.00000e-03   8.00000e+02
          9970   8.03024e+02   9.97000e+03  -5.68449e+01  -9.00000e-03   8.00000e+02
          9971   8.03015e+02   9.97100e+03  -5.68481e+01  -9.00000e-03   8.00000e+02
          9972   8.03018e+02   9.97200e+03  -5.68513e+01  -9.00000e-03   8.00000e+02
          9973   8.03019e+02   9.97300e+03  -5.68531e+01  -9.00000e-03   8.00000e+02
          9974   8.03018e+02   9.97400e+03  -5.68535e+01  -9.00000e-03   8.00000e+02
          9975   8.03013e+02   9.97500e+03  -5.68537e+01  -9.00000e-03   8.00000e+02
          9976   8.03008e+02   9.97600e+03  -5.68572e+01  -9.00000e-03   8.00000e+02
          9977   8.03016e+02   9.97700e+03  -5.68578e+01  -9.00000e-03   8.00000e+02
          9978   8.03017e+02   9.97800e+03  -5.68558e+01  -9.00000e-03   8.00000e+02
          9979   8.03023e+02   9.97900e+03  -5.68521e+01  -9.00000e-03   8.00000e+02
          9980   8.03019e+02   9.98000e+03  -5.68444e+01  -9.00000e-03   8.00000e+02
          9981   8.03017e+02   9.98100e+03  -5.68422e+01  -9.00000e-03   8.00000e+02
          9982   8.03016e+02   9.98200e+03  -5.68422e+01  -9.00000e-03   8.00000e+02
          9983   8.03017e+02   9.98300e+03  -5.68436e+01  -9.00000e-03   8.00000e+02
          9984   8.03022e+02   9.98400e+03  -5.68386e+01  -9.00000e-03   8.00000e+02
          9985   8.03016e+02   9.98500e+03  -5.68347e+01  -9.00000e-03   8.00000e+02
          9986   8.03020e+02   9.98600e+03  -5.68320e+01  -9.00000e-03   8.00000e+02
          9987   8.03016e+02   9.98700e+03  -5.68284e+01  -9.00000e-03   8.00000e+02
          9988   8.03011e+02   9.98800e+03  -5.68309e+01  -9.00000e-03   8.00000e+02
          9989   8.03012e+02   9.98900e+03  -5.68325e+01  -9.00000e-03   8.00000e+02
          9990   8.03020e+02   9.99000e+03  -5.68335e+01  -9.00000e-03   8.00000e+02
          9991   8.03014e+02   9.99100e+03  -5.68355e+01  -9.00000e-03   8.00000e+02
          9992   8.03010e+02   9.99200e+03  -5.68375e+01  -9.00000e-03   8.00000e+02
          9993   8.03022e+02   9.99300e+03  -5.68358e+01  -9.00000e-03   8.00000e+02
          9994   8.03021e+02   9.99400e+03  -5.68325e+01  -9.00000e-03   8.00000e+02
          9995   8.03018e+02   9.99500e+03  -5.68282e+01  -9.00000e-03   8.00000e+02
          9996   8.03010e+02   9.99600e+03  -5.68237e+01  -9.00000e-03   8.00000e+02
          9997   8.03011e+02   9.99700e+03  -5.68216e+01  -9.00000e-03   8.00000e+02
          9998   8.03021e+02   9.99800e+03  -5.68221e+01  -9.00000e-03   8.00000e+02
          9999   8.03016e+02   9.99900e+03  -5.68228e+01  -9.00000e-03   8.00000e+02
         10000   8.03016e+02   1.00000e+04  -5.68213e+01  -9.00000e-03   8.00000e+02
         10001   8.03022e+02   1.00010e+04  -5.68212e+01  -9.00000e-03   8.00000e+02
         10002   8.03018e+02   1.00020e+04  -5.68211e+01  -9.00000e-03   8.00000e+02
         10003   8.03010e+02   1.00030e+04  -5.68201e+01  -9.00000e-03   8.00000e+02
         10004   8.03016e+02   1.00040e+04  -5.68175e+01  -9.00000e-03   8.00000e+02
         10005   8.03020e+02   1.00050e+04  -5.68170e+01  -9.00000e-03   8.00000e+02
         10006   8.03018e+02   1.00060e+04  -5.68169e+01  -9.00000e-03   8.00000e+02
         10007   8.03010e+02   1.00070e+04  -5.68169e+01  -9.00000e-03   8.00000e+02
         10008   8.03023e+02   1.00080e+04  -5.68219e+01  -9.00000e-03   8.00000e+02
         10009   8.03023e+02   1.00090e+04  -5.68218e+01  -9.00000e-03   8.00000e+02
         10010   8.03023e+02   1.00100e+04  -5.68222e+01  -9.00000e-03   8.00000e+02
         10011   8.03019e+02   1.00110e+04  -5.68219e+01  -9.00000e-03   8.00000e+02
         10012   8.03019e+02   1.00120e+04  -5.68175e+01  -9.00000e-03   8.00000e+02
         10013   8.03015e+02   1.00130e+04  -5.68166e+01  -9.00000e-03   8.00000e+02
         10014   8.03016e+02   1.00140e+04  -5.68148e+01  -9.00000e-03   8.00000e+02
         10015   8.03004e+02   1.00150e+04  -5.68135e+01  -9.00000e-03   8.00000e+02
         10016   8.03009e+02   1.00160e+04  -5.68121e+01  -9.00000e-03   8.00000e+02
         10017   8.03007e+02   1.00170e+04  -5.68109e+01  -9.00000e-03   8.00000e+02
         10018   8.03008e+02   1.00180e+04  -5.68092e+01  -9.00000e-03   8.00000e+02
         10019   8.03009e+02   1.00190e+04  -5.68077e+01  -9.00000e-03   8.00000e+02
         10020   8.03014e+02   1.00200e+04  -5.68066e+01  -9.00000e-03   8.00000e+02
         10021   8.03011e+02   1.00210e+04  -5.68051e+01  -9.00000e-03   8.00000e+02
         10022   8.03017e+02   1.00220e+04  -5.68057e+01  -9.00000e-03   8.00000e+02
         10023   8.03015e+02   1.00230e+04  -5.68068e+01  -9.00000e-03   8.00000e+02
         10024   8.03013e+02   1.00240e+04  -5.68047e+01  -9.00000e-03   8.00000e+02
         10025   8.03015e+02   1.00250e+04  -5.68048e+01  -9.00000e-03   8.00000e+02
         10026   8.03017e+02   1.00260e+04  -5.68042e+01  -9.00000e-03   8.00000e+02
         10027   8.03020e+02   1.00270e+04  -5.68022e+01  -9.00000e-03   8.00000e+02
         10028   8.03019e+02   1.00280e+04  -5.67973e+01  -9.00000e-03   8.00000e+02
         10029   8.03013e+02   1.00290e+04  -5.67906e+01  -9.00000e-03   8.00000e+02
         10030   8.03016e+02   1.00300e+04  -5.67843e+01  -9.00000e-03   8.00000e+02
         10031   8.03018e+02   1.00310e+04  -5.67793e+01  -9.00000e-03   8.00000e+02
         10032   8.03023e+02   1.00320e+04  -5.67712e+01  -9.00000e-03   8.00000e+02
         10033   8.03015e+02   1.00330e+04  -5.67653e+01  -9.00000e-03   8.00000e+02
         10034   8.03020e+02   1.00340e+04  -5.67609e+01  -9.00000e-03   8.00000e+02
         10035   8.03012e+02   1.00350e+04  -5.67576e+01  -9.00000e-03   8.00000e+02
         10036   8.03026e+02   1.00360e+04  -5.67448e+01  -9.00000e-03   8.00000e+02
         10037   8.03024e+02   1.00370e+04  -5.67379e+01  -9.00000e-03   8.00000e+02
         10038   8.03020e+02   1.00380e+04  -5.67329e+01  -9.00000e-03   8.00000e+02
         10039   8.03014e+02   1.00390e+04  -5.67277e+01  -9.00000e-03   8.00000e+02
         10040   8.03018e+02   1.00400e+04  -5.67303e+01  -9.00000e-03   8.00000e+02
         10041   8.03023e+02   1.00410e+04  -5.67284e+01  -9.00000e-03   8.00000e+02
         10042   8.03024e+02   1.00420e+04  -5.67258e+01  -9.00000e-03   8.00000e+02
         10043   8.03019e+02   1.00430e+04  -5.67232e+01  -9.00000e-03   8.00000e+02
         10044   8.03011e+02   1.00440e+04  -5.67290e+01  -9.00000e-03   8.00000e+02
         10045   8.03026e+02   1.00450e+04  -5.67312e+01  -9.00000e-03   8.00000e+02
         10046   8.03017e+02   1.00460e+04  -5.67320e+01  -9.00000e-03   8.00000e+02
         10047   8.03024e+02   1.00470e+04  -5.67331e+01  -9.00000e-03   8.00000e+02
         10048   8.03020e+02   1.00480e+04  -5.67362e+01  -9.00000e-03   8.00000e+02
         10049   8.03024e+02   1.00490e+04  -5.67380e+01  -9.00000e-03   8.00000e+02
         10050   8.03019e+02   1.00500e+04  -5.67389e+01  -9.00000e-03   8.00000e+02
         10051   8.03020e+02   1.00510e+04  -5.67402e+01  -9.00000e-03   8.00000e+02
         10052   8.03011e+02   1.00520e+04  -5.67473e+01  -9.00000e-03   8.00000e+02
         10053   8.03007e+02   1.00530e+04  -5.67495e+01  -9.00000e-03   8.00000e+02
         10054   8.03013e+02   1.00540e+04  -5.67490e+01  -9.00000e-03   8.00000e+02
         10055   8.03018e+02   1.00550e+04  -5.67482e+01  -9.00000e-03   8.00000e+02
         10056   8.03017e+02   1.00560e+04  -5.67459e+01  -9.00000e-03   8.00000e+02
         10057   8.03010e+02   1.00570e+04  -5.67443e+01  -9.00000e-03   8.00000e+02
         10058   8.03019e+02   1.00580e+04  -5.67439e+01  -9.00000e-03   8.00000e+02
         10059   8.03016e+02   1.00590e+04  -5.67443e+01  -9.00000e-03   8.00000e+02
         10060   8.03018e+02   1.00600e+04  -5.67387e+01  -9.00000e-03   8.00000e+02
         10061   8.03012e+02   1.00610e+04  -5.67345e+01  -9.00000e-03   8.00000e+02
         10062   8.03016e+02   1.00620e+04  -5.67291e+01  -9.00000e-03   8.00000e+02
         10063   8.03019e+02   1.00630e+04  -5.67216e+01  -9.00000e-03   8.00000e+02
         10064   8.03017e+02   1.00640e+04  -5.67137e+01  -9.00000e-03   8.00000e+02
         10065   8.03021e+02   1.00650e+04  -5.67089e+01  -9.00000e-03   8.00000e+02
         10066   8.03024e+02   1.00660e+04  -5.67038e+01  -9.00000e-03   8.00000e+02
         10067   8.03017e+02   1.00670e+04  -5.66992e+01  -9.00000e-03   8.00000e+02
         10068   8.03022e+02   1.00680e+04  -5.66921e+01  -9.00000e-03   8.00000e+02
         10069   8.03016e+02   1.00690e+04  -5.66877e+01  -9.00000e-03   8.00000e+02
         10070   8.03018e+02   1.00700e+04  -5.66853e+01  -9.00000e-03   8.00000e+02
         10071   8.03024e+02   1.00710e+04  -5.66838e+01  -9.00000e-03   8.00000e+02
         10072   8.03018e+02   1.00720e+04  -5.66833e+01  -9.00000e-03   8.00000e+02
         10073   8.03017e+02   1.00730e+04  -5.66840e+01  -9.00000e-03   8.00000e+02
         10074   8.03016e+02   1.00740e+04  -5.66855e+01  -9.00000e-03   8.00000e+02
         10075   8.03018e+02   1.00750e+04  -5.66865e+01  -9.00000e-03   8.00000e+02
         10076   8.03015e+02   1.00760e+04  -5.66945e+01  -9.00000e-03   8.00000e+02
         10077   8.03014e+02   1.00770e+04  -5.66959e+01  -9.00000e-03   8.00000e+02
         10078   8.03016e+02   1.00780e+04  -5.66972e+01  -9.00000e-03   8.00000e+02
         10079   8.03019e+02   1.00790e+04  -5.66994e+01  -9.00000e-03   8.00000e+02
         10080   8.03012e+02   1.00800e+04  -5.67065e+01  -9.00000e-03   8.00000e+02
         10081   8.03013e+02   1.00810e+04  -5.67110e+01  -9.00000e-03   8.00000e+02
         10082   8.03028e+02   1.00820e+04  -5.67154e+01  -9.00000e-03   8.00000e+02
         10083   8.03022e+02   1.00830e+04  -5.67195e+01  -9.00000e-03   8.00000e+02
         10084   8.03019e+02   1.00840e+04  -5.67220e+01  -9.00000e-03   8.00000e+02
         10085   8.03018e+02   1.00850e+04  -5.67240e+01  -9.00000e-03   8.00000e+02
         10086   8.03016e+02   1.00860e+04  -5.67253e+01  -9.00000e-03   8.00000e+02
         10087   8.03017e+02   1.00870e+04  -5.67271e+01  -9.00000e-03   8.00000e+02
         10088   8.03022e+02   1.00880e+04  -5.67308e+01  -9.00000e-03   8.00000e+02
         10089   8.03019e+02   1.00890e+04  -5.67326e+01  -9.00000e-03   8.00000e+02
         10090   8.03013e+02   1.00900e+04  -5.67338e+01  -9.00000e-03   8.00000e+02
         10091   8.03015e+02   1.00910e+04  -5.67351e+01  -9.00000e-03   8.00000e+02
         10092   8.03012e+02   1.00920e+04  -5.67361e+01  -9.00000e-03   8.00000e+02
         10093   8.03015e+02   1.00930e+04  -5.67380e+01  -9.00000e-03   8.00000e+02
         10094   8.03020e+02   1.00940e+04  -5.67391e+01  -9.00000e-03   8.00000e+02
         10095   8.03020e+02   1.00950e+04  -5.67391e+01  -9.00000e-03   8.00000e+02
         10096   8.03013e+02   1.00960e+04  -5.67384e+01  -9.00000e-03   8.00000e+02
         10097   8.03012e+02   1.00970e+04  -5.67398e+01  -9.00000e-03   8.00000e+02
         10098   8.03012e+02   1.00980e+04  -5.67413e+01  -9.00000e-03   8.00000e+02
         10099   8.03020e+02   1.00990e+04  -5.67436e+01  -9.00000e-03   8.00000e+02
         10100   8.03008e+02   1.01000e+04  -5.67462e+01  -9.00000e-03   8.00000e+02
         10101   8.03006e+02   1.01010e+04  -5.67460e+01  -9.00000e-03   8.00000e+02
         10102   8.03012e+02   1.01020e+04  -5.67432e+01  -9.00000e-03   8.00000e+02
         10103   8.03015e+02   1.01030e+04  -5.67394e+01  -9.00000e-03   8.00000e+02
         10104   8.03013e+02   1.01040e+04  -5.67312e+01  -9.00000e-03   8.00000e+02
         10105   8.03015e+02   1.01050e+04  -5.67249e+01  -9.00000e-03   8.00000e+02
         10106   8.03009e+02   1.01060e+04  -5.67197e+01  -9.00000e-03   8.00000e+02
         10107   8.03008e+02   1.01070e+04  -5.67156e+01  -9.00000e-03   8.00000e+02
         10108   8.03011e+02   1.01080e+04  -5.67117e+01  -9.00000e-03   8.00000e+02
         10109   8.03012e+02   1.01090e+04  -5.67101e+01  -9.00000e-03   8.00000e+02
         10110   8.03011e+02   1.01100e+04  -5.67080e+01  -9.00000e-03   8.00000e+02
         10111   8.03015e+02   1.01110e+04  -5.67068e+01  -9.00000e-03   8.00000e+02
         10112   8.03012e+02   1.01120e+04  -5.67044e+01  -9.00000e-03   8.00000e+02
         10113   8.03019e+02   1.01130e+04  -5.67037e+01  -9.00000e-03   8.00000e+02
         10114   8.03017e+02   1.01140e+04  -5.67025e+01  -9.00000e-03   8.00000e+02
         10115   8.03020e+02   1.01150e+04  -5.67021e+01  -9.00000e-03   8.00000e+02
         10116   8.03006e+02   1.01160e+04  -5.67151e+01  -9.00000e-03   8.00000e+02
         10117   8.03008e+02   1.01170e+04  -5.67196e+01  -9.00000e-03   8.00000e+02
         10118   8.03008e+02   1.01180e+04  -5.67216e+01  -9.00000e-03   8.00000e+02
         10119   8.03016e+02   1.01190e+04  -5.67226e+01  -9.00000e-03   8.00000e+02
         10120   8.03009e+02   1.01200e+04  -5.67240e+01  -9.00000e-03   8.00000e+02
         10121   8.03016e+02   1.01210e+04  -5.67232e+01  -9.00000e-03   8.00000e+02
         10122   8.03011e+02   1.01220e+04  -5.67213e+01  -9.00000e-03   8.00000e+02
         10123   8.03010e+02   1.01230e+04  -5.67191e+01  -9.00000e-03   8.00000e+02
         10124   8.03005e+02   1.01240e+04  -5.67152e+01  -9.00000e-03   8.00000e+02
         10125   8.03004e+02   1.01250e+04  -5.67130e+01  -9.00000e-03   8.00000e+02
         10126   8.03007e+02   1.01260e+04  -5.67100e+01  -9.00000e-03   8.00000e+02
         10127   8.03014e+02   1.01270e+04  -5.67050e+01  -9.00000e-03   8.00000e+02
         10128   8.03012e+02   1.01280e+04  -5.66923e+01  -9.00000e-03   8.00000e+02
         10129   8.03012e+02   1.01290e+04  -5.66835e+01  -9.00000e-03   8.00000e+02
         10130   8.03010e+02   1.01300e+04  -5.66743e+01  -9.00000e-03   8.00000e+02
         10131   8.03006e+02   1.01310e+04  -5.66646e+01  -9.00000e-03   8.00000e+02
         10132   8.03008e+02   1.01320e+04  -5.66549e+01  -9.00000e-03   8.00000e+02
         10133   8.03016e+02   1.01330e+04  -5.66482e+01  -9.00000e-03   8.00000e+02
         10134   8.03015e+02   1.01340e+04  -5.66434e+01  -9.00000e-03   8.00000e+02
         10135   8.03015e+02   1.01350e+04  -5.66398e+01  -9.00000e-03   8.00000e+02
         10136   8.03015e+02   1.01360e+04  -5.66309e+01  -9.00000e-03   8.00000e+02
         10137   8.03015e+02   1.01370e+04  -5.66254e+01  -9.00000e-03   8.00000e+02
         10138   8.03010e+02   1.01380e+04  -5.66224e+01  -9.00000e-03   8.00000e+02
         10139   8.03010e+02   1.01390e+04  -5.66213e+01  -9.00000e-03   8.00000e+02
         10140   8.03005e+02   1.01400e+04  -5.66265e+01  -9.00000e-03   8.00000e+02
         10141   8.03007e+02   1.01410e+04  -5.66259e+01  -9.00000e-03   8.00000e+02
         10142   8.03005e+02   1.01420e+04  -5.66247e+01  -9.00000e-03   8.00000e+02
         10143   8.03012e+02   1.01430e+04  -5.66238e+01  -9.00000e-03   8.00000e+02
         10144   8.03001e+02   1.01440e+04  -5.66271e+01  -9.00000e-03   8.00000e+02
         10145   8.03013e+02   1.01450e+04  -5.66256e+01  -9.00000e-03   8.00000e+02
         10146   8.03005e+02   1.01460e+04  -5.66251e+01  -9.00000e-03   8.00000e+02
         10147   8.03010e+02   1.01470e+04  -5.66244e+01  -9.00000e-03   8.00000e+02
         10148   8.03009e+02   1.01480e+04  -5.66237e+01  -9.00000e-03   8.00000e+02
         10149   8.03010e+02   1.01490e+04  -5.66231e+01  -9.00000e-03   8.00000e+02
         10150   8.03010e+02   1.01500e+04  -5.66232e+01  -9.00000e-03   8.00000e+02
         10151   8.03013e+02   1.01510e+04  -5.66222e+01  -9.00000e-03   8.00000e+02
         10152   8.03005e+02   1.01520e+04  -5.66163e+01  -9.00000e-03   8.00000e+02
         10153   8.03000e+02   1.01530e+04  -5.66132e+01  -9.00000e-03   8.00000e+02
         10154   8.03008e+02   1.01540e+04  -5.66098e+01  -9.00000e-03   8.00000e+02
         10155   8.03009e+02   1.01550e+04  -5.66070e+01  -9.00000e-03   8.00000e+02
         10156   8.03003e+02   1.01560e+04  -5.66065e+01  -9.00000e-03   8.00000e+02
         10157   8.03003e+02   1.01570e+04  -5.66041e+01  -9.00000e-03   8.00000e+02
         10158   8.03003e+02   1.01580e+04  -5.66020e+01  -9.00000e-03   8.00000e+02
         10159   8.03005e+02   1.01590e+04  -5.66004e+01  -9.00000e-03   8.00000e+02
         10160   8.03002e+02   1.01600e+04  -5.65954e+01  -9.00000e-03   8.00000e+02
         10161   8.03006e+02   1.01610e+04  -5.65926e+01  -9.00000e-03   8.00000e+02
         10162   8.03011e+02   1.01620e+04  -5.65907e+01  -9.00000e-03   8.00000e+02
         10163   8.03007e+02   1.01630e+04  -5.65876e+01  -9.00000e-03   8.00000e+02
         10164   8.03008e+02   1.01640e+04  -5.65801e+01  -9.00000e-03   8.00000e+02
         10165   8.03005e+02   1.01650e+04  -5.65736e+01  -9.00000e-03   8.00000e+02
         10166   8.03000e+02   1.01660e+04  -5.65675e+01  -9.00000e-03   8.00000e+02
         10167   8.03012e+02   1.01670e+04  -5.65608e+01  -9.00000e-03   8.00000e+02
         10168   8.03003e+02   1.01680e+04  -5.65565e+01  -9.00000e-03   8.00000e+02
         10169   8.02994e+02   1.01690e+04  -5.65534e+01  -9.00000e-03   8.00000e+02
         10170   8.03005e+02   1.01700e+04  -5.65501e+01  -9.00000e-03   8.00000e+02
         10171   8.03001e+02   1.01710e+04  -5.65472e+01  -9.00000e-03   8.00000e+02
         10172   8.03005e+02   1.01720e+04  -5.65395e+01  -9.00000e-03   8.00000e+02
         10173   8.03001e+02   1.01730e+04  -5.65354e+01  -9.00000e-03   8.00000e+02
         10174   8.03005e+02   1.01740e+04  -5.65325e+01  -9.00000e-03   8.00000e+02
         10175   8.03008e+02   1.01750e+04  -5.65311e+01  -9.00000e-03   8.00000e+02
         10176   8.03000e+02   1.01760e+04  -5.65349e+01  -9.00000e-03   8.00000e+02
         10177   8.03000e+02   1.01770e+04  -5.65344e+01  -9.00000e-03   8.00000e+02
         10178   8.02996e+02   1.01780e+04  -5.65334e+01  -9.00000e-03   8.00000e+02
         10179   8.02997e+02   1.01790e+04  -5.65331e+01  -9.00000e-03   8.00000e+02
         10180   8.03000e+02   1.01800e+04  -5.65353e+01  -9.00000e-03   8.00000e+02
         10181   8.02993e+02   1.01810e+04  -5.65356e+01  -9.00000e-03   8.00000e+02
         10182   8.02996e+02   1.01820e+04  -5.65360e+01  -9.00000e-03   8.00000e+02
         10183   8.03000e+02   1.01830e+04  -5.65356e+01  -9.00000e-03   8.00000e+02
         10184   8.02995e+02   1.01840e+04  -5.65360e+01  -9.00000e-03   8.00000e+02
         10185   8.02993e+02   1.01850e+04  -5.65362e+01  -9.00000e-03   8.00000e+02
         10186   8.02998e+02   1.01860e+04  -5.65377e+01  -9.00000e-03   8.00000e+02
         10187   8.02993e+02   1.01870e+04  -5.65393e+01  -9.00000e-03   8.00000e+02
         10188   8.03000e+02   1.01880e+04  -5.65421e+01  -9.00000e-03   8.00000e+02
         10189   8.03001e+02   1.01890e+04  -5.65440e+01  -9.00000e-03   8.00000e+02
         10190   8.03001e+02   1.01900e+04  -5.65458e+01  -9.00000e-03   8.00000e+02
         10191   8.03005e+02   1.01910e+04  -5.65468e+01  -9.00000e-03   8.00000e+02
         10192   8.02999e+02   1.01920e+04  -5.65476e+01  -9.00000e-03   8.00000e+02
         10193   8.03001e+02   1.01930e+04  -5.65483e+01  -9.00000e-03   8.00000e+02
         10194   8.02998e+02   1.01940e+04  -5.65490e+01  -9.00000e-03   8.00000e+02
         10195   8.02990e+02   1.01950e+04  -5.65497e+01  -9.00000e-03   8.00000e+02
         10196   8.02997e+02   1.01960e+04  -5.65503e+01  -9.00000e-03   8.00000e+02
         10197   8.02995e+02   1.01970e+04  -5.65507e+01  -9.00000e-03   8.00000e+02
         10198   8.02989e+02   1.01980e+04  -5.65504e+01  -9.00000e-03   8.00000e+02
         10199   8.02993e+02   1.01990e+04  -5.65502e+01  -9.00000e-03   8.00000e+02
         10200   8.02996e+02   1.02000e+04  -5.65509e+01  -9.00000e-03   8.00000e+02
Sigma EC_O2, 30.06.2026 16:35:47
